solid ASCII
  facet normal 9.932384e-01 -0.000000e+00 1.160929e-01
    outer loop
      vertex   1.624582e+01 1.211445e+01 -5.249205e+01
      vertex   1.624582e+01 1.588545e+01 -5.249205e+01
      vertex   1.620000e+01 1.211445e+01 -5.210000e+01
    endloop
  endfacet
  facet normal 9.932384e-01 -0.000000e+00 1.160929e-01
    outer loop
      vertex   1.620000e+01 1.211445e+01 -5.210000e+01
      vertex   1.624582e+01 1.588545e+01 -5.249205e+01
      vertex   1.620000e+01 1.588545e+01 -5.210000e+01
    endloop
  endfacet
  facet normal 9.932384e-01 0.000000e+00 -1.160929e-01
    outer loop
      vertex   1.620000e+01 1.211445e+01 -5.210000e+01
      vertex   1.620000e+01 1.588545e+01 -5.210000e+01
      vertex   1.624582e+01 1.211445e+01 -5.170795e+01
    endloop
  endfacet
  facet normal 9.932384e-01 0.000000e+00 -1.160929e-01
    outer loop
      vertex   1.624582e+01 1.211445e+01 -5.170795e+01
      vertex   1.620000e+01 1.588545e+01 -5.210000e+01
      vertex   1.624582e+01 1.588545e+01 -5.170795e+01
    endloop
  endfacet
  facet normal 9.396926e-01 0.000000e+00 -3.420201e-01
    outer loop
      vertex   1.624582e+01 1.211445e+01 -5.170795e+01
      vertex   1.624582e+01 1.588545e+01 -5.170795e+01
      vertex   1.638082e+01 1.588545e+01 -5.133704e+01
    endloop
  endfacet
  facet normal 9.396926e-01 -0.000000e+00 3.420201e-01
    outer loop
      vertex   1.624582e+01 1.211445e+01 -5.249205e+01
      vertex   1.638082e+01 1.211445e+01 -5.286296e+01
      vertex   1.624582e+01 1.588545e+01 -5.249205e+01
    endloop
  endfacet
  facet normal 9.396926e-01 0.000000e+00 3.420201e-01
    outer loop
      vertex   1.624582e+01 1.588545e+01 -5.249205e+01
      vertex   1.638082e+01 1.211445e+01 -5.286296e+01
      vertex   1.638082e+01 1.588545e+01 -5.286296e+01
    endloop
  endfacet
  facet normal 8.354878e-01 0.000000e+00 5.495090e-01
    outer loop
      vertex   1.638082e+01 1.588545e+01 -5.286296e+01
      vertex   1.638082e+01 1.211445e+01 -5.286296e+01
      vertex   1.659772e+01 1.211445e+01 -5.319274e+01
    endloop
  endfacet
  facet normal 8.354878e-01 0.000000e+00 5.495090e-01
    outer loop
      vertex   1.638082e+01 1.588545e+01 -5.286296e+01
      vertex   1.659772e+01 1.211445e+01 -5.319274e+01
      vertex   1.659772e+01 1.588545e+01 -5.319274e+01
    endloop
  endfacet
  facet normal 6.862416e-01 0.000000e+00 7.273736e-01
    outer loop
      vertex   1.659772e+01 1.588545e+01 -5.319274e+01
      vertex   1.659772e+01 1.211445e+01 -5.319274e+01
      vertex   1.688483e+01 1.211445e+01 -5.346361e+01
    endloop
  endfacet
  facet normal 6.862416e-01 0.000000e+00 7.273736e-01
    outer loop
      vertex   1.659772e+01 1.588545e+01 -5.319274e+01
      vertex   1.688483e+01 1.211445e+01 -5.346361e+01
      vertex   1.688483e+01 1.588545e+01 -5.346361e+01
    endloop
  endfacet
  facet normal 5.000000e-01 0.000000e+00 8.660254e-01
    outer loop
      vertex   1.688483e+01 1.588545e+01 -5.346361e+01
      vertex   1.688483e+01 1.211445e+01 -5.346361e+01
      vertex   1.722666e+01 1.211445e+01 -5.366097e+01
    endloop
  endfacet
  facet normal 5.000000e-01 0.000000e+00 8.660254e-01
    outer loop
      vertex   1.688483e+01 1.588545e+01 -5.346361e+01
      vertex   1.722666e+01 1.211445e+01 -5.366097e+01
      vertex   1.722666e+01 1.588545e+01 -5.366097e+01
    endloop
  endfacet
  facet normal 2.868032e-01 0.000000e+00 9.579895e-01
    outer loop
      vertex   1.722666e+01 1.588545e+01 -5.366097e+01
      vertex   1.722666e+01 1.211445e+01 -5.366097e+01
      vertex   1.760480e+01 1.211445e+01 -5.377417e+01
    endloop
  endfacet
  facet normal 2.868032e-01 0.000000e+00 9.579895e-01
    outer loop
      vertex   1.722666e+01 1.588545e+01 -5.366097e+01
      vertex   1.760480e+01 1.211445e+01 -5.377417e+01
      vertex   1.760480e+01 1.588545e+01 -5.377417e+01
    endloop
  endfacet
  facet normal 5.814483e-02 0.000000e+00 9.983082e-01
    outer loop
      vertex   1.760480e+01 1.588545e+01 -5.377417e+01
      vertex   1.760480e+01 1.211445e+01 -5.377417e+01
      vertex   1.799885e+01 1.211445e+01 -5.379712e+01
    endloop
  endfacet
  facet normal 5.814483e-02 0.000000e+00 9.983082e-01
    outer loop
      vertex   1.760480e+01 1.588545e+01 -5.377417e+01
      vertex   1.799885e+01 1.211445e+01 -5.379712e+01
      vertex   1.799885e+01 1.588545e+01 -5.379712e+01
    endloop
  endfacet
  facet normal -1.736482e-01 0.000000e+00 9.848078e-01
    outer loop
      vertex   1.799885e+01 1.588545e+01 -5.379712e+01
      vertex   1.799885e+01 1.211445e+01 -5.379712e+01
      vertex   1.838757e+01 1.211445e+01 -5.372858e+01
    endloop
  endfacet
  facet normal -1.736482e-01 0.000000e+00 9.848078e-01
    outer loop
      vertex   1.799885e+01 1.588545e+01 -5.379712e+01
      vertex   1.838757e+01 1.211445e+01 -5.372858e+01
      vertex   1.838757e+01 1.588545e+01 -5.372858e+01
    endloop
  endfacet
  facet normal -3.960798e-01 0.000000e+00 9.182161e-01
    outer loop
      vertex   1.838757e+01 1.588545e+01 -5.372858e+01
      vertex   1.838757e+01 1.211445e+01 -5.372858e+01
      vertex   1.875000e+01 1.211445e+01 -5.357224e+01
    endloop
  endfacet
  facet normal -3.960798e-01 0.000000e+00 9.182161e-01
    outer loop
      vertex   1.838757e+01 1.588545e+01 -5.372858e+01
      vertex   1.875000e+01 1.211445e+01 -5.357224e+01
      vertex   1.875000e+01 1.588545e+01 -5.357224e+01
    endloop
  endfacet
  facet normal -5.971586e-01 0.000000e+00 8.021232e-01
    outer loop
      vertex   1.875000e+01 1.588545e+01 -5.357224e+01
      vertex   1.875000e+01 1.211445e+01 -5.357224e+01
      vertex   1.906661e+01 1.211445e+01 -5.333653e+01
    endloop
  endfacet
  facet normal -5.971586e-01 0.000000e+00 8.021232e-01
    outer loop
      vertex   1.875000e+01 1.588545e+01 -5.357224e+01
      vertex   1.906661e+01 1.211445e+01 -5.333653e+01
      vertex   1.906661e+01 1.588545e+01 -5.333653e+01
    endloop
  endfacet
  facet normal -7.660444e-01 0.000000e+00 6.427876e-01
    outer loop
      vertex   1.906661e+01 1.588545e+01 -5.333653e+01
      vertex   1.906661e+01 1.211445e+01 -5.333653e+01
      vertex   1.932033e+01 1.211445e+01 -5.303416e+01
    endloop
  endfacet
  facet normal -7.660444e-01 0.000000e+00 6.427876e-01
    outer loop
      vertex   1.906661e+01 1.588545e+01 -5.333653e+01
      vertex   1.932033e+01 1.211445e+01 -5.303416e+01
      vertex   1.932033e+01 1.588545e+01 -5.303416e+01
    endloop
  endfacet
  facet normal -8.936326e-01 0.000000e+00 4.487992e-01
    outer loop
      vertex   1.932033e+01 1.588545e+01 -5.303416e+01
      vertex   1.932033e+01 1.211445e+01 -5.303416e+01
      vertex   1.949748e+01 1.211445e+01 -5.268143e+01
    endloop
  endfacet
  facet normal -8.936326e-01 0.000000e+00 4.487992e-01
    outer loop
      vertex   1.932033e+01 1.588545e+01 -5.303416e+01
      vertex   1.949748e+01 1.211445e+01 -5.268143e+01
      vertex   1.949748e+01 1.588545e+01 -5.268143e+01
    endloop
  endfacet
  facet normal -9.730449e-01 0.000000e+00 2.306159e-01
    outer loop
      vertex   1.949748e+01 1.588545e+01 -5.268143e+01
      vertex   1.949748e+01 1.211445e+01 -5.268143e+01
      vertex   1.958850e+01 1.211445e+01 -5.229736e+01
    endloop
  endfacet
  facet normal -9.730449e-01 0.000000e+00 2.306159e-01
    outer loop
      vertex   1.949748e+01 1.588545e+01 -5.268143e+01
      vertex   1.958850e+01 1.211445e+01 -5.229736e+01
      vertex   1.958850e+01 1.588545e+01 -5.229736e+01
    endloop
  endfacet
  facet normal -1.000000e+00 0.000000e+00 0.000000e+00
    outer loop
      vertex   1.958850e+01 1.588545e+01 -5.229736e+01
      vertex   1.958850e+01 1.211445e+01 -5.229736e+01
      vertex   1.958850e+01 1.211445e+01 -5.190264e+01
    endloop
  endfacet
  facet normal -1.000000e+00 0.000000e+00 0.000000e+00
    outer loop
      vertex   1.958850e+01 1.588545e+01 -5.229736e+01
      vertex   1.958850e+01 1.211445e+01 -5.190264e+01
      vertex   1.958850e+01 1.588545e+01 -5.190264e+01
    endloop
  endfacet
  facet normal -9.730449e-01 -0.000000e+00 -2.306159e-01
    outer loop
      vertex   1.958850e+01 1.588545e+01 -5.190264e+01
      vertex   1.958850e+01 1.211445e+01 -5.190264e+01
      vertex   1.949748e+01 1.211445e+01 -5.151856e+01
    endloop
  endfacet
  facet normal -9.730449e-01 0.000000e+00 -2.306159e-01
    outer loop
      vertex   1.958850e+01 1.588545e+01 -5.190264e+01
      vertex   1.949748e+01 1.211445e+01 -5.151856e+01
      vertex   1.949748e+01 1.588545e+01 -5.151856e+01
    endloop
  endfacet
  facet normal -8.936326e-01 -0.000000e+00 -4.487992e-01
    outer loop
      vertex   1.949748e+01 1.588545e+01 -5.151856e+01
      vertex   1.949748e+01 1.211445e+01 -5.151856e+01
      vertex   1.932033e+01 1.211445e+01 -5.116583e+01
    endloop
  endfacet
  facet normal -8.936326e-01 0.000000e+00 -4.487992e-01
    outer loop
      vertex   1.949748e+01 1.588545e+01 -5.151856e+01
      vertex   1.932033e+01 1.211445e+01 -5.116583e+01
      vertex   1.932033e+01 1.588545e+01 -5.116583e+01
    endloop
  endfacet
  facet normal -7.660444e-01 -0.000000e+00 -6.427876e-01
    outer loop
      vertex   1.932033e+01 1.588545e+01 -5.116583e+01
      vertex   1.932033e+01 1.211445e+01 -5.116583e+01
      vertex   1.906661e+01 1.211445e+01 -5.086346e+01
    endloop
  endfacet
  facet normal -7.660444e-01 0.000000e+00 -6.427876e-01
    outer loop
      vertex   1.932033e+01 1.588545e+01 -5.116583e+01
      vertex   1.906661e+01 1.211445e+01 -5.086346e+01
      vertex   1.906661e+01 1.588545e+01 -5.086346e+01
    endloop
  endfacet
  facet normal -5.971586e-01 -0.000000e+00 -8.021232e-01
    outer loop
      vertex   1.906661e+01 1.588545e+01 -5.086346e+01
      vertex   1.906661e+01 1.211445e+01 -5.086346e+01
      vertex   1.875000e+01 1.211445e+01 -5.062776e+01
    endloop
  endfacet
  facet normal -5.971586e-01 0.000000e+00 -8.021232e-01
    outer loop
      vertex   1.906661e+01 1.588545e+01 -5.086346e+01
      vertex   1.875000e+01 1.211445e+01 -5.062776e+01
      vertex   1.875000e+01 1.588545e+01 -5.062776e+01
    endloop
  endfacet
  facet normal -3.960798e-01 -0.000000e+00 -9.182161e-01
    outer loop
      vertex   1.875000e+01 1.588545e+01 -5.062776e+01
      vertex   1.875000e+01 1.211445e+01 -5.062776e+01
      vertex   1.838757e+01 1.211445e+01 -5.047142e+01
    endloop
  endfacet
  facet normal -3.960798e-01 0.000000e+00 -9.182161e-01
    outer loop
      vertex   1.875000e+01 1.588545e+01 -5.062776e+01
      vertex   1.838757e+01 1.211445e+01 -5.047142e+01
      vertex   1.838757e+01 1.588545e+01 -5.047142e+01
    endloop
  endfacet
  facet normal -1.736482e-01 -0.000000e+00 -9.848078e-01
    outer loop
      vertex   1.838757e+01 1.588545e+01 -5.047142e+01
      vertex   1.838757e+01 1.211445e+01 -5.047142e+01
      vertex   1.799885e+01 1.211445e+01 -5.040287e+01
    endloop
  endfacet
  facet normal -1.736482e-01 0.000000e+00 -9.848078e-01
    outer loop
      vertex   1.838757e+01 1.588545e+01 -5.047142e+01
      vertex   1.799885e+01 1.211445e+01 -5.040287e+01
      vertex   1.799885e+01 1.588545e+01 -5.040287e+01
    endloop
  endfacet
  facet normal 5.814483e-02 0.000000e+00 -9.983082e-01
    outer loop
      vertex   1.799885e+01 1.588545e+01 -5.040287e+01
      vertex   1.799885e+01 1.211445e+01 -5.040287e+01
      vertex   1.760480e+01 1.211445e+01 -5.042583e+01
    endloop
  endfacet
  facet normal 5.814483e-02 0.000000e+00 -9.983082e-01
    outer loop
      vertex   1.799885e+01 1.588545e+01 -5.040287e+01
      vertex   1.760480e+01 1.211445e+01 -5.042583e+01
      vertex   1.760480e+01 1.588545e+01 -5.042583e+01
    endloop
  endfacet
  facet normal 2.868032e-01 0.000000e+00 -9.579895e-01
    outer loop
      vertex   1.760480e+01 1.588545e+01 -5.042583e+01
      vertex   1.760480e+01 1.211445e+01 -5.042583e+01
      vertex   1.722666e+01 1.211445e+01 -5.053903e+01
    endloop
  endfacet
  facet normal 2.868032e-01 0.000000e+00 -9.579895e-01
    outer loop
      vertex   1.760480e+01 1.588545e+01 -5.042583e+01
      vertex   1.722666e+01 1.211445e+01 -5.053903e+01
      vertex   1.722666e+01 1.588545e+01 -5.053903e+01
    endloop
  endfacet
  facet normal 5.000000e-01 0.000000e+00 -8.660254e-01
    outer loop
      vertex   1.722666e+01 1.588545e+01 -5.053903e+01
      vertex   1.722666e+01 1.211445e+01 -5.053903e+01
      vertex   1.688483e+01 1.211445e+01 -5.073639e+01
    endloop
  endfacet
  facet normal 5.000000e-01 0.000000e+00 -8.660254e-01
    outer loop
      vertex   1.722666e+01 1.588545e+01 -5.053903e+01
      vertex   1.688483e+01 1.211445e+01 -5.073639e+01
      vertex   1.688483e+01 1.588545e+01 -5.073639e+01
    endloop
  endfacet
  facet normal 6.862416e-01 0.000000e+00 -7.273736e-01
    outer loop
      vertex   1.688483e+01 1.588545e+01 -5.073639e+01
      vertex   1.688483e+01 1.211445e+01 -5.073639e+01
      vertex   1.659772e+01 1.211445e+01 -5.100726e+01
    endloop
  endfacet
  facet normal 6.862416e-01 0.000000e+00 -7.273736e-01
    outer loop
      vertex   1.688483e+01 1.588545e+01 -5.073639e+01
      vertex   1.659772e+01 1.211445e+01 -5.100726e+01
      vertex   1.659772e+01 1.588545e+01 -5.100726e+01
    endloop
  endfacet
  facet normal 8.354878e-01 0.000000e+00 -5.495090e-01
    outer loop
      vertex   1.659772e+01 1.588545e+01 -5.100726e+01
      vertex   1.659772e+01 1.211445e+01 -5.100726e+01
      vertex   1.638082e+01 1.211445e+01 -5.133704e+01
    endloop
  endfacet
  facet normal 8.354878e-01 0.000000e+00 -5.495090e-01
    outer loop
      vertex   1.659772e+01 1.588545e+01 -5.100726e+01
      vertex   1.638082e+01 1.211445e+01 -5.133704e+01
      vertex   1.638082e+01 1.588545e+01 -5.133704e+01
    endloop
  endfacet
  facet normal 9.396926e-01 0.000000e+00 -3.420201e-01
    outer loop
      vertex   1.638082e+01 1.588545e+01 -5.133704e+01
      vertex   1.638082e+01 1.211445e+01 -5.133704e+01
      vertex   1.624582e+01 1.211445e+01 -5.170795e+01
    endloop
  endfacet
  facet normal 0.000000e+00 1.000000e+00 0.000000e+00
    outer loop
      vertex   1.693407e+01 1.211445e+01 -5.235882e+01
      vertex   1.624582e+01 1.211445e+01 -5.249205e+01
      vertex   1.690000e+01 1.211445e+01 -5.210000e+01
    endloop
  endfacet
  facet normal 0.000000e+00 1.000000e+00 0.000000e+00
    outer loop
      vertex   1.690000e+01 1.211445e+01 -5.210000e+01
      vertex   1.624582e+01 1.211445e+01 -5.249205e+01
      vertex   1.620000e+01 1.211445e+01 -5.210000e+01
    endloop
  endfacet
  facet normal 0.000000e+00 1.000000e+00 0.000000e+00
    outer loop
      vertex   1.690000e+01 1.211445e+01 -5.210000e+01
      vertex   1.620000e+01 1.211445e+01 -5.210000e+01
      vertex   1.624582e+01 1.211445e+01 -5.170795e+01
    endloop
  endfacet
  facet normal -0.000000e+00 1.000000e+00 0.000000e+00
    outer loop
      vertex   1.624582e+01 1.211445e+01 -5.249205e+01
      vertex   1.693407e+01 1.211445e+01 -5.235882e+01
      vertex   1.638082e+01 1.211445e+01 -5.286296e+01
    endloop
  endfacet
  facet normal 0.000000e+00 1.000000e+00 0.000000e+00
    outer loop
      vertex   1.638082e+01 1.211445e+01 -5.286296e+01
      vertex   1.693407e+01 1.211445e+01 -5.235882e+01
      vertex   1.703397e+01 1.211445e+01 -5.260000e+01
    endloop
  endfacet
  facet normal -0.000000e+00 1.000000e+00 0.000000e+00
    outer loop
      vertex   1.638082e+01 1.211445e+01 -5.286296e+01
      vertex   1.703397e+01 1.211445e+01 -5.260000e+01
      vertex   1.659772e+01 1.211445e+01 -5.319274e+01
    endloop
  endfacet
  facet normal 0.000000e+00 1.000000e+00 0.000000e+00
    outer loop
      vertex   1.659772e+01 1.211445e+01 -5.319274e+01
      vertex   1.703397e+01 1.211445e+01 -5.260000e+01
      vertex   1.719289e+01 1.211445e+01 -5.280711e+01
    endloop
  endfacet
  facet normal -0.000000e+00 1.000000e+00 0.000000e+00
    outer loop
      vertex   1.659772e+01 1.211445e+01 -5.319274e+01
      vertex   1.719289e+01 1.211445e+01 -5.280711e+01
      vertex   1.688483e+01 1.211445e+01 -5.346361e+01
    endloop
  endfacet
  facet normal 0.000000e+00 1.000000e+00 0.000000e+00
    outer loop
      vertex   1.688483e+01 1.211445e+01 -5.346361e+01
      vertex   1.719289e+01 1.211445e+01 -5.280711e+01
      vertex   1.740000e+01 1.211445e+01 -5.296602e+01
    endloop
  endfacet
  facet normal -0.000000e+00 1.000000e+00 0.000000e+00
    outer loop
      vertex   1.688483e+01 1.211445e+01 -5.346361e+01
      vertex   1.740000e+01 1.211445e+01 -5.296602e+01
      vertex   1.722666e+01 1.211445e+01 -5.366097e+01
    endloop
  endfacet
  facet normal 0.000000e+00 1.000000e+00 0.000000e+00
    outer loop
      vertex   1.722666e+01 1.211445e+01 -5.366097e+01
      vertex   1.740000e+01 1.211445e+01 -5.296602e+01
      vertex   1.764118e+01 1.211445e+01 -5.306592e+01
    endloop
  endfacet
  facet normal -0.000000e+00 1.000000e+00 0.000000e+00
    outer loop
      vertex   1.722666e+01 1.211445e+01 -5.366097e+01
      vertex   1.764118e+01 1.211445e+01 -5.306592e+01
      vertex   1.760480e+01 1.211445e+01 -5.377417e+01
    endloop
  endfacet
  facet normal 0.000000e+00 1.000000e+00 0.000000e+00
    outer loop
      vertex   1.760480e+01 1.211445e+01 -5.377417e+01
      vertex   1.764118e+01 1.211445e+01 -5.306592e+01
      vertex   1.790000e+01 1.211445e+01 -5.310000e+01
    endloop
  endfacet
  facet normal -0.000000e+00 1.000000e+00 0.000000e+00
    outer loop
      vertex   1.760480e+01 1.211445e+01 -5.377417e+01
      vertex   1.790000e+01 1.211445e+01 -5.310000e+01
      vertex   1.799885e+01 1.211445e+01 -5.379712e+01
    endloop
  endfacet
  facet normal 0.000000e+00 1.000000e+00 -0.000000e+00
    outer loop
      vertex   1.799885e+01 1.211445e+01 -5.379712e+01
      vertex   1.790000e+01 1.211445e+01 -5.310000e+01
      vertex   1.815882e+01 1.211445e+01 -5.306592e+01
    endloop
  endfacet
  facet normal 0.000000e+00 1.000000e+00 0.000000e+00
    outer loop
      vertex   1.799885e+01 1.211445e+01 -5.379712e+01
      vertex   1.815882e+01 1.211445e+01 -5.306592e+01
      vertex   1.838757e+01 1.211445e+01 -5.372858e+01
    endloop
  endfacet
  facet normal 0.000000e+00 1.000000e+00 -0.000000e+00
    outer loop
      vertex   1.838757e+01 1.211445e+01 -5.372858e+01
      vertex   1.815882e+01 1.211445e+01 -5.306592e+01
      vertex   1.840000e+01 1.211445e+01 -5.296602e+01
    endloop
  endfacet
  facet normal 0.000000e+00 1.000000e+00 0.000000e+00
    outer loop
      vertex   1.838757e+01 1.211445e+01 -5.372858e+01
      vertex   1.840000e+01 1.211445e+01 -5.296602e+01
      vertex   1.875000e+01 1.211445e+01 -5.357224e+01
    endloop
  endfacet
  facet normal 0.000000e+00 1.000000e+00 -0.000000e+00
    outer loop
      vertex   1.875000e+01 1.211445e+01 -5.357224e+01
      vertex   1.840000e+01 1.211445e+01 -5.296602e+01
      vertex   1.906661e+01 1.211445e+01 -5.333653e+01
    endloop
  endfacet
  facet normal 0.000000e+00 1.000000e+00 0.000000e+00
    outer loop
      vertex   1.906661e+01 1.211445e+01 -5.333653e+01
      vertex   1.840000e+01 1.211445e+01 -5.296602e+01
      vertex   1.860711e+01 1.211445e+01 -5.280711e+01
    endloop
  endfacet
  facet normal 0.000000e+00 1.000000e+00 -0.000000e+00
    outer loop
      vertex   1.906661e+01 1.211445e+01 -5.333653e+01
      vertex   1.860711e+01 1.211445e+01 -5.280711e+01
      vertex   1.932033e+01 1.211445e+01 -5.303416e+01
    endloop
  endfacet
  facet normal 0.000000e+00 1.000000e+00 0.000000e+00
    outer loop
      vertex   1.932033e+01 1.211445e+01 -5.303416e+01
      vertex   1.860711e+01 1.211445e+01 -5.280711e+01
      vertex   1.876603e+01 1.211445e+01 -5.260000e+01
    endloop
  endfacet
  facet normal 0.000000e+00 1.000000e+00 -0.000000e+00
    outer loop
      vertex   1.932033e+01 1.211445e+01 -5.303416e+01
      vertex   1.876603e+01 1.211445e+01 -5.260000e+01
      vertex   1.949748e+01 1.211445e+01 -5.268143e+01
    endloop
  endfacet
  facet normal 0.000000e+00 1.000000e+00 0.000000e+00
    outer loop
      vertex   1.949748e+01 1.211445e+01 -5.268143e+01
      vertex   1.876603e+01 1.211445e+01 -5.260000e+01
      vertex   1.886593e+01 1.211445e+01 -5.235882e+01
    endloop
  endfacet
  facet normal 0.000000e+00 1.000000e+00 -0.000000e+00
    outer loop
      vertex   1.949748e+01 1.211445e+01 -5.268143e+01
      vertex   1.886593e+01 1.211445e+01 -5.235882e+01
      vertex   1.958850e+01 1.211445e+01 -5.229736e+01
    endloop
  endfacet
  facet normal 0.000000e+00 1.000000e+00 0.000000e+00
    outer loop
      vertex   1.958850e+01 1.211445e+01 -5.229736e+01
      vertex   1.886593e+01 1.211445e+01 -5.235882e+01
      vertex   1.890000e+01 1.211445e+01 -5.210000e+01
    endloop
  endfacet
  facet normal 0.000000e+00 1.000000e+00 -0.000000e+00
    outer loop
      vertex   1.958850e+01 1.211445e+01 -5.229736e+01
      vertex   1.890000e+01 1.211445e+01 -5.210000e+01
      vertex   1.958850e+01 1.211445e+01 -5.190264e+01
    endloop
  endfacet
  facet normal 0.000000e+00 1.000000e+00 0.000000e+00
    outer loop
      vertex   1.958850e+01 1.211445e+01 -5.190264e+01
      vertex   1.890000e+01 1.211445e+01 -5.210000e+01
      vertex   1.886593e+01 1.211445e+01 -5.184118e+01
    endloop
  endfacet
  facet normal 0.000000e+00 1.000000e+00 0.000000e+00
    outer loop
      vertex   1.958850e+01 1.211445e+01 -5.190264e+01
      vertex   1.886593e+01 1.211445e+01 -5.184118e+01
      vertex   1.949748e+01 1.211445e+01 -5.151856e+01
    endloop
  endfacet
  facet normal 0.000000e+00 1.000000e+00 0.000000e+00
    outer loop
      vertex   1.949748e+01 1.211445e+01 -5.151856e+01
      vertex   1.886593e+01 1.211445e+01 -5.184118e+01
      vertex   1.876603e+01 1.211445e+01 -5.160000e+01
    endloop
  endfacet
  facet normal 0.000000e+00 1.000000e+00 0.000000e+00
    outer loop
      vertex   1.949748e+01 1.211445e+01 -5.151856e+01
      vertex   1.876603e+01 1.211445e+01 -5.160000e+01
      vertex   1.932033e+01 1.211445e+01 -5.116583e+01
    endloop
  endfacet
  facet normal 0.000000e+00 1.000000e+00 0.000000e+00
    outer loop
      vertex   1.932033e+01 1.211445e+01 -5.116583e+01
      vertex   1.876603e+01 1.211445e+01 -5.160000e+01
      vertex   1.860711e+01 1.211445e+01 -5.139289e+01
    endloop
  endfacet
  facet normal 0.000000e+00 1.000000e+00 0.000000e+00
    outer loop
      vertex   1.932033e+01 1.211445e+01 -5.116583e+01
      vertex   1.860711e+01 1.211445e+01 -5.139289e+01
      vertex   1.906661e+01 1.211445e+01 -5.086346e+01
    endloop
  endfacet
  facet normal 0.000000e+00 1.000000e+00 0.000000e+00
    outer loop
      vertex   1.906661e+01 1.211445e+01 -5.086346e+01
      vertex   1.860711e+01 1.211445e+01 -5.139289e+01
      vertex   1.840000e+01 1.211445e+01 -5.123397e+01
    endloop
  endfacet
  facet normal 0.000000e+00 1.000000e+00 0.000000e+00
    outer loop
      vertex   1.906661e+01 1.211445e+01 -5.086346e+01
      vertex   1.840000e+01 1.211445e+01 -5.123397e+01
      vertex   1.875000e+01 1.211445e+01 -5.062776e+01
    endloop
  endfacet
  facet normal 0.000000e+00 1.000000e+00 0.000000e+00
    outer loop
      vertex   1.875000e+01 1.211445e+01 -5.062776e+01
      vertex   1.840000e+01 1.211445e+01 -5.123397e+01
      vertex   1.838757e+01 1.211445e+01 -5.047142e+01
    endloop
  endfacet
  facet normal 0.000000e+00 1.000000e+00 0.000000e+00
    outer loop
      vertex   1.838757e+01 1.211445e+01 -5.047142e+01
      vertex   1.840000e+01 1.211445e+01 -5.123397e+01
      vertex   1.815882e+01 1.211445e+01 -5.113407e+01
    endloop
  endfacet
  facet normal 0.000000e+00 1.000000e+00 0.000000e+00
    outer loop
      vertex   1.838757e+01 1.211445e+01 -5.047142e+01
      vertex   1.815882e+01 1.211445e+01 -5.113407e+01
      vertex   1.799885e+01 1.211445e+01 -5.040287e+01
    endloop
  endfacet
  facet normal 0.000000e+00 1.000000e+00 0.000000e+00
    outer loop
      vertex   1.799885e+01 1.211445e+01 -5.040287e+01
      vertex   1.815882e+01 1.211445e+01 -5.113407e+01
      vertex   1.790000e+01 1.211445e+01 -5.110000e+01
    endloop
  endfacet
  facet normal 0.000000e+00 1.000000e+00 0.000000e+00
    outer loop
      vertex   1.799885e+01 1.211445e+01 -5.040287e+01
      vertex   1.790000e+01 1.211445e+01 -5.110000e+01
      vertex   1.760480e+01 1.211445e+01 -5.042583e+01
    endloop
  endfacet
  facet normal 0.000000e+00 1.000000e+00 0.000000e+00
    outer loop
      vertex   1.760480e+01 1.211445e+01 -5.042583e+01
      vertex   1.790000e+01 1.211445e+01 -5.110000e+01
      vertex   1.764118e+01 1.211445e+01 -5.113407e+01
    endloop
  endfacet
  facet normal 0.000000e+00 1.000000e+00 0.000000e+00
    outer loop
      vertex   1.760480e+01 1.211445e+01 -5.042583e+01
      vertex   1.764118e+01 1.211445e+01 -5.113407e+01
      vertex   1.722666e+01 1.211445e+01 -5.053903e+01
    endloop
  endfacet
  facet normal 0.000000e+00 1.000000e+00 0.000000e+00
    outer loop
      vertex   1.722666e+01 1.211445e+01 -5.053903e+01
      vertex   1.764118e+01 1.211445e+01 -5.113407e+01
      vertex   1.740000e+01 1.211445e+01 -5.123397e+01
    endloop
  endfacet
  facet normal 0.000000e+00 1.000000e+00 0.000000e+00
    outer loop
      vertex   1.722666e+01 1.211445e+01 -5.053903e+01
      vertex   1.740000e+01 1.211445e+01 -5.123397e+01
      vertex   1.688483e+01 1.211445e+01 -5.073639e+01
    endloop
  endfacet
  facet normal 0.000000e+00 1.000000e+00 0.000000e+00
    outer loop
      vertex   1.688483e+01 1.211445e+01 -5.073639e+01
      vertex   1.740000e+01 1.211445e+01 -5.123397e+01
      vertex   1.719289e+01 1.211445e+01 -5.139289e+01
    endloop
  endfacet
  facet normal 0.000000e+00 1.000000e+00 0.000000e+00
    outer loop
      vertex   1.688483e+01 1.211445e+01 -5.073639e+01
      vertex   1.719289e+01 1.211445e+01 -5.139289e+01
      vertex   1.659772e+01 1.211445e+01 -5.100726e+01
    endloop
  endfacet
  facet normal 0.000000e+00 1.000000e+00 0.000000e+00
    outer loop
      vertex   1.659772e+01 1.211445e+01 -5.100726e+01
      vertex   1.719289e+01 1.211445e+01 -5.139289e+01
      vertex   1.703397e+01 1.211445e+01 -5.160000e+01
    endloop
  endfacet
  facet normal 0.000000e+00 1.000000e+00 0.000000e+00
    outer loop
      vertex   1.659772e+01 1.211445e+01 -5.100726e+01
      vertex   1.703397e+01 1.211445e+01 -5.160000e+01
      vertex   1.638082e+01 1.211445e+01 -5.133704e+01
    endloop
  endfacet
  facet normal 0.000000e+00 1.000000e+00 0.000000e+00
    outer loop
      vertex   1.638082e+01 1.211445e+01 -5.133704e+01
      vertex   1.703397e+01 1.211445e+01 -5.160000e+01
      vertex   1.693407e+01 1.211445e+01 -5.184118e+01
    endloop
  endfacet
  facet normal 0.000000e+00 1.000000e+00 0.000000e+00
    outer loop
      vertex   1.638082e+01 1.211445e+01 -5.133704e+01
      vertex   1.693407e+01 1.211445e+01 -5.184118e+01
      vertex   1.624582e+01 1.211445e+01 -5.170795e+01
    endloop
  endfacet
  facet normal 0.000000e+00 1.000000e+00 0.000000e+00
    outer loop
      vertex   1.624582e+01 1.211445e+01 -5.170795e+01
      vertex   1.693407e+01 1.211445e+01 -5.184118e+01
      vertex   1.690000e+01 1.211445e+01 -5.210000e+01
    endloop
  endfacet
  facet normal 9.914449e-01 0.000000e+00 -1.305262e-01
    outer loop
      vertex   1.693407e+01 1.211445e+01 -5.184118e+01
      vertex   1.693407e+01 1.111445e+01 -5.184118e+01
      vertex   1.690000e+01 1.211445e+01 -5.210000e+01
    endloop
  endfacet
  facet normal 9.914449e-01 0.000000e+00 -1.305262e-01
    outer loop
      vertex   1.690000e+01 1.211445e+01 -5.210000e+01
      vertex   1.693407e+01 1.111445e+01 -5.184118e+01
      vertex   1.690000e+01 1.111445e+01 -5.210000e+01
    endloop
  endfacet
  facet normal 9.914449e-01 0.000000e+00 1.305262e-01
    outer loop
      vertex   1.690000e+01 1.211445e+01 -5.210000e+01
      vertex   1.690000e+01 1.111445e+01 -5.210000e+01
      vertex   1.693407e+01 1.211445e+01 -5.235882e+01
    endloop
  endfacet
  facet normal 9.914449e-01 0.000000e+00 1.305262e-01
    outer loop
      vertex   1.693407e+01 1.211445e+01 -5.235882e+01
      vertex   1.690000e+01 1.111445e+01 -5.210000e+01
      vertex   1.693407e+01 1.111445e+01 -5.235882e+01
    endloop
  endfacet
  facet normal 9.238795e-01 0.000000e+00 3.826834e-01
    outer loop
      vertex   1.693407e+01 1.211445e+01 -5.235882e+01
      vertex   1.693407e+01 1.111445e+01 -5.235882e+01
      vertex   1.703397e+01 1.211445e+01 -5.260000e+01
    endloop
  endfacet
  facet normal 9.238795e-01 0.000000e+00 3.826834e-01
    outer loop
      vertex   1.703397e+01 1.211445e+01 -5.260000e+01
      vertex   1.693407e+01 1.111445e+01 -5.235882e+01
      vertex   1.703397e+01 1.111445e+01 -5.260000e+01
    endloop
  endfacet
  facet normal 7.933533e-01 0.000000e+00 6.087614e-01
    outer loop
      vertex   1.703397e+01 1.211445e+01 -5.260000e+01
      vertex   1.703397e+01 1.111445e+01 -5.260000e+01
      vertex   1.719289e+01 1.211445e+01 -5.280711e+01
    endloop
  endfacet
  facet normal 7.933533e-01 0.000000e+00 6.087614e-01
    outer loop
      vertex   1.719289e+01 1.211445e+01 -5.280711e+01
      vertex   1.703397e+01 1.111445e+01 -5.260000e+01
      vertex   1.719289e+01 1.111445e+01 -5.280711e+01
    endloop
  endfacet
  facet normal 6.087614e-01 0.000000e+00 7.933533e-01
    outer loop
      vertex   1.719289e+01 1.211445e+01 -5.280711e+01
      vertex   1.719289e+01 1.111445e+01 -5.280711e+01
      vertex   1.740000e+01 1.211445e+01 -5.296602e+01
    endloop
  endfacet
  facet normal 6.087614e-01 0.000000e+00 7.933533e-01
    outer loop
      vertex   1.740000e+01 1.211445e+01 -5.296602e+01
      vertex   1.719289e+01 1.111445e+01 -5.280711e+01
      vertex   1.740000e+01 1.111445e+01 -5.296602e+01
    endloop
  endfacet
  facet normal 3.826834e-01 0.000000e+00 9.238795e-01
    outer loop
      vertex   1.740000e+01 1.211445e+01 -5.296602e+01
      vertex   1.740000e+01 1.111445e+01 -5.296602e+01
      vertex   1.764118e+01 1.211445e+01 -5.306592e+01
    endloop
  endfacet
  facet normal 3.826834e-01 0.000000e+00 9.238795e-01
    outer loop
      vertex   1.764118e+01 1.211445e+01 -5.306592e+01
      vertex   1.740000e+01 1.111445e+01 -5.296602e+01
      vertex   1.764118e+01 1.111445e+01 -5.306592e+01
    endloop
  endfacet
  facet normal 1.305262e-01 0.000000e+00 9.914449e-01
    outer loop
      vertex   1.764118e+01 1.211445e+01 -5.306592e+01
      vertex   1.764118e+01 1.111445e+01 -5.306592e+01
      vertex   1.790000e+01 1.211445e+01 -5.310000e+01
    endloop
  endfacet
  facet normal 1.305262e-01 0.000000e+00 9.914449e-01
    outer loop
      vertex   1.790000e+01 1.211445e+01 -5.310000e+01
      vertex   1.764118e+01 1.111445e+01 -5.306592e+01
      vertex   1.790000e+01 1.111445e+01 -5.310000e+01
    endloop
  endfacet
  facet normal -1.305262e-01 0.000000e+00 9.914449e-01
    outer loop
      vertex   1.790000e+01 1.211445e+01 -5.310000e+01
      vertex   1.790000e+01 1.111445e+01 -5.310000e+01
      vertex   1.815882e+01 1.211445e+01 -5.306592e+01
    endloop
  endfacet
  facet normal -1.305262e-01 0.000000e+00 9.914449e-01
    outer loop
      vertex   1.815882e+01 1.211445e+01 -5.306592e+01
      vertex   1.790000e+01 1.111445e+01 -5.310000e+01
      vertex   1.815882e+01 1.111445e+01 -5.306592e+01
    endloop
  endfacet
  facet normal -3.826834e-01 0.000000e+00 9.238795e-01
    outer loop
      vertex   1.815882e+01 1.211445e+01 -5.306592e+01
      vertex   1.815882e+01 1.111445e+01 -5.306592e+01
      vertex   1.840000e+01 1.211445e+01 -5.296602e+01
    endloop
  endfacet
  facet normal -3.826834e-01 0.000000e+00 9.238795e-01
    outer loop
      vertex   1.840000e+01 1.211445e+01 -5.296602e+01
      vertex   1.815882e+01 1.111445e+01 -5.306592e+01
      vertex   1.840000e+01 1.111445e+01 -5.296602e+01
    endloop
  endfacet
  facet normal -6.087614e-01 0.000000e+00 7.933533e-01
    outer loop
      vertex   1.840000e+01 1.211445e+01 -5.296602e+01
      vertex   1.840000e+01 1.111445e+01 -5.296602e+01
      vertex   1.860711e+01 1.211445e+01 -5.280711e+01
    endloop
  endfacet
  facet normal -6.087614e-01 0.000000e+00 7.933533e-01
    outer loop
      vertex   1.860711e+01 1.211445e+01 -5.280711e+01
      vertex   1.840000e+01 1.111445e+01 -5.296602e+01
      vertex   1.860711e+01 1.111445e+01 -5.280711e+01
    endloop
  endfacet
  facet normal -7.933533e-01 0.000000e+00 6.087614e-01
    outer loop
      vertex   1.860711e+01 1.211445e+01 -5.280711e+01
      vertex   1.860711e+01 1.111445e+01 -5.280711e+01
      vertex   1.876603e+01 1.211445e+01 -5.260000e+01
    endloop
  endfacet
  facet normal -7.933533e-01 0.000000e+00 6.087614e-01
    outer loop
      vertex   1.876603e+01 1.211445e+01 -5.260000e+01
      vertex   1.860711e+01 1.111445e+01 -5.280711e+01
      vertex   1.876603e+01 1.111445e+01 -5.260000e+01
    endloop
  endfacet
  facet normal -9.238795e-01 0.000000e+00 3.826834e-01
    outer loop
      vertex   1.876603e+01 1.211445e+01 -5.260000e+01
      vertex   1.876603e+01 1.111445e+01 -5.260000e+01
      vertex   1.886593e+01 1.211445e+01 -5.235882e+01
    endloop
  endfacet
  facet normal -9.238795e-01 0.000000e+00 3.826834e-01
    outer loop
      vertex   1.886593e+01 1.211445e+01 -5.235882e+01
      vertex   1.876603e+01 1.111445e+01 -5.260000e+01
      vertex   1.886593e+01 1.111445e+01 -5.235882e+01
    endloop
  endfacet
  facet normal -9.914449e-01 0.000000e+00 1.305262e-01
    outer loop
      vertex   1.886593e+01 1.211445e+01 -5.235882e+01
      vertex   1.886593e+01 1.111445e+01 -5.235882e+01
      vertex   1.890000e+01 1.211445e+01 -5.210000e+01
    endloop
  endfacet
  facet normal -9.914449e-01 0.000000e+00 1.305262e-01
    outer loop
      vertex   1.890000e+01 1.211445e+01 -5.210000e+01
      vertex   1.886593e+01 1.111445e+01 -5.235882e+01
      vertex   1.890000e+01 1.111445e+01 -5.210000e+01
    endloop
  endfacet
  facet normal -9.914449e-01 -0.000000e+00 -1.305262e-01
    outer loop
      vertex   1.890000e+01 1.211445e+01 -5.210000e+01
      vertex   1.890000e+01 1.111445e+01 -5.210000e+01
      vertex   1.886593e+01 1.211445e+01 -5.184118e+01
    endloop
  endfacet
  facet normal -9.914449e-01 -0.000000e+00 -1.305262e-01
    outer loop
      vertex   1.886593e+01 1.211445e+01 -5.184118e+01
      vertex   1.890000e+01 1.111445e+01 -5.210000e+01
      vertex   1.886593e+01 1.111445e+01 -5.184118e+01
    endloop
  endfacet
  facet normal -9.238795e-01 -0.000000e+00 -3.826834e-01
    outer loop
      vertex   1.886593e+01 1.211445e+01 -5.184118e+01
      vertex   1.886593e+01 1.111445e+01 -5.184118e+01
      vertex   1.876603e+01 1.211445e+01 -5.160000e+01
    endloop
  endfacet
  facet normal -9.238795e-01 -0.000000e+00 -3.826834e-01
    outer loop
      vertex   1.876603e+01 1.211445e+01 -5.160000e+01
      vertex   1.886593e+01 1.111445e+01 -5.184118e+01
      vertex   1.876603e+01 1.111445e+01 -5.160000e+01
    endloop
  endfacet
  facet normal -7.933533e-01 -0.000000e+00 -6.087614e-01
    outer loop
      vertex   1.876603e+01 1.211445e+01 -5.160000e+01
      vertex   1.876603e+01 1.111445e+01 -5.160000e+01
      vertex   1.860711e+01 1.211445e+01 -5.139289e+01
    endloop
  endfacet
  facet normal -7.933533e-01 -0.000000e+00 -6.087614e-01
    outer loop
      vertex   1.860711e+01 1.211445e+01 -5.139289e+01
      vertex   1.876603e+01 1.111445e+01 -5.160000e+01
      vertex   1.860711e+01 1.111445e+01 -5.139289e+01
    endloop
  endfacet
  facet normal -6.087614e-01 -0.000000e+00 -7.933533e-01
    outer loop
      vertex   1.860711e+01 1.211445e+01 -5.139289e+01
      vertex   1.860711e+01 1.111445e+01 -5.139289e+01
      vertex   1.840000e+01 1.211445e+01 -5.123397e+01
    endloop
  endfacet
  facet normal -6.087614e-01 -0.000000e+00 -7.933533e-01
    outer loop
      vertex   1.840000e+01 1.211445e+01 -5.123397e+01
      vertex   1.860711e+01 1.111445e+01 -5.139289e+01
      vertex   1.840000e+01 1.111445e+01 -5.123397e+01
    endloop
  endfacet
  facet normal -3.826834e-01 -0.000000e+00 -9.238795e-01
    outer loop
      vertex   1.840000e+01 1.211445e+01 -5.123397e+01
      vertex   1.840000e+01 1.111445e+01 -5.123397e+01
      vertex   1.815882e+01 1.211445e+01 -5.113407e+01
    endloop
  endfacet
  facet normal -3.826834e-01 -0.000000e+00 -9.238795e-01
    outer loop
      vertex   1.815882e+01 1.211445e+01 -5.113407e+01
      vertex   1.840000e+01 1.111445e+01 -5.123397e+01
      vertex   1.815882e+01 1.111445e+01 -5.113407e+01
    endloop
  endfacet
  facet normal -1.305262e-01 -0.000000e+00 -9.914449e-01
    outer loop
      vertex   1.815882e+01 1.211445e+01 -5.113407e+01
      vertex   1.815882e+01 1.111445e+01 -5.113407e+01
      vertex   1.790000e+01 1.211445e+01 -5.110000e+01
    endloop
  endfacet
  facet normal -1.305262e-01 -0.000000e+00 -9.914449e-01
    outer loop
      vertex   1.790000e+01 1.211445e+01 -5.110000e+01
      vertex   1.815882e+01 1.111445e+01 -5.113407e+01
      vertex   1.790000e+01 1.111445e+01 -5.110000e+01
    endloop
  endfacet
  facet normal 1.305262e-01 0.000000e+00 -9.914449e-01
    outer loop
      vertex   1.790000e+01 1.211445e+01 -5.110000e+01
      vertex   1.790000e+01 1.111445e+01 -5.110000e+01
      vertex   1.764118e+01 1.211445e+01 -5.113407e+01
    endloop
  endfacet
  facet normal 1.305262e-01 0.000000e+00 -9.914449e-01
    outer loop
      vertex   1.764118e+01 1.211445e+01 -5.113407e+01
      vertex   1.790000e+01 1.111445e+01 -5.110000e+01
      vertex   1.764118e+01 1.111445e+01 -5.113407e+01
    endloop
  endfacet
  facet normal 3.826834e-01 0.000000e+00 -9.238795e-01
    outer loop
      vertex   1.764118e+01 1.211445e+01 -5.113407e+01
      vertex   1.764118e+01 1.111445e+01 -5.113407e+01
      vertex   1.740000e+01 1.211445e+01 -5.123397e+01
    endloop
  endfacet
  facet normal 3.826834e-01 0.000000e+00 -9.238795e-01
    outer loop
      vertex   1.740000e+01 1.211445e+01 -5.123397e+01
      vertex   1.764118e+01 1.111445e+01 -5.113407e+01
      vertex   1.740000e+01 1.111445e+01 -5.123397e+01
    endloop
  endfacet
  facet normal 6.087614e-01 0.000000e+00 -7.933533e-01
    outer loop
      vertex   1.740000e+01 1.211445e+01 -5.123397e+01
      vertex   1.740000e+01 1.111445e+01 -5.123397e+01
      vertex   1.719289e+01 1.211445e+01 -5.139289e+01
    endloop
  endfacet
  facet normal 6.087614e-01 0.000000e+00 -7.933533e-01
    outer loop
      vertex   1.719289e+01 1.211445e+01 -5.139289e+01
      vertex   1.740000e+01 1.111445e+01 -5.123397e+01
      vertex   1.719289e+01 1.111445e+01 -5.139289e+01
    endloop
  endfacet
  facet normal 7.933533e-01 0.000000e+00 -6.087614e-01
    outer loop
      vertex   1.719289e+01 1.211445e+01 -5.139289e+01
      vertex   1.719289e+01 1.111445e+01 -5.139289e+01
      vertex   1.703397e+01 1.211445e+01 -5.160000e+01
    endloop
  endfacet
  facet normal 7.933533e-01 0.000000e+00 -6.087614e-01
    outer loop
      vertex   1.703397e+01 1.211445e+01 -5.160000e+01
      vertex   1.719289e+01 1.111445e+01 -5.139289e+01
      vertex   1.703397e+01 1.111445e+01 -5.160000e+01
    endloop
  endfacet
  facet normal 9.238795e-01 0.000000e+00 -3.826834e-01
    outer loop
      vertex   1.703397e+01 1.211445e+01 -5.160000e+01
      vertex   1.703397e+01 1.111445e+01 -5.160000e+01
      vertex   1.693407e+01 1.211445e+01 -5.184118e+01
    endloop
  endfacet
  facet normal 9.238795e-01 0.000000e+00 -3.826834e-01
    outer loop
      vertex   1.693407e+01 1.211445e+01 -5.184118e+01
      vertex   1.703397e+01 1.111445e+01 -5.160000e+01
      vertex   1.693407e+01 1.111445e+01 -5.184118e+01
    endloop
  endfacet
  facet normal -1.000000e+00 0.000000e+00 -0.000000e+00
    outer loop
      vertex   1.549071e+01 1.111445e+01 -4.670000e+01
      vertex   1.549071e+01 1.588545e+01 -4.670000e+01
      vertex   1.549071e+01 1.111445e+01 -5.540000e+01
    endloop
  endfacet
  facet normal -1.000000e+00 0.000000e+00 0.000000e+00
    outer loop
      vertex   1.549071e+01 1.111445e+01 -5.540000e+01
      vertex   1.549071e+01 1.588545e+01 -4.670000e+01
      vertex   1.549071e+01 1.588545e+01 -5.540000e+01
    endloop
  endfacet
  facet normal -1.675640e-15 -1.000000e+00 2.206022e-16
    outer loop
      vertex   1.693407e+01 1.111445e+01 -5.184118e+01
      vertex   1.549071e+01 1.111445e+01 -4.670000e+01
      vertex   1.690000e+01 1.111445e+01 -5.210000e+01
    endloop
  endfacet
  facet normal -9.562141e-16 -1.000000e+00 4.083579e-16
    outer loop
      vertex   1.690000e+01 1.111445e+01 -5.210000e+01
      vertex   1.549071e+01 1.111445e+01 -4.670000e+01
      vertex   1.549071e+01 1.111445e+01 -5.540000e+01
    endloop
  endfacet
  facet normal 0.000000e+00 -1.000000e+00 -0.000000e+00
    outer loop
      vertex   1.690000e+01 1.111445e+01 -5.210000e+01
      vertex   1.549071e+01 1.111445e+01 -5.540000e+01
      vertex   1.693407e+01 1.111445e+01 -5.235882e+01
    endloop
  endfacet
  facet normal 0.000000e+00 -1.000000e+00 -0.000000e+00
    outer loop
      vertex   1.693407e+01 1.111445e+01 -5.235882e+01
      vertex   1.549071e+01 1.111445e+01 -5.540000e+01
      vertex   1.703397e+01 1.111445e+01 -5.260000e+01
    endloop
  endfacet
  facet normal 0.000000e+00 -1.000000e+00 -0.000000e+00
    outer loop
      vertex   1.703397e+01 1.111445e+01 -5.260000e+01
      vertex   1.549071e+01 1.111445e+01 -5.540000e+01
      vertex   1.719289e+01 1.111445e+01 -5.280711e+01
    endloop
  endfacet
  facet normal 0.000000e+00 -1.000000e+00 -0.000000e+00
    outer loop
      vertex   1.719289e+01 1.111445e+01 -5.280711e+01
      vertex   1.549071e+01 1.111445e+01 -5.540000e+01
      vertex   1.740000e+01 1.111445e+01 -5.296602e+01
    endloop
  endfacet
  facet normal 0.000000e+00 -1.000000e+00 -0.000000e+00
    outer loop
      vertex   1.740000e+01 1.111445e+01 -5.296602e+01
      vertex   1.549071e+01 1.111445e+01 -5.540000e+01
      vertex   1.764118e+01 1.111445e+01 -5.306592e+01
    endloop
  endfacet
  facet normal 0.000000e+00 -1.000000e+00 -0.000000e+00
    outer loop
      vertex   1.764118e+01 1.111445e+01 -5.306592e+01
      vertex   1.549071e+01 1.111445e+01 -5.540000e+01
      vertex   1.790000e+01 1.111445e+01 -5.310000e+01
    endloop
  endfacet
  facet normal 0.000000e+00 -1.000000e+00 -0.000000e+00
    outer loop
      vertex   1.790000e+01 1.111445e+01 -5.310000e+01
      vertex   1.549071e+01 1.111445e+01 -5.540000e+01
      vertex   2.030890e+01 1.111445e+01 -5.540000e+01
    endloop
  endfacet
  facet normal 0.000000e+00 -1.000000e+00 0.000000e+00
    outer loop
      vertex   1.790000e+01 1.111445e+01 -5.310000e+01
      vertex   2.030890e+01 1.111445e+01 -5.540000e+01
      vertex   1.815882e+01 1.111445e+01 -5.306592e+01
    endloop
  endfacet
  facet normal 0.000000e+00 -1.000000e+00 0.000000e+00
    outer loop
      vertex   1.815882e+01 1.111445e+01 -5.306592e+01
      vertex   2.030890e+01 1.111445e+01 -5.540000e+01
      vertex   1.840000e+01 1.111445e+01 -5.296602e+01
    endloop
  endfacet
  facet normal 0.000000e+00 -1.000000e+00 0.000000e+00
    outer loop
      vertex   1.840000e+01 1.111445e+01 -5.296602e+01
      vertex   2.030890e+01 1.111445e+01 -5.540000e+01
      vertex   1.860711e+01 1.111445e+01 -5.280711e+01
    endloop
  endfacet
  facet normal 0.000000e+00 -1.000000e+00 0.000000e+00
    outer loop
      vertex   1.860711e+01 1.111445e+01 -5.280711e+01
      vertex   2.030890e+01 1.111445e+01 -5.540000e+01
      vertex   1.876603e+01 1.111445e+01 -5.260000e+01
    endloop
  endfacet
  facet normal 0.000000e+00 -1.000000e+00 0.000000e+00
    outer loop
      vertex   1.876603e+01 1.111445e+01 -5.260000e+01
      vertex   2.030890e+01 1.111445e+01 -5.540000e+01
      vertex   1.886593e+01 1.111445e+01 -5.235882e+01
    endloop
  endfacet
  facet normal 0.000000e+00 -1.000000e+00 0.000000e+00
    outer loop
      vertex   1.886593e+01 1.111445e+01 -5.235882e+01
      vertex   2.030890e+01 1.111445e+01 -5.540000e+01
      vertex   1.890000e+01 1.111445e+01 -5.210000e+01
    endloop
  endfacet
  facet normal 9.564778e-16 -1.000000e+00 4.083579e-16
    outer loop
      vertex   1.890000e+01 1.111445e+01 -5.210000e+01
      vertex   2.030890e+01 1.111445e+01 -5.540000e+01
      vertex   2.030890e+01 1.111445e+01 -4.670000e+01
    endloop
  endfacet
  facet normal 1.675947e-15 -1.000000e+00 2.206427e-16
    outer loop
      vertex   1.890000e+01 1.111445e+01 -5.210000e+01
      vertex   2.030890e+01 1.111445e+01 -4.670000e+01
      vertex   1.886593e+01 1.111445e+01 -5.184118e+01
    endloop
  endfacet
  facet normal 9.944558e-16 -1.000000e+00 4.119171e-16
    outer loop
      vertex   1.886593e+01 1.111445e+01 -5.184118e+01
      vertex   2.030890e+01 1.111445e+01 -4.670000e+01
      vertex   1.876603e+01 1.111445e+01 -5.160000e+01
    endloop
  endfacet
  facet normal 6.699725e-16 -1.000000e+00 5.140880e-16
    outer loop
      vertex   1.876603e+01 1.111445e+01 -5.160000e+01
      vertex   2.030890e+01 1.111445e+01 -4.670000e+01
      vertex   1.860711e+01 1.111445e+01 -5.139289e+01
    endloop
  endfacet
  facet normal 4.544456e-16 -1.000000e+00 5.922451e-16
    outer loop
      vertex   1.860711e+01 1.111445e+01 -5.139289e+01
      vertex   2.030890e+01 1.111445e+01 -4.670000e+01
      vertex   1.840000e+01 1.111445e+01 -5.123397e+01
    endloop
  endfacet
  facet normal 2.763709e-16 -1.000000e+00 6.672184e-16
    outer loop
      vertex   1.840000e+01 1.111445e+01 -5.123397e+01
      vertex   2.030890e+01 1.111445e+01 -4.670000e+01
      vertex   1.815882e+01 1.111445e+01 -5.113407e+01
    endloop
  endfacet
  facet normal 9.915419e-17 -1.000000e+00 7.531508e-16
    outer loop
      vertex   1.815882e+01 1.111445e+01 -5.113407e+01
      vertex   2.030890e+01 1.111445e+01 -4.670000e+01
      vertex   1.790000e+01 1.111445e+01 -5.110000e+01
    endloop
  endfacet
  facet normal 0.000000e+00 -1.000000e+00 8.074356e-16
    outer loop
      vertex   1.790000e+01 1.111445e+01 -5.110000e+01
      vertex   2.030890e+01 1.111445e+01 -4.670000e+01
      vertex   1.549071e+01 1.111445e+01 -4.670000e+01
    endloop
  endfacet
  facet normal -9.915311e-17 -1.000000e+00 7.531427e-16
    outer loop
      vertex   1.790000e+01 1.111445e+01 -5.110000e+01
      vertex   1.549071e+01 1.111445e+01 -4.670000e+01
      vertex   1.764118e+01 1.111445e+01 -5.113407e+01
    endloop
  endfacet
  facet normal -2.763626e-16 -1.000000e+00 6.671982e-16
    outer loop
      vertex   1.764118e+01 1.111445e+01 -5.113407e+01
      vertex   1.549071e+01 1.111445e+01 -4.670000e+01
      vertex   1.740000e+01 1.111445e+01 -5.123397e+01
    endloop
  endfacet
  facet normal -4.544230e-16 -1.000000e+00 5.922156e-16
    outer loop
      vertex   1.740000e+01 1.111445e+01 -5.123397e+01
      vertex   1.549071e+01 1.111445e+01 -4.670000e+01
      vertex   1.719289e+01 1.111445e+01 -5.139289e+01
    endloop
  endfacet
  facet normal -6.699234e-16 -1.000000e+00 5.140503e-16
    outer loop
      vertex   1.719289e+01 1.111445e+01 -5.139289e+01
      vertex   1.549071e+01 1.111445e+01 -4.670000e+01
      vertex   1.703397e+01 1.111445e+01 -5.160000e+01
    endloop
  endfacet
  facet normal -9.943476e-16 -1.000000e+00 4.118723e-16
    outer loop
      vertex   1.703397e+01 1.111445e+01 -5.160000e+01
      vertex   1.549071e+01 1.111445e+01 -4.670000e+01
      vertex   1.693407e+01 1.111445e+01 -5.184118e+01
    endloop
  endfacet
  facet normal 1.000000e+00 0.000000e+00 -4.083579e-16
    outer loop
      vertex   2.030890e+01 1.588545e+01 -4.670000e+01
      vertex   2.030890e+01 1.111445e+01 -4.670000e+01
      vertex   2.030890e+01 1.588545e+01 -5.540000e+01
    endloop
  endfacet
  facet normal 1.000000e+00 7.446478e-16 -3.040828e-31
    outer loop
      vertex   2.030890e+01 1.588545e+01 -5.540000e+01
      vertex   2.030890e+01 1.111445e+01 -4.670000e+01
      vertex   2.030890e+01 1.111445e+01 -5.540000e+01
    endloop
  endfacet
  facet normal 1.622237e-15 1.000000e+00 1.896123e-16
    outer loop
      vertex   1.624582e+01 1.588545e+01 -5.249205e+01
      vertex   1.549071e+01 1.588545e+01 -5.540000e+01
      vertex   1.620000e+01 1.588545e+01 -5.210000e+01
    endloop
  endfacet
  facet normal 2.504417e-15 1.000000e+00 0.000000e+00
    outer loop
      vertex   1.620000e+01 1.588545e+01 -5.210000e+01
      vertex   1.549071e+01 1.588545e+01 -5.540000e+01
      vertex   1.549071e+01 1.588545e+01 -4.670000e+01
    endloop
  endfacet
  facet normal 1.325186e-15 1.000000e+00 -1.548920e-16
    outer loop
      vertex   1.620000e+01 1.588545e+01 -5.210000e+01
      vertex   1.549071e+01 1.588545e+01 -4.670000e+01
      vertex   1.624582e+01 1.588545e+01 -5.170795e+01
    endloop
  endfacet
  facet normal 6.890825e-16 1.000000e+00 -2.508055e-16
    outer loop
      vertex   1.624582e+01 1.588545e+01 -5.170795e+01
      vertex   1.549071e+01 1.588545e+01 -4.670000e+01
      vertex   1.638082e+01 1.588545e+01 -5.133704e+01
    endloop
  endfacet
  facet normal 4.508586e-16 1.000000e+00 -2.965344e-16
    outer loop
      vertex   1.638082e+01 1.588545e+01 -5.133704e+01
      vertex   1.549071e+01 1.588545e+01 -4.670000e+01
      vertex   1.659772e+01 1.588545e+01 -5.100726e+01
    endloop
  endfacet
  facet normal 3.131557e-16 1.000000e+00 -3.319256e-16
    outer loop
      vertex   1.659772e+01 1.588545e+01 -5.100726e+01
      vertex   1.549071e+01 1.588545e+01 -4.670000e+01
      vertex   1.688483e+01 1.588545e+01 -5.073639e+01
    endloop
  endfacet
  facet normal 2.118406e-16 1.000000e+00 -3.669186e-16
    outer loop
      vertex   1.688483e+01 1.588545e+01 -5.073639e+01
      vertex   1.549071e+01 1.588545e+01 -4.670000e+01
      vertex   1.722666e+01 1.588545e+01 -5.053903e+01
    endloop
  endfacet
  facet normal 1.220092e-16 1.000000e+00 -4.075391e-16
    outer loop
      vertex   1.722666e+01 1.588545e+01 -5.053903e+01
      vertex   1.549071e+01 1.588545e+01 -4.670000e+01
      vertex   1.760480e+01 1.588545e+01 -5.042583e+01
    endloop
  endfacet
  facet normal 2.688028e-17 1.000000e+00 -4.615167e-16
    outer loop
      vertex   1.760480e+01 1.588545e+01 -5.042583e+01
      vertex   1.549071e+01 1.588545e+01 -4.670000e+01
      vertex   1.799885e+01 1.588545e+01 -5.040287e+01
    endloop
  endfacet
  facet normal 3.686772e-16 1.000000e+00 -2.300010e-16
    outer loop
      vertex   1.799885e+01 1.588545e+01 -5.040287e+01
      vertex   1.549071e+01 1.588545e+01 -4.670000e+01
      vertex   2.030890e+01 1.588545e+01 -4.670000e+01
    endloop
  endfacet
  facet normal -0.000000e+00 1.000000e+00 0.000000e+00
    outer loop
      vertex   1.799885e+01 1.588545e+01 -5.040287e+01
      vertex   2.030890e+01 1.588545e+01 -4.670000e+01
      vertex   1.838757e+01 1.588545e+01 -5.047142e+01
    endloop
  endfacet
  facet normal -0.000000e+00 1.000000e+00 0.000000e+00
    outer loop
      vertex   1.838757e+01 1.588545e+01 -5.047142e+01
      vertex   2.030890e+01 1.588545e+01 -4.670000e+01
      vertex   1.875000e+01 1.588545e+01 -5.062776e+01
    endloop
  endfacet
  facet normal -0.000000e+00 1.000000e+00 0.000000e+00
    outer loop
      vertex   1.875000e+01 1.588545e+01 -5.062776e+01
      vertex   2.030890e+01 1.588545e+01 -4.670000e+01
      vertex   1.906661e+01 1.588545e+01 -5.086346e+01
    endloop
  endfacet
  facet normal -0.000000e+00 1.000000e+00 0.000000e+00
    outer loop
      vertex   1.906661e+01 1.588545e+01 -5.086346e+01
      vertex   2.030890e+01 1.588545e+01 -4.670000e+01
      vertex   1.932033e+01 1.588545e+01 -5.116583e+01
    endloop
  endfacet
  facet normal -0.000000e+00 1.000000e+00 0.000000e+00
    outer loop
      vertex   1.932033e+01 1.588545e+01 -5.116583e+01
      vertex   2.030890e+01 1.588545e+01 -4.670000e+01
      vertex   1.949748e+01 1.588545e+01 -5.151856e+01
    endloop
  endfacet
  facet normal -0.000000e+00 1.000000e+00 0.000000e+00
    outer loop
      vertex   1.949748e+01 1.588545e+01 -5.151856e+01
      vertex   2.030890e+01 1.588545e+01 -4.670000e+01
      vertex   1.958850e+01 1.588545e+01 -5.190264e+01
    endloop
  endfacet
  facet normal -0.000000e+00 1.000000e+00 0.000000e+00
    outer loop
      vertex   1.958850e+01 1.588545e+01 -5.190264e+01
      vertex   2.030890e+01 1.588545e+01 -4.670000e+01
      vertex   2.030890e+01 1.588545e+01 -5.540000e+01
    endloop
  endfacet
  facet normal 0.000000e+00 1.000000e+00 0.000000e+00
    outer loop
      vertex   1.958850e+01 1.588545e+01 -5.190264e+01
      vertex   2.030890e+01 1.588545e+01 -5.540000e+01
      vertex   1.958850e+01 1.588545e+01 -5.229736e+01
    endloop
  endfacet
  facet normal 0.000000e+00 1.000000e+00 0.000000e+00
    outer loop
      vertex   1.958850e+01 1.588545e+01 -5.229736e+01
      vertex   2.030890e+01 1.588545e+01 -5.540000e+01
      vertex   1.949748e+01 1.588545e+01 -5.268143e+01
    endloop
  endfacet
  facet normal 0.000000e+00 1.000000e+00 0.000000e+00
    outer loop
      vertex   1.949748e+01 1.588545e+01 -5.268143e+01
      vertex   2.030890e+01 1.588545e+01 -5.540000e+01
      vertex   1.932033e+01 1.588545e+01 -5.303416e+01
    endloop
  endfacet
  facet normal 0.000000e+00 1.000000e+00 0.000000e+00
    outer loop
      vertex   1.932033e+01 1.588545e+01 -5.303416e+01
      vertex   2.030890e+01 1.588545e+01 -5.540000e+01
      vertex   1.906661e+01 1.588545e+01 -5.333653e+01
    endloop
  endfacet
  facet normal 0.000000e+00 1.000000e+00 0.000000e+00
    outer loop
      vertex   1.906661e+01 1.588545e+01 -5.333653e+01
      vertex   2.030890e+01 1.588545e+01 -5.540000e+01
      vertex   1.875000e+01 1.588545e+01 -5.357224e+01
    endloop
  endfacet
  facet normal 0.000000e+00 1.000000e+00 0.000000e+00
    outer loop
      vertex   1.875000e+01 1.588545e+01 -5.357224e+01
      vertex   2.030890e+01 1.588545e+01 -5.540000e+01
      vertex   1.838757e+01 1.588545e+01 -5.372858e+01
    endloop
  endfacet
  facet normal 0.000000e+00 1.000000e+00 0.000000e+00
    outer loop
      vertex   1.838757e+01 1.588545e+01 -5.372858e+01
      vertex   2.030890e+01 1.588545e+01 -5.540000e+01
      vertex   1.799885e+01 1.588545e+01 -5.379712e+01
    endloop
  endfacet
  facet normal 3.686772e-16 1.000000e+00 5.313340e-16
    outer loop
      vertex   1.799885e+01 1.588545e+01 -5.379712e+01
      vertex   2.030890e+01 1.588545e+01 -5.540000e+01
      vertex   1.549071e+01 1.588545e+01 -5.540000e+01
    endloop
  endfacet
  facet normal 5.915566e-17 1.000000e+00 1.015664e-15
    outer loop
      vertex   1.799885e+01 1.588545e+01 -5.379712e+01
      vertex   1.549071e+01 1.588545e+01 -5.540000e+01
      vertex   1.760480e+01 1.588545e+01 -5.377417e+01
    endloop
  endfacet
  facet normal 2.354431e-16 1.000000e+00 7.864348e-16
    outer loop
      vertex   1.760480e+01 1.588545e+01 -5.377417e+01
      vertex   1.549071e+01 1.588545e+01 -5.540000e+01
      vertex   1.722666e+01 1.588545e+01 -5.366097e+01
    endloop
  endfacet
  facet normal 3.741232e-16 1.000000e+00 6.480004e-16
    outer loop
      vertex   1.722666e+01 1.588545e+01 -5.366097e+01
      vertex   1.549071e+01 1.588545e+01 -5.540000e+01
      vertex   1.688483e+01 1.588545e+01 -5.346361e+01
    endloop
  endfacet
  facet normal 5.153973e-16 1.000000e+00 5.462892e-16
    outer loop
      vertex   1.688483e+01 1.588545e+01 -5.346361e+01
      vertex   1.549071e+01 1.588545e+01 -5.540000e+01
      vertex   1.659772e+01 1.588545e+01 -5.319274e+01
    endloop
  endfacet
  facet normal 6.942271e-16 1.000000e+00 4.566003e-16
    outer loop
      vertex   1.659772e+01 1.588545e+01 -5.319274e+01
      vertex   1.549071e+01 1.588545e+01 -5.540000e+01
      vertex   1.638082e+01 1.588545e+01 -5.286296e+01
    endloop
  endfacet
  facet normal 9.795062e-16 1.000000e+00 3.565111e-16
    outer loop
      vertex   1.638082e+01 1.588545e+01 -5.286296e+01
      vertex   1.549071e+01 1.588545e+01 -5.540000e+01
      vertex   1.624582e+01 1.588545e+01 -5.249205e+01
    endloop
  endfacet
  facet normal 0.000000e+00 0.000000e+00 -1.000000e+00
    outer loop
      vertex   1.549071e+01 1.588545e+01 -5.540000e+01
      vertex   2.030890e+01 1.588545e+01 -5.540000e+01
      vertex   1.549071e+01 1.111445e+01 -5.540000e+01
    endloop
  endfacet
  facet normal 0.000000e+00 0.000000e+00 -1.000000e+00
    outer loop
      vertex   1.549071e+01 1.111445e+01 -5.540000e+01
      vertex   2.030890e+01 1.588545e+01 -5.540000e+01
      vertex   2.030890e+01 1.111445e+01 -5.540000e+01
    endloop
  endfacet
  facet normal 0.000000e+00 0.000000e+00 -1.000000e+00
    outer loop
      vertex   1.420626e+01 3.111693e+01 -4.670000e+01
      vertex   1.442704e+01 3.319615e+01 -4.670000e+01
      vertex   1.549071e+01 3.133803e+01 -4.670000e+01
    endloop
  endfacet
  facet normal 0.000000e+00 0.000000e+00 -1.000000e+00
    outer loop
      vertex   1.549071e+01 3.133803e+01 -4.670000e+01
      vertex   1.442704e+01 3.319615e+01 -4.670000e+01
      vertex   1.580943e+01 3.339044e+01 -4.670000e+01
    endloop
  endfacet
  facet normal 0.000000e+00 0.000000e+00 -1.000000e+00
    outer loop
      vertex   1.549071e+01 3.133803e+01 -4.670000e+01
      vertex   1.580943e+01 3.339044e+01 -4.670000e+01
      vertex   1.720201e+01 3.348782e+01 -4.670000e+01
    endloop
  endfacet
  facet normal 0.000000e+00 0.000000e+00 -1.000000e+00
    outer loop
      vertex   1.442704e+01 3.319615e+01 -4.670000e+01
      vertex   1.420626e+01 3.111693e+01 -4.670000e+01
      vertex   1.306156e+01 3.290591e+01 -4.670000e+01
    endloop
  endfacet
  facet normal 0.000000e+00 -0.000000e+00 -1.000000e+00
    outer loop
      vertex   1.306156e+01 3.290591e+01 -4.670000e+01
      vertex   1.420626e+01 3.111693e+01 -4.670000e+01
      vertex   1.294117e+01 3.080347e+01 -4.670000e+01
    endloop
  endfacet
  facet normal 0.000000e+00 0.000000e+00 -1.000000e+00
    outer loop
      vertex   1.306156e+01 3.290591e+01 -4.670000e+01
      vertex   1.294117e+01 3.080347e+01 -4.670000e+01
      vertex   1.171966e+01 3.252113e+01 -4.670000e+01
    endloop
  endfacet
  facet normal 0.000000e+00 -0.000000e+00 -1.000000e+00
    outer loop
      vertex   1.171966e+01 3.252113e+01 -4.670000e+01
      vertex   1.294117e+01 3.080347e+01 -4.670000e+01
      vertex   1.170208e+01 3.039928e+01 -4.670000e+01
    endloop
  endfacet
  facet normal 0.000000e+00 0.000000e+00 -1.000000e+00
    outer loop
      vertex   1.171966e+01 3.252113e+01 -4.670000e+01
      vertex   1.170208e+01 3.039928e+01 -4.670000e+01
      vertex   1.040787e+01 3.204368e+01 -4.670000e+01
    endloop
  endfacet
  facet normal 0.000000e+00 0.000000e+00 -1.000000e+00
    outer loop
      vertex   1.040787e+01 3.204368e+01 -4.670000e+01
      vertex   1.170208e+01 3.039928e+01 -4.670000e+01
      vertex   1.049549e+01 2.990650e+01 -4.670000e+01
    endloop
  endfacet
  facet normal 0.000000e+00 -0.000000e+00 -1.000000e+00
    outer loop
      vertex   1.040787e+01 3.204368e+01 -4.670000e+01
      vertex   1.049549e+01 2.990650e+01 -4.670000e+01
      vertex   9.132576e+00 3.147588e+01 -4.670000e+01
    endloop
  endfacet
  facet normal 0.000000e+00 0.000000e+00 -1.000000e+00
    outer loop
      vertex   9.132576e+00 3.147588e+01 -4.670000e+01
      vertex   1.049549e+01 2.990650e+01 -4.670000e+01
      vertex   9.327718e+00 2.932770e+01 -4.670000e+01
    endloop
  endfacet
  facet normal 0.000000e+00 -0.000000e+00 -1.000000e+00
    outer loop
      vertex   9.132576e+00 3.147588e+01 -4.670000e+01
      vertex   9.327718e+00 2.932770e+01 -4.670000e+01
      vertex   7.899999e+00 3.082051e+01 -4.670000e+01
    endloop
  endfacet
  facet normal 0.000000e+00 0.000000e+00 -1.000000e+00
    outer loop
      vertex   7.899999e+00 3.082051e+01 -4.670000e+01
      vertex   9.327718e+00 2.932770e+01 -4.670000e+01
      vertex   8.204891e+00 2.866591e+01 -4.670000e+01
    endloop
  endfacet
  facet normal 0.000000e+00 -0.000000e+00 -1.000000e+00
    outer loop
      vertex   7.899999e+00 3.082051e+01 -4.670000e+01
      vertex   8.204891e+00 2.866591e+01 -4.670000e+01
      vertex   6.716141e+00 3.008075e+01 -4.670000e+01
    endloop
  endfacet
  facet normal 0.000000e+00 0.000000e+00 -1.000000e+00
    outer loop
      vertex   6.716141e+00 3.008075e+01 -4.670000e+01
      vertex   8.204891e+00 2.866591e+01 -4.670000e+01
      vertex   7.132893e+00 2.792461e+01 -4.670000e+01
    endloop
  endfacet
  facet normal 0.000000e+00 -0.000000e+00 -1.000000e+00
    outer loop
      vertex   6.716141e+00 3.008075e+01 -4.670000e+01
      vertex   7.132893e+00 2.792461e+01 -4.670000e+01
      vertex   5.586770e+00 2.926021e+01 -4.670000e+01
    endloop
  endfacet
  facet normal 0.000000e+00 0.000000e+00 -1.000000e+00
    outer loop
      vertex   5.586770e+00 2.926021e+01 -4.670000e+01
      vertex   7.132893e+00 2.792461e+01 -4.670000e+01
      vertex   6.117347e+00 2.710769e+01 -4.670000e+01
    endloop
  endfacet
  facet normal 0.000000e+00 -0.000000e+00 -1.000000e+00
    outer loop
      vertex   5.586770e+00 2.926021e+01 -4.670000e+01
      vertex   6.117347e+00 2.710769e+01 -4.670000e+01
      vertex   4.517387e+00 2.836290e+01 -4.670000e+01
    endloop
  endfacet
  facet normal 0.000000e+00 0.000000e+00 -1.000000e+00
    outer loop
      vertex   4.517387e+00 2.836290e+01 -4.670000e+01
      vertex   6.117347e+00 2.710769e+01 -4.670000e+01
      vertex   5.163576e+00 2.621941e+01 -4.670000e+01
    endloop
  endfacet
  facet normal 0.000000e+00 -0.000000e+00 -1.000000e+00
    outer loop
      vertex   4.517387e+00 2.836290e+01 -4.670000e+01
      vertex   5.163576e+00 2.621941e+01 -4.670000e+01
      vertex   3.513203e+00 2.739317e+01 -4.670000e+01
    endloop
  endfacet
  facet normal 0.000000e+00 0.000000e+00 -1.000000e+00
    outer loop
      vertex   3.513203e+00 2.739317e+01 -4.670000e+01
      vertex   5.163576e+00 2.621941e+01 -4.670000e+01
      vertex   4.276581e+00 2.526446e+01 -4.670000e+01
    endloop
  endfacet
  facet normal 0.000000e+00 -0.000000e+00 -1.000000e+00
    outer loop
      vertex   3.513203e+00 2.739317e+01 -4.670000e+01
      vertex   4.276581e+00 2.526446e+01 -4.670000e+01
      vertex   2.579110e+00 2.635575e+01 -4.670000e+01
    endloop
  endfacet
  facet normal 0.000000e+00 0.000000e+00 -1.000000e+00
    outer loop
      vertex   2.579110e+00 2.635575e+01 -4.670000e+01
      vertex   4.276581e+00 2.526446e+01 -4.670000e+01
      vertex   3.461012e+00 2.424782e+01 -4.670000e+01
    endloop
  endfacet
  facet normal 0.000000e+00 -0.000000e+00 -1.000000e+00
    outer loop
      vertex   2.579110e+00 2.635575e+01 -4.670000e+01
      vertex   3.461012e+00 2.424782e+01 -4.670000e+01
      vertex   1.719659e+00 2.525570e+01 -4.670000e+01
    endloop
  endfacet
  facet normal 0.000000e+00 0.000000e+00 -1.000000e+00
    outer loop
      vertex   1.719659e+00 2.525570e+01 -4.670000e+01
      vertex   3.461012e+00 2.424782e+01 -4.670000e+01
      vertex   2.721146e+00 2.317483e+01 -4.670000e+01
    endloop
  endfacet
  facet normal 0.000000e+00 -0.000000e+00 -1.000000e+00
    outer loop
      vertex   1.719659e+00 2.525570e+01 -4.670000e+01
      vertex   2.721146e+00 2.317483e+01 -4.670000e+01
      vertex   9.390374e-01 2.409838e+01 -4.670000e+01
    endloop
  endfacet
  facet normal 0.000000e+00 0.000000e+00 -1.000000e+00
    outer loop
      vertex   9.390374e-01 2.409838e+01 -4.670000e+01
      vertex   2.721146e+00 2.317483e+01 -4.670000e+01
      vertex   2.060861e+00 2.205112e+01 -4.670000e+01
    endloop
  endfacet
  facet normal 0.000000e+00 -0.000000e+00 -1.000000e+00
    outer loop
      vertex   9.390374e-01 2.409838e+01 -4.670000e+01
      vertex   2.060861e+00 2.205112e+01 -4.670000e+01
      vertex   2.410475e-01 2.288943e+01 -4.670000e+01
    endloop
  endfacet
  facet normal 0.000000e+00 0.000000e+00 -1.000000e+00
    outer loop
      vertex   2.410475e-01 2.288943e+01 -4.670000e+01
      vertex   2.060861e+00 2.205112e+01 -4.670000e+01
      vertex   1.483619e+00 2.088258e+01 -4.670000e+01
    endloop
  endfacet
  facet normal 0.000000e+00 -0.000000e+00 -1.000000e+00
    outer loop
      vertex   2.410475e-01 2.288943e+01 -4.670000e+01
      vertex   1.483619e+00 2.088258e+01 -4.670000e+01
      vertex   -3.709098e-01 2.163473e+01 -4.670000e+01
    endloop
  endfacet
  facet normal 0.000000e+00 0.000000e+00 -1.000000e+00
    outer loop
      vertex   -3.709098e-01 2.163473e+01 -4.670000e+01
      vertex   1.483619e+00 2.088258e+01 -4.670000e+01
      vertex   9.924471e-01 1.967533e+01 -4.670000e+01
    endloop
  endfacet
  facet normal 0.000000e+00 -0.000000e+00 -1.000000e+00
    outer loop
      vertex   -3.709098e-01 2.163473e+01 -4.670000e+01
      vertex   9.924471e-01 1.967533e+01 -4.670000e+01
      vertex   -8.938531e-01 2.034040e+01 -4.670000e+01
    endloop
  endfacet
  facet normal 0.000000e+00 -0.000000e+00 -1.000000e+00
    outer loop
      vertex   -8.938531e-01 2.034040e+01 -4.670000e+01
      vertex   9.924471e-01 1.967533e+01 -4.670000e+01
      vertex   -1.325235e+00 1.901275e+01 -4.670000e+01
    endloop
  endfacet
  facet normal 0.000000e+00 0.000000e+00 -1.000000e+00
    outer loop
      vertex   -1.325235e+00 1.901275e+01 -4.670000e+01
      vertex   9.924471e-01 1.967533e+01 -4.670000e+01
      vertex   5.899198e-01 1.843570e+01 -4.670000e+01
    endloop
  endfacet
  facet normal 0.000000e+00 -0.000000e+00 -1.000000e+00
    outer loop
      vertex   -1.325235e+00 1.901275e+01 -4.670000e+01
      vertex   5.899198e-01 1.843570e+01 -4.670000e+01
      vertex   -1.662953e+00 1.765823e+01 -4.670000e+01
    endloop
  endfacet
  facet normal 0.000000e+00 0.000000e+00 -1.000000e+00
    outer loop
      vertex   -1.662953e+00 1.765823e+01 -4.670000e+01
      vertex   5.899198e-01 1.843570e+01 -4.670000e+01
      vertex   2.781477e-01 1.717020e+01 -4.670000e+01
    endloop
  endfacet
  facet normal 0.000000e+00 -0.000000e+00 -1.000000e+00
    outer loop
      vertex   -1.662953e+00 1.765823e+01 -4.670000e+01
      vertex   2.781477e-01 1.717020e+01 -4.670000e+01
      vertex   -1.905362e+00 1.628346e+01 -4.670000e+01
    endloop
  endfacet
  facet normal 7.240097e-15 -1.782813e-14 -1.000000e+00
    outer loop
      vertex   -1.905362e+00 1.628346e+01 -4.670000e+01
      vertex   2.781477e-01 1.717020e+01 -4.670000e+01
      vertex   5.876539e-02 1.588545e+01 -4.670000e+01
    endloop
  endfacet
  facet normal 1.062647e-14 -1.116887e-15 -1.000000e+00
    outer loop
      vertex   -1.905362e+00 1.628346e+01 -4.670000e+01
      vertex   5.876539e-02 1.588545e+01 -4.670000e+01
      vertex   -2.051282e+00 1.489513e+01 -4.670000e+01
    endloop
  endfacet
  facet normal 1.027061e-14 -3.586576e-16 -1.000000e+00
    outer loop
      vertex   -2.051282e+00 1.489513e+01 -4.670000e+01
      vertex   5.876539e-02 1.588545e+01 -4.670000e+01
      vertex   -2.100001e+00 1.350000e+01 -4.670000e+01
    endloop
  endfacet
  facet normal 9.874260e-15 2.737846e-20 -1.000000e+00
    outer loop
      vertex   -2.100001e+00 1.350000e+01 -4.670000e+01
      vertex   5.876539e-02 1.588545e+01 -4.670000e+01
      vertex   5.877862e-02 1.111445e+01 -4.670000e+01
    endloop
  endfacet
  facet normal 1.027056e-14 3.586559e-16 -1.000000e+00
    outer loop
      vertex   -2.100001e+00 1.350000e+01 -4.670000e+01
      vertex   5.877862e-02 1.111445e+01 -4.670000e+01
      vertex   -2.051282e+00 1.210487e+01 -4.670000e+01
    endloop
  endfacet
  facet normal 1.062646e-14 1.116886e-15 -1.000000e+00
    outer loop
      vertex   -2.051282e+00 1.210487e+01 -4.670000e+01
      vertex   5.877862e-02 1.111445e+01 -4.670000e+01
      vertex   -1.905362e+00 1.071654e+01 -4.670000e+01
    endloop
  endfacet
  facet normal 7.240893e-15 1.782839e-14 -1.000000e+00
    outer loop
      vertex   -1.905362e+00 1.071654e+01 -4.670000e+01
      vertex   5.877862e-02 1.111445e+01 -4.670000e+01
      vertex   2.781669e-01 9.829710e+00 -4.670000e+01
    endloop
  endfacet
  facet normal 0.000000e+00 0.000000e+00 -1.000000e+00
    outer loop
      vertex   -1.905362e+00 1.071654e+01 -4.670000e+01
      vertex   2.781669e-01 9.829710e+00 -4.670000e+01
      vertex   -1.662953e+00 9.341766e+00 -4.670000e+01
    endloop
  endfacet
  facet normal 0.000000e+00 0.000000e+00 -1.000000e+00
    outer loop
      vertex   -1.662953e+00 9.341766e+00 -4.670000e+01
      vertex   2.781669e-01 9.829710e+00 -4.670000e+01
      vertex   5.899441e-01 8.564213e+00 -4.670000e+01
    endloop
  endfacet
  facet normal 0.000000e+00 0.000000e+00 -1.000000e+00
    outer loop
      vertex   -1.662953e+00 9.341766e+00 -4.670000e+01
      vertex   5.899441e-01 8.564213e+00 -4.670000e+01
      vertex   -1.325235e+00 7.987253e+00 -4.670000e+01
    endloop
  endfacet
  facet normal 0.000000e+00 0.000000e+00 -1.000000e+00
    outer loop
      vertex   -1.325235e+00 7.987253e+00 -4.670000e+01
      vertex   5.899441e-01 8.564213e+00 -4.670000e+01
      vertex   9.924757e-01 7.324593e+00 -4.670000e+01
    endloop
  endfacet
  facet normal 0.000000e+00 0.000000e+00 -1.000000e+00
    outer loop
      vertex   -1.325235e+00 7.987253e+00 -4.670000e+01
      vertex   9.924757e-01 7.324593e+00 -4.670000e+01
      vertex   -8.938531e-01 6.659597e+00 -4.670000e+01
    endloop
  endfacet
  facet normal 0.000000e+00 0.000000e+00 -1.000000e+00
    outer loop
      vertex   -8.938531e-01 6.659597e+00 -4.670000e+01
      vertex   9.924757e-01 7.324593e+00 -4.670000e+01
      vertex   -3.709098e-01 5.365267e+00 -4.670000e+01
    endloop
  endfacet
  facet normal 0.000000e+00 0.000000e+00 -1.000000e+00
    outer loop
      vertex   -3.709098e-01 5.365267e+00 -4.670000e+01
      vertex   9.924757e-01 7.324593e+00 -4.670000e+01
      vertex   1.483651e+00 6.117350e+00 -4.670000e+01
    endloop
  endfacet
  facet normal 0.000000e+00 0.000000e+00 -1.000000e+00
    outer loop
      vertex   -3.709098e-01 5.365267e+00 -4.670000e+01
      vertex   1.483651e+00 6.117350e+00 -4.670000e+01
      vertex   2.410475e-01 4.110568e+00 -4.670000e+01
    endloop
  endfacet
  facet normal 0.000000e+00 0.000000e+00 -1.000000e+00
    outer loop
      vertex   2.410475e-01 4.110568e+00 -4.670000e+01
      vertex   1.483651e+00 6.117350e+00 -4.670000e+01
      vertex   2.060895e+00 4.948814e+00 -4.670000e+01
    endloop
  endfacet
  facet normal 0.000000e+00 0.000000e+00 -1.000000e+00
    outer loop
      vertex   2.410475e-01 4.110568e+00 -4.670000e+01
      vertex   2.060895e+00 4.948814e+00 -4.670000e+01
      vertex   9.390374e-01 2.901614e+00 -4.670000e+01
    endloop
  endfacet
  facet normal 0.000000e+00 0.000000e+00 -1.000000e+00
    outer loop
      vertex   9.390374e-01 2.901614e+00 -4.670000e+01
      vertex   2.060895e+00 4.948814e+00 -4.670000e+01
      vertex   2.721182e+00 3.825110e+00 -4.670000e+01
    endloop
  endfacet
  facet normal 0.000000e+00 0.000000e+00 -1.000000e+00
    outer loop
      vertex   9.390374e-01 2.901614e+00 -4.670000e+01
      vertex   2.721182e+00 3.825110e+00 -4.670000e+01
      vertex   1.719659e+00 1.744295e+00 -4.670000e+01
    endloop
  endfacet
  facet normal 0.000000e+00 0.000000e+00 -1.000000e+00
    outer loop
      vertex   1.719659e+00 1.744295e+00 -4.670000e+01
      vertex   2.721182e+00 3.825110e+00 -4.670000e+01
      vertex   3.461049e+00 2.752130e+00 -4.670000e+01
    endloop
  endfacet
  facet normal 0.000000e+00 0.000000e+00 -1.000000e+00
    outer loop
      vertex   1.719659e+00 1.744295e+00 -4.670000e+01
      vertex   3.461049e+00 2.752130e+00 -4.670000e+01
      vertex   2.579110e+00 6.442475e-01 -4.670000e+01
    endloop
  endfacet
  facet normal 0.000000e+00 0.000000e+00 -1.000000e+00
    outer loop
      vertex   2.579110e+00 6.442475e-01 -4.670000e+01
      vertex   3.461049e+00 2.752130e+00 -4.670000e+01
      vertex   4.276617e+00 1.735500e+00 -4.670000e+01
    endloop
  endfacet
  facet normal 0.000000e+00 0.000000e+00 -1.000000e+00
    outer loop
      vertex   2.579110e+00 6.442475e-01 -4.670000e+01
      vertex   4.276617e+00 1.735500e+00 -4.670000e+01
      vertex   3.513203e+00 -3.931677e-01 -4.670000e+01
    endloop
  endfacet
  facet normal 0.000000e+00 0.000000e+00 -1.000000e+00
    outer loop
      vertex   3.513203e+00 -3.931677e-01 -4.670000e+01
      vertex   4.276617e+00 1.735500e+00 -4.670000e+01
      vertex   5.163611e+00 7.805494e-01 -4.670000e+01
    endloop
  endfacet
  facet normal 0.000000e+00 0.000000e+00 -1.000000e+00
    outer loop
      vertex   3.513203e+00 -3.931677e-01 -4.670000e+01
      vertex   5.163611e+00 7.805494e-01 -4.670000e+01
      vertex   4.517387e+00 -1.362897e+00 -4.670000e+01
    endloop
  endfacet
  facet normal 0.000000e+00 0.000000e+00 -1.000000e+00
    outer loop
      vertex   4.517387e+00 -1.362897e+00 -4.670000e+01
      vertex   5.163611e+00 7.805494e-01 -4.670000e+01
      vertex   6.117380e+00 -1.077147e-01 -4.670000e+01
    endloop
  endfacet
  facet normal 0.000000e+00 0.000000e+00 -1.000000e+00
    outer loop
      vertex   4.517387e+00 -1.362897e+00 -4.670000e+01
      vertex   6.117380e+00 -1.077147e-01 -4.670000e+01
      vertex   5.586770e+00 -2.260215e+00 -4.670000e+01
    endloop
  endfacet
  facet normal 0.000000e+00 0.000000e+00 -1.000000e+00
    outer loop
      vertex   5.586770e+00 -2.260215e+00 -4.670000e+01
      vertex   6.117380e+00 -1.077147e-01 -4.670000e+01
      vertex   7.132924e+00 -9.246353e-01 -4.670000e+01
    endloop
  endfacet
  facet normal 0.000000e+00 0.000000e+00 -1.000000e+00
    outer loop
      vertex   5.586770e+00 -2.260215e+00 -4.670000e+01
      vertex   7.132924e+00 -9.246353e-01 -4.670000e+01
      vertex   6.716141e+00 -3.080752e+00 -4.670000e+01
    endloop
  endfacet
  facet normal 0.000000e+00 0.000000e+00 -1.000000e+00
    outer loop
      vertex   6.716141e+00 -3.080752e+00 -4.670000e+01
      vertex   7.132924e+00 -9.246353e-01 -4.670000e+01
      vertex   8.204919e+00 -1.665930e+00 -4.670000e+01
    endloop
  endfacet
  facet normal 0.000000e+00 0.000000e+00 -1.000000e+00
    outer loop
      vertex   6.716141e+00 -3.080752e+00 -4.670000e+01
      vertex   8.204919e+00 -1.665930e+00 -4.670000e+01
      vertex   7.899999e+00 -3.820508e+00 -4.670000e+01
    endloop
  endfacet
  facet normal 0.000000e+00 0.000000e+00 -1.000000e+00
    outer loop
      vertex   7.899999e+00 -3.820508e+00 -4.670000e+01
      vertex   8.204919e+00 -1.665930e+00 -4.670000e+01
      vertex   9.327743e+00 -2.327711e+00 -4.670000e+01
    endloop
  endfacet
  facet normal 0.000000e+00 0.000000e+00 -1.000000e+00
    outer loop
      vertex   7.899999e+00 -3.820508e+00 -4.670000e+01
      vertex   9.327743e+00 -2.327711e+00 -4.670000e+01
      vertex   9.132576e+00 -4.475881e+00 -4.670000e+01
    endloop
  endfacet
  facet normal 0.000000e+00 0.000000e+00 -1.000000e+00
    outer loop
      vertex   9.132576e+00 -4.475881e+00 -4.670000e+01
      vertex   9.327743e+00 -2.327711e+00 -4.670000e+01
      vertex   1.049551e+01 -2.906509e+00 -4.670000e+01
    endloop
  endfacet
  facet normal 0.000000e+00 0.000000e+00 -1.000000e+00
    outer loop
      vertex   9.132576e+00 -4.475881e+00 -4.670000e+01
      vertex   1.049551e+01 -2.906509e+00 -4.670000e+01
      vertex   1.040787e+01 -5.043677e+00 -4.670000e+01
    endloop
  endfacet
  facet normal 0.000000e+00 0.000000e+00 -1.000000e+00
    outer loop
      vertex   1.040787e+01 -5.043677e+00 -4.670000e+01
      vertex   1.049551e+01 -2.906509e+00 -4.670000e+01
      vertex   1.170210e+01 -3.399291e+00 -4.670000e+01
    endloop
  endfacet
  facet normal 0.000000e+00 0.000000e+00 -1.000000e+00
    outer loop
      vertex   1.040787e+01 -5.043677e+00 -4.670000e+01
      vertex   1.170210e+01 -3.399291e+00 -4.670000e+01
      vertex   1.171966e+01 -5.521131e+00 -4.670000e+01
    endloop
  endfacet
  facet normal 0.000000e+00 0.000000e+00 -1.000000e+00
    outer loop
      vertex   1.171966e+01 -5.521131e+00 -4.670000e+01
      vertex   1.170210e+01 -3.399291e+00 -4.670000e+01
      vertex   1.294118e+01 -3.803472e+00 -4.670000e+01
    endloop
  endfacet
  facet normal 0.000000e+00 0.000000e+00 -1.000000e+00
    outer loop
      vertex   1.171966e+01 -5.521131e+00 -4.670000e+01
      vertex   1.294118e+01 -3.803472e+00 -4.670000e+01
      vertex   1.306156e+01 -5.905915e+00 -4.670000e+01
    endloop
  endfacet
  facet normal 0.000000e+00 0.000000e+00 -1.000000e+00
    outer loop
      vertex   1.306156e+01 -5.905915e+00 -4.670000e+01
      vertex   1.294118e+01 -3.803472e+00 -4.670000e+01
      vertex   1.420626e+01 -4.116933e+00 -4.670000e+01
    endloop
  endfacet
  facet normal 0.000000e+00 0.000000e+00 -1.000000e+00
    outer loop
      vertex   1.306156e+01 -5.905915e+00 -4.670000e+01
      vertex   1.420626e+01 -4.116933e+00 -4.670000e+01
      vertex   1.442704e+01 -6.196155e+00 -4.670000e+01
    endloop
  endfacet
  facet normal 0.000000e+00 0.000000e+00 -1.000000e+00
    outer loop
      vertex   1.442704e+01 -6.196155e+00 -4.670000e+01
      vertex   1.420626e+01 -4.116933e+00 -4.670000e+01
      vertex   1.549071e+01 -4.338031e+00 -4.670000e+01
    endloop
  endfacet
  facet normal 0.000000e+00 0.000000e+00 -1.000000e+00
    outer loop
      vertex   1.442704e+01 -6.196155e+00 -4.670000e+01
      vertex   1.549071e+01 -4.338031e+00 -4.670000e+01
      vertex   1.580943e+01 -6.390438e+00 -4.670000e+01
    endloop
  endfacet
  facet normal 0.000000e+00 0.000000e+00 -1.000000e+00
    outer loop
      vertex   1.580943e+01 -6.390438e+00 -4.670000e+01
      vertex   1.549071e+01 -4.338031e+00 -4.670000e+01
      vertex   1.720201e+01 -6.487817e+00 -4.670000e+01
    endloop
  endfacet
  facet normal 0.000000e+00 0.000000e+00 -1.000000e+00
    outer loop
      vertex   1.720201e+01 -6.487817e+00 -4.670000e+01
      vertex   1.549071e+01 -4.338031e+00 -4.670000e+01
      vertex   2.030890e+01 -4.338083e+00 -4.670000e+01
    endloop
  endfacet
  facet normal 0.000000e+00 0.000000e+00 -1.000000e+00
    outer loop
      vertex   1.720201e+01 -6.487817e+00 -4.670000e+01
      vertex   2.030890e+01 -4.338083e+00 -4.670000e+01
      vertex   1.859799e+01 -6.487817e+00 -4.670000e+01
    endloop
  endfacet
  facet normal 0.000000e+00 0.000000e+00 -1.000000e+00
    outer loop
      vertex   1.859799e+01 -6.487817e+00 -4.670000e+01
      vertex   2.030890e+01 -4.338083e+00 -4.670000e+01
      vertex   1.999057e+01 -6.390438e+00 -4.670000e+01
    endloop
  endfacet
  facet normal 0.000000e+00 0.000000e+00 -1.000000e+00
    outer loop
      vertex   1.999057e+01 -6.390438e+00 -4.670000e+01
      vertex   2.030890e+01 -4.338083e+00 -4.670000e+01
      vertex   2.137296e+01 -6.196155e+00 -4.670000e+01
    endloop
  endfacet
  facet normal 0.000000e+00 0.000000e+00 -1.000000e+00
    outer loop
      vertex   2.137296e+01 -6.196155e+00 -4.670000e+01
      vertex   2.030890e+01 -4.338083e+00 -4.670000e+01
      vertex   2.159337e+01 -4.117009e+00 -4.670000e+01
    endloop
  endfacet
  facet normal 0.000000e+00 0.000000e+00 -1.000000e+00
    outer loop
      vertex   2.137296e+01 -6.196155e+00 -4.670000e+01
      vertex   2.159337e+01 -4.117009e+00 -4.670000e+01
      vertex   2.273844e+01 -5.905915e+00 -4.670000e+01
    endloop
  endfacet
  facet normal 0.000000e+00 0.000000e+00 -1.000000e+00
    outer loop
      vertex   2.273844e+01 -5.905915e+00 -4.670000e+01
      vertex   2.159337e+01 -4.117009e+00 -4.670000e+01
      vertex   2.285848e+01 -3.803568e+00 -4.670000e+01
    endloop
  endfacet
  facet normal 0.000000e+00 0.000000e+00 -1.000000e+00
    outer loop
      vertex   2.273844e+01 -5.905915e+00 -4.670000e+01
      vertex   2.285848e+01 -3.803568e+00 -4.670000e+01
      vertex   2.408034e+01 -5.521131e+00 -4.670000e+01
    endloop
  endfacet
  facet normal 0.000000e+00 0.000000e+00 -1.000000e+00
    outer loop
      vertex   2.408034e+01 -5.521131e+00 -4.670000e+01
      vertex   2.285848e+01 -3.803568e+00 -4.670000e+01
      vertex   2.409759e+01 -3.399403e+00 -4.670000e+01
    endloop
  endfacet
  facet normal 0.000000e+00 0.000000e+00 -1.000000e+00
    outer loop
      vertex   2.408034e+01 -5.521131e+00 -4.670000e+01
      vertex   2.409759e+01 -3.399403e+00 -4.670000e+01
      vertex   2.539213e+01 -5.043677e+00 -4.670000e+01
    endloop
  endfacet
  facet normal 0.000000e+00 0.000000e+00 -1.000000e+00
    outer loop
      vertex   2.539213e+01 -5.043677e+00 -4.670000e+01
      vertex   2.409759e+01 -3.399403e+00 -4.670000e+01
      vertex   2.530421e+01 -2.906635e+00 -4.670000e+01
    endloop
  endfacet
  facet normal 0.000000e+00 0.000000e+00 -1.000000e+00
    outer loop
      vertex   2.539213e+01 -5.043677e+00 -4.670000e+01
      vertex   2.530421e+01 -2.906635e+00 -4.670000e+01
      vertex   2.666742e+01 -4.475881e+00 -4.670000e+01
    endloop
  endfacet
  facet normal 0.000000e+00 0.000000e+00 -1.000000e+00
    outer loop
      vertex   2.666742e+01 -4.475881e+00 -4.670000e+01
      vertex   2.530421e+01 -2.906635e+00 -4.670000e+01
      vertex   2.647201e+01 -2.327845e+00 -4.670000e+01
    endloop
  endfacet
  facet normal 0.000000e+00 0.000000e+00 -1.000000e+00
    outer loop
      vertex   2.666742e+01 -4.475881e+00 -4.670000e+01
      vertex   2.647201e+01 -2.327845e+00 -4.670000e+01
      vertex   2.790000e+01 -3.820508e+00 -4.670000e+01
    endloop
  endfacet
  facet normal 0.000000e+00 0.000000e+00 -1.000000e+00
    outer loop
      vertex   2.790000e+01 -3.820508e+00 -4.670000e+01
      vertex   2.647201e+01 -2.327845e+00 -4.670000e+01
      vertex   2.759486e+01 -1.666070e+00 -4.670000e+01
    endloop
  endfacet
  facet normal 0.000000e+00 0.000000e+00 -1.000000e+00
    outer loop
      vertex   2.790000e+01 -3.820508e+00 -4.670000e+01
      vertex   2.759486e+01 -1.666070e+00 -4.670000e+01
      vertex   2.908386e+01 -3.080752e+00 -4.670000e+01
    endloop
  endfacet
  facet normal 0.000000e+00 0.000000e+00 -1.000000e+00
    outer loop
      vertex   2.908386e+01 -3.080752e+00 -4.670000e+01
      vertex   2.759486e+01 -1.666070e+00 -4.670000e+01
      vertex   2.866688e+01 -9.247784e-01 -4.670000e+01
    endloop
  endfacet
  facet normal 0.000000e+00 0.000000e+00 -1.000000e+00
    outer loop
      vertex   2.908386e+01 -3.080752e+00 -4.670000e+01
      vertex   2.866688e+01 -9.247784e-01 -4.670000e+01
      vertex   3.021323e+01 -2.260215e+00 -4.670000e+01
    endloop
  endfacet
  facet normal 0.000000e+00 0.000000e+00 -1.000000e+00
    outer loop
      vertex   3.021323e+01 -2.260215e+00 -4.670000e+01
      vertex   2.866688e+01 -9.247784e-01 -4.670000e+01
      vertex   2.968245e+01 -1.078571e-01 -4.670000e+01
    endloop
  endfacet
  facet normal 0.000000e+00 0.000000e+00 -1.000000e+00
    outer loop
      vertex   3.021323e+01 -2.260215e+00 -4.670000e+01
      vertex   2.968245e+01 -1.078571e-01 -4.670000e+01
      vertex   3.128261e+01 -1.362897e+00 -4.670000e+01
    endloop
  endfacet
  facet normal 0.000000e+00 0.000000e+00 -1.000000e+00
    outer loop
      vertex   3.128261e+01 -1.362897e+00 -4.670000e+01
      vertex   2.968245e+01 -1.078571e-01 -4.670000e+01
      vertex   3.063625e+01 7.804109e-01 -4.670000e+01
    endloop
  endfacet
  facet normal 0.000000e+00 0.000000e+00 -1.000000e+00
    outer loop
      vertex   3.128261e+01 -1.362897e+00 -4.670000e+01
      vertex   3.063625e+01 7.804109e-01 -4.670000e+01
      vertex   3.228680e+01 -3.931677e-01 -4.670000e+01
    endloop
  endfacet
  facet normal 0.000000e+00 0.000000e+00 -1.000000e+00
    outer loop
      vertex   3.228680e+01 -3.931677e-01 -4.670000e+01
      vertex   3.063625e+01 7.804109e-01 -4.670000e+01
      vertex   3.152327e+01 1.735368e+00 -4.670000e+01
    endloop
  endfacet
  facet normal 0.000000e+00 0.000000e+00 -1.000000e+00
    outer loop
      vertex   3.228680e+01 -3.931677e-01 -4.670000e+01
      vertex   3.152327e+01 1.735368e+00 -4.670000e+01
      vertex   3.322089e+01 6.442475e-01 -4.670000e+01
    endloop
  endfacet
  facet normal 0.000000e+00 0.000000e+00 -1.000000e+00
    outer loop
      vertex   3.322089e+01 6.442475e-01 -4.670000e+01
      vertex   3.152327e+01 1.735368e+00 -4.670000e+01
      vertex   3.233886e+01 2.752008e+00 -4.670000e+01
    endloop
  endfacet
  facet normal 0.000000e+00 0.000000e+00 -1.000000e+00
    outer loop
      vertex   3.322089e+01 6.442475e-01 -4.670000e+01
      vertex   3.233886e+01 2.752008e+00 -4.670000e+01
      vertex   3.408034e+01 1.744295e+00 -4.670000e+01
    endloop
  endfacet
  facet normal 0.000000e+00 0.000000e+00 -1.000000e+00
    outer loop
      vertex   3.408034e+01 1.744295e+00 -4.670000e+01
      vertex   3.233886e+01 2.752008e+00 -4.670000e+01
      vertex   3.307875e+01 3.825000e+00 -4.670000e+01
    endloop
  endfacet
  facet normal 0.000000e+00 0.000000e+00 -1.000000e+00
    outer loop
      vertex   3.408034e+01 1.744295e+00 -4.670000e+01
      vertex   3.307875e+01 3.825000e+00 -4.670000e+01
      vertex   3.486096e+01 2.901614e+00 -4.670000e+01
    endloop
  endfacet
  facet normal 0.000000e+00 0.000000e+00 -1.000000e+00
    outer loop
      vertex   3.486096e+01 2.901614e+00 -4.670000e+01
      vertex   3.307875e+01 3.825000e+00 -4.670000e+01
      vertex   3.373905e+01 4.948718e+00 -4.670000e+01
    endloop
  endfacet
  facet normal 0.000000e+00 0.000000e+00 -1.000000e+00
    outer loop
      vertex   3.486096e+01 2.901614e+00 -4.670000e+01
      vertex   3.373905e+01 4.948718e+00 -4.670000e+01
      vertex   3.555895e+01 4.110568e+00 -4.670000e+01
    endloop
  endfacet
  facet normal 0.000000e+00 0.000000e+00 -1.000000e+00
    outer loop
      vertex   3.555895e+01 4.110568e+00 -4.670000e+01
      vertex   3.373905e+01 4.948718e+00 -4.670000e+01
      vertex   3.431631e+01 6.117271e+00 -4.670000e+01
    endloop
  endfacet
  facet normal 0.000000e+00 0.000000e+00 -1.000000e+00
    outer loop
      vertex   3.555895e+01 4.110568e+00 -4.670000e+01
      vertex   3.431631e+01 6.117271e+00 -4.670000e+01
      vertex   3.617091e+01 5.365267e+00 -4.670000e+01
    endloop
  endfacet
  facet normal 0.000000e+00 0.000000e+00 -1.000000e+00
    outer loop
      vertex   3.617091e+01 5.365267e+00 -4.670000e+01
      vertex   3.431631e+01 6.117271e+00 -4.670000e+01
      vertex   3.480750e+01 7.324532e+00 -4.670000e+01
    endloop
  endfacet
  facet normal 0.000000e+00 0.000000e+00 -1.000000e+00
    outer loop
      vertex   3.617091e+01 5.365267e+00 -4.670000e+01
      vertex   3.480750e+01 7.324532e+00 -4.670000e+01
      vertex   3.669385e+01 6.659597e+00 -4.670000e+01
    endloop
  endfacet
  facet normal 0.000000e+00 0.000000e+00 -1.000000e+00
    outer loop
      vertex   3.669385e+01 6.659597e+00 -4.670000e+01
      vertex   3.480750e+01 7.324532e+00 -4.670000e+01
      vertex   3.712523e+01 7.987253e+00 -4.670000e+01
    endloop
  endfacet
  facet normal -0.000000e+00 0.000000e+00 -1.000000e+00
    outer loop
      vertex   3.712523e+01 7.987253e+00 -4.670000e+01
      vertex   3.480750e+01 7.324532e+00 -4.670000e+01
      vertex   3.521004e+01 8.564171e+00 -4.670000e+01
    endloop
  endfacet
  facet normal 0.000000e+00 0.000000e+00 -1.000000e+00
    outer loop
      vertex   3.712523e+01 7.987253e+00 -4.670000e+01
      vertex   3.521004e+01 8.564171e+00 -4.670000e+01
      vertex   3.746295e+01 9.341766e+00 -4.670000e+01
    endloop
  endfacet
  facet normal -0.000000e+00 0.000000e+00 -1.000000e+00
    outer loop
      vertex   3.746295e+01 9.341766e+00 -4.670000e+01
      vertex   3.521004e+01 8.564171e+00 -4.670000e+01
      vertex   3.552183e+01 9.829689e+00 -4.670000e+01
    endloop
  endfacet
  facet normal 0.000000e+00 0.000000e+00 -1.000000e+00
    outer loop
      vertex   3.746295e+01 9.341766e+00 -4.670000e+01
      vertex   3.552183e+01 9.829689e+00 -4.670000e+01
      vertex   3.770536e+01 1.071654e+01 -4.670000e+01
    endloop
  endfacet
  facet normal 4.827298e-15 -1.188542e-14 -1.000000e+00
    outer loop
      vertex   3.770536e+01 1.071654e+01 -4.670000e+01
      vertex   3.552183e+01 9.829689e+00 -4.670000e+01
      vertex   3.574122e+01 1.111445e+01 -4.670000e+01
    endloop
  endfacet
  facet normal 7.084305e-15 -7.445905e-16 -1.000000e+00
    outer loop
      vertex   3.770536e+01 1.071654e+01 -4.670000e+01
      vertex   3.574122e+01 1.111445e+01 -4.670000e+01
      vertex   3.785128e+01 1.210487e+01 -4.670000e+01
    endloop
  endfacet
  facet normal 6.847040e-15 -2.391039e-16 -1.000000e+00
    outer loop
      vertex   3.785128e+01 1.210487e+01 -4.670000e+01
      vertex   3.574122e+01 1.111445e+01 -4.670000e+01
      vertex   3.790000e+01 1.350000e+01 -4.670000e+01
    endloop
  endfacet
  facet normal 6.582840e-15 -1.825231e-20 -1.000000e+00
    outer loop
      vertex   3.790000e+01 1.350000e+01 -4.670000e+01
      vertex   3.574122e+01 1.111445e+01 -4.670000e+01
      vertex   3.574123e+01 1.588545e+01 -4.670000e+01
    endloop
  endfacet
  facet normal 6.847073e-15 2.391050e-16 -1.000000e+00
    outer loop
      vertex   3.790000e+01 1.350000e+01 -4.670000e+01
      vertex   3.574123e+01 1.588545e+01 -4.670000e+01
      vertex   3.785128e+01 1.489513e+01 -4.670000e+01
    endloop
  endfacet
  facet normal 7.084315e-15 7.445916e-16 -1.000000e+00
    outer loop
      vertex   3.785128e+01 1.489513e+01 -4.670000e+01
      vertex   3.574123e+01 1.588545e+01 -4.670000e+01
      vertex   3.770536e+01 1.628346e+01 -4.670000e+01
    endloop
  endfacet
  facet normal 4.826767e-15 1.188524e-14 -1.000000e+00
    outer loop
      vertex   3.770536e+01 1.628346e+01 -4.670000e+01
      vertex   3.574123e+01 1.588545e+01 -4.670000e+01
      vertex   3.552185e+01 1.717022e+01 -4.670000e+01
    endloop
  endfacet
  facet normal 0.000000e+00 0.000000e+00 -1.000000e+00
    outer loop
      vertex   3.770536e+01 1.628346e+01 -4.670000e+01
      vertex   3.552185e+01 1.717022e+01 -4.670000e+01
      vertex   3.746295e+01 1.765823e+01 -4.670000e+01
    endloop
  endfacet
  facet normal -0.000000e+00 0.000000e+00 -1.000000e+00
    outer loop
      vertex   3.746295e+01 1.765823e+01 -4.670000e+01
      vertex   3.552185e+01 1.717022e+01 -4.670000e+01
      vertex   3.521007e+01 1.843574e+01 -4.670000e+01
    endloop
  endfacet
  facet normal 0.000000e+00 0.000000e+00 -1.000000e+00
    outer loop
      vertex   3.746295e+01 1.765823e+01 -4.670000e+01
      vertex   3.521007e+01 1.843574e+01 -4.670000e+01
      vertex   3.712523e+01 1.901275e+01 -4.670000e+01
    endloop
  endfacet
  facet normal -0.000000e+00 0.000000e+00 -1.000000e+00
    outer loop
      vertex   3.712523e+01 1.901275e+01 -4.670000e+01
      vertex   3.521007e+01 1.843574e+01 -4.670000e+01
      vertex   3.480753e+01 1.967539e+01 -4.670000e+01
    endloop
  endfacet
  facet normal 0.000000e+00 0.000000e+00 -1.000000e+00
    outer loop
      vertex   3.712523e+01 1.901275e+01 -4.670000e+01
      vertex   3.480753e+01 1.967539e+01 -4.670000e+01
      vertex   3.669385e+01 2.034040e+01 -4.670000e+01
    endloop
  endfacet
  facet normal -0.000000e+00 0.000000e+00 -1.000000e+00
    outer loop
      vertex   3.669385e+01 2.034040e+01 -4.670000e+01
      vertex   3.480753e+01 1.967539e+01 -4.670000e+01
      vertex   3.617091e+01 2.163473e+01 -4.670000e+01
    endloop
  endfacet
  facet normal 0.000000e+00 0.000000e+00 -1.000000e+00
    outer loop
      vertex   3.617091e+01 2.163473e+01 -4.670000e+01
      vertex   3.480753e+01 1.967539e+01 -4.670000e+01
      vertex   3.431634e+01 2.088266e+01 -4.670000e+01
    endloop
  endfacet
  facet normal -0.000000e+00 0.000000e+00 -1.000000e+00
    outer loop
      vertex   3.617091e+01 2.163473e+01 -4.670000e+01
      vertex   3.431634e+01 2.088266e+01 -4.670000e+01
      vertex   3.555895e+01 2.288943e+01 -4.670000e+01
    endloop
  endfacet
  facet normal 0.000000e+00 0.000000e+00 -1.000000e+00
    outer loop
      vertex   3.555895e+01 2.288943e+01 -4.670000e+01
      vertex   3.431634e+01 2.088266e+01 -4.670000e+01
      vertex   3.373909e+01 2.205122e+01 -4.670000e+01
    endloop
  endfacet
  facet normal -0.000000e+00 0.000000e+00 -1.000000e+00
    outer loop
      vertex   3.555895e+01 2.288943e+01 -4.670000e+01
      vertex   3.373909e+01 2.205122e+01 -4.670000e+01
      vertex   3.486096e+01 2.409838e+01 -4.670000e+01
    endloop
  endfacet
  facet normal 0.000000e+00 0.000000e+00 -1.000000e+00
    outer loop
      vertex   3.486096e+01 2.409838e+01 -4.670000e+01
      vertex   3.373909e+01 2.205122e+01 -4.670000e+01
      vertex   3.307878e+01 2.317494e+01 -4.670000e+01
    endloop
  endfacet
  facet normal -0.000000e+00 0.000000e+00 -1.000000e+00
    outer loop
      vertex   3.486096e+01 2.409838e+01 -4.670000e+01
      vertex   3.307878e+01 2.317494e+01 -4.670000e+01
      vertex   3.408034e+01 2.525570e+01 -4.670000e+01
    endloop
  endfacet
  facet normal 0.000000e+00 0.000000e+00 -1.000000e+00
    outer loop
      vertex   3.408034e+01 2.525570e+01 -4.670000e+01
      vertex   3.307878e+01 2.317494e+01 -4.670000e+01
      vertex   3.233890e+01 2.424794e+01 -4.670000e+01
    endloop
  endfacet
  facet normal -0.000000e+00 0.000000e+00 -1.000000e+00
    outer loop
      vertex   3.408034e+01 2.525570e+01 -4.670000e+01
      vertex   3.233890e+01 2.424794e+01 -4.670000e+01
      vertex   3.322089e+01 2.635575e+01 -4.670000e+01
    endloop
  endfacet
  facet normal 0.000000e+00 0.000000e+00 -1.000000e+00
    outer loop
      vertex   3.322089e+01 2.635575e+01 -4.670000e+01
      vertex   3.233890e+01 2.424794e+01 -4.670000e+01
      vertex   3.152330e+01 2.526459e+01 -4.670000e+01
    endloop
  endfacet
  facet normal -0.000000e+00 0.000000e+00 -1.000000e+00
    outer loop
      vertex   3.322089e+01 2.635575e+01 -4.670000e+01
      vertex   3.152330e+01 2.526459e+01 -4.670000e+01
      vertex   3.228680e+01 2.739317e+01 -4.670000e+01
    endloop
  endfacet
  facet normal 0.000000e+00 0.000000e+00 -1.000000e+00
    outer loop
      vertex   3.228680e+01 2.739317e+01 -4.670000e+01
      vertex   3.152330e+01 2.526459e+01 -4.670000e+01
      vertex   3.063628e+01 2.621955e+01 -4.670000e+01
    endloop
  endfacet
  facet normal -0.000000e+00 0.000000e+00 -1.000000e+00
    outer loop
      vertex   3.228680e+01 2.739317e+01 -4.670000e+01
      vertex   3.063628e+01 2.621955e+01 -4.670000e+01
      vertex   3.128261e+01 2.836290e+01 -4.670000e+01
    endloop
  endfacet
  facet normal 0.000000e+00 0.000000e+00 -1.000000e+00
    outer loop
      vertex   3.128261e+01 2.836290e+01 -4.670000e+01
      vertex   3.063628e+01 2.621955e+01 -4.670000e+01
      vertex   2.968249e+01 2.710783e+01 -4.670000e+01
    endloop
  endfacet
  facet normal -0.000000e+00 0.000000e+00 -1.000000e+00
    outer loop
      vertex   3.128261e+01 2.836290e+01 -4.670000e+01
      vertex   2.968249e+01 2.710783e+01 -4.670000e+01
      vertex   3.021323e+01 2.926021e+01 -4.670000e+01
    endloop
  endfacet
  facet normal 0.000000e+00 0.000000e+00 -1.000000e+00
    outer loop
      vertex   3.021323e+01 2.926021e+01 -4.670000e+01
      vertex   2.968249e+01 2.710783e+01 -4.670000e+01
      vertex   2.866691e+01 2.792475e+01 -4.670000e+01
    endloop
  endfacet
  facet normal -0.000000e+00 0.000000e+00 -1.000000e+00
    outer loop
      vertex   3.021323e+01 2.926021e+01 -4.670000e+01
      vertex   2.866691e+01 2.792475e+01 -4.670000e+01
      vertex   2.908386e+01 3.008075e+01 -4.670000e+01
    endloop
  endfacet
  facet normal 0.000000e+00 0.000000e+00 -1.000000e+00
    outer loop
      vertex   2.908386e+01 3.008075e+01 -4.670000e+01
      vertex   2.866691e+01 2.792475e+01 -4.670000e+01
      vertex   2.759489e+01 2.866605e+01 -4.670000e+01
    endloop
  endfacet
  facet normal -0.000000e+00 0.000000e+00 -1.000000e+00
    outer loop
      vertex   2.908386e+01 3.008075e+01 -4.670000e+01
      vertex   2.759489e+01 2.866605e+01 -4.670000e+01
      vertex   2.790000e+01 3.082051e+01 -4.670000e+01
    endloop
  endfacet
  facet normal 0.000000e+00 0.000000e+00 -1.000000e+00
    outer loop
      vertex   2.790000e+01 3.082051e+01 -4.670000e+01
      vertex   2.759489e+01 2.866605e+01 -4.670000e+01
      vertex   2.647203e+01 2.932783e+01 -4.670000e+01
    endloop
  endfacet
  facet normal -0.000000e+00 0.000000e+00 -1.000000e+00
    outer loop
      vertex   2.790000e+01 3.082051e+01 -4.670000e+01
      vertex   2.647203e+01 2.932783e+01 -4.670000e+01
      vertex   2.666742e+01 3.147588e+01 -4.670000e+01
    endloop
  endfacet
  facet normal 0.000000e+00 0.000000e+00 -1.000000e+00
    outer loop
      vertex   2.666742e+01 3.147588e+01 -4.670000e+01
      vertex   2.647203e+01 2.932783e+01 -4.670000e+01
      vertex   2.530423e+01 2.990662e+01 -4.670000e+01
    endloop
  endfacet
  facet normal -0.000000e+00 0.000000e+00 -1.000000e+00
    outer loop
      vertex   2.666742e+01 3.147588e+01 -4.670000e+01
      vertex   2.530423e+01 2.990662e+01 -4.670000e+01
      vertex   2.539213e+01 3.204368e+01 -4.670000e+01
    endloop
  endfacet
  facet normal 0.000000e+00 0.000000e+00 -1.000000e+00
    outer loop
      vertex   2.539213e+01 3.204368e+01 -4.670000e+01
      vertex   2.530423e+01 2.990662e+01 -4.670000e+01
      vertex   2.409761e+01 3.039940e+01 -4.670000e+01
    endloop
  endfacet
  facet normal -0.000000e+00 0.000000e+00 -1.000000e+00
    outer loop
      vertex   2.539213e+01 3.204368e+01 -4.670000e+01
      vertex   2.409761e+01 3.039940e+01 -4.670000e+01
      vertex   2.408034e+01 3.252113e+01 -4.670000e+01
    endloop
  endfacet
  facet normal 0.000000e+00 -0.000000e+00 -1.000000e+00
    outer loop
      vertex   2.408034e+01 3.252113e+01 -4.670000e+01
      vertex   2.409761e+01 3.039940e+01 -4.670000e+01
      vertex   2.285849e+01 3.080356e+01 -4.670000e+01
    endloop
  endfacet
  facet normal -0.000000e+00 0.000000e+00 -1.000000e+00
    outer loop
      vertex   2.408034e+01 3.252113e+01 -4.670000e+01
      vertex   2.285849e+01 3.080356e+01 -4.670000e+01
      vertex   2.273844e+01 3.290591e+01 -4.670000e+01
    endloop
  endfacet
  facet normal 0.000000e+00 -0.000000e+00 -1.000000e+00
    outer loop
      vertex   2.273844e+01 3.290591e+01 -4.670000e+01
      vertex   2.285849e+01 3.080356e+01 -4.670000e+01
      vertex   2.159338e+01 3.111701e+01 -4.670000e+01
    endloop
  endfacet
  facet normal -0.000000e+00 0.000000e+00 -1.000000e+00
    outer loop
      vertex   2.273844e+01 3.290591e+01 -4.670000e+01
      vertex   2.159338e+01 3.111701e+01 -4.670000e+01
      vertex   2.137296e+01 3.319615e+01 -4.670000e+01
    endloop
  endfacet
  facet normal 0.000000e+00 -0.000000e+00 -1.000000e+00
    outer loop
      vertex   2.137296e+01 3.319615e+01 -4.670000e+01
      vertex   2.159338e+01 3.111701e+01 -4.670000e+01
      vertex   2.030890e+01 3.133808e+01 -4.670000e+01
    endloop
  endfacet
  facet normal -0.000000e+00 0.000000e+00 -1.000000e+00
    outer loop
      vertex   2.137296e+01 3.319615e+01 -4.670000e+01
      vertex   2.030890e+01 3.133808e+01 -4.670000e+01
      vertex   1.999057e+01 3.339044e+01 -4.670000e+01
    endloop
  endfacet
  facet normal -0.000000e+00 -0.000000e+00 -1.000000e+00
    outer loop
      vertex   1.999057e+01 3.339044e+01 -4.670000e+01
      vertex   2.030890e+01 3.133808e+01 -4.670000e+01
      vertex   1.859799e+01 3.348782e+01 -4.670000e+01
    endloop
  endfacet
  facet normal -0.000000e+00 -0.000000e+00 -1.000000e+00
    outer loop
      vertex   1.859799e+01 3.348782e+01 -4.670000e+01
      vertex   2.030890e+01 3.133808e+01 -4.670000e+01
      vertex   1.720201e+01 3.348782e+01 -4.670000e+01
    endloop
  endfacet
  facet normal 0.000000e+00 -0.000000e+00 -1.000000e+00
    outer loop
      vertex   1.720201e+01 3.348782e+01 -4.670000e+01
      vertex   2.030890e+01 3.133808e+01 -4.670000e+01
      vertex   1.549071e+01 3.133803e+01 -4.670000e+01
    endloop
  endfacet
  facet normal -1.381309e-15 -3.829969e-21 -1.000000e+00
    outer loop
      vertex   5.876539e-02 1.588545e+01 -4.670000e+01
      vertex   1.549071e+01 1.588545e+01 -4.670000e+01
      vertex   5.877862e-02 1.111445e+01 -4.670000e+01
    endloop
  endfacet
  facet normal -1.381310e-15 0.000000e+00 -1.000000e+00
    outer loop
      vertex   5.877862e-02 1.111445e+01 -4.670000e+01
      vertex   1.549071e+01 1.588545e+01 -4.670000e+01
      vertex   1.549071e+01 1.111445e+01 -4.670000e+01
    endloop
  endfacet
  facet normal 0.000000e+00 0.000000e+00 -1.000000e+00
    outer loop
      vertex   1.549071e+01 1.111445e+01 -4.670000e+01
      vertex   2.030890e+01 1.111445e+01 -4.670000e+01
      vertex   1.549071e+01 -4.338031e+00 -4.670000e+01
    endloop
  endfacet
  facet normal 0.000000e+00 0.000000e+00 -1.000000e+00
    outer loop
      vertex   1.549071e+01 -4.338031e+00 -4.670000e+01
      vertex   2.030890e+01 1.111445e+01 -4.670000e+01
      vertex   2.030890e+01 -4.338083e+00 -4.670000e+01
    endloop
  endfacet
  facet normal -9.208502e-16 0.000000e+00 -1.000000e+00
    outer loop
      vertex   2.030890e+01 1.111445e+01 -4.670000e+01
      vertex   2.030890e+01 1.588545e+01 -4.670000e+01
      vertex   3.574122e+01 1.111445e+01 -4.670000e+01
    endloop
  endfacet
  facet normal -9.208494e-16 2.553248e-21 -1.000000e+00
    outer loop
      vertex   3.574122e+01 1.111445e+01 -4.670000e+01
      vertex   2.030890e+01 1.588545e+01 -4.670000e+01
      vertex   3.574123e+01 1.588545e+01 -4.670000e+01
    endloop
  endfacet
  facet normal 0.000000e+00 -0.000000e+00 -1.000000e+00
    outer loop
      vertex   2.030890e+01 3.133808e+01 -4.670000e+01
      vertex   2.030890e+01 1.588545e+01 -4.670000e+01
      vertex   1.549071e+01 3.133803e+01 -4.670000e+01
    endloop
  endfacet
  facet normal 0.000000e+00 0.000000e+00 -1.000000e+00
    outer loop
      vertex   1.549071e+01 3.133803e+01 -4.670000e+01
      vertex   2.030890e+01 1.588545e+01 -4.670000e+01
      vertex   1.549071e+01 1.588545e+01 -4.670000e+01
    endloop
  endfacet
  facet normal -1.000000e+00 0.000000e+00 -0.000000e+00
    outer loop
      vertex   1.549071e+01 -4.338031e+00 -4.170000e+01
      vertex   1.549071e+01 1.111445e+01 -4.170000e+01
      vertex   1.549071e+01 -4.338031e+00 -4.670000e+01
    endloop
  endfacet
  facet normal -1.000000e+00 0.000000e+00 0.000000e+00
    outer loop
      vertex   1.549071e+01 -4.338031e+00 -4.670000e+01
      vertex   1.549071e+01 1.111445e+01 -4.170000e+01
      vertex   1.549071e+01 1.111445e+01 -4.670000e+01
    endloop
  endfacet
  facet normal 9.857310e-01 1.683281e-01 -0.000000e+00
    outer loop
      vertex   5.877862e-02 1.111445e+01 -4.670000e+01
      vertex   5.877862e-02 1.111445e+01 -4.170000e+01
      vertex   2.781669e-01 9.829710e+00 -4.670000e+01
    endloop
  endfacet
  facet normal 9.857310e-01 1.683281e-01 -0.000000e+00
    outer loop
      vertex   2.781669e-01 9.829710e+00 -4.670000e+01
      vertex   5.877862e-02 1.111445e+01 -4.170000e+01
      vertex   2.781669e-01 9.829710e+00 -4.170000e+01
    endloop
  endfacet
  facet normal 9.709668e-01 2.392145e-01 -0.000000e+00
    outer loop
      vertex   2.781669e-01 9.829710e+00 -4.670000e+01
      vertex   2.781669e-01 9.829710e+00 -4.170000e+01
      vertex   5.899441e-01 8.564213e+00 -4.670000e+01
    endloop
  endfacet
  facet normal 9.709668e-01 2.392145e-01 -0.000000e+00
    outer loop
      vertex   5.899441e-01 8.564213e+00 -4.670000e+01
      vertex   2.781669e-01 9.829710e+00 -4.170000e+01
      vertex   5.899441e-01 8.564213e+00 -4.170000e+01
    endloop
  endfacet
  facet normal 9.511118e-01 3.088467e-01 -0.000000e+00
    outer loop
      vertex   5.899441e-01 8.564213e+00 -4.670000e+01
      vertex   5.899441e-01 8.564213e+00 -4.170000e+01
      vertex   9.924757e-01 7.324593e+00 -4.670000e+01
    endloop
  endfacet
  facet normal 9.511118e-01 3.088467e-01 3.834311e-17
    outer loop
      vertex   9.924757e-01 7.324593e+00 -4.670000e+01
      vertex   5.899441e-01 8.564213e+00 -4.170000e+01
      vertex   9.924757e-01 7.324593e+00 -4.170000e+01
    endloop
  endfacet
  facet normal 9.262703e-01 3.768597e-01 -5.725947e-17
    outer loop
      vertex   9.924757e-01 7.324593e+00 -4.670000e+01
      vertex   9.924757e-01 7.324593e+00 -4.170000e+01
      vertex   1.483651e+00 6.117350e+00 -4.670000e+01
    endloop
  endfacet
  facet normal 9.262703e-01 3.768597e-01 -0.000000e+00
    outer loop
      vertex   1.483651e+00 6.117350e+00 -4.670000e+01
      vertex   9.924757e-01 7.324593e+00 -4.170000e+01
      vertex   1.483651e+00 6.117350e+00 -4.170000e+01
    endloop
  endfacet
  facet normal 8.965726e-01 4.428969e-01 -0.000000e+00
    outer loop
      vertex   1.483651e+00 6.117350e+00 -4.670000e+01
      vertex   1.483651e+00 6.117350e+00 -4.170000e+01
      vertex   2.060895e+00 4.948814e+00 -4.670000e+01
    endloop
  endfacet
  facet normal 8.965726e-01 4.428969e-01 -0.000000e+00
    outer loop
      vertex   2.060895e+00 4.948814e+00 -4.670000e+01
      vertex   1.483651e+00 6.117350e+00 -4.170000e+01
      vertex   2.060895e+00 4.948814e+00 -4.170000e+01
    endloop
  endfacet
  facet normal 8.621742e-01 5.066120e-01 -0.000000e+00
    outer loop
      vertex   2.060895e+00 4.948814e+00 -4.670000e+01
      vertex   2.060895e+00 4.948814e+00 -4.170000e+01
      vertex   2.721182e+00 3.825110e+00 -4.670000e+01
    endloop
  endfacet
  facet normal 8.621742e-01 5.066120e-01 -0.000000e+00
    outer loop
      vertex   2.721182e+00 3.825110e+00 -4.670000e+01
      vertex   2.060895e+00 4.948814e+00 -4.170000e+01
      vertex   2.721182e+00 3.825110e+00 -4.170000e+01
    endloop
  endfacet
  facet normal 8.232555e-01 5.676710e-01 -0.000000e+00
    outer loop
      vertex   2.721182e+00 3.825110e+00 -4.670000e+01
      vertex   2.721182e+00 3.825110e+00 -4.170000e+01
      vertex   3.461049e+00 2.752130e+00 -4.670000e+01
    endloop
  endfacet
  facet normal 8.232555e-01 5.676710e-01 -3.405069e-16
    outer loop
      vertex   3.461049e+00 2.752130e+00 -4.670000e+01
      vertex   2.721182e+00 3.825110e+00 -4.170000e+01
      vertex   3.461049e+00 2.752130e+00 -4.170000e+01
    endloop
  endfacet
  facet normal 7.800206e-01 6.257538e-01 -2.055246e-16
    outer loop
      vertex   3.461049e+00 2.752130e+00 -4.670000e+01
      vertex   3.461049e+00 2.752130e+00 -4.170000e+01
      vertex   4.276617e+00 1.735500e+00 -4.670000e+01
    endloop
  endfacet
  facet normal 7.800206e-01 6.257538e-01 -0.000000e+00
    outer loop
      vertex   4.276617e+00 1.735500e+00 -4.670000e+01
      vertex   3.461049e+00 2.752130e+00 -4.170000e+01
      vertex   4.276617e+00 1.735500e+00 -4.170000e+01
    endloop
  endfacet
  facet normal 7.326962e-01 6.805559e-01 -0.000000e+00
    outer loop
      vertex   4.276617e+00 1.735500e+00 -4.670000e+01
      vertex   4.276617e+00 1.735500e+00 -4.170000e+01
      vertex   5.163611e+00 7.805494e-01 -4.670000e+01
    endloop
  endfacet
  facet normal 7.326962e-01 6.805559e-01 -0.000000e+00
    outer loop
      vertex   5.163611e+00 7.805494e-01 -4.670000e+01
      vertex   4.276617e+00 1.735500e+00 -4.170000e+01
      vertex   5.163611e+00 7.805494e-01 -4.170000e+01
    endloop
  endfacet
  facet normal 6.815303e-01 7.317899e-01 -0.000000e+00
    outer loop
      vertex   5.163611e+00 7.805494e-01 -4.670000e+01
      vertex   5.163611e+00 7.805494e-01 -4.170000e+01
      vertex   6.117380e+00 -1.077147e-01 -4.670000e+01
    endloop
  endfacet
  facet normal 6.815303e-01 7.317899e-01 -0.000000e+00
    outer loop
      vertex   6.117380e+00 -1.077147e-01 -4.670000e+01
      vertex   5.163611e+00 7.805494e-01 -4.170000e+01
      vertex   6.117380e+00 -1.077147e-01 -4.170000e+01
    endloop
  endfacet
  facet normal 6.267913e-01 7.791872e-01 -0.000000e+00
    outer loop
      vertex   6.117380e+00 -1.077147e-01 -4.670000e+01
      vertex   6.117380e+00 -1.077147e-01 -4.170000e+01
      vertex   7.132924e+00 -9.246353e-01 -4.670000e+01
    endloop
  endfacet
  facet normal 6.267913e-01 7.791872e-01 -0.000000e+00
    outer loop
      vertex   7.132924e+00 -9.246353e-01 -4.670000e+01
      vertex   6.117380e+00 -1.077147e-01 -4.170000e+01
      vertex   7.132924e+00 -9.246353e-01 -4.170000e+01
    endloop
  endfacet
  facet normal 5.687661e-01 8.224993e-01 -0.000000e+00
    outer loop
      vertex   7.132924e+00 -9.246353e-01 -4.670000e+01
      vertex   7.132924e+00 -9.246353e-01 -4.170000e+01
      vertex   8.204919e+00 -1.665930e+00 -4.670000e+01
    endloop
  endfacet
  facet normal 5.687661e-01 8.224993e-01 -0.000000e+00
    outer loop
      vertex   8.204919e+00 -1.665930e+00 -4.670000e+01
      vertex   7.132924e+00 -9.246353e-01 -4.170000e+01
      vertex   8.204919e+00 -1.665930e+00 -4.170000e+01
    endloop
  endfacet
  facet normal 5.077589e-01 8.614992e-01 -0.000000e+00
    outer loop
      vertex   8.204919e+00 -1.665930e+00 -4.670000e+01
      vertex   8.204919e+00 -1.665930e+00 -4.170000e+01
      vertex   9.327743e+00 -2.327711e+00 -4.670000e+01
    endloop
  endfacet
  facet normal 5.077589e-01 8.614992e-01 -0.000000e+00
    outer loop
      vertex   9.327743e+00 -2.327711e+00 -4.670000e+01
      vertex   8.204919e+00 -1.665930e+00 -4.170000e+01
      vertex   9.327743e+00 -2.327711e+00 -4.170000e+01
    endloop
  endfacet
  facet normal 4.440896e-01 8.959824e-01 -0.000000e+00
    outer loop
      vertex   9.327743e+00 -2.327711e+00 -4.670000e+01
      vertex   9.327743e+00 -2.327711e+00 -4.170000e+01
      vertex   1.049551e+01 -2.906509e+00 -4.670000e+01
    endloop
  endfacet
  facet normal 4.440896e-01 8.959824e-01 8.235145e-17
    outer loop
      vertex   1.049551e+01 -2.906509e+00 -4.670000e+01
      vertex   9.327743e+00 -2.327711e+00 -4.170000e+01
      vertex   1.049551e+01 -2.906509e+00 -4.170000e+01
    endloop
  endfacet
  facet normal 3.780920e-01 9.257680e-01 1.424730e-16
    outer loop
      vertex   1.049551e+01 -2.906509e+00 -4.670000e+01
      vertex   1.049551e+01 -2.906509e+00 -4.170000e+01
      vertex   1.170210e+01 -3.399291e+00 -4.670000e+01
    endloop
  endfacet
  facet normal 3.780920e-01 9.257680e-01 -0.000000e+00
    outer loop
      vertex   1.170210e+01 -3.399291e+00 -4.670000e+01
      vertex   1.049551e+01 -2.906509e+00 -4.170000e+01
      vertex   1.170210e+01 -3.399291e+00 -4.170000e+01
    endloop
  endfacet
  facet normal 3.101122e-01 9.507000e-01 -0.000000e+00
    outer loop
      vertex   1.170210e+01 -3.399291e+00 -4.670000e+01
      vertex   1.170210e+01 -3.399291e+00 -4.170000e+01
      vertex   1.294118e+01 -3.803472e+00 -4.670000e+01
    endloop
  endfacet
  facet normal 3.101122e-01 9.507000e-01 -0.000000e+00
    outer loop
      vertex   1.294118e+01 -3.803472e+00 -4.670000e+01
      vertex   1.170210e+01 -3.399291e+00 -4.170000e+01
      vertex   1.294118e+01 -3.803472e+00 -4.170000e+01
    endloop
  endfacet
  facet normal 2.405064e-01 9.706476e-01 -0.000000e+00
    outer loop
      vertex   1.294118e+01 -3.803472e+00 -4.670000e+01
      vertex   1.294118e+01 -3.803472e+00 -4.170000e+01
      vertex   1.420626e+01 -4.116933e+00 -4.670000e+01
    endloop
  endfacet
  facet normal 2.405064e-01 9.706476e-01 -1.708901e-16
    outer loop
      vertex   1.420626e+01 -4.116933e+00 -4.670000e+01
      vertex   1.294118e+01 -3.803472e+00 -4.170000e+01
      vertex   1.420626e+01 -4.116933e+00 -4.170000e+01
    endloop
  endfacet
  facet normal 1.696397e-01 9.855061e-01 -1.205363e-16
    outer loop
      vertex   1.420626e+01 -4.116933e+00 -4.670000e+01
      vertex   1.420626e+01 -4.116933e+00 -4.170000e+01
      vertex   1.549071e+01 -4.338031e+00 -4.670000e+01
    endloop
  endfacet
  facet normal 1.696397e-01 9.855061e-01 -1.750611e-16
    outer loop
      vertex   1.549071e+01 -4.338031e+00 -4.670000e+01
      vertex   1.420626e+01 -4.116933e+00 -4.170000e+01
      vertex   1.549071e+01 -4.338031e+00 -4.170000e+01
    endloop
  endfacet
  facet normal -0.000000e+00 -1.000000e+00 -0.000000e+00
    outer loop
      vertex   1.549071e+01 1.111445e+01 -4.170000e+01
      vertex   5.877862e-02 1.111445e+01 -4.170000e+01
      vertex   1.549071e+01 1.111445e+01 -4.670000e+01
    endloop
  endfacet
  facet normal 0.000000e+00 -1.000000e+00 0.000000e+00
    outer loop
      vertex   1.549071e+01 1.111445e+01 -4.670000e+01
      vertex   5.877862e-02 1.111445e+01 -4.170000e+01
      vertex   5.877862e-02 1.111445e+01 -4.670000e+01
    endloop
  endfacet
  facet normal -1.696189e-01 9.855097e-01 0.000000e+00
    outer loop
      vertex   2.030890e+01 -4.338083e+00 -4.670000e+01
      vertex   2.030890e+01 -4.338083e+00 -4.170000e+01
      vertex   2.159337e+01 -4.117009e+00 -4.670000e+01
    endloop
  endfacet
  facet normal -1.696189e-01 9.855097e-01 -1.205215e-16
    outer loop
      vertex   2.159337e+01 -4.117009e+00 -4.670000e+01
      vertex   2.030890e+01 -4.338083e+00 -4.170000e+01
      vertex   2.159337e+01 -4.117009e+00 -4.170000e+01
    endloop
  endfacet
  facet normal -2.404870e-01 9.706523e-01 -1.708763e-16
    outer loop
      vertex   2.159337e+01 -4.117009e+00 -4.670000e+01
      vertex   2.159337e+01 -4.117009e+00 -4.170000e+01
      vertex   2.285848e+01 -3.803568e+00 -4.670000e+01
    endloop
  endfacet
  facet normal -2.404870e-01 9.706523e-01 2.601799e-16
    outer loop
      vertex   2.285848e+01 -3.803568e+00 -4.670000e+01
      vertex   2.159337e+01 -4.117009e+00 -4.170000e+01
      vertex   2.285848e+01 -3.803568e+00 -4.170000e+01
    endloop
  endfacet
  facet normal -3.100943e-01 9.507058e-01 2.018629e-16
    outer loop
      vertex   2.285848e+01 -3.803568e+00 -4.670000e+01
      vertex   2.285848e+01 -3.803568e+00 -4.170000e+01
      vertex   2.409759e+01 -3.399403e+00 -4.670000e+01
    endloop
  endfacet
  facet normal -3.100943e-01 9.507058e-01 0.000000e+00
    outer loop
      vertex   2.409759e+01 -3.399403e+00 -4.670000e+01
      vertex   2.285848e+01 -3.803568e+00 -4.170000e+01
      vertex   2.409759e+01 -3.399403e+00 -4.170000e+01
    endloop
  endfacet
  facet normal -3.780758e-01 9.257746e-01 0.000000e+00
    outer loop
      vertex   2.409759e+01 -3.399403e+00 -4.670000e+01
      vertex   2.409759e+01 -3.399403e+00 -4.170000e+01
      vertex   2.530421e+01 -2.906635e+00 -4.670000e+01
    endloop
  endfacet
  facet normal -3.780758e-01 9.257746e-01 0.000000e+00
    outer loop
      vertex   2.530421e+01 -2.906635e+00 -4.670000e+01
      vertex   2.409759e+01 -3.399403e+00 -4.170000e+01
      vertex   2.530421e+01 -2.906635e+00 -4.170000e+01
    endloop
  endfacet
  facet normal -4.440750e-01 8.959896e-01 0.000000e+00
    outer loop
      vertex   2.530421e+01 -2.906635e+00 -4.670000e+01
      vertex   2.530421e+01 -2.906635e+00 -4.170000e+01
      vertex   2.647201e+01 -2.327845e+00 -4.670000e+01
    endloop
  endfacet
  facet normal -4.440750e-01 8.959896e-01 8.236505e-17
    outer loop
      vertex   2.647201e+01 -2.327845e+00 -4.670000e+01
      vertex   2.530421e+01 -2.906635e+00 -4.170000e+01
      vertex   2.647201e+01 -2.327845e+00 -4.170000e+01
    endloop
  endfacet
  facet normal -5.077459e-01 8.615069e-01 2.181075e-17
    outer loop
      vertex   2.647201e+01 -2.327845e+00 -4.670000e+01
      vertex   2.647201e+01 -2.327845e+00 -4.170000e+01
      vertex   2.759486e+01 -1.666070e+00 -4.670000e+01
    endloop
  endfacet
  facet normal -5.077459e-01 8.615069e-01 0.000000e+00
    outer loop
      vertex   2.759486e+01 -1.666070e+00 -4.670000e+01
      vertex   2.647201e+01 -2.327845e+00 -4.170000e+01
      vertex   2.759486e+01 -1.666070e+00 -4.170000e+01
    endloop
  endfacet
  facet normal -5.687547e-01 8.225072e-01 0.000000e+00
    outer loop
      vertex   2.759486e+01 -1.666070e+00 -4.670000e+01
      vertex   2.759486e+01 -1.666070e+00 -4.170000e+01
      vertex   2.866688e+01 -9.247784e-01 -4.670000e+01
    endloop
  endfacet
  facet normal -5.687547e-01 8.225072e-01 0.000000e+00
    outer loop
      vertex   2.866688e+01 -9.247784e-01 -4.670000e+01
      vertex   2.759486e+01 -1.666070e+00 -4.170000e+01
      vertex   2.866688e+01 -9.247784e-01 -4.170000e+01
    endloop
  endfacet
  facet normal -6.267814e-01 7.791951e-01 0.000000e+00
    outer loop
      vertex   2.866688e+01 -9.247784e-01 -4.670000e+01
      vertex   2.866688e+01 -9.247784e-01 -4.170000e+01
      vertex   2.968245e+01 -1.078571e-01 -4.670000e+01
    endloop
  endfacet
  facet normal -6.267814e-01 7.791951e-01 3.460322e-16
    outer loop
      vertex   2.968245e+01 -1.078571e-01 -4.670000e+01
      vertex   2.866688e+01 -9.247784e-01 -4.170000e+01
      vertex   2.968245e+01 -1.078571e-01 -4.170000e+01
    endloop
  endfacet
  facet normal -6.815219e-01 7.317977e-01 3.249835e-16
    outer loop
      vertex   2.968245e+01 -1.078571e-01 -4.670000e+01
      vertex   2.968245e+01 -1.078571e-01 -4.170000e+01
      vertex   3.063625e+01 7.804109e-01 -4.670000e+01
    endloop
  endfacet
  facet normal -6.815219e-01 7.317977e-01 -6.435174e-16
    outer loop
      vertex   3.063625e+01 7.804109e-01 -4.670000e+01
      vertex   2.968245e+01 -1.078571e-01 -4.170000e+01
      vertex   3.063625e+01 7.804109e-01 -4.170000e+01
    endloop
  endfacet
  facet normal -7.326892e-01 6.805634e-01 -7.389831e-16
    outer loop
      vertex   3.063625e+01 7.804109e-01 -4.670000e+01
      vertex   3.063625e+01 7.804109e-01 -4.170000e+01
      vertex   3.152327e+01 1.735368e+00 -4.670000e+01
    endloop
  endfacet
  facet normal -7.326892e-01 6.805634e-01 -2.183761e-16
    outer loop
      vertex   3.152327e+01 1.735368e+00 -4.670000e+01
      vertex   3.063625e+01 7.804109e-01 -4.170000e+01
      vertex   3.152327e+01 1.735368e+00 -4.170000e+01
    endloop
  endfacet
  facet normal -7.800149e-01 6.257609e-01 -2.763403e-16
    outer loop
      vertex   3.152327e+01 1.735368e+00 -4.670000e+01
      vertex   3.152327e+01 1.735368e+00 -4.170000e+01
      vertex   3.233886e+01 2.752008e+00 -4.670000e+01
    endloop
  endfacet
  facet normal -7.800149e-01 6.257609e-01 0.000000e+00
    outer loop
      vertex   3.233886e+01 2.752008e+00 -4.670000e+01
      vertex   3.152327e+01 1.735368e+00 -4.170000e+01
      vertex   3.233886e+01 2.752008e+00 -4.170000e+01
    endloop
  endfacet
  facet normal -8.232510e-01 5.676775e-01 0.000000e+00
    outer loop
      vertex   3.233886e+01 2.752008e+00 -4.670000e+01
      vertex   3.233886e+01 2.752008e+00 -4.170000e+01
      vertex   3.307875e+01 3.825000e+00 -4.670000e+01
    endloop
  endfacet
  facet normal -8.232510e-01 5.676775e-01 0.000000e+00
    outer loop
      vertex   3.307875e+01 3.825000e+00 -4.670000e+01
      vertex   3.233886e+01 2.752008e+00 -4.170000e+01
      vertex   3.307875e+01 3.825000e+00 -4.170000e+01
    endloop
  endfacet
  facet normal -8.621708e-01 5.066177e-01 0.000000e+00
    outer loop
      vertex   3.307875e+01 3.825000e+00 -4.670000e+01
      vertex   3.307875e+01 3.825000e+00 -4.170000e+01
      vertex   3.373905e+01 4.948718e+00 -4.670000e+01
    endloop
  endfacet
  facet normal -8.621708e-01 5.066177e-01 -9.552382e-16
    outer loop
      vertex   3.373905e+01 4.948718e+00 -4.670000e+01
      vertex   3.307875e+01 3.825000e+00 -4.170000e+01
      vertex   3.373905e+01 4.948718e+00 -4.170000e+01
    endloop
  endfacet
  facet normal -8.965701e-01 4.429018e-01 -1.038077e-15
    outer loop
      vertex   3.373905e+01 4.948718e+00 -4.670000e+01
      vertex   3.373905e+01 4.948718e+00 -4.170000e+01
      vertex   3.431631e+01 6.117271e+00 -4.670000e+01
    endloop
  endfacet
  facet normal -8.965701e-01 4.429018e-01 0.000000e+00
    outer loop
      vertex   3.431631e+01 6.117271e+00 -4.670000e+01
      vertex   3.373905e+01 4.948718e+00 -4.170000e+01
      vertex   3.431631e+01 6.117271e+00 -4.170000e+01
    endloop
  endfacet
  facet normal -9.262688e-01 3.768636e-01 0.000000e+00
    outer loop
      vertex   3.431631e+01 6.117271e+00 -4.670000e+01
      vertex   3.431631e+01 6.117271e+00 -4.170000e+01
      vertex   3.480750e+01 7.324532e+00 -4.670000e+01
    endloop
  endfacet
  facet normal -9.262688e-01 3.768636e-01 6.694443e-17
    outer loop
      vertex   3.480750e+01 7.324532e+00 -4.670000e+01
      vertex   3.431631e+01 6.117271e+00 -4.170000e+01
      vertex   3.480750e+01 7.324532e+00 -4.170000e+01
    endloop
  endfacet
  facet normal -9.511109e-01 3.088496e-01 5.486271e-17
    outer loop
      vertex   3.480750e+01 7.324532e+00 -4.670000e+01
      vertex   3.480750e+01 7.324532e+00 -4.170000e+01
      vertex   3.521004e+01 8.564171e+00 -4.670000e+01
    endloop
  endfacet
  facet normal -9.511109e-01 3.088496e-01 2.194508e-16
    outer loop
      vertex   3.521004e+01 8.564171e+00 -4.670000e+01
      vertex   3.480750e+01 7.324532e+00 -4.170000e+01
      vertex   3.521004e+01 8.564171e+00 -4.170000e+01
    endloop
  endfacet
  facet normal -9.709663e-01 2.392162e-01 1.699734e-16
    outer loop
      vertex   3.521004e+01 8.564171e+00 -4.670000e+01
      vertex   3.521004e+01 8.564171e+00 -4.170000e+01
      vertex   3.552183e+01 9.829689e+00 -4.670000e+01
    endloop
  endfacet
  facet normal -9.709663e-01 2.392162e-01 8.498668e-17
    outer loop
      vertex   3.552183e+01 9.829689e+00 -4.670000e+01
      vertex   3.521004e+01 8.564171e+00 -4.170000e+01
      vertex   3.552183e+01 9.829689e+00 -4.170000e+01
    endloop
  endfacet
  facet normal -9.857309e-01 1.683287e-01 5.980236e-17
    outer loop
      vertex   3.552183e+01 9.829689e+00 -4.670000e+01
      vertex   3.552183e+01 9.829689e+00 -4.170000e+01
      vertex   3.574122e+01 1.111445e+01 -4.670000e+01
    endloop
  endfacet
  facet normal -9.857309e-01 1.683287e-01 0.000000e+00
    outer loop
      vertex   3.574122e+01 1.111445e+01 -4.670000e+01
      vertex   3.552183e+01 9.829689e+00 -4.170000e+01
      vertex   3.574122e+01 1.111445e+01 -4.170000e+01
    endloop
  endfacet
  facet normal 1.000000e+00 2.299114e-16 7.105427e-16
    outer loop
      vertex   2.030890e+01 1.111445e+01 -4.170000e+01
      vertex   2.030890e+01 -4.338083e+00 -4.170000e+01
      vertex   2.030890e+01 1.111445e+01 -4.670000e+01
    endloop
  endfacet
  facet normal 1.000000e+00 0.000000e+00 0.000000e+00
    outer loop
      vertex   2.030890e+01 1.111445e+01 -4.670000e+01
      vertex   2.030890e+01 -4.338083e+00 -4.170000e+01
      vertex   2.030890e+01 -4.338083e+00 -4.670000e+01
    endloop
  endfacet
  facet normal -0.000000e+00 -1.000000e+00 -0.000000e+00
    outer loop
      vertex   3.574122e+01 1.111445e+01 -4.170000e+01
      vertex   2.030890e+01 1.111445e+01 -4.170000e+01
      vertex   3.574122e+01 1.111445e+01 -4.670000e+01
    endloop
  endfacet
  facet normal 0.000000e+00 -1.000000e+00 0.000000e+00
    outer loop
      vertex   3.574122e+01 1.111445e+01 -4.670000e+01
      vertex   2.030890e+01 1.111445e+01 -4.170000e+01
      vertex   2.030890e+01 1.111445e+01 -4.670000e+01
    endloop
  endfacet
  facet normal -1.000000e+00 0.000000e+00 0.000000e+00
    outer loop
      vertex   1.549071e+01 1.588545e+01 -4.170000e+01
      vertex   1.549071e+01 3.133803e+01 -4.170000e+01
      vertex   1.549071e+01 1.588545e+01 -4.670000e+01
    endloop
  endfacet
  facet normal -1.000000e+00 0.000000e+00 0.000000e+00
    outer loop
      vertex   1.549071e+01 1.588545e+01 -4.670000e+01
      vertex   1.549071e+01 3.133803e+01 -4.170000e+01
      vertex   1.549071e+01 3.133803e+01 -4.670000e+01
    endloop
  endfacet
  facet normal 0.000000e+00 1.000000e+00 0.000000e+00
    outer loop
      vertex   5.876539e-02 1.588545e+01 -4.170000e+01
      vertex   1.549071e+01 1.588545e+01 -4.170000e+01
      vertex   5.876539e-02 1.588545e+01 -4.670000e+01
    endloop
  endfacet
  facet normal -0.000000e+00 1.000000e+00 0.000000e+00
    outer loop
      vertex   5.876539e-02 1.588545e+01 -4.670000e+01
      vertex   1.549071e+01 1.588545e+01 -4.170000e+01
      vertex   1.549071e+01 1.588545e+01 -4.670000e+01
    endloop
  endfacet
  facet normal 1.696399e-01 -9.855061e-01 0.000000e+00
    outer loop
      vertex   1.549071e+01 3.133803e+01 -4.670000e+01
      vertex   1.549071e+01 3.133803e+01 -4.170000e+01
      vertex   1.420626e+01 3.111693e+01 -4.670000e+01
    endloop
  endfacet
  facet normal 1.696399e-01 -9.855061e-01 0.000000e+00
    outer loop
      vertex   1.420626e+01 3.111693e+01 -4.670000e+01
      vertex   1.549071e+01 3.133803e+01 -4.170000e+01
      vertex   1.420626e+01 3.111693e+01 -4.170000e+01
    endloop
  endfacet
  facet normal 2.405068e-01 -9.706474e-01 0.000000e+00
    outer loop
      vertex   1.420626e+01 3.111693e+01 -4.670000e+01
      vertex   1.420626e+01 3.111693e+01 -4.170000e+01
      vertex   1.294117e+01 3.080347e+01 -4.670000e+01
    endloop
  endfacet
  facet normal 2.405068e-01 -9.706474e-01 0.000000e+00
    outer loop
      vertex   1.294117e+01 3.080347e+01 -4.670000e+01
      vertex   1.420626e+01 3.111693e+01 -4.170000e+01
      vertex   1.294117e+01 3.080347e+01 -4.170000e+01
    endloop
  endfacet
  facet normal 3.101129e-01 -9.506997e-01 0.000000e+00
    outer loop
      vertex   1.294117e+01 3.080347e+01 -4.670000e+01
      vertex   1.294117e+01 3.080347e+01 -4.170000e+01
      vertex   1.170208e+01 3.039928e+01 -4.670000e+01
    endloop
  endfacet
  facet normal 3.101129e-01 -9.506997e-01 0.000000e+00
    outer loop
      vertex   1.170208e+01 3.039928e+01 -4.670000e+01
      vertex   1.294117e+01 3.080347e+01 -4.170000e+01
      vertex   1.170208e+01 3.039928e+01 -4.170000e+01
    endloop
  endfacet
  facet normal 3.780930e-01 -9.257676e-01 0.000000e+00
    outer loop
      vertex   1.170208e+01 3.039928e+01 -4.670000e+01
      vertex   1.170208e+01 3.039928e+01 -4.170000e+01
      vertex   1.049549e+01 2.990650e+01 -4.670000e+01
    endloop
  endfacet
  facet normal 3.780930e-01 -9.257676e-01 0.000000e+00
    outer loop
      vertex   1.049549e+01 2.990650e+01 -4.670000e+01
      vertex   1.170208e+01 3.039928e+01 -4.170000e+01
      vertex   1.049549e+01 2.990650e+01 -4.170000e+01
    endloop
  endfacet
  facet normal 4.440909e-01 -8.959818e-01 0.000000e+00
    outer loop
      vertex   1.049549e+01 2.990650e+01 -4.670000e+01
      vertex   1.049549e+01 2.990650e+01 -4.170000e+01
      vertex   9.327718e+00 2.932770e+01 -4.670000e+01
    endloop
  endfacet
  facet normal 4.440909e-01 -8.959818e-01 0.000000e+00
    outer loop
      vertex   9.327718e+00 2.932770e+01 -4.670000e+01
      vertex   1.049549e+01 2.990650e+01 -4.170000e+01
      vertex   9.327718e+00 2.932770e+01 -4.170000e+01
    endloop
  endfacet
  facet normal 5.077604e-01 -8.614984e-01 0.000000e+00
    outer loop
      vertex   9.327718e+00 2.932770e+01 -4.670000e+01
      vertex   9.327718e+00 2.932770e+01 -4.170000e+01
      vertex   8.204891e+00 2.866591e+01 -4.670000e+01
    endloop
  endfacet
  facet normal 5.077604e-01 -8.614984e-01 -7.215709e-16
    outer loop
      vertex   8.204891e+00 2.866591e+01 -4.670000e+01
      vertex   9.327718e+00 2.932770e+01 -4.170000e+01
      vertex   8.204891e+00 2.866591e+01 -4.170000e+01
    endloop
  endfacet
  facet normal 5.687677e-01 -8.224982e-01 -8.082676e-16
    outer loop
      vertex   8.204891e+00 2.866591e+01 -4.670000e+01
      vertex   8.204891e+00 2.866591e+01 -4.170000e+01
      vertex   7.132893e+00 2.792461e+01 -4.670000e+01
    endloop
  endfacet
  facet normal 5.687677e-01 -8.224982e-01 0.000000e+00
    outer loop
      vertex   7.132893e+00 2.792461e+01 -4.670000e+01
      vertex   8.204891e+00 2.866591e+01 -4.170000e+01
      vertex   7.132893e+00 2.792461e+01 -4.170000e+01
    endloop
  endfacet
  facet normal 6.267931e-01 -7.791857e-01 0.000000e+00
    outer loop
      vertex   7.132893e+00 2.792461e+01 -4.670000e+01
      vertex   7.132893e+00 2.792461e+01 -4.170000e+01
      vertex   6.117347e+00 2.710769e+01 -4.670000e+01
    endloop
  endfacet
  facet normal 6.267931e-01 -7.791857e-01 0.000000e+00
    outer loop
      vertex   6.117347e+00 2.710769e+01 -4.670000e+01
      vertex   7.132893e+00 2.792461e+01 -4.170000e+01
      vertex   6.117347e+00 2.710769e+01 -4.170000e+01
    endloop
  endfacet
  facet normal 6.815322e-01 -7.317881e-01 0.000000e+00
    outer loop
      vertex   6.117347e+00 2.710769e+01 -4.670000e+01
      vertex   6.117347e+00 2.710769e+01 -4.170000e+01
      vertex   5.163576e+00 2.621941e+01 -4.670000e+01
    endloop
  endfacet
  facet normal 6.815322e-01 -7.317881e-01 0.000000e+00
    outer loop
      vertex   5.163576e+00 2.621941e+01 -4.670000e+01
      vertex   6.117347e+00 2.710769e+01 -4.170000e+01
      vertex   5.163576e+00 2.621941e+01 -4.170000e+01
    endloop
  endfacet
  facet normal 7.326982e-01 -6.805537e-01 0.000000e+00
    outer loop
      vertex   5.163576e+00 2.621941e+01 -4.670000e+01
      vertex   5.163576e+00 2.621941e+01 -4.170000e+01
      vertex   4.276581e+00 2.526446e+01 -4.670000e+01
    endloop
  endfacet
  facet normal 7.326982e-01 -6.805537e-01 0.000000e+00
    outer loop
      vertex   4.276581e+00 2.526446e+01 -4.670000e+01
      vertex   5.163576e+00 2.621941e+01 -4.170000e+01
      vertex   4.276581e+00 2.526446e+01 -4.170000e+01
    endloop
  endfacet
  facet normal 7.800226e-01 -6.257513e-01 0.000000e+00
    outer loop
      vertex   4.276581e+00 2.526446e+01 -4.670000e+01
      vertex   4.276581e+00 2.526446e+01 -4.170000e+01
      vertex   3.461012e+00 2.424782e+01 -4.670000e+01
    endloop
  endfacet
  facet normal 7.800226e-01 -6.257513e-01 0.000000e+00
    outer loop
      vertex   3.461012e+00 2.424782e+01 -4.670000e+01
      vertex   4.276581e+00 2.526446e+01 -4.170000e+01
      vertex   3.461012e+00 2.424782e+01 -4.170000e+01
    endloop
  endfacet
  facet normal 8.232575e-01 -5.676681e-01 0.000000e+00
    outer loop
      vertex   3.461012e+00 2.424782e+01 -4.670000e+01
      vertex   3.461012e+00 2.424782e+01 -4.170000e+01
      vertex   2.721146e+00 2.317483e+01 -4.670000e+01
    endloop
  endfacet
  facet normal 8.232575e-01 -5.676681e-01 0.000000e+00
    outer loop
      vertex   2.721146e+00 2.317483e+01 -4.670000e+01
      vertex   3.461012e+00 2.424782e+01 -4.170000e+01
      vertex   2.721146e+00 2.317483e+01 -4.170000e+01
    endloop
  endfacet
  facet normal 8.621761e-01 -5.066087e-01 0.000000e+00
    outer loop
      vertex   2.721146e+00 2.317483e+01 -4.670000e+01
      vertex   2.721146e+00 2.317483e+01 -4.170000e+01
      vertex   2.060861e+00 2.205112e+01 -4.670000e+01
    endloop
  endfacet
  facet normal 8.621761e-01 -5.066087e-01 -4.057991e-16
    outer loop
      vertex   2.060861e+00 2.205112e+01 -4.670000e+01
      vertex   2.721146e+00 2.317483e+01 -4.170000e+01
      vertex   2.060861e+00 2.205112e+01 -4.170000e+01
    endloop
  endfacet
  facet normal 8.965744e-01 -4.428932e-01 -4.816235e-16
    outer loop
      vertex   2.060861e+00 2.205112e+01 -4.670000e+01
      vertex   2.060861e+00 2.205112e+01 -4.170000e+01
      vertex   1.483619e+00 2.088258e+01 -4.670000e+01
    endloop
  endfacet
  facet normal 8.965744e-01 -4.428932e-01 0.000000e+00
    outer loop
      vertex   1.483619e+00 2.088258e+01 -4.670000e+01
      vertex   2.060861e+00 2.205112e+01 -4.170000e+01
      vertex   1.483619e+00 2.088258e+01 -4.170000e+01
    endloop
  endfacet
  facet normal 9.262720e-01 -3.768556e-01 0.000000e+00
    outer loop
      vertex   1.483619e+00 2.088258e+01 -4.670000e+01
      vertex   1.483619e+00 2.088258e+01 -4.170000e+01
      vertex   9.924471e-01 1.967533e+01 -4.670000e+01
    endloop
  endfacet
  facet normal 9.262720e-01 -3.768556e-01 0.000000e+00
    outer loop
      vertex   9.924471e-01 1.967533e+01 -4.670000e+01
      vertex   1.483619e+00 2.088258e+01 -4.170000e+01
      vertex   9.924471e-01 1.967533e+01 -4.170000e+01
    endloop
  endfacet
  facet normal 9.511133e-01 -3.088422e-01 0.000000e+00
    outer loop
      vertex   9.924471e-01 1.967533e+01 -4.670000e+01
      vertex   9.924471e-01 1.967533e+01 -4.170000e+01
      vertex   5.899198e-01 1.843570e+01 -4.670000e+01
    endloop
  endfacet
  facet normal 9.511133e-01 -3.088422e-01 0.000000e+00
    outer loop
      vertex   5.899198e-01 1.843570e+01 -4.670000e+01
      vertex   9.924471e-01 1.967533e+01 -4.170000e+01
      vertex   5.899198e-01 1.843570e+01 -4.170000e+01
    endloop
  endfacet
  facet normal 9.709680e-01 -2.392095e-01 0.000000e+00
    outer loop
      vertex   5.899198e-01 1.843570e+01 -4.670000e+01
      vertex   5.899198e-01 1.843570e+01 -4.170000e+01
      vertex   2.781477e-01 1.717020e+01 -4.670000e+01
    endloop
  endfacet
  facet normal 9.709680e-01 -2.392095e-01 -9.125918e-17
    outer loop
      vertex   2.781477e-01 1.717020e+01 -4.670000e+01
      vertex   5.899198e-01 1.843570e+01 -4.170000e+01
      vertex   2.781477e-01 1.717020e+01 -4.170000e+01
    endloop
  endfacet
  facet normal 9.857319e-01 -1.683228e-01 -1.985519e-16
    outer loop
      vertex   2.781477e-01 1.717020e+01 -4.670000e+01
      vertex   2.781477e-01 1.717020e+01 -4.170000e+01
      vertex   5.876539e-02 1.588545e+01 -4.670000e+01
    endloop
  endfacet
  facet normal 9.857319e-01 -1.683228e-01 0.000000e+00
    outer loop
      vertex   5.876539e-02 1.588545e+01 -4.670000e+01
      vertex   2.781477e-01 1.717020e+01 -4.170000e+01
      vertex   5.876539e-02 1.588545e+01 -4.170000e+01
    endloop
  endfacet
  facet normal -9.857318e-01 -1.683234e-01 0.000000e+00
    outer loop
      vertex   3.574123e+01 1.588545e+01 -4.670000e+01
      vertex   3.574123e+01 1.588545e+01 -4.170000e+01
      vertex   3.552185e+01 1.717022e+01 -4.670000e+01
    endloop
  endfacet
  facet normal -9.857318e-01 -1.683234e-01 0.000000e+00
    outer loop
      vertex   3.552185e+01 1.717022e+01 -4.670000e+01
      vertex   3.574123e+01 1.588545e+01 -4.170000e+01
      vertex   3.552185e+01 1.717022e+01 -4.170000e+01
    endloop
  endfacet
  facet normal -9.709675e-01 -2.392113e-01 0.000000e+00
    outer loop
      vertex   3.552185e+01 1.717022e+01 -4.670000e+01
      vertex   3.552185e+01 1.717022e+01 -4.170000e+01
      vertex   3.521007e+01 1.843574e+01 -4.670000e+01
    endloop
  endfacet
  facet normal -9.709675e-01 -2.392113e-01 -1.699699e-16
    outer loop
      vertex   3.521007e+01 1.843574e+01 -4.670000e+01
      vertex   3.552185e+01 1.717022e+01 -4.170000e+01
      vertex   3.521007e+01 1.843574e+01 -4.170000e+01
    endloop
  endfacet
  facet normal -9.511124e-01 -3.088451e-01 -2.194476e-16
    outer loop
      vertex   3.521007e+01 1.843574e+01 -4.670000e+01
      vertex   3.521007e+01 1.843574e+01 -4.170000e+01
      vertex   3.480753e+01 1.967539e+01 -4.670000e+01
    endloop
  endfacet
  facet normal -9.511124e-01 -3.088451e-01 1.132164e-15
    outer loop
      vertex   3.480753e+01 1.967539e+01 -4.670000e+01
      vertex   3.521007e+01 1.843574e+01 -4.170000e+01
      vertex   3.480753e+01 1.967539e+01 -4.170000e+01
    endloop
  endfacet
  facet normal -9.262704e-01 -3.768595e-01 1.048535e-15
    outer loop
      vertex   3.480753e+01 1.967539e+01 -4.670000e+01
      vertex   3.480753e+01 1.967539e+01 -4.170000e+01
      vertex   3.431634e+01 2.088266e+01 -4.670000e+01
    endloop
  endfacet
  facet normal -9.262704e-01 -3.768595e-01 -2.677748e-16
    outer loop
      vertex   3.431634e+01 2.088266e+01 -4.670000e+01
      vertex   3.480753e+01 1.967539e+01 -4.170000e+01
      vertex   3.431634e+01 2.088266e+01 -4.170000e+01
    endloop
  endfacet
  facet normal -8.965720e-01 -4.428980e-01 -3.146980e-16
    outer loop
      vertex   3.431634e+01 2.088266e+01 -4.670000e+01
      vertex   3.431634e+01 2.088266e+01 -4.170000e+01
      vertex   3.373909e+01 2.205122e+01 -4.670000e+01
    endloop
  endfacet
  facet normal -8.965720e-01 -4.428980e-01 0.000000e+00
    outer loop
      vertex   3.373909e+01 2.205122e+01 -4.670000e+01
      vertex   3.431634e+01 2.088266e+01 -4.170000e+01
      vertex   3.373909e+01 2.205122e+01 -4.170000e+01
    endloop
  endfacet
  facet normal -8.621727e-01 -5.066144e-01 0.000000e+00
    outer loop
      vertex   3.373909e+01 2.205122e+01 -4.670000e+01
      vertex   3.373909e+01 2.205122e+01 -4.170000e+01
      vertex   3.307878e+01 2.317494e+01 -4.670000e+01
    endloop
  endfacet
  facet normal -8.621727e-01 -5.066144e-01 0.000000e+00
    outer loop
      vertex   3.307878e+01 2.317494e+01 -4.670000e+01
      vertex   3.373909e+01 2.205122e+01 -4.170000e+01
      vertex   3.307878e+01 2.317494e+01 -4.170000e+01
    endloop
  endfacet
  facet normal -8.232530e-01 -5.676746e-01 0.000000e+00
    outer loop
      vertex   3.307878e+01 2.317494e+01 -4.670000e+01
      vertex   3.307878e+01 2.317494e+01 -4.170000e+01
      vertex   3.233890e+01 2.424794e+01 -4.670000e+01
    endloop
  endfacet
  facet normal -8.232530e-01 -5.676746e-01 0.000000e+00
    outer loop
      vertex   3.233890e+01 2.424794e+01 -4.670000e+01
      vertex   3.307878e+01 2.317494e+01 -4.170000e+01
      vertex   3.233890e+01 2.424794e+01 -4.170000e+01
    endloop
  endfacet
  facet normal -7.800170e-01 -6.257584e-01 0.000000e+00
    outer loop
      vertex   3.233890e+01 2.424794e+01 -4.670000e+01
      vertex   3.233890e+01 2.424794e+01 -4.170000e+01
      vertex   3.152330e+01 2.526459e+01 -4.670000e+01
    endloop
  endfacet
  facet normal -7.800170e-01 -6.257584e-01 0.000000e+00
    outer loop
      vertex   3.152330e+01 2.526459e+01 -4.670000e+01
      vertex   3.233890e+01 2.424794e+01 -4.170000e+01
      vertex   3.152330e+01 2.526459e+01 -4.170000e+01
    endloop
  endfacet
  facet normal -7.326912e-01 -6.805613e-01 0.000000e+00
    outer loop
      vertex   3.152330e+01 2.526459e+01 -4.670000e+01
      vertex   3.152330e+01 2.526459e+01 -4.170000e+01
      vertex   3.063628e+01 2.621955e+01 -4.670000e+01
    endloop
  endfacet
  facet normal -7.326912e-01 -6.805613e-01 0.000000e+00
    outer loop
      vertex   3.063628e+01 2.621955e+01 -4.670000e+01
      vertex   3.152330e+01 2.526459e+01 -4.170000e+01
      vertex   3.063628e+01 2.621955e+01 -4.170000e+01
    endloop
  endfacet
  facet normal -6.815238e-01 -7.317959e-01 0.000000e+00
    outer loop
      vertex   3.063628e+01 2.621955e+01 -4.670000e+01
      vertex   3.063628e+01 2.621955e+01 -4.170000e+01
      vertex   2.968249e+01 2.710783e+01 -4.670000e+01
    endloop
  endfacet
  facet normal -6.815238e-01 -7.317959e-01 0.000000e+00
    outer loop
      vertex   2.968249e+01 2.710783e+01 -4.670000e+01
      vertex   3.063628e+01 2.621955e+01 -4.170000e+01
      vertex   2.968249e+01 2.710783e+01 -4.170000e+01
    endloop
  endfacet
  facet normal -6.267832e-01 -7.791937e-01 0.000000e+00
    outer loop
      vertex   2.968249e+01 2.710783e+01 -4.670000e+01
      vertex   2.968249e+01 2.710783e+01 -4.170000e+01
      vertex   2.866691e+01 2.792475e+01 -4.670000e+01
    endloop
  endfacet
  facet normal -6.267832e-01 -7.791937e-01 0.000000e+00
    outer loop
      vertex   2.866691e+01 2.792475e+01 -4.670000e+01
      vertex   2.968249e+01 2.710783e+01 -4.170000e+01
      vertex   2.866691e+01 2.792475e+01 -4.170000e+01
    endloop
  endfacet
  facet normal -5.687563e-01 -8.225061e-01 0.000000e+00
    outer loop
      vertex   2.866691e+01 2.792475e+01 -4.670000e+01
      vertex   2.866691e+01 2.792475e+01 -4.170000e+01
      vertex   2.759489e+01 2.866605e+01 -4.670000e+01
    endloop
  endfacet
  facet normal -5.687563e-01 -8.225061e-01 0.000000e+00
    outer loop
      vertex   2.759489e+01 2.866605e+01 -4.670000e+01
      vertex   2.866691e+01 2.792475e+01 -4.170000e+01
      vertex   2.759489e+01 2.866605e+01 -4.170000e+01
    endloop
  endfacet
  facet normal -5.077474e-01 -8.615060e-01 0.000000e+00
    outer loop
      vertex   2.759489e+01 2.866605e+01 -4.670000e+01
      vertex   2.759489e+01 2.866605e+01 -4.170000e+01
      vertex   2.647203e+01 2.932783e+01 -4.670000e+01
    endloop
  endfacet
  facet normal -5.077474e-01 -8.615060e-01 -2.513606e-16
    outer loop
      vertex   2.647203e+01 2.932783e+01 -4.670000e+01
      vertex   2.759489e+01 2.866605e+01 -4.170000e+01
      vertex   2.647203e+01 2.932783e+01 -4.170000e+01
    endloop
  endfacet
  facet normal -4.440762e-01 -8.959890e-01 -3.211033e-16
    outer loop
      vertex   2.647203e+01 2.932783e+01 -4.670000e+01
      vertex   2.647203e+01 2.932783e+01 -4.170000e+01
      vertex   2.530423e+01 2.990662e+01 -4.670000e+01
    endloop
  endfacet
  facet normal -4.440762e-01 -8.959890e-01 0.000000e+00
    outer loop
      vertex   2.530423e+01 2.990662e+01 -4.670000e+01
      vertex   2.647203e+01 2.932783e+01 -4.170000e+01
      vertex   2.530423e+01 2.990662e+01 -4.170000e+01
    endloop
  endfacet
  facet normal -3.780768e-01 -9.257742e-01 0.000000e+00
    outer loop
      vertex   2.530423e+01 2.990662e+01 -4.670000e+01
      vertex   2.530423e+01 2.990662e+01 -4.170000e+01
      vertex   2.409761e+01 3.039940e+01 -4.670000e+01
    endloop
  endfacet
  facet normal -3.780768e-01 -9.257742e-01 0.000000e+00
    outer loop
      vertex   2.409761e+01 3.039940e+01 -4.670000e+01
      vertex   2.530423e+01 2.990662e+01 -4.170000e+01
      vertex   2.409761e+01 3.039940e+01 -4.170000e+01
    endloop
  endfacet
  facet normal -3.100951e-01 -9.507055e-01 0.000000e+00
    outer loop
      vertex   2.409761e+01 3.039940e+01 -4.670000e+01
      vertex   2.409761e+01 3.039940e+01 -4.170000e+01
      vertex   2.285849e+01 3.080356e+01 -4.670000e+01
    endloop
  endfacet
  facet normal -3.100951e-01 -9.507055e-01 0.000000e+00
    outer loop
      vertex   2.285849e+01 3.080356e+01 -4.670000e+01
      vertex   2.409761e+01 3.039940e+01 -4.170000e+01
      vertex   2.285849e+01 3.080356e+01 -4.170000e+01
    endloop
  endfacet
  facet normal -2.404875e-01 -9.706522e-01 0.000000e+00
    outer loop
      vertex   2.285849e+01 3.080356e+01 -4.670000e+01
      vertex   2.285849e+01 3.080356e+01 -4.170000e+01
      vertex   2.159338e+01 3.111701e+01 -4.670000e+01
    endloop
  endfacet
  facet normal -2.404875e-01 -9.706522e-01 0.000000e+00
    outer loop
      vertex   2.159338e+01 3.111701e+01 -4.670000e+01
      vertex   2.285849e+01 3.080356e+01 -4.170000e+01
      vertex   2.159338e+01 3.111701e+01 -4.170000e+01
    endloop
  endfacet
  facet normal -1.696190e-01 -9.855097e-01 0.000000e+00
    outer loop
      vertex   2.159338e+01 3.111701e+01 -4.670000e+01
      vertex   2.159338e+01 3.111701e+01 -4.170000e+01
      vertex   2.030890e+01 3.133808e+01 -4.670000e+01
    endloop
  endfacet
  facet normal -1.696190e-01 -9.855097e-01 0.000000e+00
    outer loop
      vertex   2.030890e+01 3.133808e+01 -4.670000e+01
      vertex   2.159338e+01 3.111701e+01 -4.170000e+01
      vertex   2.030890e+01 3.133808e+01 -4.170000e+01
    endloop
  endfacet
  facet normal -1.151062e-16 1.000000e+00 -8.178786e-32
    outer loop
      vertex   2.030890e+01 1.588545e+01 -4.170000e+01
      vertex   3.574123e+01 1.588545e+01 -4.170000e+01
      vertex   2.030890e+01 1.588545e+01 -4.670000e+01
    endloop
  endfacet
  facet normal -1.151062e-16 1.000000e+00 0.000000e+00
    outer loop
      vertex   2.030890e+01 1.588545e+01 -4.670000e+01
      vertex   3.574123e+01 1.588545e+01 -4.170000e+01
      vertex   3.574123e+01 1.588545e+01 -4.670000e+01
    endloop
  endfacet
  facet normal 1.000000e+00 -2.299099e-16 0.000000e+00
    outer loop
      vertex   2.030890e+01 3.133808e+01 -4.170000e+01
      vertex   2.030890e+01 1.588545e+01 -4.170000e+01
      vertex   2.030890e+01 3.133808e+01 -4.670000e+01
    endloop
  endfacet
  facet normal 1.000000e+00 0.000000e+00 7.105427e-16
    outer loop
      vertex   2.030890e+01 3.133808e+01 -4.670000e+01
      vertex   2.030890e+01 1.588545e+01 -4.170000e+01
      vertex   2.030890e+01 1.588545e+01 -4.670000e+01
    endloop
  endfacet
  facet normal -9.993908e-01 -3.489950e-02 0.000000e+00
    outer loop
      vertex   -2.051282e+00 1.210487e+01 -4.670000e+01
      vertex   -2.051282e+00 1.210487e+01 -4.170000e+01
      vertex   -2.100001e+00 1.350000e+01 -4.670000e+01
    endloop
  endfacet
  facet normal -9.993908e-01 -3.489950e-02 0.000000e+00
    outer loop
      vertex   -2.100001e+00 1.350000e+01 -4.670000e+01
      vertex   -2.051282e+00 1.210487e+01 -4.170000e+01
      vertex   -2.100001e+00 1.350000e+01 -4.170000e+01
    endloop
  endfacet
  facet normal -9.993908e-01 3.489950e-02 0.000000e+00
    outer loop
      vertex   -2.100001e+00 1.350000e+01 -4.670000e+01
      vertex   -2.100001e+00 1.350000e+01 -4.170000e+01
      vertex   -2.051282e+00 1.489513e+01 -4.670000e+01
    endloop
  endfacet
  facet normal -9.993908e-01 3.489950e-02 0.000000e+00
    outer loop
      vertex   -2.051282e+00 1.489513e+01 -4.670000e+01
      vertex   -2.100001e+00 1.350000e+01 -4.170000e+01
      vertex   -2.051282e+00 1.489513e+01 -4.170000e+01
    endloop
  endfacet
  facet normal -9.945219e-01 1.045285e-01 0.000000e+00
    outer loop
      vertex   -2.051282e+00 1.489513e+01 -4.670000e+01
      vertex   -2.051282e+00 1.489513e+01 -4.170000e+01
      vertex   -1.905362e+00 1.628346e+01 -4.670000e+01
    endloop
  endfacet
  facet normal -9.945219e-01 1.045285e-01 0.000000e+00
    outer loop
      vertex   -1.905362e+00 1.628346e+01 -4.670000e+01
      vertex   -2.051282e+00 1.489513e+01 -4.170000e+01
      vertex   -1.905362e+00 1.628346e+01 -4.170000e+01
    endloop
  endfacet
  facet normal -9.848078e-01 1.736482e-01 0.000000e+00
    outer loop
      vertex   -1.905362e+00 1.628346e+01 -4.670000e+01
      vertex   -1.905362e+00 1.628346e+01 -4.170000e+01
      vertex   -1.662953e+00 1.765823e+01 -4.670000e+01
    endloop
  endfacet
  facet normal -9.848078e-01 1.736482e-01 6.718914e-17
    outer loop
      vertex   -1.662953e+00 1.765823e+01 -4.670000e+01
      vertex   -1.905362e+00 1.628346e+01 -4.170000e+01
      vertex   -1.662953e+00 1.765823e+01 -4.170000e+01
    endloop
  endfacet
  facet normal -9.702957e-01 2.419219e-01 -8.478967e-17
    outer loop
      vertex   -1.662953e+00 1.765823e+01 -4.670000e+01
      vertex   -1.662953e+00 1.765823e+01 -4.170000e+01
      vertex   -1.325235e+00 1.901275e+01 -4.670000e+01
    endloop
  endfacet
  facet normal -9.702957e-01 2.419219e-01 -8.710617e-17
    outer loop
      vertex   -1.325235e+00 1.901275e+01 -4.670000e+01
      vertex   -1.662953e+00 1.765823e+01 -4.170000e+01
      vertex   -1.325235e+00 1.901275e+01 -4.170000e+01
    endloop
  endfacet
  facet normal -9.510565e-01 3.090170e-01 1.678562e-17
    outer loop
      vertex   -1.325235e+00 1.901275e+01 -4.670000e+01
      vertex   -1.325235e+00 1.901275e+01 -4.170000e+01
      vertex   -8.938531e-01 2.034040e+01 -4.670000e+01
    endloop
  endfacet
  facet normal -9.510565e-01 3.090170e-01 2.363554e-16
    outer loop
      vertex   -8.938531e-01 2.034040e+01 -4.670000e+01
      vertex   -1.325235e+00 1.901275e+01 -4.170000e+01
      vertex   -8.938531e-01 2.034040e+01 -4.170000e+01
    endloop
  endfacet
  facet normal -9.271839e-01 3.746066e-01 3.867696e-16
    outer loop
      vertex   -8.938531e-01 2.034040e+01 -4.670000e+01
      vertex   -8.938531e-01 2.034040e+01 -4.170000e+01
      vertex   -3.709098e-01 2.163473e+01 -4.670000e+01
    endloop
  endfacet
  facet normal -9.271839e-01 3.746066e-01 -5.573307e-16
    outer loop
      vertex   -3.709098e-01 2.163473e+01 -4.670000e+01
      vertex   -8.938531e-01 2.034040e+01 -4.170000e+01
      vertex   -3.709098e-01 2.163473e+01 -4.170000e+01
    endloop
  endfacet
  facet normal -8.987940e-01 4.383711e-01 -4.868080e-16
    outer loop
      vertex   -3.709098e-01 2.163473e+01 -4.670000e+01
      vertex   -3.709098e-01 2.163473e+01 -4.170000e+01
      vertex   2.410475e-01 2.288943e+01 -4.670000e+01
    endloop
  endfacet
  facet normal -8.987940e-01 4.383711e-01 0.000000e+00
    outer loop
      vertex   2.410475e-01 2.288943e+01 -4.670000e+01
      vertex   -3.709098e-01 2.163473e+01 -4.170000e+01
      vertex   2.410475e-01 2.288943e+01 -4.170000e+01
    endloop
  endfacet
  facet normal -8.660254e-01 5.000000e-01 0.000000e+00
    outer loop
      vertex   2.410475e-01 2.288943e+01 -4.670000e+01
      vertex   2.410475e-01 2.288943e+01 -4.170000e+01
      vertex   9.390374e-01 2.409838e+01 -4.670000e+01
    endloop
  endfacet
  facet normal -8.660254e-01 5.000000e-01 0.000000e+00
    outer loop
      vertex   9.390374e-01 2.409838e+01 -4.670000e+01
      vertex   2.410475e-01 2.288943e+01 -4.170000e+01
      vertex   9.390374e-01 2.409838e+01 -4.170000e+01
    endloop
  endfacet
  facet normal -8.290376e-01 5.591929e-01 0.000000e+00
    outer loop
      vertex   9.390374e-01 2.409838e+01 -4.670000e+01
      vertex   9.390374e-01 2.409838e+01 -4.170000e+01
      vertex   1.719659e+00 2.525570e+01 -4.670000e+01
    endloop
  endfacet
  facet normal -8.290376e-01 5.591929e-01 0.000000e+00
    outer loop
      vertex   1.719659e+00 2.525570e+01 -4.670000e+01
      vertex   9.390374e-01 2.409838e+01 -4.170000e+01
      vertex   1.719659e+00 2.525570e+01 -4.170000e+01
    endloop
  endfacet
  facet normal -7.880108e-01 6.156615e-01 0.000000e+00
    outer loop
      vertex   1.719659e+00 2.525570e+01 -4.670000e+01
      vertex   1.719659e+00 2.525570e+01 -4.170000e+01
      vertex   2.579110e+00 2.635575e+01 -4.670000e+01
    endloop
  endfacet
  facet normal -7.880108e-01 6.156615e-01 0.000000e+00
    outer loop
      vertex   2.579110e+00 2.635575e+01 -4.670000e+01
      vertex   1.719659e+00 2.525570e+01 -4.170000e+01
      vertex   2.579110e+00 2.635575e+01 -4.170000e+01
    endloop
  endfacet
  facet normal -7.431448e-01 6.691306e-01 0.000000e+00
    outer loop
      vertex   2.579110e+00 2.635575e+01 -4.670000e+01
      vertex   2.579110e+00 2.635575e+01 -4.170000e+01
      vertex   3.513203e+00 2.739317e+01 -4.670000e+01
    endloop
  endfacet
  facet normal -7.431448e-01 6.691306e-01 0.000000e+00
    outer loop
      vertex   3.513203e+00 2.739317e+01 -4.670000e+01
      vertex   2.579110e+00 2.635575e+01 -4.170000e+01
      vertex   3.513203e+00 2.739317e+01 -4.170000e+01
    endloop
  endfacet
  facet normal -6.946584e-01 7.193398e-01 0.000000e+00
    outer loop
      vertex   3.513203e+00 2.739317e+01 -4.670000e+01
      vertex   3.513203e+00 2.739317e+01 -4.170000e+01
      vertex   4.517387e+00 2.836290e+01 -4.670000e+01
    endloop
  endfacet
  facet normal -6.946584e-01 7.193398e-01 0.000000e+00
    outer loop
      vertex   4.517387e+00 2.836290e+01 -4.670000e+01
      vertex   3.513203e+00 2.739317e+01 -4.170000e+01
      vertex   4.517387e+00 2.836290e+01 -4.170000e+01
    endloop
  endfacet
  facet normal -6.427876e-01 7.660444e-01 0.000000e+00
    outer loop
      vertex   4.517387e+00 2.836290e+01 -4.670000e+01
      vertex   4.517387e+00 2.836290e+01 -4.170000e+01
      vertex   5.586770e+00 2.926021e+01 -4.670000e+01
    endloop
  endfacet
  facet normal -6.427876e-01 7.660444e-01 -2.549668e-16
    outer loop
      vertex   5.586770e+00 2.926021e+01 -4.670000e+01
      vertex   4.517387e+00 2.836290e+01 -4.170000e+01
      vertex   5.586770e+00 2.926021e+01 -4.170000e+01
    endloop
  endfacet
  facet normal -5.877853e-01 8.090170e-01 -1.560403e-16
    outer loop
      vertex   5.586770e+00 2.926021e+01 -4.670000e+01
      vertex   5.586770e+00 2.926021e+01 -4.170000e+01
      vertex   6.716141e+00 3.008075e+01 -4.670000e+01
    endloop
  endfacet
  facet normal -5.877853e-01 8.090170e-01 -1.044116e-15
    outer loop
      vertex   6.716141e+00 3.008075e+01 -4.670000e+01
      vertex   5.586770e+00 2.926021e+01 -4.170000e+01
      vertex   6.716141e+00 3.008075e+01 -4.170000e+01
    endloop
  endfacet
  facet normal -5.299193e-01 8.480481e-01 -9.413257e-16
    outer loop
      vertex   6.716141e+00 3.008075e+01 -4.670000e+01
      vertex   6.716141e+00 3.008075e+01 -4.170000e+01
      vertex   7.899999e+00 3.082051e+01 -4.670000e+01
    endloop
  endfacet
  facet normal -5.299193e-01 8.480481e-01 0.000000e+00
    outer loop
      vertex   7.899999e+00 3.082051e+01 -4.670000e+01
      vertex   6.716141e+00 3.008075e+01 -4.170000e+01
      vertex   7.899999e+00 3.082051e+01 -4.170000e+01
    endloop
  endfacet
  facet normal -4.694716e-01 8.829476e-01 0.000000e+00
    outer loop
      vertex   7.899999e+00 3.082051e+01 -4.670000e+01
      vertex   7.899999e+00 3.082051e+01 -4.170000e+01
      vertex   9.132576e+00 3.147588e+01 -4.670000e+01
    endloop
  endfacet
  facet normal -4.694716e-01 8.829476e-01 0.000000e+00
    outer loop
      vertex   9.132576e+00 3.147588e+01 -4.670000e+01
      vertex   7.899999e+00 3.082051e+01 -4.170000e+01
      vertex   9.132576e+00 3.147588e+01 -4.170000e+01
    endloop
  endfacet
  facet normal -4.067366e-01 9.135455e-01 0.000000e+00
    outer loop
      vertex   9.132576e+00 3.147588e+01 -4.670000e+01
      vertex   9.132576e+00 3.147588e+01 -4.170000e+01
      vertex   1.040787e+01 3.204368e+01 -4.670000e+01
    endloop
  endfacet
  facet normal -4.067366e-01 9.135455e-01 -2.890038e-16
    outer loop
      vertex   1.040787e+01 3.204368e+01 -4.670000e+01
      vertex   9.132576e+00 3.147588e+01 -4.170000e+01
      vertex   1.040787e+01 3.204368e+01 -4.170000e+01
    endloop
  endfacet
  facet normal -3.420201e-01 9.396926e-01 -2.430199e-16
    outer loop
      vertex   1.040787e+01 3.204368e+01 -4.670000e+01
      vertex   1.040787e+01 3.204368e+01 -4.170000e+01
      vertex   1.171966e+01 3.252113e+01 -4.670000e+01
    endloop
  endfacet
  facet normal -3.420201e-01 9.396926e-01 0.000000e+00
    outer loop
      vertex   1.171966e+01 3.252113e+01 -4.670000e+01
      vertex   1.040787e+01 3.204368e+01 -4.170000e+01
      vertex   1.171966e+01 3.252113e+01 -4.170000e+01
    endloop
  endfacet
  facet normal -2.756374e-01 9.612617e-01 0.000000e+00
    outer loop
      vertex   1.171966e+01 3.252113e+01 -4.670000e+01
      vertex   1.171966e+01 3.252113e+01 -4.170000e+01
      vertex   1.306156e+01 3.290591e+01 -4.670000e+01
    endloop
  endfacet
  facet normal -2.756374e-01 9.612617e-01 0.000000e+00
    outer loop
      vertex   1.306156e+01 3.290591e+01 -4.670000e+01
      vertex   1.171966e+01 3.252113e+01 -4.170000e+01
      vertex   1.306156e+01 3.290591e+01 -4.170000e+01
    endloop
  endfacet
  facet normal -2.079117e-01 9.781476e-01 0.000000e+00
    outer loop
      vertex   1.306156e+01 3.290591e+01 -4.670000e+01
      vertex   1.306156e+01 3.290591e+01 -4.170000e+01
      vertex   1.442704e+01 3.319615e+01 -4.670000e+01
    endloop
  endfacet
  facet normal -2.079117e-01 9.781476e-01 2.215952e-16
    outer loop
      vertex   1.442704e+01 3.319615e+01 -4.670000e+01
      vertex   1.306156e+01 3.290591e+01 -4.170000e+01
      vertex   1.442704e+01 3.319615e+01 -4.170000e+01
    endloop
  endfacet
  facet normal -1.391731e-01 9.902681e-01 1.483327e-16
    outer loop
      vertex   1.442704e+01 3.319615e+01 -4.670000e+01
      vertex   1.442704e+01 3.319615e+01 -4.170000e+01
      vertex   1.580943e+01 3.339044e+01 -4.670000e+01
    endloop
  endfacet
  facet normal -1.391731e-01 9.902681e-01 9.888844e-17
    outer loop
      vertex   1.580943e+01 3.339044e+01 -4.670000e+01
      vertex   1.442704e+01 3.319615e+01 -4.170000e+01
      vertex   1.580943e+01 3.339044e+01 -4.170000e+01
    endloop
  endfacet
  facet normal -6.975647e-02 9.975641e-01 4.956496e-17
    outer loop
      vertex   1.580943e+01 3.339044e+01 -4.670000e+01
      vertex   1.580943e+01 3.339044e+01 -4.170000e+01
      vertex   1.720201e+01 3.348782e+01 -4.670000e+01
    endloop
  endfacet
  facet normal -6.975647e-02 9.975641e-01 -9.912991e-17
    outer loop
      vertex   1.720201e+01 3.348782e+01 -4.670000e+01
      vertex   1.580943e+01 3.339044e+01 -4.170000e+01
      vertex   1.720201e+01 3.348782e+01 -4.170000e+01
    endloop
  endfacet
  facet normal 0.000000e+00 1.000000e+00 -0.000000e+00
    outer loop
      vertex   1.720201e+01 3.348782e+01 -4.670000e+01
      vertex   1.720201e+01 3.348782e+01 -4.170000e+01
      vertex   1.859799e+01 3.348782e+01 -4.670000e+01
    endloop
  endfacet
  facet normal 0.000000e+00 1.000000e+00 0.000000e+00
    outer loop
      vertex   1.859799e+01 3.348782e+01 -4.670000e+01
      vertex   1.720201e+01 3.348782e+01 -4.170000e+01
      vertex   1.859799e+01 3.348782e+01 -4.170000e+01
    endloop
  endfacet
  facet normal 6.975647e-02 9.975641e-01 9.912991e-17
    outer loop
      vertex   1.859799e+01 3.348782e+01 -4.670000e+01
      vertex   1.859799e+01 3.348782e+01 -4.170000e+01
      vertex   1.999057e+01 3.339044e+01 -4.670000e+01
    endloop
  endfacet
  facet normal 6.975647e-02 9.975641e-01 1.486949e-16
    outer loop
      vertex   1.999057e+01 3.339044e+01 -4.670000e+01
      vertex   1.859799e+01 3.348782e+01 -4.170000e+01
      vertex   1.999057e+01 3.339044e+01 -4.170000e+01
    endloop
  endfacet
  facet normal 1.391731e-01 9.902681e-01 2.966653e-16
    outer loop
      vertex   1.999057e+01 3.339044e+01 -4.670000e+01
      vertex   1.999057e+01 3.339044e+01 -4.170000e+01
      vertex   2.137296e+01 3.319615e+01 -4.670000e+01
    endloop
  endfacet
  facet normal 1.391731e-01 9.902681e-01 9.888844e-17
    outer loop
      vertex   2.137296e+01 3.319615e+01 -4.670000e+01
      vertex   1.999057e+01 3.339044e+01 -4.170000e+01
      vertex   2.137296e+01 3.319615e+01 -4.170000e+01
    endloop
  endfacet
  facet normal 2.079117e-01 9.781476e-01 1.477301e-16
    outer loop
      vertex   2.137296e+01 3.319615e+01 -4.670000e+01
      vertex   2.137296e+01 3.319615e+01 -4.170000e+01
      vertex   2.273844e+01 3.290591e+01 -4.670000e+01
    endloop
  endfacet
  facet normal 2.079117e-01 9.781476e-01 1.477301e-16
    outer loop
      vertex   2.273844e+01 3.290591e+01 -4.670000e+01
      vertex   2.137296e+01 3.319615e+01 -4.170000e+01
      vertex   2.273844e+01 3.290591e+01 -4.170000e+01
    endloop
  endfacet
  facet normal 2.756374e-01 9.612617e-01 1.958521e-16
    outer loop
      vertex   2.273844e+01 3.290591e+01 -4.670000e+01
      vertex   2.273844e+01 3.290591e+01 -4.170000e+01
      vertex   2.408034e+01 3.252113e+01 -4.670000e+01
    endloop
  endfacet
  facet normal 2.756374e-01 9.612617e-01 -0.000000e+00
    outer loop
      vertex   2.408034e+01 3.252113e+01 -4.670000e+01
      vertex   2.273844e+01 3.290591e+01 -4.170000e+01
      vertex   2.408034e+01 3.252113e+01 -4.170000e+01
    endloop
  endfacet
  facet normal 3.420201e-01 9.396926e-01 -0.000000e+00
    outer loop
      vertex   2.408034e+01 3.252113e+01 -4.670000e+01
      vertex   2.408034e+01 3.252113e+01 -4.170000e+01
      vertex   2.539213e+01 3.204368e+01 -4.670000e+01
    endloop
  endfacet
  facet normal 3.420201e-01 9.396926e-01 -0.000000e+00
    outer loop
      vertex   2.539213e+01 3.204368e+01 -4.670000e+01
      vertex   2.408034e+01 3.252113e+01 -4.170000e+01
      vertex   2.539213e+01 3.204368e+01 -4.170000e+01
    endloop
  endfacet
  facet normal 4.067366e-01 9.135455e-01 -0.000000e+00
    outer loop
      vertex   2.539213e+01 3.204368e+01 -4.670000e+01
      vertex   2.539213e+01 3.204368e+01 -4.170000e+01
      vertex   2.666742e+01 3.147588e+01 -4.670000e+01
    endloop
  endfacet
  facet normal 4.067366e-01 9.135455e-01 -0.000000e+00
    outer loop
      vertex   2.666742e+01 3.147588e+01 -4.670000e+01
      vertex   2.539213e+01 3.204368e+01 -4.170000e+01
      vertex   2.666742e+01 3.147588e+01 -4.170000e+01
    endloop
  endfacet
  facet normal 4.694716e-01 8.829476e-01 -0.000000e+00
    outer loop
      vertex   2.666742e+01 3.147588e+01 -4.670000e+01
      vertex   2.666742e+01 3.147588e+01 -4.170000e+01
      vertex   2.790000e+01 3.082051e+01 -4.670000e+01
    endloop
  endfacet
  facet normal 4.694716e-01 8.829476e-01 1.214957e-15
    outer loop
      vertex   2.790000e+01 3.082051e+01 -4.670000e+01
      vertex   2.666742e+01 3.147588e+01 -4.170000e+01
      vertex   2.790000e+01 3.082051e+01 -4.170000e+01
    endloop
  endfacet
  facet normal 5.299193e-01 8.480481e-01 1.054663e-15
    outer loop
      vertex   2.790000e+01 3.082051e+01 -4.670000e+01
      vertex   2.790000e+01 3.082051e+01 -4.170000e+01
      vertex   2.908386e+01 3.008075e+01 -4.670000e+01
    endloop
  endfacet
  facet normal 5.299193e-01 8.480481e-01 -1.431193e-15
    outer loop
      vertex   2.908386e+01 3.008075e+01 -4.670000e+01
      vertex   2.790000e+01 3.082051e+01 -4.170000e+01
      vertex   2.908386e+01 3.008075e+01 -4.170000e+01
    endloop
  endfacet
  facet normal 5.877853e-01 8.090170e-01 -1.306877e-15
    outer loop
      vertex   2.908386e+01 3.008075e+01 -4.670000e+01
      vertex   2.908386e+01 3.008075e+01 -4.170000e+01
      vertex   3.021323e+01 2.926021e+01 -4.670000e+01
    endloop
  endfacet
  facet normal 5.877853e-01 8.090170e-01 1.032573e-16
    outer loop
      vertex   3.021323e+01 2.926021e+01 -4.670000e+01
      vertex   2.908386e+01 3.008075e+01 -4.170000e+01
      vertex   3.021323e+01 2.926021e+01 -4.170000e+01
    endloop
  endfacet
  facet normal 6.427876e-01 7.660444e-01 2.815696e-16
    outer loop
      vertex   3.021323e+01 2.926021e+01 -4.670000e+01
      vertex   3.021323e+01 2.926021e+01 -4.170000e+01
      vertex   3.128261e+01 2.836290e+01 -4.670000e+01
    endloop
  endfacet
  facet normal 6.427876e-01 7.660444e-01 2.815696e-16
    outer loop
      vertex   3.128261e+01 2.836290e+01 -4.670000e+01
      vertex   3.021323e+01 2.926021e+01 -4.170000e+01
      vertex   3.128261e+01 2.836290e+01 -4.170000e+01
    endloop
  endfacet
  facet normal 6.946584e-01 7.193398e-01 4.585100e-16
    outer loop
      vertex   3.128261e+01 2.836290e+01 -4.670000e+01
      vertex   3.128261e+01 2.836290e+01 -4.170000e+01
      vertex   3.228680e+01 2.739317e+01 -4.670000e+01
    endloop
  endfacet
  facet normal 6.946584e-01 7.193398e-01 -5.111217e-16
    outer loop
      vertex   3.228680e+01 2.739317e+01 -4.670000e+01
      vertex   3.128261e+01 2.836290e+01 -4.170000e+01
      vertex   3.228680e+01 2.739317e+01 -4.170000e+01
    endloop
  endfacet
  facet normal 7.431448e-01 6.691306e-01 -4.754459e-16
    outer loop
      vertex   3.228680e+01 2.739317e+01 -4.670000e+01
      vertex   3.228680e+01 2.739317e+01 -4.170000e+01
      vertex   3.322089e+01 2.635575e+01 -4.670000e+01
    endloop
  endfacet
  facet normal 7.431448e-01 6.691306e-01 -0.000000e+00
    outer loop
      vertex   3.322089e+01 2.635575e+01 -4.670000e+01
      vertex   3.228680e+01 2.739317e+01 -4.170000e+01
      vertex   3.322089e+01 2.635575e+01 -4.170000e+01
    endloop
  endfacet
  facet normal 7.880108e-01 6.156615e-01 -0.000000e+00
    outer loop
      vertex   3.322089e+01 2.635575e+01 -4.670000e+01
      vertex   3.322089e+01 2.635575e+01 -4.170000e+01
      vertex   3.408034e+01 2.525570e+01 -4.670000e+01
    endloop
  endfacet
  facet normal 7.880108e-01 6.156615e-01 -0.000000e+00
    outer loop
      vertex   3.408034e+01 2.525570e+01 -4.670000e+01
      vertex   3.322089e+01 2.635575e+01 -4.170000e+01
      vertex   3.408034e+01 2.525570e+01 -4.170000e+01
    endloop
  endfacet
  facet normal 8.290376e-01 5.591929e-01 -0.000000e+00
    outer loop
      vertex   3.408034e+01 2.525570e+01 -4.670000e+01
      vertex   3.408034e+01 2.525570e+01 -4.170000e+01
      vertex   3.486096e+01 2.409838e+01 -4.670000e+01
    endloop
  endfacet
  facet normal 8.290376e-01 5.591929e-01 -0.000000e+00
    outer loop
      vertex   3.486096e+01 2.409838e+01 -4.670000e+01
      vertex   3.408034e+01 2.525570e+01 -4.170000e+01
      vertex   3.486096e+01 2.409838e+01 -4.170000e+01
    endloop
  endfacet
  facet normal 8.660254e-01 5.000000e-01 -0.000000e+00
    outer loop
      vertex   3.486096e+01 2.409838e+01 -4.670000e+01
      vertex   3.486096e+01 2.409838e+01 -4.170000e+01
      vertex   3.555895e+01 2.288943e+01 -4.670000e+01
    endloop
  endfacet
  facet normal 8.660254e-01 5.000000e-01 1.648820e-16
    outer loop
      vertex   3.555895e+01 2.288943e+01 -4.670000e+01
      vertex   3.486096e+01 2.409838e+01 -4.170000e+01
      vertex   3.555895e+01 2.288943e+01 -4.170000e+01
    endloop
  endfacet
  facet normal 8.987940e-01 4.383711e-01 3.428189e-16
    outer loop
      vertex   3.555895e+01 2.288943e+01 -4.670000e+01
      vertex   3.555895e+01 2.288943e+01 -4.170000e+01
      vertex   3.617091e+01 2.163473e+01 -4.670000e+01
    endloop
  endfacet
  facet normal 8.987940e-01 4.383711e-01 -0.000000e+00
    outer loop
      vertex   3.617091e+01 2.163473e+01 -4.670000e+01
      vertex   3.555895e+01 2.288943e+01 -4.170000e+01
      vertex   3.617091e+01 2.163473e+01 -4.170000e+01
    endloop
  endfacet
  facet normal 9.271839e-01 3.746066e-01 -0.000000e+00
    outer loop
      vertex   3.617091e+01 2.163473e+01 -4.670000e+01
      vertex   3.617091e+01 2.163473e+01 -4.170000e+01
      vertex   3.669385e+01 2.034040e+01 -4.670000e+01
    endloop
  endfacet
  facet normal 9.271839e-01 3.746066e-01 -0.000000e+00
    outer loop
      vertex   3.669385e+01 2.034040e+01 -4.670000e+01
      vertex   3.617091e+01 2.163473e+01 -4.170000e+01
      vertex   3.669385e+01 2.034040e+01 -4.170000e+01
    endloop
  endfacet
  facet normal 9.510565e-01 3.090170e-01 -0.000000e+00
    outer loop
      vertex   3.669385e+01 2.034040e+01 -4.670000e+01
      vertex   3.669385e+01 2.034040e+01 -4.170000e+01
      vertex   3.712523e+01 1.901275e+01 -4.670000e+01
    endloop
  endfacet
  facet normal 9.510565e-01 3.090170e-01 -0.000000e+00
    outer loop
      vertex   3.712523e+01 1.901275e+01 -4.670000e+01
      vertex   3.669385e+01 2.034040e+01 -4.170000e+01
      vertex   3.712523e+01 1.901275e+01 -4.170000e+01
    endloop
  endfacet
  facet normal 9.702957e-01 2.419219e-01 -0.000000e+00
    outer loop
      vertex   3.712523e+01 1.901275e+01 -4.670000e+01
      vertex   3.712523e+01 1.901275e+01 -4.170000e+01
      vertex   3.746295e+01 1.765823e+01 -4.670000e+01
    endloop
  endfacet
  facet normal 9.702957e-01 2.419219e-01 1.035081e-15
    outer loop
      vertex   3.746295e+01 1.765823e+01 -4.670000e+01
      vertex   3.712523e+01 1.901275e+01 -4.170000e+01
      vertex   3.746295e+01 1.765823e+01 -4.170000e+01
    endloop
  endfacet
  facet normal 9.848078e-01 1.736482e-01 1.152727e-15
    outer loop
      vertex   3.746295e+01 1.765823e+01 -4.670000e+01
      vertex   3.746295e+01 1.765823e+01 -4.170000e+01
      vertex   3.770536e+01 1.628346e+01 -4.670000e+01
    endloop
  endfacet
  facet normal 9.848078e-01 1.736482e-01 -3.701534e-16
    outer loop
      vertex   3.770536e+01 1.628346e+01 -4.670000e+01
      vertex   3.746295e+01 1.765823e+01 -4.170000e+01
      vertex   3.770536e+01 1.628346e+01 -4.170000e+01
    endloop
  endfacet
  facet normal 9.945219e-01 1.045285e-01 -2.228158e-16
    outer loop
      vertex   3.770536e+01 1.628346e+01 -4.670000e+01
      vertex   3.770536e+01 1.628346e+01 -4.170000e+01
      vertex   3.785128e+01 1.489513e+01 -4.670000e+01
    endloop
  endfacet
  facet normal 9.945219e-01 1.045285e-01 -0.000000e+00
    outer loop
      vertex   3.785128e+01 1.489513e+01 -4.670000e+01
      vertex   3.770536e+01 1.628346e+01 -4.170000e+01
      vertex   3.785128e+01 1.489513e+01 -4.170000e+01
    endloop
  endfacet
  facet normal 9.993908e-01 3.489950e-02 -0.000000e+00
    outer loop
      vertex   3.785128e+01 1.489513e+01 -4.670000e+01
      vertex   3.785128e+01 1.489513e+01 -4.170000e+01
      vertex   3.790000e+01 1.350000e+01 -4.670000e+01
    endloop
  endfacet
  facet normal 9.993908e-01 3.489950e-02 -0.000000e+00
    outer loop
      vertex   3.790000e+01 1.350000e+01 -4.670000e+01
      vertex   3.785128e+01 1.489513e+01 -4.170000e+01
      vertex   3.790000e+01 1.350000e+01 -4.170000e+01
    endloop
  endfacet
  facet normal 9.993908e-01 -3.489950e-02 0.000000e+00
    outer loop
      vertex   3.790000e+01 1.350000e+01 -4.670000e+01
      vertex   3.790000e+01 1.350000e+01 -4.170000e+01
      vertex   3.785128e+01 1.210487e+01 -4.670000e+01
    endloop
  endfacet
  facet normal 9.993908e-01 -3.489950e-02 0.000000e+00
    outer loop
      vertex   3.785128e+01 1.210487e+01 -4.670000e+01
      vertex   3.790000e+01 1.350000e+01 -4.170000e+01
      vertex   3.785128e+01 1.210487e+01 -4.170000e+01
    endloop
  endfacet
  facet normal 9.945219e-01 -1.045285e-01 0.000000e+00
    outer loop
      vertex   3.785128e+01 1.210487e+01 -4.670000e+01
      vertex   3.785128e+01 1.210487e+01 -4.170000e+01
      vertex   3.770536e+01 1.071654e+01 -4.670000e+01
    endloop
  endfacet
  facet normal 9.945219e-01 -1.045285e-01 1.856799e-16
    outer loop
      vertex   3.770536e+01 1.071654e+01 -4.670000e+01
      vertex   3.785128e+01 1.210487e+01 -4.170000e+01
      vertex   3.770536e+01 1.071654e+01 -4.170000e+01
    endloop
  endfacet
  facet normal 9.848078e-01 -1.736482e-01 3.084611e-16
    outer loop
      vertex   3.770536e+01 1.071654e+01 -4.670000e+01
      vertex   3.770536e+01 1.071654e+01 -4.170000e+01
      vertex   3.746295e+01 9.341766e+00 -4.670000e+01
    endloop
  endfacet
  facet normal 9.848078e-01 -1.736482e-01 -1.091035e-15
    outer loop
      vertex   3.746295e+01 9.341766e+00 -4.670000e+01
      vertex   3.770536e+01 1.071654e+01 -4.170000e+01
      vertex   3.746295e+01 9.341766e+00 -4.170000e+01
    endloop
  endfacet
  facet normal 9.702957e-01 -2.419219e-01 -9.491335e-16
    outer loop
      vertex   3.746295e+01 9.341766e+00 -4.670000e+01
      vertex   3.746295e+01 9.341766e+00 -4.170000e+01
      vertex   3.712523e+01 7.987253e+00 -4.670000e+01
    endloop
  endfacet
  facet normal 9.702957e-01 -2.419219e-01 0.000000e+00
    outer loop
      vertex   3.712523e+01 7.987253e+00 -4.670000e+01
      vertex   3.746295e+01 9.341766e+00 -4.170000e+01
      vertex   3.712523e+01 7.987253e+00 -4.170000e+01
    endloop
  endfacet
  facet normal 9.510565e-01 -3.090170e-01 0.000000e+00
    outer loop
      vertex   3.712523e+01 7.987253e+00 -4.670000e+01
      vertex   3.712523e+01 7.987253e+00 -4.170000e+01
      vertex   3.669385e+01 6.659597e+00 -4.670000e+01
    endloop
  endfacet
  facet normal 9.510565e-01 -3.090170e-01 0.000000e+00
    outer loop
      vertex   3.669385e+01 6.659597e+00 -4.670000e+01
      vertex   3.712523e+01 7.987253e+00 -4.170000e+01
      vertex   3.669385e+01 6.659597e+00 -4.170000e+01
    endloop
  endfacet
  facet normal 9.271839e-01 -3.746066e-01 0.000000e+00
    outer loop
      vertex   3.669385e+01 6.659597e+00 -4.670000e+01
      vertex   3.669385e+01 6.659597e+00 -4.170000e+01
      vertex   3.617091e+01 5.365267e+00 -4.670000e+01
    endloop
  endfacet
  facet normal 9.271839e-01 -3.746066e-01 0.000000e+00
    outer loop
      vertex   3.617091e+01 5.365267e+00 -4.670000e+01
      vertex   3.669385e+01 6.659597e+00 -4.170000e+01
      vertex   3.617091e+01 5.365267e+00 -4.170000e+01
    endloop
  endfacet
  facet normal 8.987940e-01 -4.383711e-01 0.000000e+00
    outer loop
      vertex   3.617091e+01 5.365267e+00 -4.670000e+01
      vertex   3.617091e+01 5.365267e+00 -4.170000e+01
      vertex   3.555895e+01 4.110568e+00 -4.670000e+01
    endloop
  endfacet
  facet normal 8.987940e-01 -4.383711e-01 -5.764299e-16
    outer loop
      vertex   3.555895e+01 4.110568e+00 -4.670000e+01
      vertex   3.617091e+01 5.365267e+00 -4.170000e+01
      vertex   3.555895e+01 4.110568e+00 -4.170000e+01
    endloop
  endfacet
  facet normal 8.660254e-01 -5.000000e-01 -4.313355e-16
    outer loop
      vertex   3.555895e+01 4.110568e+00 -4.670000e+01
      vertex   3.555895e+01 4.110568e+00 -4.170000e+01
      vertex   3.486096e+01 2.901614e+00 -4.670000e+01
    endloop
  endfacet
  facet normal 8.660254e-01 -5.000000e-01 0.000000e+00
    outer loop
      vertex   3.486096e+01 2.901614e+00 -4.670000e+01
      vertex   3.555895e+01 4.110568e+00 -4.170000e+01
      vertex   3.486096e+01 2.901614e+00 -4.170000e+01
    endloop
  endfacet
  facet normal 8.290376e-01 -5.591929e-01 0.000000e+00
    outer loop
      vertex   3.486096e+01 2.901614e+00 -4.670000e+01
      vertex   3.486096e+01 2.901614e+00 -4.170000e+01
      vertex   3.408034e+01 1.744295e+00 -4.670000e+01
    endloop
  endfacet
  facet normal 8.290376e-01 -5.591929e-01 0.000000e+00
    outer loop
      vertex   3.408034e+01 1.744295e+00 -4.670000e+01
      vertex   3.486096e+01 2.901614e+00 -4.170000e+01
      vertex   3.408034e+01 1.744295e+00 -4.170000e+01
    endloop
  endfacet
  facet normal 7.880108e-01 -6.156615e-01 0.000000e+00
    outer loop
      vertex   3.408034e+01 1.744295e+00 -4.670000e+01
      vertex   3.408034e+01 1.744295e+00 -4.170000e+01
      vertex   3.322089e+01 6.442475e-01 -4.670000e+01
    endloop
  endfacet
  facet normal 7.880108e-01 -6.156615e-01 0.000000e+00
    outer loop
      vertex   3.322089e+01 6.442475e-01 -4.670000e+01
      vertex   3.408034e+01 1.744295e+00 -4.170000e+01
      vertex   3.322089e+01 6.442475e-01 -4.170000e+01
    endloop
  endfacet
  facet normal 7.431448e-01 -6.691306e-01 0.000000e+00
    outer loop
      vertex   3.322089e+01 6.442475e-01 -4.670000e+01
      vertex   3.322089e+01 6.442475e-01 -4.170000e+01
      vertex   3.228680e+01 -3.931677e-01 -4.670000e+01
    endloop
  endfacet
  facet normal 7.431448e-01 -6.691306e-01 8.914610e-16
    outer loop
      vertex   3.228680e+01 -3.931677e-01 -4.670000e+01
      vertex   3.322089e+01 6.442475e-01 -4.170000e+01
      vertex   3.228680e+01 -3.931677e-01 -4.170000e+01
    endloop
  endfacet
  facet normal 6.946584e-01 -7.193398e-01 9.583531e-16
    outer loop
      vertex   3.228680e+01 -3.931677e-01 -4.670000e+01
      vertex   3.228680e+01 -3.931677e-01 -4.170000e+01
      vertex   3.128261e+01 -1.362897e+00 -4.670000e+01
    endloop
  endfacet
  facet normal 6.946584e-01 -7.193398e-01 -8.418513e-16
    outer loop
      vertex   3.128261e+01 -1.362897e+00 -4.670000e+01
      vertex   3.228680e+01 -3.931677e-01 -4.170000e+01
      vertex   3.128261e+01 -1.362897e+00 -4.170000e+01
    endloop
  endfacet
  facet normal 6.427876e-01 -7.660444e-01 -6.898001e-16
    outer loop
      vertex   3.128261e+01 -1.362897e+00 -4.670000e+01
      vertex   3.128261e+01 -1.362897e+00 -4.170000e+01
      vertex   3.021323e+01 -2.260215e+00 -4.670000e+01
    endloop
  endfacet
  facet normal 6.427876e-01 -7.660444e-01 -3.496080e-16
    outer loop
      vertex   3.021323e+01 -2.260215e+00 -4.670000e+01
      vertex   3.128261e+01 -1.362897e+00 -4.170000e+01
      vertex   3.021323e+01 -2.260215e+00 -4.170000e+01
    endloop
  endfacet
  facet normal 5.877853e-01 -8.090170e-01 -1.751125e-16
    outer loop
      vertex   3.021323e+01 -2.260215e+00 -4.670000e+01
      vertex   3.021323e+01 -2.260215e+00 -4.170000e+01
      vertex   2.908386e+01 -3.080752e+00 -4.670000e+01
    endloop
  endfacet
  facet normal 5.877853e-01 -8.090170e-01 3.009049e-16
    outer loop
      vertex   2.908386e+01 -3.080752e+00 -4.670000e+01
      vertex   3.021323e+01 -2.260215e+00 -4.170000e+01
      vertex   2.908386e+01 -3.080752e+00 -4.170000e+01
    endloop
  endfacet
  facet normal 5.299193e-01 -8.480481e-01 3.766877e-16
    outer loop
      vertex   2.908386e+01 -3.080752e+00 -4.670000e+01
      vertex   2.908386e+01 -3.080752e+00 -4.170000e+01
      vertex   2.790000e+01 -3.820508e+00 -4.670000e+01
    endloop
  endfacet
  facet normal 5.299193e-01 -8.480481e-01 -1.574504e-19
    outer loop
      vertex   2.790000e+01 -3.820508e+00 -4.670000e+01
      vertex   2.908386e+01 -3.080752e+00 -4.170000e+01
      vertex   2.790000e+01 -3.820508e+00 -4.170000e+01
    endloop
  endfacet
  facet normal 4.694716e-01 -8.829476e-01 -1.170558e-16
    outer loop
      vertex   2.790000e+01 -3.820508e+00 -4.670000e+01
      vertex   2.790000e+01 -3.820508e+00 -4.170000e+01
      vertex   2.666742e+01 -4.475881e+00 -4.670000e+01
    endloop
  endfacet
  facet normal 4.694716e-01 -8.829476e-01 0.000000e+00
    outer loop
      vertex   2.666742e+01 -4.475881e+00 -4.670000e+01
      vertex   2.790000e+01 -3.820508e+00 -4.170000e+01
      vertex   2.666742e+01 -4.475881e+00 -4.170000e+01
    endloop
  endfacet
  facet normal 4.067366e-01 -9.135455e-01 0.000000e+00
    outer loop
      vertex   2.666742e+01 -4.475881e+00 -4.670000e+01
      vertex   2.666742e+01 -4.475881e+00 -4.170000e+01
      vertex   2.539213e+01 -5.043677e+00 -4.670000e+01
    endloop
  endfacet
  facet normal 4.067366e-01 -9.135455e-01 0.000000e+00
    outer loop
      vertex   2.539213e+01 -5.043677e+00 -4.670000e+01
      vertex   2.666742e+01 -4.475881e+00 -4.170000e+01
      vertex   2.539213e+01 -5.043677e+00 -4.170000e+01
    endloop
  endfacet
  facet normal 3.420201e-01 -9.396926e-01 0.000000e+00
    outer loop
      vertex   2.539213e+01 -5.043677e+00 -4.670000e+01
      vertex   2.539213e+01 -5.043677e+00 -4.170000e+01
      vertex   2.408034e+01 -5.521131e+00 -4.670000e+01
    endloop
  endfacet
  facet normal 3.420201e-01 -9.396926e-01 0.000000e+00
    outer loop
      vertex   2.408034e+01 -5.521131e+00 -4.670000e+01
      vertex   2.539213e+01 -5.043677e+00 -4.170000e+01
      vertex   2.408034e+01 -5.521131e+00 -4.170000e+01
    endloop
  endfacet
  facet normal 2.756374e-01 -9.612617e-01 0.000000e+00
    outer loop
      vertex   2.408034e+01 -5.521131e+00 -4.670000e+01
      vertex   2.408034e+01 -5.521131e+00 -4.170000e+01
      vertex   2.273844e+01 -5.905915e+00 -4.670000e+01
    endloop
  endfacet
  facet normal 2.756374e-01 -9.612617e-01 -1.958521e-16
    outer loop
      vertex   2.273844e+01 -5.905915e+00 -4.670000e+01
      vertex   2.408034e+01 -5.521131e+00 -4.170000e+01
      vertex   2.273844e+01 -5.905915e+00 -4.170000e+01
    endloop
  endfacet
  facet normal 2.079117e-01 -9.781476e-01 -1.477301e-16
    outer loop
      vertex   2.273844e+01 -5.905915e+00 -4.670000e+01
      vertex   2.273844e+01 -5.905915e+00 -4.170000e+01
      vertex   2.137296e+01 -6.196155e+00 -4.670000e+01
    endloop
  endfacet
  facet normal 2.079117e-01 -9.781476e-01 1.997777e-16
    outer loop
      vertex   2.137296e+01 -6.196155e+00 -4.670000e+01
      vertex   2.273844e+01 -5.905915e+00 -4.170000e+01
      vertex   2.137296e+01 -6.196155e+00 -4.170000e+01
    endloop
  endfacet
  facet normal 1.391731e-01 -9.902681e-01 2.529255e-16
    outer loop
      vertex   2.137296e+01 -6.196155e+00 -4.670000e+01
      vertex   2.137296e+01 -6.196155e+00 -4.170000e+01
      vertex   1.999057e+01 -6.390438e+00 -4.670000e+01
    endloop
  endfacet
  facet normal 1.391731e-01 -9.902681e-01 2.310555e-16
    outer loop
      vertex   1.999057e+01 -6.390438e+00 -4.670000e+01
      vertex   2.137296e+01 -6.196155e+00 -4.170000e+01
      vertex   1.999057e+01 -6.390438e+00 -4.170000e+01
    endloop
  endfacet
  facet normal 6.975647e-02 -9.975641e-01 3.829140e-16
    outer loop
      vertex   1.999057e+01 -6.390438e+00 -4.670000e+01
      vertex   1.999057e+01 -6.390438e+00 -4.170000e+01
      vertex   1.859799e+01 -6.487817e+00 -4.670000e+01
    endloop
  endfacet
  facet normal 6.975647e-02 -9.975641e-01 -9.912991e-17
    outer loop
      vertex   1.859799e+01 -6.487817e+00 -4.670000e+01
      vertex   1.999057e+01 -6.390438e+00 -4.170000e+01
      vertex   1.859799e+01 -6.487817e+00 -4.170000e+01
    endloop
  endfacet
  facet normal 0.000000e+00 -1.000000e+00 0.000000e+00
    outer loop
      vertex   1.859799e+01 -6.487817e+00 -4.670000e+01
      vertex   1.859799e+01 -6.487817e+00 -4.170000e+01
      vertex   1.720201e+01 -6.487817e+00 -4.670000e+01
    endloop
  endfacet
  facet normal 0.000000e+00 -1.000000e+00 0.000000e+00
    outer loop
      vertex   1.720201e+01 -6.487817e+00 -4.670000e+01
      vertex   1.859799e+01 -6.487817e+00 -4.170000e+01
      vertex   1.720201e+01 -6.487817e+00 -4.170000e+01
    endloop
  endfacet
  facet normal -6.975647e-02 -9.975641e-01 9.912991e-17
    outer loop
      vertex   1.720201e+01 -6.487817e+00 -4.670000e+01
      vertex   1.720201e+01 -6.487817e+00 -4.170000e+01
      vertex   1.580943e+01 -6.390438e+00 -4.670000e+01
    endloop
  endfacet
  facet normal -6.975647e-02 -9.975641e-01 -4.956496e-17
    outer loop
      vertex   1.580943e+01 -6.390438e+00 -4.670000e+01
      vertex   1.720201e+01 -6.487817e+00 -4.170000e+01
      vertex   1.580943e+01 -6.390438e+00 -4.170000e+01
    endloop
  endfacet
  facet normal -1.391731e-01 -9.902681e-01 -9.888844e-17
    outer loop
      vertex   1.580943e+01 -6.390438e+00 -4.670000e+01
      vertex   1.580943e+01 -6.390438e+00 -4.170000e+01
      vertex   1.442704e+01 -6.196155e+00 -4.670000e+01
    endloop
  endfacet
  facet normal -1.391731e-01 -9.902681e-01 2.034812e-16
    outer loop
      vertex   1.442704e+01 -6.196155e+00 -4.670000e+01
      vertex   1.580943e+01 -6.390438e+00 -4.170000e+01
      vertex   1.442704e+01 -6.196155e+00 -4.170000e+01
    endloop
  endfacet
  facet normal -2.079117e-01 -9.781476e-01 1.259126e-16
    outer loop
      vertex   1.442704e+01 -6.196155e+00 -4.670000e+01
      vertex   1.442704e+01 -6.196155e+00 -4.170000e+01
      vertex   1.306156e+01 -5.905915e+00 -4.670000e+01
    endloop
  endfacet
  facet normal -2.079117e-01 -9.781476e-01 0.000000e+00
    outer loop
      vertex   1.306156e+01 -5.905915e+00 -4.670000e+01
      vertex   1.442704e+01 -6.196155e+00 -4.170000e+01
      vertex   1.306156e+01 -5.905915e+00 -4.170000e+01
    endloop
  endfacet
  facet normal -2.756374e-01 -9.612617e-01 0.000000e+00
    outer loop
      vertex   1.306156e+01 -5.905915e+00 -4.670000e+01
      vertex   1.306156e+01 -5.905915e+00 -4.170000e+01
      vertex   1.171966e+01 -5.521131e+00 -4.670000e+01
    endloop
  endfacet
  facet normal -2.756374e-01 -9.612617e-01 0.000000e+00
    outer loop
      vertex   1.171966e+01 -5.521131e+00 -4.670000e+01
      vertex   1.306156e+01 -5.905915e+00 -4.170000e+01
      vertex   1.171966e+01 -5.521131e+00 -4.170000e+01
    endloop
  endfacet
  facet normal -3.420201e-01 -9.396926e-01 0.000000e+00
    outer loop
      vertex   1.171966e+01 -5.521131e+00 -4.670000e+01
      vertex   1.171966e+01 -5.521131e+00 -4.170000e+01
      vertex   1.040787e+01 -5.043677e+00 -4.670000e+01
    endloop
  endfacet
  facet normal -3.420201e-01 -9.396926e-01 2.430199e-16
    outer loop
      vertex   1.040787e+01 -5.043677e+00 -4.670000e+01
      vertex   1.171966e+01 -5.521131e+00 -4.170000e+01
      vertex   1.040787e+01 -5.043677e+00 -4.170000e+01
    endloop
  endfacet
  facet normal -4.067366e-01 -9.135455e-01 2.890038e-16
    outer loop
      vertex   1.040787e+01 -5.043677e+00 -4.670000e+01
      vertex   1.040787e+01 -5.043677e+00 -4.170000e+01
      vertex   9.132576e+00 -4.475881e+00 -4.670000e+01
    endloop
  endfacet
  facet normal -4.067366e-01 -9.135455e-01 0.000000e+00
    outer loop
      vertex   9.132576e+00 -4.475881e+00 -4.670000e+01
      vertex   1.040787e+01 -5.043677e+00 -4.170000e+01
      vertex   9.132576e+00 -4.475881e+00 -4.170000e+01
    endloop
  endfacet
  facet normal -4.694716e-01 -8.829476e-01 0.000000e+00
    outer loop
      vertex   9.132576e+00 -4.475881e+00 -4.670000e+01
      vertex   9.132576e+00 -4.475881e+00 -4.170000e+01
      vertex   7.899999e+00 -3.820508e+00 -4.670000e+01
    endloop
  endfacet
  facet normal -4.694716e-01 -8.829476e-01 0.000000e+00
    outer loop
      vertex   7.899999e+00 -3.820508e+00 -4.670000e+01
      vertex   9.132576e+00 -4.475881e+00 -4.170000e+01
      vertex   7.899999e+00 -3.820508e+00 -4.170000e+01
    endloop
  endfacet
  facet normal -5.299193e-01 -8.480481e-01 0.000000e+00
    outer loop
      vertex   7.899999e+00 -3.820508e+00 -4.670000e+01
      vertex   7.899999e+00 -3.820508e+00 -4.170000e+01
      vertex   6.716141e+00 -3.080752e+00 -4.670000e+01
    endloop
  endfacet
  facet normal -5.299193e-01 -8.480481e-01 1.881077e-16
    outer loop
      vertex   6.716141e+00 -3.080752e+00 -4.670000e+01
      vertex   7.899999e+00 -3.820508e+00 -4.170000e+01
      vertex   6.716141e+00 -3.080752e+00 -4.170000e+01
    endloop
  endfacet
  facet normal -5.877853e-01 -8.090170e-01 3.255649e-16
    outer loop
      vertex   6.716141e+00 -3.080752e+00 -4.670000e+01
      vertex   6.716141e+00 -3.080752e+00 -4.170000e+01
      vertex   5.586770e+00 -2.260215e+00 -4.670000e+01
    endloop
  endfacet
  facet normal -5.877853e-01 -8.090170e-01 -3.469457e-16
    outer loop
      vertex   5.586770e+00 -2.260215e+00 -4.670000e+01
      vertex   6.716141e+00 -3.080752e+00 -4.170000e+01
      vertex   5.586770e+00 -2.260215e+00 -4.170000e+01
    endloop
  endfacet
  facet normal -6.427876e-01 -7.660444e-01 -2.213021e-16
    outer loop
      vertex   5.586770e+00 -2.260215e+00 -4.670000e+01
      vertex   5.586770e+00 -2.260215e+00 -4.170000e+01
      vertex   4.517387e+00 -1.362897e+00 -4.670000e+01
    endloop
  endfacet
  facet normal -6.427876e-01 -7.660444e-01 0.000000e+00
    outer loop
      vertex   4.517387e+00 -1.362897e+00 -4.670000e+01
      vertex   5.586770e+00 -2.260215e+00 -4.170000e+01
      vertex   4.517387e+00 -1.362897e+00 -4.170000e+01
    endloop
  endfacet
  facet normal -6.946584e-01 -7.193398e-01 0.000000e+00
    outer loop
      vertex   4.517387e+00 -1.362897e+00 -4.670000e+01
      vertex   4.517387e+00 -1.362897e+00 -4.170000e+01
      vertex   3.513203e+00 -3.931677e-01 -4.670000e+01
    endloop
  endfacet
  facet normal -6.946584e-01 -7.193398e-01 0.000000e+00
    outer loop
      vertex   3.513203e+00 -3.931677e-01 -4.670000e+01
      vertex   4.517387e+00 -1.362897e+00 -4.170000e+01
      vertex   3.513203e+00 -3.931677e-01 -4.170000e+01
    endloop
  endfacet
  facet normal -7.431448e-01 -6.691306e-01 0.000000e+00
    outer loop
      vertex   3.513203e+00 -3.931677e-01 -4.670000e+01
      vertex   3.513203e+00 -3.931677e-01 -4.170000e+01
      vertex   2.579110e+00 6.442475e-01 -4.670000e+01
    endloop
  endfacet
  facet normal -7.431448e-01 -6.691306e-01 0.000000e+00
    outer loop
      vertex   2.579110e+00 6.442475e-01 -4.670000e+01
      vertex   3.513203e+00 -3.931677e-01 -4.170000e+01
      vertex   2.579110e+00 6.442475e-01 -4.170000e+01
    endloop
  endfacet
  facet normal -7.880108e-01 -6.156615e-01 0.000000e+00
    outer loop
      vertex   2.579110e+00 6.442475e-01 -4.670000e+01
      vertex   2.579110e+00 6.442475e-01 -4.170000e+01
      vertex   1.719659e+00 1.744295e+00 -4.670000e+01
    endloop
  endfacet
  facet normal -7.880108e-01 -6.156615e-01 0.000000e+00
    outer loop
      vertex   1.719659e+00 1.744295e+00 -4.670000e+01
      vertex   2.579110e+00 6.442475e-01 -4.170000e+01
      vertex   1.719659e+00 1.744295e+00 -4.170000e+01
    endloop
  endfacet
  facet normal -8.290376e-01 -5.591929e-01 0.000000e+00
    outer loop
      vertex   1.719659e+00 1.744295e+00 -4.670000e+01
      vertex   1.719659e+00 1.744295e+00 -4.170000e+01
      vertex   9.390374e-01 2.901614e+00 -4.670000e+01
    endloop
  endfacet
  facet normal -8.290376e-01 -5.591929e-01 0.000000e+00
    outer loop
      vertex   9.390374e-01 2.901614e+00 -4.670000e+01
      vertex   1.719659e+00 1.744295e+00 -4.170000e+01
      vertex   9.390374e-01 2.901614e+00 -4.170000e+01
    endloop
  endfacet
  facet normal -8.660254e-01 -5.000000e-01 0.000000e+00
    outer loop
      vertex   9.390374e-01 2.901614e+00 -4.670000e+01
      vertex   9.390374e-01 2.901614e+00 -4.170000e+01
      vertex   2.410475e-01 4.110568e+00 -4.670000e+01
    endloop
  endfacet
  facet normal -8.660254e-01 -5.000000e-01 0.000000e+00
    outer loop
      vertex   2.410475e-01 4.110568e+00 -4.670000e+01
      vertex   9.390374e-01 2.901614e+00 -4.170000e+01
      vertex   2.410475e-01 4.110568e+00 -4.170000e+01
    endloop
  endfacet
  facet normal -8.987940e-01 -4.383711e-01 0.000000e+00
    outer loop
      vertex   2.410475e-01 4.110568e+00 -4.670000e+01
      vertex   2.410475e-01 4.110568e+00 -4.170000e+01
      vertex   -3.709098e-01 5.365267e+00 -4.670000e+01
    endloop
  endfacet
  facet normal -8.987940e-01 -4.383711e-01 1.753266e-16
    outer loop
      vertex   -3.709098e-01 5.365267e+00 -4.670000e+01
      vertex   2.410475e-01 4.110568e+00 -4.170000e+01
      vertex   -3.709098e-01 5.365267e+00 -4.170000e+01
    endloop
  endfacet
  facet normal -9.271839e-01 -3.746066e-01 2.911567e-16
    outer loop
      vertex   -3.709098e-01 5.365267e+00 -4.670000e+01
      vertex   -3.709098e-01 5.365267e+00 -4.170000e+01
      vertex   -8.938531e-01 6.659597e+00 -4.670000e+01
    endloop
  endfacet
  facet normal -9.271839e-01 -3.746066e-01 -1.871391e-16
    outer loop
      vertex   -8.938531e-01 6.659597e+00 -4.670000e+01
      vertex   -3.709098e-01 5.365267e+00 -4.170000e+01
      vertex   -8.938531e-01 6.659597e+00 -4.170000e+01
    endloop
  endfacet
  facet normal -9.510565e-01 -3.090170e-01 -7.167807e-17
    outer loop
      vertex   -8.938531e-01 6.659597e+00 -4.670000e+01
      vertex   -8.938531e-01 6.659597e+00 -4.170000e+01
      vertex   -1.325235e+00 7.987253e+00 -4.670000e+01
    endloop
  endfacet
  facet normal -9.510565e-01 -3.090170e-01 -1.678562e-17
    outer loop
      vertex   -1.325235e+00 7.987253e+00 -4.670000e+01
      vertex   -8.938531e-01 6.659597e+00 -4.170000e+01
      vertex   -1.325235e+00 7.987253e+00 -4.170000e+01
    endloop
  endfacet
  facet normal -9.702957e-01 -2.419219e-01 8.710617e-17
    outer loop
      vertex   -1.325235e+00 7.987253e+00 -4.670000e+01
      vertex   -1.325235e+00 7.987253e+00 -4.170000e+01
      vertex   -1.662953e+00 9.341766e+00 -4.670000e+01
    endloop
  endfacet
  facet normal -9.702957e-01 -2.419219e-01 -1.158249e-18
    outer loop
      vertex   -1.662953e+00 9.341766e+00 -4.670000e+01
      vertex   -1.325235e+00 7.987253e+00 -4.170000e+01
      vertex   -1.662953e+00 9.341766e+00 -4.170000e+01
    endloop
  endfacet
  facet normal -9.848078e-01 -1.736482e-01 -1.288814e-16
    outer loop
      vertex   -1.662953e+00 9.341766e+00 -4.670000e+01
      vertex   -1.662953e+00 9.341766e+00 -4.170000e+01
      vertex   -1.905362e+00 1.071654e+01 -4.670000e+01
    endloop
  endfacet
  facet normal -9.848078e-01 -1.736482e-01 0.000000e+00
    outer loop
      vertex   -1.905362e+00 1.071654e+01 -4.670000e+01
      vertex   -1.662953e+00 9.341766e+00 -4.170000e+01
      vertex   -1.905362e+00 1.071654e+01 -4.170000e+01
    endloop
  endfacet
  facet normal -9.945219e-01 -1.045285e-01 0.000000e+00
    outer loop
      vertex   -1.905362e+00 1.071654e+01 -4.670000e+01
      vertex   -1.905362e+00 1.071654e+01 -4.170000e+01
      vertex   -2.051282e+00 1.210487e+01 -4.670000e+01
    endloop
  endfacet
  facet normal -9.945219e-01 -1.045285e-01 0.000000e+00
    outer loop
      vertex   -2.051282e+00 1.210487e+01 -4.670000e+01
      vertex   -1.905362e+00 1.071654e+01 -4.170000e+01
      vertex   -2.051282e+00 1.210487e+01 -4.170000e+01
    endloop
  endfacet
  facet normal -1.027056e-14 -3.586559e-16 1.000000e+00
    outer loop
      vertex   -2.051282e+00 1.210487e+01 -4.170000e+01
      vertex   5.877862e-02 1.111445e+01 -4.170000e+01
      vertex   -2.100001e+00 1.350000e+01 -4.170000e+01
    endloop
  endfacet
  facet normal -9.874260e-15 -2.737846e-20 1.000000e+00
    outer loop
      vertex   -2.100001e+00 1.350000e+01 -4.170000e+01
      vertex   5.877862e-02 1.111445e+01 -4.170000e+01
      vertex   5.876539e-02 1.588545e+01 -4.170000e+01
    endloop
  endfacet
  facet normal -1.027061e-14 3.586576e-16 1.000000e+00
    outer loop
      vertex   -2.100001e+00 1.350000e+01 -4.170000e+01
      vertex   5.876539e-02 1.588545e+01 -4.170000e+01
      vertex   -2.051282e+00 1.489513e+01 -4.170000e+01
    endloop
  endfacet
  facet normal -1.062647e-14 1.116887e-15 1.000000e+00
    outer loop
      vertex   -2.051282e+00 1.489513e+01 -4.170000e+01
      vertex   5.876539e-02 1.588545e+01 -4.170000e+01
      vertex   -1.905362e+00 1.628346e+01 -4.170000e+01
    endloop
  endfacet
  facet normal -7.240097e-15 1.782813e-14 1.000000e+00
    outer loop
      vertex   -1.905362e+00 1.628346e+01 -4.170000e+01
      vertex   5.876539e-02 1.588545e+01 -4.170000e+01
      vertex   2.781477e-01 1.717020e+01 -4.170000e+01
    endloop
  endfacet
  facet normal 0.000000e+00 0.000000e+00 1.000000e+00
    outer loop
      vertex   -1.905362e+00 1.628346e+01 -4.170000e+01
      vertex   2.781477e-01 1.717020e+01 -4.170000e+01
      vertex   -1.662953e+00 1.765823e+01 -4.170000e+01
    endloop
  endfacet
  facet normal -0.000000e+00 0.000000e+00 1.000000e+00
    outer loop
      vertex   -1.662953e+00 1.765823e+01 -4.170000e+01
      vertex   2.781477e-01 1.717020e+01 -4.170000e+01
      vertex   5.899198e-01 1.843570e+01 -4.170000e+01
    endloop
  endfacet
  facet normal 0.000000e+00 0.000000e+00 1.000000e+00
    outer loop
      vertex   -1.662953e+00 1.765823e+01 -4.170000e+01
      vertex   5.899198e-01 1.843570e+01 -4.170000e+01
      vertex   -1.325235e+00 1.901275e+01 -4.170000e+01
    endloop
  endfacet
  facet normal -0.000000e+00 0.000000e+00 1.000000e+00
    outer loop
      vertex   -1.325235e+00 1.901275e+01 -4.170000e+01
      vertex   5.899198e-01 1.843570e+01 -4.170000e+01
      vertex   9.924471e-01 1.967533e+01 -4.170000e+01
    endloop
  endfacet
  facet normal 0.000000e+00 0.000000e+00 1.000000e+00
    outer loop
      vertex   -1.325235e+00 1.901275e+01 -4.170000e+01
      vertex   9.924471e-01 1.967533e+01 -4.170000e+01
      vertex   -8.938531e-01 2.034040e+01 -4.170000e+01
    endloop
  endfacet
  facet normal -0.000000e+00 0.000000e+00 1.000000e+00
    outer loop
      vertex   -8.938531e-01 2.034040e+01 -4.170000e+01
      vertex   9.924471e-01 1.967533e+01 -4.170000e+01
      vertex   -3.709098e-01 2.163473e+01 -4.170000e+01
    endloop
  endfacet
  facet normal 0.000000e+00 0.000000e+00 1.000000e+00
    outer loop
      vertex   -3.709098e-01 2.163473e+01 -4.170000e+01
      vertex   9.924471e-01 1.967533e+01 -4.170000e+01
      vertex   1.483619e+00 2.088258e+01 -4.170000e+01
    endloop
  endfacet
  facet normal -0.000000e+00 0.000000e+00 1.000000e+00
    outer loop
      vertex   -3.709098e-01 2.163473e+01 -4.170000e+01
      vertex   1.483619e+00 2.088258e+01 -4.170000e+01
      vertex   2.410475e-01 2.288943e+01 -4.170000e+01
    endloop
  endfacet
  facet normal 0.000000e+00 0.000000e+00 1.000000e+00
    outer loop
      vertex   2.410475e-01 2.288943e+01 -4.170000e+01
      vertex   1.483619e+00 2.088258e+01 -4.170000e+01
      vertex   2.060861e+00 2.205112e+01 -4.170000e+01
    endloop
  endfacet
  facet normal -0.000000e+00 0.000000e+00 1.000000e+00
    outer loop
      vertex   2.410475e-01 2.288943e+01 -4.170000e+01
      vertex   2.060861e+00 2.205112e+01 -4.170000e+01
      vertex   9.390374e-01 2.409838e+01 -4.170000e+01
    endloop
  endfacet
  facet normal 0.000000e+00 0.000000e+00 1.000000e+00
    outer loop
      vertex   9.390374e-01 2.409838e+01 -4.170000e+01
      vertex   2.060861e+00 2.205112e+01 -4.170000e+01
      vertex   2.721146e+00 2.317483e+01 -4.170000e+01
    endloop
  endfacet
  facet normal -0.000000e+00 0.000000e+00 1.000000e+00
    outer loop
      vertex   9.390374e-01 2.409838e+01 -4.170000e+01
      vertex   2.721146e+00 2.317483e+01 -4.170000e+01
      vertex   1.719659e+00 2.525570e+01 -4.170000e+01
    endloop
  endfacet
  facet normal 0.000000e+00 0.000000e+00 1.000000e+00
    outer loop
      vertex   1.719659e+00 2.525570e+01 -4.170000e+01
      vertex   2.721146e+00 2.317483e+01 -4.170000e+01
      vertex   3.461012e+00 2.424782e+01 -4.170000e+01
    endloop
  endfacet
  facet normal -0.000000e+00 0.000000e+00 1.000000e+00
    outer loop
      vertex   1.719659e+00 2.525570e+01 -4.170000e+01
      vertex   3.461012e+00 2.424782e+01 -4.170000e+01
      vertex   2.579110e+00 2.635575e+01 -4.170000e+01
    endloop
  endfacet
  facet normal 0.000000e+00 0.000000e+00 1.000000e+00
    outer loop
      vertex   2.579110e+00 2.635575e+01 -4.170000e+01
      vertex   3.461012e+00 2.424782e+01 -4.170000e+01
      vertex   4.276581e+00 2.526446e+01 -4.170000e+01
    endloop
  endfacet
  facet normal -0.000000e+00 0.000000e+00 1.000000e+00
    outer loop
      vertex   2.579110e+00 2.635575e+01 -4.170000e+01
      vertex   4.276581e+00 2.526446e+01 -4.170000e+01
      vertex   3.513203e+00 2.739317e+01 -4.170000e+01
    endloop
  endfacet
  facet normal 0.000000e+00 0.000000e+00 1.000000e+00
    outer loop
      vertex   3.513203e+00 2.739317e+01 -4.170000e+01
      vertex   4.276581e+00 2.526446e+01 -4.170000e+01
      vertex   5.163576e+00 2.621941e+01 -4.170000e+01
    endloop
  endfacet
  facet normal -0.000000e+00 0.000000e+00 1.000000e+00
    outer loop
      vertex   3.513203e+00 2.739317e+01 -4.170000e+01
      vertex   5.163576e+00 2.621941e+01 -4.170000e+01
      vertex   4.517387e+00 2.836290e+01 -4.170000e+01
    endloop
  endfacet
  facet normal 0.000000e+00 0.000000e+00 1.000000e+00
    outer loop
      vertex   4.517387e+00 2.836290e+01 -4.170000e+01
      vertex   5.163576e+00 2.621941e+01 -4.170000e+01
      vertex   6.117347e+00 2.710769e+01 -4.170000e+01
    endloop
  endfacet
  facet normal -0.000000e+00 0.000000e+00 1.000000e+00
    outer loop
      vertex   4.517387e+00 2.836290e+01 -4.170000e+01
      vertex   6.117347e+00 2.710769e+01 -4.170000e+01
      vertex   5.586770e+00 2.926021e+01 -4.170000e+01
    endloop
  endfacet
  facet normal 0.000000e+00 0.000000e+00 1.000000e+00
    outer loop
      vertex   5.586770e+00 2.926021e+01 -4.170000e+01
      vertex   6.117347e+00 2.710769e+01 -4.170000e+01
      vertex   7.132893e+00 2.792461e+01 -4.170000e+01
    endloop
  endfacet
  facet normal -0.000000e+00 0.000000e+00 1.000000e+00
    outer loop
      vertex   5.586770e+00 2.926021e+01 -4.170000e+01
      vertex   7.132893e+00 2.792461e+01 -4.170000e+01
      vertex   6.716141e+00 3.008075e+01 -4.170000e+01
    endloop
  endfacet
  facet normal 0.000000e+00 0.000000e+00 1.000000e+00
    outer loop
      vertex   6.716141e+00 3.008075e+01 -4.170000e+01
      vertex   7.132893e+00 2.792461e+01 -4.170000e+01
      vertex   8.204891e+00 2.866591e+01 -4.170000e+01
    endloop
  endfacet
  facet normal -0.000000e+00 0.000000e+00 1.000000e+00
    outer loop
      vertex   6.716141e+00 3.008075e+01 -4.170000e+01
      vertex   8.204891e+00 2.866591e+01 -4.170000e+01
      vertex   7.899999e+00 3.082051e+01 -4.170000e+01
    endloop
  endfacet
  facet normal 0.000000e+00 0.000000e+00 1.000000e+00
    outer loop
      vertex   7.899999e+00 3.082051e+01 -4.170000e+01
      vertex   8.204891e+00 2.866591e+01 -4.170000e+01
      vertex   9.327718e+00 2.932770e+01 -4.170000e+01
    endloop
  endfacet
  facet normal -0.000000e+00 0.000000e+00 1.000000e+00
    outer loop
      vertex   7.899999e+00 3.082051e+01 -4.170000e+01
      vertex   9.327718e+00 2.932770e+01 -4.170000e+01
      vertex   9.132576e+00 3.147588e+01 -4.170000e+01
    endloop
  endfacet
  facet normal 0.000000e+00 0.000000e+00 1.000000e+00
    outer loop
      vertex   9.132576e+00 3.147588e+01 -4.170000e+01
      vertex   9.327718e+00 2.932770e+01 -4.170000e+01
      vertex   1.049549e+01 2.990650e+01 -4.170000e+01
    endloop
  endfacet
  facet normal -0.000000e+00 0.000000e+00 1.000000e+00
    outer loop
      vertex   9.132576e+00 3.147588e+01 -4.170000e+01
      vertex   1.049549e+01 2.990650e+01 -4.170000e+01
      vertex   1.040787e+01 3.204368e+01 -4.170000e+01
    endloop
  endfacet
  facet normal 0.000000e+00 0.000000e+00 1.000000e+00
    outer loop
      vertex   1.040787e+01 3.204368e+01 -4.170000e+01
      vertex   1.049549e+01 2.990650e+01 -4.170000e+01
      vertex   1.170208e+01 3.039928e+01 -4.170000e+01
    endloop
  endfacet
  facet normal -0.000000e+00 0.000000e+00 1.000000e+00
    outer loop
      vertex   1.040787e+01 3.204368e+01 -4.170000e+01
      vertex   1.170208e+01 3.039928e+01 -4.170000e+01
      vertex   1.171966e+01 3.252113e+01 -4.170000e+01
    endloop
  endfacet
  facet normal 0.000000e+00 0.000000e+00 1.000000e+00
    outer loop
      vertex   1.171966e+01 3.252113e+01 -4.170000e+01
      vertex   1.170208e+01 3.039928e+01 -4.170000e+01
      vertex   1.294117e+01 3.080347e+01 -4.170000e+01
    endloop
  endfacet
  facet normal -0.000000e+00 0.000000e+00 1.000000e+00
    outer loop
      vertex   1.171966e+01 3.252113e+01 -4.170000e+01
      vertex   1.294117e+01 3.080347e+01 -4.170000e+01
      vertex   1.306156e+01 3.290591e+01 -4.170000e+01
    endloop
  endfacet
  facet normal 0.000000e+00 0.000000e+00 1.000000e+00
    outer loop
      vertex   1.306156e+01 3.290591e+01 -4.170000e+01
      vertex   1.294117e+01 3.080347e+01 -4.170000e+01
      vertex   1.420626e+01 3.111693e+01 -4.170000e+01
    endloop
  endfacet
  facet normal -0.000000e+00 0.000000e+00 1.000000e+00
    outer loop
      vertex   1.306156e+01 3.290591e+01 -4.170000e+01
      vertex   1.420626e+01 3.111693e+01 -4.170000e+01
      vertex   1.442704e+01 3.319615e+01 -4.170000e+01
    endloop
  endfacet
  facet normal 0.000000e+00 0.000000e+00 1.000000e+00
    outer loop
      vertex   1.442704e+01 3.319615e+01 -4.170000e+01
      vertex   1.420626e+01 3.111693e+01 -4.170000e+01
      vertex   1.549071e+01 3.133803e+01 -4.170000e+01
    endloop
  endfacet
  facet normal -0.000000e+00 0.000000e+00 1.000000e+00
    outer loop
      vertex   1.442704e+01 3.319615e+01 -4.170000e+01
      vertex   1.549071e+01 3.133803e+01 -4.170000e+01
      vertex   1.580943e+01 3.339044e+01 -4.170000e+01
    endloop
  endfacet
  facet normal -0.000000e+00 0.000000e+00 1.000000e+00
    outer loop
      vertex   1.580943e+01 3.339044e+01 -4.170000e+01
      vertex   1.549071e+01 3.133803e+01 -4.170000e+01
      vertex   1.720201e+01 3.348782e+01 -4.170000e+01
    endloop
  endfacet
  facet normal 0.000000e+00 0.000000e+00 1.000000e+00
    outer loop
      vertex   1.720201e+01 3.348782e+01 -4.170000e+01
      vertex   1.549071e+01 3.133803e+01 -4.170000e+01
      vertex   2.030890e+01 3.133808e+01 -4.170000e+01
    endloop
  endfacet
  facet normal -0.000000e+00 0.000000e+00 1.000000e+00
    outer loop
      vertex   1.720201e+01 3.348782e+01 -4.170000e+01
      vertex   2.030890e+01 3.133808e+01 -4.170000e+01
      vertex   1.859799e+01 3.348782e+01 -4.170000e+01
    endloop
  endfacet
  facet normal 0.000000e+00 0.000000e+00 1.000000e+00
    outer loop
      vertex   1.859799e+01 3.348782e+01 -4.170000e+01
      vertex   2.030890e+01 3.133808e+01 -4.170000e+01
      vertex   1.999057e+01 3.339044e+01 -4.170000e+01
    endloop
  endfacet
  facet normal 0.000000e+00 0.000000e+00 1.000000e+00
    outer loop
      vertex   1.999057e+01 3.339044e+01 -4.170000e+01
      vertex   2.030890e+01 3.133808e+01 -4.170000e+01
      vertex   2.137296e+01 3.319615e+01 -4.170000e+01
    endloop
  endfacet
  facet normal 0.000000e+00 0.000000e+00 1.000000e+00
    outer loop
      vertex   2.137296e+01 3.319615e+01 -4.170000e+01
      vertex   2.030890e+01 3.133808e+01 -4.170000e+01
      vertex   2.159338e+01 3.111701e+01 -4.170000e+01
    endloop
  endfacet
  facet normal 0.000000e+00 0.000000e+00 1.000000e+00
    outer loop
      vertex   2.137296e+01 3.319615e+01 -4.170000e+01
      vertex   2.159338e+01 3.111701e+01 -4.170000e+01
      vertex   2.273844e+01 3.290591e+01 -4.170000e+01
    endloop
  endfacet
  facet normal 0.000000e+00 0.000000e+00 1.000000e+00
    outer loop
      vertex   2.273844e+01 3.290591e+01 -4.170000e+01
      vertex   2.159338e+01 3.111701e+01 -4.170000e+01
      vertex   2.285849e+01 3.080356e+01 -4.170000e+01
    endloop
  endfacet
  facet normal 0.000000e+00 0.000000e+00 1.000000e+00
    outer loop
      vertex   2.273844e+01 3.290591e+01 -4.170000e+01
      vertex   2.285849e+01 3.080356e+01 -4.170000e+01
      vertex   2.408034e+01 3.252113e+01 -4.170000e+01
    endloop
  endfacet
  facet normal 0.000000e+00 0.000000e+00 1.000000e+00
    outer loop
      vertex   2.408034e+01 3.252113e+01 -4.170000e+01
      vertex   2.285849e+01 3.080356e+01 -4.170000e+01
      vertex   2.409761e+01 3.039940e+01 -4.170000e+01
    endloop
  endfacet
  facet normal 0.000000e+00 0.000000e+00 1.000000e+00
    outer loop
      vertex   2.408034e+01 3.252113e+01 -4.170000e+01
      vertex   2.409761e+01 3.039940e+01 -4.170000e+01
      vertex   2.539213e+01 3.204368e+01 -4.170000e+01
    endloop
  endfacet
  facet normal 0.000000e+00 0.000000e+00 1.000000e+00
    outer loop
      vertex   2.539213e+01 3.204368e+01 -4.170000e+01
      vertex   2.409761e+01 3.039940e+01 -4.170000e+01
      vertex   2.530423e+01 2.990662e+01 -4.170000e+01
    endloop
  endfacet
  facet normal 0.000000e+00 0.000000e+00 1.000000e+00
    outer loop
      vertex   2.539213e+01 3.204368e+01 -4.170000e+01
      vertex   2.530423e+01 2.990662e+01 -4.170000e+01
      vertex   2.666742e+01 3.147588e+01 -4.170000e+01
    endloop
  endfacet
  facet normal 0.000000e+00 0.000000e+00 1.000000e+00
    outer loop
      vertex   2.666742e+01 3.147588e+01 -4.170000e+01
      vertex   2.530423e+01 2.990662e+01 -4.170000e+01
      vertex   2.647203e+01 2.932783e+01 -4.170000e+01
    endloop
  endfacet
  facet normal 0.000000e+00 0.000000e+00 1.000000e+00
    outer loop
      vertex   2.666742e+01 3.147588e+01 -4.170000e+01
      vertex   2.647203e+01 2.932783e+01 -4.170000e+01
      vertex   2.790000e+01 3.082051e+01 -4.170000e+01
    endloop
  endfacet
  facet normal 0.000000e+00 0.000000e+00 1.000000e+00
    outer loop
      vertex   2.790000e+01 3.082051e+01 -4.170000e+01
      vertex   2.647203e+01 2.932783e+01 -4.170000e+01
      vertex   2.759489e+01 2.866605e+01 -4.170000e+01
    endloop
  endfacet
  facet normal 0.000000e+00 0.000000e+00 1.000000e+00
    outer loop
      vertex   2.790000e+01 3.082051e+01 -4.170000e+01
      vertex   2.759489e+01 2.866605e+01 -4.170000e+01
      vertex   2.908386e+01 3.008075e+01 -4.170000e+01
    endloop
  endfacet
  facet normal 0.000000e+00 0.000000e+00 1.000000e+00
    outer loop
      vertex   2.908386e+01 3.008075e+01 -4.170000e+01
      vertex   2.759489e+01 2.866605e+01 -4.170000e+01
      vertex   2.866691e+01 2.792475e+01 -4.170000e+01
    endloop
  endfacet
  facet normal 0.000000e+00 0.000000e+00 1.000000e+00
    outer loop
      vertex   2.908386e+01 3.008075e+01 -4.170000e+01
      vertex   2.866691e+01 2.792475e+01 -4.170000e+01
      vertex   3.021323e+01 2.926021e+01 -4.170000e+01
    endloop
  endfacet
  facet normal 0.000000e+00 0.000000e+00 1.000000e+00
    outer loop
      vertex   3.021323e+01 2.926021e+01 -4.170000e+01
      vertex   2.866691e+01 2.792475e+01 -4.170000e+01
      vertex   2.968249e+01 2.710783e+01 -4.170000e+01
    endloop
  endfacet
  facet normal 0.000000e+00 0.000000e+00 1.000000e+00
    outer loop
      vertex   3.021323e+01 2.926021e+01 -4.170000e+01
      vertex   2.968249e+01 2.710783e+01 -4.170000e+01
      vertex   3.128261e+01 2.836290e+01 -4.170000e+01
    endloop
  endfacet
  facet normal 0.000000e+00 0.000000e+00 1.000000e+00
    outer loop
      vertex   3.128261e+01 2.836290e+01 -4.170000e+01
      vertex   2.968249e+01 2.710783e+01 -4.170000e+01
      vertex   3.063628e+01 2.621955e+01 -4.170000e+01
    endloop
  endfacet
  facet normal 0.000000e+00 0.000000e+00 1.000000e+00
    outer loop
      vertex   3.128261e+01 2.836290e+01 -4.170000e+01
      vertex   3.063628e+01 2.621955e+01 -4.170000e+01
      vertex   3.228680e+01 2.739317e+01 -4.170000e+01
    endloop
  endfacet
  facet normal 0.000000e+00 0.000000e+00 1.000000e+00
    outer loop
      vertex   3.228680e+01 2.739317e+01 -4.170000e+01
      vertex   3.063628e+01 2.621955e+01 -4.170000e+01
      vertex   3.152330e+01 2.526459e+01 -4.170000e+01
    endloop
  endfacet
  facet normal 0.000000e+00 0.000000e+00 1.000000e+00
    outer loop
      vertex   3.228680e+01 2.739317e+01 -4.170000e+01
      vertex   3.152330e+01 2.526459e+01 -4.170000e+01
      vertex   3.322089e+01 2.635575e+01 -4.170000e+01
    endloop
  endfacet
  facet normal 0.000000e+00 0.000000e+00 1.000000e+00
    outer loop
      vertex   3.322089e+01 2.635575e+01 -4.170000e+01
      vertex   3.152330e+01 2.526459e+01 -4.170000e+01
      vertex   3.233890e+01 2.424794e+01 -4.170000e+01
    endloop
  endfacet
  facet normal 0.000000e+00 0.000000e+00 1.000000e+00
    outer loop
      vertex   3.322089e+01 2.635575e+01 -4.170000e+01
      vertex   3.233890e+01 2.424794e+01 -4.170000e+01
      vertex   3.408034e+01 2.525570e+01 -4.170000e+01
    endloop
  endfacet
  facet normal 0.000000e+00 0.000000e+00 1.000000e+00
    outer loop
      vertex   3.408034e+01 2.525570e+01 -4.170000e+01
      vertex   3.233890e+01 2.424794e+01 -4.170000e+01
      vertex   3.307878e+01 2.317494e+01 -4.170000e+01
    endloop
  endfacet
  facet normal 0.000000e+00 0.000000e+00 1.000000e+00
    outer loop
      vertex   3.408034e+01 2.525570e+01 -4.170000e+01
      vertex   3.307878e+01 2.317494e+01 -4.170000e+01
      vertex   3.486096e+01 2.409838e+01 -4.170000e+01
    endloop
  endfacet
  facet normal 0.000000e+00 0.000000e+00 1.000000e+00
    outer loop
      vertex   3.486096e+01 2.409838e+01 -4.170000e+01
      vertex   3.307878e+01 2.317494e+01 -4.170000e+01
      vertex   3.373909e+01 2.205122e+01 -4.170000e+01
    endloop
  endfacet
  facet normal 0.000000e+00 0.000000e+00 1.000000e+00
    outer loop
      vertex   3.486096e+01 2.409838e+01 -4.170000e+01
      vertex   3.373909e+01 2.205122e+01 -4.170000e+01
      vertex   3.555895e+01 2.288943e+01 -4.170000e+01
    endloop
  endfacet
  facet normal 0.000000e+00 0.000000e+00 1.000000e+00
    outer loop
      vertex   3.555895e+01 2.288943e+01 -4.170000e+01
      vertex   3.373909e+01 2.205122e+01 -4.170000e+01
      vertex   3.431634e+01 2.088266e+01 -4.170000e+01
    endloop
  endfacet
  facet normal 0.000000e+00 0.000000e+00 1.000000e+00
    outer loop
      vertex   3.555895e+01 2.288943e+01 -4.170000e+01
      vertex   3.431634e+01 2.088266e+01 -4.170000e+01
      vertex   3.617091e+01 2.163473e+01 -4.170000e+01
    endloop
  endfacet
  facet normal 0.000000e+00 0.000000e+00 1.000000e+00
    outer loop
      vertex   3.617091e+01 2.163473e+01 -4.170000e+01
      vertex   3.431634e+01 2.088266e+01 -4.170000e+01
      vertex   3.480753e+01 1.967539e+01 -4.170000e+01
    endloop
  endfacet
  facet normal 0.000000e+00 0.000000e+00 1.000000e+00
    outer loop
      vertex   3.617091e+01 2.163473e+01 -4.170000e+01
      vertex   3.480753e+01 1.967539e+01 -4.170000e+01
      vertex   3.669385e+01 2.034040e+01 -4.170000e+01
    endloop
  endfacet
  facet normal 0.000000e+00 0.000000e+00 1.000000e+00
    outer loop
      vertex   3.669385e+01 2.034040e+01 -4.170000e+01
      vertex   3.480753e+01 1.967539e+01 -4.170000e+01
      vertex   3.712523e+01 1.901275e+01 -4.170000e+01
    endloop
  endfacet
  facet normal 0.000000e+00 0.000000e+00 1.000000e+00
    outer loop
      vertex   3.712523e+01 1.901275e+01 -4.170000e+01
      vertex   3.480753e+01 1.967539e+01 -4.170000e+01
      vertex   3.521007e+01 1.843574e+01 -4.170000e+01
    endloop
  endfacet
  facet normal 0.000000e+00 0.000000e+00 1.000000e+00
    outer loop
      vertex   3.712523e+01 1.901275e+01 -4.170000e+01
      vertex   3.521007e+01 1.843574e+01 -4.170000e+01
      vertex   3.746295e+01 1.765823e+01 -4.170000e+01
    endloop
  endfacet
  facet normal 0.000000e+00 0.000000e+00 1.000000e+00
    outer loop
      vertex   3.746295e+01 1.765823e+01 -4.170000e+01
      vertex   3.521007e+01 1.843574e+01 -4.170000e+01
      vertex   3.552185e+01 1.717022e+01 -4.170000e+01
    endloop
  endfacet
  facet normal 0.000000e+00 0.000000e+00 1.000000e+00
    outer loop
      vertex   3.746295e+01 1.765823e+01 -4.170000e+01
      vertex   3.552185e+01 1.717022e+01 -4.170000e+01
      vertex   3.770536e+01 1.628346e+01 -4.170000e+01
    endloop
  endfacet
  facet normal -4.826767e-15 -1.188524e-14 1.000000e+00
    outer loop
      vertex   3.770536e+01 1.628346e+01 -4.170000e+01
      vertex   3.552185e+01 1.717022e+01 -4.170000e+01
      vertex   3.574123e+01 1.588545e+01 -4.170000e+01
    endloop
  endfacet
  facet normal -7.084315e-15 -7.445916e-16 1.000000e+00
    outer loop
      vertex   3.770536e+01 1.628346e+01 -4.170000e+01
      vertex   3.574123e+01 1.588545e+01 -4.170000e+01
      vertex   3.785128e+01 1.489513e+01 -4.170000e+01
    endloop
  endfacet
  facet normal -6.847073e-15 -2.391050e-16 1.000000e+00
    outer loop
      vertex   3.785128e+01 1.489513e+01 -4.170000e+01
      vertex   3.574123e+01 1.588545e+01 -4.170000e+01
      vertex   3.790000e+01 1.350000e+01 -4.170000e+01
    endloop
  endfacet
  facet normal -6.582840e-15 1.825231e-20 1.000000e+00
    outer loop
      vertex   3.790000e+01 1.350000e+01 -4.170000e+01
      vertex   3.574123e+01 1.588545e+01 -4.170000e+01
      vertex   3.574122e+01 1.111445e+01 -4.170000e+01
    endloop
  endfacet
  facet normal -6.847040e-15 2.391039e-16 1.000000e+00
    outer loop
      vertex   3.790000e+01 1.350000e+01 -4.170000e+01
      vertex   3.574122e+01 1.111445e+01 -4.170000e+01
      vertex   3.785128e+01 1.210487e+01 -4.170000e+01
    endloop
  endfacet
  facet normal -7.084305e-15 7.445905e-16 1.000000e+00
    outer loop
      vertex   3.785128e+01 1.210487e+01 -4.170000e+01
      vertex   3.574122e+01 1.111445e+01 -4.170000e+01
      vertex   3.770536e+01 1.071654e+01 -4.170000e+01
    endloop
  endfacet
  facet normal -4.827298e-15 1.188542e-14 1.000000e+00
    outer loop
      vertex   3.770536e+01 1.071654e+01 -4.170000e+01
      vertex   3.574122e+01 1.111445e+01 -4.170000e+01
      vertex   3.552183e+01 9.829689e+00 -4.170000e+01
    endloop
  endfacet
  facet normal 0.000000e+00 0.000000e+00 1.000000e+00
    outer loop
      vertex   3.770536e+01 1.071654e+01 -4.170000e+01
      vertex   3.552183e+01 9.829689e+00 -4.170000e+01
      vertex   3.746295e+01 9.341766e+00 -4.170000e+01
    endloop
  endfacet
  facet normal 0.000000e+00 0.000000e+00 1.000000e+00
    outer loop
      vertex   3.746295e+01 9.341766e+00 -4.170000e+01
      vertex   3.552183e+01 9.829689e+00 -4.170000e+01
      vertex   3.521004e+01 8.564171e+00 -4.170000e+01
    endloop
  endfacet
  facet normal 0.000000e+00 0.000000e+00 1.000000e+00
    outer loop
      vertex   3.746295e+01 9.341766e+00 -4.170000e+01
      vertex   3.521004e+01 8.564171e+00 -4.170000e+01
      vertex   3.712523e+01 7.987253e+00 -4.170000e+01
    endloop
  endfacet
  facet normal 0.000000e+00 0.000000e+00 1.000000e+00
    outer loop
      vertex   3.712523e+01 7.987253e+00 -4.170000e+01
      vertex   3.521004e+01 8.564171e+00 -4.170000e+01
      vertex   3.480750e+01 7.324532e+00 -4.170000e+01
    endloop
  endfacet
  facet normal 0.000000e+00 0.000000e+00 1.000000e+00
    outer loop
      vertex   3.712523e+01 7.987253e+00 -4.170000e+01
      vertex   3.480750e+01 7.324532e+00 -4.170000e+01
      vertex   3.669385e+01 6.659597e+00 -4.170000e+01
    endloop
  endfacet
  facet normal 0.000000e+00 0.000000e+00 1.000000e+00
    outer loop
      vertex   3.669385e+01 6.659597e+00 -4.170000e+01
      vertex   3.480750e+01 7.324532e+00 -4.170000e+01
      vertex   3.617091e+01 5.365267e+00 -4.170000e+01
    endloop
  endfacet
  facet normal 0.000000e+00 0.000000e+00 1.000000e+00
    outer loop
      vertex   3.617091e+01 5.365267e+00 -4.170000e+01
      vertex   3.480750e+01 7.324532e+00 -4.170000e+01
      vertex   3.431631e+01 6.117271e+00 -4.170000e+01
    endloop
  endfacet
  facet normal 0.000000e+00 0.000000e+00 1.000000e+00
    outer loop
      vertex   3.617091e+01 5.365267e+00 -4.170000e+01
      vertex   3.431631e+01 6.117271e+00 -4.170000e+01
      vertex   3.555895e+01 4.110568e+00 -4.170000e+01
    endloop
  endfacet
  facet normal 0.000000e+00 0.000000e+00 1.000000e+00
    outer loop
      vertex   3.555895e+01 4.110568e+00 -4.170000e+01
      vertex   3.431631e+01 6.117271e+00 -4.170000e+01
      vertex   3.373905e+01 4.948718e+00 -4.170000e+01
    endloop
  endfacet
  facet normal 0.000000e+00 0.000000e+00 1.000000e+00
    outer loop
      vertex   3.555895e+01 4.110568e+00 -4.170000e+01
      vertex   3.373905e+01 4.948718e+00 -4.170000e+01
      vertex   3.486096e+01 2.901614e+00 -4.170000e+01
    endloop
  endfacet
  facet normal 0.000000e+00 0.000000e+00 1.000000e+00
    outer loop
      vertex   3.486096e+01 2.901614e+00 -4.170000e+01
      vertex   3.373905e+01 4.948718e+00 -4.170000e+01
      vertex   3.307875e+01 3.825000e+00 -4.170000e+01
    endloop
  endfacet
  facet normal 0.000000e+00 0.000000e+00 1.000000e+00
    outer loop
      vertex   3.486096e+01 2.901614e+00 -4.170000e+01
      vertex   3.307875e+01 3.825000e+00 -4.170000e+01
      vertex   3.408034e+01 1.744295e+00 -4.170000e+01
    endloop
  endfacet
  facet normal 0.000000e+00 0.000000e+00 1.000000e+00
    outer loop
      vertex   3.408034e+01 1.744295e+00 -4.170000e+01
      vertex   3.307875e+01 3.825000e+00 -4.170000e+01
      vertex   3.233886e+01 2.752008e+00 -4.170000e+01
    endloop
  endfacet
  facet normal 0.000000e+00 0.000000e+00 1.000000e+00
    outer loop
      vertex   3.408034e+01 1.744295e+00 -4.170000e+01
      vertex   3.233886e+01 2.752008e+00 -4.170000e+01
      vertex   3.322089e+01 6.442475e-01 -4.170000e+01
    endloop
  endfacet
  facet normal 0.000000e+00 0.000000e+00 1.000000e+00
    outer loop
      vertex   3.322089e+01 6.442475e-01 -4.170000e+01
      vertex   3.233886e+01 2.752008e+00 -4.170000e+01
      vertex   3.152327e+01 1.735368e+00 -4.170000e+01
    endloop
  endfacet
  facet normal 0.000000e+00 0.000000e+00 1.000000e+00
    outer loop
      vertex   3.322089e+01 6.442475e-01 -4.170000e+01
      vertex   3.152327e+01 1.735368e+00 -4.170000e+01
      vertex   3.228680e+01 -3.931677e-01 -4.170000e+01
    endloop
  endfacet
  facet normal 0.000000e+00 0.000000e+00 1.000000e+00
    outer loop
      vertex   3.228680e+01 -3.931677e-01 -4.170000e+01
      vertex   3.152327e+01 1.735368e+00 -4.170000e+01
      vertex   3.063625e+01 7.804109e-01 -4.170000e+01
    endloop
  endfacet
  facet normal 0.000000e+00 0.000000e+00 1.000000e+00
    outer loop
      vertex   3.228680e+01 -3.931677e-01 -4.170000e+01
      vertex   3.063625e+01 7.804109e-01 -4.170000e+01
      vertex   3.128261e+01 -1.362897e+00 -4.170000e+01
    endloop
  endfacet
  facet normal 0.000000e+00 0.000000e+00 1.000000e+00
    outer loop
      vertex   3.128261e+01 -1.362897e+00 -4.170000e+01
      vertex   3.063625e+01 7.804109e-01 -4.170000e+01
      vertex   2.968245e+01 -1.078571e-01 -4.170000e+01
    endloop
  endfacet
  facet normal 0.000000e+00 0.000000e+00 1.000000e+00
    outer loop
      vertex   3.128261e+01 -1.362897e+00 -4.170000e+01
      vertex   2.968245e+01 -1.078571e-01 -4.170000e+01
      vertex   3.021323e+01 -2.260215e+00 -4.170000e+01
    endloop
  endfacet
  facet normal 0.000000e+00 0.000000e+00 1.000000e+00
    outer loop
      vertex   3.021323e+01 -2.260215e+00 -4.170000e+01
      vertex   2.968245e+01 -1.078571e-01 -4.170000e+01
      vertex   2.866688e+01 -9.247784e-01 -4.170000e+01
    endloop
  endfacet
  facet normal 0.000000e+00 0.000000e+00 1.000000e+00
    outer loop
      vertex   3.021323e+01 -2.260215e+00 -4.170000e+01
      vertex   2.866688e+01 -9.247784e-01 -4.170000e+01
      vertex   2.908386e+01 -3.080752e+00 -4.170000e+01
    endloop
  endfacet
  facet normal 0.000000e+00 0.000000e+00 1.000000e+00
    outer loop
      vertex   2.908386e+01 -3.080752e+00 -4.170000e+01
      vertex   2.866688e+01 -9.247784e-01 -4.170000e+01
      vertex   2.759486e+01 -1.666070e+00 -4.170000e+01
    endloop
  endfacet
  facet normal 0.000000e+00 0.000000e+00 1.000000e+00
    outer loop
      vertex   2.908386e+01 -3.080752e+00 -4.170000e+01
      vertex   2.759486e+01 -1.666070e+00 -4.170000e+01
      vertex   2.790000e+01 -3.820508e+00 -4.170000e+01
    endloop
  endfacet
  facet normal 0.000000e+00 0.000000e+00 1.000000e+00
    outer loop
      vertex   2.790000e+01 -3.820508e+00 -4.170000e+01
      vertex   2.759486e+01 -1.666070e+00 -4.170000e+01
      vertex   2.647201e+01 -2.327845e+00 -4.170000e+01
    endloop
  endfacet
  facet normal 0.000000e+00 0.000000e+00 1.000000e+00
    outer loop
      vertex   2.790000e+01 -3.820508e+00 -4.170000e+01
      vertex   2.647201e+01 -2.327845e+00 -4.170000e+01
      vertex   2.666742e+01 -4.475881e+00 -4.170000e+01
    endloop
  endfacet
  facet normal 0.000000e+00 0.000000e+00 1.000000e+00
    outer loop
      vertex   2.666742e+01 -4.475881e+00 -4.170000e+01
      vertex   2.647201e+01 -2.327845e+00 -4.170000e+01
      vertex   2.530421e+01 -2.906635e+00 -4.170000e+01
    endloop
  endfacet
  facet normal 0.000000e+00 0.000000e+00 1.000000e+00
    outer loop
      vertex   2.666742e+01 -4.475881e+00 -4.170000e+01
      vertex   2.530421e+01 -2.906635e+00 -4.170000e+01
      vertex   2.539213e+01 -5.043677e+00 -4.170000e+01
    endloop
  endfacet
  facet normal 0.000000e+00 0.000000e+00 1.000000e+00
    outer loop
      vertex   2.539213e+01 -5.043677e+00 -4.170000e+01
      vertex   2.530421e+01 -2.906635e+00 -4.170000e+01
      vertex   2.409759e+01 -3.399403e+00 -4.170000e+01
    endloop
  endfacet
  facet normal 0.000000e+00 0.000000e+00 1.000000e+00
    outer loop
      vertex   2.539213e+01 -5.043677e+00 -4.170000e+01
      vertex   2.409759e+01 -3.399403e+00 -4.170000e+01
      vertex   2.408034e+01 -5.521131e+00 -4.170000e+01
    endloop
  endfacet
  facet normal 0.000000e+00 -0.000000e+00 1.000000e+00
    outer loop
      vertex   2.408034e+01 -5.521131e+00 -4.170000e+01
      vertex   2.409759e+01 -3.399403e+00 -4.170000e+01
      vertex   2.285848e+01 -3.803568e+00 -4.170000e+01
    endloop
  endfacet
  facet normal 0.000000e+00 0.000000e+00 1.000000e+00
    outer loop
      vertex   2.408034e+01 -5.521131e+00 -4.170000e+01
      vertex   2.285848e+01 -3.803568e+00 -4.170000e+01
      vertex   2.273844e+01 -5.905915e+00 -4.170000e+01
    endloop
  endfacet
  facet normal 0.000000e+00 -0.000000e+00 1.000000e+00
    outer loop
      vertex   2.273844e+01 -5.905915e+00 -4.170000e+01
      vertex   2.285848e+01 -3.803568e+00 -4.170000e+01
      vertex   2.159337e+01 -4.117009e+00 -4.170000e+01
    endloop
  endfacet
  facet normal 0.000000e+00 0.000000e+00 1.000000e+00
    outer loop
      vertex   2.273844e+01 -5.905915e+00 -4.170000e+01
      vertex   2.159337e+01 -4.117009e+00 -4.170000e+01
      vertex   2.137296e+01 -6.196155e+00 -4.170000e+01
    endloop
  endfacet
  facet normal 0.000000e+00 -0.000000e+00 1.000000e+00
    outer loop
      vertex   2.137296e+01 -6.196155e+00 -4.170000e+01
      vertex   2.159337e+01 -4.117009e+00 -4.170000e+01
      vertex   2.030890e+01 -4.338083e+00 -4.170000e+01
    endloop
  endfacet
  facet normal 0.000000e+00 0.000000e+00 1.000000e+00
    outer loop
      vertex   2.137296e+01 -6.196155e+00 -4.170000e+01
      vertex   2.030890e+01 -4.338083e+00 -4.170000e+01
      vertex   1.999057e+01 -6.390438e+00 -4.170000e+01
    endloop
  endfacet
  facet normal 0.000000e+00 -0.000000e+00 1.000000e+00
    outer loop
      vertex   1.999057e+01 -6.390438e+00 -4.170000e+01
      vertex   2.030890e+01 -4.338083e+00 -4.170000e+01
      vertex   1.859799e+01 -6.487817e+00 -4.170000e+01
    endloop
  endfacet
  facet normal 0.000000e+00 -0.000000e+00 1.000000e+00
    outer loop
      vertex   1.859799e+01 -6.487817e+00 -4.170000e+01
      vertex   2.030890e+01 -4.338083e+00 -4.170000e+01
      vertex   1.720201e+01 -6.487817e+00 -4.170000e+01
    endloop
  endfacet
  facet normal 0.000000e+00 -0.000000e+00 1.000000e+00
    outer loop
      vertex   1.720201e+01 -6.487817e+00 -4.170000e+01
      vertex   2.030890e+01 -4.338083e+00 -4.170000e+01
      vertex   1.549071e+01 -4.338031e+00 -4.170000e+01
    endloop
  endfacet
  facet normal 0.000000e+00 0.000000e+00 1.000000e+00
    outer loop
      vertex   1.720201e+01 -6.487817e+00 -4.170000e+01
      vertex   1.549071e+01 -4.338031e+00 -4.170000e+01
      vertex   1.580943e+01 -6.390438e+00 -4.170000e+01
    endloop
  endfacet
  facet normal 0.000000e+00 0.000000e+00 1.000000e+00
    outer loop
      vertex   1.580943e+01 -6.390438e+00 -4.170000e+01
      vertex   1.549071e+01 -4.338031e+00 -4.170000e+01
      vertex   1.442704e+01 -6.196155e+00 -4.170000e+01
    endloop
  endfacet
  facet normal 0.000000e+00 -0.000000e+00 1.000000e+00
    outer loop
      vertex   1.442704e+01 -6.196155e+00 -4.170000e+01
      vertex   1.549071e+01 -4.338031e+00 -4.170000e+01
      vertex   1.420626e+01 -4.116933e+00 -4.170000e+01
    endloop
  endfacet
  facet normal 0.000000e+00 0.000000e+00 1.000000e+00
    outer loop
      vertex   1.442704e+01 -6.196155e+00 -4.170000e+01
      vertex   1.420626e+01 -4.116933e+00 -4.170000e+01
      vertex   1.306156e+01 -5.905915e+00 -4.170000e+01
    endloop
  endfacet
  facet normal 0.000000e+00 -0.000000e+00 1.000000e+00
    outer loop
      vertex   1.306156e+01 -5.905915e+00 -4.170000e+01
      vertex   1.420626e+01 -4.116933e+00 -4.170000e+01
      vertex   1.294118e+01 -3.803472e+00 -4.170000e+01
    endloop
  endfacet
  facet normal 0.000000e+00 0.000000e+00 1.000000e+00
    outer loop
      vertex   1.306156e+01 -5.905915e+00 -4.170000e+01
      vertex   1.294118e+01 -3.803472e+00 -4.170000e+01
      vertex   1.171966e+01 -5.521131e+00 -4.170000e+01
    endloop
  endfacet
  facet normal 0.000000e+00 -0.000000e+00 1.000000e+00
    outer loop
      vertex   1.171966e+01 -5.521131e+00 -4.170000e+01
      vertex   1.294118e+01 -3.803472e+00 -4.170000e+01
      vertex   1.170210e+01 -3.399291e+00 -4.170000e+01
    endloop
  endfacet
  facet normal 0.000000e+00 0.000000e+00 1.000000e+00
    outer loop
      vertex   1.171966e+01 -5.521131e+00 -4.170000e+01
      vertex   1.170210e+01 -3.399291e+00 -4.170000e+01
      vertex   1.040787e+01 -5.043677e+00 -4.170000e+01
    endloop
  endfacet
  facet normal 0.000000e+00 0.000000e+00 1.000000e+00
    outer loop
      vertex   1.040787e+01 -5.043677e+00 -4.170000e+01
      vertex   1.170210e+01 -3.399291e+00 -4.170000e+01
      vertex   1.049551e+01 -2.906509e+00 -4.170000e+01
    endloop
  endfacet
  facet normal 0.000000e+00 -0.000000e+00 1.000000e+00
    outer loop
      vertex   1.040787e+01 -5.043677e+00 -4.170000e+01
      vertex   1.049551e+01 -2.906509e+00 -4.170000e+01
      vertex   9.132576e+00 -4.475881e+00 -4.170000e+01
    endloop
  endfacet
  facet normal 0.000000e+00 0.000000e+00 1.000000e+00
    outer loop
      vertex   9.132576e+00 -4.475881e+00 -4.170000e+01
      vertex   1.049551e+01 -2.906509e+00 -4.170000e+01
      vertex   9.327743e+00 -2.327711e+00 -4.170000e+01
    endloop
  endfacet
  facet normal 0.000000e+00 -0.000000e+00 1.000000e+00
    outer loop
      vertex   9.132576e+00 -4.475881e+00 -4.170000e+01
      vertex   9.327743e+00 -2.327711e+00 -4.170000e+01
      vertex   7.899999e+00 -3.820508e+00 -4.170000e+01
    endloop
  endfacet
  facet normal 0.000000e+00 0.000000e+00 1.000000e+00
    outer loop
      vertex   7.899999e+00 -3.820508e+00 -4.170000e+01
      vertex   9.327743e+00 -2.327711e+00 -4.170000e+01
      vertex   8.204919e+00 -1.665930e+00 -4.170000e+01
    endloop
  endfacet
  facet normal 0.000000e+00 -0.000000e+00 1.000000e+00
    outer loop
      vertex   7.899999e+00 -3.820508e+00 -4.170000e+01
      vertex   8.204919e+00 -1.665930e+00 -4.170000e+01
      vertex   6.716141e+00 -3.080752e+00 -4.170000e+01
    endloop
  endfacet
  facet normal 0.000000e+00 0.000000e+00 1.000000e+00
    outer loop
      vertex   6.716141e+00 -3.080752e+00 -4.170000e+01
      vertex   8.204919e+00 -1.665930e+00 -4.170000e+01
      vertex   7.132924e+00 -9.246353e-01 -4.170000e+01
    endloop
  endfacet
  facet normal 0.000000e+00 -0.000000e+00 1.000000e+00
    outer loop
      vertex   6.716141e+00 -3.080752e+00 -4.170000e+01
      vertex   7.132924e+00 -9.246353e-01 -4.170000e+01
      vertex   5.586770e+00 -2.260215e+00 -4.170000e+01
    endloop
  endfacet
  facet normal 0.000000e+00 0.000000e+00 1.000000e+00
    outer loop
      vertex   5.586770e+00 -2.260215e+00 -4.170000e+01
      vertex   7.132924e+00 -9.246353e-01 -4.170000e+01
      vertex   6.117380e+00 -1.077147e-01 -4.170000e+01
    endloop
  endfacet
  facet normal 0.000000e+00 -0.000000e+00 1.000000e+00
    outer loop
      vertex   5.586770e+00 -2.260215e+00 -4.170000e+01
      vertex   6.117380e+00 -1.077147e-01 -4.170000e+01
      vertex   4.517387e+00 -1.362897e+00 -4.170000e+01
    endloop
  endfacet
  facet normal 0.000000e+00 0.000000e+00 1.000000e+00
    outer loop
      vertex   4.517387e+00 -1.362897e+00 -4.170000e+01
      vertex   6.117380e+00 -1.077147e-01 -4.170000e+01
      vertex   5.163611e+00 7.805494e-01 -4.170000e+01
    endloop
  endfacet
  facet normal 0.000000e+00 -0.000000e+00 1.000000e+00
    outer loop
      vertex   4.517387e+00 -1.362897e+00 -4.170000e+01
      vertex   5.163611e+00 7.805494e-01 -4.170000e+01
      vertex   3.513203e+00 -3.931677e-01 -4.170000e+01
    endloop
  endfacet
  facet normal 0.000000e+00 0.000000e+00 1.000000e+00
    outer loop
      vertex   3.513203e+00 -3.931677e-01 -4.170000e+01
      vertex   5.163611e+00 7.805494e-01 -4.170000e+01
      vertex   4.276617e+00 1.735500e+00 -4.170000e+01
    endloop
  endfacet
  facet normal 0.000000e+00 -0.000000e+00 1.000000e+00
    outer loop
      vertex   3.513203e+00 -3.931677e-01 -4.170000e+01
      vertex   4.276617e+00 1.735500e+00 -4.170000e+01
      vertex   2.579110e+00 6.442475e-01 -4.170000e+01
    endloop
  endfacet
  facet normal 0.000000e+00 0.000000e+00 1.000000e+00
    outer loop
      vertex   2.579110e+00 6.442475e-01 -4.170000e+01
      vertex   4.276617e+00 1.735500e+00 -4.170000e+01
      vertex   3.461049e+00 2.752130e+00 -4.170000e+01
    endloop
  endfacet
  facet normal 0.000000e+00 -0.000000e+00 1.000000e+00
    outer loop
      vertex   2.579110e+00 6.442475e-01 -4.170000e+01
      vertex   3.461049e+00 2.752130e+00 -4.170000e+01
      vertex   1.719659e+00 1.744295e+00 -4.170000e+01
    endloop
  endfacet
  facet normal 0.000000e+00 0.000000e+00 1.000000e+00
    outer loop
      vertex   1.719659e+00 1.744295e+00 -4.170000e+01
      vertex   3.461049e+00 2.752130e+00 -4.170000e+01
      vertex   2.721182e+00 3.825110e+00 -4.170000e+01
    endloop
  endfacet
  facet normal 0.000000e+00 -0.000000e+00 1.000000e+00
    outer loop
      vertex   1.719659e+00 1.744295e+00 -4.170000e+01
      vertex   2.721182e+00 3.825110e+00 -4.170000e+01
      vertex   9.390374e-01 2.901614e+00 -4.170000e+01
    endloop
  endfacet
  facet normal 0.000000e+00 0.000000e+00 1.000000e+00
    outer loop
      vertex   9.390374e-01 2.901614e+00 -4.170000e+01
      vertex   2.721182e+00 3.825110e+00 -4.170000e+01
      vertex   2.060895e+00 4.948814e+00 -4.170000e+01
    endloop
  endfacet
  facet normal 0.000000e+00 -0.000000e+00 1.000000e+00
    outer loop
      vertex   9.390374e-01 2.901614e+00 -4.170000e+01
      vertex   2.060895e+00 4.948814e+00 -4.170000e+01
      vertex   2.410475e-01 4.110568e+00 -4.170000e+01
    endloop
  endfacet
  facet normal 0.000000e+00 0.000000e+00 1.000000e+00
    outer loop
      vertex   2.410475e-01 4.110568e+00 -4.170000e+01
      vertex   2.060895e+00 4.948814e+00 -4.170000e+01
      vertex   1.483651e+00 6.117350e+00 -4.170000e+01
    endloop
  endfacet
  facet normal 0.000000e+00 -0.000000e+00 1.000000e+00
    outer loop
      vertex   2.410475e-01 4.110568e+00 -4.170000e+01
      vertex   1.483651e+00 6.117350e+00 -4.170000e+01
      vertex   -3.709098e-01 5.365267e+00 -4.170000e+01
    endloop
  endfacet
  facet normal 0.000000e+00 0.000000e+00 1.000000e+00
    outer loop
      vertex   -3.709098e-01 5.365267e+00 -4.170000e+01
      vertex   1.483651e+00 6.117350e+00 -4.170000e+01
      vertex   9.924757e-01 7.324593e+00 -4.170000e+01
    endloop
  endfacet
  facet normal 0.000000e+00 -0.000000e+00 1.000000e+00
    outer loop
      vertex   -3.709098e-01 5.365267e+00 -4.170000e+01
      vertex   9.924757e-01 7.324593e+00 -4.170000e+01
      vertex   -8.938531e-01 6.659597e+00 -4.170000e+01
    endloop
  endfacet
  facet normal 0.000000e+00 -0.000000e+00 1.000000e+00
    outer loop
      vertex   -8.938531e-01 6.659597e+00 -4.170000e+01
      vertex   9.924757e-01 7.324593e+00 -4.170000e+01
      vertex   -1.325235e+00 7.987253e+00 -4.170000e+01
    endloop
  endfacet
  facet normal -0.000000e+00 0.000000e+00 1.000000e+00
    outer loop
      vertex   -1.325235e+00 7.987253e+00 -4.170000e+01
      vertex   9.924757e-01 7.324593e+00 -4.170000e+01
      vertex   5.899441e-01 8.564213e+00 -4.170000e+01
    endloop
  endfacet
  facet normal 0.000000e+00 -0.000000e+00 1.000000e+00
    outer loop
      vertex   -1.325235e+00 7.987253e+00 -4.170000e+01
      vertex   5.899441e-01 8.564213e+00 -4.170000e+01
      vertex   -1.662953e+00 9.341766e+00 -4.170000e+01
    endloop
  endfacet
  facet normal -0.000000e+00 0.000000e+00 1.000000e+00
    outer loop
      vertex   -1.662953e+00 9.341766e+00 -4.170000e+01
      vertex   5.899441e-01 8.564213e+00 -4.170000e+01
      vertex   2.781669e-01 9.829710e+00 -4.170000e+01
    endloop
  endfacet
  facet normal 0.000000e+00 -0.000000e+00 1.000000e+00
    outer loop
      vertex   -1.662953e+00 9.341766e+00 -4.170000e+01
      vertex   2.781669e-01 9.829710e+00 -4.170000e+01
      vertex   -1.905362e+00 1.071654e+01 -4.170000e+01
    endloop
  endfacet
  facet normal -7.240893e-15 -1.782839e-14 1.000000e+00
    outer loop
      vertex   -1.905362e+00 1.071654e+01 -4.170000e+01
      vertex   2.781669e-01 9.829710e+00 -4.170000e+01
      vertex   5.877862e-02 1.111445e+01 -4.170000e+01
    endloop
  endfacet
  facet normal -1.062646e-14 -1.116886e-15 1.000000e+00
    outer loop
      vertex   -1.905362e+00 1.071654e+01 -4.170000e+01
      vertex   5.877862e-02 1.111445e+01 -4.170000e+01
      vertex   -2.051282e+00 1.210487e+01 -4.170000e+01
    endloop
  endfacet
  facet normal 0.000000e+00 0.000000e+00 1.000000e+00
    outer loop
      vertex   2.030890e+01 3.133808e+01 -4.170000e+01
      vertex   1.549071e+01 3.133803e+01 -4.170000e+01
      vertex   2.030890e+01 1.588545e+01 -4.170000e+01
    endloop
  endfacet
  facet normal 0.000000e+00 0.000000e+00 1.000000e+00
    outer loop
      vertex   2.030890e+01 1.588545e+01 -4.170000e+01
      vertex   1.549071e+01 3.133803e+01 -4.170000e+01
      vertex   1.549071e+01 1.588545e+01 -4.170000e+01
    endloop
  endfacet
  facet normal 0.000000e+00 0.000000e+00 1.000000e+00
    outer loop
      vertex   2.030890e+01 1.588545e+01 -4.170000e+01
      vertex   1.549071e+01 1.588545e+01 -4.170000e+01
      vertex   2.030890e+01 1.111445e+01 -4.170000e+01
    endloop
  endfacet
  facet normal 0.000000e+00 0.000000e+00 1.000000e+00
    outer loop
      vertex   2.030890e+01 1.111445e+01 -4.170000e+01
      vertex   1.549071e+01 1.588545e+01 -4.170000e+01
      vertex   1.549071e+01 1.111445e+01 -4.170000e+01
    endloop
  endfacet
  facet normal 0.000000e+00 0.000000e+00 1.000000e+00
    outer loop
      vertex   2.030890e+01 1.111445e+01 -4.170000e+01
      vertex   1.549071e+01 1.111445e+01 -4.170000e+01
      vertex   1.549071e+01 -4.338031e+00 -4.170000e+01
    endloop
  endfacet
  facet normal 9.208494e-16 -2.553248e-21 1.000000e+00
    outer loop
      vertex   3.574123e+01 1.588545e+01 -4.170000e+01
      vertex   2.030890e+01 1.588545e+01 -4.170000e+01
      vertex   3.574122e+01 1.111445e+01 -4.170000e+01
    endloop
  endfacet
  facet normal 9.208502e-16 0.000000e+00 1.000000e+00
    outer loop
      vertex   3.574122e+01 1.111445e+01 -4.170000e+01
      vertex   2.030890e+01 1.588545e+01 -4.170000e+01
      vertex   2.030890e+01 1.111445e+01 -4.170000e+01
    endloop
  endfacet
  facet normal 1.381310e-15 -0.000000e+00 1.000000e+00
    outer loop
      vertex   1.549071e+01 1.111445e+01 -4.170000e+01
      vertex   1.549071e+01 1.588545e+01 -4.170000e+01
      vertex   5.877862e-02 1.111445e+01 -4.170000e+01
    endloop
  endfacet
  facet normal 1.381309e-15 3.829969e-21 1.000000e+00
    outer loop
      vertex   5.877862e-02 1.111445e+01 -4.170000e+01
      vertex   1.549071e+01 1.588545e+01 -4.170000e+01
      vertex   5.876539e-02 1.588545e+01 -4.170000e+01
    endloop
  endfacet
  facet normal 0.000000e+00 0.000000e+00 1.000000e+00
    outer loop
      vertex   2.030890e+01 -4.338083e+00 -4.170000e+01
      vertex   2.030890e+01 1.111445e+01 -4.170000e+01
      vertex   1.549071e+01 -4.338031e+00 -4.170000e+01
    endloop
  endfacet
endsolid
