solid ASCII
  facet normal -1.000000e+00 -0.000000e+00 0.000000e+00
    outer loop
      vertex   -1.700000e+00 1.150000e+01 -8.450000e+01
      vertex   -1.700000e+00 7.760496e+00 -9.097029e+01
      vertex   -1.700000e+00 0.000000e+00 -8.450000e+01
    endloop
  endfacet
  facet normal -1.000000e+00 0.000000e+00 0.000000e+00
    outer loop
      vertex   -1.700000e+00 0.000000e+00 -8.450000e+01
      vertex   -1.700000e+00 7.760496e+00 -9.097029e+01
      vertex   -1.700000e+00 7.525559e+00 -9.109370e+01
    endloop
  endfacet
  facet normal -1.000000e+00 0.000000e+00 0.000000e+00
    outer loop
      vertex   -1.700000e+00 0.000000e+00 -8.450000e+01
      vertex   -1.700000e+00 7.525559e+00 -9.109370e+01
      vertex   -1.700000e+00 7.327016e+00 -9.126979e+01
    endloop
  endfacet
  facet normal -1.000000e+00 0.000000e+00 0.000000e+00
    outer loop
      vertex   -1.700000e+00 1.150000e+01 -9.599870e+01
      vertex   -1.700000e+00 9.219141e+00 -9.173652e+01
      vertex   -1.700000e+00 1.150000e+01 -8.450000e+01
    endloop
  endfacet
  facet normal -1.000000e+00 0.000000e+00 0.000000e+00
    outer loop
      vertex   -1.700000e+00 1.150000e+01 -8.450000e+01
      vertex   -1.700000e+00 9.219141e+00 -9.173652e+01
      vertex   -1.700000e+00 9.125262e+00 -9.148830e+01
    endloop
  endfacet
  facet normal -1.000000e+00 0.000000e+00 0.000000e+00
    outer loop
      vertex   -1.700000e+00 1.150000e+01 -8.450000e+01
      vertex   -1.700000e+00 9.125262e+00 -9.148830e+01
      vertex   -1.700000e+00 8.974668e+00 -9.126979e+01
    endloop
  endfacet
  facet normal -1.000000e+00 0.000000e+00 0.000000e+00
    outer loop
      vertex   -1.700000e+00 1.000000e+00 -9.599870e+01
      vertex   -1.700000e+00 7.760496e+00 -9.302971e+01
      vertex   -1.700000e+00 1.150000e+01 -9.599870e+01
    endloop
  endfacet
  facet normal -1.000000e+00 0.000000e+00 0.000000e+00
    outer loop
      vertex   -1.700000e+00 1.150000e+01 -9.599870e+01
      vertex   -1.700000e+00 7.760496e+00 -9.302971e+01
      vertex   -1.700000e+00 8.018152e+00 -9.309327e+01
    endloop
  endfacet
  facet normal -1.000000e+00 0.000000e+00 0.000000e+00
    outer loop
      vertex   -1.700000e+00 1.150000e+01 -9.599870e+01
      vertex   -1.700000e+00 8.018152e+00 -9.309327e+01
      vertex   -1.700000e+00 8.283532e+00 -9.309327e+01
    endloop
  endfacet
  facet normal -1.000000e+00 0.000000e+00 0.000000e+00
    outer loop
      vertex   -1.700000e+00 1.000000e+00 -9.600000e+01
      vertex   -1.700000e+00 0.000000e+00 -9.600000e+01
      vertex   -1.700000e+00 1.000000e+00 -9.599870e+01
    endloop
  endfacet
  facet normal -1.000000e+00 -0.000000e+00 0.000000e+00
    outer loop
      vertex   -1.700000e+00 1.000000e+00 -9.599870e+01
      vertex   -1.700000e+00 0.000000e+00 -9.600000e+01
      vertex   -1.700000e+00 0.000000e+00 -8.450000e+01
    endloop
  endfacet
  facet normal -1.000000e+00 0.000000e+00 0.000000e+00
    outer loop
      vertex   -1.700000e+00 1.000000e+00 -9.599870e+01
      vertex   -1.700000e+00 0.000000e+00 -8.450000e+01
      vertex   -1.700000e+00 7.082543e+00 -9.173652e+01
    endloop
  endfacet
  facet normal -1.000000e+00 0.000000e+00 0.000000e+00
    outer loop
      vertex   -1.700000e+00 7.082543e+00 -9.173652e+01
      vertex   -1.700000e+00 0.000000e+00 -8.450000e+01
      vertex   -1.700000e+00 7.176422e+00 -9.148830e+01
    endloop
  endfacet
  facet normal -1.000000e+00 0.000000e+00 0.000000e+00
    outer loop
      vertex   -1.700000e+00 7.176422e+00 -9.148830e+01
      vertex   -1.700000e+00 0.000000e+00 -8.450000e+01
      vertex   -1.700000e+00 7.327016e+00 -9.126979e+01
    endloop
  endfacet
  facet normal -1.000000e+00 0.000000e+00 0.000000e+00
    outer loop
      vertex   -1.700000e+00 9.219141e+00 -9.226348e+01
      vertex   -1.700000e+00 9.250841e+00 -9.200000e+01
      vertex   -1.700000e+00 1.150000e+01 -9.599870e+01
    endloop
  endfacet
  facet normal -1.000000e+00 0.000000e+00 0.000000e+00
    outer loop
      vertex   -1.700000e+00 1.150000e+01 -9.599870e+01
      vertex   -1.700000e+00 9.250841e+00 -9.200000e+01
      vertex   -1.700000e+00 9.219141e+00 -9.173652e+01
    endloop
  endfacet
  facet normal -1.000000e+00 0.000000e+00 0.000000e+00
    outer loop
      vertex   -1.700000e+00 8.974668e+00 -9.126979e+01
      vertex   -1.700000e+00 8.776125e+00 -9.109370e+01
      vertex   -1.700000e+00 1.150000e+01 -8.450000e+01
    endloop
  endfacet
  facet normal -1.000000e+00 0.000000e+00 0.000000e+00
    outer loop
      vertex   -1.700000e+00 1.150000e+01 -8.450000e+01
      vertex   -1.700000e+00 8.776125e+00 -9.109370e+01
      vertex   -1.700000e+00 8.541188e+00 -9.097029e+01
    endloop
  endfacet
  facet normal -1.000000e+00 0.000000e+00 0.000000e+00
    outer loop
      vertex   -1.700000e+00 1.150000e+01 -8.450000e+01
      vertex   -1.700000e+00 8.541188e+00 -9.097029e+01
      vertex   -1.700000e+00 8.283532e+00 -9.090673e+01
    endloop
  endfacet
  facet normal -1.000000e+00 0.000000e+00 0.000000e+00
    outer loop
      vertex   -1.700000e+00 8.283532e+00 -9.090673e+01
      vertex   -1.700000e+00 8.018152e+00 -9.090673e+01
      vertex   -1.700000e+00 1.150000e+01 -8.450000e+01
    endloop
  endfacet
  facet normal -1.000000e+00 0.000000e+00 0.000000e+00
    outer loop
      vertex   -1.700000e+00 1.150000e+01 -8.450000e+01
      vertex   -1.700000e+00 8.018152e+00 -9.090673e+01
      vertex   -1.700000e+00 7.760496e+00 -9.097029e+01
    endloop
  endfacet
  facet normal -1.000000e+00 0.000000e+00 0.000000e+00
    outer loop
      vertex   -1.700000e+00 7.082543e+00 -9.173652e+01
      vertex   -1.700000e+00 7.050843e+00 -9.200000e+01
      vertex   -1.700000e+00 1.000000e+00 -9.599870e+01
    endloop
  endfacet
  facet normal -1.000000e+00 0.000000e+00 0.000000e+00
    outer loop
      vertex   -1.700000e+00 1.000000e+00 -9.599870e+01
      vertex   -1.700000e+00 7.050843e+00 -9.200000e+01
      vertex   -1.700000e+00 7.082543e+00 -9.226348e+01
    endloop
  endfacet
  facet normal -1.000000e+00 0.000000e+00 0.000000e+00
    outer loop
      vertex   -1.700000e+00 1.000000e+00 -9.599870e+01
      vertex   -1.700000e+00 7.082543e+00 -9.226348e+01
      vertex   -1.700000e+00 7.176422e+00 -9.251170e+01
    endloop
  endfacet
  facet normal -1.000000e+00 0.000000e+00 -0.000000e+00
    outer loop
      vertex   -1.700000e+00 7.176422e+00 -9.251170e+01
      vertex   -1.700000e+00 7.327016e+00 -9.273021e+01
      vertex   -1.700000e+00 1.000000e+00 -9.599870e+01
    endloop
  endfacet
  facet normal -1.000000e+00 0.000000e+00 0.000000e+00
    outer loop
      vertex   -1.700000e+00 1.000000e+00 -9.599870e+01
      vertex   -1.700000e+00 7.327016e+00 -9.273021e+01
      vertex   -1.700000e+00 7.525559e+00 -9.290630e+01
    endloop
  endfacet
  facet normal -1.000000e+00 0.000000e+00 0.000000e+00
    outer loop
      vertex   -1.700000e+00 1.000000e+00 -9.599870e+01
      vertex   -1.700000e+00 7.525559e+00 -9.290630e+01
      vertex   -1.700000e+00 7.760496e+00 -9.302971e+01
    endloop
  endfacet
  facet normal -1.000000e+00 0.000000e+00 0.000000e+00
    outer loop
      vertex   -1.700000e+00 8.283532e+00 -9.309327e+01
      vertex   -1.700000e+00 8.541188e+00 -9.302971e+01
      vertex   -1.700000e+00 1.150000e+01 -9.599870e+01
    endloop
  endfacet
  facet normal -1.000000e+00 0.000000e+00 0.000000e+00
    outer loop
      vertex   -1.700000e+00 1.150000e+01 -9.599870e+01
      vertex   -1.700000e+00 8.541188e+00 -9.302971e+01
      vertex   -1.700000e+00 8.776125e+00 -9.290630e+01
    endloop
  endfacet
  facet normal -1.000000e+00 0.000000e+00 0.000000e+00
    outer loop
      vertex   -1.700000e+00 1.150000e+01 -9.599870e+01
      vertex   -1.700000e+00 8.776125e+00 -9.290630e+01
      vertex   -1.700000e+00 8.974668e+00 -9.273021e+01
    endloop
  endfacet
  facet normal -1.000000e+00 0.000000e+00 0.000000e+00
    outer loop
      vertex   -1.700000e+00 8.974668e+00 -9.273021e+01
      vertex   -1.700000e+00 9.125262e+00 -9.251170e+01
      vertex   -1.700000e+00 1.150000e+01 -9.599870e+01
    endloop
  endfacet
  facet normal -1.000000e+00 0.000000e+00 0.000000e+00
    outer loop
      vertex   -1.700000e+00 1.150000e+01 -9.599870e+01
      vertex   -1.700000e+00 9.125262e+00 -9.251170e+01
      vertex   -1.700000e+00 9.219141e+00 -9.226348e+01
    endloop
  endfacet
  facet normal 1.683835e-06 -1.470680e-07 -1.000000e+00
    outer loop
      vertex   -1.700000e+00 0.000000e+00 -8.450000e+01
      vertex   -3.799995e+00 0.000000e+00 -8.450000e+01
      vertex   -1.700000e+00 1.150000e+01 -8.450000e+01
    endloop
  endfacet
  facet normal 0.000000e+00 1.604142e-07 -1.000000e+00
    outer loop
      vertex   -1.700000e+00 1.150000e+01 -8.450000e+01
      vertex   -3.799995e+00 0.000000e+00 -8.450000e+01
      vertex   -3.999995e+00 1.150000e+01 -8.450000e+01
    endloop
  endfacet
  facet normal 0.000000e+00 1.604142e-07 -1.000000e+00
    outer loop
      vertex   -3.999995e+00 1.150000e+01 -8.450000e+01
      vertex   -3.799995e+00 0.000000e+00 -8.450000e+01
      vertex   -3.999995e+00 0.000000e+00 -8.450000e+01
    endloop
  endfacet
  facet normal 1.000000e+00 0.000000e+00 0.000000e+00
    outer loop
      vertex   -7.000000e-01 7.082543e+00 -9.226348e+01
      vertex   -7.000000e-01 7.050843e+00 -9.200000e+01
      vertex   -7.000000e-01 1.000000e+00 -9.599870e+01
    endloop
  endfacet
  facet normal 1.000000e+00 0.000000e+00 0.000000e+00
    outer loop
      vertex   -7.000000e-01 1.000000e+00 -9.599870e+01
      vertex   -7.000000e-01 7.050843e+00 -9.200000e+01
      vertex   -7.000000e-01 7.082543e+00 -9.173652e+01
    endloop
  endfacet
  facet normal 1.000000e+00 0.000000e+00 0.000000e+00
    outer loop
      vertex   -7.000000e-01 1.000000e+00 -9.599870e+01
      vertex   -7.000000e-01 7.082543e+00 -9.173652e+01
      vertex   -7.000000e-01 1.000000e+00 -8.350000e+01
    endloop
  endfacet
  facet normal 1.000000e+00 0.000000e+00 0.000000e+00
    outer loop
      vertex   -7.000000e-01 1.000000e+00 -8.350000e+01
      vertex   -7.000000e-01 7.082543e+00 -9.173652e+01
      vertex   -7.000000e-01 7.176422e+00 -9.148830e+01
    endloop
  endfacet
  facet normal 1.000000e+00 0.000000e+00 0.000000e+00
    outer loop
      vertex   -7.000000e-01 1.000000e+00 -8.350000e+01
      vertex   -7.000000e-01 7.176422e+00 -9.148830e+01
      vertex   -7.000000e-01 7.327016e+00 -9.126979e+01
    endloop
  endfacet
  facet normal 1.000000e+00 0.000000e+00 -0.000000e+00
    outer loop
      vertex   -7.000000e-01 7.327016e+00 -9.126979e+01
      vertex   -7.000000e-01 7.525559e+00 -9.109370e+01
      vertex   -7.000000e-01 1.000000e+00 -8.350000e+01
    endloop
  endfacet
  facet normal 1.000000e+00 0.000000e+00 0.000000e+00
    outer loop
      vertex   -7.000000e-01 1.000000e+00 -8.350000e+01
      vertex   -7.000000e-01 7.525559e+00 -9.109370e+01
      vertex   -7.000000e-01 7.760496e+00 -9.097029e+01
    endloop
  endfacet
  facet normal 1.000000e+00 -0.000000e+00 0.000000e+00
    outer loop
      vertex   -7.000000e-01 1.000000e+00 -8.350000e+01
      vertex   -7.000000e-01 7.760496e+00 -9.097029e+01
      vertex   -7.000000e-01 1.150000e+01 -8.350000e+01
    endloop
  endfacet
  facet normal 1.000000e+00 0.000000e+00 0.000000e+00
    outer loop
      vertex   -7.000000e-01 1.150000e+01 -8.350000e+01
      vertex   -7.000000e-01 7.760496e+00 -9.097029e+01
      vertex   -7.000000e-01 8.018152e+00 -9.090673e+01
    endloop
  endfacet
  facet normal 1.000000e+00 0.000000e+00 0.000000e+00
    outer loop
      vertex   -7.000000e-01 1.150000e+01 -8.350000e+01
      vertex   -7.000000e-01 8.018152e+00 -9.090673e+01
      vertex   -7.000000e-01 8.283532e+00 -9.090673e+01
    endloop
  endfacet
  facet normal 1.000000e+00 -0.000000e+00 0.000000e+00
    outer loop
      vertex   -7.000000e-01 8.283532e+00 -9.090673e+01
      vertex   -7.000000e-01 8.541188e+00 -9.097029e+01
      vertex   -7.000000e-01 1.150000e+01 -8.350000e+01
    endloop
  endfacet
  facet normal 1.000000e+00 0.000000e+00 0.000000e+00
    outer loop
      vertex   -7.000000e-01 1.150000e+01 -8.350000e+01
      vertex   -7.000000e-01 8.541188e+00 -9.097029e+01
      vertex   -7.000000e-01 8.776125e+00 -9.109370e+01
    endloop
  endfacet
  facet normal 1.000000e+00 0.000000e+00 0.000000e+00
    outer loop
      vertex   -7.000000e-01 1.150000e+01 -8.350000e+01
      vertex   -7.000000e-01 8.776125e+00 -9.109370e+01
      vertex   -7.000000e-01 8.974668e+00 -9.126979e+01
    endloop
  endfacet
  facet normal 1.000000e+00 -0.000000e+00 0.000000e+00
    outer loop
      vertex   -7.000000e-01 8.974668e+00 -9.126979e+01
      vertex   -7.000000e-01 9.125262e+00 -9.148830e+01
      vertex   -7.000000e-01 1.150000e+01 -8.350000e+01
    endloop
  endfacet
  facet normal 1.000000e+00 0.000000e+00 0.000000e+00
    outer loop
      vertex   -7.000000e-01 1.150000e+01 -8.350000e+01
      vertex   -7.000000e-01 9.125262e+00 -9.148830e+01
      vertex   -7.000000e-01 9.219141e+00 -9.173652e+01
    endloop
  endfacet
  facet normal 1.000000e+00 0.000000e+00 0.000000e+00
    outer loop
      vertex   -7.000000e-01 1.150000e+01 -8.350000e+01
      vertex   -7.000000e-01 9.219141e+00 -9.173652e+01
      vertex   -7.000000e-01 1.150000e+01 -9.599870e+01
    endloop
  endfacet
  facet normal 1.000000e+00 0.000000e+00 0.000000e+00
    outer loop
      vertex   -7.000000e-01 1.150000e+01 -9.599870e+01
      vertex   -7.000000e-01 9.219141e+00 -9.173652e+01
      vertex   -7.000000e-01 9.250841e+00 -9.200000e+01
    endloop
  endfacet
  facet normal 1.000000e+00 0.000000e+00 0.000000e+00
    outer loop
      vertex   -7.000000e-01 1.150000e+01 -9.599870e+01
      vertex   -7.000000e-01 9.250841e+00 -9.200000e+01
      vertex   -7.000000e-01 9.219141e+00 -9.226348e+01
    endloop
  endfacet
  facet normal 1.000000e+00 0.000000e+00 0.000000e+00
    outer loop
      vertex   -7.000000e-01 9.219141e+00 -9.226348e+01
      vertex   -7.000000e-01 9.125262e+00 -9.251170e+01
      vertex   -7.000000e-01 1.150000e+01 -9.599870e+01
    endloop
  endfacet
  facet normal 1.000000e+00 0.000000e+00 0.000000e+00
    outer loop
      vertex   -7.000000e-01 1.150000e+01 -9.599870e+01
      vertex   -7.000000e-01 9.125262e+00 -9.251170e+01
      vertex   -7.000000e-01 8.974668e+00 -9.273021e+01
    endloop
  endfacet
  facet normal 1.000000e+00 0.000000e+00 0.000000e+00
    outer loop
      vertex   -7.000000e-01 1.150000e+01 -9.599870e+01
      vertex   -7.000000e-01 8.974668e+00 -9.273021e+01
      vertex   -7.000000e-01 8.776125e+00 -9.290630e+01
    endloop
  endfacet
  facet normal 1.000000e+00 0.000000e+00 0.000000e+00
    outer loop
      vertex   -7.000000e-01 8.776125e+00 -9.290630e+01
      vertex   -7.000000e-01 8.541188e+00 -9.302971e+01
      vertex   -7.000000e-01 1.150000e+01 -9.599870e+01
    endloop
  endfacet
  facet normal 1.000000e+00 0.000000e+00 0.000000e+00
    outer loop
      vertex   -7.000000e-01 1.150000e+01 -9.599870e+01
      vertex   -7.000000e-01 8.541188e+00 -9.302971e+01
      vertex   -7.000000e-01 8.283532e+00 -9.309327e+01
    endloop
  endfacet
  facet normal 1.000000e+00 0.000000e+00 0.000000e+00
    outer loop
      vertex   -7.000000e-01 1.150000e+01 -9.599870e+01
      vertex   -7.000000e-01 8.283532e+00 -9.309327e+01
      vertex   -7.000000e-01 8.018152e+00 -9.309327e+01
    endloop
  endfacet
  facet normal 1.000000e+00 0.000000e+00 0.000000e+00
    outer loop
      vertex   -7.000000e-01 8.018152e+00 -9.309327e+01
      vertex   -7.000000e-01 7.760496e+00 -9.302971e+01
      vertex   -7.000000e-01 1.150000e+01 -9.599870e+01
    endloop
  endfacet
  facet normal 1.000000e+00 0.000000e+00 0.000000e+00
    outer loop
      vertex   -7.000000e-01 1.150000e+01 -9.599870e+01
      vertex   -7.000000e-01 7.760496e+00 -9.302971e+01
      vertex   -7.000000e-01 1.000000e+00 -9.599870e+01
    endloop
  endfacet
  facet normal 1.000000e+00 0.000000e+00 0.000000e+00
    outer loop
      vertex   -7.000000e-01 1.000000e+00 -9.599870e+01
      vertex   -7.000000e-01 7.760496e+00 -9.302971e+01
      vertex   -7.000000e-01 7.525559e+00 -9.290630e+01
    endloop
  endfacet
  facet normal 1.000000e+00 0.000000e+00 0.000000e+00
    outer loop
      vertex   -7.000000e-01 1.000000e+00 -9.599870e+01
      vertex   -7.000000e-01 7.525559e+00 -9.290630e+01
      vertex   -7.000000e-01 7.327016e+00 -9.273021e+01
    endloop
  endfacet
  facet normal 1.000000e+00 0.000000e+00 0.000000e+00
    outer loop
      vertex   -7.000000e-01 7.327016e+00 -9.273021e+01
      vertex   -7.000000e-01 7.176422e+00 -9.251170e+01
      vertex   -7.000000e-01 1.000000e+00 -9.599870e+01
    endloop
  endfacet
  facet normal 1.000000e+00 0.000000e+00 0.000000e+00
    outer loop
      vertex   -7.000000e-01 1.000000e+00 -9.599870e+01
      vertex   -7.000000e-01 7.176422e+00 -9.251170e+01
      vertex   -7.000000e-01 7.082543e+00 -9.226348e+01
    endloop
  endfacet
  facet normal 0.000000e+00 -9.928398e-01 -1.194536e-01
    outer loop
      vertex   -1.700000e+00 9.250841e+00 -9.200000e+01
      vertex   -7.000000e-01 9.250841e+00 -9.200000e+01
      vertex   -1.700000e+00 9.219141e+00 -9.173652e+01
    endloop
  endfacet
  facet normal 0.000000e+00 -9.928398e-01 -1.194536e-01
    outer loop
      vertex   -1.700000e+00 9.219141e+00 -9.173652e+01
      vertex   -7.000000e-01 9.250841e+00 -9.200000e+01
      vertex   -7.000000e-01 9.219141e+00 -9.173652e+01
    endloop
  endfacet
  facet normal 0.000000e+00 -9.353382e-01 -3.537547e-01
    outer loop
      vertex   -1.700000e+00 9.219141e+00 -9.173652e+01
      vertex   -7.000000e-01 9.219141e+00 -9.173652e+01
      vertex   -7.000000e-01 9.125262e+00 -9.148830e+01
    endloop
  endfacet
  facet normal 0.000000e+00 -9.353382e-01 -3.537547e-01
    outer loop
      vertex   -1.700000e+00 9.219141e+00 -9.173652e+01
      vertex   -7.000000e-01 9.125262e+00 -9.148830e+01
      vertex   -1.700000e+00 9.125262e+00 -9.148830e+01
    endloop
  endfacet
  facet normal 0.000000e+00 -8.233968e-01 -5.674660e-01
    outer loop
      vertex   -1.700000e+00 9.125262e+00 -9.148830e+01
      vertex   -7.000000e-01 9.125262e+00 -9.148830e+01
      vertex   -7.000000e-01 8.974668e+00 -9.126979e+01
    endloop
  endfacet
  facet normal 0.000000e+00 -8.233968e-01 -5.674660e-01
    outer loop
      vertex   -1.700000e+00 9.125262e+00 -9.148830e+01
      vertex   -7.000000e-01 8.974668e+00 -9.126979e+01
      vertex   -1.700000e+00 8.974668e+00 -9.126979e+01
    endloop
  endfacet
  facet normal 0.000000e+00 -6.635309e-01 -7.481489e-01
    outer loop
      vertex   -1.700000e+00 8.974668e+00 -9.126979e+01
      vertex   -7.000000e-01 8.974668e+00 -9.126979e+01
      vertex   -7.000000e-01 8.776125e+00 -9.109370e+01
    endloop
  endfacet
  facet normal 0.000000e+00 -6.635309e-01 -7.481489e-01
    outer loop
      vertex   -1.700000e+00 8.974668e+00 -9.126979e+01
      vertex   -7.000000e-01 8.776125e+00 -9.109370e+01
      vertex   -1.700000e+00 8.776125e+00 -9.109370e+01
    endloop
  endfacet
  facet normal 0.000000e+00 -4.650451e-01 -8.852870e-01
    outer loop
      vertex   -1.700000e+00 8.776125e+00 -9.109370e+01
      vertex   -7.000000e-01 8.776125e+00 -9.109370e+01
      vertex   -7.000000e-01 8.541188e+00 -9.097029e+01
    endloop
  endfacet
  facet normal 0.000000e+00 -4.650451e-01 -8.852870e-01
    outer loop
      vertex   -1.700000e+00 8.776125e+00 -9.109370e+01
      vertex   -7.000000e-01 8.541188e+00 -9.097029e+01
      vertex   -1.700000e+00 8.541188e+00 -9.097029e+01
    endloop
  endfacet
  facet normal 0.000000e+00 -2.394922e-01 -9.708983e-01
    outer loop
      vertex   -1.700000e+00 8.541188e+00 -9.097029e+01
      vertex   -7.000000e-01 8.541188e+00 -9.097029e+01
      vertex   -7.000000e-01 8.283532e+00 -9.090673e+01
    endloop
  endfacet
  facet normal 0.000000e+00 -2.394922e-01 -9.708983e-01
    outer loop
      vertex   -1.700000e+00 8.541188e+00 -9.097029e+01
      vertex   -7.000000e-01 8.283532e+00 -9.090673e+01
      vertex   -1.700000e+00 8.283532e+00 -9.090673e+01
    endloop
  endfacet
  facet normal 0.000000e+00 0.000000e+00 -1.000000e+00
    outer loop
      vertex   -1.700000e+00 8.283532e+00 -9.090673e+01
      vertex   -7.000000e-01 8.283532e+00 -9.090673e+01
      vertex   -7.000000e-01 8.018152e+00 -9.090673e+01
    endloop
  endfacet
  facet normal 0.000000e+00 0.000000e+00 -1.000000e+00
    outer loop
      vertex   -1.700000e+00 8.283532e+00 -9.090673e+01
      vertex   -7.000000e-01 8.018152e+00 -9.090673e+01
      vertex   -1.700000e+00 8.018152e+00 -9.090673e+01
    endloop
  endfacet
  facet normal 0.000000e+00 2.394922e-01 -9.708983e-01
    outer loop
      vertex   -1.700000e+00 8.018152e+00 -9.090673e+01
      vertex   -7.000000e-01 8.018152e+00 -9.090673e+01
      vertex   -7.000000e-01 7.760496e+00 -9.097029e+01
    endloop
  endfacet
  facet normal 0.000000e+00 2.394922e-01 -9.708983e-01
    outer loop
      vertex   -1.700000e+00 8.018152e+00 -9.090673e+01
      vertex   -7.000000e-01 7.760496e+00 -9.097029e+01
      vertex   -1.700000e+00 7.760496e+00 -9.097029e+01
    endloop
  endfacet
  facet normal 0.000000e+00 4.650451e-01 -8.852870e-01
    outer loop
      vertex   -1.700000e+00 7.760496e+00 -9.097029e+01
      vertex   -7.000000e-01 7.760496e+00 -9.097029e+01
      vertex   -7.000000e-01 7.525559e+00 -9.109370e+01
    endloop
  endfacet
  facet normal 0.000000e+00 4.650451e-01 -8.852870e-01
    outer loop
      vertex   -1.700000e+00 7.760496e+00 -9.097029e+01
      vertex   -7.000000e-01 7.525559e+00 -9.109370e+01
      vertex   -1.700000e+00 7.525559e+00 -9.109370e+01
    endloop
  endfacet
  facet normal 0.000000e+00 6.635309e-01 -7.481489e-01
    outer loop
      vertex   -1.700000e+00 7.525559e+00 -9.109370e+01
      vertex   -7.000000e-01 7.525559e+00 -9.109370e+01
      vertex   -7.000000e-01 7.327016e+00 -9.126979e+01
    endloop
  endfacet
  facet normal 0.000000e+00 6.635309e-01 -7.481489e-01
    outer loop
      vertex   -1.700000e+00 7.525559e+00 -9.109370e+01
      vertex   -7.000000e-01 7.327016e+00 -9.126979e+01
      vertex   -1.700000e+00 7.327016e+00 -9.126979e+01
    endloop
  endfacet
  facet normal 0.000000e+00 8.233968e-01 -5.674660e-01
    outer loop
      vertex   -1.700000e+00 7.327016e+00 -9.126979e+01
      vertex   -7.000000e-01 7.327016e+00 -9.126979e+01
      vertex   -7.000000e-01 7.176422e+00 -9.148830e+01
    endloop
  endfacet
  facet normal 0.000000e+00 8.233968e-01 -5.674660e-01
    outer loop
      vertex   -1.700000e+00 7.327016e+00 -9.126979e+01
      vertex   -7.000000e-01 7.176422e+00 -9.148830e+01
      vertex   -1.700000e+00 7.176422e+00 -9.148830e+01
    endloop
  endfacet
  facet normal 0.000000e+00 9.353382e-01 -3.537547e-01
    outer loop
      vertex   -1.700000e+00 7.176422e+00 -9.148830e+01
      vertex   -7.000000e-01 7.176422e+00 -9.148830e+01
      vertex   -7.000000e-01 7.082543e+00 -9.173652e+01
    endloop
  endfacet
  facet normal 0.000000e+00 9.353382e-01 -3.537547e-01
    outer loop
      vertex   -1.700000e+00 7.176422e+00 -9.148830e+01
      vertex   -7.000000e-01 7.082543e+00 -9.173652e+01
      vertex   -1.700000e+00 7.082543e+00 -9.173652e+01
    endloop
  endfacet
  facet normal 0.000000e+00 9.928398e-01 -1.194536e-01
    outer loop
      vertex   -1.700000e+00 7.082543e+00 -9.173652e+01
      vertex   -7.000000e-01 7.082543e+00 -9.173652e+01
      vertex   -1.700000e+00 7.050843e+00 -9.200000e+01
    endloop
  endfacet
  facet normal 0.000000e+00 9.928398e-01 -1.194536e-01
    outer loop
      vertex   -1.700000e+00 7.050843e+00 -9.200000e+01
      vertex   -7.000000e-01 7.082543e+00 -9.173652e+01
      vertex   -7.000000e-01 7.050843e+00 -9.200000e+01
    endloop
  endfacet
  facet normal -0.000000e+00 1.000000e+00 0.000000e+00
    outer loop
      vertex   -3.999995e+00 1.150000e+01 -8.350000e+01
      vertex   -7.000000e-01 1.150000e+01 -8.350000e+01
      vertex   -1.700000e+00 1.150000e+01 -8.450000e+01
    endloop
  endfacet
  facet normal -2.842469e-16 1.000000e+00 2.842467e-16
    outer loop
      vertex   -1.700000e+00 1.150000e+01 -8.450000e+01
      vertex   -7.000000e-01 1.150000e+01 -8.350000e+01
      vertex   -7.000000e-01 1.150000e+01 -9.599870e+01
    endloop
  endfacet
  facet normal 0.000000e+00 1.000000e+00 3.089666e-16
    outer loop
      vertex   -1.700000e+00 1.150000e+01 -8.450000e+01
      vertex   -7.000000e-01 1.150000e+01 -9.599870e+01
      vertex   -1.700000e+00 1.150000e+01 -9.599870e+01
    endloop
  endfacet
  facet normal 0.000000e+00 1.000000e+00 0.000000e+00
    outer loop
      vertex   -1.700000e+00 1.150000e+01 -8.450000e+01
      vertex   -3.999995e+00 1.150000e+01 -8.450000e+01
      vertex   -3.999995e+00 1.150000e+01 -8.350000e+01
    endloop
  endfacet
  facet normal -0.000000e+00 -0.000000e+00 -1.000000e+00
    outer loop
      vertex   -7.000000e-01 1.150000e+01 -9.599870e+01
      vertex   -7.000000e-01 1.000000e+00 -9.599870e+01
      vertex   -1.700000e+00 1.150000e+01 -9.599870e+01
    endloop
  endfacet
  facet normal 0.000000e+00 0.000000e+00 -1.000000e+00
    outer loop
      vertex   -1.700000e+00 1.150000e+01 -9.599870e+01
      vertex   -7.000000e-01 1.000000e+00 -9.599870e+01
      vertex   -1.700000e+00 1.000000e+00 -9.599870e+01
    endloop
  endfacet
  facet normal 1.000000e+00 -5.943846e-17 4.514799e-16
    outer loop
      vertex   -7.037191e-01 7.866141e+00 -1.793878e+01
      vertex   -7.037191e-01 8.150842e+00 -1.790130e+01
      vertex   -7.037191e-01 1.150000e+01 -1.500130e+01
    endloop
  endfacet
  facet normal 1.000000e+00 4.374945e-17 3.323101e-16
    outer loop
      vertex   -7.037191e-01 1.150000e+01 -1.500130e+01
      vertex   -7.037191e-01 8.150842e+00 -1.790130e+01
      vertex   -7.037191e-01 8.435543e+00 -1.793878e+01
    endloop
  endfacet
  facet normal 1.000000e+00 4.015256e-16 -4.093125e-17
    outer loop
      vertex   -7.037191e-01 1.150000e+01 -1.500130e+01
      vertex   -7.037191e-01 8.435543e+00 -1.793878e+01
      vertex   -7.037191e-01 8.700842e+00 -1.804867e+01
    endloop
  endfacet
  facet normal 1.000000e+00 1.475800e-16 1.923300e-16
    outer loop
      vertex   -7.037191e-01 8.700842e+00 -1.804867e+01
      vertex   -7.037191e-01 8.928660e+00 -1.822348e+01
      vertex   -7.037191e-01 1.150000e+01 -1.500130e+01
    endloop
  endfacet
  facet normal 1.000000e+00 8.207556e-16 -3.448723e-16
    outer loop
      vertex   -7.037191e-01 1.150000e+01 -1.500130e+01
      vertex   -7.037191e-01 8.928660e+00 -1.822348e+01
      vertex   -7.037191e-01 9.103470e+00 -1.845130e+01
    endloop
  endfacet
  facet normal 1.000000e+00 2.031480e-16 8.414664e-17
    outer loop
      vertex   -7.037191e-01 1.150000e+01 -1.500130e+01
      vertex   -7.037191e-01 9.103470e+00 -1.845130e+01
      vertex   -7.037191e-01 9.213360e+00 -1.871660e+01
    endloop
  endfacet
  facet normal 1.000000e+00 2.799788e-16 3.685991e-17
    outer loop
      vertex   -7.037191e-01 9.213360e+00 -1.871660e+01
      vertex   -7.037191e-01 9.250842e+00 -1.900130e+01
      vertex   -7.037191e-01 1.150000e+01 -1.500130e+01
    endloop
  endfacet
  facet normal 1.000000e+00 4.511666e-16 -5.939721e-17
    outer loop
      vertex   -7.037191e-01 1.150000e+01 -1.500130e+01
      vertex   -7.037191e-01 9.250842e+00 -1.900130e+01
      vertex   -7.037191e-01 9.213360e+00 -1.928600e+01
    endloop
  endfacet
  facet normal 1.000000e+00 3.398682e-16 -9.660641e-32
    outer loop
      vertex   -7.037191e-01 1.150000e+01 -1.500130e+01
      vertex   -7.037191e-01 9.213360e+00 -1.928600e+01
      vertex   -7.037191e-01 1.150000e+01 -2.750000e+01
    endloop
  endfacet
  facet normal 1.000000e+00 1.366071e-16 -5.658450e-17
    outer loop
      vertex   -7.037191e-01 1.150000e+01 -2.750000e+01
      vertex   -7.037191e-01 9.213360e+00 -1.928600e+01
      vertex   -7.037191e-01 9.103470e+00 -1.955130e+01
    endloop
  endfacet
  facet normal 1.000000e+00 1.003373e-15 2.047451e-16
    outer loop
      vertex   -7.037191e-01 1.150000e+01 -2.750000e+01
      vertex   -7.037191e-01 9.103470e+00 -1.955130e+01
      vertex   -7.037191e-01 8.928660e+00 -1.977912e+01
    endloop
  endfacet
  facet normal 1.000000e+00 7.909205e-17 -1.030748e-16
    outer loop
      vertex   -7.037191e-01 8.928660e+00 -1.977912e+01
      vertex   -7.037191e-01 8.700842e+00 -1.995393e+01
      vertex   -7.037191e-01 1.150000e+01 -2.750000e+01
    endloop
  endfacet
  facet normal 1.000000e+00 4.102869e-16 1.977945e-17
    outer loop
      vertex   -7.037191e-01 1.150000e+01 -2.750000e+01
      vertex   -7.037191e-01 8.700842e+00 -1.995393e+01
      vertex   -7.037191e-01 8.435543e+00 -2.006382e+01
    endloop
  endfacet
  facet normal 1.000000e+00 1.864421e-17 -1.416169e-16
    outer loop
      vertex   -7.037191e-01 1.150000e+01 -2.750000e+01
      vertex   -7.037191e-01 8.435543e+00 -2.006382e+01
      vertex   -7.037191e-01 8.150842e+00 -2.010130e+01
    endloop
  endfacet
  facet normal 1.000000e+00 -2.100724e-17 -1.595658e-16
    outer loop
      vertex   -7.037191e-01 8.150842e+00 -2.010130e+01
      vertex   -7.037191e-01 7.866141e+00 -2.006382e+01
      vertex   -7.037191e-01 1.150000e+01 -2.750000e+01
    endloop
  endfacet
  facet normal 1.000000e+00 2.114711e-16 -4.596002e-17
    outer loop
      vertex   -7.037191e-01 1.150000e+01 -2.750000e+01
      vertex   -7.037191e-01 7.866141e+00 -2.006382e+01
      vertex   -7.037191e-01 1.000000e+00 -2.750000e+01
    endloop
  endfacet
  facet normal 1.000000e+00 3.474398e-16 -1.715057e-16
    outer loop
      vertex   -7.037191e-01 1.000000e+00 -2.750000e+01
      vertex   -7.037191e-01 7.866141e+00 -2.006382e+01
      vertex   -7.037191e-01 7.600842e+00 -1.995393e+01
    endloop
  endfacet
  facet normal 1.000000e+00 6.079685e-17 7.923199e-17
    outer loop
      vertex   -7.037191e-01 1.000000e+00 -2.750000e+01
      vertex   -7.037191e-01 7.600842e+00 -1.995393e+01
      vertex   -7.037191e-01 7.373025e+00 -1.977912e+01
    endloop
  endfacet
  facet normal 1.000000e+00 6.931865e-16 -4.427595e-16
    outer loop
      vertex   -7.037191e-01 7.373025e+00 -1.977912e+01
      vertex   -7.037191e-01 7.198214e+00 -1.955130e+01
      vertex   -7.037191e-01 1.000000e+00 -2.750000e+01
    endloop
  endfacet
  facet normal 1.000000e+00 8.188630e-17 3.391842e-17
    outer loop
      vertex   -7.037191e-01 1.000000e+00 -2.750000e+01
      vertex   -7.037191e-01 7.198214e+00 -1.955130e+01
      vertex   -7.037191e-01 7.088324e+00 -1.928600e+01
    endloop
  endfacet
  facet normal 1.000000e+00 1.276470e-16 -0.000000e+00
    outer loop
      vertex   -7.037191e-01 1.000000e+00 -2.750000e+01
      vertex   -7.037191e-01 7.088324e+00 -1.928600e+01
      vertex   -7.037191e-01 1.000000e+00 -1.500130e+01
    endloop
  endfacet
  facet normal 1.000000e+00 1.406813e-16 1.852104e-17
    outer loop
      vertex   -7.037191e-01 1.000000e+00 -1.500130e+01
      vertex   -7.037191e-01 7.088324e+00 -1.928600e+01
      vertex   -7.037191e-01 7.050842e+00 -1.900130e+01
    endloop
  endfacet
  facet normal 1.000000e+00 1.181546e-16 -1.555535e-17
    outer loop
      vertex   -7.037191e-01 1.000000e+00 -1.500130e+01
      vertex   -7.037191e-01 7.050842e+00 -1.900130e+01
      vertex   -7.037191e-01 7.088324e+00 -1.871660e+01
    endloop
  endfacet
  facet normal 1.000000e+00 1.018920e-16 -4.220506e-17
    outer loop
      vertex   -7.037191e-01 7.088324e+00 -1.871660e+01
      vertex   -7.037191e-01 7.198214e+00 -1.845130e+01
      vertex   -7.037191e-01 1.000000e+00 -1.500130e+01
    endloop
  endfacet
  facet normal 1.000000e+00 4.680049e-16 6.155474e-16
    outer loop
      vertex   -7.037191e-01 1.000000e+00 -1.500130e+01
      vertex   -7.037191e-01 7.198214e+00 -1.845130e+01
      vertex   -7.037191e-01 7.373025e+00 -1.822348e+01
    endloop
  endfacet
  facet normal 1.000000e+00 9.451160e-17 -1.231699e-16
    outer loop
      vertex   -7.037191e-01 1.000000e+00 -1.500130e+01
      vertex   -7.037191e-01 7.373025e+00 -1.822348e+01
      vertex   -7.037191e-01 7.600842e+00 -1.804867e+01
    endloop
  endfacet
  facet normal 1.000000e+00 2.921625e-16 3.049571e-16
    outer loop
      vertex   -7.037191e-01 7.600842e+00 -1.804867e+01
      vertex   -7.037191e-01 7.866141e+00 -1.793878e+01
      vertex   -7.037191e-01 1.000000e+00 -1.500130e+01
    endloop
  endfacet
  facet normal 1.000000e+00 2.114711e-16 1.163470e-16
    outer loop
      vertex   -7.037191e-01 1.000000e+00 -1.500130e+01
      vertex   -7.037191e-01 7.866141e+00 -1.793878e+01
      vertex   -7.037191e-01 1.150000e+01 -1.500130e+01
    endloop
  endfacet
  facet normal -0.000000e+00 -0.000000e+00 -1.000000e+00
    outer loop
      vertex   -7.037191e-01 1.150000e+01 -2.750000e+01
      vertex   -7.037191e-01 1.000000e+00 -2.750000e+01
      vertex   -3.999995e+00 1.150000e+01 -2.750000e+01
    endloop
  endfacet
  facet normal 0.000000e+00 0.000000e+00 -1.000000e+00
    outer loop
      vertex   -3.999995e+00 1.150000e+01 -2.750000e+01
      vertex   -7.037191e-01 1.000000e+00 -2.750000e+01
      vertex   -3.999995e+00 1.000000e+00 -2.750000e+01
    endloop
  endfacet
  facet normal -1.000000e+00 -2.114711e-16 5.310091e-17
    outer loop
      vertex   -1.703719e+00 1.000000e+00 -2.650000e+01
      vertex   -1.703719e+00 7.866141e+00 -2.006382e+01
      vertex   -1.703719e+00 1.150000e+01 -2.650000e+01
    endloop
  endfacet
  facet normal -1.000000e+00 2.453326e-17 1.863486e-16
    outer loop
      vertex   -1.703719e+00 1.150000e+01 -2.650000e+01
      vertex   -1.703719e+00 7.866141e+00 -2.006382e+01
      vertex   -1.703719e+00 8.150842e+00 -2.010130e+01
    endloop
  endfacet
  facet normal -1.000000e+00 -2.137013e-17 1.623222e-16
    outer loop
      vertex   -1.703719e+00 1.150000e+01 -2.650000e+01
      vertex   -1.703719e+00 8.150842e+00 -2.010130e+01
      vertex   -1.703719e+00 8.435543e+00 -2.006382e+01
    endloop
  endfacet
  facet normal -1.000000e+00 -1.458823e-16 -0.000000e+00
    outer loop
      vertex   -1.703719e+00 1.000000e+00 -1.500130e+01
      vertex   -1.703719e+00 7.088324e+00 -1.928600e+01
      vertex   -1.703719e+00 1.000000e+00 -2.650000e+01
    endloop
  endfacet
  facet normal -1.000000e+00 -9.785516e-17 -4.053294e-17
    outer loop
      vertex   -1.703719e+00 1.000000e+00 -2.650000e+01
      vertex   -1.703719e+00 7.088324e+00 -1.928600e+01
      vertex   -1.703719e+00 7.198214e+00 -1.955130e+01
    endloop
  endfacet
  facet normal -1.000000e+00 -7.703103e-17 -5.910799e-17
    outer loop
      vertex   -1.703719e+00 1.000000e+00 -2.650000e+01
      vertex   -1.703719e+00 7.198214e+00 -1.955130e+01
      vertex   -1.703719e+00 7.373025e+00 -1.977912e+01
    endloop
  endfacet
  facet normal -1.000000e+00 -2.114711e-16 -1.163470e-16
    outer loop
      vertex   -1.703719e+00 1.150000e+01 -1.500130e+01
      vertex   -1.703719e+00 7.866141e+00 -1.793878e+01
      vertex   -1.703719e+00 1.000000e+00 -1.500130e+01
    endloop
  endfacet
  facet normal -1.000000e+00 -7.954113e-17 1.920293e-16
    outer loop
      vertex   -1.703719e+00 1.000000e+00 -1.500130e+01
      vertex   -1.703719e+00 7.866141e+00 -1.793878e+01
      vertex   -1.703719e+00 7.600842e+00 -1.804867e+01
    endloop
  endfacet
  facet normal -1.000000e+00 -4.711389e-16 -6.562017e-16
    outer loop
      vertex   -1.703719e+00 1.000000e+00 -1.500130e+01
      vertex   -1.703719e+00 7.600842e+00 -1.804867e+01
      vertex   -1.703719e+00 7.373025e+00 -1.822348e+01
    endloop
  endfacet
  facet normal -1.000000e+00 -3.884208e-16 1.200091e-31
    outer loop
      vertex   -1.703719e+00 1.150000e+01 -2.650000e+01
      vertex   -1.703719e+00 9.213360e+00 -1.928600e+01
      vertex   -1.703719e+00 1.150000e+01 -1.500130e+01
    endloop
  endfacet
  facet normal -1.000000e+00 -5.156190e-16 6.788253e-17
    outer loop
      vertex   -1.703719e+00 1.150000e+01 -1.500130e+01
      vertex   -1.703719e+00 9.213360e+00 -1.928600e+01
      vertex   -1.703719e+00 9.250842e+00 -1.900130e+01
    endloop
  endfacet
  facet normal -1.000000e+00 -3.199757e-16 -4.212561e-17
    outer loop
      vertex   -1.703719e+00 1.150000e+01 -1.500130e+01
      vertex   -1.703719e+00 9.250842e+00 -1.900130e+01
      vertex   -1.703719e+00 9.213360e+00 -1.871660e+01
    endloop
  endfacet
  facet normal -1.000000e+00 -4.374945e-17 -3.323101e-16
    outer loop
      vertex   -1.703719e+00 8.435543e+00 -1.793878e+01
      vertex   -1.703719e+00 8.150842e+00 -1.790130e+01
      vertex   -1.703719e+00 1.150000e+01 -1.500130e+01
    endloop
  endfacet
  facet normal -1.000000e+00 5.943846e-17 -4.514799e-16
    outer loop
      vertex   -1.703719e+00 1.150000e+01 -1.500130e+01
      vertex   -1.703719e+00 8.150842e+00 -1.790130e+01
      vertex   -1.703719e+00 7.866141e+00 -1.793878e+01
    endloop
  endfacet
  facet normal -1.000000e+00 -1.004103e-16 7.704752e-17
    outer loop
      vertex   -1.703719e+00 7.373025e+00 -1.822348e+01
      vertex   -1.703719e+00 7.198214e+00 -1.845130e+01
      vertex   -1.703719e+00 1.000000e+00 -1.500130e+01
    endloop
  endfacet
  facet normal -1.000000e+00 -1.164480e-16 4.823436e-17
    outer loop
      vertex   -1.703719e+00 1.000000e+00 -1.500130e+01
      vertex   -1.703719e+00 7.198214e+00 -1.845130e+01
      vertex   -1.703719e+00 7.088324e+00 -1.871660e+01
    endloop
  endfacet
  facet normal -1.000000e+00 -1.350338e-16 1.777754e-17
    outer loop
      vertex   -1.703719e+00 1.000000e+00 -1.500130e+01
      vertex   -1.703719e+00 7.088324e+00 -1.871660e+01
      vertex   -1.703719e+00 7.050842e+00 -1.900130e+01
    endloop
  endfacet
  facet normal -1.000000e+00 -1.607786e-16 -2.116691e-17
    outer loop
      vertex   -1.703719e+00 7.050842e+00 -1.900130e+01
      vertex   -1.703719e+00 7.088324e+00 -1.928600e+01
      vertex   -1.703719e+00 1.000000e+00 -1.500130e+01
    endloop
  endfacet
  facet normal -1.000000e+00 -6.228621e-16 4.584722e-16
    outer loop
      vertex   -1.703719e+00 7.373025e+00 -1.977912e+01
      vertex   -1.703719e+00 7.600842e+00 -1.995393e+01
      vertex   -1.703719e+00 1.000000e+00 -2.650000e+01
    endloop
  endfacet
  facet normal -1.000000e+00 -4.955367e-17 -1.196331e-16
    outer loop
      vertex   -1.703719e+00 1.000000e+00 -2.650000e+01
      vertex   -1.703719e+00 7.600842e+00 -1.995393e+01
      vertex   -1.703719e+00 7.866141e+00 -2.006382e+01
    endloop
  endfacet
  facet normal -1.000000e+00 -5.968052e-17 1.440815e-16
    outer loop
      vertex   -1.703719e+00 8.435543e+00 -2.006382e+01
      vertex   -1.703719e+00 8.700842e+00 -1.995393e+01
      vertex   -1.703719e+00 1.150000e+01 -2.650000e+01
    endloop
  endfacet
  facet normal -1.000000e+00 -8.318551e-16 -1.861072e-16
    outer loop
      vertex   -1.703719e+00 1.150000e+01 -2.650000e+01
      vertex   -1.703719e+00 8.700842e+00 -1.995393e+01
      vertex   -1.703719e+00 8.928660e+00 -1.977912e+01
    endloop
  endfacet
  facet normal -1.000000e+00 -1.149232e-16 8.818365e-17
    outer loop
      vertex   -1.703719e+00 1.150000e+01 -2.650000e+01
      vertex   -1.703719e+00 8.928660e+00 -1.977912e+01
      vertex   -1.703719e+00 9.103470e+00 -1.955130e+01
    endloop
  endfacet
  facet normal -1.000000e+00 -1.683822e-16 6.974620e-17
    outer loop
      vertex   -1.703719e+00 9.103470e+00 -1.955130e+01
      vertex   -1.703719e+00 9.213360e+00 -1.928600e+01
      vertex   -1.703719e+00 1.150000e+01 -2.650000e+01
    endloop
  endfacet
  facet normal -1.000000e+00 -2.321691e-16 -9.616759e-17
    outer loop
      vertex   -1.703719e+00 9.213360e+00 -1.871660e+01
      vertex   -1.703719e+00 9.103470e+00 -1.845130e+01
      vertex   -1.703719e+00 1.150000e+01 -1.500130e+01
    endloop
  endfacet
  facet normal -1.000000e+00 -1.760928e-16 -1.351208e-16
    outer loop
      vertex   -1.703719e+00 1.150000e+01 -1.500130e+01
      vertex   -1.703719e+00 9.103470e+00 -1.845130e+01
      vertex   -1.703719e+00 8.928660e+00 -1.822348e+01
    endloop
  endfacet
  facet normal -1.000000e+00 -7.356840e-16 3.114398e-16
    outer loop
      vertex   -1.703719e+00 1.150000e+01 -1.500130e+01
      vertex   -1.703719e+00 8.928660e+00 -1.822348e+01
      vertex   -1.703719e+00 8.700842e+00 -1.804867e+01
    endloop
  endfacet
  facet normal -1.000000e+00 -1.093152e-16 -2.639102e-16
    outer loop
      vertex   -1.703719e+00 8.700842e+00 -1.804867e+01
      vertex   -1.703719e+00 8.435543e+00 -1.793878e+01
      vertex   -1.703719e+00 1.150000e+01 -1.500130e+01
    endloop
  endfacet
  facet normal -3.425321e-14 0.000000e+00 1.000000e+00
    outer loop
      vertex   -1.600000e+00 1.000000e+00 -2.650000e+01
      vertex   -1.703719e+00 1.000000e+00 -2.650000e+01
      vertex   -1.600000e+00 0.000000e+00 -2.650000e+01
    endloop
  endfacet
  facet normal -4.023321e-07 -4.172953e-08 1.000000e+00
    outer loop
      vertex   -1.600000e+00 0.000000e+00 -2.650000e+01
      vertex   -1.703719e+00 1.000000e+00 -2.650000e+01
      vertex   -3.999995e+00 0.000000e+00 -2.650000e+01
    endloop
  endfacet
  facet normal -3.839392e-07 -8.396480e-08 1.000000e+00
    outer loop
      vertex   -3.999995e+00 0.000000e+00 -2.650000e+01
      vertex   -1.703719e+00 1.000000e+00 -2.650000e+01
      vertex   -3.999995e+00 1.150000e+01 -2.650000e+01
    endloop
  endfacet
  facet normal -0.000000e+00 0.000000e+00 1.000000e+00
    outer loop
      vertex   -3.999995e+00 1.150000e+01 -2.650000e+01
      vertex   -1.703719e+00 1.000000e+00 -2.650000e+01
      vertex   -1.703719e+00 1.150000e+01 -2.650000e+01
    endloop
  endfacet
  facet normal 1.000000e+00 4.934325e-17 0.000000e+00
    outer loop
      vertex   -3.999995e+00 1.000000e+00 -6.050000e+01
      vertex   -3.999995e+00 1.000000e+00 -6.220000e+01
      vertex   -3.999995e+00 1.000000e+01 -6.050000e+01
    endloop
  endfacet
  facet normal 1.000000e+00 4.022548e-17 4.827057e-17
    outer loop
      vertex   -3.999995e+00 1.000000e+01 -6.050000e+01
      vertex   -3.999995e+00 1.000000e+00 -6.220000e+01
      vertex   -3.999995e+00 1.000000e+00 -7.140000e+01
    endloop
  endfacet
  facet normal 1.000000e+00 2.644454e-17 5.964932e-17
    outer loop
      vertex   -3.999995e+00 1.000000e+01 -6.050000e+01
      vertex   -3.999995e+00 1.000000e+00 -7.140000e+01
      vertex   -3.999995e+00 1.150000e+01 -8.350000e+01
    endloop
  endfacet
  facet normal 1.000000e+00 0.000000e+00 3.670158e-17
    outer loop
      vertex   -3.999995e+00 1.150000e+01 -8.350000e+01
      vertex   -3.999995e+00 1.000000e+00 -7.140000e+01
      vertex   -3.999995e+00 1.000000e+00 -8.350000e+01
    endloop
  endfacet
  facet normal 1.000000e+00 -4.440546e-06 0.000000e+00
    outer loop
      vertex   -4.000000e+00 0.000000e+00 -6.220000e+01
      vertex   -4.000000e+00 0.000000e+00 -7.140000e+01
      vertex   -3.999995e+00 1.000000e+00 -6.220000e+01
    endloop
  endfacet
  facet normal 1.000000e+00 -4.440546e-06 4.827057e-17
    outer loop
      vertex   -3.999995e+00 1.000000e+00 -6.220000e+01
      vertex   -4.000000e+00 0.000000e+00 -7.140000e+01
      vertex   -3.999995e+00 1.000000e+00 -7.140000e+01
    endloop
  endfacet
  facet normal 1.000000e+00 -3.947459e-16 0.000000e+00
    outer loop
      vertex   -3.999995e+00 1.150000e+01 -8.450000e+01
      vertex   -3.999995e+00 1.600000e+01 -1.038000e+02
      vertex   -3.999995e+00 1.150000e+01 -8.350000e+01
    endloop
  endfacet
  facet normal 1.000000e+00 2.442240e-07 5.413833e-08
    outer loop
      vertex   -3.999995e+00 1.150000e+01 -8.350000e+01
      vertex   -3.999995e+00 1.600000e+01 -1.038000e+02
      vertex   -4.000000e+00 2.700000e+01 -7.140000e+01
    endloop
  endfacet
  facet normal 1.000000e+00 2.864868e-07 0.000000e+00
    outer loop
      vertex   -3.999995e+00 1.150000e+01 -8.350000e+01
      vertex   -4.000000e+00 2.700000e+01 -7.140000e+01
      vertex   -4.000000e+00 2.700000e+01 -6.220000e+01
    endloop
  endfacet
  facet normal 1.000000e+00 1.305436e-22 -8.137906e-16
    outer loop
      vertex   -3.999995e+00 0.000000e+00 -8.450000e+01
      vertex   -3.999995e+00 7.601217e+00 -9.104846e+01
      vertex   -3.999995e+00 1.150000e+01 -8.450000e+01
    endloop
  endfacet
  facet normal 1.000000e+00 4.469269e-16 -1.079879e-15
    outer loop
      vertex   -3.999995e+00 1.150000e+01 -8.450000e+01
      vertex   -3.999995e+00 7.601217e+00 -9.104846e+01
      vertex   -3.999995e+00 7.866350e+00 -9.093873e+01
    endloop
  endfacet
  facet normal 1.000000e+00 1.176121e-16 -8.940329e-16
    outer loop
      vertex   -3.999995e+00 1.150000e+01 -8.450000e+01
      vertex   -3.999995e+00 7.866350e+00 -9.093873e+01
      vertex   -3.999995e+00 8.150842e+00 -9.090130e+01
    endloop
  endfacet
  facet normal 1.000000e+00 1.124780e-15 6.703233e-17
    outer loop
      vertex   -3.999995e+00 0.000000e+00 -1.110000e+02
      vertex   -3.999995e+00 5.900000e+00 -1.040000e+02
      vertex   -3.999995e+00 0.000000e+00 -8.450000e+01
    endloop
  endfacet
  facet normal 1.000000e+00 6.293764e-16 -8.285897e-17
    outer loop
      vertex   -3.999995e+00 0.000000e+00 -8.450000e+01
      vertex   -3.999995e+00 5.900000e+00 -1.040000e+02
      vertex   -3.999995e+00 5.937482e+00 -1.037153e+02
    endloop
  endfacet
  facet normal 1.000000e+00 -4.394362e-16 -4.131195e-16
    outer loop
      vertex   -3.999995e+00 0.000000e+00 -8.450000e+01
      vertex   -3.999995e+00 5.937482e+00 -1.037153e+02
      vertex   -3.999995e+00 7.050843e+00 -9.200000e+01
    endloop
  endfacet
  facet normal 1.000000e+00 1.425161e-15 -5.903212e-16
    outer loop
      vertex   -3.999995e+00 7.050843e+00 -9.200000e+01
      vertex   -3.999995e+00 5.937482e+00 -1.037153e+02
      vertex   -3.999995e+00 6.047372e+00 -1.034500e+02
    endloop
  endfacet
  facet normal 1.000000e+00 8.289425e-14 -7.730220e-15
    outer loop
      vertex   -3.999995e+00 7.050843e+00 -9.200000e+01
      vertex   -3.999995e+00 6.047372e+00 -1.034500e+02
      vertex   -3.999995e+00 7.088605e+00 -9.228445e+01
    endloop
  endfacet
  facet normal 1.000000e+00 0.000000e+00 0.000000e+00
    outer loop
      vertex   -3.999995e+00 7.088605e+00 -9.228445e+01
      vertex   -3.999995e+00 6.047372e+00 -1.034500e+02
      vertex   -3.999995e+00 6.222183e+00 -1.032222e+02
    endloop
  endfacet
  facet normal 1.000000e+00 0.000000e+00 0.000000e+00
    outer loop
      vertex   -3.999995e+00 7.088605e+00 -9.228445e+01
      vertex   -3.999995e+00 6.222183e+00 -1.032222e+02
      vertex   -3.999995e+00 6.450000e+00 -1.030474e+02
    endloop
  endfacet
  facet normal 1.000000e+00 -5.551112e-17 1.264814e-15
    outer loop
      vertex   -3.999995e+00 1.600000e+01 -1.110000e+02
      vertex   -3.999995e+00 7.284701e+00 -1.050625e+02
      vertex   -3.999995e+00 0.000000e+00 -1.110000e+02
    endloop
  endfacet
  facet normal 1.000000e+00 -1.878999e-16 1.427241e-15
    outer loop
      vertex   -3.999995e+00 0.000000e+00 -1.110000e+02
      vertex   -3.999995e+00 7.284701e+00 -1.050625e+02
      vertex   -3.999995e+00 7.000000e+00 -1.051000e+02
    endloop
  endfacet
  facet normal 1.000000e+00 1.371308e-16 1.041612e-15
    outer loop
      vertex   -3.999995e+00 0.000000e+00 -1.110000e+02
      vertex   -3.999995e+00 7.000000e+00 -1.051000e+02
      vertex   -3.999995e+00 6.715299e+00 -1.050625e+02
    endloop
  endfacet
  facet normal 1.000000e+00 -9.025440e-16 1.233581e-16
    outer loop
      vertex   -3.999995e+00 1.600000e+01 -1.038000e+02
      vertex   -3.999995e+00 8.100000e+00 -1.040000e+02
      vertex   -3.999995e+00 1.600000e+01 -1.110000e+02
    endloop
  endfacet
  facet normal 1.000000e+00 -9.061433e-16 1.192960e-16
    outer loop
      vertex   -3.999995e+00 1.600000e+01 -1.110000e+02
      vertex   -3.999995e+00 8.100000e+00 -1.040000e+02
      vertex   -3.999995e+00 8.062518e+00 -1.042847e+02
    endloop
  endfacet
  facet normal 1.000000e+00 -7.457382e-16 3.088949e-16
    outer loop
      vertex   -3.999995e+00 1.600000e+01 -1.110000e+02
      vertex   -3.999995e+00 8.062518e+00 -1.042847e+02
      vertex   -3.999995e+00 7.952628e+00 -1.045500e+02
    endloop
  endfacet
  facet normal 1.000000e+00 1.770597e-22 1.370539e-07
    outer loop
      vertex   -3.999995e+00 1.600000e+01 -1.038000e+02
      vertex   -3.999995e+00 2.699998e+01 -1.038000e+02
      vertex   -4.000000e+00 2.700000e+01 -7.140000e+01
    endloop
  endfacet
  facet normal 9.999775e-01 6.708159e-03 1.328980e-07
    outer loop
      vertex   -4.000000e+00 2.700000e+01 -7.140000e+01
      vertex   -3.999995e+00 2.699998e+01 -1.038000e+02
      vertex   -3.999995e+00 2.700000e+01 -1.048124e+02
    endloop
  endfacet
  facet normal 1.000000e+00 4.428101e-11 4.719532e-25
    outer loop
      vertex   -3.999995e+00 2.700000e+01 -1.048124e+02
      vertex   -3.999995e+00 2.699998e+01 -1.038000e+02
      vertex   -3.999995e+00 2.699998e+01 -1.048000e+02
    endloop
  endfacet
  facet normal 1.000000e+00 2.612086e-07 0.000000e+00
    outer loop
      vertex   -4.000000e+00 2.700000e+01 -4.880000e+01
      vertex   -3.999995e+00 1.000000e+01 -5.050000e+01
      vertex   -4.000000e+00 2.700000e+01 -6.220000e+01
    endloop
  endfacet
  facet normal 1.000000e+00 2.612086e-07 4.440892e-17
    outer loop
      vertex   -4.000000e+00 2.700000e+01 -6.220000e+01
      vertex   -3.999995e+00 1.000000e+01 -5.050000e+01
      vertex   -3.999995e+00 1.000000e+01 -6.050000e+01
    endloop
  endfacet
  facet normal 1.000000e+00 2.629233e-07 1.714717e-08
    outer loop
      vertex   -4.000000e+00 2.700000e+01 -6.220000e+01
      vertex   -3.999995e+00 1.000000e+01 -6.050000e+01
      vertex   -3.999995e+00 1.150000e+01 -8.350000e+01
    endloop
  endfacet
  facet normal 1.000000e+00 2.629233e-07 -1.714717e-08
    outer loop
      vertex   -3.999995e+00 1.000000e+01 -5.050000e+01
      vertex   -4.000000e+00 2.700000e+01 -4.880000e+01
      vertex   -3.999995e+00 1.150000e+01 -2.750000e+01
    endloop
  endfacet
  facet normal 1.000000e+00 2.864868e-07 -9.654113e-17
    outer loop
      vertex   -3.999995e+00 1.150000e+01 -2.750000e+01
      vertex   -4.000000e+00 2.700000e+01 -4.880000e+01
      vertex   -4.000000e+00 2.700000e+01 -3.960000e+01
    endloop
  endfacet
  facet normal 1.000000e+00 2.442240e-07 -5.413833e-08
    outer loop
      vertex   -3.999995e+00 1.150000e+01 -2.750000e+01
      vertex   -4.000000e+00 2.700000e+01 -3.960000e+01
      vertex   -3.999995e+00 1.600000e+01 -7.200000e+00
    endloop
  endfacet
  facet normal 1.000000e+00 -1.106621e-22 -1.370539e-07
    outer loop
      vertex   -3.999995e+00 1.600000e+01 -7.200000e+00
      vertex   -4.000000e+00 2.700000e+01 -3.960000e+01
      vertex   -3.999995e+00 2.700000e+01 -7.200000e+00
    endloop
  endfacet
  facet normal 1.000000e+00 -5.465233e-17 6.167906e-17
    outer loop
      vertex   -3.999995e+00 1.600000e+01 0.000000e+00
      vertex   -3.999995e+00 8.100000e+00 -7.000000e+00
      vertex   -3.999995e+00 1.600000e+01 -7.200000e+00
    endloop
  endfacet
  facet normal 1.000000e+00 -5.634938e-17 -5.354555e-18
    outer loop
      vertex   -3.999995e+00 1.600000e+01 -7.200000e+00
      vertex   -3.999995e+00 8.100000e+00 -7.000000e+00
      vertex   -3.999995e+00 9.213360e+00 -1.871660e+01
    endloop
  endfacet
  facet normal 1.000000e+00 -5.348650e-17 -7.041631e-18
    outer loop
      vertex   -3.999995e+00 1.600000e+01 -7.200000e+00
      vertex   -3.999995e+00 9.213360e+00 -1.871660e+01
      vertex   -3.999995e+00 9.250842e+00 -1.900130e+01
    endloop
  endfacet
  facet normal 1.000000e+00 -0.000000e+00 0.000000e+00
    outer loop
      vertex   -3.999995e+00 0.000000e+00 -4.291534e-07
      vertex   -3.999995e+00 7.284701e+00 -5.937482e+00
      vertex   -3.999995e+00 1.600000e+01 0.000000e+00
    endloop
  endfacet
  facet normal 1.000000e+00 0.000000e+00 0.000000e+00
    outer loop
      vertex   -3.999995e+00 1.600000e+01 0.000000e+00
      vertex   -3.999995e+00 7.284701e+00 -5.937482e+00
      vertex   -3.999995e+00 7.550000e+00 -6.047372e+00
    endloop
  endfacet
  facet normal 1.000000e+00 0.000000e+00 0.000000e+00
    outer loop
      vertex   -3.999995e+00 1.600000e+01 0.000000e+00
      vertex   -3.999995e+00 7.550000e+00 -6.047372e+00
      vertex   -3.999995e+00 7.777817e+00 -6.222183e+00
    endloop
  endfacet
  facet normal 1.000000e+00 7.952988e-17 6.703233e-17
    outer loop
      vertex   -3.999995e+00 0.000000e+00 -2.650000e+01
      vertex   -3.999995e+00 5.900000e+00 -7.000000e+00
      vertex   -3.999995e+00 0.000000e+00 -4.291534e-07
    endloop
  endfacet
  facet normal 1.000000e+00 0.000000e+00 0.000000e+00
    outer loop
      vertex   -3.999995e+00 0.000000e+00 -4.291534e-07
      vertex   -3.999995e+00 5.900000e+00 -7.000000e+00
      vertex   -3.999995e+00 5.937482e+00 -6.715299e+00
    endloop
  endfacet
  facet normal 1.000000e+00 0.000000e+00 0.000000e+00
    outer loop
      vertex   -3.999995e+00 0.000000e+00 -4.291534e-07
      vertex   -3.999995e+00 5.937482e+00 -6.715299e+00
      vertex   -3.999995e+00 6.047372e+00 -6.450000e+00
    endloop
  endfacet
  facet normal 1.000000e+00 -3.861648e-17 3.162010e-16
    outer loop
      vertex   -3.999995e+00 1.150000e+01 -2.650000e+01
      vertex   -3.999995e+00 7.600842e+00 -1.995393e+01
      vertex   -3.999995e+00 0.000000e+00 -2.650000e+01
    endloop
  endfacet
  facet normal 1.000000e+00 1.101149e-16 1.435045e-16
    outer loop
      vertex   -3.999995e+00 0.000000e+00 -2.650000e+01
      vertex   -3.999995e+00 7.600842e+00 -1.995393e+01
      vertex   -3.999995e+00 7.373025e+00 -1.977912e+01
    endloop
  endfacet
  facet normal 1.000000e+00 1.417667e-16 1.087814e-16
    outer loop
      vertex   -3.999995e+00 0.000000e+00 -2.650000e+01
      vertex   -3.999995e+00 7.373025e+00 -1.977912e+01
      vertex   -3.999995e+00 7.198214e+00 -1.955130e+01
    endloop
  endfacet
  facet normal 1.000000e+00 3.947460e-16 -0.000000e+00
    outer loop
      vertex   -3.999995e+00 1.150000e+01 -2.750000e+01
      vertex   -3.999995e+00 1.600000e+01 -7.200000e+00
      vertex   -3.999995e+00 1.150000e+01 -2.650000e+01
    endloop
  endfacet
  facet normal 1.000000e+00 -3.828015e-16 1.812935e-16
    outer loop
      vertex   -3.999995e+00 1.150000e+01 -2.650000e+01
      vertex   -3.999995e+00 1.600000e+01 -7.200000e+00
      vertex   -3.999995e+00 9.250842e+00 -1.900130e+01
    endloop
  endfacet
  facet normal 1.000000e+00 -6.860893e-16 9.032537e-17
    outer loop
      vertex   -3.999995e+00 1.150000e+01 -2.650000e+01
      vertex   -3.999995e+00 9.250842e+00 -1.900130e+01
      vertex   -3.999995e+00 9.213360e+00 -1.928600e+01
    endloop
  endfacet
  facet normal 1.000000e+00 -0.000000e+00 3.670159e-17
    outer loop
      vertex   -3.999995e+00 1.000000e+00 -2.750000e+01
      vertex   -3.999995e+00 1.000000e+00 -3.960000e+01
      vertex   -3.999995e+00 1.150000e+01 -2.750000e+01
    endloop
  endfacet
  facet normal 1.000000e+00 -2.644453e-17 5.964933e-17
    outer loop
      vertex   -3.999995e+00 1.150000e+01 -2.750000e+01
      vertex   -3.999995e+00 1.000000e+00 -3.960000e+01
      vertex   -3.999995e+00 1.000000e+01 -5.050000e+01
    endloop
  endfacet
  facet normal 1.000000e+00 -4.440546e-06 -9.654113e-17
    outer loop
      vertex   -4.000000e+00 0.000000e+00 -3.960000e+01
      vertex   -4.000000e+00 0.000000e+00 -4.880000e+01
      vertex   -3.999995e+00 1.000000e+00 -3.960000e+01
    endloop
  endfacet
  facet normal 1.000000e+00 -4.440546e-06 9.654113e-17
    outer loop
      vertex   -3.999995e+00 1.000000e+00 -3.960000e+01
      vertex   -4.000000e+00 0.000000e+00 -4.880000e+01
      vertex   -3.999995e+00 1.000000e+00 -4.880000e+01
    endloop
  endfacet
  facet normal 1.000000e+00 1.823555e-17 9.654113e-17
    outer loop
      vertex   -3.999995e+00 1.000000e+00 -3.960000e+01
      vertex   -3.999995e+00 1.000000e+00 -4.880000e+01
      vertex   -3.999995e+00 1.000000e+01 -5.050000e+01
    endloop
  endfacet
  facet normal 1.000000e+00 4.934325e-17 2.612290e-16
    outer loop
      vertex   -3.999995e+00 1.000000e+01 -5.050000e+01
      vertex   -3.999995e+00 1.000000e+00 -4.880000e+01
      vertex   -3.999995e+00 1.000000e+00 -5.050000e+01
    endloop
  endfacet
  facet normal 1.000000e+00 1.746239e-14 1.641661e-14
    outer loop
      vertex   -3.999995e+00 7.050843e+00 -9.200000e+01
      vertex   -3.999995e+00 7.088605e+00 -9.171555e+01
      vertex   -3.999995e+00 0.000000e+00 -8.450000e+01
    endloop
  endfacet
  facet normal 1.000000e+00 5.284218e-16 -2.194285e-16
    outer loop
      vertex   -3.999995e+00 0.000000e+00 -8.450000e+01
      vertex   -3.999995e+00 7.088605e+00 -9.171555e+01
      vertex   -3.999995e+00 7.198648e+00 -9.145055e+01
    endloop
  endfacet
  facet normal 1.000000e+00 4.249791e-16 -3.265637e-16
    outer loop
      vertex   -3.999995e+00 0.000000e+00 -8.450000e+01
      vertex   -3.999995e+00 7.198648e+00 -9.145055e+01
      vertex   -3.999995e+00 7.373484e+00 -9.122302e+01
    endloop
  endfacet
  facet normal 1.000000e+00 3.300953e-16 -4.306275e-16
    outer loop
      vertex   -3.999995e+00 7.373484e+00 -9.122302e+01
      vertex   -3.999995e+00 7.601217e+00 -9.104846e+01
      vertex   -3.999995e+00 0.000000e+00 -8.450000e+01
    endloop
  endfacet
  facet normal 1.000000e+00 -1.024646e-16 -7.788888e-16
    outer loop
      vertex   -3.999995e+00 8.150842e+00 -9.090130e+01
      vertex   -3.999995e+00 8.435334e+00 -9.093873e+01
      vertex   -3.999995e+00 1.150000e+01 -8.450000e+01
    endloop
  endfacet
  facet normal 1.000000e+00 -2.861688e-16 -6.914504e-16
    outer loop
      vertex   -3.999995e+00 1.150000e+01 -8.450000e+01
      vertex   -3.999995e+00 8.435334e+00 -9.093873e+01
      vertex   -3.999995e+00 8.700467e+00 -9.104846e+01
    endloop
  endfacet
  facet normal 1.000000e+00 -4.698382e-16 -6.129298e-16
    outer loop
      vertex   -3.999995e+00 1.150000e+01 -8.450000e+01
      vertex   -3.999995e+00 8.700467e+00 -9.104846e+01
      vertex   -3.999995e+00 8.928200e+00 -9.122302e+01
    endloop
  endfacet
  facet normal 1.000000e+00 -6.886951e-16 -5.292091e-16
    outer loop
      vertex   -3.999995e+00 8.928200e+00 -9.122302e+01
      vertex   -3.999995e+00 9.103036e+00 -9.145055e+01
      vertex   -3.999995e+00 1.150000e+01 -8.450000e+01
    endloop
  endfacet
  facet normal 1.000000e+00 -1.008683e-15 -4.188581e-16
    outer loop
      vertex   -3.999995e+00 1.150000e+01 -8.450000e+01
      vertex   -3.999995e+00 9.103036e+00 -9.145055e+01
      vertex   -3.999995e+00 9.213080e+00 -9.171555e+01
    endloop
  endfacet
  facet normal 1.000000e+00 -4.330324e-14 1.298612e-14
    outer loop
      vertex   -3.999995e+00 1.150000e+01 -8.450000e+01
      vertex   -3.999995e+00 9.213080e+00 -9.171555e+01
      vertex   -3.999995e+00 9.250841e+00 -9.200000e+01
    endloop
  endfacet
  facet normal 1.000000e+00 -1.726657e-16 5.178035e-17
    outer loop
      vertex   -3.999995e+00 1.150000e+01 -8.450000e+01
      vertex   -3.999995e+00 9.250841e+00 -9.200000e+01
      vertex   -3.999995e+00 1.600000e+01 -1.038000e+02
    endloop
  endfacet
  facet normal 1.000000e+00 -2.679850e-14 -1.517720e-14
    outer loop
      vertex   -3.999995e+00 1.600000e+01 -1.038000e+02
      vertex   -3.999995e+00 9.250841e+00 -9.200000e+01
      vertex   -3.999995e+00 9.213080e+00 -9.228445e+01
    endloop
  endfacet
  facet normal 1.000000e+00 -9.015896e-16 8.565885e-17
    outer loop
      vertex   -3.999995e+00 1.600000e+01 -1.038000e+02
      vertex   -3.999995e+00 9.213080e+00 -9.228445e+01
      vertex   -3.999995e+00 8.100000e+00 -1.040000e+02
    endloop
  endfacet
  facet normal 1.000000e+00 0.000000e+00 0.000000e+00
    outer loop
      vertex   -3.999995e+00 8.100000e+00 -1.040000e+02
      vertex   -3.999995e+00 9.213080e+00 -9.228445e+01
      vertex   -3.999995e+00 9.103036e+00 -9.254945e+01
    endloop
  endfacet
  facet normal 1.000000e+00 0.000000e+00 -0.000000e+00
    outer loop
      vertex   -3.999995e+00 8.100000e+00 -1.040000e+02
      vertex   -3.999995e+00 9.103036e+00 -9.254945e+01
      vertex   -3.999995e+00 8.062518e+00 -1.037153e+02
    endloop
  endfacet
  facet normal 1.000000e+00 0.000000e+00 0.000000e+00
    outer loop
      vertex   -3.999995e+00 8.062518e+00 -1.037153e+02
      vertex   -3.999995e+00 9.103036e+00 -9.254945e+01
      vertex   -3.999995e+00 8.928200e+00 -9.277698e+01
    endloop
  endfacet
  facet normal 1.000000e+00 0.000000e+00 0.000000e+00
    outer loop
      vertex   -3.999995e+00 8.062518e+00 -1.037153e+02
      vertex   -3.999995e+00 8.928200e+00 -9.277698e+01
      vertex   -3.999995e+00 8.700467e+00 -9.295154e+01
    endloop
  endfacet
  facet normal 1.000000e+00 0.000000e+00 -0.000000e+00
    outer loop
      vertex   -3.999995e+00 8.062518e+00 -1.037153e+02
      vertex   -3.999995e+00 8.700467e+00 -9.295154e+01
      vertex   -3.999995e+00 7.952628e+00 -1.034500e+02
    endloop
  endfacet
  facet normal 1.000000e+00 0.000000e+00 0.000000e+00
    outer loop
      vertex   -3.999995e+00 7.952628e+00 -1.034500e+02
      vertex   -3.999995e+00 8.700467e+00 -9.295154e+01
      vertex   -3.999995e+00 8.435334e+00 -9.306127e+01
    endloop
  endfacet
  facet normal 1.000000e+00 0.000000e+00 0.000000e+00
    outer loop
      vertex   -3.999995e+00 7.952628e+00 -1.034500e+02
      vertex   -3.999995e+00 8.435334e+00 -9.306127e+01
      vertex   -3.999995e+00 8.150842e+00 -9.309870e+01
    endloop
  endfacet
  facet normal 1.000000e+00 0.000000e+00 -0.000000e+00
    outer loop
      vertex   -3.999995e+00 7.952628e+00 -1.034500e+02
      vertex   -3.999995e+00 8.150842e+00 -9.309870e+01
      vertex   -3.999995e+00 7.777817e+00 -1.032222e+02
    endloop
  endfacet
  facet normal 1.000000e+00 0.000000e+00 0.000000e+00
    outer loop
      vertex   -3.999995e+00 7.777817e+00 -1.032222e+02
      vertex   -3.999995e+00 8.150842e+00 -9.309870e+01
      vertex   -3.999995e+00 7.866350e+00 -9.306127e+01
    endloop
  endfacet
  facet normal 1.000000e+00 0.000000e+00 -0.000000e+00
    outer loop
      vertex   -3.999995e+00 7.777817e+00 -1.032222e+02
      vertex   -3.999995e+00 7.866350e+00 -9.306127e+01
      vertex   -3.999995e+00 7.550000e+00 -1.030474e+02
    endloop
  endfacet
  facet normal 1.000000e+00 0.000000e+00 0.000000e+00
    outer loop
      vertex   -3.999995e+00 7.550000e+00 -1.030474e+02
      vertex   -3.999995e+00 7.866350e+00 -9.306127e+01
      vertex   -3.999995e+00 7.601217e+00 -9.295154e+01
    endloop
  endfacet
  facet normal 1.000000e+00 0.000000e+00 -0.000000e+00
    outer loop
      vertex   -3.999995e+00 7.550000e+00 -1.030474e+02
      vertex   -3.999995e+00 7.601217e+00 -9.295154e+01
      vertex   -3.999995e+00 7.284701e+00 -1.029375e+02
    endloop
  endfacet
  facet normal 1.000000e+00 0.000000e+00 0.000000e+00
    outer loop
      vertex   -3.999995e+00 7.284701e+00 -1.029375e+02
      vertex   -3.999995e+00 7.601217e+00 -9.295154e+01
      vertex   -3.999995e+00 7.373484e+00 -9.277698e+01
    endloop
  endfacet
  facet normal 1.000000e+00 0.000000e+00 -0.000000e+00
    outer loop
      vertex   -3.999995e+00 7.284701e+00 -1.029375e+02
      vertex   -3.999995e+00 7.373484e+00 -9.277698e+01
      vertex   -3.999995e+00 7.000000e+00 -1.029000e+02
    endloop
  endfacet
  facet normal 1.000000e+00 0.000000e+00 0.000000e+00
    outer loop
      vertex   -3.999995e+00 7.000000e+00 -1.029000e+02
      vertex   -3.999995e+00 7.373484e+00 -9.277698e+01
      vertex   -3.999995e+00 7.198648e+00 -9.254945e+01
    endloop
  endfacet
  facet normal 1.000000e+00 0.000000e+00 -0.000000e+00
    outer loop
      vertex   -3.999995e+00 7.000000e+00 -1.029000e+02
      vertex   -3.999995e+00 7.198648e+00 -9.254945e+01
      vertex   -3.999995e+00 6.715299e+00 -1.029375e+02
    endloop
  endfacet
  facet normal 1.000000e+00 0.000000e+00 -0.000000e+00
    outer loop
      vertex   -3.999995e+00 6.715299e+00 -1.029375e+02
      vertex   -3.999995e+00 7.198648e+00 -9.254945e+01
      vertex   -3.999995e+00 6.450000e+00 -1.030474e+02
    endloop
  endfacet
  facet normal 1.000000e+00 0.000000e+00 0.000000e+00
    outer loop
      vertex   -3.999995e+00 6.450000e+00 -1.030474e+02
      vertex   -3.999995e+00 7.198648e+00 -9.254945e+01
      vertex   -3.999995e+00 7.088605e+00 -9.228445e+01
    endloop
  endfacet
  facet normal 1.000000e+00 3.138898e-15 1.459094e-16
    outer loop
      vertex   -3.999995e+00 8.435543e+00 -1.793878e+01
      vertex   -3.999995e+00 7.952628e+00 -7.550000e+00
      vertex   -3.999995e+00 8.150842e+00 -1.790130e+01
    endloop
  endfacet
  facet normal 1.000000e+00 -1.090988e-16 8.371446e-17
    outer loop
      vertex   -3.999995e+00 8.150842e+00 -1.790130e+01
      vertex   -3.999995e+00 7.952628e+00 -7.550000e+00
      vertex   -3.999995e+00 7.777817e+00 -7.777817e+00
    endloop
  endfacet
  facet normal 1.000000e+00 -3.116123e-15 -2.708673e-17
    outer loop
      vertex   -3.999995e+00 8.150842e+00 -1.790130e+01
      vertex   -3.999995e+00 7.777817e+00 -7.777817e+00
      vertex   -3.999995e+00 7.866141e+00 -1.793878e+01
    endloop
  endfacet
  facet normal 1.000000e+00 0.000000e+00 0.000000e+00
    outer loop
      vertex   -3.999995e+00 7.866141e+00 -1.793878e+01
      vertex   -3.999995e+00 7.777817e+00 -7.777817e+00
      vertex   -3.999995e+00 7.550000e+00 -7.952628e+00
    endloop
  endfacet
  facet normal 1.000000e+00 0.000000e+00 0.000000e+00
    outer loop
      vertex   -3.999995e+00 7.866141e+00 -1.793878e+01
      vertex   -3.999995e+00 7.550000e+00 -7.952628e+00
      vertex   -3.999995e+00 7.600842e+00 -1.804867e+01
    endloop
  endfacet
  facet normal 1.000000e+00 0.000000e+00 0.000000e+00
    outer loop
      vertex   -3.999995e+00 7.600842e+00 -1.804867e+01
      vertex   -3.999995e+00 7.550000e+00 -7.952628e+00
      vertex   -3.999995e+00 7.284701e+00 -8.062518e+00
    endloop
  endfacet
  facet normal 1.000000e+00 0.000000e+00 0.000000e+00
    outer loop
      vertex   -3.999995e+00 7.600842e+00 -1.804867e+01
      vertex   -3.999995e+00 7.284701e+00 -8.062518e+00
      vertex   -3.999995e+00 7.373025e+00 -1.822348e+01
    endloop
  endfacet
  facet normal 1.000000e+00 0.000000e+00 0.000000e+00
    outer loop
      vertex   -3.999995e+00 7.373025e+00 -1.822348e+01
      vertex   -3.999995e+00 7.284701e+00 -8.062518e+00
      vertex   -3.999995e+00 7.000000e+00 -8.100000e+00
    endloop
  endfacet
  facet normal 1.000000e+00 0.000000e+00 0.000000e+00
    outer loop
      vertex   -3.999995e+00 7.373025e+00 -1.822348e+01
      vertex   -3.999995e+00 7.000000e+00 -8.100000e+00
      vertex   -3.999995e+00 7.198214e+00 -1.845130e+01
    endloop
  endfacet
  facet normal 1.000000e+00 0.000000e+00 0.000000e+00
    outer loop
      vertex   -3.999995e+00 7.198214e+00 -1.845130e+01
      vertex   -3.999995e+00 7.000000e+00 -8.100000e+00
      vertex   -3.999995e+00 6.715299e+00 -8.062518e+00
    endloop
  endfacet
  facet normal 1.000000e+00 0.000000e+00 0.000000e+00
    outer loop
      vertex   -3.999995e+00 7.198214e+00 -1.845130e+01
      vertex   -3.999995e+00 6.715299e+00 -8.062518e+00
      vertex   -3.999995e+00 6.450000e+00 -7.952628e+00
    endloop
  endfacet
  facet normal 1.000000e+00 -0.000000e+00 -0.000000e+00
    outer loop
      vertex   -3.999995e+00 8.435543e+00 -1.793878e+01
      vertex   -3.999995e+00 8.700842e+00 -1.804867e+01
      vertex   -3.999995e+00 7.952628e+00 -7.550000e+00
    endloop
  endfacet
  facet normal 1.000000e+00 -0.000000e+00 0.000000e+00
    outer loop
      vertex   -3.999995e+00 7.952628e+00 -7.550000e+00
      vertex   -3.999995e+00 8.700842e+00 -1.804867e+01
      vertex   -3.999995e+00 8.062518e+00 -7.284701e+00
    endloop
  endfacet
  facet normal 1.000000e+00 0.000000e+00 0.000000e+00
    outer loop
      vertex   -3.999995e+00 8.062518e+00 -7.284701e+00
      vertex   -3.999995e+00 8.700842e+00 -1.804867e+01
      vertex   -3.999995e+00 8.928660e+00 -1.822348e+01
    endloop
  endfacet
  facet normal 1.000000e+00 0.000000e+00 0.000000e+00
    outer loop
      vertex   -3.999995e+00 8.062518e+00 -7.284701e+00
      vertex   -3.999995e+00 8.928660e+00 -1.822348e+01
      vertex   -3.999995e+00 9.103470e+00 -1.845130e+01
    endloop
  endfacet
  facet normal 1.000000e+00 -0.000000e+00 0.000000e+00
    outer loop
      vertex   -3.999995e+00 8.062518e+00 -7.284701e+00
      vertex   -3.999995e+00 9.103470e+00 -1.845130e+01
      vertex   -3.999995e+00 8.100000e+00 -7.000000e+00
    endloop
  endfacet
  facet normal 1.000000e+00 0.000000e+00 0.000000e+00
    outer loop
      vertex   -3.999995e+00 8.100000e+00 -7.000000e+00
      vertex   -3.999995e+00 9.103470e+00 -1.845130e+01
      vertex   -3.999995e+00 9.213360e+00 -1.871660e+01
    endloop
  endfacet
  facet normal 1.000000e+00 -4.209556e-16 1.743655e-16
    outer loop
      vertex   -3.999995e+00 9.213360e+00 -1.928600e+01
      vertex   -3.999995e+00 9.103470e+00 -1.955130e+01
      vertex   -3.999995e+00 1.150000e+01 -2.650000e+01
    endloop
  endfacet
  facet normal 1.000000e+00 -2.873079e-16 2.204591e-16
    outer loop
      vertex   -3.999995e+00 1.150000e+01 -2.650000e+01
      vertex   -3.999995e+00 9.103470e+00 -1.955130e+01
      vertex   -3.999995e+00 8.928660e+00 -1.977912e+01
    endloop
  endfacet
  facet normal 1.000000e+00 -1.959765e-16 2.554016e-16
    outer loop
      vertex   -3.999995e+00 1.150000e+01 -2.650000e+01
      vertex   -3.999995e+00 8.928660e+00 -1.977912e+01
      vertex   -3.999995e+00 8.700842e+00 -1.995393e+01
    endloop
  endfacet
  facet normal 1.000000e+00 -1.193610e-16 2.881630e-16
    outer loop
      vertex   -3.999995e+00 8.700842e+00 -1.995393e+01
      vertex   -3.999995e+00 8.435543e+00 -2.006382e+01
      vertex   -3.999995e+00 1.150000e+01 -2.650000e+01
    endloop
  endfacet
  facet normal 1.000000e+00 -4.274025e-17 3.246445e-16
    outer loop
      vertex   -3.999995e+00 1.150000e+01 -2.650000e+01
      vertex   -3.999995e+00 8.435543e+00 -2.006382e+01
      vertex   -3.999995e+00 8.150842e+00 -2.010130e+01
    endloop
  endfacet
  facet normal 1.000000e+00 4.906653e-17 3.726973e-16
    outer loop
      vertex   -3.999995e+00 1.150000e+01 -2.650000e+01
      vertex   -3.999995e+00 8.150842e+00 -2.010130e+01
      vertex   -3.999995e+00 7.866141e+00 -2.006382e+01
    endloop
  endfacet
  facet normal 1.000000e+00 1.865223e-16 4.503046e-16
    outer loop
      vertex   -3.999995e+00 7.866141e+00 -2.006382e+01
      vertex   -3.999995e+00 7.600842e+00 -1.995393e+01
      vertex   -3.999995e+00 1.150000e+01 -2.650000e+01
    endloop
  endfacet
  facet normal 1.000000e+00 1.762878e-16 7.302079e-17
    outer loop
      vertex   -3.999995e+00 7.198214e+00 -1.955130e+01
      vertex   -3.999995e+00 7.088324e+00 -1.928600e+01
      vertex   -3.999995e+00 0.000000e+00 -2.650000e+01
    endloop
  endfacet
  facet normal 1.000000e+00 2.209931e-16 2.909429e-17
    outer loop
      vertex   -3.999995e+00 0.000000e+00 -2.650000e+01
      vertex   -3.999995e+00 7.088324e+00 -1.928600e+01
      vertex   -3.999995e+00 7.050842e+00 -1.900130e+01
    endloop
  endfacet
  facet normal 1.000000e+00 2.288117e-16 2.174265e-17
    outer loop
      vertex   -3.999995e+00 0.000000e+00 -2.650000e+01
      vertex   -3.999995e+00 7.050842e+00 -1.900130e+01
      vertex   -3.999995e+00 5.937482e+00 -7.284701e+00
    endloop
  endfacet
  facet normal 1.000000e+00 0.000000e+00 0.000000e+00
    outer loop
      vertex   -3.999995e+00 5.937482e+00 -7.284701e+00
      vertex   -3.999995e+00 7.050842e+00 -1.900130e+01
      vertex   -3.999995e+00 6.047372e+00 -7.550000e+00
    endloop
  endfacet
  facet normal 1.000000e+00 0.000000e+00 0.000000e+00
    outer loop
      vertex   -3.999995e+00 6.047372e+00 -7.550000e+00
      vertex   -3.999995e+00 7.050842e+00 -1.900130e+01
      vertex   -3.999995e+00 7.088324e+00 -1.871660e+01
    endloop
  endfacet
  facet normal 1.000000e+00 0.000000e+00 0.000000e+00
    outer loop
      vertex   -3.999995e+00 6.047372e+00 -7.550000e+00
      vertex   -3.999995e+00 7.088324e+00 -1.871660e+01
      vertex   -3.999995e+00 6.222183e+00 -7.777817e+00
    endloop
  endfacet
  facet normal 1.000000e+00 0.000000e+00 0.000000e+00
    outer loop
      vertex   -3.999995e+00 6.222183e+00 -7.777817e+00
      vertex   -3.999995e+00 7.088324e+00 -1.871660e+01
      vertex   -3.999995e+00 6.450000e+00 -7.952628e+00
    endloop
  endfacet
  facet normal 1.000000e+00 0.000000e+00 0.000000e+00
    outer loop
      vertex   -3.999995e+00 6.450000e+00 -7.952628e+00
      vertex   -3.999995e+00 7.088324e+00 -1.871660e+01
      vertex   -3.999995e+00 7.198214e+00 -1.845130e+01
    endloop
  endfacet
  facet normal 1.000000e+00 0.000000e+00 -0.000000e+00
    outer loop
      vertex   -3.999995e+00 6.715299e+00 -5.937482e+00
      vertex   -3.999995e+00 7.000000e+00 -5.900000e+00
      vertex   -3.999995e+00 0.000000e+00 -4.291534e-07
    endloop
  endfacet
  facet normal 1.000000e+00 0.000000e+00 0.000000e+00
    outer loop
      vertex   -3.999995e+00 0.000000e+00 -4.291534e-07
      vertex   -3.999995e+00 7.000000e+00 -5.900000e+00
      vertex   -3.999995e+00 7.284701e+00 -5.937482e+00
    endloop
  endfacet
  facet normal 1.000000e+00 -0.000000e+00 0.000000e+00
    outer loop
      vertex   -3.999995e+00 7.777817e+00 -6.222183e+00
      vertex   -3.999995e+00 7.952628e+00 -6.450000e+00
      vertex   -3.999995e+00 1.600000e+01 0.000000e+00
    endloop
  endfacet
  facet normal 1.000000e+00 0.000000e+00 0.000000e+00
    outer loop
      vertex   -3.999995e+00 1.600000e+01 0.000000e+00
      vertex   -3.999995e+00 7.952628e+00 -6.450000e+00
      vertex   -3.999995e+00 8.062518e+00 -6.715299e+00
    endloop
  endfacet
  facet normal 1.000000e+00 0.000000e+00 0.000000e+00
    outer loop
      vertex   -3.999995e+00 1.600000e+01 0.000000e+00
      vertex   -3.999995e+00 8.062518e+00 -6.715299e+00
      vertex   -3.999995e+00 8.100000e+00 -7.000000e+00
    endloop
  endfacet
  facet normal 1.000000e+00 2.097921e-16 2.761966e-17
    outer loop
      vertex   -3.999995e+00 5.937482e+00 -7.284701e+00
      vertex   -3.999995e+00 5.900000e+00 -7.000000e+00
      vertex   -3.999995e+00 0.000000e+00 -2.650000e+01
    endloop
  endfacet
  facet normal 1.000000e+00 0.000000e+00 -0.000000e+00
    outer loop
      vertex   -3.999995e+00 6.047372e+00 -6.450000e+00
      vertex   -3.999995e+00 6.222183e+00 -6.222183e+00
      vertex   -3.999995e+00 0.000000e+00 -4.291534e-07
    endloop
  endfacet
  facet normal 1.000000e+00 0.000000e+00 0.000000e+00
    outer loop
      vertex   -3.999995e+00 0.000000e+00 -4.291534e-07
      vertex   -3.999995e+00 6.222183e+00 -6.222183e+00
      vertex   -3.999995e+00 6.450000e+00 -6.047372e+00
    endloop
  endfacet
  facet normal 1.000000e+00 0.000000e+00 0.000000e+00
    outer loop
      vertex   -3.999995e+00 0.000000e+00 -4.291534e-07
      vertex   -3.999995e+00 6.450000e+00 -6.047372e+00
      vertex   -3.999995e+00 6.715299e+00 -5.937482e+00
    endloop
  endfacet
  facet normal 1.000000e+00 -6.150520e-16 4.719460e-16
    outer loop
      vertex   -3.999995e+00 7.952628e+00 -1.045500e+02
      vertex   -3.999995e+00 7.777817e+00 -1.047778e+02
      vertex   -3.999995e+00 1.600000e+01 -1.110000e+02
    endloop
  endfacet
  facet normal 1.000000e+00 -4.894716e-16 6.378918e-16
    outer loop
      vertex   -3.999995e+00 1.600000e+01 -1.110000e+02
      vertex   -3.999995e+00 7.777817e+00 -1.047778e+02
      vertex   -3.999995e+00 7.550000e+00 -1.049526e+02
    endloop
  endfacet
  facet normal 1.000000e+00 -3.467994e-16 8.372478e-16
    outer loop
      vertex   -3.999995e+00 1.600000e+01 -1.110000e+02
      vertex   -3.999995e+00 7.550000e+00 -1.049526e+02
      vertex   -3.999995e+00 7.284701e+00 -1.050625e+02
    endloop
  endfacet
  facet normal 1.000000e+00 3.375556e-16 8.149313e-16
    outer loop
      vertex   -3.999995e+00 6.715299e+00 -1.050625e+02
      vertex   -3.999995e+00 6.450000e+00 -1.049526e+02
      vertex   -3.999995e+00 0.000000e+00 -1.110000e+02
    endloop
  endfacet
  facet normal 1.000000e+00 4.958051e-16 6.461458e-16
    outer loop
      vertex   -3.999995e+00 0.000000e+00 -1.110000e+02
      vertex   -3.999995e+00 6.450000e+00 -1.049526e+02
      vertex   -3.999995e+00 6.222183e+00 -1.047778e+02
    endloop
  endfacet
  facet normal 1.000000e+00 6.461458e-16 4.958051e-16
    outer loop
      vertex   -3.999995e+00 0.000000e+00 -1.110000e+02
      vertex   -3.999995e+00 6.222183e+00 -1.047778e+02
      vertex   -3.999995e+00 6.047372e+00 -1.045500e+02
    endloop
  endfacet
  facet normal 1.000000e+00 8.149314e-16 3.375556e-16
    outer loop
      vertex   -3.999995e+00 6.047372e+00 -1.045500e+02
      vertex   -3.999995e+00 5.937482e+00 -1.042847e+02
      vertex   -3.999995e+00 0.000000e+00 -1.110000e+02
    endloop
  endfacet
  facet normal 1.000000e+00 1.041612e-15 1.371308e-16
    outer loop
      vertex   -3.999995e+00 0.000000e+00 -1.110000e+02
      vertex   -3.999995e+00 5.937482e+00 -1.042847e+02
      vertex   -3.999995e+00 5.900000e+00 -1.040000e+02
    endloop
  endfacet
  facet normal -0.000000e+00 9.913029e-01 1.316002e-01
    outer loop
      vertex   -4.999995e+00 7.050843e+00 -9.200000e+01
      vertex   -3.999995e+00 7.050843e+00 -9.200000e+01
      vertex   -4.999995e+00 7.088605e+00 -9.228445e+01
    endloop
  endfacet
  facet normal -0.000000e+00 9.913029e-01 1.316002e-01
    outer loop
      vertex   -4.999995e+00 7.088605e+00 -9.228445e+01
      vertex   -3.999995e+00 7.050843e+00 -9.200000e+01
      vertex   -3.999995e+00 7.088605e+00 -9.228445e+01
    endloop
  endfacet
  facet normal -0.000000e+00 9.235400e-01 3.835022e-01
    outer loop
      vertex   -4.999995e+00 7.088605e+00 -9.228445e+01
      vertex   -3.999995e+00 7.088605e+00 -9.228445e+01
      vertex   -4.999995e+00 7.198648e+00 -9.254945e+01
    endloop
  endfacet
  facet normal -0.000000e+00 9.235400e-01 3.835022e-01
    outer loop
      vertex   -4.999995e+00 7.198648e+00 -9.254945e+01
      vertex   -3.999995e+00 7.088605e+00 -9.228445e+01
      vertex   -3.999995e+00 7.198648e+00 -9.254945e+01
    endloop
  endfacet
  facet normal -0.000000e+00 7.929335e-01 6.093082e-01
    outer loop
      vertex   -4.999995e+00 7.198648e+00 -9.254945e+01
      vertex   -3.999995e+00 7.198648e+00 -9.254945e+01
      vertex   -4.999995e+00 7.373484e+00 -9.277698e+01
    endloop
  endfacet
  facet normal -0.000000e+00 7.929335e-01 6.093082e-01
    outer loop
      vertex   -4.999995e+00 7.373484e+00 -9.277698e+01
      vertex   -3.999995e+00 7.198648e+00 -9.254945e+01
      vertex   -3.999995e+00 7.373484e+00 -9.277698e+01
    endloop
  endfacet
  facet normal -0.000000e+00 6.083707e-01 7.936530e-01
    outer loop
      vertex   -4.999995e+00 7.373484e+00 -9.277698e+01
      vertex   -3.999995e+00 7.373484e+00 -9.277698e+01
      vertex   -4.999995e+00 7.601217e+00 -9.295154e+01
    endloop
  endfacet
  facet normal -0.000000e+00 6.083707e-01 7.936530e-01
    outer loop
      vertex   -4.999995e+00 7.601217e+00 -9.295154e+01
      vertex   -3.999995e+00 7.373484e+00 -9.277698e+01
      vertex   -3.999995e+00 7.601217e+00 -9.295154e+01
    endloop
  endfacet
  facet normal -0.000000e+00 3.824104e-01 9.239926e-01
    outer loop
      vertex   -4.999995e+00 7.601217e+00 -9.295154e+01
      vertex   -3.999995e+00 7.601217e+00 -9.295154e+01
      vertex   -4.999995e+00 7.866350e+00 -9.306127e+01
    endloop
  endfacet
  facet normal -0.000000e+00 3.824104e-01 9.239926e-01
    outer loop
      vertex   -4.999995e+00 7.866350e+00 -9.306127e+01
      vertex   -3.999995e+00 7.601217e+00 -9.295154e+01
      vertex   -3.999995e+00 7.866350e+00 -9.306127e+01
    endloop
  endfacet
  facet normal -0.000000e+00 1.304285e-01 9.914577e-01
    outer loop
      vertex   -4.999995e+00 7.866350e+00 -9.306127e+01
      vertex   -3.999995e+00 7.866350e+00 -9.306127e+01
      vertex   -4.999995e+00 8.150842e+00 -9.309870e+01
    endloop
  endfacet
  facet normal -0.000000e+00 1.304285e-01 9.914577e-01
    outer loop
      vertex   -4.999995e+00 8.150842e+00 -9.309870e+01
      vertex   -3.999995e+00 7.866350e+00 -9.306127e+01
      vertex   -3.999995e+00 8.150842e+00 -9.309870e+01
    endloop
  endfacet
  facet normal 0.000000e+00 -1.304285e-01 9.914577e-01
    outer loop
      vertex   -4.999995e+00 8.150842e+00 -9.309870e+01
      vertex   -3.999995e+00 8.150842e+00 -9.309870e+01
      vertex   -4.999995e+00 8.435334e+00 -9.306127e+01
    endloop
  endfacet
  facet normal 0.000000e+00 -1.304285e-01 9.914577e-01
    outer loop
      vertex   -4.999995e+00 8.435334e+00 -9.306127e+01
      vertex   -3.999995e+00 8.150842e+00 -9.309870e+01
      vertex   -3.999995e+00 8.435334e+00 -9.306127e+01
    endloop
  endfacet
  facet normal 0.000000e+00 -3.824104e-01 9.239926e-01
    outer loop
      vertex   -4.999995e+00 8.435334e+00 -9.306127e+01
      vertex   -3.999995e+00 8.435334e+00 -9.306127e+01
      vertex   -4.999995e+00 8.700467e+00 -9.295154e+01
    endloop
  endfacet
  facet normal 0.000000e+00 -3.824104e-01 9.239926e-01
    outer loop
      vertex   -4.999995e+00 8.700467e+00 -9.295154e+01
      vertex   -3.999995e+00 8.435334e+00 -9.306127e+01
      vertex   -3.999995e+00 8.700467e+00 -9.295154e+01
    endloop
  endfacet
  facet normal 0.000000e+00 -6.083707e-01 7.936530e-01
    outer loop
      vertex   -4.999995e+00 8.700467e+00 -9.295154e+01
      vertex   -3.999995e+00 8.700467e+00 -9.295154e+01
      vertex   -4.999995e+00 8.928200e+00 -9.277698e+01
    endloop
  endfacet
  facet normal 0.000000e+00 -6.083707e-01 7.936530e-01
    outer loop
      vertex   -4.999995e+00 8.928200e+00 -9.277698e+01
      vertex   -3.999995e+00 8.700467e+00 -9.295154e+01
      vertex   -3.999995e+00 8.928200e+00 -9.277698e+01
    endloop
  endfacet
  facet normal 0.000000e+00 -7.929335e-01 6.093082e-01
    outer loop
      vertex   -4.999995e+00 8.928200e+00 -9.277698e+01
      vertex   -3.999995e+00 8.928200e+00 -9.277698e+01
      vertex   -4.999995e+00 9.103036e+00 -9.254945e+01
    endloop
  endfacet
  facet normal 0.000000e+00 -7.929335e-01 6.093082e-01
    outer loop
      vertex   -4.999995e+00 9.103036e+00 -9.254945e+01
      vertex   -3.999995e+00 8.928200e+00 -9.277698e+01
      vertex   -3.999995e+00 9.103036e+00 -9.254945e+01
    endloop
  endfacet
  facet normal 0.000000e+00 -9.235400e-01 3.835022e-01
    outer loop
      vertex   -4.999995e+00 9.103036e+00 -9.254945e+01
      vertex   -3.999995e+00 9.103036e+00 -9.254945e+01
      vertex   -4.999995e+00 9.213080e+00 -9.228445e+01
    endloop
  endfacet
  facet normal 0.000000e+00 -9.235400e-01 3.835022e-01
    outer loop
      vertex   -4.999995e+00 9.213080e+00 -9.228445e+01
      vertex   -3.999995e+00 9.103036e+00 -9.254945e+01
      vertex   -3.999995e+00 9.213080e+00 -9.228445e+01
    endloop
  endfacet
  facet normal 0.000000e+00 -9.913029e-01 1.316002e-01
    outer loop
      vertex   -4.999995e+00 9.213080e+00 -9.228445e+01
      vertex   -3.999995e+00 9.213080e+00 -9.228445e+01
      vertex   -4.999995e+00 9.250841e+00 -9.200000e+01
    endloop
  endfacet
  facet normal 0.000000e+00 -9.913029e-01 1.316002e-01
    outer loop
      vertex   -4.999995e+00 9.250841e+00 -9.200000e+01
      vertex   -3.999995e+00 9.213080e+00 -9.228445e+01
      vertex   -3.999995e+00 9.250841e+00 -9.200000e+01
    endloop
  endfacet
  facet normal 1.604400e-16 -9.999987e-01 -1.612852e-03
    outer loop
      vertex   -3.999995e+00 2.700000e+01 -1.048124e+02
      vertex   -3.999995e+00 2.699998e+01 -1.048000e+02
      vertex   -4.999995e+00 2.700000e+01 -1.048124e+02
    endloop
  endfacet
  facet normal 0.000000e+00 -9.999987e-01 -1.612852e-03
    outer loop
      vertex   -4.999995e+00 2.700000e+01 -1.048124e+02
      vertex   -3.999995e+00 2.699998e+01 -1.048000e+02
      vertex   -4.999995e+00 2.699998e+01 -1.048000e+02
    endloop
  endfacet
  facet normal 0.000000e+00 -2.682209e-08 1.000000e+00
    outer loop
      vertex   -3.999995e+00 0.000000e+00 -4.291534e-07
      vertex   -3.999995e+00 1.600000e+01 0.000000e+00
      vertex   -4.999995e+00 0.000000e+00 -4.291534e-07
    endloop
  endfacet
  facet normal -2.524433e-08 -2.524432e-08 1.000000e+00
    outer loop
      vertex   -4.999995e+00 0.000000e+00 -4.291534e-07
      vertex   -3.999995e+00 1.600000e+01 0.000000e+00
      vertex   -4.999995e+00 1.700000e+01 0.000000e+00
    endloop
  endfacet
  facet normal -4.834133e-17 -4.834132e-17 1.000000e+00
    outer loop
      vertex   -4.999995e+00 1.700000e+01 0.000000e+00
      vertex   -3.999995e+00 1.600000e+01 0.000000e+00
      vertex   1.400000e+01 1.700000e+01 9.184851e-16
    endloop
  endfacet
  facet normal -5.402854e-17 5.402829e-17 1.000000e+00
    outer loop
      vertex   1.400000e+01 1.700000e+01 9.184851e-16
      vertex   -3.999995e+00 1.600000e+01 0.000000e+00
      vertex   1.300000e+01 1.600000e+01 9.184851e-16
    endloop
  endfacet
  facet normal 2.524444e-08 -2.524432e-08 1.000000e+00
    outer loop
      vertex   1.400000e+01 1.700000e+01 9.184851e-16
      vertex   1.300000e+01 1.600000e+01 9.184851e-16
      vertex   1.400000e+01 0.000000e+00 -4.291534e-07
    endloop
  endfacet
  facet normal 1.543679e-16 -2.682209e-08 1.000000e+00
    outer loop
      vertex   1.400000e+01 0.000000e+00 -4.291534e-07
      vertex   1.300000e+01 1.600000e+01 9.184851e-16
      vertex   1.300000e+01 0.000000e+00 -4.291534e-07
    endloop
  endfacet
  facet normal 0.000000e+00 0.000000e+00 -1.000000e+00
    outer loop
      vertex   1.300000e+01 1.600000e+01 -1.110000e+02
      vertex   -3.999995e+00 1.600000e+01 -1.110000e+02
      vertex   1.300000e+01 1.700000e+01 -1.110000e+02
    endloop
  endfacet
  facet normal -0.000000e+00 0.000000e+00 -1.000000e+00
    outer loop
      vertex   1.300000e+01 1.700000e+01 -1.110000e+02
      vertex   -3.999995e+00 1.600000e+01 -1.110000e+02
      vertex   -4.999995e+00 1.700000e+01 -1.110000e+02
    endloop
  endfacet
  facet normal -2.028198e-08 -2.028200e-08 -1.000000e+00
    outer loop
      vertex   -4.999995e+00 1.700000e+01 -1.110000e+02
      vertex   -3.999995e+00 1.600000e+01 -1.110000e+02
      vertex   -4.999995e+00 0.000000e+00 -1.110000e+02
    endloop
  endfacet
  facet normal 0.000000e+00 -2.154962e-08 -1.000000e+00
    outer loop
      vertex   -4.999995e+00 0.000000e+00 -1.110000e+02
      vertex   -3.999995e+00 1.600000e+01 -1.110000e+02
      vertex   -3.999995e+00 0.000000e+00 -1.110000e+02
    endloop
  endfacet
  facet normal 0.000000e+00 0.000000e+00 1.000000e+00
    outer loop
      vertex   5.200005e+00 1.000000e+00 -6.050000e+01
      vertex   -3.999995e+00 1.000000e+00 -6.050000e+01
      vertex   5.200005e+00 0.000000e+00 -6.050000e+01
    endloop
  endfacet
  facet normal 0.000000e+00 0.000000e+00 1.000000e+00
    outer loop
      vertex   5.200005e+00 0.000000e+00 -6.050000e+01
      vertex   -3.999995e+00 1.000000e+00 -6.050000e+01
      vertex   -4.999995e+00 0.000000e+00 -6.050000e+01
    endloop
  endfacet
  facet normal 0.000000e+00 0.000000e+00 1.000000e+00
    outer loop
      vertex   -4.999995e+00 0.000000e+00 -6.050000e+01
      vertex   -3.999995e+00 1.000000e+00 -6.050000e+01
      vertex   -4.999995e+00 1.000000e+01 -6.050000e+01
    endloop
  endfacet
  facet normal -0.000000e+00 0.000000e+00 1.000000e+00
    outer loop
      vertex   -4.999995e+00 1.000000e+01 -6.050000e+01
      vertex   -3.999995e+00 1.000000e+00 -6.050000e+01
      vertex   -3.999995e+00 1.000000e+01 -6.050000e+01
    endloop
  endfacet
  facet normal -1.000000e+00 0.000000e+00 2.869841e-17
    outer loop
      vertex   -4.999995e+00 0.000000e+00 -5.050000e+01
      vertex   -4.999995e+00 7.198214e+00 -1.955130e+01
      vertex   -4.999995e+00 1.000000e+01 -5.050000e+01
    endloop
  endfacet
  facet normal -1.000000e+00 4.240328e-17 3.253718e-17
    outer loop
      vertex   -4.999995e+00 1.000000e+01 -5.050000e+01
      vertex   -4.999995e+00 7.198214e+00 -1.955130e+01
      vertex   -4.999995e+00 7.373025e+00 -1.977912e+01
    endloop
  endfacet
  facet normal -1.000000e+00 2.374221e-17 3.094145e-17
    outer loop
      vertex   -4.999995e+00 1.000000e+01 -5.050000e+01
      vertex   -4.999995e+00 7.373025e+00 -1.977912e+01
      vertex   -4.999995e+00 7.600842e+00 -1.995393e+01
    endloop
  endfacet
  facet normal -1.000000e+00 6.759624e-16 -1.231138e-16
    outer loop
      vertex   -4.999995e+00 0.000000e+00 -4.291534e-07
      vertex   -4.999995e+00 7.050842e+00 -1.900130e+01
      vertex   -4.999995e+00 0.000000e+00 -5.050000e+01
    endloop
  endfacet
  facet normal -1.000000e+00 7.931776e-17 1.044238e-17
    outer loop
      vertex   -4.999995e+00 0.000000e+00 -5.050000e+01
      vertex   -4.999995e+00 7.050842e+00 -1.900130e+01
      vertex   -4.999995e+00 7.088324e+00 -1.928600e+01
    endloop
  endfacet
  facet normal -1.000000e+00 4.436991e-17 1.837862e-17
    outer loop
      vertex   -4.999995e+00 0.000000e+00 -5.050000e+01
      vertex   -4.999995e+00 7.088324e+00 -1.928600e+01
      vertex   -4.999995e+00 7.198214e+00 -1.955130e+01
    endloop
  endfacet
  facet normal -1.000000e+00 3.021006e-23 -1.196707e-15
    outer loop
      vertex   -4.999995e+00 1.700000e+01 0.000000e+00
      vertex   -4.999995e+00 7.284701e+00 -5.937482e+00
      vertex   -4.999995e+00 0.000000e+00 -4.291534e-07
    endloop
  endfacet
  facet normal -1.000000e+00 1.469477e-14 1.683232e-14
    outer loop
      vertex   -4.999995e+00 0.000000e+00 -4.291534e-07
      vertex   -4.999995e+00 7.284701e+00 -5.937482e+00
      vertex   -4.999995e+00 7.000000e+00 -5.900000e+00
    endloop
  endfacet
  facet normal -1.000000e+00 -1.072436e-14 -1.332597e-14
    outer loop
      vertex   -4.999995e+00 0.000000e+00 -4.291534e-07
      vertex   -4.999995e+00 7.000000e+00 -5.900000e+00
      vertex   -4.999995e+00 6.715299e+00 -5.937482e+00
    endloop
  endfacet
  facet normal -1.000000e+00 -7.983626e-16 0.000000e+00
    outer loop
      vertex   -4.999995e+00 1.700000e+01 -6.200000e+00
      vertex   -4.999995e+00 8.100000e+00 -7.000000e+00
      vertex   -4.999995e+00 1.700000e+01 0.000000e+00
    endloop
  endfacet
  facet normal -1.000000e+00 -7.234514e-16 -9.524419e-17
    outer loop
      vertex   -4.999995e+00 1.700000e+01 0.000000e+00
      vertex   -4.999995e+00 8.100000e+00 -7.000000e+00
      vertex   -4.999995e+00 8.062518e+00 -6.715299e+00
    endloop
  endfacet
  facet normal -1.000000e+00 -6.063143e-16 -2.511436e-16
    outer loop
      vertex   -4.999995e+00 1.700000e+01 0.000000e+00
      vertex   -4.999995e+00 8.062518e+00 -6.715299e+00
      vertex   -4.999995e+00 7.952628e+00 -6.450000e+00
    endloop
  endfacet
  facet normal -1.000000e+00 -6.400494e-32 -7.206316e-17
    outer loop
      vertex   -4.999995e+00 2.700000e+01 -6.200000e+00
      vertex   -4.999995e+00 2.699998e+01 -1.048000e+02
      vertex   -4.999995e+00 1.700000e+01 -6.200000e+00
    endloop
  endfacet
  facet normal -1.000000e+00 0.000000e+00 -7.206316e-17
    outer loop
      vertex   -4.999995e+00 1.700000e+01 -6.200000e+00
      vertex   -4.999995e+00 2.699998e+01 -1.048000e+02
      vertex   -4.999995e+00 1.700000e+01 -1.048000e+02
    endloop
  endfacet
  facet normal -1.000000e+00 -3.291742e-16 -7.206316e-17
    outer loop
      vertex   -4.999995e+00 1.700000e+01 -6.200000e+00
      vertex   -4.999995e+00 1.700000e+01 -1.048000e+02
      vertex   -4.999995e+00 1.000000e+01 -6.050000e+01
    endloop
  endfacet
  facet normal -1.000000e+00 -4.586711e-17 -2.729680e-17
    outer loop
      vertex   -4.999995e+00 1.000000e+01 -6.050000e+01
      vertex   -4.999995e+00 1.700000e+01 -1.048000e+02
      vertex   -4.999995e+00 9.213080e+00 -9.171555e+01
    endloop
  endfacet
  facet normal -1.000000e+00 -6.459829e-17 -2.682460e-17
    outer loop
      vertex   -4.999995e+00 1.000000e+01 -6.050000e+01
      vertex   -4.999995e+00 9.213080e+00 -9.171555e+01
      vertex   -4.999995e+00 9.103036e+00 -9.145055e+01
    endloop
  endfacet
  facet normal -1.000000e+00 -4.431998e-11 -6.286649e-17
    outer loop
      vertex   -4.999995e+00 2.700000e+01 -6.200000e+00
      vertex   -4.999995e+00 2.700000e+01 -1.048124e+02
      vertex   -4.999995e+00 2.699998e+01 -1.048000e+02
    endloop
  endfacet
  facet normal -1.000000e+00 0.000000e+00 0.000000e+00
    outer loop
      vertex   -4.999995e+00 1.700000e+01 -1.110000e+02
      vertex   -4.999995e+00 8.100000e+00 -1.040000e+02
      vertex   -4.999995e+00 1.700000e+01 -1.048000e+02
    endloop
  endfacet
  facet normal -1.000000e+00 0.000000e+00 0.000000e+00
    outer loop
      vertex   -4.999995e+00 1.700000e+01 -1.048000e+02
      vertex   -4.999995e+00 8.100000e+00 -1.040000e+02
      vertex   -4.999995e+00 9.213080e+00 -9.228445e+01
    endloop
  endfacet
  facet normal -1.000000e+00 -4.136085e-15 -2.573387e-15
    outer loop
      vertex   -4.999995e+00 1.700000e+01 -1.048000e+02
      vertex   -4.999995e+00 9.213080e+00 -9.228445e+01
      vertex   -4.999995e+00 9.250841e+00 -9.200000e+01
    endloop
  endfacet
  facet normal -1.000000e+00 0.000000e+00 0.000000e+00
    outer loop
      vertex   -4.999995e+00 0.000000e+00 -1.110000e+02
      vertex   -4.999995e+00 7.284701e+00 -1.050625e+02
      vertex   -4.999995e+00 1.700000e+01 -1.110000e+02
    endloop
  endfacet
  facet normal -1.000000e+00 0.000000e+00 0.000000e+00
    outer loop
      vertex   -4.999995e+00 1.700000e+01 -1.110000e+02
      vertex   -4.999995e+00 7.284701e+00 -1.050625e+02
      vertex   -4.999995e+00 7.550000e+00 -1.049526e+02
    endloop
  endfacet
  facet normal -1.000000e+00 0.000000e+00 0.000000e+00
    outer loop
      vertex   -4.999995e+00 1.700000e+01 -1.110000e+02
      vertex   -4.999995e+00 7.550000e+00 -1.049526e+02
      vertex   -4.999995e+00 7.777817e+00 -1.047778e+02
    endloop
  endfacet
  facet normal -1.000000e+00 -7.857391e-17 -1.758769e-17
    outer loop
      vertex   -4.999995e+00 0.000000e+00 -6.050000e+01
      vertex   -4.999995e+00 7.050843e+00 -9.200000e+01
      vertex   -4.999995e+00 0.000000e+00 -1.110000e+02
    endloop
  endfacet
  facet normal -1.000000e+00 1.052927e-16 -8.582001e-17
    outer loop
      vertex   -4.999995e+00 0.000000e+00 -1.110000e+02
      vertex   -4.999995e+00 7.050843e+00 -9.200000e+01
      vertex   -4.999995e+00 5.937482e+00 -1.037153e+02
    endloop
  endfacet
  facet normal -1.000000e+00 0.000000e+00 0.000000e+00
    outer loop
      vertex   -4.999995e+00 0.000000e+00 -1.110000e+02
      vertex   -4.999995e+00 5.937482e+00 -1.037153e+02
      vertex   -4.999995e+00 5.900000e+00 -1.040000e+02
    endloop
  endfacet
  facet normal -1.000000e+00 -0.000000e+00 -2.869669e-17
    outer loop
      vertex   -4.999995e+00 1.000000e+01 -6.050000e+01
      vertex   -4.999995e+00 7.198648e+00 -9.145055e+01
      vertex   -4.999995e+00 0.000000e+00 -6.050000e+01
    endloop
  endfacet
  facet normal -1.000000e+00 4.429610e-17 -1.839406e-17
    outer loop
      vertex   -4.999995e+00 0.000000e+00 -6.050000e+01
      vertex   -4.999995e+00 7.198648e+00 -9.145055e+01
      vertex   -4.999995e+00 7.088605e+00 -9.171555e+01
    endloop
  endfacet
  facet normal -1.000000e+00 8.756449e-15 1.960011e-15
    outer loop
      vertex   -4.999995e+00 0.000000e+00 -6.050000e+01
      vertex   -4.999995e+00 7.088605e+00 -9.171555e+01
      vertex   -4.999995e+00 7.050843e+00 -9.200000e+01
    endloop
  endfacet
  facet normal -1.000000e+00 -8.881784e-16 0.000000e+00
    outer loop
      vertex   -4.999995e+00 1.000000e+01 -6.050000e+01
      vertex   -4.999995e+00 1.000000e+01 -5.050000e+01
      vertex   -4.999995e+00 1.700000e+01 -6.200000e+00
    endloop
  endfacet
  facet normal -1.000000e+00 -9.213147e-16 5.235980e-18
    outer loop
      vertex   -4.999995e+00 1.700000e+01 -6.200000e+00
      vertex   -4.999995e+00 1.000000e+01 -5.050000e+01
      vertex   -4.999995e+00 9.213360e+00 -1.928600e+01
    endloop
  endfacet
  facet normal -1.000000e+00 -1.171771e-15 1.542666e-16
    outer loop
      vertex   -4.999995e+00 1.700000e+01 -6.200000e+00
      vertex   -4.999995e+00 9.213360e+00 -1.928600e+01
      vertex   -4.999995e+00 9.250842e+00 -1.900130e+01
    endloop
  endfacet
  facet normal -1.000000e+00 6.753144e-15 4.018984e-15
    outer loop
      vertex   -4.999995e+00 9.250841e+00 -9.200000e+01
      vertex   -4.999995e+00 9.213080e+00 -9.171555e+01
      vertex   -4.999995e+00 1.700000e+01 -1.048000e+02
    endloop
  endfacet
  facet normal -1.000000e+00 -3.598767e-17 -2.765375e-17
    outer loop
      vertex   -4.999995e+00 9.103036e+00 -9.145055e+01
      vertex   -4.999995e+00 8.928200e+00 -9.122302e+01
      vertex   -4.999995e+00 1.000000e+01 -6.050000e+01
    endloop
  endfacet
  facet normal -1.000000e+00 -2.158304e-17 -2.815627e-17
    outer loop
      vertex   -4.999995e+00 1.000000e+01 -6.050000e+01
      vertex   -4.999995e+00 8.928200e+00 -9.122302e+01
      vertex   -4.999995e+00 8.700467e+00 -9.104846e+01
    endloop
  endfacet
  facet normal -1.000000e+00 -1.182477e-17 -2.857139e-17
    outer loop
      vertex   -4.999995e+00 1.000000e+01 -6.050000e+01
      vertex   -4.999995e+00 8.700467e+00 -9.104846e+01
      vertex   -4.999995e+00 8.435334e+00 -9.093873e+01
    endloop
  endfacet
  facet normal -1.000000e+00 -3.812811e-18 -2.898323e-17
    outer loop
      vertex   -4.999995e+00 8.435334e+00 -9.093873e+01
      vertex   -4.999995e+00 8.150842e+00 -9.090130e+01
      vertex   -4.999995e+00 1.000000e+01 -6.050000e+01
    endloop
  endfacet
  facet normal -1.000000e+00 3.874321e-18 -2.945080e-17
    outer loop
      vertex   -4.999995e+00 1.000000e+01 -6.050000e+01
      vertex   -4.999995e+00 8.150842e+00 -9.090130e+01
      vertex   -4.999995e+00 7.866350e+00 -9.093873e+01
    endloop
  endfacet
  facet normal -1.000000e+00 1.243714e-17 -3.005102e-17
    outer loop
      vertex   -4.999995e+00 1.000000e+01 -6.050000e+01
      vertex   -4.999995e+00 7.866350e+00 -9.093873e+01
      vertex   -4.999995e+00 7.601217e+00 -9.104846e+01
    endloop
  endfacet
  facet normal -1.000000e+00 2.371425e-17 -3.093655e-17
    outer loop
      vertex   -4.999995e+00 7.601217e+00 -9.104846e+01
      vertex   -4.999995e+00 7.373484e+00 -9.122302e+01
      vertex   -4.999995e+00 1.000000e+01 -6.050000e+01
    endloop
  endfacet
  facet normal -1.000000e+00 4.233098e-17 -3.252809e-17
    outer loop
      vertex   -4.999995e+00 1.000000e+01 -6.050000e+01
      vertex   -4.999995e+00 7.373484e+00 -9.122302e+01
      vertex   -4.999995e+00 7.198648e+00 -9.145055e+01
    endloop
  endfacet
  facet normal -1.000000e+00 2.375269e-16 -9.838686e-17
    outer loop
      vertex   -4.999995e+00 5.937482e+00 -1.037153e+02
      vertex   -4.999995e+00 7.050843e+00 -9.200000e+01
      vertex   -4.999995e+00 6.047372e+00 -1.034500e+02
    endloop
  endfacet
  facet normal -1.000000e+00 1.381571e-14 -1.288370e-15
    outer loop
      vertex   -4.999995e+00 6.047372e+00 -1.034500e+02
      vertex   -4.999995e+00 7.050843e+00 -9.200000e+01
      vertex   -4.999995e+00 7.088605e+00 -9.228445e+01
    endloop
  endfacet
  facet normal -1.000000e+00 0.000000e+00 0.000000e+00
    outer loop
      vertex   -4.999995e+00 6.047372e+00 -1.034500e+02
      vertex   -4.999995e+00 7.088605e+00 -9.228445e+01
      vertex   -4.999995e+00 6.222183e+00 -1.032222e+02
    endloop
  endfacet
  facet normal -1.000000e+00 0.000000e+00 0.000000e+00
    outer loop
      vertex   -4.999995e+00 6.222183e+00 -1.032222e+02
      vertex   -4.999995e+00 7.088605e+00 -9.228445e+01
      vertex   -4.999995e+00 6.450000e+00 -1.030474e+02
    endloop
  endfacet
  facet normal -1.000000e+00 0.000000e+00 0.000000e+00
    outer loop
      vertex   -4.999995e+00 6.450000e+00 -1.030474e+02
      vertex   -4.999995e+00 7.088605e+00 -9.228445e+01
      vertex   -4.999995e+00 7.198648e+00 -9.254945e+01
    endloop
  endfacet
  facet normal -1.000000e+00 0.000000e+00 0.000000e+00
    outer loop
      vertex   -4.999995e+00 6.450000e+00 -1.030474e+02
      vertex   -4.999995e+00 7.198648e+00 -9.254945e+01
      vertex   -4.999995e+00 6.715299e+00 -1.029375e+02
    endloop
  endfacet
  facet normal -1.000000e+00 -1.255567e-14 5.842074e-16
    outer loop
      vertex   -4.999995e+00 6.715299e+00 -1.029375e+02
      vertex   -4.999995e+00 7.198648e+00 -9.254945e+01
      vertex   -4.999995e+00 7.000000e+00 -1.029000e+02
    endloop
  endfacet
  facet normal -1.000000e+00 4.357956e-16 3.348753e-16
    outer loop
      vertex   -4.999995e+00 7.000000e+00 -1.029000e+02
      vertex   -4.999995e+00 7.198648e+00 -9.254945e+01
      vertex   -4.999995e+00 7.373484e+00 -9.277698e+01
    endloop
  endfacet
  facet normal -1.000000e+00 1.246442e-14 -1.089152e-16
    outer loop
      vertex   -4.999995e+00 7.000000e+00 -1.029000e+02
      vertex   -4.999995e+00 7.373484e+00 -9.277698e+01
      vertex   -4.999995e+00 7.284701e+00 -1.029375e+02
    endloop
  endfacet
  facet normal -1.000000e+00 0.000000e+00 0.000000e+00
    outer loop
      vertex   -4.999995e+00 7.284701e+00 -1.029375e+02
      vertex   -4.999995e+00 7.373484e+00 -9.277698e+01
      vertex   -4.999995e+00 7.601217e+00 -9.295154e+01
    endloop
  endfacet
  facet normal -1.000000e+00 0.000000e+00 0.000000e+00
    outer loop
      vertex   -4.999995e+00 7.284701e+00 -1.029375e+02
      vertex   -4.999995e+00 7.601217e+00 -9.295154e+01
      vertex   -4.999995e+00 7.550000e+00 -1.030474e+02
    endloop
  endfacet
  facet normal -1.000000e+00 0.000000e+00 0.000000e+00
    outer loop
      vertex   -4.999995e+00 7.550000e+00 -1.030474e+02
      vertex   -4.999995e+00 7.601217e+00 -9.295154e+01
      vertex   -4.999995e+00 7.866350e+00 -9.306127e+01
    endloop
  endfacet
  facet normal -1.000000e+00 0.000000e+00 0.000000e+00
    outer loop
      vertex   -4.999995e+00 7.550000e+00 -1.030474e+02
      vertex   -4.999995e+00 7.866350e+00 -9.306127e+01
      vertex   -4.999995e+00 7.777817e+00 -1.032222e+02
    endloop
  endfacet
  facet normal -1.000000e+00 0.000000e+00 0.000000e+00
    outer loop
      vertex   -4.999995e+00 7.777817e+00 -1.032222e+02
      vertex   -4.999995e+00 7.866350e+00 -9.306127e+01
      vertex   -4.999995e+00 8.150842e+00 -9.309870e+01
    endloop
  endfacet
  facet normal -1.000000e+00 0.000000e+00 0.000000e+00
    outer loop
      vertex   -4.999995e+00 7.777817e+00 -1.032222e+02
      vertex   -4.999995e+00 8.150842e+00 -9.309870e+01
      vertex   -4.999995e+00 7.952628e+00 -1.034500e+02
    endloop
  endfacet
  facet normal -1.000000e+00 0.000000e+00 0.000000e+00
    outer loop
      vertex   -4.999995e+00 7.952628e+00 -1.034500e+02
      vertex   -4.999995e+00 8.150842e+00 -9.309870e+01
      vertex   -4.999995e+00 8.435334e+00 -9.306127e+01
    endloop
  endfacet
  facet normal -1.000000e+00 0.000000e+00 0.000000e+00
    outer loop
      vertex   -4.999995e+00 7.952628e+00 -1.034500e+02
      vertex   -4.999995e+00 8.435334e+00 -9.306127e+01
      vertex   -4.999995e+00 8.700467e+00 -9.295154e+01
    endloop
  endfacet
  facet normal -1.000000e+00 0.000000e+00 0.000000e+00
    outer loop
      vertex   -4.999995e+00 7.952628e+00 -1.034500e+02
      vertex   -4.999995e+00 8.700467e+00 -9.295154e+01
      vertex   -4.999995e+00 8.062518e+00 -1.037153e+02
    endloop
  endfacet
  facet normal -1.000000e+00 0.000000e+00 0.000000e+00
    outer loop
      vertex   -4.999995e+00 8.062518e+00 -1.037153e+02
      vertex   -4.999995e+00 8.700467e+00 -9.295154e+01
      vertex   -4.999995e+00 8.928200e+00 -9.277698e+01
    endloop
  endfacet
  facet normal -1.000000e+00 0.000000e+00 0.000000e+00
    outer loop
      vertex   -4.999995e+00 8.062518e+00 -1.037153e+02
      vertex   -4.999995e+00 8.928200e+00 -9.277698e+01
      vertex   -4.999995e+00 9.103036e+00 -9.254945e+01
    endloop
  endfacet
  facet normal -1.000000e+00 0.000000e+00 0.000000e+00
    outer loop
      vertex   -4.999995e+00 8.062518e+00 -1.037153e+02
      vertex   -4.999995e+00 9.103036e+00 -9.254945e+01
      vertex   -4.999995e+00 8.100000e+00 -1.040000e+02
    endloop
  endfacet
  facet normal -1.000000e+00 0.000000e+00 0.000000e+00
    outer loop
      vertex   -4.999995e+00 8.100000e+00 -1.040000e+02
      vertex   -4.999995e+00 9.103036e+00 -9.254945e+01
      vertex   -4.999995e+00 9.213080e+00 -9.228445e+01
    endloop
  endfacet
  facet normal -1.000000e+00 0.000000e+00 -0.000000e+00
    outer loop
      vertex   -4.999995e+00 5.900000e+00 -1.040000e+02
      vertex   -4.999995e+00 5.937482e+00 -1.042847e+02
      vertex   -4.999995e+00 0.000000e+00 -1.110000e+02
    endloop
  endfacet
  facet normal -1.000000e+00 0.000000e+00 0.000000e+00
    outer loop
      vertex   -4.999995e+00 0.000000e+00 -1.110000e+02
      vertex   -4.999995e+00 5.937482e+00 -1.042847e+02
      vertex   -4.999995e+00 6.047372e+00 -1.045500e+02
    endloop
  endfacet
  facet normal -1.000000e+00 0.000000e+00 0.000000e+00
    outer loop
      vertex   -4.999995e+00 0.000000e+00 -1.110000e+02
      vertex   -4.999995e+00 6.047372e+00 -1.045500e+02
      vertex   -4.999995e+00 6.222183e+00 -1.047778e+02
    endloop
  endfacet
  facet normal -1.000000e+00 0.000000e+00 -0.000000e+00
    outer loop
      vertex   -4.999995e+00 6.222183e+00 -1.047778e+02
      vertex   -4.999995e+00 6.450000e+00 -1.049526e+02
      vertex   -4.999995e+00 0.000000e+00 -1.110000e+02
    endloop
  endfacet
  facet normal -1.000000e+00 0.000000e+00 0.000000e+00
    outer loop
      vertex   -4.999995e+00 0.000000e+00 -1.110000e+02
      vertex   -4.999995e+00 6.450000e+00 -1.049526e+02
      vertex   -4.999995e+00 6.715299e+00 -1.050625e+02
    endloop
  endfacet
  facet normal -1.000000e+00 0.000000e+00 0.000000e+00
    outer loop
      vertex   -4.999995e+00 0.000000e+00 -1.110000e+02
      vertex   -4.999995e+00 6.715299e+00 -1.050625e+02
      vertex   -4.999995e+00 7.000000e+00 -1.051000e+02
    endloop
  endfacet
  facet normal -1.000000e+00 0.000000e+00 -0.000000e+00
    outer loop
      vertex   -4.999995e+00 7.000000e+00 -1.051000e+02
      vertex   -4.999995e+00 7.284701e+00 -1.050625e+02
      vertex   -4.999995e+00 0.000000e+00 -1.110000e+02
    endloop
  endfacet
  facet normal -1.000000e+00 0.000000e+00 0.000000e+00
    outer loop
      vertex   -4.999995e+00 7.777817e+00 -1.047778e+02
      vertex   -4.999995e+00 7.952628e+00 -1.045500e+02
      vertex   -4.999995e+00 1.700000e+01 -1.110000e+02
    endloop
  endfacet
  facet normal -1.000000e+00 0.000000e+00 0.000000e+00
    outer loop
      vertex   -4.999995e+00 1.700000e+01 -1.110000e+02
      vertex   -4.999995e+00 7.952628e+00 -1.045500e+02
      vertex   -4.999995e+00 8.062518e+00 -1.042847e+02
    endloop
  endfacet
  facet normal -1.000000e+00 0.000000e+00 0.000000e+00
    outer loop
      vertex   -4.999995e+00 1.700000e+01 -1.110000e+02
      vertex   -4.999995e+00 8.062518e+00 -1.042847e+02
      vertex   -4.999995e+00 8.100000e+00 -1.040000e+02
    endloop
  endfacet
  facet normal -1.000000e+00 3.375557e-16 -8.149315e-16
    outer loop
      vertex   -4.999995e+00 6.715299e+00 -5.937482e+00
      vertex   -4.999995e+00 6.450000e+00 -6.047372e+00
      vertex   -4.999995e+00 0.000000e+00 -4.291534e-07
    endloop
  endfacet
  facet normal -1.000000e+00 4.958052e-16 -6.461459e-16
    outer loop
      vertex   -4.999995e+00 0.000000e+00 -4.291534e-07
      vertex   -4.999995e+00 6.450000e+00 -6.047372e+00
      vertex   -4.999995e+00 6.222183e+00 -6.222183e+00
    endloop
  endfacet
  facet normal -1.000000e+00 6.461459e-16 -4.958051e-16
    outer loop
      vertex   -4.999995e+00 0.000000e+00 -4.291534e-07
      vertex   -4.999995e+00 6.222183e+00 -6.222183e+00
      vertex   -4.999995e+00 6.047372e+00 -6.450000e+00
    endloop
  endfacet
  facet normal -1.000000e+00 8.149314e-16 -3.375557e-16
    outer loop
      vertex   -4.999995e+00 6.047372e+00 -6.450000e+00
      vertex   -4.999995e+00 5.937482e+00 -6.715299e+00
      vertex   -4.999995e+00 0.000000e+00 -4.291534e-07
    endloop
  endfacet
  facet normal -1.000000e+00 1.041612e-15 -1.371308e-16
    outer loop
      vertex   -4.999995e+00 0.000000e+00 -4.291534e-07
      vertex   -4.999995e+00 5.937482e+00 -6.715299e+00
      vertex   -4.999995e+00 5.900000e+00 -7.000000e+00
    endloop
  endfacet
  facet normal -1.000000e+00 1.427242e-15 1.879000e-16
    outer loop
      vertex   -4.999995e+00 0.000000e+00 -4.291534e-07
      vertex   -4.999995e+00 5.900000e+00 -7.000000e+00
      vertex   -4.999995e+00 5.937482e+00 -7.284701e+00
    endloop
  endfacet
  facet normal -1.000000e+00 1.354638e-15 1.287234e-16
    outer loop
      vertex   -4.999995e+00 0.000000e+00 -4.291534e-07
      vertex   -4.999995e+00 5.937482e+00 -7.284701e+00
      vertex   -4.999995e+00 7.050842e+00 -1.900130e+01
    endloop
  endfacet
  facet normal -1.000000e+00 0.000000e+00 0.000000e+00
    outer loop
      vertex   -4.999995e+00 7.050842e+00 -1.900130e+01
      vertex   -4.999995e+00 5.937482e+00 -7.284701e+00
      vertex   -4.999995e+00 6.047372e+00 -7.550000e+00
    endloop
  endfacet
  facet normal -1.000000e+00 0.000000e+00 0.000000e+00
    outer loop
      vertex   -4.999995e+00 7.050842e+00 -1.900130e+01
      vertex   -4.999995e+00 6.047372e+00 -7.550000e+00
      vertex   -4.999995e+00 7.088324e+00 -1.871660e+01
    endloop
  endfacet
  facet normal -1.000000e+00 0.000000e+00 0.000000e+00
    outer loop
      vertex   -4.999995e+00 7.088324e+00 -1.871660e+01
      vertex   -4.999995e+00 6.047372e+00 -7.550000e+00
      vertex   -4.999995e+00 6.222183e+00 -7.777817e+00
    endloop
  endfacet
  facet normal -1.000000e+00 0.000000e+00 0.000000e+00
    outer loop
      vertex   -4.999995e+00 7.088324e+00 -1.871660e+01
      vertex   -4.999995e+00 6.222183e+00 -7.777817e+00
      vertex   -4.999995e+00 6.450000e+00 -7.952628e+00
    endloop
  endfacet
  facet normal -1.000000e+00 0.000000e+00 0.000000e+00
    outer loop
      vertex   -4.999995e+00 7.088324e+00 -1.871660e+01
      vertex   -4.999995e+00 6.450000e+00 -7.952628e+00
      vertex   -4.999995e+00 7.198214e+00 -1.845130e+01
    endloop
  endfacet
  facet normal -1.000000e+00 0.000000e+00 0.000000e+00
    outer loop
      vertex   -4.999995e+00 7.198214e+00 -1.845130e+01
      vertex   -4.999995e+00 6.450000e+00 -7.952628e+00
      vertex   -4.999995e+00 6.715299e+00 -8.062518e+00
    endloop
  endfacet
  facet normal -1.000000e+00 0.000000e+00 0.000000e+00
    outer loop
      vertex   -4.999995e+00 7.198214e+00 -1.845130e+01
      vertex   -4.999995e+00 6.715299e+00 -8.062518e+00
      vertex   -4.999995e+00 7.000000e+00 -8.100000e+00
    endloop
  endfacet
  facet normal -1.000000e+00 0.000000e+00 0.000000e+00
    outer loop
      vertex   -4.999995e+00 7.198214e+00 -1.845130e+01
      vertex   -4.999995e+00 7.000000e+00 -8.100000e+00
      vertex   -4.999995e+00 7.373025e+00 -1.822348e+01
    endloop
  endfacet
  facet normal -1.000000e+00 0.000000e+00 0.000000e+00
    outer loop
      vertex   -4.999995e+00 7.373025e+00 -1.822348e+01
      vertex   -4.999995e+00 7.000000e+00 -8.100000e+00
      vertex   -4.999995e+00 7.284701e+00 -8.062518e+00
    endloop
  endfacet
  facet normal -1.000000e+00 0.000000e+00 0.000000e+00
    outer loop
      vertex   -4.999995e+00 7.373025e+00 -1.822348e+01
      vertex   -4.999995e+00 7.284701e+00 -8.062518e+00
      vertex   -4.999995e+00 7.600842e+00 -1.804867e+01
    endloop
  endfacet
  facet normal -1.000000e+00 0.000000e+00 0.000000e+00
    outer loop
      vertex   -4.999995e+00 7.600842e+00 -1.804867e+01
      vertex   -4.999995e+00 7.284701e+00 -8.062518e+00
      vertex   -4.999995e+00 7.550000e+00 -7.952628e+00
    endloop
  endfacet
  facet normal -1.000000e+00 0.000000e+00 0.000000e+00
    outer loop
      vertex   -4.999995e+00 7.600842e+00 -1.804867e+01
      vertex   -4.999995e+00 7.550000e+00 -7.952628e+00
      vertex   -4.999995e+00 7.866141e+00 -1.793878e+01
    endloop
  endfacet
  facet normal -1.000000e+00 0.000000e+00 0.000000e+00
    outer loop
      vertex   -4.999995e+00 7.866141e+00 -1.793878e+01
      vertex   -4.999995e+00 7.550000e+00 -7.952628e+00
      vertex   -4.999995e+00 7.777817e+00 -7.777817e+00
    endloop
  endfacet
  facet normal -1.000000e+00 -2.181286e-14 -1.896071e-16
    outer loop
      vertex   -4.999995e+00 7.866141e+00 -1.793878e+01
      vertex   -4.999995e+00 7.777817e+00 -7.777817e+00
      vertex   -4.999995e+00 8.150842e+00 -1.790130e+01
    endloop
  endfacet
  facet normal -1.000000e+00 -7.636916e-16 5.860012e-16
    outer loop
      vertex   -4.999995e+00 8.150842e+00 -1.790130e+01
      vertex   -4.999995e+00 7.777817e+00 -7.777817e+00
      vertex   -4.999995e+00 7.952628e+00 -7.550000e+00
    endloop
  endfacet
  facet normal -1.000000e+00 2.197229e-14 1.021366e-15
    outer loop
      vertex   -4.999995e+00 8.150842e+00 -1.790130e+01
      vertex   -4.999995e+00 7.952628e+00 -7.550000e+00
      vertex   -4.999995e+00 8.435543e+00 -1.793878e+01
    endloop
  endfacet
  facet normal -1.000000e+00 0.000000e+00 0.000000e+00
    outer loop
      vertex   -4.999995e+00 8.435543e+00 -1.793878e+01
      vertex   -4.999995e+00 7.952628e+00 -7.550000e+00
      vertex   -4.999995e+00 8.700842e+00 -1.804867e+01
    endloop
  endfacet
  facet normal -1.000000e+00 0.000000e+00 0.000000e+00
    outer loop
      vertex   -4.999995e+00 8.700842e+00 -1.804867e+01
      vertex   -4.999995e+00 7.952628e+00 -7.550000e+00
      vertex   -4.999995e+00 8.062518e+00 -7.284701e+00
    endloop
  endfacet
  facet normal -1.000000e+00 0.000000e+00 0.000000e+00
    outer loop
      vertex   -4.999995e+00 8.700842e+00 -1.804867e+01
      vertex   -4.999995e+00 8.062518e+00 -7.284701e+00
      vertex   -4.999995e+00 8.928660e+00 -1.822348e+01
    endloop
  endfacet
  facet normal -1.000000e+00 0.000000e+00 0.000000e+00
    outer loop
      vertex   -4.999995e+00 8.928660e+00 -1.822348e+01
      vertex   -4.999995e+00 8.062518e+00 -7.284701e+00
      vertex   -4.999995e+00 9.103470e+00 -1.845130e+01
    endloop
  endfacet
  facet normal -1.000000e+00 0.000000e+00 0.000000e+00
    outer loop
      vertex   -4.999995e+00 9.103470e+00 -1.845130e+01
      vertex   -4.999995e+00 8.062518e+00 -7.284701e+00
      vertex   -4.999995e+00 8.100000e+00 -7.000000e+00
    endloop
  endfacet
  facet normal -1.000000e+00 0.000000e+00 0.000000e+00
    outer loop
      vertex   -4.999995e+00 9.103470e+00 -1.845130e+01
      vertex   -4.999995e+00 8.100000e+00 -7.000000e+00
      vertex   -4.999995e+00 9.213360e+00 -1.871660e+01
    endloop
  endfacet
  facet normal -1.000000e+00 -7.916011e-16 -7.522126e-17
    outer loop
      vertex   -4.999995e+00 9.213360e+00 -1.871660e+01
      vertex   -4.999995e+00 8.100000e+00 -7.000000e+00
      vertex   -4.999995e+00 1.700000e+01 -6.200000e+00
    endloop
  endfacet
  facet normal -1.000000e+00 -7.531339e-16 -9.915195e-17
    outer loop
      vertex   -4.999995e+00 9.213360e+00 -1.871660e+01
      vertex   -4.999995e+00 1.700000e+01 -6.200000e+00
      vertex   -4.999995e+00 9.250842e+00 -1.900130e+01
    endloop
  endfacet
  facet normal -1.000000e+00 -5.076527e-16 -3.895356e-16
    outer loop
      vertex   -4.999995e+00 7.952628e+00 -6.450000e+00
      vertex   -4.999995e+00 7.777817e+00 -6.222183e+00
      vertex   -4.999995e+00 1.700000e+01 0.000000e+00
    endloop
  endfacet
  facet normal -1.000000e+00 -4.099816e-16 -5.342984e-16
    outer loop
      vertex   -4.999995e+00 1.700000e+01 0.000000e+00
      vertex   -4.999995e+00 7.777817e+00 -6.222183e+00
      vertex   -4.999995e+00 7.550000e+00 -6.047372e+00
    endloop
  endfacet
  facet normal -1.000000e+00 -2.954483e-16 -7.132753e-16
    outer loop
      vertex   -4.999995e+00 1.700000e+01 0.000000e+00
      vertex   -4.999995e+00 7.550000e+00 -6.047372e+00
      vertex   -4.999995e+00 7.284701e+00 -5.937482e+00
    endloop
  endfacet
  facet normal -1.000000e+00 1.244896e-17 3.005445e-17
    outer loop
      vertex   -4.999995e+00 7.600842e+00 -1.995393e+01
      vertex   -4.999995e+00 7.866141e+00 -2.006382e+01
      vertex   -4.999995e+00 1.000000e+01 -5.050000e+01
    endloop
  endfacet
  facet normal -1.000000e+00 3.877630e-18 2.945352e-17
    outer loop
      vertex   -4.999995e+00 1.000000e+01 -5.050000e+01
      vertex   -4.999995e+00 7.866141e+00 -2.006382e+01
      vertex   -4.999995e+00 8.150842e+00 -2.010130e+01
    endloop
  endfacet
  facet normal -1.000000e+00 -3.816016e-18 2.898552e-17
    outer loop
      vertex   -4.999995e+00 1.000000e+01 -5.050000e+01
      vertex   -4.999995e+00 8.150842e+00 -2.010130e+01
      vertex   -4.999995e+00 8.435543e+00 -2.006382e+01
    endloop
  endfacet
  facet normal -1.000000e+00 -1.183545e-17 2.857331e-17
    outer loop
      vertex   -4.999995e+00 8.435543e+00 -2.006382e+01
      vertex   -4.999995e+00 8.700842e+00 -1.995393e+01
      vertex   -4.999995e+00 1.000000e+01 -5.050000e+01
    endloop
  endfacet
  facet normal -1.000000e+00 -2.160620e-17 2.815775e-17
    outer loop
      vertex   -4.999995e+00 1.000000e+01 -5.050000e+01
      vertex   -4.999995e+00 8.700842e+00 -1.995393e+01
      vertex   -4.999995e+00 8.928660e+00 -1.977912e+01
    endloop
  endfacet
  facet normal -1.000000e+00 -3.603991e-17 2.765440e-17
    outer loop
      vertex   -4.999995e+00 1.000000e+01 -5.050000e+01
      vertex   -4.999995e+00 8.928660e+00 -1.977912e+01
      vertex   -4.999995e+00 9.103470e+00 -1.955130e+01
    endloop
  endfacet
  facet normal -1.000000e+00 -6.475538e-17 2.682256e-17
    outer loop
      vertex   -4.999995e+00 9.103470e+00 -1.955130e+01
      vertex   -4.999995e+00 9.213360e+00 -1.928600e+01
      vertex   -4.999995e+00 1.000000e+01 -5.050000e+01
    endloop
  endfacet
  facet normal -0.000000e+00 -1.000000e+00 -0.000000e+00
    outer loop
      vertex   -3.999995e+00 0.000000e+00 -4.291534e-07
      vertex   -4.999995e+00 0.000000e+00 -4.291534e-07
      vertex   -3.999995e+00 0.000000e+00 -2.650000e+01
    endloop
  endfacet
  facet normal -0.000000e+00 -1.000000e+00 0.000000e+00
    outer loop
      vertex   -3.999995e+00 0.000000e+00 -2.650000e+01
      vertex   -4.999995e+00 0.000000e+00 -4.291534e-07
      vertex   -4.999995e+00 0.000000e+00 -5.050000e+01
    endloop
  endfacet
  facet normal 0.000000e+00 -1.000000e+00 0.000000e+00
    outer loop
      vertex   -3.999995e+00 0.000000e+00 -2.650000e+01
      vertex   -4.999995e+00 0.000000e+00 -5.050000e+01
      vertex   -4.000000e+00 0.000000e+00 -3.960000e+01
    endloop
  endfacet
  facet normal 0.000000e+00 -1.000000e+00 0.000000e+00
    outer loop
      vertex   -4.000000e+00 0.000000e+00 -3.960000e+01
      vertex   -4.999995e+00 0.000000e+00 -5.050000e+01
      vertex   -4.000000e+00 0.000000e+00 -4.880000e+01
    endloop
  endfacet
  facet normal 0.000000e+00 -1.000000e+00 -0.000000e+00
    outer loop
      vertex   -4.000000e+00 0.000000e+00 -4.880000e+01
      vertex   -4.999995e+00 0.000000e+00 -5.050000e+01
      vertex   5.200005e+00 0.000000e+00 -5.050000e+01
    endloop
  endfacet
  facet normal 0.000000e+00 -1.000000e+00 0.000000e+00
    outer loop
      vertex   -4.000000e+00 0.000000e+00 -4.880000e+01
      vertex   5.200005e+00 0.000000e+00 -5.050000e+01
      vertex   1.500000e+01 0.000000e+00 -4.880000e+01
    endloop
  endfacet
  facet normal 0.000000e+00 -1.000000e+00 -0.000000e+00
    outer loop
      vertex   1.500000e+01 0.000000e+00 -4.880000e+01
      vertex   5.200005e+00 0.000000e+00 -5.050000e+01
      vertex   1.500000e+01 0.000000e+00 -6.220000e+01
    endloop
  endfacet
  facet normal 0.000000e+00 -1.000000e+00 0.000000e+00
    outer loop
      vertex   1.500000e+01 0.000000e+00 -6.220000e+01
      vertex   5.200005e+00 0.000000e+00 -5.050000e+01
      vertex   5.200005e+00 0.000000e+00 -6.050000e+01
    endloop
  endfacet
  facet normal 0.000000e+00 -1.000000e+00 0.000000e+00
    outer loop
      vertex   1.500000e+01 0.000000e+00 -6.220000e+01
      vertex   5.200005e+00 0.000000e+00 -6.050000e+01
      vertex   -4.000000e+00 0.000000e+00 -6.220000e+01
    endloop
  endfacet
  facet normal 0.000000e+00 -1.000000e+00 0.000000e+00
    outer loop
      vertex   -4.000000e+00 0.000000e+00 -6.220000e+01
      vertex   5.200005e+00 0.000000e+00 -6.050000e+01
      vertex   -4.999995e+00 0.000000e+00 -6.050000e+01
    endloop
  endfacet
  facet normal -0.000000e+00 -1.000000e+00 -0.000000e+00
    outer loop
      vertex   -4.000000e+00 0.000000e+00 -6.220000e+01
      vertex   -4.999995e+00 0.000000e+00 -6.050000e+01
      vertex   -4.000000e+00 0.000000e+00 -7.140000e+01
    endloop
  endfacet
  facet normal -0.000000e+00 -1.000000e+00 -0.000000e+00
    outer loop
      vertex   -4.000000e+00 0.000000e+00 -7.140000e+01
      vertex   -4.999995e+00 0.000000e+00 -6.050000e+01
      vertex   -3.999995e+00 0.000000e+00 -8.450000e+01
    endloop
  endfacet
  facet normal 0.000000e+00 -1.000000e+00 0.000000e+00
    outer loop
      vertex   -4.000000e+00 0.000000e+00 -7.140000e+01
      vertex   -3.999995e+00 0.000000e+00 -8.450000e+01
      vertex   -3.799995e+00 0.000000e+00 -8.450000e+01
    endloop
  endfacet
  facet normal 0.000000e+00 -1.000000e+00 0.000000e+00
    outer loop
      vertex   -4.999995e+00 0.000000e+00 -6.050000e+01
      vertex   -4.999995e+00 0.000000e+00 -1.110000e+02
      vertex   -3.999995e+00 0.000000e+00 -8.450000e+01
    endloop
  endfacet
  facet normal 0.000000e+00 -1.000000e+00 -0.000000e+00
    outer loop
      vertex   -3.999995e+00 0.000000e+00 -8.450000e+01
      vertex   -4.999995e+00 0.000000e+00 -1.110000e+02
      vertex   -3.999995e+00 0.000000e+00 -1.110000e+02
    endloop
  endfacet
  facet normal 0.000000e+00 -1.000000e+00 0.000000e+00
    outer loop
      vertex   -3.799995e+00 0.000000e+00 -8.450000e+01
      vertex   -1.700000e+00 0.000000e+00 -8.450000e+01
      vertex   -4.000000e+00 0.000000e+00 -7.140000e+01
    endloop
  endfacet
  facet normal 0.000000e+00 -1.000000e+00 0.000000e+00
    outer loop
      vertex   -4.000000e+00 0.000000e+00 -7.140000e+01
      vertex   -1.700000e+00 0.000000e+00 -8.450000e+01
      vertex   1.467346e+01 0.000000e+00 -7.370168e+01
    endloop
  endfacet
  facet normal 0.000000e+00 -1.000000e+00 0.000000e+00
    outer loop
      vertex   -4.000000e+00 0.000000e+00 -7.140000e+01
      vertex   1.467346e+01 0.000000e+00 -7.370168e+01
      vertex   1.500000e+01 0.000000e+00 -7.140000e+01
    endloop
  endfacet
  facet normal 0.000000e+00 -1.000000e+00 0.000000e+00
    outer loop
      vertex   1.500000e+01 0.000000e+00 -7.140000e+01
      vertex   1.467346e+01 0.000000e+00 -7.370168e+01
      vertex   1.474254e+01 0.000000e+00 -7.351432e+01
    endloop
  endfacet
  facet normal 0.000000e+00 -1.000000e+00 0.000000e+00
    outer loop
      vertex   1.500000e+01 0.000000e+00 -7.140000e+01
      vertex   1.474254e+01 0.000000e+00 -7.351432e+01
      vertex   1.485342e+01 0.000000e+00 -7.334824e+01
    endloop
  endfacet
  facet normal 0.000000e+00 -1.000000e+00 0.000000e+00
    outer loop
      vertex   -1.700000e+00 0.000000e+00 -9.600000e+01
      vertex   1.300000e+01 0.000000e+00 -9.600000e+01
      vertex   -1.700000e+00 0.000000e+00 -8.450000e+01
    endloop
  endfacet
  facet normal 0.000000e+00 -1.000000e+00 0.000000e+00
    outer loop
      vertex   -1.700000e+00 0.000000e+00 -8.450000e+01
      vertex   1.300000e+01 0.000000e+00 -9.600000e+01
      vertex   1.465000e+01 0.000000e+00 -7.390000e+01
    endloop
  endfacet
  facet normal 0.000000e+00 -1.000000e+00 0.000000e+00
    outer loop
      vertex   -1.700000e+00 0.000000e+00 -8.450000e+01
      vertex   1.465000e+01 0.000000e+00 -7.390000e+01
      vertex   1.467346e+01 0.000000e+00 -7.370168e+01
    endloop
  endfacet
  facet normal 0.000000e+00 -1.000000e+00 0.000000e+00
    outer loop
      vertex   1.300000e+01 0.000000e+00 -1.110000e+02
      vertex   1.400000e+01 0.000000e+00 -1.110000e+02
      vertex   1.300000e+01 0.000000e+00 -9.600000e+01
    endloop
  endfacet
  facet normal 0.000000e+00 -1.000000e+00 0.000000e+00
    outer loop
      vertex   1.300000e+01 0.000000e+00 -9.600000e+01
      vertex   1.400000e+01 0.000000e+00 -1.110000e+02
      vertex   1.500000e+01 0.000000e+00 -1.110000e+02
    endloop
  endfacet
  facet normal 0.000000e+00 -1.000000e+00 0.000000e+00
    outer loop
      vertex   1.300000e+01 0.000000e+00 -9.600000e+01
      vertex   1.500000e+01 0.000000e+00 -1.110000e+02
      vertex   1.500000e+01 0.000000e+00 -7.458739e+01
    endloop
  endfacet
  facet normal -0.000000e+00 -1.000000e+00 0.000000e+00
    outer loop
      vertex   1.500000e+01 0.000000e+00 -7.458739e+01
      vertex   1.485342e+01 0.000000e+00 -7.445176e+01
      vertex   1.300000e+01 0.000000e+00 -9.600000e+01
    endloop
  endfacet
  facet normal 0.000000e+00 -1.000000e+00 0.000000e+00
    outer loop
      vertex   1.300000e+01 0.000000e+00 -9.600000e+01
      vertex   1.485342e+01 0.000000e+00 -7.445176e+01
      vertex   1.474254e+01 0.000000e+00 -7.428568e+01
    endloop
  endfacet
  facet normal 0.000000e+00 -1.000000e+00 0.000000e+00
    outer loop
      vertex   1.300000e+01 0.000000e+00 -9.600000e+01
      vertex   1.474254e+01 0.000000e+00 -7.428568e+01
      vertex   1.467346e+01 0.000000e+00 -7.409831e+01
    endloop
  endfacet
  facet normal -0.000000e+00 -1.000000e+00 0.000000e+00
    outer loop
      vertex   1.467346e+01 0.000000e+00 -7.409831e+01
      vertex   1.465000e+01 0.000000e+00 -7.390000e+01
      vertex   1.300000e+01 0.000000e+00 -9.600000e+01
    endloop
  endfacet
  facet normal 0.000000e+00 -1.000000e+00 0.000000e+00
    outer loop
      vertex   1.485342e+01 0.000000e+00 -7.334824e+01
      vertex   1.500000e+01 0.000000e+00 -7.321261e+01
      vertex   1.500000e+01 0.000000e+00 -7.140000e+01
    endloop
  endfacet
  facet normal 0.000000e+00 -1.000000e+00 -0.000000e+00
    outer loop
      vertex   -3.999995e+00 0.000000e+00 -2.650000e+01
      vertex   -4.000000e+00 0.000000e+00 -3.960000e+01
      vertex   -1.600000e+00 0.000000e+00 -2.650000e+01
    endloop
  endfacet
  facet normal 0.000000e+00 -1.000000e+00 -0.000000e+00
    outer loop
      vertex   -1.600000e+00 0.000000e+00 -2.650000e+01
      vertex   -4.000000e+00 0.000000e+00 -3.960000e+01
      vertex   1.500000e+01 0.000000e+00 -3.960000e+01
    endloop
  endfacet
  facet normal 0.000000e+00 -1.000000e+00 0.000000e+00
    outer loop
      vertex   -1.600000e+00 0.000000e+00 -2.650000e+01
      vertex   1.500000e+01 0.000000e+00 -3.960000e+01
      vertex   1.467346e+01 0.000000e+00 -3.729831e+01
    endloop
  endfacet
  facet normal 0.000000e+00 -1.000000e+00 0.000000e+00
    outer loop
      vertex   1.467346e+01 0.000000e+00 -3.729831e+01
      vertex   1.500000e+01 0.000000e+00 -3.960000e+01
      vertex   1.474254e+01 0.000000e+00 -3.748568e+01
    endloop
  endfacet
  facet normal 0.000000e+00 -1.000000e+00 0.000000e+00
    outer loop
      vertex   1.474254e+01 0.000000e+00 -3.748568e+01
      vertex   1.500000e+01 0.000000e+00 -3.960000e+01
      vertex   1.485342e+01 0.000000e+00 -3.765176e+01
    endloop
  endfacet
  facet normal 0.000000e+00 -1.000000e+00 0.000000e+00
    outer loop
      vertex   1.485342e+01 0.000000e+00 -3.765176e+01
      vertex   1.500000e+01 0.000000e+00 -3.960000e+01
      vertex   1.500000e+01 0.000000e+00 -3.778739e+01
    endloop
  endfacet
  facet normal 0.000000e+00 -1.000000e+00 0.000000e+00
    outer loop
      vertex   1.467346e+01 0.000000e+00 -3.729831e+01
      vertex   1.465000e+01 0.000000e+00 -3.710000e+01
      vertex   -1.600000e+00 0.000000e+00 -2.650000e+01
    endloop
  endfacet
  facet normal 0.000000e+00 -1.000000e+00 0.000000e+00
    outer loop
      vertex   -1.600000e+00 0.000000e+00 -2.650000e+01
      vertex   1.465000e+01 0.000000e+00 -3.710000e+01
      vertex   1.300000e+01 0.000000e+00 -1.500000e+01
    endloop
  endfacet
  facet normal 0.000000e+00 -1.000000e+00 0.000000e+00
    outer loop
      vertex   -1.600000e+00 0.000000e+00 -2.650000e+01
      vertex   1.300000e+01 0.000000e+00 -1.500000e+01
      vertex   -1.600000e+00 0.000000e+00 -1.500000e+01
    endloop
  endfacet
  facet normal 0.000000e+00 -1.000000e+00 0.000000e+00
    outer loop
      vertex   1.465000e+01 0.000000e+00 -3.710000e+01
      vertex   1.467346e+01 0.000000e+00 -3.690169e+01
      vertex   1.300000e+01 0.000000e+00 -1.500000e+01
    endloop
  endfacet
  facet normal 0.000000e+00 -1.000000e+00 0.000000e+00
    outer loop
      vertex   1.300000e+01 0.000000e+00 -1.500000e+01
      vertex   1.467346e+01 0.000000e+00 -3.690169e+01
      vertex   1.474254e+01 0.000000e+00 -3.671432e+01
    endloop
  endfacet
  facet normal 0.000000e+00 -1.000000e+00 0.000000e+00
    outer loop
      vertex   1.300000e+01 0.000000e+00 -1.500000e+01
      vertex   1.474254e+01 0.000000e+00 -3.671432e+01
      vertex   1.485342e+01 0.000000e+00 -3.654824e+01
    endloop
  endfacet
  facet normal 0.000000e+00 -1.000000e+00 0.000000e+00
    outer loop
      vertex   1.485342e+01 0.000000e+00 -3.654824e+01
      vertex   1.500000e+01 0.000000e+00 -3.641261e+01
      vertex   1.300000e+01 0.000000e+00 -1.500000e+01
    endloop
  endfacet
  facet normal 0.000000e+00 -1.000000e+00 0.000000e+00
    outer loop
      vertex   1.300000e+01 0.000000e+00 -1.500000e+01
      vertex   1.500000e+01 0.000000e+00 -3.641261e+01
      vertex   1.500000e+01 0.000000e+00 -6.200002e+00
    endloop
  endfacet
  facet normal 0.000000e+00 -1.000000e+00 0.000000e+00
    outer loop
      vertex   1.300000e+01 0.000000e+00 -1.500000e+01
      vertex   1.500000e+01 0.000000e+00 -6.200002e+00
      vertex   1.400000e+01 0.000000e+00 -4.291534e-07
    endloop
  endfacet
  facet normal 0.000000e+00 -1.000000e+00 0.000000e+00
    outer loop
      vertex   1.400000e+01 0.000000e+00 -4.291534e-07
      vertex   1.500000e+01 0.000000e+00 -6.200002e+00
      vertex   1.500000e+01 0.000000e+00 2.731236e-07
    endloop
  endfacet
  facet normal -0.000000e+00 -1.000000e+00 0.000000e+00
    outer loop
      vertex   1.400000e+01 0.000000e+00 -4.291534e-07
      vertex   1.300000e+01 0.000000e+00 -4.291534e-07
      vertex   1.300000e+01 0.000000e+00 -1.500000e+01
    endloop
  endfacet
  facet normal -4.440892e-16 1.000000e+00 -7.162276e-22
    outer loop
      vertex   1.300000e+01 1.000000e+00 -9.900000e+01
      vertex   1.300000e+01 1.000000e+00 -9.600000e+01
      vertex   1.500000e+01 1.000000e+00 -9.900000e+01
    endloop
  endfacet
  facet normal -3.758722e-16 1.000000e+00 4.547736e-17
    outer loop
      vertex   1.500000e+01 1.000000e+00 -9.900000e+01
      vertex   1.300000e+01 1.000000e+00 -9.600000e+01
      vertex   1.500000e+01 1.000000e+00 -7.458739e+01
    endloop
  endfacet
  facet normal 1.000879e-16 1.000000e+00 1.021305e-18
    outer loop
      vertex   1.500000e+01 1.000000e+00 -7.458739e+01
      vertex   1.300000e+01 1.000000e+00 -9.600000e+01
      vertex   1.280000e+01 1.000000e+00 -7.640000e+01
    endloop
  endfacet
  facet normal 7.669317e-16 1.000000e+00 -8.083388e-16
    outer loop
      vertex   1.500000e+01 1.000000e+00 -7.458739e+01
      vertex   1.280000e+01 1.000000e+00 -7.640000e+01
      vertex   1.485342e+01 1.000000e+00 -7.445176e+01
    endloop
  endfacet
  facet normal 0.000000e+00 1.000000e+00 0.000000e+00
    outer loop
      vertex   1.485342e+01 1.000000e+00 -7.445176e+01
      vertex   1.280000e+01 1.000000e+00 -7.640000e+01
      vertex   1.474254e+01 1.000000e+00 -7.428568e+01
    endloop
  endfacet
  facet normal 0.000000e+00 1.000000e+00 0.000000e+00
    outer loop
      vertex   1.474254e+01 1.000000e+00 -7.428568e+01
      vertex   1.280000e+01 1.000000e+00 -7.640000e+01
      vertex   1.467346e+01 1.000000e+00 -7.409831e+01
    endloop
  endfacet
  facet normal 0.000000e+00 1.000000e+00 0.000000e+00
    outer loop
      vertex   1.467346e+01 1.000000e+00 -7.409831e+01
      vertex   1.280000e+01 1.000000e+00 -7.640000e+01
      vertex   1.465000e+01 1.000000e+00 -7.390000e+01
    endloop
  endfacet
  facet normal 0.000000e+00 1.000000e+00 0.000000e+00
    outer loop
      vertex   1.465000e+01 1.000000e+00 -7.390000e+01
      vertex   1.280000e+01 1.000000e+00 -7.640000e+01
      vertex   1.280000e+01 1.000000e+00 -7.140000e+01
    endloop
  endfacet
  facet normal 0.000000e+00 1.000000e+00 -0.000000e+00
    outer loop
      vertex   1.465000e+01 1.000000e+00 -7.390000e+01
      vertex   1.280000e+01 1.000000e+00 -7.140000e+01
      vertex   1.467346e+01 1.000000e+00 -7.370168e+01
    endloop
  endfacet
  facet normal 0.000000e+00 1.000000e+00 -0.000000e+00
    outer loop
      vertex   1.467346e+01 1.000000e+00 -7.370168e+01
      vertex   1.280000e+01 1.000000e+00 -7.140000e+01
      vertex   1.474254e+01 1.000000e+00 -7.351432e+01
    endloop
  endfacet
  facet normal -4.037173e-16 1.000000e+00 -3.709166e-16
    outer loop
      vertex   1.474254e+01 1.000000e+00 -7.351432e+01
      vertex   1.280000e+01 1.000000e+00 -7.140000e+01
      vertex   1.500000e+01 1.000000e+00 -7.140000e+01
    endloop
  endfacet
  facet normal 7.695070e-16 1.000000e+00 -5.137816e-16
    outer loop
      vertex   1.474254e+01 1.000000e+00 -7.351432e+01
      vertex   1.500000e+01 1.000000e+00 -7.140000e+01
      vertex   1.485342e+01 1.000000e+00 -7.334824e+01
    endloop
  endfacet
  facet normal 2.081622e-15 1.000000e+00 -6.124984e-16
    outer loop
      vertex   1.485342e+01 1.000000e+00 -7.334824e+01
      vertex   1.500000e+01 1.000000e+00 -7.140000e+01
      vertex   1.500000e+01 1.000000e+00 -7.321261e+01
    endloop
  endfacet
  facet normal 0.000000e+00 1.000000e+00 -1.147022e-05
    outer loop
      vertex   -1.700000e+00 1.000000e+00 -9.600000e+01
      vertex   -7.000000e-01 1.000000e+00 -9.599870e+01
      vertex   1.300000e+01 1.000000e+00 -9.600000e+01
    endloop
  endfacet
  facet normal 1.087676e-09 1.000000e+00 0.000000e+00
    outer loop
      vertex   1.300000e+01 1.000000e+00 -9.600000e+01
      vertex   -7.000000e-01 1.000000e+00 -9.599870e+01
      vertex   -7.000000e-01 1.000000e+00 -8.350000e+01
    endloop
  endfacet
  facet normal 1.636023e-09 1.000000e+00 6.009879e-10
    outer loop
      vertex   1.300000e+01 1.000000e+00 -9.600000e+01
      vertex   -7.000000e-01 1.000000e+00 -8.350000e+01
      vertex   5.800000e+00 1.000000e+00 -7.640000e+01
    endloop
  endfacet
  facet normal 7.298768e-10 1.000000e+00 1.430558e-09
    outer loop
      vertex   5.800000e+00 1.000000e+00 -7.640000e+01
      vertex   -7.000000e-01 1.000000e+00 -8.350000e+01
      vertex   -3.999995e+00 1.000000e+00 -7.140000e+01
    endloop
  endfacet
  facet normal -1.132881e-16 1.000000e+00 -2.220446e-16
    outer loop
      vertex   5.800000e+00 1.000000e+00 -7.640000e+01
      vertex   -3.999995e+00 1.000000e+00 -7.140000e+01
      vertex   5.800000e+00 1.000000e+00 -7.140000e+01
    endloop
  endfacet
  facet normal 0.000000e+00 1.000000e+00 -1.147022e-05
    outer loop
      vertex   -1.700000e+00 1.000000e+00 -9.600000e+01
      vertex   -1.700000e+00 1.000000e+00 -9.599870e+01
      vertex   -7.000000e-01 1.000000e+00 -9.599870e+01
    endloop
  endfacet
  facet normal 0.000000e+00 1.000000e+00 1.231501e-09
    outer loop
      vertex   -7.000000e-01 1.000000e+00 -8.350000e+01
      vertex   -3.999995e+00 1.000000e+00 -8.350000e+01
      vertex   -3.999995e+00 1.000000e+00 -7.140000e+01
    endloop
  endfacet
  facet normal -3.172066e-17 1.000000e+00 -3.236803e-19
    outer loop
      vertex   5.800000e+00 1.000000e+00 -7.640000e+01
      vertex   1.280000e+01 1.000000e+00 -7.640000e+01
      vertex   1.300000e+01 1.000000e+00 -9.600000e+01
    endloop
  endfacet
  facet normal 0.000000e+00 -9.811865e-08 -1.000000e+00
    outer loop
      vertex   1.400000e+01 0.000000e+00 -1.110000e+02
      vertex   1.400000e+01 1.700000e+01 -1.110000e+02
      vertex   1.500000e+01 0.000000e+00 -1.110000e+02
    endloop
  endfacet
  facet normal 0.000000e+00 -9.811865e-08 -1.000000e+00
    outer loop
      vertex   1.500000e+01 0.000000e+00 -1.110000e+02
      vertex   1.400000e+01 1.700000e+01 -1.110000e+02
      vertex   1.500000e+01 1.700000e+01 -1.110000e+02
    endloop
  endfacet
  facet normal 0.000000e+00 0.000000e+00 -1.000000e+00
    outer loop
      vertex   -4.999995e+00 1.700000e+01 -1.048000e+02
      vertex   1.300000e+01 2.699998e+01 -1.048000e+02
      vertex   1.500000e+01 1.700000e+01 -1.048000e+02
    endloop
  endfacet
  facet normal 0.000000e+00 0.000000e+00 -1.000000e+00
    outer loop
      vertex   1.500000e+01 1.700000e+01 -1.048000e+02
      vertex   1.300000e+01 2.699998e+01 -1.048000e+02
      vertex   1.400000e+01 2.699998e+01 -1.048000e+02
    endloop
  endfacet
  facet normal 1.757421e-06 1.757425e-07 -1.000000e+00
    outer loop
      vertex   1.500000e+01 1.700000e+01 -1.048000e+02
      vertex   1.400000e+01 2.699998e+01 -1.048000e+02
      vertex   1.500000e+01 2.700000e+01 -1.048000e+02
    endloop
  endfacet
  facet normal 0.000000e+00 8.728371e-02 -9.961835e-01
    outer loop
      vertex   1.500000e+01 2.700000e+01 -1.048000e+02
      vertex   1.400000e+01 2.699998e+01 -1.048000e+02
      vertex   1.400000e+01 2.700000e+01 -1.048000e+02
    endloop
  endfacet
  facet normal 0.000000e+00 0.000000e+00 -1.000000e+00
    outer loop
      vertex   -4.999995e+00 2.699998e+01 -1.048000e+02
      vertex   -3.999995e+00 2.699998e+01 -1.048000e+02
      vertex   -4.999995e+00 1.700000e+01 -1.048000e+02
    endloop
  endfacet
  facet normal 0.000000e+00 0.000000e+00 -1.000000e+00
    outer loop
      vertex   -4.999995e+00 1.700000e+01 -1.048000e+02
      vertex   -3.999995e+00 2.699998e+01 -1.048000e+02
      vertex   1.300000e+01 2.699998e+01 -1.048000e+02
    endloop
  endfacet
  facet normal 1.286602e-07 5.894548e-01 -8.078014e-01
    outer loop
      vertex   1.400000e+01 6.245013e+00 -6.200003e+00
      vertex   1.400000e+01 6.468479e+00 -6.036939e+00
      vertex   1.500000e+01 6.245014e+00 -6.200002e+00
    endloop
  endfacet
  facet normal 5.672997e-07 5.894560e-01 -8.078005e-01
    outer loop
      vertex   1.500000e+01 6.245014e+00 -6.200002e+00
      vertex   1.400000e+01 6.468479e+00 -6.036939e+00
      vertex   1.500000e+01 6.468479e+00 -6.036939e+00
    endloop
  endfacet
  facet normal 6.526398e-07 3.692764e-01 -9.293196e-01
    outer loop
      vertex   1.500000e+01 6.468479e+00 -6.036939e+00
      vertex   1.400000e+01 6.468479e+00 -6.036939e+00
      vertex   1.500000e+01 6.725561e+00 -5.934784e+00
    endloop
  endfacet
  facet normal 6.526398e-07 3.692764e-01 -9.293196e-01
    outer loop
      vertex   1.500000e+01 6.725561e+00 -5.934784e+00
      vertex   1.400000e+01 6.468479e+00 -6.036939e+00
      vertex   1.400000e+01 6.725561e+00 -5.934785e+00
    endloop
  endfacet
  facet normal 6.967029e-07 1.257430e-01 -9.920628e-01
    outer loop
      vertex   1.500000e+01 6.725561e+00 -5.934784e+00
      vertex   1.400000e+01 6.725561e+00 -5.934785e+00
      vertex   1.500000e+01 7.000000e+00 -5.899999e+00
    endloop
  endfacet
  facet normal 6.967029e-07 1.257430e-01 -9.920628e-01
    outer loop
      vertex   1.500000e+01 7.000000e+00 -5.899999e+00
      vertex   1.400000e+01 6.725561e+00 -5.934785e+00
      vertex   1.400000e+01 7.000000e+00 -5.900000e+00
    endloop
  endfacet
  facet normal 6.967029e-07 -1.257430e-01 -9.920628e-01
    outer loop
      vertex   1.500000e+01 7.000000e+00 -5.899999e+00
      vertex   1.400000e+01 7.000000e+00 -5.900000e+00
      vertex   1.500000e+01 7.274439e+00 -5.934784e+00
    endloop
  endfacet
  facet normal 6.967029e-07 -1.257430e-01 -9.920628e-01
    outer loop
      vertex   1.500000e+01 7.274439e+00 -5.934784e+00
      vertex   1.400000e+01 7.000000e+00 -5.900000e+00
      vertex   1.400000e+01 7.274439e+00 -5.934785e+00
    endloop
  endfacet
  facet normal 6.526398e-07 -3.692764e-01 -9.293196e-01
    outer loop
      vertex   1.500000e+01 7.274439e+00 -5.934784e+00
      vertex   1.400000e+01 7.274439e+00 -5.934785e+00
      vertex   1.500000e+01 7.531521e+00 -6.036939e+00
    endloop
  endfacet
  facet normal 6.526398e-07 -3.692764e-01 -9.293196e-01
    outer loop
      vertex   1.500000e+01 7.531521e+00 -6.036939e+00
      vertex   1.400000e+01 7.274439e+00 -5.934785e+00
      vertex   1.400000e+01 7.531521e+00 -6.036939e+00
    endloop
  endfacet
  facet normal 5.672997e-07 -5.894560e-01 -8.078005e-01
    outer loop
      vertex   1.500000e+01 7.531521e+00 -6.036939e+00
      vertex   1.400000e+01 7.531521e+00 -6.036939e+00
      vertex   1.500000e+01 7.754986e+00 -6.200002e+00
    endloop
  endfacet
  facet normal 1.286602e-07 -5.894548e-01 -8.078014e-01
    outer loop
      vertex   1.500000e+01 7.754986e+00 -6.200002e+00
      vertex   1.400000e+01 7.531521e+00 -6.036939e+00
      vertex   1.400000e+01 7.754987e+00 -6.200003e+00
    endloop
  endfacet
  facet normal -7.022770e-07 -2.524432e-08 1.000000e+00
    outer loop
      vertex   1.400000e+01 1.700000e+01 9.184851e-16
      vertex   1.400000e+01 0.000000e+00 -4.291534e-07
      vertex   1.500000e+01 1.700000e+01 7.022770e-07
    endloop
  endfacet
  facet normal -7.022770e-07 -2.524432e-08 1.000000e+00
    outer loop
      vertex   1.500000e+01 1.700000e+01 7.022770e-07
      vertex   1.400000e+01 0.000000e+00 -4.291534e-07
      vertex   1.500000e+01 0.000000e+00 2.731236e-07
    endloop
  endfacet
  facet normal 1.000000e+00 4.285473e-07 -5.730183e-16
    outer loop
      vertex   1.500000e+01 1.700000e+01 7.022770e-07
      vertex   1.500000e+01 7.274439e+00 -5.934784e+00
      vertex   1.500000e+01 1.700000e+01 -6.199999e+00
    endloop
  endfacet
  facet normal 1.000000e+00 4.806865e-07 1.911971e-06
    outer loop
      vertex   1.500000e+01 1.700000e+01 -6.199999e+00
      vertex   1.500000e+01 7.274439e+00 -5.934784e+00
      vertex   1.500000e+01 7.531521e+00 -6.036939e+00
    endloop
  endfacet
  facet normal 1.000000e+00 8.639062e-12 -2.599968e-05
    outer loop
      vertex   1.500000e+01 1.700000e+01 -6.199999e+00
      vertex   1.500000e+01 7.531521e+00 -6.036939e+00
      vertex   1.500000e+01 7.754986e+00 -6.200002e+00
    endloop
  endfacet
  facet normal 1.000000e+00 4.748767e-16 7.022770e-07
    outer loop
      vertex   1.500000e+01 7.274439e+00 -5.934784e+00
      vertex   1.500000e+01 1.700000e+01 7.022770e-07
      vertex   1.500000e+01 7.000000e+00 -5.899999e+00
    endloop
  endfacet
  facet normal 1.000000e+00 -1.919139e-14 7.022770e-07
    outer loop
      vertex   1.500000e+01 7.000000e+00 -5.899999e+00
      vertex   1.500000e+01 1.700000e+01 7.022770e-07
      vertex   1.500000e+01 0.000000e+00 2.731236e-07
    endloop
  endfacet
  facet normal 1.000000e+00 -6.594135e-15 7.022770e-07
    outer loop
      vertex   1.500000e+01 7.000000e+00 -5.899999e+00
      vertex   1.500000e+01 0.000000e+00 2.731236e-07
      vertex   1.500000e+01 6.725561e+00 -5.934784e+00
    endloop
  endfacet
  facet normal 1.000000e+00 -6.493963e-07 -3.364773e-08
    outer loop
      vertex   1.500000e+01 6.725561e+00 -5.934784e+00
      vertex   1.500000e+01 0.000000e+00 2.731236e-07
      vertex   1.500000e+01 0.000000e+00 -6.200002e+00
    endloop
  endfacet
  facet normal 1.000000e+00 -7.531610e-07 2.597680e-06
    outer loop
      vertex   1.500000e+01 6.725561e+00 -5.934784e+00
      vertex   1.500000e+01 0.000000e+00 -6.200002e+00
      vertex   1.500000e+01 6.468479e+00 -6.036939e+00
    endloop
  endfacet
  facet normal 1.000000e+00 -3.340525e-08 -2.595392e-05
    outer loop
      vertex   1.500000e+01 6.468479e+00 -6.036939e+00
      vertex   1.500000e+01 0.000000e+00 -6.200002e+00
      vertex   1.500000e+01 6.245014e+00 -6.200002e+00
    endloop
  endfacet
  facet normal -9.978589e-01 6.540313e-02 0.000000e+00
    outer loop
      vertex   1.080000e+01 6.000000e+00 -7.140000e+01
      vertex   1.080000e+01 6.000000e+00 -7.640000e+01
      vertex   1.075722e+01 5.347369e+00 -7.140000e+01
    endloop
  endfacet
  facet normal -9.978589e-01 6.540313e-02 1.161794e-17
    outer loop
      vertex   1.075722e+01 5.347369e+00 -7.140000e+01
      vertex   1.080000e+01 6.000000e+00 -7.640000e+01
      vertex   1.075722e+01 5.347369e+00 -7.640000e+01
    endloop
  endfacet
  facet normal -9.807853e-01 1.950903e-01 3.465503e-17
    outer loop
      vertex   1.075722e+01 5.347369e+00 -7.140000e+01
      vertex   1.075722e+01 5.347369e+00 -7.640000e+01
      vertex   1.062963e+01 4.705905e+00 -7.140000e+01
    endloop
  endfacet
  facet normal -9.807853e-01 1.950903e-01 3.465503e-17
    outer loop
      vertex   1.062963e+01 4.705905e+00 -7.140000e+01
      vertex   1.075722e+01 5.347369e+00 -7.640000e+01
      vertex   1.062963e+01 4.705905e+00 -7.640000e+01
    endloop
  endfacet
  facet normal -9.469301e-01 3.214395e-01 5.709916e-17
    outer loop
      vertex   1.062963e+01 4.705905e+00 -7.140000e+01
      vertex   1.062963e+01 4.705905e+00 -7.640000e+01
      vertex   1.041940e+01 4.086583e+00 -7.140000e+01
    endloop
  endfacet
  facet normal -9.469301e-01 3.214395e-01 0.000000e+00
    outer loop
      vertex   1.041940e+01 4.086583e+00 -7.140000e+01
      vertex   1.062963e+01 4.705905e+00 -7.640000e+01
      vertex   1.041940e+01 4.086583e+00 -7.640000e+01
    endloop
  endfacet
  facet normal -8.968727e-01 4.422887e-01 0.000000e+00
    outer loop
      vertex   1.041940e+01 4.086583e+00 -7.140000e+01
      vertex   1.041940e+01 4.086583e+00 -7.640000e+01
      vertex   1.013013e+01 3.500000e+00 -7.140000e+01
    endloop
  endfacet
  facet normal -8.968727e-01 4.422887e-01 0.000000e+00
    outer loop
      vertex   1.013013e+01 3.500000e+00 -7.140000e+01
      vertex   1.041940e+01 4.086583e+00 -7.640000e+01
      vertex   1.013013e+01 3.500000e+00 -7.640000e+01
    endloop
  endfacet
  facet normal -8.314696e-01 5.555702e-01 0.000000e+00
    outer loop
      vertex   1.013013e+01 3.500000e+00 -7.140000e+01
      vertex   1.013013e+01 3.500000e+00 -7.640000e+01
      vertex   9.766766e+00 2.956193e+00 -7.140000e+01
    endloop
  endfacet
  facet normal -8.314696e-01 5.555702e-01 0.000000e+00
    outer loop
      vertex   9.766766e+00 2.956193e+00 -7.140000e+01
      vertex   1.013013e+01 3.500000e+00 -7.640000e+01
      vertex   9.766766e+00 2.956193e+00 -7.640000e+01
    endloop
  endfacet
  facet normal -7.518398e-01 6.593458e-01 0.000000e+00
    outer loop
      vertex   9.766766e+00 2.956193e+00 -7.140000e+01
      vertex   9.766766e+00 2.956193e+00 -7.640000e+01
      vertex   9.335534e+00 2.464466e+00 -7.140000e+01
    endloop
  endfacet
  facet normal -7.518398e-01 6.593458e-01 0.000000e+00
    outer loop
      vertex   9.335534e+00 2.464466e+00 -7.140000e+01
      vertex   9.766766e+00 2.956193e+00 -7.640000e+01
      vertex   9.335534e+00 2.464466e+00 -7.640000e+01
    endloop
  endfacet
  facet normal -6.593458e-01 7.518398e-01 0.000000e+00
    outer loop
      vertex   9.335534e+00 2.464466e+00 -7.140000e+01
      vertex   9.335534e+00 2.464466e+00 -7.640000e+01
      vertex   8.843807e+00 2.033233e+00 -7.140000e+01
    endloop
  endfacet
  facet normal -6.593458e-01 7.518398e-01 0.000000e+00
    outer loop
      vertex   8.843807e+00 2.033233e+00 -7.140000e+01
      vertex   9.335534e+00 2.464466e+00 -7.640000e+01
      vertex   8.843807e+00 2.033233e+00 -7.640000e+01
    endloop
  endfacet
  facet normal -5.555702e-01 8.314696e-01 0.000000e+00
    outer loop
      vertex   8.843807e+00 2.033233e+00 -7.140000e+01
      vertex   8.843807e+00 2.033233e+00 -7.640000e+01
      vertex   8.300000e+00 1.669873e+00 -7.140000e+01
    endloop
  endfacet
  facet normal -5.555702e-01 8.314696e-01 3.692469e-17
    outer loop
      vertex   8.300000e+00 1.669873e+00 -7.140000e+01
      vertex   8.843807e+00 2.033233e+00 -7.640000e+01
      vertex   8.300000e+00 1.669873e+00 -7.640000e+01
    endloop
  endfacet
  facet normal -4.422887e-01 8.968727e-01 3.982918e-17
    outer loop
      vertex   8.300000e+00 1.669873e+00 -7.140000e+01
      vertex   8.300000e+00 1.669873e+00 -7.640000e+01
      vertex   7.713417e+00 1.380602e+00 -7.140000e+01
    endloop
  endfacet
  facet normal -4.422887e-01 8.968727e-01 0.000000e+00
    outer loop
      vertex   7.713417e+00 1.380602e+00 -7.140000e+01
      vertex   8.300000e+00 1.669873e+00 -7.640000e+01
      vertex   7.713417e+00 1.380602e+00 -7.640000e+01
    endloop
  endfacet
  facet normal -3.214395e-01 9.469301e-01 0.000000e+00
    outer loop
      vertex   7.713417e+00 1.380602e+00 -7.140000e+01
      vertex   7.713417e+00 1.380602e+00 -7.640000e+01
      vertex   7.094095e+00 1.170371e+00 -7.140000e+01
    endloop
  endfacet
  facet normal -3.214395e-01 9.469301e-01 1.261565e-16
    outer loop
      vertex   7.094095e+00 1.170371e+00 -7.140000e+01
      vertex   7.713417e+00 1.380602e+00 -7.640000e+01
      vertex   7.094095e+00 1.170371e+00 -7.640000e+01
    endloop
  endfacet
  facet normal -1.950903e-01 9.807853e-01 1.306669e-16
    outer loop
      vertex   7.094095e+00 1.170371e+00 -7.140000e+01
      vertex   7.094095e+00 1.170371e+00 -7.640000e+01
      vertex   6.452631e+00 1.042776e+00 -7.140000e+01
    endloop
  endfacet
  facet normal -1.950903e-01 9.807853e-01 -3.465503e-17
    outer loop
      vertex   6.452631e+00 1.042776e+00 -7.140000e+01
      vertex   7.094095e+00 1.170371e+00 -7.640000e+01
      vertex   6.452631e+00 1.042776e+00 -7.640000e+01
    endloop
  endfacet
  facet normal -6.540313e-02 9.978589e-01 -1.161794e-17
    outer loop
      vertex   6.452631e+00 1.042776e+00 -7.140000e+01
      vertex   6.452631e+00 1.042776e+00 -7.640000e+01
      vertex   5.800000e+00 1.000000e+00 -7.640000e+01
    endloop
  endfacet
  facet normal -6.540313e-02 9.978589e-01 -2.215692e-16
    outer loop
      vertex   5.800000e+00 1.000000e+00 -7.640000e+01
      vertex   5.800000e+00 1.000000e+00 -7.140000e+01
      vertex   6.452631e+00 1.042776e+00 -7.140000e+01
    endloop
  endfacet
  facet normal -6.540313e-02 9.978589e-01 0.000000e+00
    outer loop
      vertex   5.800000e+00 1.000000e+00 -3.959975e+01
      vertex   5.800000e+00 1.000000e+00 -3.460000e+01
      vertex   6.452630e+00 1.042776e+00 -3.959975e+01
    endloop
  endfacet
  facet normal -6.540313e-02 9.978589e-01 -1.161850e-17
    outer loop
      vertex   6.452630e+00 1.042776e+00 -3.959975e+01
      vertex   5.800000e+00 1.000000e+00 -3.460000e+01
      vertex   6.452630e+00 1.042776e+00 -3.460000e+01
    endloop
  endfacet
  facet normal -1.950903e-01 9.807853e-01 -3.465670e-17
    outer loop
      vertex   6.452630e+00 1.042776e+00 -3.959975e+01
      vertex   6.452630e+00 1.042776e+00 -3.460000e+01
      vertex   7.094095e+00 1.170371e+00 -3.959975e+01
    endloop
  endfacet
  facet normal -1.950903e-01 9.807853e-01 1.306732e-16
    outer loop
      vertex   7.094095e+00 1.170371e+00 -3.959975e+01
      vertex   6.452630e+00 1.042776e+00 -3.460000e+01
      vertex   7.094095e+00 1.170371e+00 -3.460000e+01
    endloop
  endfacet
  facet normal -3.214395e-01 9.469301e-01 1.261626e-16
    outer loop
      vertex   7.094095e+00 1.170371e+00 -3.959975e+01
      vertex   7.094095e+00 1.170371e+00 -3.460000e+01
      vertex   7.713417e+00 1.380602e+00 -3.959975e+01
    endloop
  endfacet
  facet normal -3.214395e-01 9.469301e-01 0.000000e+00
    outer loop
      vertex   7.713417e+00 1.380602e+00 -3.959975e+01
      vertex   7.094095e+00 1.170371e+00 -3.460000e+01
      vertex   7.713417e+00 1.380602e+00 -3.460000e+01
    endloop
  endfacet
  facet normal -4.422887e-01 8.968727e-01 0.000000e+00
    outer loop
      vertex   7.713417e+00 1.380602e+00 -3.959975e+01
      vertex   7.713417e+00 1.380602e+00 -3.460000e+01
      vertex   8.300000e+00 1.669873e+00 -3.959975e+01
    endloop
  endfacet
  facet normal -4.422887e-01 8.968727e-01 -1.173091e-16
    outer loop
      vertex   8.300000e+00 1.669873e+00 -3.959975e+01
      vertex   7.713417e+00 1.380602e+00 -3.460000e+01
      vertex   8.300000e+00 1.669873e+00 -3.460000e+01
    endloop
  endfacet
  facet normal -5.555702e-01 8.314696e-01 -1.604614e-16
    outer loop
      vertex   8.300000e+00 1.669873e+00 -3.959975e+01
      vertex   8.300000e+00 1.669873e+00 -3.460000e+01
      vertex   8.843807e+00 2.033233e+00 -3.959975e+01
    endloop
  endfacet
  facet normal -5.555702e-01 8.314696e-01 0.000000e+00
    outer loop
      vertex   8.843807e+00 2.033233e+00 -3.959975e+01
      vertex   8.300000e+00 1.669873e+00 -3.460000e+01
      vertex   8.843807e+00 2.033233e+00 -3.460000e+01
    endloop
  endfacet
  facet normal -6.593458e-01 7.518398e-01 0.000000e+00
    outer loop
      vertex   8.843807e+00 2.033233e+00 -3.959975e+01
      vertex   8.843807e+00 2.033233e+00 -3.460000e+01
      vertex   9.335533e+00 2.464466e+00 -3.959975e+01
    endloop
  endfacet
  facet normal -6.593458e-01 7.518398e-01 0.000000e+00
    outer loop
      vertex   9.335533e+00 2.464466e+00 -3.959975e+01
      vertex   8.843807e+00 2.033233e+00 -3.460000e+01
      vertex   9.335533e+00 2.464466e+00 -3.460000e+01
    endloop
  endfacet
  facet normal -7.518398e-01 6.593458e-01 0.000000e+00
    outer loop
      vertex   9.335533e+00 2.464466e+00 -3.959975e+01
      vertex   9.335533e+00 2.464466e+00 -3.460000e+01
      vertex   9.766766e+00 2.956193e+00 -3.959975e+01
    endloop
  endfacet
  facet normal -7.518398e-01 6.593458e-01 0.000000e+00
    outer loop
      vertex   9.766766e+00 2.956193e+00 -3.959975e+01
      vertex   9.335533e+00 2.464466e+00 -3.460000e+01
      vertex   9.766766e+00 2.956193e+00 -3.460000e+01
    endloop
  endfacet
  facet normal -8.314696e-01 5.555702e-01 0.000000e+00
    outer loop
      vertex   9.766766e+00 2.956193e+00 -3.959975e+01
      vertex   9.766766e+00 2.956193e+00 -3.460000e+01
      vertex   1.013013e+01 3.500000e+00 -3.959975e+01
    endloop
  endfacet
  facet normal -8.314696e-01 5.555702e-01 0.000000e+00
    outer loop
      vertex   1.013013e+01 3.500000e+00 -3.959975e+01
      vertex   9.766766e+00 2.956193e+00 -3.460000e+01
      vertex   1.013013e+01 3.500000e+00 -3.460000e+01
    endloop
  endfacet
  facet normal -8.968727e-01 4.422887e-01 0.000000e+00
    outer loop
      vertex   1.013013e+01 3.500000e+00 -3.959975e+01
      vertex   1.013013e+01 3.500000e+00 -3.460000e+01
      vertex   1.041940e+01 4.086583e+00 -3.959975e+01
    endloop
  endfacet
  facet normal -8.968727e-01 4.422887e-01 0.000000e+00
    outer loop
      vertex   1.041940e+01 4.086583e+00 -3.959975e+01
      vertex   1.013013e+01 3.500000e+00 -3.460000e+01
      vertex   1.041940e+01 4.086583e+00 -3.460000e+01
    endloop
  endfacet
  facet normal -9.469301e-01 3.214395e-01 0.000000e+00
    outer loop
      vertex   1.041940e+01 4.086583e+00 -3.959975e+01
      vertex   1.041940e+01 4.086583e+00 -3.460000e+01
      vertex   1.062963e+01 4.705905e+00 -3.959975e+01
    endloop
  endfacet
  facet normal -9.469301e-01 3.214395e-01 5.710191e-17
    outer loop
      vertex   1.062963e+01 4.705905e+00 -3.959975e+01
      vertex   1.041940e+01 4.086583e+00 -3.460000e+01
      vertex   1.062963e+01 4.705905e+00 -3.460000e+01
    endloop
  endfacet
  facet normal -9.807853e-01 1.950903e-01 3.465670e-17
    outer loop
      vertex   1.062963e+01 4.705905e+00 -3.959975e+01
      vertex   1.062963e+01 4.705905e+00 -3.460000e+01
      vertex   1.075722e+01 5.347369e+00 -3.959975e+01
    endloop
  endfacet
  facet normal -9.807853e-01 1.950903e-01 3.465670e-17
    outer loop
      vertex   1.075722e+01 5.347369e+00 -3.959975e+01
      vertex   1.062963e+01 4.705905e+00 -3.460000e+01
      vertex   1.075722e+01 5.347369e+00 -3.460000e+01
    endloop
  endfacet
  facet normal -9.978589e-01 6.540313e-02 1.161850e-17
    outer loop
      vertex   1.075722e+01 5.347369e+00 -3.959975e+01
      vertex   1.075722e+01 5.347369e+00 -3.460000e+01
      vertex   1.080000e+01 6.000000e+00 -3.959975e+01
    endloop
  endfacet
  facet normal -9.978589e-01 6.540313e-02 0.000000e+00
    outer loop
      vertex   1.080000e+01 6.000000e+00 -3.959975e+01
      vertex   1.075722e+01 5.347369e+00 -3.460000e+01
      vertex   1.080000e+01 6.000000e+00 -3.460000e+01
    endloop
  endfacet
  facet normal -1.000000e+00 0.000000e+00 0.000000e+00
    outer loop
      vertex   1.080000e+01 6.000000e+00 -3.959975e+01
      vertex   1.080000e+01 6.000000e+00 -3.460000e+01
      vertex   1.080000e+01 6.200000e+00 -3.959975e+01
    endloop
  endfacet
  facet normal -1.000000e+00 0.000000e+00 0.000000e+00
    outer loop
      vertex   1.080000e+01 6.200000e+00 -3.959975e+01
      vertex   1.080000e+01 6.000000e+00 -3.460000e+01
      vertex   1.080000e+01 6.200000e+00 -3.460000e+01
    endloop
  endfacet
  facet normal -1.000000e+00 -0.000000e+00 -0.000000e+00
    outer loop
      vertex   1.000000e+01 2.600000e+01 -7.200000e+00
      vertex   1.000000e+01 2.600000e+01 -1.200000e+01
      vertex   1.000000e+01 2.400000e+01 -7.200000e+00
    endloop
  endfacet
  facet normal -1.000000e+00 0.000000e+00 0.000000e+00
    outer loop
      vertex   1.000000e+01 2.400000e+01 -7.200000e+00
      vertex   1.000000e+01 2.600000e+01 -1.200000e+01
      vertex   1.000000e+01 2.400000e+01 -1.200000e+01
    endloop
  endfacet
  facet normal -1.000000e+00 -0.000000e+00 -0.000000e+00
    outer loop
      vertex   1.000000e+01 2.600000e+01 -9.900000e+01
      vertex   1.000000e+01 2.600000e+01 -1.038000e+02
      vertex   1.000000e+01 2.400000e+01 -9.900000e+01
    endloop
  endfacet
  facet normal -1.000000e+00 0.000000e+00 0.000000e+00
    outer loop
      vertex   1.000000e+01 2.400000e+01 -9.900000e+01
      vertex   1.000000e+01 2.600000e+01 -1.038000e+02
      vertex   1.000000e+01 2.400000e+01 -1.038000e+02
    endloop
  endfacet
  facet normal 0.000000e+00 0.000000e+00 1.000000e+00
    outer loop
      vertex   1.500000e+01 1.700000e+01 -1.038000e+02
      vertex   1.500000e+01 2.400000e+01 -1.038000e+02
      vertex   1.400000e+01 1.700000e+01 -1.038000e+02
    endloop
  endfacet
  facet normal 0.000000e+00 -0.000000e+00 1.000000e+00
    outer loop
      vertex   1.400000e+01 1.700000e+01 -1.038000e+02
      vertex   1.500000e+01 2.400000e+01 -1.038000e+02
      vertex   1.300000e+01 1.700000e+01 -1.038000e+02
    endloop
  endfacet
  facet normal 0.000000e+00 -0.000000e+00 1.000000e+00
    outer loop
      vertex   1.300000e+01 1.700000e+01 -1.038000e+02
      vertex   1.500000e+01 2.400000e+01 -1.038000e+02
      vertex   1.000000e+01 2.400000e+01 -1.038000e+02
    endloop
  endfacet
  facet normal -3.365552e-07 -1.442379e-07 1.000000e+00
    outer loop
      vertex   1.300000e+01 1.700000e+01 -1.038000e+02
      vertex   1.000000e+01 2.400000e+01 -1.038000e+02
      vertex   -3.999995e+00 1.600000e+01 -1.038000e+02
    endloop
  endfacet
  facet normal -4.189769e-07 1.291898e-15 1.000000e+00
    outer loop
      vertex   -3.999995e+00 1.600000e+01 -1.038000e+02
      vertex   1.000000e+01 2.400000e+01 -1.038000e+02
      vertex   -3.999995e+00 2.699998e+01 -1.038000e+02
    endloop
  endfacet
  facet normal -4.189769e-07 0.000000e+00 1.000000e+00
    outer loop
      vertex   -3.999995e+00 2.699998e+01 -1.038000e+02
      vertex   1.000000e+01 2.400000e+01 -1.038000e+02
      vertex   1.000000e+01 2.600000e+01 -1.038000e+02
    endloop
  endfacet
  facet normal -0.000000e+00 5.865792e-06 1.000000e+00
    outer loop
      vertex   -3.999995e+00 2.699998e+01 -1.038000e+02
      vertex   1.000000e+01 2.600000e+01 -1.038000e+02
      vertex   1.300000e+01 2.699998e+01 -1.038000e+02
    endloop
  endfacet
  facet normal 0.000000e+00 5.865792e-06 1.000000e+00
    outer loop
      vertex   1.300000e+01 2.699998e+01 -1.038000e+02
      vertex   1.000000e+01 2.600000e+01 -1.038000e+02
      vertex   1.500000e+01 2.600000e+01 -1.038000e+02
    endloop
  endfacet
  facet normal -2.396705e-06 1.072296e-06 1.000000e+00
    outer loop
      vertex   1.300000e+01 2.699998e+01 -1.038000e+02
      vertex   1.500000e+01 2.600000e+01 -1.038000e+02
      vertex   1.400000e+01 2.700000e+01 -1.038000e+02
    endloop
  endfacet
  facet normal 2.842184e-14 3.468990e-06 1.000000e+00
    outer loop
      vertex   1.400000e+01 2.700000e+01 -1.038000e+02
      vertex   1.500000e+01 2.600000e+01 -1.038000e+02
      vertex   1.500000e+01 2.700000e+01 -1.038000e+02
    endloop
  endfacet
  facet normal 3.329523e-06 -2.806823e-01 9.598007e-01
    outer loop
      vertex   1.400000e+01 2.700000e+01 -1.038000e+02
      vertex   1.300000e+01 2.700000e+01 -1.038000e+02
      vertex   1.300000e+01 2.699998e+01 -1.038000e+02
    endloop
  endfacet
  facet normal 0.000000e+00 -5.865682e-06 1.000000e+00
    outer loop
      vertex   -3.999995e+00 1.600000e+01 -1.038000e+02
      vertex   1.300000e+01 1.600000e+01 -1.038000e+02
      vertex   1.300000e+01 1.700000e+01 -1.038000e+02
    endloop
  endfacet
  facet normal 9.932384e-01 -0.000000e+00 1.160929e-01
    outer loop
      vertex   1.379717e+01 2.500000e+01 -1.000358e+01
      vertex   1.379717e+01 2.600000e+01 -1.000358e+01
      vertex   1.375000e+01 2.500000e+01 -9.600000e+00
    endloop
  endfacet
  facet normal 9.932384e-01 -0.000000e+00 1.160929e-01
    outer loop
      vertex   1.375000e+01 2.500000e+01 -9.600000e+00
      vertex   1.379717e+01 2.600000e+01 -1.000358e+01
      vertex   1.375000e+01 2.600000e+01 -9.600000e+00
    endloop
  endfacet
  facet normal 9.932384e-01 0.000000e+00 -1.160929e-01
    outer loop
      vertex   1.375000e+01 2.500000e+01 -9.600000e+00
      vertex   1.375000e+01 2.600000e+01 -9.600000e+00
      vertex   1.379717e+01 2.500000e+01 -9.196422e+00
    endloop
  endfacet
  facet normal 9.932384e-01 0.000000e+00 -1.160929e-01
    outer loop
      vertex   1.379717e+01 2.500000e+01 -9.196422e+00
      vertex   1.375000e+01 2.600000e+01 -9.600000e+00
      vertex   1.379717e+01 2.600000e+01 -9.196422e+00
    endloop
  endfacet
  facet normal 9.396926e-01 0.000000e+00 -3.420201e-01
    outer loop
      vertex   1.379717e+01 2.500000e+01 -9.196422e+00
      vertex   1.379717e+01 2.600000e+01 -9.196422e+00
      vertex   1.393614e+01 2.500000e+01 -8.814601e+00
    endloop
  endfacet
  facet normal 9.396926e-01 0.000000e+00 -3.420201e-01
    outer loop
      vertex   1.393614e+01 2.500000e+01 -8.814601e+00
      vertex   1.379717e+01 2.600000e+01 -9.196422e+00
      vertex   1.393614e+01 2.600000e+01 -8.814601e+00
    endloop
  endfacet
  facet normal 8.354878e-01 0.000000e+00 -5.495090e-01
    outer loop
      vertex   1.393614e+01 2.500000e+01 -8.814601e+00
      vertex   1.393614e+01 2.600000e+01 -8.814601e+00
      vertex   1.415942e+01 2.500000e+01 -8.475121e+00
    endloop
  endfacet
  facet normal 8.354878e-01 0.000000e+00 -5.495090e-01
    outer loop
      vertex   1.415942e+01 2.500000e+01 -8.475121e+00
      vertex   1.393614e+01 2.600000e+01 -8.814601e+00
      vertex   1.415942e+01 2.600000e+01 -8.475121e+00
    endloop
  endfacet
  facet normal 6.862416e-01 0.000000e+00 -7.273736e-01
    outer loop
      vertex   1.415942e+01 2.500000e+01 -8.475121e+00
      vertex   1.415942e+01 2.600000e+01 -8.475121e+00
      vertex   1.445497e+01 2.500000e+01 -8.196284e+00
    endloop
  endfacet
  facet normal 6.862416e-01 0.000000e+00 -7.273736e-01
    outer loop
      vertex   1.445497e+01 2.500000e+01 -8.196284e+00
      vertex   1.415942e+01 2.600000e+01 -8.475121e+00
      vertex   1.445497e+01 2.600000e+01 -8.196284e+00
    endloop
  endfacet
  facet normal 5.000000e-01 0.000000e+00 -8.660254e-01
    outer loop
      vertex   1.445497e+01 2.500000e+01 -8.196284e+00
      vertex   1.445497e+01 2.600000e+01 -8.196284e+00
      vertex   1.480686e+01 2.500000e+01 -7.993122e+00
    endloop
  endfacet
  facet normal 5.000000e-01 0.000000e+00 -8.660254e-01
    outer loop
      vertex   1.480686e+01 2.500000e+01 -7.993122e+00
      vertex   1.445497e+01 2.600000e+01 -8.196284e+00
      vertex   1.480686e+01 2.600000e+01 -7.993122e+00
    endloop
  endfacet
  facet normal 2.868032e-01 0.000000e+00 -9.579895e-01
    outer loop
      vertex   1.480686e+01 2.500000e+01 -7.993122e+00
      vertex   1.480686e+01 2.600000e+01 -7.993122e+00
      vertex   1.519612e+01 2.500000e+01 -7.876586e+00
    endloop
  endfacet
  facet normal 2.868032e-01 0.000000e+00 -9.579895e-01
    outer loop
      vertex   1.519612e+01 2.500000e+01 -7.876586e+00
      vertex   1.480686e+01 2.600000e+01 -7.993122e+00
      vertex   1.519612e+01 2.600000e+01 -7.876586e+00
    endloop
  endfacet
  facet normal 5.814483e-02 0.000000e+00 -9.983082e-01
    outer loop
      vertex   1.519612e+01 2.500000e+01 -7.876586e+00
      vertex   1.519612e+01 2.600000e+01 -7.876586e+00
      vertex   1.560175e+01 2.500000e+01 -7.852961e+00
    endloop
  endfacet
  facet normal 5.814483e-02 0.000000e+00 -9.983082e-01
    outer loop
      vertex   1.560175e+01 2.500000e+01 -7.852961e+00
      vertex   1.519612e+01 2.600000e+01 -7.876586e+00
      vertex   1.560175e+01 2.600000e+01 -7.852961e+00
    endloop
  endfacet
  facet normal -1.736482e-01 0.000000e+00 -9.848078e-01
    outer loop
      vertex   1.560175e+01 2.500000e+01 -7.852961e+00
      vertex   1.560175e+01 2.600000e+01 -7.852961e+00
      vertex   1.600191e+01 2.500000e+01 -7.923518e+00
    endloop
  endfacet
  facet normal -1.736482e-01 0.000000e+00 -9.848078e-01
    outer loop
      vertex   1.600191e+01 2.500000e+01 -7.923518e+00
      vertex   1.560175e+01 2.600000e+01 -7.852961e+00
      vertex   1.600191e+01 2.600000e+01 -7.923518e+00
    endloop
  endfacet
  facet normal -3.960798e-01 0.000000e+00 -9.182161e-01
    outer loop
      vertex   1.600191e+01 2.500000e+01 -7.923518e+00
      vertex   1.600191e+01 2.600000e+01 -7.923518e+00
      vertex   1.637500e+01 2.500000e+01 -8.084455e+00
    endloop
  endfacet
  facet normal -3.960798e-01 0.000000e+00 -9.182161e-01
    outer loop
      vertex   1.637500e+01 2.500000e+01 -8.084455e+00
      vertex   1.600191e+01 2.600000e+01 -7.923518e+00
      vertex   1.637500e+01 2.600000e+01 -8.084455e+00
    endloop
  endfacet
  facet normal -5.971586e-01 0.000000e+00 -8.021232e-01
    outer loop
      vertex   1.637500e+01 2.500000e+01 -8.084455e+00
      vertex   1.637500e+01 2.600000e+01 -8.084455e+00
      vertex   1.670092e+01 2.500000e+01 -8.327096e+00
    endloop
  endfacet
  facet normal -5.971586e-01 0.000000e+00 -8.021232e-01
    outer loop
      vertex   1.670092e+01 2.500000e+01 -8.327096e+00
      vertex   1.637500e+01 2.600000e+01 -8.084455e+00
      vertex   1.670092e+01 2.600000e+01 -8.327096e+00
    endloop
  endfacet
  facet normal -7.660444e-01 0.000000e+00 -6.427876e-01
    outer loop
      vertex   1.670092e+01 2.500000e+01 -8.327096e+00
      vertex   1.670092e+01 2.600000e+01 -8.327096e+00
      vertex   1.696210e+01 2.500000e+01 -8.638359e+00
    endloop
  endfacet
  facet normal -7.660444e-01 0.000000e+00 -6.427876e-01
    outer loop
      vertex   1.696210e+01 2.500000e+01 -8.638359e+00
      vertex   1.670092e+01 2.600000e+01 -8.327096e+00
      vertex   1.696210e+01 2.600000e+01 -8.638359e+00
    endloop
  endfacet
  facet normal -8.936326e-01 0.000000e+00 -4.487992e-01
    outer loop
      vertex   1.696210e+01 2.500000e+01 -8.638359e+00
      vertex   1.696210e+01 2.600000e+01 -8.638359e+00
      vertex   1.714446e+01 2.500000e+01 -9.001465e+00
    endloop
  endfacet
  facet normal -8.936326e-01 0.000000e+00 -4.487992e-01
    outer loop
      vertex   1.714446e+01 2.500000e+01 -9.001465e+00
      vertex   1.696210e+01 2.600000e+01 -8.638359e+00
      vertex   1.714446e+01 2.600000e+01 -9.001465e+00
    endloop
  endfacet
  facet normal -9.730449e-01 0.000000e+00 -2.306159e-01
    outer loop
      vertex   1.714446e+01 2.500000e+01 -9.001465e+00
      vertex   1.714446e+01 2.600000e+01 -9.001465e+00
      vertex   1.723817e+01 2.500000e+01 -9.396837e+00
    endloop
  endfacet
  facet normal -9.730449e-01 0.000000e+00 -2.306159e-01
    outer loop
      vertex   1.723817e+01 2.500000e+01 -9.396837e+00
      vertex   1.714446e+01 2.600000e+01 -9.001465e+00
      vertex   1.723817e+01 2.600000e+01 -9.396837e+00
    endloop
  endfacet
  facet normal -1.000000e+00 0.000000e+00 0.000000e+00
    outer loop
      vertex   1.723817e+01 2.500000e+01 -9.396837e+00
      vertex   1.723817e+01 2.600000e+01 -9.396837e+00
      vertex   1.723817e+01 2.500000e+01 -9.803162e+00
    endloop
  endfacet
  facet normal -1.000000e+00 0.000000e+00 0.000000e+00
    outer loop
      vertex   1.723817e+01 2.500000e+01 -9.803162e+00
      vertex   1.723817e+01 2.600000e+01 -9.396837e+00
      vertex   1.723817e+01 2.600000e+01 -9.803162e+00
    endloop
  endfacet
  facet normal -9.730449e-01 0.000000e+00 2.306159e-01
    outer loop
      vertex   1.723817e+01 2.500000e+01 -9.803162e+00
      vertex   1.723817e+01 2.600000e+01 -9.803162e+00
      vertex   1.714446e+01 2.500000e+01 -1.019854e+01
    endloop
  endfacet
  facet normal -9.730449e-01 0.000000e+00 2.306159e-01
    outer loop
      vertex   1.714446e+01 2.500000e+01 -1.019854e+01
      vertex   1.723817e+01 2.600000e+01 -9.803162e+00
      vertex   1.714446e+01 2.600000e+01 -1.019854e+01
    endloop
  endfacet
  facet normal -8.936326e-01 0.000000e+00 4.487992e-01
    outer loop
      vertex   1.714446e+01 2.500000e+01 -1.019854e+01
      vertex   1.714446e+01 2.600000e+01 -1.019854e+01
      vertex   1.696210e+01 2.500000e+01 -1.056164e+01
    endloop
  endfacet
  facet normal -8.936326e-01 0.000000e+00 4.487992e-01
    outer loop
      vertex   1.696210e+01 2.500000e+01 -1.056164e+01
      vertex   1.714446e+01 2.600000e+01 -1.019854e+01
      vertex   1.696210e+01 2.600000e+01 -1.056164e+01
    endloop
  endfacet
  facet normal -7.660444e-01 0.000000e+00 6.427876e-01
    outer loop
      vertex   1.696210e+01 2.500000e+01 -1.056164e+01
      vertex   1.696210e+01 2.600000e+01 -1.056164e+01
      vertex   1.670092e+01 2.500000e+01 -1.087290e+01
    endloop
  endfacet
  facet normal -7.660444e-01 0.000000e+00 6.427876e-01
    outer loop
      vertex   1.670092e+01 2.500000e+01 -1.087290e+01
      vertex   1.696210e+01 2.600000e+01 -1.056164e+01
      vertex   1.670092e+01 2.600000e+01 -1.087290e+01
    endloop
  endfacet
  facet normal -5.971586e-01 0.000000e+00 8.021232e-01
    outer loop
      vertex   1.670092e+01 2.500000e+01 -1.087290e+01
      vertex   1.670092e+01 2.600000e+01 -1.087290e+01
      vertex   1.637500e+01 2.500000e+01 -1.111554e+01
    endloop
  endfacet
  facet normal -5.971586e-01 0.000000e+00 8.021232e-01
    outer loop
      vertex   1.637500e+01 2.500000e+01 -1.111554e+01
      vertex   1.670092e+01 2.600000e+01 -1.087290e+01
      vertex   1.637500e+01 2.600000e+01 -1.111554e+01
    endloop
  endfacet
  facet normal -3.960798e-01 0.000000e+00 9.182161e-01
    outer loop
      vertex   1.637500e+01 2.500000e+01 -1.111554e+01
      vertex   1.637500e+01 2.600000e+01 -1.111554e+01
      vertex   1.600191e+01 2.500000e+01 -1.127648e+01
    endloop
  endfacet
  facet normal -3.960798e-01 0.000000e+00 9.182161e-01
    outer loop
      vertex   1.600191e+01 2.500000e+01 -1.127648e+01
      vertex   1.637500e+01 2.600000e+01 -1.111554e+01
      vertex   1.600191e+01 2.600000e+01 -1.127648e+01
    endloop
  endfacet
  facet normal -1.736482e-01 0.000000e+00 9.848078e-01
    outer loop
      vertex   1.600191e+01 2.500000e+01 -1.127648e+01
      vertex   1.600191e+01 2.600000e+01 -1.127648e+01
      vertex   1.560175e+01 2.500000e+01 -1.134704e+01
    endloop
  endfacet
  facet normal -1.736482e-01 0.000000e+00 9.848078e-01
    outer loop
      vertex   1.560175e+01 2.500000e+01 -1.134704e+01
      vertex   1.600191e+01 2.600000e+01 -1.127648e+01
      vertex   1.560175e+01 2.600000e+01 -1.134704e+01
    endloop
  endfacet
  facet normal 5.814483e-02 -0.000000e+00 9.983082e-01
    outer loop
      vertex   1.560175e+01 2.500000e+01 -1.134704e+01
      vertex   1.560175e+01 2.600000e+01 -1.134704e+01
      vertex   1.519612e+01 2.500000e+01 -1.132341e+01
    endloop
  endfacet
  facet normal 5.814483e-02 -0.000000e+00 9.983082e-01
    outer loop
      vertex   1.519612e+01 2.500000e+01 -1.132341e+01
      vertex   1.560175e+01 2.600000e+01 -1.134704e+01
      vertex   1.519612e+01 2.600000e+01 -1.132341e+01
    endloop
  endfacet
  facet normal 2.868032e-01 -0.000000e+00 9.579895e-01
    outer loop
      vertex   1.519612e+01 2.500000e+01 -1.132341e+01
      vertex   1.519612e+01 2.600000e+01 -1.132341e+01
      vertex   1.480686e+01 2.500000e+01 -1.120688e+01
    endloop
  endfacet
  facet normal 2.868032e-01 -0.000000e+00 9.579895e-01
    outer loop
      vertex   1.480686e+01 2.500000e+01 -1.120688e+01
      vertex   1.519612e+01 2.600000e+01 -1.132341e+01
      vertex   1.480686e+01 2.600000e+01 -1.120688e+01
    endloop
  endfacet
  facet normal 5.000000e-01 -0.000000e+00 8.660254e-01
    outer loop
      vertex   1.480686e+01 2.500000e+01 -1.120688e+01
      vertex   1.480686e+01 2.600000e+01 -1.120688e+01
      vertex   1.445497e+01 2.500000e+01 -1.100372e+01
    endloop
  endfacet
  facet normal 5.000000e-01 -0.000000e+00 8.660254e-01
    outer loop
      vertex   1.445497e+01 2.500000e+01 -1.100372e+01
      vertex   1.480686e+01 2.600000e+01 -1.120688e+01
      vertex   1.445497e+01 2.600000e+01 -1.100372e+01
    endloop
  endfacet
  facet normal 6.862416e-01 -0.000000e+00 7.273736e-01
    outer loop
      vertex   1.445497e+01 2.500000e+01 -1.100372e+01
      vertex   1.445497e+01 2.600000e+01 -1.100372e+01
      vertex   1.415942e+01 2.500000e+01 -1.072488e+01
    endloop
  endfacet
  facet normal 6.862416e-01 -0.000000e+00 7.273736e-01
    outer loop
      vertex   1.415942e+01 2.500000e+01 -1.072488e+01
      vertex   1.445497e+01 2.600000e+01 -1.100372e+01
      vertex   1.415942e+01 2.600000e+01 -1.072488e+01
    endloop
  endfacet
  facet normal 8.354878e-01 -0.000000e+00 5.495090e-01
    outer loop
      vertex   1.415942e+01 2.500000e+01 -1.072488e+01
      vertex   1.415942e+01 2.600000e+01 -1.072488e+01
      vertex   1.393614e+01 2.500000e+01 -1.038540e+01
    endloop
  endfacet
  facet normal 8.354878e-01 -0.000000e+00 5.495090e-01
    outer loop
      vertex   1.393614e+01 2.500000e+01 -1.038540e+01
      vertex   1.415942e+01 2.600000e+01 -1.072488e+01
      vertex   1.393614e+01 2.600000e+01 -1.038540e+01
    endloop
  endfacet
  facet normal 9.396926e-01 -0.000000e+00 3.420201e-01
    outer loop
      vertex   1.393614e+01 2.500000e+01 -1.038540e+01
      vertex   1.393614e+01 2.600000e+01 -1.038540e+01
      vertex   1.379717e+01 2.500000e+01 -1.000358e+01
    endloop
  endfacet
  facet normal 9.396926e-01 -0.000000e+00 3.420201e-01
    outer loop
      vertex   1.379717e+01 2.500000e+01 -1.000358e+01
      vertex   1.393614e+01 2.600000e+01 -1.038540e+01
      vertex   1.379717e+01 2.600000e+01 -1.000358e+01
    endloop
  endfacet
  facet normal 0.000000e+00 1.000000e+00 0.000000e+00
    outer loop
      vertex   1.467896e+01 2.500000e+01 -9.819996e+00
      vertex   1.379717e+01 2.500000e+01 -1.000358e+01
      vertex   1.465000e+01 2.500000e+01 -9.600000e+00
    endloop
  endfacet
  facet normal 0.000000e+00 1.000000e+00 0.000000e+00
    outer loop
      vertex   1.465000e+01 2.500000e+01 -9.600000e+00
      vertex   1.379717e+01 2.500000e+01 -1.000358e+01
      vertex   1.375000e+01 2.500000e+01 -9.600000e+00
    endloop
  endfacet
  facet normal 0.000000e+00 1.000000e+00 0.000000e+00
    outer loop
      vertex   1.465000e+01 2.500000e+01 -9.600000e+00
      vertex   1.375000e+01 2.500000e+01 -9.600000e+00
      vertex   1.379717e+01 2.500000e+01 -9.196422e+00
    endloop
  endfacet
  facet normal -0.000000e+00 1.000000e+00 0.000000e+00
    outer loop
      vertex   1.379717e+01 2.500000e+01 -1.000358e+01
      vertex   1.467896e+01 2.500000e+01 -9.819996e+00
      vertex   1.393614e+01 2.500000e+01 -1.038540e+01
    endloop
  endfacet
  facet normal 0.000000e+00 1.000000e+00 0.000000e+00
    outer loop
      vertex   1.393614e+01 2.500000e+01 -1.038540e+01
      vertex   1.467896e+01 2.500000e+01 -9.819996e+00
      vertex   1.476388e+01 2.500000e+01 -1.002500e+01
    endloop
  endfacet
  facet normal -0.000000e+00 1.000000e+00 0.000000e+00
    outer loop
      vertex   1.393614e+01 2.500000e+01 -1.038540e+01
      vertex   1.476388e+01 2.500000e+01 -1.002500e+01
      vertex   1.415942e+01 2.500000e+01 -1.072488e+01
    endloop
  endfacet
  facet normal 0.000000e+00 1.000000e+00 0.000000e+00
    outer loop
      vertex   1.415942e+01 2.500000e+01 -1.072488e+01
      vertex   1.476388e+01 2.500000e+01 -1.002500e+01
      vertex   1.489896e+01 2.500000e+01 -1.020104e+01
    endloop
  endfacet
  facet normal -0.000000e+00 1.000000e+00 0.000000e+00
    outer loop
      vertex   1.415942e+01 2.500000e+01 -1.072488e+01
      vertex   1.489896e+01 2.500000e+01 -1.020104e+01
      vertex   1.445497e+01 2.500000e+01 -1.100372e+01
    endloop
  endfacet
  facet normal 0.000000e+00 1.000000e+00 0.000000e+00
    outer loop
      vertex   1.445497e+01 2.500000e+01 -1.100372e+01
      vertex   1.489896e+01 2.500000e+01 -1.020104e+01
      vertex   1.507500e+01 2.500000e+01 -1.033612e+01
    endloop
  endfacet
  facet normal -0.000000e+00 1.000000e+00 0.000000e+00
    outer loop
      vertex   1.445497e+01 2.500000e+01 -1.100372e+01
      vertex   1.507500e+01 2.500000e+01 -1.033612e+01
      vertex   1.480686e+01 2.500000e+01 -1.120688e+01
    endloop
  endfacet
  facet normal 0.000000e+00 1.000000e+00 0.000000e+00
    outer loop
      vertex   1.480686e+01 2.500000e+01 -1.120688e+01
      vertex   1.507500e+01 2.500000e+01 -1.033612e+01
      vertex   1.528000e+01 2.500000e+01 -1.042104e+01
    endloop
  endfacet
  facet normal -0.000000e+00 1.000000e+00 0.000000e+00
    outer loop
      vertex   1.480686e+01 2.500000e+01 -1.120688e+01
      vertex   1.528000e+01 2.500000e+01 -1.042104e+01
      vertex   1.519612e+01 2.500000e+01 -1.132341e+01
    endloop
  endfacet
  facet normal 0.000000e+00 1.000000e+00 0.000000e+00
    outer loop
      vertex   1.519612e+01 2.500000e+01 -1.132341e+01
      vertex   1.528000e+01 2.500000e+01 -1.042104e+01
      vertex   1.550000e+01 2.500000e+01 -1.045000e+01
    endloop
  endfacet
  facet normal -0.000000e+00 1.000000e+00 0.000000e+00
    outer loop
      vertex   1.519612e+01 2.500000e+01 -1.132341e+01
      vertex   1.550000e+01 2.500000e+01 -1.045000e+01
      vertex   1.560175e+01 2.500000e+01 -1.134704e+01
    endloop
  endfacet
  facet normal 0.000000e+00 1.000000e+00 -0.000000e+00
    outer loop
      vertex   1.560175e+01 2.500000e+01 -1.134704e+01
      vertex   1.550000e+01 2.500000e+01 -1.045000e+01
      vertex   1.572000e+01 2.500000e+01 -1.042104e+01
    endloop
  endfacet
  facet normal 0.000000e+00 1.000000e+00 0.000000e+00
    outer loop
      vertex   1.560175e+01 2.500000e+01 -1.134704e+01
      vertex   1.572000e+01 2.500000e+01 -1.042104e+01
      vertex   1.600191e+01 2.500000e+01 -1.127648e+01
    endloop
  endfacet
  facet normal 0.000000e+00 1.000000e+00 0.000000e+00
    outer loop
      vertex   1.600191e+01 2.500000e+01 -1.127648e+01
      vertex   1.572000e+01 2.500000e+01 -1.042104e+01
      vertex   1.592500e+01 2.500000e+01 -1.033612e+01
    endloop
  endfacet
  facet normal 0.000000e+00 1.000000e+00 -0.000000e+00
    outer loop
      vertex   1.600191e+01 2.500000e+01 -1.127648e+01
      vertex   1.592500e+01 2.500000e+01 -1.033612e+01
      vertex   1.637500e+01 2.500000e+01 -1.111554e+01
    endloop
  endfacet
  facet normal 0.000000e+00 1.000000e+00 -0.000000e+00
    outer loop
      vertex   1.637500e+01 2.500000e+01 -1.111554e+01
      vertex   1.592500e+01 2.500000e+01 -1.033612e+01
      vertex   1.670092e+01 2.500000e+01 -1.087290e+01
    endloop
  endfacet
  facet normal 0.000000e+00 1.000000e+00 0.000000e+00
    outer loop
      vertex   1.670092e+01 2.500000e+01 -1.087290e+01
      vertex   1.592500e+01 2.500000e+01 -1.033612e+01
      vertex   1.610104e+01 2.500000e+01 -1.020104e+01
    endloop
  endfacet
  facet normal 0.000000e+00 1.000000e+00 -0.000000e+00
    outer loop
      vertex   1.670092e+01 2.500000e+01 -1.087290e+01
      vertex   1.610104e+01 2.500000e+01 -1.020104e+01
      vertex   1.696210e+01 2.500000e+01 -1.056164e+01
    endloop
  endfacet
  facet normal 0.000000e+00 1.000000e+00 0.000000e+00
    outer loop
      vertex   1.696210e+01 2.500000e+01 -1.056164e+01
      vertex   1.610104e+01 2.500000e+01 -1.020104e+01
      vertex   1.623612e+01 2.500000e+01 -1.002500e+01
    endloop
  endfacet
  facet normal 0.000000e+00 1.000000e+00 -0.000000e+00
    outer loop
      vertex   1.696210e+01 2.500000e+01 -1.056164e+01
      vertex   1.623612e+01 2.500000e+01 -1.002500e+01
      vertex   1.714446e+01 2.500000e+01 -1.019854e+01
    endloop
  endfacet
  facet normal 0.000000e+00 1.000000e+00 0.000000e+00
    outer loop
      vertex   1.714446e+01 2.500000e+01 -1.019854e+01
      vertex   1.623612e+01 2.500000e+01 -1.002500e+01
      vertex   1.632104e+01 2.500000e+01 -9.819996e+00
    endloop
  endfacet
  facet normal 0.000000e+00 1.000000e+00 -0.000000e+00
    outer loop
      vertex   1.714446e+01 2.500000e+01 -1.019854e+01
      vertex   1.632104e+01 2.500000e+01 -9.819996e+00
      vertex   1.723817e+01 2.500000e+01 -9.803162e+00
    endloop
  endfacet
  facet normal 0.000000e+00 1.000000e+00 0.000000e+00
    outer loop
      vertex   1.723817e+01 2.500000e+01 -9.803162e+00
      vertex   1.632104e+01 2.500000e+01 -9.819996e+00
      vertex   1.635000e+01 2.500000e+01 -9.600000e+00
    endloop
  endfacet
  facet normal 0.000000e+00 1.000000e+00 -0.000000e+00
    outer loop
      vertex   1.723817e+01 2.500000e+01 -9.803162e+00
      vertex   1.635000e+01 2.500000e+01 -9.600000e+00
      vertex   1.723817e+01 2.500000e+01 -9.396837e+00
    endloop
  endfacet
  facet normal 0.000000e+00 1.000000e+00 0.000000e+00
    outer loop
      vertex   1.723817e+01 2.500000e+01 -9.396837e+00
      vertex   1.635000e+01 2.500000e+01 -9.600000e+00
      vertex   1.632104e+01 2.500000e+01 -9.380004e+00
    endloop
  endfacet
  facet normal 0.000000e+00 1.000000e+00 0.000000e+00
    outer loop
      vertex   1.723817e+01 2.500000e+01 -9.396837e+00
      vertex   1.632104e+01 2.500000e+01 -9.380004e+00
      vertex   1.714446e+01 2.500000e+01 -9.001465e+00
    endloop
  endfacet
  facet normal 0.000000e+00 1.000000e+00 0.000000e+00
    outer loop
      vertex   1.714446e+01 2.500000e+01 -9.001465e+00
      vertex   1.632104e+01 2.500000e+01 -9.380004e+00
      vertex   1.623612e+01 2.500000e+01 -9.175000e+00
    endloop
  endfacet
  facet normal 0.000000e+00 1.000000e+00 0.000000e+00
    outer loop
      vertex   1.714446e+01 2.500000e+01 -9.001465e+00
      vertex   1.623612e+01 2.500000e+01 -9.175000e+00
      vertex   1.696210e+01 2.500000e+01 -8.638359e+00
    endloop
  endfacet
  facet normal 0.000000e+00 1.000000e+00 0.000000e+00
    outer loop
      vertex   1.696210e+01 2.500000e+01 -8.638359e+00
      vertex   1.623612e+01 2.500000e+01 -9.175000e+00
      vertex   1.610104e+01 2.500000e+01 -8.998959e+00
    endloop
  endfacet
  facet normal 0.000000e+00 1.000000e+00 0.000000e+00
    outer loop
      vertex   1.696210e+01 2.500000e+01 -8.638359e+00
      vertex   1.610104e+01 2.500000e+01 -8.998959e+00
      vertex   1.670092e+01 2.500000e+01 -8.327096e+00
    endloop
  endfacet
  facet normal 0.000000e+00 1.000000e+00 0.000000e+00
    outer loop
      vertex   1.670092e+01 2.500000e+01 -8.327096e+00
      vertex   1.610104e+01 2.500000e+01 -8.998959e+00
      vertex   1.592500e+01 2.500000e+01 -8.863878e+00
    endloop
  endfacet
  facet normal 0.000000e+00 1.000000e+00 0.000000e+00
    outer loop
      vertex   1.670092e+01 2.500000e+01 -8.327096e+00
      vertex   1.592500e+01 2.500000e+01 -8.863878e+00
      vertex   1.637500e+01 2.500000e+01 -8.084455e+00
    endloop
  endfacet
  facet normal 0.000000e+00 1.000000e+00 0.000000e+00
    outer loop
      vertex   1.637500e+01 2.500000e+01 -8.084455e+00
      vertex   1.592500e+01 2.500000e+01 -8.863878e+00
      vertex   1.600191e+01 2.500000e+01 -7.923518e+00
    endloop
  endfacet
  facet normal 0.000000e+00 1.000000e+00 0.000000e+00
    outer loop
      vertex   1.600191e+01 2.500000e+01 -7.923518e+00
      vertex   1.592500e+01 2.500000e+01 -8.863878e+00
      vertex   1.572000e+01 2.500000e+01 -8.778963e+00
    endloop
  endfacet
  facet normal 0.000000e+00 1.000000e+00 0.000000e+00
    outer loop
      vertex   1.600191e+01 2.500000e+01 -7.923518e+00
      vertex   1.572000e+01 2.500000e+01 -8.778963e+00
      vertex   1.560175e+01 2.500000e+01 -7.852961e+00
    endloop
  endfacet
  facet normal 0.000000e+00 1.000000e+00 0.000000e+00
    outer loop
      vertex   1.560175e+01 2.500000e+01 -7.852961e+00
      vertex   1.572000e+01 2.500000e+01 -8.778963e+00
      vertex   1.550000e+01 2.500000e+01 -8.750000e+00
    endloop
  endfacet
  facet normal 0.000000e+00 1.000000e+00 0.000000e+00
    outer loop
      vertex   1.560175e+01 2.500000e+01 -7.852961e+00
      vertex   1.550000e+01 2.500000e+01 -8.750000e+00
      vertex   1.519612e+01 2.500000e+01 -7.876586e+00
    endloop
  endfacet
  facet normal 0.000000e+00 1.000000e+00 0.000000e+00
    outer loop
      vertex   1.519612e+01 2.500000e+01 -7.876586e+00
      vertex   1.550000e+01 2.500000e+01 -8.750000e+00
      vertex   1.528000e+01 2.500000e+01 -8.778963e+00
    endloop
  endfacet
  facet normal 0.000000e+00 1.000000e+00 0.000000e+00
    outer loop
      vertex   1.519612e+01 2.500000e+01 -7.876586e+00
      vertex   1.528000e+01 2.500000e+01 -8.778963e+00
      vertex   1.480686e+01 2.500000e+01 -7.993122e+00
    endloop
  endfacet
  facet normal 0.000000e+00 1.000000e+00 0.000000e+00
    outer loop
      vertex   1.480686e+01 2.500000e+01 -7.993122e+00
      vertex   1.528000e+01 2.500000e+01 -8.778963e+00
      vertex   1.507500e+01 2.500000e+01 -8.863878e+00
    endloop
  endfacet
  facet normal 0.000000e+00 1.000000e+00 0.000000e+00
    outer loop
      vertex   1.480686e+01 2.500000e+01 -7.993122e+00
      vertex   1.507500e+01 2.500000e+01 -8.863878e+00
      vertex   1.445497e+01 2.500000e+01 -8.196284e+00
    endloop
  endfacet
  facet normal 0.000000e+00 1.000000e+00 0.000000e+00
    outer loop
      vertex   1.445497e+01 2.500000e+01 -8.196284e+00
      vertex   1.507500e+01 2.500000e+01 -8.863878e+00
      vertex   1.489896e+01 2.500000e+01 -8.998959e+00
    endloop
  endfacet
  facet normal 0.000000e+00 1.000000e+00 0.000000e+00
    outer loop
      vertex   1.445497e+01 2.500000e+01 -8.196284e+00
      vertex   1.489896e+01 2.500000e+01 -8.998959e+00
      vertex   1.415942e+01 2.500000e+01 -8.475121e+00
    endloop
  endfacet
  facet normal 0.000000e+00 1.000000e+00 0.000000e+00
    outer loop
      vertex   1.415942e+01 2.500000e+01 -8.475121e+00
      vertex   1.489896e+01 2.500000e+01 -8.998959e+00
      vertex   1.476388e+01 2.500000e+01 -9.175000e+00
    endloop
  endfacet
  facet normal 0.000000e+00 1.000000e+00 0.000000e+00
    outer loop
      vertex   1.415942e+01 2.500000e+01 -8.475121e+00
      vertex   1.476388e+01 2.500000e+01 -9.175000e+00
      vertex   1.393614e+01 2.500000e+01 -8.814601e+00
    endloop
  endfacet
  facet normal 0.000000e+00 1.000000e+00 0.000000e+00
    outer loop
      vertex   1.393614e+01 2.500000e+01 -8.814601e+00
      vertex   1.476388e+01 2.500000e+01 -9.175000e+00
      vertex   1.467896e+01 2.500000e+01 -9.380004e+00
    endloop
  endfacet
  facet normal 0.000000e+00 1.000000e+00 0.000000e+00
    outer loop
      vertex   1.393614e+01 2.500000e+01 -8.814601e+00
      vertex   1.467896e+01 2.500000e+01 -9.380004e+00
      vertex   1.379717e+01 2.500000e+01 -9.196422e+00
    endloop
  endfacet
  facet normal 0.000000e+00 1.000000e+00 0.000000e+00
    outer loop
      vertex   1.379717e+01 2.500000e+01 -9.196422e+00
      vertex   1.467896e+01 2.500000e+01 -9.380004e+00
      vertex   1.465000e+01 2.500000e+01 -9.600000e+00
    endloop
  endfacet
  facet normal 9.932384e-01 -0.000000e+00 1.160929e-01
    outer loop
      vertex   1.374717e+01 2.500000e+01 -1.018036e+02
      vertex   1.374717e+01 2.600000e+01 -1.018036e+02
      vertex   1.370000e+01 2.500000e+01 -1.014000e+02
    endloop
  endfacet
  facet normal 9.932384e-01 -0.000000e+00 1.160929e-01
    outer loop
      vertex   1.370000e+01 2.500000e+01 -1.014000e+02
      vertex   1.374717e+01 2.600000e+01 -1.018036e+02
      vertex   1.370000e+01 2.600000e+01 -1.014000e+02
    endloop
  endfacet
  facet normal 9.932384e-01 0.000000e+00 -1.160929e-01
    outer loop
      vertex   1.370000e+01 2.500000e+01 -1.014000e+02
      vertex   1.370000e+01 2.600000e+01 -1.014000e+02
      vertex   1.374717e+01 2.500000e+01 -1.009964e+02
    endloop
  endfacet
  facet normal 9.932384e-01 0.000000e+00 -1.160929e-01
    outer loop
      vertex   1.374717e+01 2.500000e+01 -1.009964e+02
      vertex   1.370000e+01 2.600000e+01 -1.014000e+02
      vertex   1.374717e+01 2.600000e+01 -1.009964e+02
    endloop
  endfacet
  facet normal 9.396926e-01 0.000000e+00 -3.420201e-01
    outer loop
      vertex   1.374717e+01 2.500000e+01 -1.009964e+02
      vertex   1.374717e+01 2.600000e+01 -1.009964e+02
      vertex   1.388614e+01 2.500000e+01 -1.006146e+02
    endloop
  endfacet
  facet normal 9.396926e-01 0.000000e+00 -3.420201e-01
    outer loop
      vertex   1.388614e+01 2.500000e+01 -1.006146e+02
      vertex   1.374717e+01 2.600000e+01 -1.009964e+02
      vertex   1.388614e+01 2.600000e+01 -1.006146e+02
    endloop
  endfacet
  facet normal 8.354878e-01 0.000000e+00 -5.495090e-01
    outer loop
      vertex   1.388614e+01 2.500000e+01 -1.006146e+02
      vertex   1.388614e+01 2.600000e+01 -1.006146e+02
      vertex   1.410942e+01 2.500000e+01 -1.002751e+02
    endloop
  endfacet
  facet normal 8.354878e-01 0.000000e+00 -5.495090e-01
    outer loop
      vertex   1.410942e+01 2.500000e+01 -1.002751e+02
      vertex   1.388614e+01 2.600000e+01 -1.006146e+02
      vertex   1.410942e+01 2.600000e+01 -1.002751e+02
    endloop
  endfacet
  facet normal 6.862416e-01 0.000000e+00 -7.273736e-01
    outer loop
      vertex   1.410942e+01 2.500000e+01 -1.002751e+02
      vertex   1.410942e+01 2.600000e+01 -1.002751e+02
      vertex   1.440497e+01 2.500000e+01 -9.999628e+01
    endloop
  endfacet
  facet normal 6.862416e-01 0.000000e+00 -7.273736e-01
    outer loop
      vertex   1.440497e+01 2.500000e+01 -9.999628e+01
      vertex   1.410942e+01 2.600000e+01 -1.002751e+02
      vertex   1.440497e+01 2.600000e+01 -9.999628e+01
    endloop
  endfacet
  facet normal 5.000000e-01 0.000000e+00 -8.660254e-01
    outer loop
      vertex   1.440497e+01 2.500000e+01 -9.999628e+01
      vertex   1.440497e+01 2.600000e+01 -9.999628e+01
      vertex   1.475686e+01 2.500000e+01 -9.979312e+01
    endloop
  endfacet
  facet normal 5.000000e-01 0.000000e+00 -8.660254e-01
    outer loop
      vertex   1.475686e+01 2.500000e+01 -9.979312e+01
      vertex   1.440497e+01 2.600000e+01 -9.999628e+01
      vertex   1.475686e+01 2.600000e+01 -9.979312e+01
    endloop
  endfacet
  facet normal 2.868032e-01 0.000000e+00 -9.579895e-01
    outer loop
      vertex   1.475686e+01 2.500000e+01 -9.979312e+01
      vertex   1.475686e+01 2.600000e+01 -9.979312e+01
      vertex   1.514612e+01 2.500000e+01 -9.967658e+01
    endloop
  endfacet
  facet normal 2.868032e-01 0.000000e+00 -9.579895e-01
    outer loop
      vertex   1.514612e+01 2.500000e+01 -9.967658e+01
      vertex   1.475686e+01 2.600000e+01 -9.979312e+01
      vertex   1.514612e+01 2.600000e+01 -9.967658e+01
    endloop
  endfacet
  facet normal 5.814483e-02 0.000000e+00 -9.983082e-01
    outer loop
      vertex   1.514612e+01 2.500000e+01 -9.967658e+01
      vertex   1.514612e+01 2.600000e+01 -9.967658e+01
      vertex   1.555175e+01 2.500000e+01 -9.965296e+01
    endloop
  endfacet
  facet normal 5.814483e-02 0.000000e+00 -9.983082e-01
    outer loop
      vertex   1.555175e+01 2.500000e+01 -9.965296e+01
      vertex   1.514612e+01 2.600000e+01 -9.967658e+01
      vertex   1.555175e+01 2.600000e+01 -9.965296e+01
    endloop
  endfacet
  facet normal -1.736482e-01 0.000000e+00 -9.848078e-01
    outer loop
      vertex   1.555175e+01 2.500000e+01 -9.965296e+01
      vertex   1.555175e+01 2.600000e+01 -9.965296e+01
      vertex   1.595191e+01 2.500000e+01 -9.972352e+01
    endloop
  endfacet
  facet normal -1.736482e-01 0.000000e+00 -9.848078e-01
    outer loop
      vertex   1.595191e+01 2.500000e+01 -9.972352e+01
      vertex   1.555175e+01 2.600000e+01 -9.965296e+01
      vertex   1.595191e+01 2.600000e+01 -9.972352e+01
    endloop
  endfacet
  facet normal -3.960798e-01 0.000000e+00 -9.182161e-01
    outer loop
      vertex   1.595191e+01 2.500000e+01 -9.972352e+01
      vertex   1.595191e+01 2.600000e+01 -9.972352e+01
      vertex   1.632500e+01 2.500000e+01 -9.988445e+01
    endloop
  endfacet
  facet normal -3.960798e-01 0.000000e+00 -9.182161e-01
    outer loop
      vertex   1.632500e+01 2.500000e+01 -9.988445e+01
      vertex   1.595191e+01 2.600000e+01 -9.972352e+01
      vertex   1.632500e+01 2.600000e+01 -9.988445e+01
    endloop
  endfacet
  facet normal -5.971586e-01 0.000000e+00 -8.021232e-01
    outer loop
      vertex   1.632500e+01 2.500000e+01 -9.988445e+01
      vertex   1.632500e+01 2.600000e+01 -9.988445e+01
      vertex   1.665092e+01 2.500000e+01 -1.001271e+02
    endloop
  endfacet
  facet normal -5.971586e-01 0.000000e+00 -8.021232e-01
    outer loop
      vertex   1.665092e+01 2.500000e+01 -1.001271e+02
      vertex   1.632500e+01 2.600000e+01 -9.988445e+01
      vertex   1.665092e+01 2.600000e+01 -1.001271e+02
    endloop
  endfacet
  facet normal -7.660444e-01 0.000000e+00 -6.427876e-01
    outer loop
      vertex   1.665092e+01 2.500000e+01 -1.001271e+02
      vertex   1.665092e+01 2.600000e+01 -1.001271e+02
      vertex   1.691210e+01 2.500000e+01 -1.004384e+02
    endloop
  endfacet
  facet normal -7.660444e-01 0.000000e+00 -6.427876e-01
    outer loop
      vertex   1.691210e+01 2.500000e+01 -1.004384e+02
      vertex   1.665092e+01 2.600000e+01 -1.001271e+02
      vertex   1.691210e+01 2.600000e+01 -1.004384e+02
    endloop
  endfacet
  facet normal -8.936326e-01 0.000000e+00 -4.487992e-01
    outer loop
      vertex   1.691210e+01 2.500000e+01 -1.004384e+02
      vertex   1.691210e+01 2.600000e+01 -1.004384e+02
      vertex   1.709446e+01 2.500000e+01 -1.008015e+02
    endloop
  endfacet
  facet normal -8.936326e-01 0.000000e+00 -4.487992e-01
    outer loop
      vertex   1.709446e+01 2.500000e+01 -1.008015e+02
      vertex   1.691210e+01 2.600000e+01 -1.004384e+02
      vertex   1.709446e+01 2.600000e+01 -1.008015e+02
    endloop
  endfacet
  facet normal -9.730449e-01 0.000000e+00 -2.306159e-01
    outer loop
      vertex   1.709446e+01 2.500000e+01 -1.008015e+02
      vertex   1.709446e+01 2.600000e+01 -1.008015e+02
      vertex   1.718817e+01 2.500000e+01 -1.011968e+02
    endloop
  endfacet
  facet normal -9.730449e-01 0.000000e+00 -2.306159e-01
    outer loop
      vertex   1.718817e+01 2.500000e+01 -1.011968e+02
      vertex   1.709446e+01 2.600000e+01 -1.008015e+02
      vertex   1.718817e+01 2.600000e+01 -1.011968e+02
    endloop
  endfacet
  facet normal -1.000000e+00 0.000000e+00 0.000000e+00
    outer loop
      vertex   1.718817e+01 2.500000e+01 -1.011968e+02
      vertex   1.718817e+01 2.600000e+01 -1.011968e+02
      vertex   1.718817e+01 2.500000e+01 -1.016032e+02
    endloop
  endfacet
  facet normal -1.000000e+00 0.000000e+00 0.000000e+00
    outer loop
      vertex   1.718817e+01 2.500000e+01 -1.016032e+02
      vertex   1.718817e+01 2.600000e+01 -1.011968e+02
      vertex   1.718817e+01 2.600000e+01 -1.016032e+02
    endloop
  endfacet
  facet normal -9.730449e-01 0.000000e+00 2.306159e-01
    outer loop
      vertex   1.718817e+01 2.500000e+01 -1.016032e+02
      vertex   1.718817e+01 2.600000e+01 -1.016032e+02
      vertex   1.709446e+01 2.500000e+01 -1.019985e+02
    endloop
  endfacet
  facet normal -9.730449e-01 0.000000e+00 2.306159e-01
    outer loop
      vertex   1.709446e+01 2.500000e+01 -1.019985e+02
      vertex   1.718817e+01 2.600000e+01 -1.016032e+02
      vertex   1.709446e+01 2.600000e+01 -1.019985e+02
    endloop
  endfacet
  facet normal -8.936326e-01 0.000000e+00 4.487992e-01
    outer loop
      vertex   1.709446e+01 2.500000e+01 -1.019985e+02
      vertex   1.709446e+01 2.600000e+01 -1.019985e+02
      vertex   1.691210e+01 2.500000e+01 -1.023616e+02
    endloop
  endfacet
  facet normal -8.936326e-01 0.000000e+00 4.487992e-01
    outer loop
      vertex   1.691210e+01 2.500000e+01 -1.023616e+02
      vertex   1.709446e+01 2.600000e+01 -1.019985e+02
      vertex   1.691210e+01 2.600000e+01 -1.023616e+02
    endloop
  endfacet
  facet normal -7.660444e-01 0.000000e+00 6.427876e-01
    outer loop
      vertex   1.691210e+01 2.500000e+01 -1.023616e+02
      vertex   1.691210e+01 2.600000e+01 -1.023616e+02
      vertex   1.665092e+01 2.500000e+01 -1.026729e+02
    endloop
  endfacet
  facet normal -7.660444e-01 0.000000e+00 6.427876e-01
    outer loop
      vertex   1.665092e+01 2.500000e+01 -1.026729e+02
      vertex   1.691210e+01 2.600000e+01 -1.023616e+02
      vertex   1.665092e+01 2.600000e+01 -1.026729e+02
    endloop
  endfacet
  facet normal -5.971586e-01 0.000000e+00 8.021232e-01
    outer loop
      vertex   1.665092e+01 2.500000e+01 -1.026729e+02
      vertex   1.665092e+01 2.600000e+01 -1.026729e+02
      vertex   1.632500e+01 2.500000e+01 -1.029155e+02
    endloop
  endfacet
  facet normal -5.971586e-01 0.000000e+00 8.021232e-01
    outer loop
      vertex   1.632500e+01 2.500000e+01 -1.029155e+02
      vertex   1.665092e+01 2.600000e+01 -1.026729e+02
      vertex   1.632500e+01 2.600000e+01 -1.029155e+02
    endloop
  endfacet
  facet normal -3.960798e-01 0.000000e+00 9.182161e-01
    outer loop
      vertex   1.632500e+01 2.500000e+01 -1.029155e+02
      vertex   1.632500e+01 2.600000e+01 -1.029155e+02
      vertex   1.595191e+01 2.500000e+01 -1.030765e+02
    endloop
  endfacet
  facet normal -3.960798e-01 0.000000e+00 9.182161e-01
    outer loop
      vertex   1.595191e+01 2.500000e+01 -1.030765e+02
      vertex   1.632500e+01 2.600000e+01 -1.029155e+02
      vertex   1.595191e+01 2.600000e+01 -1.030765e+02
    endloop
  endfacet
  facet normal -1.736482e-01 0.000000e+00 9.848078e-01
    outer loop
      vertex   1.595191e+01 2.500000e+01 -1.030765e+02
      vertex   1.595191e+01 2.600000e+01 -1.030765e+02
      vertex   1.555175e+01 2.500000e+01 -1.031470e+02
    endloop
  endfacet
  facet normal -1.736482e-01 0.000000e+00 9.848078e-01
    outer loop
      vertex   1.555175e+01 2.500000e+01 -1.031470e+02
      vertex   1.595191e+01 2.600000e+01 -1.030765e+02
      vertex   1.555175e+01 2.600000e+01 -1.031470e+02
    endloop
  endfacet
  facet normal 5.814483e-02 -0.000000e+00 9.983082e-01
    outer loop
      vertex   1.555175e+01 2.500000e+01 -1.031470e+02
      vertex   1.555175e+01 2.600000e+01 -1.031470e+02
      vertex   1.514612e+01 2.500000e+01 -1.031234e+02
    endloop
  endfacet
  facet normal 5.814483e-02 -0.000000e+00 9.983082e-01
    outer loop
      vertex   1.514612e+01 2.500000e+01 -1.031234e+02
      vertex   1.555175e+01 2.600000e+01 -1.031470e+02
      vertex   1.514612e+01 2.600000e+01 -1.031234e+02
    endloop
  endfacet
  facet normal 2.868032e-01 -0.000000e+00 9.579895e-01
    outer loop
      vertex   1.514612e+01 2.500000e+01 -1.031234e+02
      vertex   1.514612e+01 2.600000e+01 -1.031234e+02
      vertex   1.475686e+01 2.500000e+01 -1.030069e+02
    endloop
  endfacet
  facet normal 2.868032e-01 -0.000000e+00 9.579895e-01
    outer loop
      vertex   1.475686e+01 2.500000e+01 -1.030069e+02
      vertex   1.514612e+01 2.600000e+01 -1.031234e+02
      vertex   1.475686e+01 2.600000e+01 -1.030069e+02
    endloop
  endfacet
  facet normal 5.000000e-01 -0.000000e+00 8.660254e-01
    outer loop
      vertex   1.475686e+01 2.500000e+01 -1.030069e+02
      vertex   1.475686e+01 2.600000e+01 -1.030069e+02
      vertex   1.440497e+01 2.500000e+01 -1.028037e+02
    endloop
  endfacet
  facet normal 5.000000e-01 -0.000000e+00 8.660254e-01
    outer loop
      vertex   1.440497e+01 2.500000e+01 -1.028037e+02
      vertex   1.475686e+01 2.600000e+01 -1.030069e+02
      vertex   1.440497e+01 2.600000e+01 -1.028037e+02
    endloop
  endfacet
  facet normal 6.862416e-01 -0.000000e+00 7.273736e-01
    outer loop
      vertex   1.440497e+01 2.500000e+01 -1.028037e+02
      vertex   1.440497e+01 2.600000e+01 -1.028037e+02
      vertex   1.410942e+01 2.500000e+01 -1.025249e+02
    endloop
  endfacet
  facet normal 6.862416e-01 -0.000000e+00 7.273736e-01
    outer loop
      vertex   1.410942e+01 2.500000e+01 -1.025249e+02
      vertex   1.440497e+01 2.600000e+01 -1.028037e+02
      vertex   1.410942e+01 2.600000e+01 -1.025249e+02
    endloop
  endfacet
  facet normal 8.354878e-01 -0.000000e+00 5.495090e-01
    outer loop
      vertex   1.410942e+01 2.500000e+01 -1.025249e+02
      vertex   1.410942e+01 2.600000e+01 -1.025249e+02
      vertex   1.388614e+01 2.500000e+01 -1.021854e+02
    endloop
  endfacet
  facet normal 8.354878e-01 -0.000000e+00 5.495090e-01
    outer loop
      vertex   1.388614e+01 2.500000e+01 -1.021854e+02
      vertex   1.410942e+01 2.600000e+01 -1.025249e+02
      vertex   1.388614e+01 2.600000e+01 -1.021854e+02
    endloop
  endfacet
  facet normal 9.396926e-01 -0.000000e+00 3.420201e-01
    outer loop
      vertex   1.388614e+01 2.500000e+01 -1.021854e+02
      vertex   1.388614e+01 2.600000e+01 -1.021854e+02
      vertex   1.374717e+01 2.500000e+01 -1.018036e+02
    endloop
  endfacet
  facet normal 9.396926e-01 -0.000000e+00 3.420201e-01
    outer loop
      vertex   1.374717e+01 2.500000e+01 -1.018036e+02
      vertex   1.388614e+01 2.600000e+01 -1.021854e+02
      vertex   1.374717e+01 2.600000e+01 -1.018036e+02
    endloop
  endfacet
  facet normal 0.000000e+00 1.000000e+00 0.000000e+00
    outer loop
      vertex   1.462896e+01 2.500000e+01 -1.016200e+02
      vertex   1.374717e+01 2.500000e+01 -1.018036e+02
      vertex   1.460000e+01 2.500000e+01 -1.014000e+02
    endloop
  endfacet
  facet normal 0.000000e+00 1.000000e+00 0.000000e+00
    outer loop
      vertex   1.460000e+01 2.500000e+01 -1.014000e+02
      vertex   1.374717e+01 2.500000e+01 -1.018036e+02
      vertex   1.370000e+01 2.500000e+01 -1.014000e+02
    endloop
  endfacet
  facet normal 0.000000e+00 1.000000e+00 0.000000e+00
    outer loop
      vertex   1.460000e+01 2.500000e+01 -1.014000e+02
      vertex   1.370000e+01 2.500000e+01 -1.014000e+02
      vertex   1.374717e+01 2.500000e+01 -1.009964e+02
    endloop
  endfacet
  facet normal -0.000000e+00 1.000000e+00 0.000000e+00
    outer loop
      vertex   1.374717e+01 2.500000e+01 -1.018036e+02
      vertex   1.462896e+01 2.500000e+01 -1.016200e+02
      vertex   1.388614e+01 2.500000e+01 -1.021854e+02
    endloop
  endfacet
  facet normal 0.000000e+00 1.000000e+00 0.000000e+00
    outer loop
      vertex   1.388614e+01 2.500000e+01 -1.021854e+02
      vertex   1.462896e+01 2.500000e+01 -1.016200e+02
      vertex   1.471388e+01 2.500000e+01 -1.018250e+02
    endloop
  endfacet
  facet normal -0.000000e+00 1.000000e+00 0.000000e+00
    outer loop
      vertex   1.388614e+01 2.500000e+01 -1.021854e+02
      vertex   1.471388e+01 2.500000e+01 -1.018250e+02
      vertex   1.410942e+01 2.500000e+01 -1.025249e+02
    endloop
  endfacet
  facet normal 0.000000e+00 1.000000e+00 0.000000e+00
    outer loop
      vertex   1.410942e+01 2.500000e+01 -1.025249e+02
      vertex   1.471388e+01 2.500000e+01 -1.018250e+02
      vertex   1.484896e+01 2.500000e+01 -1.020010e+02
    endloop
  endfacet
  facet normal -0.000000e+00 1.000000e+00 0.000000e+00
    outer loop
      vertex   1.410942e+01 2.500000e+01 -1.025249e+02
      vertex   1.484896e+01 2.500000e+01 -1.020010e+02
      vertex   1.440497e+01 2.500000e+01 -1.028037e+02
    endloop
  endfacet
  facet normal 0.000000e+00 1.000000e+00 0.000000e+00
    outer loop
      vertex   1.440497e+01 2.500000e+01 -1.028037e+02
      vertex   1.484896e+01 2.500000e+01 -1.020010e+02
      vertex   1.502500e+01 2.500000e+01 -1.021361e+02
    endloop
  endfacet
  facet normal -0.000000e+00 1.000000e+00 0.000000e+00
    outer loop
      vertex   1.440497e+01 2.500000e+01 -1.028037e+02
      vertex   1.502500e+01 2.500000e+01 -1.021361e+02
      vertex   1.475686e+01 2.500000e+01 -1.030069e+02
    endloop
  endfacet
  facet normal 0.000000e+00 1.000000e+00 0.000000e+00
    outer loop
      vertex   1.475686e+01 2.500000e+01 -1.030069e+02
      vertex   1.502500e+01 2.500000e+01 -1.021361e+02
      vertex   1.523000e+01 2.500000e+01 -1.022210e+02
    endloop
  endfacet
  facet normal -0.000000e+00 1.000000e+00 0.000000e+00
    outer loop
      vertex   1.475686e+01 2.500000e+01 -1.030069e+02
      vertex   1.523000e+01 2.500000e+01 -1.022210e+02
      vertex   1.514612e+01 2.500000e+01 -1.031234e+02
    endloop
  endfacet
  facet normal 0.000000e+00 1.000000e+00 0.000000e+00
    outer loop
      vertex   1.514612e+01 2.500000e+01 -1.031234e+02
      vertex   1.523000e+01 2.500000e+01 -1.022210e+02
      vertex   1.545000e+01 2.500000e+01 -1.022500e+02
    endloop
  endfacet
  facet normal -0.000000e+00 1.000000e+00 0.000000e+00
    outer loop
      vertex   1.514612e+01 2.500000e+01 -1.031234e+02
      vertex   1.545000e+01 2.500000e+01 -1.022500e+02
      vertex   1.555175e+01 2.500000e+01 -1.031470e+02
    endloop
  endfacet
  facet normal 0.000000e+00 1.000000e+00 -0.000000e+00
    outer loop
      vertex   1.555175e+01 2.500000e+01 -1.031470e+02
      vertex   1.545000e+01 2.500000e+01 -1.022500e+02
      vertex   1.567000e+01 2.500000e+01 -1.022210e+02
    endloop
  endfacet
  facet normal 0.000000e+00 1.000000e+00 0.000000e+00
    outer loop
      vertex   1.555175e+01 2.500000e+01 -1.031470e+02
      vertex   1.567000e+01 2.500000e+01 -1.022210e+02
      vertex   1.595191e+01 2.500000e+01 -1.030765e+02
    endloop
  endfacet
  facet normal 0.000000e+00 1.000000e+00 0.000000e+00
    outer loop
      vertex   1.595191e+01 2.500000e+01 -1.030765e+02
      vertex   1.567000e+01 2.500000e+01 -1.022210e+02
      vertex   1.587500e+01 2.500000e+01 -1.021361e+02
    endloop
  endfacet
  facet normal 0.000000e+00 1.000000e+00 -0.000000e+00
    outer loop
      vertex   1.595191e+01 2.500000e+01 -1.030765e+02
      vertex   1.587500e+01 2.500000e+01 -1.021361e+02
      vertex   1.632500e+01 2.500000e+01 -1.029155e+02
    endloop
  endfacet
  facet normal 0.000000e+00 1.000000e+00 -0.000000e+00
    outer loop
      vertex   1.632500e+01 2.500000e+01 -1.029155e+02
      vertex   1.587500e+01 2.500000e+01 -1.021361e+02
      vertex   1.665092e+01 2.500000e+01 -1.026729e+02
    endloop
  endfacet
  facet normal 0.000000e+00 1.000000e+00 0.000000e+00
    outer loop
      vertex   1.665092e+01 2.500000e+01 -1.026729e+02
      vertex   1.587500e+01 2.500000e+01 -1.021361e+02
      vertex   1.605104e+01 2.500000e+01 -1.020010e+02
    endloop
  endfacet
  facet normal 0.000000e+00 1.000000e+00 -0.000000e+00
    outer loop
      vertex   1.665092e+01 2.500000e+01 -1.026729e+02
      vertex   1.605104e+01 2.500000e+01 -1.020010e+02
      vertex   1.691210e+01 2.500000e+01 -1.023616e+02
    endloop
  endfacet
  facet normal 0.000000e+00 1.000000e+00 0.000000e+00
    outer loop
      vertex   1.691210e+01 2.500000e+01 -1.023616e+02
      vertex   1.605104e+01 2.500000e+01 -1.020010e+02
      vertex   1.618612e+01 2.500000e+01 -1.018250e+02
    endloop
  endfacet
  facet normal 0.000000e+00 1.000000e+00 -0.000000e+00
    outer loop
      vertex   1.691210e+01 2.500000e+01 -1.023616e+02
      vertex   1.618612e+01 2.500000e+01 -1.018250e+02
      vertex   1.709446e+01 2.500000e+01 -1.019985e+02
    endloop
  endfacet
  facet normal 0.000000e+00 1.000000e+00 0.000000e+00
    outer loop
      vertex   1.709446e+01 2.500000e+01 -1.019985e+02
      vertex   1.618612e+01 2.500000e+01 -1.018250e+02
      vertex   1.627104e+01 2.500000e+01 -1.016200e+02
    endloop
  endfacet
  facet normal 0.000000e+00 1.000000e+00 -0.000000e+00
    outer loop
      vertex   1.709446e+01 2.500000e+01 -1.019985e+02
      vertex   1.627104e+01 2.500000e+01 -1.016200e+02
      vertex   1.718817e+01 2.500000e+01 -1.016032e+02
    endloop
  endfacet
  facet normal 0.000000e+00 1.000000e+00 0.000000e+00
    outer loop
      vertex   1.718817e+01 2.500000e+01 -1.016032e+02
      vertex   1.627104e+01 2.500000e+01 -1.016200e+02
      vertex   1.630000e+01 2.500000e+01 -1.014000e+02
    endloop
  endfacet
  facet normal 0.000000e+00 1.000000e+00 -0.000000e+00
    outer loop
      vertex   1.718817e+01 2.500000e+01 -1.016032e+02
      vertex   1.630000e+01 2.500000e+01 -1.014000e+02
      vertex   1.718817e+01 2.500000e+01 -1.011968e+02
    endloop
  endfacet
  facet normal 0.000000e+00 1.000000e+00 0.000000e+00
    outer loop
      vertex   1.718817e+01 2.500000e+01 -1.011968e+02
      vertex   1.630000e+01 2.500000e+01 -1.014000e+02
      vertex   1.627104e+01 2.500000e+01 -1.011800e+02
    endloop
  endfacet
  facet normal 0.000000e+00 1.000000e+00 0.000000e+00
    outer loop
      vertex   1.718817e+01 2.500000e+01 -1.011968e+02
      vertex   1.627104e+01 2.500000e+01 -1.011800e+02
      vertex   1.709446e+01 2.500000e+01 -1.008015e+02
    endloop
  endfacet
  facet normal 0.000000e+00 1.000000e+00 0.000000e+00
    outer loop
      vertex   1.709446e+01 2.500000e+01 -1.008015e+02
      vertex   1.627104e+01 2.500000e+01 -1.011800e+02
      vertex   1.618612e+01 2.500000e+01 -1.009750e+02
    endloop
  endfacet
  facet normal 0.000000e+00 1.000000e+00 0.000000e+00
    outer loop
      vertex   1.709446e+01 2.500000e+01 -1.008015e+02
      vertex   1.618612e+01 2.500000e+01 -1.009750e+02
      vertex   1.691210e+01 2.500000e+01 -1.004384e+02
    endloop
  endfacet
  facet normal 0.000000e+00 1.000000e+00 0.000000e+00
    outer loop
      vertex   1.691210e+01 2.500000e+01 -1.004384e+02
      vertex   1.618612e+01 2.500000e+01 -1.009750e+02
      vertex   1.605104e+01 2.500000e+01 -1.007990e+02
    endloop
  endfacet
  facet normal 0.000000e+00 1.000000e+00 0.000000e+00
    outer loop
      vertex   1.691210e+01 2.500000e+01 -1.004384e+02
      vertex   1.605104e+01 2.500000e+01 -1.007990e+02
      vertex   1.665092e+01 2.500000e+01 -1.001271e+02
    endloop
  endfacet
  facet normal 0.000000e+00 1.000000e+00 0.000000e+00
    outer loop
      vertex   1.665092e+01 2.500000e+01 -1.001271e+02
      vertex   1.605104e+01 2.500000e+01 -1.007990e+02
      vertex   1.587500e+01 2.500000e+01 -1.006639e+02
    endloop
  endfacet
  facet normal 0.000000e+00 1.000000e+00 0.000000e+00
    outer loop
      vertex   1.665092e+01 2.500000e+01 -1.001271e+02
      vertex   1.587500e+01 2.500000e+01 -1.006639e+02
      vertex   1.632500e+01 2.500000e+01 -9.988445e+01
    endloop
  endfacet
  facet normal 0.000000e+00 1.000000e+00 0.000000e+00
    outer loop
      vertex   1.632500e+01 2.500000e+01 -9.988445e+01
      vertex   1.587500e+01 2.500000e+01 -1.006639e+02
      vertex   1.595191e+01 2.500000e+01 -9.972352e+01
    endloop
  endfacet
  facet normal 0.000000e+00 1.000000e+00 0.000000e+00
    outer loop
      vertex   1.595191e+01 2.500000e+01 -9.972352e+01
      vertex   1.587500e+01 2.500000e+01 -1.006639e+02
      vertex   1.567000e+01 2.500000e+01 -1.005790e+02
    endloop
  endfacet
  facet normal 0.000000e+00 1.000000e+00 0.000000e+00
    outer loop
      vertex   1.595191e+01 2.500000e+01 -9.972352e+01
      vertex   1.567000e+01 2.500000e+01 -1.005790e+02
      vertex   1.555175e+01 2.500000e+01 -9.965296e+01
    endloop
  endfacet
  facet normal 0.000000e+00 1.000000e+00 0.000000e+00
    outer loop
      vertex   1.555175e+01 2.500000e+01 -9.965296e+01
      vertex   1.567000e+01 2.500000e+01 -1.005790e+02
      vertex   1.545000e+01 2.500000e+01 -1.005500e+02
    endloop
  endfacet
  facet normal 0.000000e+00 1.000000e+00 0.000000e+00
    outer loop
      vertex   1.555175e+01 2.500000e+01 -9.965296e+01
      vertex   1.545000e+01 2.500000e+01 -1.005500e+02
      vertex   1.514612e+01 2.500000e+01 -9.967658e+01
    endloop
  endfacet
  facet normal 0.000000e+00 1.000000e+00 0.000000e+00
    outer loop
      vertex   1.514612e+01 2.500000e+01 -9.967658e+01
      vertex   1.545000e+01 2.500000e+01 -1.005500e+02
      vertex   1.523000e+01 2.500000e+01 -1.005790e+02
    endloop
  endfacet
  facet normal 0.000000e+00 1.000000e+00 0.000000e+00
    outer loop
      vertex   1.514612e+01 2.500000e+01 -9.967658e+01
      vertex   1.523000e+01 2.500000e+01 -1.005790e+02
      vertex   1.475686e+01 2.500000e+01 -9.979312e+01
    endloop
  endfacet
  facet normal 0.000000e+00 1.000000e+00 0.000000e+00
    outer loop
      vertex   1.475686e+01 2.500000e+01 -9.979312e+01
      vertex   1.523000e+01 2.500000e+01 -1.005790e+02
      vertex   1.502500e+01 2.500000e+01 -1.006639e+02
    endloop
  endfacet
  facet normal 0.000000e+00 1.000000e+00 0.000000e+00
    outer loop
      vertex   1.475686e+01 2.500000e+01 -9.979312e+01
      vertex   1.502500e+01 2.500000e+01 -1.006639e+02
      vertex   1.440497e+01 2.500000e+01 -9.999628e+01
    endloop
  endfacet
  facet normal 0.000000e+00 1.000000e+00 0.000000e+00
    outer loop
      vertex   1.440497e+01 2.500000e+01 -9.999628e+01
      vertex   1.502500e+01 2.500000e+01 -1.006639e+02
      vertex   1.484896e+01 2.500000e+01 -1.007990e+02
    endloop
  endfacet
  facet normal 0.000000e+00 1.000000e+00 0.000000e+00
    outer loop
      vertex   1.440497e+01 2.500000e+01 -9.999628e+01
      vertex   1.484896e+01 2.500000e+01 -1.007990e+02
      vertex   1.410942e+01 2.500000e+01 -1.002751e+02
    endloop
  endfacet
  facet normal 0.000000e+00 1.000000e+00 0.000000e+00
    outer loop
      vertex   1.410942e+01 2.500000e+01 -1.002751e+02
      vertex   1.484896e+01 2.500000e+01 -1.007990e+02
      vertex   1.471388e+01 2.500000e+01 -1.009750e+02
    endloop
  endfacet
  facet normal 0.000000e+00 1.000000e+00 0.000000e+00
    outer loop
      vertex   1.410942e+01 2.500000e+01 -1.002751e+02
      vertex   1.471388e+01 2.500000e+01 -1.009750e+02
      vertex   1.388614e+01 2.500000e+01 -1.006146e+02
    endloop
  endfacet
  facet normal 0.000000e+00 1.000000e+00 0.000000e+00
    outer loop
      vertex   1.388614e+01 2.500000e+01 -1.006146e+02
      vertex   1.471388e+01 2.500000e+01 -1.009750e+02
      vertex   1.462896e+01 2.500000e+01 -1.011800e+02
    endloop
  endfacet
  facet normal 0.000000e+00 1.000000e+00 0.000000e+00
    outer loop
      vertex   1.388614e+01 2.500000e+01 -1.006146e+02
      vertex   1.462896e+01 2.500000e+01 -1.011800e+02
      vertex   1.374717e+01 2.500000e+01 -1.009964e+02
    endloop
  endfacet
  facet normal 0.000000e+00 1.000000e+00 0.000000e+00
    outer loop
      vertex   1.374717e+01 2.500000e+01 -1.009964e+02
      vertex   1.462896e+01 2.500000e+01 -1.011800e+02
      vertex   1.460000e+01 2.500000e+01 -1.014000e+02
    endloop
  endfacet
  facet normal -1.000000e+00 -0.000000e+00 0.000000e+00
    outer loop
      vertex   5.200005e+00 1.000000e+00 -5.050000e+01
      vertex   5.200005e+00 1.000000e+00 -6.050000e+01
      vertex   5.200005e+00 0.000000e+00 -5.050000e+01
    endloop
  endfacet
  facet normal -1.000000e+00 0.000000e+00 0.000000e+00
    outer loop
      vertex   5.200005e+00 0.000000e+00 -5.050000e+01
      vertex   5.200005e+00 1.000000e+00 -6.050000e+01
      vertex   5.200005e+00 0.000000e+00 -6.050000e+01
    endloop
  endfacet
  facet normal 0.000000e+00 -0.000000e+00 -1.000000e+00
    outer loop
      vertex   5.200005e+00 1.000000e+00 -5.050000e+01
      vertex   5.200005e+00 0.000000e+00 -5.050000e+01
      vertex   -3.999995e+00 1.000000e+00 -5.050000e+01
    endloop
  endfacet
  facet normal 0.000000e+00 -0.000000e+00 -1.000000e+00
    outer loop
      vertex   -3.999995e+00 1.000000e+00 -5.050000e+01
      vertex   5.200005e+00 0.000000e+00 -5.050000e+01
      vertex   -4.999995e+00 0.000000e+00 -5.050000e+01
    endloop
  endfacet
  facet normal -0.000000e+00 0.000000e+00 -1.000000e+00
    outer loop
      vertex   -3.999995e+00 1.000000e+00 -5.050000e+01
      vertex   -4.999995e+00 0.000000e+00 -5.050000e+01
      vertex   -4.999995e+00 1.000000e+01 -5.050000e+01
    endloop
  endfacet
  facet normal 0.000000e+00 0.000000e+00 -1.000000e+00
    outer loop
      vertex   -4.999995e+00 1.000000e+01 -5.050000e+01
      vertex   -3.999995e+00 1.000000e+01 -5.050000e+01
      vertex   -3.999995e+00 1.000000e+00 -5.050000e+01
    endloop
  endfacet
  facet normal 0.000000e+00 -1.000000e+00 0.000000e+00
    outer loop
      vertex   -3.999995e+00 1.000000e+01 -6.050000e+01
      vertex   -3.999995e+00 1.000000e+01 -5.050000e+01
      vertex   -4.999995e+00 1.000000e+01 -6.050000e+01
    endloop
  endfacet
  facet normal 0.000000e+00 -1.000000e+00 0.000000e+00
    outer loop
      vertex   -4.999995e+00 1.000000e+01 -6.050000e+01
      vertex   -3.999995e+00 1.000000e+01 -5.050000e+01
      vertex   -4.999995e+00 1.000000e+01 -5.050000e+01
    endloop
  endfacet
  facet normal -0.000000e+00 1.000000e+00 0.000000e+00
    outer loop
      vertex   -3.999995e+00 1.000000e+00 -6.050000e+01
      vertex   5.200005e+00 1.000000e+00 -6.050000e+01
      vertex   -3.999995e+00 1.000000e+00 -6.220000e+01
    endloop
  endfacet
  facet normal -5.843280e-17 1.000000e+00 3.162247e-16
    outer loop
      vertex   -3.999995e+00 1.000000e+00 -6.220000e+01
      vertex   5.200005e+00 1.000000e+00 -6.050000e+01
      vertex   1.500000e+01 1.000000e+00 -6.220000e+01
    endloop
  endfacet
  facet normal -1.171399e-16 1.000000e+00 -2.220446e-17
    outer loop
      vertex   1.500000e+01 1.000000e+00 -6.220000e+01
      vertex   5.200005e+00 1.000000e+00 -6.050000e+01
      vertex   5.200005e+00 1.000000e+00 -5.050000e+01
    endloop
  endfacet
  facet normal -9.063049e-17 1.000000e+00 0.000000e+00
    outer loop
      vertex   1.500000e+01 1.000000e+00 -6.220000e+01
      vertex   5.200005e+00 1.000000e+00 -5.050000e+01
      vertex   1.500000e+01 1.000000e+00 -4.880000e+01
    endloop
  endfacet
  facet normal -5.843280e-17 1.000000e+00 -1.856101e-16
    outer loop
      vertex   1.500000e+01 1.000000e+00 -4.880000e+01
      vertex   5.200005e+00 1.000000e+00 -5.050000e+01
      vertex   -3.999995e+00 1.000000e+00 -4.880000e+01
    endloop
  endfacet
  facet normal -2.413528e-17 1.000000e+00 -6.304835e-33
    outer loop
      vertex   -3.999995e+00 1.000000e+00 -4.880000e+01
      vertex   5.200005e+00 1.000000e+00 -5.050000e+01
      vertex   -3.999995e+00 1.000000e+00 -5.050000e+01
    endloop
  endfacet
  facet normal 6.791578e-01 -0.000000e+00 7.339923e-01
    outer loop
      vertex   1.500000e+01 0.000000e+00 -7.458739e+01
      vertex   1.500000e+01 1.000000e+00 -7.458739e+01
      vertex   1.485342e+01 0.000000e+00 -7.445176e+01
    endloop
  endfacet
  facet normal 6.791578e-01 -0.000000e+00 7.339923e-01
    outer loop
      vertex   1.485342e+01 0.000000e+00 -7.445176e+01
      vertex   1.500000e+01 1.000000e+00 -7.458739e+01
      vertex   1.485342e+01 1.000000e+00 -7.445176e+01
    endloop
  endfacet
  facet normal 8.316626e-01 -0.000000e+00 5.552814e-01
    outer loop
      vertex   1.485342e+01 0.000000e+00 -7.445176e+01
      vertex   1.485342e+01 1.000000e+00 -7.445176e+01
      vertex   1.474254e+01 0.000000e+00 -7.428568e+01
    endloop
  endfacet
  facet normal 8.316626e-01 -0.000000e+00 5.552814e-01
    outer loop
      vertex   1.474254e+01 0.000000e+00 -7.428568e+01
      vertex   1.485342e+01 1.000000e+00 -7.445176e+01
      vertex   1.474254e+01 1.000000e+00 -7.428568e+01
    endloop
  endfacet
  facet normal 9.382635e-01 -0.000000e+00 3.459215e-01
    outer loop
      vertex   1.474254e+01 0.000000e+00 -7.428568e+01
      vertex   1.474254e+01 1.000000e+00 -7.428568e+01
      vertex   1.467346e+01 0.000000e+00 -7.409831e+01
    endloop
  endfacet
  facet normal 9.382635e-01 -0.000000e+00 3.459215e-01
    outer loop
      vertex   1.467346e+01 0.000000e+00 -7.409831e+01
      vertex   1.474254e+01 1.000000e+00 -7.428568e+01
      vertex   1.467346e+01 1.000000e+00 -7.409831e+01
    endloop
  endfacet
  facet normal 9.930766e-01 -0.000000e+00 1.174684e-01
    outer loop
      vertex   1.467346e+01 0.000000e+00 -7.409831e+01
      vertex   1.467346e+01 1.000000e+00 -7.409831e+01
      vertex   1.465000e+01 0.000000e+00 -7.390000e+01
    endloop
  endfacet
  facet normal 9.930766e-01 -0.000000e+00 1.174684e-01
    outer loop
      vertex   1.465000e+01 0.000000e+00 -7.390000e+01
      vertex   1.467346e+01 1.000000e+00 -7.409831e+01
      vertex   1.465000e+01 1.000000e+00 -7.390000e+01
    endloop
  endfacet
  facet normal 9.930766e-01 0.000000e+00 -1.174684e-01
    outer loop
      vertex   1.465000e+01 0.000000e+00 -7.390000e+01
      vertex   1.465000e+01 1.000000e+00 -7.390000e+01
      vertex   1.467346e+01 0.000000e+00 -7.370168e+01
    endloop
  endfacet
  facet normal 9.930766e-01 0.000000e+00 -1.174684e-01
    outer loop
      vertex   1.467346e+01 0.000000e+00 -7.370168e+01
      vertex   1.465000e+01 1.000000e+00 -7.390000e+01
      vertex   1.467346e+01 1.000000e+00 -7.370168e+01
    endloop
  endfacet
  facet normal 9.382635e-01 0.000000e+00 -3.459215e-01
    outer loop
      vertex   1.467346e+01 0.000000e+00 -7.370168e+01
      vertex   1.467346e+01 1.000000e+00 -7.370168e+01
      vertex   1.474254e+01 0.000000e+00 -7.351432e+01
    endloop
  endfacet
  facet normal 9.382635e-01 0.000000e+00 -3.459215e-01
    outer loop
      vertex   1.474254e+01 0.000000e+00 -7.351432e+01
      vertex   1.467346e+01 1.000000e+00 -7.370168e+01
      vertex   1.474254e+01 1.000000e+00 -7.351432e+01
    endloop
  endfacet
  facet normal 8.316626e-01 0.000000e+00 -5.552814e-01
    outer loop
      vertex   1.474254e+01 0.000000e+00 -7.351432e+01
      vertex   1.474254e+01 1.000000e+00 -7.351432e+01
      vertex   1.485342e+01 0.000000e+00 -7.334824e+01
    endloop
  endfacet
  facet normal 8.316626e-01 0.000000e+00 -5.552814e-01
    outer loop
      vertex   1.485342e+01 0.000000e+00 -7.334824e+01
      vertex   1.474254e+01 1.000000e+00 -7.351432e+01
      vertex   1.485342e+01 1.000000e+00 -7.334824e+01
    endloop
  endfacet
  facet normal 6.791578e-01 0.000000e+00 -7.339923e-01
    outer loop
      vertex   1.485342e+01 0.000000e+00 -7.334824e+01
      vertex   1.485342e+01 1.000000e+00 -7.334824e+01
      vertex   1.500000e+01 0.000000e+00 -7.321261e+01
    endloop
  endfacet
  facet normal 6.791578e-01 0.000000e+00 -7.339923e-01
    outer loop
      vertex   1.500000e+01 0.000000e+00 -7.321261e+01
      vertex   1.485342e+01 1.000000e+00 -7.334824e+01
      vertex   1.500000e+01 1.000000e+00 -7.321261e+01
    endloop
  endfacet
  facet normal 6.791577e-01 -0.000000e+00 7.339924e-01
    outer loop
      vertex   1.500000e+01 0.000000e+00 -3.778739e+01
      vertex   1.500000e+01 1.000000e+00 -3.778739e+01
      vertex   1.485342e+01 0.000000e+00 -3.765176e+01
    endloop
  endfacet
  facet normal 6.791577e-01 2.412853e-15 7.339924e-01
    outer loop
      vertex   1.485342e+01 0.000000e+00 -3.765176e+01
      vertex   1.500000e+01 1.000000e+00 -3.778739e+01
      vertex   1.485342e+01 1.000000e+00 -3.765176e+01
    endloop
  endfacet
  facet normal 8.316625e-01 2.954659e-15 5.552814e-01
    outer loop
      vertex   1.485342e+01 0.000000e+00 -3.765176e+01
      vertex   1.485342e+01 1.000000e+00 -3.765176e+01
      vertex   1.474254e+01 0.000000e+00 -3.748568e+01
    endloop
  endfacet
  facet normal 8.316625e-01 2.954659e-15 5.552814e-01
    outer loop
      vertex   1.474254e+01 0.000000e+00 -3.748568e+01
      vertex   1.485342e+01 1.000000e+00 -3.765176e+01
      vertex   1.474254e+01 1.000000e+00 -3.748568e+01
    endloop
  endfacet
  facet normal 9.382634e-01 3.333381e-15 3.459215e-01
    outer loop
      vertex   1.474254e+01 0.000000e+00 -3.748568e+01
      vertex   1.474254e+01 1.000000e+00 -3.748568e+01
      vertex   1.467346e+01 0.000000e+00 -3.729831e+01
    endloop
  endfacet
  facet normal 9.382634e-01 3.333381e-15 3.459215e-01
    outer loop
      vertex   1.467346e+01 0.000000e+00 -3.729831e+01
      vertex   1.474254e+01 1.000000e+00 -3.748568e+01
      vertex   1.467346e+01 1.000000e+00 -3.729831e+01
    endloop
  endfacet
  facet normal 9.930766e-01 3.528117e-15 1.174684e-01
    outer loop
      vertex   1.467346e+01 0.000000e+00 -3.729831e+01
      vertex   1.467346e+01 1.000000e+00 -3.729831e+01
      vertex   1.465000e+01 0.000000e+00 -3.710000e+01
    endloop
  endfacet
  facet normal 9.930766e-01 -0.000000e+00 1.174684e-01
    outer loop
      vertex   1.465000e+01 0.000000e+00 -3.710000e+01
      vertex   1.467346e+01 1.000000e+00 -3.729831e+01
      vertex   1.465000e+01 1.000000e+00 -3.710000e+01
    endloop
  endfacet
  facet normal 9.930766e-01 0.000000e+00 -1.174684e-01
    outer loop
      vertex   1.465000e+01 0.000000e+00 -3.710000e+01
      vertex   1.465000e+01 1.000000e+00 -3.710000e+01
      vertex   1.467346e+01 0.000000e+00 -3.690169e+01
    endloop
  endfacet
  facet normal 9.930766e-01 -3.528117e-15 -1.174684e-01
    outer loop
      vertex   1.467346e+01 0.000000e+00 -3.690169e+01
      vertex   1.465000e+01 1.000000e+00 -3.710000e+01
      vertex   1.467346e+01 1.000000e+00 -3.690169e+01
    endloop
  endfacet
  facet normal 9.382634e-01 -3.333381e-15 -3.459215e-01
    outer loop
      vertex   1.467346e+01 0.000000e+00 -3.690169e+01
      vertex   1.467346e+01 1.000000e+00 -3.690169e+01
      vertex   1.474254e+01 0.000000e+00 -3.671432e+01
    endloop
  endfacet
  facet normal 9.382634e-01 -3.333381e-15 -3.459215e-01
    outer loop
      vertex   1.474254e+01 0.000000e+00 -3.671432e+01
      vertex   1.467346e+01 1.000000e+00 -3.690169e+01
      vertex   1.474254e+01 1.000000e+00 -3.671432e+01
    endloop
  endfacet
  facet normal 8.316625e-01 -2.954659e-15 -5.552814e-01
    outer loop
      vertex   1.474254e+01 0.000000e+00 -3.671432e+01
      vertex   1.474254e+01 1.000000e+00 -3.671432e+01
      vertex   1.485342e+01 0.000000e+00 -3.654824e+01
    endloop
  endfacet
  facet normal 8.316625e-01 -2.954659e-15 -5.552814e-01
    outer loop
      vertex   1.485342e+01 0.000000e+00 -3.654824e+01
      vertex   1.474254e+01 1.000000e+00 -3.671432e+01
      vertex   1.485342e+01 1.000000e+00 -3.654824e+01
    endloop
  endfacet
  facet normal 6.791577e-01 -2.412853e-15 -7.339924e-01
    outer loop
      vertex   1.485342e+01 0.000000e+00 -3.654824e+01
      vertex   1.485342e+01 1.000000e+00 -3.654824e+01
      vertex   1.500000e+01 0.000000e+00 -3.641261e+01
    endloop
  endfacet
  facet normal 6.791577e-01 0.000000e+00 -7.339924e-01
    outer loop
      vertex   1.500000e+01 0.000000e+00 -3.641261e+01
      vertex   1.485342e+01 1.000000e+00 -3.654824e+01
      vertex   1.500000e+01 1.000000e+00 -3.641261e+01
    endloop
  endfacet
  facet normal 1.000000e+00 0.000000e+00 -0.000000e+00
    outer loop
      vertex   1.500000e+01 1.000000e+00 -7.321261e+01
      vertex   1.500000e+01 1.000000e+00 -7.140000e+01
      vertex   1.500000e+01 0.000000e+00 -7.321261e+01
    endloop
  endfacet
  facet normal 1.000000e+00 0.000000e+00 0.000000e+00
    outer loop
      vertex   1.500000e+01 0.000000e+00 -7.321261e+01
      vertex   1.500000e+01 1.000000e+00 -7.140000e+01
      vertex   1.500000e+01 0.000000e+00 -7.140000e+01
    endloop
  endfacet
  facet normal 0.000000e+00 1.000000e+00 0.000000e+00
    outer loop
      vertex   1.500000e+01 1.700000e+01 -7.200000e+00
      vertex   1.500000e+01 1.700000e+01 -1.200000e+01
      vertex   1.400000e+01 1.700000e+01 -7.200000e+00
    endloop
  endfacet
  facet normal 0.000000e+00 1.000000e+00 0.000000e+00
    outer loop
      vertex   1.400000e+01 1.700000e+01 -7.200000e+00
      vertex   1.500000e+01 1.700000e+01 -1.200000e+01
      vertex   1.300000e+01 1.700000e+01 -1.200000e+01
    endloop
  endfacet
  facet normal 0.000000e+00 1.000000e+00 0.000000e+00
    outer loop
      vertex   1.400000e+01 1.700000e+01 -7.200000e+00
      vertex   1.300000e+01 1.700000e+01 -1.200000e+01
      vertex   1.300000e+01 1.700000e+01 -7.200000e+00
    endloop
  endfacet
  facet normal 0.000000e+00 1.000000e+00 0.000000e+00
    outer loop
      vertex   1.300000e+01 1.700000e+01 -1.038000e+02
      vertex   1.300000e+01 1.700000e+01 -9.900000e+01
      vertex   1.400000e+01 1.700000e+01 -1.038000e+02
    endloop
  endfacet
  facet normal 0.000000e+00 1.000000e+00 -0.000000e+00
    outer loop
      vertex   1.400000e+01 1.700000e+01 -1.038000e+02
      vertex   1.300000e+01 1.700000e+01 -9.900000e+01
      vertex   1.400000e+01 1.700000e+01 -9.900000e+01
    endloop
  endfacet
  facet normal 0.000000e+00 1.000000e+00 0.000000e+00
    outer loop
      vertex   1.400000e+01 1.700000e+01 -1.038000e+02
      vertex   1.400000e+01 1.700000e+01 -9.900000e+01
      vertex   1.500000e+01 1.700000e+01 -1.038000e+02
    endloop
  endfacet
  facet normal 0.000000e+00 1.000000e+00 -0.000000e+00
    outer loop
      vertex   1.500000e+01 1.700000e+01 -1.038000e+02
      vertex   1.400000e+01 1.700000e+01 -9.900000e+01
      vertex   1.500000e+01 1.700000e+01 -9.900000e+01
    endloop
  endfacet
  facet normal -1.000000e+00 -4.838407e-06 -0.000000e+00
    outer loop
      vertex   1.300000e+01 1.700000e+01 -7.200000e+00
      vertex   1.300000e+01 1.700000e+01 -1.200000e+01
      vertex   1.300000e+01 1.600000e+01 -7.200000e+00
    endloop
  endfacet
  facet normal -1.000000e+00 -6.981560e-08 9.934566e-07
    outer loop
      vertex   1.300000e+01 1.600000e+01 -7.200000e+00
      vertex   1.300000e+01 1.700000e+01 -1.200000e+01
      vertex   1.300000e+01 7.777817e+00 -7.777817e+00
    endloop
  endfacet
  facet normal -1.000000e+00 0.000000e+00 0.000000e+00
    outer loop
      vertex   1.300000e+01 1.600000e+01 -7.200000e+00
      vertex   1.300000e+01 7.777817e+00 -7.777817e+00
      vertex   1.300000e+01 7.952628e+00 -7.550000e+00
    endloop
  endfacet
  facet normal -1.000000e+00 -3.024005e-07 4.826680e-07
    outer loop
      vertex   1.300000e+01 1.000000e+00 -1.200000e+01
      vertex   1.300000e+01 7.284701e+00 -8.062518e+00
      vertex   1.300000e+01 1.700000e+01 -1.200000e+01
    endloop
  endfacet
  facet normal -1.000000e+00 -2.517222e-07 6.077111e-07
    outer loop
      vertex   1.300000e+01 1.700000e+01 -1.200000e+01
      vertex   1.300000e+01 7.284701e+00 -8.062518e+00
      vertex   1.300000e+01 7.550000e+00 -7.952628e+00
    endloop
  endfacet
  facet normal -1.000000e+00 -3.285926e-07 4.282302e-07
    outer loop
      vertex   1.300000e+01 1.700000e+01 -1.200000e+01
      vertex   1.300000e+01 7.550000e+00 -7.952628e+00
      vertex   1.300000e+01 7.777817e+00 -7.777817e+00
    endloop
  endfacet
  facet normal -1.000000e+00 0.000000e+00 1.612803e-06
    outer loop
      vertex   1.300000e+01 1.000000e+00 -1.500000e+01
      vertex   1.300000e+01 0.000000e+00 -1.500000e+01
      vertex   1.300000e+01 1.000000e+00 -1.200000e+01
    endloop
  endfacet
  facet normal -1.000000e+00 3.870726e-06 3.225605e-07
    outer loop
      vertex   1.300000e+01 1.000000e+00 -1.200000e+01
      vertex   1.300000e+01 0.000000e+00 -1.500000e+01
      vertex   1.300000e+01 0.000000e+00 -4.291534e-07
    endloop
  endfacet
  facet normal -1.000000e+00 0.000000e+00 0.000000e+00
    outer loop
      vertex   1.300000e+01 1.000000e+00 -1.200000e+01
      vertex   1.300000e+01 0.000000e+00 -4.291534e-07
      vertex   1.300000e+01 5.937482e+00 -6.715299e+00
    endloop
  endfacet
  facet normal -1.000000e+00 0.000000e+00 0.000000e+00
    outer loop
      vertex   1.300000e+01 5.937482e+00 -6.715299e+00
      vertex   1.300000e+01 0.000000e+00 -4.291534e-07
      vertex   1.300000e+01 6.047372e+00 -6.450000e+00
    endloop
  endfacet
  facet normal -1.000000e+00 0.000000e+00 0.000000e+00
    outer loop
      vertex   1.300000e+01 6.047372e+00 -6.450000e+00
      vertex   1.300000e+01 0.000000e+00 -4.291534e-07
      vertex   1.300000e+01 6.222183e+00 -6.222183e+00
    endloop
  endfacet
  facet normal -1.000000e+00 0.000000e+00 0.000000e+00
    outer loop
      vertex   1.300000e+01 6.222183e+00 -6.222183e+00
      vertex   1.300000e+01 0.000000e+00 -4.291534e-07
      vertex   1.300000e+01 6.450000e+00 -6.047372e+00
    endloop
  endfacet
  facet normal -1.000000e+00 0.000000e+00 0.000000e+00
    outer loop
      vertex   1.300000e+01 6.450000e+00 -6.047372e+00
      vertex   1.300000e+01 0.000000e+00 -4.291534e-07
      vertex   1.300000e+01 6.715299e+00 -5.937482e+00
    endloop
  endfacet
  facet normal -1.000000e+00 0.000000e+00 0.000000e+00
    outer loop
      vertex   1.300000e+01 6.715299e+00 -5.937482e+00
      vertex   1.300000e+01 0.000000e+00 -4.291534e-07
      vertex   1.300000e+01 7.000000e+00 -5.900000e+00
    endloop
  endfacet
  facet normal -1.000000e+00 0.000000e+00 0.000000e+00
    outer loop
      vertex   1.300000e+01 7.000000e+00 -5.900000e+00
      vertex   1.300000e+01 0.000000e+00 -4.291534e-07
      vertex   1.300000e+01 1.600000e+01 9.184851e-16
    endloop
  endfacet
  facet normal -1.000000e+00 0.000000e+00 0.000000e+00
    outer loop
      vertex   1.300000e+01 7.000000e+00 -5.900000e+00
      vertex   1.300000e+01 1.600000e+01 9.184851e-16
      vertex   1.300000e+01 7.284701e+00 -5.937482e+00
    endloop
  endfacet
  facet normal -1.000000e+00 0.000000e+00 0.000000e+00
    outer loop
      vertex   1.300000e+01 7.284701e+00 -5.937482e+00
      vertex   1.300000e+01 1.600000e+01 9.184851e-16
      vertex   1.300000e+01 7.550000e+00 -6.047372e+00
    endloop
  endfacet
  facet normal -1.000000e+00 0.000000e+00 0.000000e+00
    outer loop
      vertex   1.300000e+01 7.550000e+00 -6.047372e+00
      vertex   1.300000e+01 1.600000e+01 9.184851e-16
      vertex   1.300000e+01 7.777817e+00 -6.222183e+00
    endloop
  endfacet
  facet normal -1.000000e+00 0.000000e+00 0.000000e+00
    outer loop
      vertex   1.300000e+01 7.777817e+00 -6.222183e+00
      vertex   1.300000e+01 1.600000e+01 9.184851e-16
      vertex   1.300000e+01 1.600000e+01 -7.200000e+00
    endloop
  endfacet
  facet normal -1.000000e+00 0.000000e+00 0.000000e+00
    outer loop
      vertex   1.300000e+01 7.777817e+00 -6.222183e+00
      vertex   1.300000e+01 1.600000e+01 -7.200000e+00
      vertex   1.300000e+01 7.952628e+00 -6.450000e+00
    endloop
  endfacet
  facet normal -1.000000e+00 0.000000e+00 0.000000e+00
    outer loop
      vertex   1.300000e+01 7.952628e+00 -6.450000e+00
      vertex   1.300000e+01 1.600000e+01 -7.200000e+00
      vertex   1.300000e+01 8.062518e+00 -6.715299e+00
    endloop
  endfacet
  facet normal -1.000000e+00 0.000000e+00 0.000000e+00
    outer loop
      vertex   1.300000e+01 8.062518e+00 -6.715299e+00
      vertex   1.300000e+01 1.600000e+01 -7.200000e+00
      vertex   1.300000e+01 8.100000e+00 -7.000000e+00
    endloop
  endfacet
  facet normal -1.000000e+00 0.000000e+00 -0.000000e+00
    outer loop
      vertex   1.300000e+01 8.100000e+00 -7.000000e+00
      vertex   1.300000e+01 1.600000e+01 -7.200000e+00
      vertex   1.300000e+01 8.062518e+00 -7.284701e+00
    endloop
  endfacet
  facet normal -1.000000e+00 0.000000e+00 -0.000000e+00
    outer loop
      vertex   1.300000e+01 8.062518e+00 -7.284701e+00
      vertex   1.300000e+01 1.600000e+01 -7.200000e+00
      vertex   1.300000e+01 7.952628e+00 -7.550000e+00
    endloop
  endfacet
  facet normal -1.000000e+00 0.000000e+00 0.000000e+00
    outer loop
      vertex   1.300000e+01 5.937482e+00 -6.715299e+00
      vertex   1.300000e+01 5.900000e+00 -7.000000e+00
      vertex   1.300000e+01 1.000000e+00 -1.200000e+01
    endloop
  endfacet
  facet normal -1.000000e+00 0.000000e+00 0.000000e+00
    outer loop
      vertex   1.300000e+01 1.000000e+00 -1.200000e+01
      vertex   1.300000e+01 5.900000e+00 -7.000000e+00
      vertex   1.300000e+01 5.937482e+00 -7.284701e+00
    endloop
  endfacet
  facet normal -1.000000e+00 0.000000e+00 0.000000e+00
    outer loop
      vertex   1.300000e+01 1.000000e+00 -1.200000e+01
      vertex   1.300000e+01 5.937482e+00 -7.284701e+00
      vertex   1.300000e+01 6.047372e+00 -7.550000e+00
    endloop
  endfacet
  facet normal -1.000000e+00 0.000000e+00 -0.000000e+00
    outer loop
      vertex   1.300000e+01 6.047372e+00 -7.550000e+00
      vertex   1.300000e+01 6.222183e+00 -7.777817e+00
      vertex   1.300000e+01 1.000000e+00 -1.200000e+01
    endloop
  endfacet
  facet normal -1.000000e+00 0.000000e+00 0.000000e+00
    outer loop
      vertex   1.300000e+01 1.000000e+00 -1.200000e+01
      vertex   1.300000e+01 6.222183e+00 -7.777817e+00
      vertex   1.300000e+01 6.450000e+00 -7.952628e+00
    endloop
  endfacet
  facet normal -1.000000e+00 0.000000e+00 0.000000e+00
    outer loop
      vertex   1.300000e+01 1.000000e+00 -1.200000e+01
      vertex   1.300000e+01 6.450000e+00 -7.952628e+00
      vertex   1.300000e+01 6.715299e+00 -8.062518e+00
    endloop
  endfacet
  facet normal -1.000000e+00 0.000000e+00 -0.000000e+00
    outer loop
      vertex   1.300000e+01 6.715299e+00 -8.062518e+00
      vertex   1.300000e+01 7.000000e+00 -8.100000e+00
      vertex   1.300000e+01 1.000000e+00 -1.200000e+01
    endloop
  endfacet
  facet normal -1.000000e+00 0.000000e+00 0.000000e+00
    outer loop
      vertex   1.300000e+01 1.000000e+00 -1.200000e+01
      vertex   1.300000e+01 7.000000e+00 -8.100000e+00
      vertex   1.300000e+01 7.284701e+00 -8.062518e+00
    endloop
  endfacet
  facet normal 0.000000e+00 -2.470799e-07 1.000000e+00
    outer loop
      vertex   1.300000e+01 1.700000e+01 -9.900000e+01
      vertex   1.300000e+01 1.000000e+00 -9.900000e+01
      vertex   1.400000e+01 1.700000e+01 -9.900000e+01
    endloop
  endfacet
  facet normal 0.000000e+00 -2.470799e-07 1.000000e+00
    outer loop
      vertex   1.400000e+01 1.700000e+01 -9.900000e+01
      vertex   1.300000e+01 1.000000e+00 -9.900000e+01
      vertex   1.500000e+01 1.000000e+00 -9.900000e+01
    endloop
  endfacet
  facet normal 0.000000e+00 -2.470799e-07 1.000000e+00
    outer loop
      vertex   1.400000e+01 1.700000e+01 -9.900000e+01
      vertex   1.500000e+01 1.000000e+00 -9.900000e+01
      vertex   1.500000e+01 1.700000e+01 -9.900000e+01
    endloop
  endfacet
  facet normal -1.000000e+00 0.000000e+00 0.000000e+00
    outer loop
      vertex   1.300000e+01 7.284701e+00 -1.029375e+02
      vertex   1.300000e+01 7.000000e+00 -1.029000e+02
      vertex   1.300000e+01 1.000000e+00 -9.900000e+01
    endloop
  endfacet
  facet normal -1.000000e+00 0.000000e+00 0.000000e+00
    outer loop
      vertex   1.300000e+01 1.000000e+00 -9.900000e+01
      vertex   1.300000e+01 7.000000e+00 -1.029000e+02
      vertex   1.300000e+01 6.715299e+00 -1.029375e+02
    endloop
  endfacet
  facet normal -1.000000e+00 0.000000e+00 0.000000e+00
    outer loop
      vertex   1.300000e+01 1.000000e+00 -9.900000e+01
      vertex   1.300000e+01 6.715299e+00 -1.029375e+02
      vertex   1.300000e+01 6.450000e+00 -1.030474e+02
    endloop
  endfacet
  facet normal -1.000000e+00 -0.000000e+00 0.000000e+00
    outer loop
      vertex   1.300000e+01 6.450000e+00 -1.030474e+02
      vertex   1.300000e+01 6.222183e+00 -1.032222e+02
      vertex   1.300000e+01 1.000000e+00 -9.900000e+01
    endloop
  endfacet
  facet normal -1.000000e+00 0.000000e+00 0.000000e+00
    outer loop
      vertex   1.300000e+01 1.000000e+00 -9.900000e+01
      vertex   1.300000e+01 6.222183e+00 -1.032222e+02
      vertex   1.300000e+01 6.047372e+00 -1.034500e+02
    endloop
  endfacet
  facet normal -1.000000e+00 0.000000e+00 0.000000e+00
    outer loop
      vertex   1.300000e+01 1.000000e+00 -9.900000e+01
      vertex   1.300000e+01 6.047372e+00 -1.034500e+02
      vertex   1.300000e+01 5.937482e+00 -1.037153e+02
    endloop
  endfacet
  facet normal -1.000000e+00 -0.000000e+00 0.000000e+00
    outer loop
      vertex   1.300000e+01 5.937482e+00 -1.037153e+02
      vertex   1.300000e+01 5.900000e+00 -1.040000e+02
      vertex   1.300000e+01 1.000000e+00 -9.900000e+01
    endloop
  endfacet
  facet normal -1.000000e+00 0.000000e+00 0.000000e+00
    outer loop
      vertex   1.300000e+01 1.000000e+00 -9.900000e+01
      vertex   1.300000e+01 5.900000e+00 -1.040000e+02
      vertex   1.300000e+01 5.937482e+00 -1.042847e+02
    endloop
  endfacet
  facet normal -1.000000e+00 0.000000e+00 -0.000000e+00
    outer loop
      vertex   1.300000e+01 1.000000e+00 -9.900000e+01
      vertex   1.300000e+01 5.937482e+00 -1.042847e+02
      vertex   1.300000e+01 0.000000e+00 -1.110000e+02
    endloop
  endfacet
  facet normal -1.000000e+00 0.000000e+00 0.000000e+00
    outer loop
      vertex   1.300000e+01 0.000000e+00 -1.110000e+02
      vertex   1.300000e+01 5.937482e+00 -1.042847e+02
      vertex   1.300000e+01 6.047372e+00 -1.045500e+02
    endloop
  endfacet
  facet normal -1.000000e+00 0.000000e+00 0.000000e+00
    outer loop
      vertex   1.300000e+01 0.000000e+00 -1.110000e+02
      vertex   1.300000e+01 6.047372e+00 -1.045500e+02
      vertex   1.300000e+01 6.222183e+00 -1.047778e+02
    endloop
  endfacet
  facet normal -1.000000e+00 0.000000e+00 -0.000000e+00
    outer loop
      vertex   1.300000e+01 6.222183e+00 -1.047778e+02
      vertex   1.300000e+01 6.450000e+00 -1.049526e+02
      vertex   1.300000e+01 0.000000e+00 -1.110000e+02
    endloop
  endfacet
  facet normal -1.000000e+00 0.000000e+00 0.000000e+00
    outer loop
      vertex   1.300000e+01 0.000000e+00 -1.110000e+02
      vertex   1.300000e+01 6.450000e+00 -1.049526e+02
      vertex   1.300000e+01 6.715299e+00 -1.050625e+02
    endloop
  endfacet
  facet normal -1.000000e+00 0.000000e+00 0.000000e+00
    outer loop
      vertex   1.300000e+01 0.000000e+00 -1.110000e+02
      vertex   1.300000e+01 6.715299e+00 -1.050625e+02
      vertex   1.300000e+01 7.000000e+00 -1.051000e+02
    endloop
  endfacet
  facet normal -1.000000e+00 -3.330669e-16 3.951640e-16
    outer loop
      vertex   1.300000e+01 0.000000e+00 -1.110000e+02
      vertex   1.300000e+01 7.000000e+00 -1.051000e+02
      vertex   1.300000e+01 1.600000e+01 -1.110000e+02
    endloop
  endfacet
  facet normal -1.000000e+00 -9.902581e-17 7.521757e-16
    outer loop
      vertex   1.300000e+01 1.600000e+01 -1.110000e+02
      vertex   1.300000e+01 7.000000e+00 -1.051000e+02
      vertex   1.300000e+01 7.284701e+00 -1.050625e+02
    endloop
  endfacet
  facet normal -1.000000e+00 -2.311996e-16 5.581652e-16
    outer loop
      vertex   1.300000e+01 1.600000e+01 -1.110000e+02
      vertex   1.300000e+01 7.284701e+00 -1.050625e+02
      vertex   1.300000e+01 7.550000e+00 -1.049526e+02
    endloop
  endfacet
  facet normal -1.000000e+00 -3.263144e-16 4.252612e-16
    outer loop
      vertex   1.300000e+01 7.550000e+00 -1.049526e+02
      vertex   1.300000e+01 7.777817e+00 -1.047778e+02
      vertex   1.300000e+01 1.600000e+01 -1.110000e+02
    endloop
  endfacet
  facet normal -1.000000e+00 -6.481332e-16 0.000000e+00
    outer loop
      vertex   1.300000e+01 1.600000e+01 -1.110000e+02
      vertex   1.300000e+01 7.777817e+00 -1.047778e+02
      vertex   1.300000e+01 1.600000e+01 -1.038000e+02
    endloop
  endfacet
  facet normal -1.000000e+00 -7.132169e-16 5.472706e-16
    outer loop
      vertex   1.300000e+01 1.600000e+01 -1.038000e+02
      vertex   1.300000e+01 7.777817e+00 -1.047778e+02
      vertex   1.300000e+01 7.952628e+00 -1.045500e+02
    endloop
  endfacet
  facet normal -1.000000e+00 -6.888028e-16 2.853115e-16
    outer loop
      vertex   1.300000e+01 1.600000e+01 -1.038000e+02
      vertex   1.300000e+01 7.952628e+00 -1.045500e+02
      vertex   1.300000e+01 8.062518e+00 -1.042847e+02
    endloop
  endfacet
  facet normal -1.000000e+00 -6.768216e-16 8.910525e-17
    outer loop
      vertex   1.300000e+01 8.062518e+00 -1.042847e+02
      vertex   1.300000e+01 8.100000e+00 -1.040000e+02
      vertex   1.300000e+01 1.600000e+01 -1.038000e+02
    endloop
  endfacet
  facet normal -1.000000e+00 -6.723250e-16 -8.851326e-17
    outer loop
      vertex   1.300000e+01 1.600000e+01 -1.038000e+02
      vertex   1.300000e+01 8.100000e+00 -1.040000e+02
      vertex   1.300000e+01 8.062518e+00 -1.037153e+02
    endloop
  endfacet
  facet normal -1.000000e+00 -6.743612e-16 -2.793296e-16
    outer loop
      vertex   1.300000e+01 1.600000e+01 -1.038000e+02
      vertex   1.300000e+01 8.062518e+00 -1.037153e+02
      vertex   1.300000e+01 7.952628e+00 -1.034500e+02
    endloop
  endfacet
  facet normal -1.000000e+00 -6.850755e-16 -5.256769e-16
    outer loop
      vertex   1.300000e+01 7.952628e+00 -1.034500e+02
      vertex   1.300000e+01 7.777817e+00 -1.032222e+02
      vertex   1.300000e+01 1.600000e+01 -1.038000e+02
    endloop
  endfacet
  facet normal -1.000000e+00 -6.981570e-08 -9.934554e-07
    outer loop
      vertex   1.300000e+01 1.600000e+01 -1.038000e+02
      vertex   1.300000e+01 7.777817e+00 -1.032222e+02
      vertex   1.300000e+01 1.700000e+01 -9.900000e+01
    endloop
  endfacet
  facet normal -1.000000e+00 -4.838413e-06 0.000000e+00
    outer loop
      vertex   1.300000e+01 1.600000e+01 -1.038000e+02
      vertex   1.300000e+01 1.700000e+01 -9.900000e+01
      vertex   1.300000e+01 1.700000e+01 -1.038000e+02
    endloop
  endfacet
  facet normal -1.000000e+00 -3.285925e-07 -4.282301e-07
    outer loop
      vertex   1.300000e+01 7.777817e+00 -1.032222e+02
      vertex   1.300000e+01 7.550000e+00 -1.030474e+02
      vertex   1.300000e+01 1.700000e+01 -9.900000e+01
    endloop
  endfacet
  facet normal -1.000000e+00 -2.517220e-07 -6.077107e-07
    outer loop
      vertex   1.300000e+01 1.700000e+01 -9.900000e+01
      vertex   1.300000e+01 7.550000e+00 -1.030474e+02
      vertex   1.300000e+01 7.284701e+00 -1.029375e+02
    endloop
  endfacet
  facet normal -1.000000e+00 -3.024003e-07 -4.826678e-07
    outer loop
      vertex   1.300000e+01 1.700000e+01 -9.900000e+01
      vertex   1.300000e+01 7.284701e+00 -1.029375e+02
      vertex   1.300000e+01 1.000000e+00 -9.900000e+01
    endloop
  endfacet
  facet normal -1.000000e+00 3.870725e-06 -3.225604e-07
    outer loop
      vertex   1.300000e+01 0.000000e+00 -1.110000e+02
      vertex   1.300000e+01 0.000000e+00 -9.600000e+01
      vertex   1.300000e+01 1.000000e+00 -9.900000e+01
    endloop
  endfacet
  facet normal -1.000000e+00 0.000000e+00 -1.612801e-06
    outer loop
      vertex   1.300000e+01 1.000000e+00 -9.900000e+01
      vertex   1.300000e+01 0.000000e+00 -9.600000e+01
      vertex   1.300000e+01 1.000000e+00 -9.600000e+01
    endloop
  endfacet
  facet normal 9.914449e-01 0.000000e+00 -1.305262e-01
    outer loop
      vertex   1.462896e+01 2.500000e+01 -1.011800e+02
      vertex   1.462896e+01 2.400000e+01 -1.011800e+02
      vertex   1.460000e+01 2.500000e+01 -1.014000e+02
    endloop
  endfacet
  facet normal 9.914449e-01 0.000000e+00 -1.305262e-01
    outer loop
      vertex   1.460000e+01 2.500000e+01 -1.014000e+02
      vertex   1.462896e+01 2.400000e+01 -1.011800e+02
      vertex   1.460000e+01 2.400000e+01 -1.014000e+02
    endloop
  endfacet
  facet normal 9.914449e-01 0.000000e+00 1.305262e-01
    outer loop
      vertex   1.460000e+01 2.500000e+01 -1.014000e+02
      vertex   1.460000e+01 2.400000e+01 -1.014000e+02
      vertex   1.462896e+01 2.500000e+01 -1.016200e+02
    endloop
  endfacet
  facet normal 9.914449e-01 0.000000e+00 1.305262e-01
    outer loop
      vertex   1.462896e+01 2.500000e+01 -1.016200e+02
      vertex   1.460000e+01 2.400000e+01 -1.014000e+02
      vertex   1.462896e+01 2.400000e+01 -1.016200e+02
    endloop
  endfacet
  facet normal 9.238795e-01 0.000000e+00 3.826834e-01
    outer loop
      vertex   1.462896e+01 2.500000e+01 -1.016200e+02
      vertex   1.462896e+01 2.400000e+01 -1.016200e+02
      vertex   1.471388e+01 2.500000e+01 -1.018250e+02
    endloop
  endfacet
  facet normal 9.238795e-01 0.000000e+00 3.826834e-01
    outer loop
      vertex   1.471388e+01 2.500000e+01 -1.018250e+02
      vertex   1.462896e+01 2.400000e+01 -1.016200e+02
      vertex   1.471388e+01 2.400000e+01 -1.018250e+02
    endloop
  endfacet
  facet normal 7.933533e-01 0.000000e+00 6.087614e-01
    outer loop
      vertex   1.471388e+01 2.500000e+01 -1.018250e+02
      vertex   1.471388e+01 2.400000e+01 -1.018250e+02
      vertex   1.484896e+01 2.500000e+01 -1.020010e+02
    endloop
  endfacet
  facet normal 7.933533e-01 0.000000e+00 6.087614e-01
    outer loop
      vertex   1.484896e+01 2.500000e+01 -1.020010e+02
      vertex   1.471388e+01 2.400000e+01 -1.018250e+02
      vertex   1.484896e+01 2.400000e+01 -1.020010e+02
    endloop
  endfacet
  facet normal 6.087614e-01 0.000000e+00 7.933533e-01
    outer loop
      vertex   1.484896e+01 2.500000e+01 -1.020010e+02
      vertex   1.484896e+01 2.400000e+01 -1.020010e+02
      vertex   1.502500e+01 2.500000e+01 -1.021361e+02
    endloop
  endfacet
  facet normal 6.087614e-01 0.000000e+00 7.933533e-01
    outer loop
      vertex   1.502500e+01 2.500000e+01 -1.021361e+02
      vertex   1.484896e+01 2.400000e+01 -1.020010e+02
      vertex   1.502500e+01 2.400000e+01 -1.021361e+02
    endloop
  endfacet
  facet normal 3.826834e-01 0.000000e+00 9.238795e-01
    outer loop
      vertex   1.502500e+01 2.500000e+01 -1.021361e+02
      vertex   1.502500e+01 2.400000e+01 -1.021361e+02
      vertex   1.523000e+01 2.500000e+01 -1.022210e+02
    endloop
  endfacet
  facet normal 3.826834e-01 0.000000e+00 9.238795e-01
    outer loop
      vertex   1.523000e+01 2.500000e+01 -1.022210e+02
      vertex   1.502500e+01 2.400000e+01 -1.021361e+02
      vertex   1.523000e+01 2.400000e+01 -1.022210e+02
    endloop
  endfacet
  facet normal 1.305262e-01 0.000000e+00 9.914449e-01
    outer loop
      vertex   1.523000e+01 2.500000e+01 -1.022210e+02
      vertex   1.523000e+01 2.400000e+01 -1.022210e+02
      vertex   1.545000e+01 2.500000e+01 -1.022500e+02
    endloop
  endfacet
  facet normal 1.305262e-01 0.000000e+00 9.914449e-01
    outer loop
      vertex   1.545000e+01 2.500000e+01 -1.022500e+02
      vertex   1.523000e+01 2.400000e+01 -1.022210e+02
      vertex   1.545000e+01 2.400000e+01 -1.022500e+02
    endloop
  endfacet
  facet normal -1.305262e-01 0.000000e+00 9.914449e-01
    outer loop
      vertex   1.545000e+01 2.500000e+01 -1.022500e+02
      vertex   1.545000e+01 2.400000e+01 -1.022500e+02
      vertex   1.567000e+01 2.500000e+01 -1.022210e+02
    endloop
  endfacet
  facet normal -1.305262e-01 0.000000e+00 9.914449e-01
    outer loop
      vertex   1.567000e+01 2.500000e+01 -1.022210e+02
      vertex   1.545000e+01 2.400000e+01 -1.022500e+02
      vertex   1.567000e+01 2.400000e+01 -1.022210e+02
    endloop
  endfacet
  facet normal -3.826834e-01 0.000000e+00 9.238795e-01
    outer loop
      vertex   1.567000e+01 2.500000e+01 -1.022210e+02
      vertex   1.567000e+01 2.400000e+01 -1.022210e+02
      vertex   1.587500e+01 2.500000e+01 -1.021361e+02
    endloop
  endfacet
  facet normal -3.826834e-01 0.000000e+00 9.238795e-01
    outer loop
      vertex   1.587500e+01 2.500000e+01 -1.021361e+02
      vertex   1.567000e+01 2.400000e+01 -1.022210e+02
      vertex   1.587500e+01 2.400000e+01 -1.021361e+02
    endloop
  endfacet
  facet normal -6.087614e-01 0.000000e+00 7.933533e-01
    outer loop
      vertex   1.587500e+01 2.500000e+01 -1.021361e+02
      vertex   1.587500e+01 2.400000e+01 -1.021361e+02
      vertex   1.605104e+01 2.500000e+01 -1.020010e+02
    endloop
  endfacet
  facet normal -6.087614e-01 0.000000e+00 7.933533e-01
    outer loop
      vertex   1.605104e+01 2.500000e+01 -1.020010e+02
      vertex   1.587500e+01 2.400000e+01 -1.021361e+02
      vertex   1.605104e+01 2.400000e+01 -1.020010e+02
    endloop
  endfacet
  facet normal -7.933533e-01 0.000000e+00 6.087614e-01
    outer loop
      vertex   1.605104e+01 2.500000e+01 -1.020010e+02
      vertex   1.605104e+01 2.400000e+01 -1.020010e+02
      vertex   1.618612e+01 2.500000e+01 -1.018250e+02
    endloop
  endfacet
  facet normal -7.933533e-01 0.000000e+00 6.087614e-01
    outer loop
      vertex   1.618612e+01 2.500000e+01 -1.018250e+02
      vertex   1.605104e+01 2.400000e+01 -1.020010e+02
      vertex   1.618612e+01 2.400000e+01 -1.018250e+02
    endloop
  endfacet
  facet normal -9.238795e-01 0.000000e+00 3.826834e-01
    outer loop
      vertex   1.618612e+01 2.500000e+01 -1.018250e+02
      vertex   1.618612e+01 2.400000e+01 -1.018250e+02
      vertex   1.627104e+01 2.500000e+01 -1.016200e+02
    endloop
  endfacet
  facet normal -9.238795e-01 0.000000e+00 3.826834e-01
    outer loop
      vertex   1.627104e+01 2.500000e+01 -1.016200e+02
      vertex   1.618612e+01 2.400000e+01 -1.018250e+02
      vertex   1.627104e+01 2.400000e+01 -1.016200e+02
    endloop
  endfacet
  facet normal -9.914449e-01 0.000000e+00 1.305262e-01
    outer loop
      vertex   1.627104e+01 2.500000e+01 -1.016200e+02
      vertex   1.627104e+01 2.400000e+01 -1.016200e+02
      vertex   1.630000e+01 2.500000e+01 -1.014000e+02
    endloop
  endfacet
  facet normal -9.914449e-01 0.000000e+00 1.305262e-01
    outer loop
      vertex   1.630000e+01 2.500000e+01 -1.014000e+02
      vertex   1.627104e+01 2.400000e+01 -1.016200e+02
      vertex   1.630000e+01 2.400000e+01 -1.014000e+02
    endloop
  endfacet
  facet normal -9.914449e-01 -0.000000e+00 -1.305262e-01
    outer loop
      vertex   1.630000e+01 2.500000e+01 -1.014000e+02
      vertex   1.630000e+01 2.400000e+01 -1.014000e+02
      vertex   1.627104e+01 2.500000e+01 -1.011800e+02
    endloop
  endfacet
  facet normal -9.914449e-01 -0.000000e+00 -1.305262e-01
    outer loop
      vertex   1.627104e+01 2.500000e+01 -1.011800e+02
      vertex   1.630000e+01 2.400000e+01 -1.014000e+02
      vertex   1.627104e+01 2.400000e+01 -1.011800e+02
    endloop
  endfacet
  facet normal -9.238795e-01 -0.000000e+00 -3.826834e-01
    outer loop
      vertex   1.627104e+01 2.500000e+01 -1.011800e+02
      vertex   1.627104e+01 2.400000e+01 -1.011800e+02
      vertex   1.618612e+01 2.500000e+01 -1.009750e+02
    endloop
  endfacet
  facet normal -9.238795e-01 -0.000000e+00 -3.826834e-01
    outer loop
      vertex   1.618612e+01 2.500000e+01 -1.009750e+02
      vertex   1.627104e+01 2.400000e+01 -1.011800e+02
      vertex   1.618612e+01 2.400000e+01 -1.009750e+02
    endloop
  endfacet
  facet normal -7.933533e-01 -0.000000e+00 -6.087614e-01
    outer loop
      vertex   1.618612e+01 2.500000e+01 -1.009750e+02
      vertex   1.618612e+01 2.400000e+01 -1.009750e+02
      vertex   1.605104e+01 2.500000e+01 -1.007990e+02
    endloop
  endfacet
  facet normal -7.933533e-01 -0.000000e+00 -6.087614e-01
    outer loop
      vertex   1.605104e+01 2.500000e+01 -1.007990e+02
      vertex   1.618612e+01 2.400000e+01 -1.009750e+02
      vertex   1.605104e+01 2.400000e+01 -1.007990e+02
    endloop
  endfacet
  facet normal -6.087614e-01 -0.000000e+00 -7.933533e-01
    outer loop
      vertex   1.605104e+01 2.500000e+01 -1.007990e+02
      vertex   1.605104e+01 2.400000e+01 -1.007990e+02
      vertex   1.587500e+01 2.500000e+01 -1.006639e+02
    endloop
  endfacet
  facet normal -6.087614e-01 -0.000000e+00 -7.933533e-01
    outer loop
      vertex   1.587500e+01 2.500000e+01 -1.006639e+02
      vertex   1.605104e+01 2.400000e+01 -1.007990e+02
      vertex   1.587500e+01 2.400000e+01 -1.006639e+02
    endloop
  endfacet
  facet normal -3.826834e-01 -0.000000e+00 -9.238795e-01
    outer loop
      vertex   1.587500e+01 2.500000e+01 -1.006639e+02
      vertex   1.587500e+01 2.400000e+01 -1.006639e+02
      vertex   1.567000e+01 2.500000e+01 -1.005790e+02
    endloop
  endfacet
  facet normal -3.826834e-01 -0.000000e+00 -9.238795e-01
    outer loop
      vertex   1.567000e+01 2.500000e+01 -1.005790e+02
      vertex   1.587500e+01 2.400000e+01 -1.006639e+02
      vertex   1.567000e+01 2.400000e+01 -1.005790e+02
    endloop
  endfacet
  facet normal -1.305262e-01 -0.000000e+00 -9.914449e-01
    outer loop
      vertex   1.567000e+01 2.500000e+01 -1.005790e+02
      vertex   1.567000e+01 2.400000e+01 -1.005790e+02
      vertex   1.545000e+01 2.500000e+01 -1.005500e+02
    endloop
  endfacet
  facet normal -1.305262e-01 -0.000000e+00 -9.914449e-01
    outer loop
      vertex   1.545000e+01 2.500000e+01 -1.005500e+02
      vertex   1.567000e+01 2.400000e+01 -1.005790e+02
      vertex   1.545000e+01 2.400000e+01 -1.005500e+02
    endloop
  endfacet
  facet normal 1.305262e-01 0.000000e+00 -9.914449e-01
    outer loop
      vertex   1.545000e+01 2.500000e+01 -1.005500e+02
      vertex   1.545000e+01 2.400000e+01 -1.005500e+02
      vertex   1.523000e+01 2.500000e+01 -1.005790e+02
    endloop
  endfacet
  facet normal 1.305262e-01 0.000000e+00 -9.914449e-01
    outer loop
      vertex   1.523000e+01 2.500000e+01 -1.005790e+02
      vertex   1.545000e+01 2.400000e+01 -1.005500e+02
      vertex   1.523000e+01 2.400000e+01 -1.005790e+02
    endloop
  endfacet
  facet normal 3.826834e-01 0.000000e+00 -9.238795e-01
    outer loop
      vertex   1.523000e+01 2.500000e+01 -1.005790e+02
      vertex   1.523000e+01 2.400000e+01 -1.005790e+02
      vertex   1.502500e+01 2.500000e+01 -1.006639e+02
    endloop
  endfacet
  facet normal 3.826834e-01 0.000000e+00 -9.238795e-01
    outer loop
      vertex   1.502500e+01 2.500000e+01 -1.006639e+02
      vertex   1.523000e+01 2.400000e+01 -1.005790e+02
      vertex   1.502500e+01 2.400000e+01 -1.006639e+02
    endloop
  endfacet
  facet normal 6.087614e-01 0.000000e+00 -7.933533e-01
    outer loop
      vertex   1.502500e+01 2.500000e+01 -1.006639e+02
      vertex   1.502500e+01 2.400000e+01 -1.006639e+02
      vertex   1.484896e+01 2.500000e+01 -1.007990e+02
    endloop
  endfacet
  facet normal 6.087614e-01 0.000000e+00 -7.933533e-01
    outer loop
      vertex   1.484896e+01 2.500000e+01 -1.007990e+02
      vertex   1.502500e+01 2.400000e+01 -1.006639e+02
      vertex   1.484896e+01 2.400000e+01 -1.007990e+02
    endloop
  endfacet
  facet normal 7.933533e-01 0.000000e+00 -6.087614e-01
    outer loop
      vertex   1.484896e+01 2.500000e+01 -1.007990e+02
      vertex   1.484896e+01 2.400000e+01 -1.007990e+02
      vertex   1.471388e+01 2.500000e+01 -1.009750e+02
    endloop
  endfacet
  facet normal 7.933533e-01 0.000000e+00 -6.087614e-01
    outer loop
      vertex   1.471388e+01 2.500000e+01 -1.009750e+02
      vertex   1.484896e+01 2.400000e+01 -1.007990e+02
      vertex   1.471388e+01 2.400000e+01 -1.009750e+02
    endloop
  endfacet
  facet normal 9.238795e-01 0.000000e+00 -3.826834e-01
    outer loop
      vertex   1.471388e+01 2.500000e+01 -1.009750e+02
      vertex   1.471388e+01 2.400000e+01 -1.009750e+02
      vertex   1.462896e+01 2.500000e+01 -1.011800e+02
    endloop
  endfacet
  facet normal 9.238795e-01 0.000000e+00 -3.826834e-01
    outer loop
      vertex   1.462896e+01 2.500000e+01 -1.011800e+02
      vertex   1.471388e+01 2.400000e+01 -1.009750e+02
      vertex   1.462896e+01 2.400000e+01 -1.011800e+02
    endloop
  endfacet
  facet normal 0.000000e+00 0.000000e+00 -1.000000e+00
    outer loop
      vertex   1.500000e+01 2.600000e+01 -1.038000e+02
      vertex   1.790000e+01 2.600000e+01 -1.038000e+02
      vertex   1.500000e+01 2.400000e+01 -1.038000e+02
    endloop
  endfacet
  facet normal 0.000000e+00 0.000000e+00 -1.000000e+00
    outer loop
      vertex   1.500000e+01 2.400000e+01 -1.038000e+02
      vertex   1.790000e+01 2.600000e+01 -1.038000e+02
      vertex   1.790000e+01 2.400000e+01 -1.038000e+02
    endloop
  endfacet
  facet normal 0.000000e+00 0.000000e+00 1.000000e+00
    outer loop
      vertex   1.790000e+01 2.600000e+01 -9.900000e+01
      vertex   1.000000e+01 2.600000e+01 -9.900000e+01
      vertex   1.790000e+01 2.400000e+01 -9.900000e+01
    endloop
  endfacet
  facet normal 0.000000e+00 0.000000e+00 1.000000e+00
    outer loop
      vertex   1.790000e+01 2.400000e+01 -9.900000e+01
      vertex   1.000000e+01 2.600000e+01 -9.900000e+01
      vertex   1.000000e+01 2.400000e+01 -9.900000e+01
    endloop
  endfacet
  facet normal 1.000000e+00 0.000000e+00 -0.000000e+00
    outer loop
      vertex   1.790000e+01 2.600000e+01 -1.038000e+02
      vertex   1.790000e+01 2.600000e+01 -9.900000e+01
      vertex   1.790000e+01 2.400000e+01 -1.038000e+02
    endloop
  endfacet
  facet normal 1.000000e+00 0.000000e+00 0.000000e+00
    outer loop
      vertex   1.790000e+01 2.400000e+01 -1.038000e+02
      vertex   1.790000e+01 2.600000e+01 -9.900000e+01
      vertex   1.790000e+01 2.400000e+01 -9.900000e+01
    endloop
  endfacet
  facet normal 0.000000e+00 1.000000e+00 0.000000e+00
    outer loop
      vertex   1.374717e+01 2.600000e+01 -1.018036e+02
      vertex   1.000000e+01 2.600000e+01 -1.038000e+02
      vertex   1.370000e+01 2.600000e+01 -1.014000e+02
    endloop
  endfacet
  facet normal 0.000000e+00 1.000000e+00 0.000000e+00
    outer loop
      vertex   1.370000e+01 2.600000e+01 -1.014000e+02
      vertex   1.000000e+01 2.600000e+01 -1.038000e+02
      vertex   1.000000e+01 2.600000e+01 -9.900000e+01
    endloop
  endfacet
  facet normal 0.000000e+00 1.000000e+00 -0.000000e+00
    outer loop
      vertex   1.370000e+01 2.600000e+01 -1.014000e+02
      vertex   1.000000e+01 2.600000e+01 -9.900000e+01
      vertex   1.374717e+01 2.600000e+01 -1.009964e+02
    endloop
  endfacet
  facet normal 0.000000e+00 1.000000e+00 -0.000000e+00
    outer loop
      vertex   1.374717e+01 2.600000e+01 -1.009964e+02
      vertex   1.000000e+01 2.600000e+01 -9.900000e+01
      vertex   1.388614e+01 2.600000e+01 -1.006146e+02
    endloop
  endfacet
  facet normal 0.000000e+00 1.000000e+00 -0.000000e+00
    outer loop
      vertex   1.388614e+01 2.600000e+01 -1.006146e+02
      vertex   1.000000e+01 2.600000e+01 -9.900000e+01
      vertex   1.410942e+01 2.600000e+01 -1.002751e+02
    endloop
  endfacet
  facet normal 0.000000e+00 1.000000e+00 -0.000000e+00
    outer loop
      vertex   1.410942e+01 2.600000e+01 -1.002751e+02
      vertex   1.000000e+01 2.600000e+01 -9.900000e+01
      vertex   1.440497e+01 2.600000e+01 -9.999628e+01
    endloop
  endfacet
  facet normal 0.000000e+00 1.000000e+00 -0.000000e+00
    outer loop
      vertex   1.440497e+01 2.600000e+01 -9.999628e+01
      vertex   1.000000e+01 2.600000e+01 -9.900000e+01
      vertex   1.475686e+01 2.600000e+01 -9.979312e+01
    endloop
  endfacet
  facet normal 0.000000e+00 1.000000e+00 -0.000000e+00
    outer loop
      vertex   1.475686e+01 2.600000e+01 -9.979312e+01
      vertex   1.000000e+01 2.600000e+01 -9.900000e+01
      vertex   1.514612e+01 2.600000e+01 -9.967658e+01
    endloop
  endfacet
  facet normal 0.000000e+00 1.000000e+00 -0.000000e+00
    outer loop
      vertex   1.514612e+01 2.600000e+01 -9.967658e+01
      vertex   1.000000e+01 2.600000e+01 -9.900000e+01
      vertex   1.790000e+01 2.600000e+01 -9.900000e+01
    endloop
  endfacet
  facet normal 0.000000e+00 1.000000e+00 0.000000e+00
    outer loop
      vertex   1.514612e+01 2.600000e+01 -9.967658e+01
      vertex   1.790000e+01 2.600000e+01 -9.900000e+01
      vertex   1.555175e+01 2.600000e+01 -9.965296e+01
    endloop
  endfacet
  facet normal -0.000000e+00 1.000000e+00 0.000000e+00
    outer loop
      vertex   1.555175e+01 2.600000e+01 -9.965296e+01
      vertex   1.790000e+01 2.600000e+01 -9.900000e+01
      vertex   1.595191e+01 2.600000e+01 -9.972352e+01
    endloop
  endfacet
  facet normal -0.000000e+00 1.000000e+00 0.000000e+00
    outer loop
      vertex   1.595191e+01 2.600000e+01 -9.972352e+01
      vertex   1.790000e+01 2.600000e+01 -9.900000e+01
      vertex   1.632500e+01 2.600000e+01 -9.988445e+01
    endloop
  endfacet
  facet normal -0.000000e+00 1.000000e+00 0.000000e+00
    outer loop
      vertex   1.632500e+01 2.600000e+01 -9.988445e+01
      vertex   1.790000e+01 2.600000e+01 -9.900000e+01
      vertex   1.665092e+01 2.600000e+01 -1.001271e+02
    endloop
  endfacet
  facet normal -0.000000e+00 1.000000e+00 0.000000e+00
    outer loop
      vertex   1.665092e+01 2.600000e+01 -1.001271e+02
      vertex   1.790000e+01 2.600000e+01 -9.900000e+01
      vertex   1.691210e+01 2.600000e+01 -1.004384e+02
    endloop
  endfacet
  facet normal -0.000000e+00 1.000000e+00 0.000000e+00
    outer loop
      vertex   1.691210e+01 2.600000e+01 -1.004384e+02
      vertex   1.790000e+01 2.600000e+01 -9.900000e+01
      vertex   1.709446e+01 2.600000e+01 -1.008015e+02
    endloop
  endfacet
  facet normal -0.000000e+00 1.000000e+00 0.000000e+00
    outer loop
      vertex   1.709446e+01 2.600000e+01 -1.008015e+02
      vertex   1.790000e+01 2.600000e+01 -9.900000e+01
      vertex   1.718817e+01 2.600000e+01 -1.011968e+02
    endloop
  endfacet
  facet normal -0.000000e+00 1.000000e+00 0.000000e+00
    outer loop
      vertex   1.718817e+01 2.600000e+01 -1.011968e+02
      vertex   1.790000e+01 2.600000e+01 -9.900000e+01
      vertex   1.790000e+01 2.600000e+01 -1.038000e+02
    endloop
  endfacet
  facet normal 0.000000e+00 1.000000e+00 0.000000e+00
    outer loop
      vertex   1.718817e+01 2.600000e+01 -1.011968e+02
      vertex   1.790000e+01 2.600000e+01 -1.038000e+02
      vertex   1.718817e+01 2.600000e+01 -1.016032e+02
    endloop
  endfacet
  facet normal 0.000000e+00 1.000000e+00 0.000000e+00
    outer loop
      vertex   1.718817e+01 2.600000e+01 -1.016032e+02
      vertex   1.790000e+01 2.600000e+01 -1.038000e+02
      vertex   1.709446e+01 2.600000e+01 -1.019985e+02
    endloop
  endfacet
  facet normal 0.000000e+00 1.000000e+00 0.000000e+00
    outer loop
      vertex   1.709446e+01 2.600000e+01 -1.019985e+02
      vertex   1.790000e+01 2.600000e+01 -1.038000e+02
      vertex   1.691210e+01 2.600000e+01 -1.023616e+02
    endloop
  endfacet
  facet normal 0.000000e+00 1.000000e+00 0.000000e+00
    outer loop
      vertex   1.691210e+01 2.600000e+01 -1.023616e+02
      vertex   1.790000e+01 2.600000e+01 -1.038000e+02
      vertex   1.665092e+01 2.600000e+01 -1.026729e+02
    endloop
  endfacet
  facet normal 0.000000e+00 1.000000e+00 0.000000e+00
    outer loop
      vertex   1.665092e+01 2.600000e+01 -1.026729e+02
      vertex   1.790000e+01 2.600000e+01 -1.038000e+02
      vertex   1.632500e+01 2.600000e+01 -1.029155e+02
    endloop
  endfacet
  facet normal 0.000000e+00 1.000000e+00 0.000000e+00
    outer loop
      vertex   1.632500e+01 2.600000e+01 -1.029155e+02
      vertex   1.790000e+01 2.600000e+01 -1.038000e+02
      vertex   1.595191e+01 2.600000e+01 -1.030765e+02
    endloop
  endfacet
  facet normal 0.000000e+00 1.000000e+00 0.000000e+00
    outer loop
      vertex   1.595191e+01 2.600000e+01 -1.030765e+02
      vertex   1.790000e+01 2.600000e+01 -1.038000e+02
      vertex   1.500000e+01 2.600000e+01 -1.038000e+02
    endloop
  endfacet
  facet normal 0.000000e+00 1.000000e+00 0.000000e+00
    outer loop
      vertex   1.595191e+01 2.600000e+01 -1.030765e+02
      vertex   1.500000e+01 2.600000e+01 -1.038000e+02
      vertex   1.555175e+01 2.600000e+01 -1.031470e+02
    endloop
  endfacet
  facet normal 0.000000e+00 1.000000e+00 0.000000e+00
    outer loop
      vertex   1.555175e+01 2.600000e+01 -1.031470e+02
      vertex   1.500000e+01 2.600000e+01 -1.038000e+02
      vertex   1.514612e+01 2.600000e+01 -1.031234e+02
    endloop
  endfacet
  facet normal 0.000000e+00 1.000000e+00 0.000000e+00
    outer loop
      vertex   1.514612e+01 2.600000e+01 -1.031234e+02
      vertex   1.500000e+01 2.600000e+01 -1.038000e+02
      vertex   1.475686e+01 2.600000e+01 -1.030069e+02
    endloop
  endfacet
  facet normal 0.000000e+00 1.000000e+00 0.000000e+00
    outer loop
      vertex   1.475686e+01 2.600000e+01 -1.030069e+02
      vertex   1.500000e+01 2.600000e+01 -1.038000e+02
      vertex   1.440497e+01 2.600000e+01 -1.028037e+02
    endloop
  endfacet
  facet normal 0.000000e+00 1.000000e+00 0.000000e+00
    outer loop
      vertex   1.440497e+01 2.600000e+01 -1.028037e+02
      vertex   1.500000e+01 2.600000e+01 -1.038000e+02
      vertex   1.000000e+01 2.600000e+01 -1.038000e+02
    endloop
  endfacet
  facet normal 0.000000e+00 1.000000e+00 0.000000e+00
    outer loop
      vertex   1.440497e+01 2.600000e+01 -1.028037e+02
      vertex   1.000000e+01 2.600000e+01 -1.038000e+02
      vertex   1.410942e+01 2.600000e+01 -1.025249e+02
    endloop
  endfacet
  facet normal 0.000000e+00 1.000000e+00 0.000000e+00
    outer loop
      vertex   1.410942e+01 2.600000e+01 -1.025249e+02
      vertex   1.000000e+01 2.600000e+01 -1.038000e+02
      vertex   1.388614e+01 2.600000e+01 -1.021854e+02
    endloop
  endfacet
  facet normal 0.000000e+00 1.000000e+00 0.000000e+00
    outer loop
      vertex   1.388614e+01 2.600000e+01 -1.021854e+02
      vertex   1.000000e+01 2.600000e+01 -1.038000e+02
      vertex   1.374717e+01 2.600000e+01 -1.018036e+02
    endloop
  endfacet
  facet normal -0.000000e+00 -1.000000e+00 0.000000e+00
    outer loop
      vertex   1.462896e+01 2.400000e+01 -1.011800e+02
      vertex   1.000000e+01 2.400000e+01 -9.900000e+01
      vertex   1.460000e+01 2.400000e+01 -1.014000e+02
    endloop
  endfacet
  facet normal -0.000000e+00 -1.000000e+00 0.000000e+00
    outer loop
      vertex   1.460000e+01 2.400000e+01 -1.014000e+02
      vertex   1.000000e+01 2.400000e+01 -9.900000e+01
      vertex   1.000000e+01 2.400000e+01 -1.038000e+02
    endloop
  endfacet
  facet normal 0.000000e+00 -1.000000e+00 -0.000000e+00
    outer loop
      vertex   1.460000e+01 2.400000e+01 -1.014000e+02
      vertex   1.000000e+01 2.400000e+01 -1.038000e+02
      vertex   1.462896e+01 2.400000e+01 -1.016200e+02
    endloop
  endfacet
  facet normal 0.000000e+00 -1.000000e+00 -0.000000e+00
    outer loop
      vertex   1.462896e+01 2.400000e+01 -1.016200e+02
      vertex   1.000000e+01 2.400000e+01 -1.038000e+02
      vertex   1.471388e+01 2.400000e+01 -1.018250e+02
    endloop
  endfacet
  facet normal 0.000000e+00 -1.000000e+00 -0.000000e+00
    outer loop
      vertex   1.471388e+01 2.400000e+01 -1.018250e+02
      vertex   1.000000e+01 2.400000e+01 -1.038000e+02
      vertex   1.484896e+01 2.400000e+01 -1.020010e+02
    endloop
  endfacet
  facet normal 0.000000e+00 -1.000000e+00 -0.000000e+00
    outer loop
      vertex   1.484896e+01 2.400000e+01 -1.020010e+02
      vertex   1.000000e+01 2.400000e+01 -1.038000e+02
      vertex   1.500000e+01 2.400000e+01 -1.038000e+02
    endloop
  endfacet
  facet normal 0.000000e+00 -1.000000e+00 0.000000e+00
    outer loop
      vertex   1.484896e+01 2.400000e+01 -1.020010e+02
      vertex   1.500000e+01 2.400000e+01 -1.038000e+02
      vertex   1.502500e+01 2.400000e+01 -1.021361e+02
    endloop
  endfacet
  facet normal 0.000000e+00 -1.000000e+00 -0.000000e+00
    outer loop
      vertex   1.502500e+01 2.400000e+01 -1.021361e+02
      vertex   1.500000e+01 2.400000e+01 -1.038000e+02
      vertex   1.523000e+01 2.400000e+01 -1.022210e+02
    endloop
  endfacet
  facet normal 0.000000e+00 -1.000000e+00 -0.000000e+00
    outer loop
      vertex   1.523000e+01 2.400000e+01 -1.022210e+02
      vertex   1.500000e+01 2.400000e+01 -1.038000e+02
      vertex   1.545000e+01 2.400000e+01 -1.022500e+02
    endloop
  endfacet
  facet normal 0.000000e+00 -1.000000e+00 -0.000000e+00
    outer loop
      vertex   1.545000e+01 2.400000e+01 -1.022500e+02
      vertex   1.500000e+01 2.400000e+01 -1.038000e+02
      vertex   1.567000e+01 2.400000e+01 -1.022210e+02
    endloop
  endfacet
  facet normal 0.000000e+00 -1.000000e+00 -0.000000e+00
    outer loop
      vertex   1.567000e+01 2.400000e+01 -1.022210e+02
      vertex   1.500000e+01 2.400000e+01 -1.038000e+02
      vertex   1.790000e+01 2.400000e+01 -1.038000e+02
    endloop
  endfacet
  facet normal 0.000000e+00 -1.000000e+00 0.000000e+00
    outer loop
      vertex   1.567000e+01 2.400000e+01 -1.022210e+02
      vertex   1.790000e+01 2.400000e+01 -1.038000e+02
      vertex   1.587500e+01 2.400000e+01 -1.021361e+02
    endloop
  endfacet
  facet normal 0.000000e+00 -1.000000e+00 0.000000e+00
    outer loop
      vertex   1.587500e+01 2.400000e+01 -1.021361e+02
      vertex   1.790000e+01 2.400000e+01 -1.038000e+02
      vertex   1.605104e+01 2.400000e+01 -1.020010e+02
    endloop
  endfacet
  facet normal 0.000000e+00 -1.000000e+00 0.000000e+00
    outer loop
      vertex   1.605104e+01 2.400000e+01 -1.020010e+02
      vertex   1.790000e+01 2.400000e+01 -1.038000e+02
      vertex   1.618612e+01 2.400000e+01 -1.018250e+02
    endloop
  endfacet
  facet normal 0.000000e+00 -1.000000e+00 0.000000e+00
    outer loop
      vertex   1.618612e+01 2.400000e+01 -1.018250e+02
      vertex   1.790000e+01 2.400000e+01 -1.038000e+02
      vertex   1.627104e+01 2.400000e+01 -1.016200e+02
    endloop
  endfacet
  facet normal 0.000000e+00 -1.000000e+00 0.000000e+00
    outer loop
      vertex   1.627104e+01 2.400000e+01 -1.016200e+02
      vertex   1.790000e+01 2.400000e+01 -1.038000e+02
      vertex   1.630000e+01 2.400000e+01 -1.014000e+02
    endloop
  endfacet
  facet normal 0.000000e+00 -1.000000e+00 0.000000e+00
    outer loop
      vertex   1.630000e+01 2.400000e+01 -1.014000e+02
      vertex   1.790000e+01 2.400000e+01 -1.038000e+02
      vertex   1.790000e+01 2.400000e+01 -9.900000e+01
    endloop
  endfacet
  facet normal 0.000000e+00 -1.000000e+00 0.000000e+00
    outer loop
      vertex   1.630000e+01 2.400000e+01 -1.014000e+02
      vertex   1.790000e+01 2.400000e+01 -9.900000e+01
      vertex   1.627104e+01 2.400000e+01 -1.011800e+02
    endloop
  endfacet
  facet normal 0.000000e+00 -1.000000e+00 0.000000e+00
    outer loop
      vertex   1.627104e+01 2.400000e+01 -1.011800e+02
      vertex   1.790000e+01 2.400000e+01 -9.900000e+01
      vertex   1.618612e+01 2.400000e+01 -1.009750e+02
    endloop
  endfacet
  facet normal 0.000000e+00 -1.000000e+00 0.000000e+00
    outer loop
      vertex   1.618612e+01 2.400000e+01 -1.009750e+02
      vertex   1.790000e+01 2.400000e+01 -9.900000e+01
      vertex   1.605104e+01 2.400000e+01 -1.007990e+02
    endloop
  endfacet
  facet normal 0.000000e+00 -1.000000e+00 0.000000e+00
    outer loop
      vertex   1.605104e+01 2.400000e+01 -1.007990e+02
      vertex   1.790000e+01 2.400000e+01 -9.900000e+01
      vertex   1.587500e+01 2.400000e+01 -1.006639e+02
    endloop
  endfacet
  facet normal 0.000000e+00 -1.000000e+00 0.000000e+00
    outer loop
      vertex   1.587500e+01 2.400000e+01 -1.006639e+02
      vertex   1.790000e+01 2.400000e+01 -9.900000e+01
      vertex   1.567000e+01 2.400000e+01 -1.005790e+02
    endloop
  endfacet
  facet normal 0.000000e+00 -1.000000e+00 0.000000e+00
    outer loop
      vertex   1.567000e+01 2.400000e+01 -1.005790e+02
      vertex   1.790000e+01 2.400000e+01 -9.900000e+01
      vertex   1.545000e+01 2.400000e+01 -1.005500e+02
    endloop
  endfacet
  facet normal -0.000000e+00 -1.000000e+00 0.000000e+00
    outer loop
      vertex   1.545000e+01 2.400000e+01 -1.005500e+02
      vertex   1.790000e+01 2.400000e+01 -9.900000e+01
      vertex   1.523000e+01 2.400000e+01 -1.005790e+02
    endloop
  endfacet
  facet normal 0.000000e+00 -1.000000e+00 0.000000e+00
    outer loop
      vertex   1.523000e+01 2.400000e+01 -1.005790e+02
      vertex   1.790000e+01 2.400000e+01 -9.900000e+01
      vertex   1.000000e+01 2.400000e+01 -9.900000e+01
    endloop
  endfacet
  facet normal -0.000000e+00 -1.000000e+00 0.000000e+00
    outer loop
      vertex   1.523000e+01 2.400000e+01 -1.005790e+02
      vertex   1.000000e+01 2.400000e+01 -9.900000e+01
      vertex   1.502500e+01 2.400000e+01 -1.006639e+02
    endloop
  endfacet
  facet normal -0.000000e+00 -1.000000e+00 0.000000e+00
    outer loop
      vertex   1.502500e+01 2.400000e+01 -1.006639e+02
      vertex   1.000000e+01 2.400000e+01 -9.900000e+01
      vertex   1.484896e+01 2.400000e+01 -1.007990e+02
    endloop
  endfacet
  facet normal -0.000000e+00 -1.000000e+00 0.000000e+00
    outer loop
      vertex   1.484896e+01 2.400000e+01 -1.007990e+02
      vertex   1.000000e+01 2.400000e+01 -9.900000e+01
      vertex   1.471388e+01 2.400000e+01 -1.009750e+02
    endloop
  endfacet
  facet normal -0.000000e+00 -1.000000e+00 0.000000e+00
    outer loop
      vertex   1.471388e+01 2.400000e+01 -1.009750e+02
      vertex   1.000000e+01 2.400000e+01 -9.900000e+01
      vertex   1.462896e+01 2.400000e+01 -1.011800e+02
    endloop
  endfacet
  facet normal 0.000000e+00 0.000000e+00 1.000000e+00
    outer loop
      vertex   1.500000e+01 2.400000e+01 -7.200000e+00
      vertex   1.800000e+01 2.400000e+01 -7.200000e+00
      vertex   1.500000e+01 2.600000e+01 -7.200000e+00
    endloop
  endfacet
  facet normal -0.000000e+00 0.000000e+00 1.000000e+00
    outer loop
      vertex   1.500000e+01 2.600000e+01 -7.200000e+00
      vertex   1.800000e+01 2.400000e+01 -7.200000e+00
      vertex   1.800000e+01 2.600000e+01 -7.200000e+00
    endloop
  endfacet
  facet normal 9.914449e-01 0.000000e+00 -1.305262e-01
    outer loop
      vertex   1.467896e+01 2.500000e+01 -9.380004e+00
      vertex   1.467896e+01 2.400000e+01 -9.380004e+00
      vertex   1.465000e+01 2.500000e+01 -9.600000e+00
    endloop
  endfacet
  facet normal 9.914449e-01 0.000000e+00 -1.305262e-01
    outer loop
      vertex   1.465000e+01 2.500000e+01 -9.600000e+00
      vertex   1.467896e+01 2.400000e+01 -9.380004e+00
      vertex   1.465000e+01 2.400000e+01 -9.600000e+00
    endloop
  endfacet
  facet normal 9.914449e-01 0.000000e+00 1.305262e-01
    outer loop
      vertex   1.465000e+01 2.500000e+01 -9.600000e+00
      vertex   1.465000e+01 2.400000e+01 -9.600000e+00
      vertex   1.467896e+01 2.500000e+01 -9.819996e+00
    endloop
  endfacet
  facet normal 9.914449e-01 0.000000e+00 1.305262e-01
    outer loop
      vertex   1.467896e+01 2.500000e+01 -9.819996e+00
      vertex   1.465000e+01 2.400000e+01 -9.600000e+00
      vertex   1.467896e+01 2.400000e+01 -9.819996e+00
    endloop
  endfacet
  facet normal 9.238795e-01 0.000000e+00 3.826834e-01
    outer loop
      vertex   1.467896e+01 2.500000e+01 -9.819996e+00
      vertex   1.467896e+01 2.400000e+01 -9.819996e+00
      vertex   1.476388e+01 2.500000e+01 -1.002500e+01
    endloop
  endfacet
  facet normal 9.238795e-01 0.000000e+00 3.826834e-01
    outer loop
      vertex   1.476388e+01 2.500000e+01 -1.002500e+01
      vertex   1.467896e+01 2.400000e+01 -9.819996e+00
      vertex   1.476388e+01 2.400000e+01 -1.002500e+01
    endloop
  endfacet
  facet normal 7.933533e-01 0.000000e+00 6.087614e-01
    outer loop
      vertex   1.476388e+01 2.500000e+01 -1.002500e+01
      vertex   1.476388e+01 2.400000e+01 -1.002500e+01
      vertex   1.489896e+01 2.500000e+01 -1.020104e+01
    endloop
  endfacet
  facet normal 7.933533e-01 0.000000e+00 6.087614e-01
    outer loop
      vertex   1.489896e+01 2.500000e+01 -1.020104e+01
      vertex   1.476388e+01 2.400000e+01 -1.002500e+01
      vertex   1.489896e+01 2.400000e+01 -1.020104e+01
    endloop
  endfacet
  facet normal 6.087614e-01 0.000000e+00 7.933533e-01
    outer loop
      vertex   1.489896e+01 2.500000e+01 -1.020104e+01
      vertex   1.489896e+01 2.400000e+01 -1.020104e+01
      vertex   1.507500e+01 2.500000e+01 -1.033612e+01
    endloop
  endfacet
  facet normal 6.087614e-01 0.000000e+00 7.933533e-01
    outer loop
      vertex   1.507500e+01 2.500000e+01 -1.033612e+01
      vertex   1.489896e+01 2.400000e+01 -1.020104e+01
      vertex   1.507500e+01 2.400000e+01 -1.033612e+01
    endloop
  endfacet
  facet normal 3.826834e-01 0.000000e+00 9.238795e-01
    outer loop
      vertex   1.507500e+01 2.500000e+01 -1.033612e+01
      vertex   1.507500e+01 2.400000e+01 -1.033612e+01
      vertex   1.528000e+01 2.500000e+01 -1.042104e+01
    endloop
  endfacet
  facet normal 3.826834e-01 0.000000e+00 9.238795e-01
    outer loop
      vertex   1.528000e+01 2.500000e+01 -1.042104e+01
      vertex   1.507500e+01 2.400000e+01 -1.033612e+01
      vertex   1.528000e+01 2.400000e+01 -1.042104e+01
    endloop
  endfacet
  facet normal 1.305262e-01 0.000000e+00 9.914449e-01
    outer loop
      vertex   1.528000e+01 2.500000e+01 -1.042104e+01
      vertex   1.528000e+01 2.400000e+01 -1.042104e+01
      vertex   1.550000e+01 2.500000e+01 -1.045000e+01
    endloop
  endfacet
  facet normal 1.305262e-01 0.000000e+00 9.914449e-01
    outer loop
      vertex   1.550000e+01 2.500000e+01 -1.045000e+01
      vertex   1.528000e+01 2.400000e+01 -1.042104e+01
      vertex   1.550000e+01 2.400000e+01 -1.045000e+01
    endloop
  endfacet
  facet normal -1.305262e-01 0.000000e+00 9.914449e-01
    outer loop
      vertex   1.550000e+01 2.500000e+01 -1.045000e+01
      vertex   1.550000e+01 2.400000e+01 -1.045000e+01
      vertex   1.572000e+01 2.500000e+01 -1.042104e+01
    endloop
  endfacet
  facet normal -1.305262e-01 0.000000e+00 9.914449e-01
    outer loop
      vertex   1.572000e+01 2.500000e+01 -1.042104e+01
      vertex   1.550000e+01 2.400000e+01 -1.045000e+01
      vertex   1.572000e+01 2.400000e+01 -1.042104e+01
    endloop
  endfacet
  facet normal -3.826834e-01 0.000000e+00 9.238795e-01
    outer loop
      vertex   1.572000e+01 2.500000e+01 -1.042104e+01
      vertex   1.572000e+01 2.400000e+01 -1.042104e+01
      vertex   1.592500e+01 2.500000e+01 -1.033612e+01
    endloop
  endfacet
  facet normal -3.826834e-01 0.000000e+00 9.238795e-01
    outer loop
      vertex   1.592500e+01 2.500000e+01 -1.033612e+01
      vertex   1.572000e+01 2.400000e+01 -1.042104e+01
      vertex   1.592500e+01 2.400000e+01 -1.033612e+01
    endloop
  endfacet
  facet normal -6.087614e-01 0.000000e+00 7.933533e-01
    outer loop
      vertex   1.592500e+01 2.500000e+01 -1.033612e+01
      vertex   1.592500e+01 2.400000e+01 -1.033612e+01
      vertex   1.610104e+01 2.500000e+01 -1.020104e+01
    endloop
  endfacet
  facet normal -6.087614e-01 0.000000e+00 7.933533e-01
    outer loop
      vertex   1.610104e+01 2.500000e+01 -1.020104e+01
      vertex   1.592500e+01 2.400000e+01 -1.033612e+01
      vertex   1.610104e+01 2.400000e+01 -1.020104e+01
    endloop
  endfacet
  facet normal -7.933533e-01 0.000000e+00 6.087614e-01
    outer loop
      vertex   1.610104e+01 2.500000e+01 -1.020104e+01
      vertex   1.610104e+01 2.400000e+01 -1.020104e+01
      vertex   1.623612e+01 2.500000e+01 -1.002500e+01
    endloop
  endfacet
  facet normal -7.933533e-01 0.000000e+00 6.087614e-01
    outer loop
      vertex   1.623612e+01 2.500000e+01 -1.002500e+01
      vertex   1.610104e+01 2.400000e+01 -1.020104e+01
      vertex   1.623612e+01 2.400000e+01 -1.002500e+01
    endloop
  endfacet
  facet normal -9.238795e-01 0.000000e+00 3.826834e-01
    outer loop
      vertex   1.623612e+01 2.500000e+01 -1.002500e+01
      vertex   1.623612e+01 2.400000e+01 -1.002500e+01
      vertex   1.632104e+01 2.500000e+01 -9.819996e+00
    endloop
  endfacet
  facet normal -9.238795e-01 0.000000e+00 3.826834e-01
    outer loop
      vertex   1.632104e+01 2.500000e+01 -9.819996e+00
      vertex   1.623612e+01 2.400000e+01 -1.002500e+01
      vertex   1.632104e+01 2.400000e+01 -9.819996e+00
    endloop
  endfacet
  facet normal -9.914449e-01 0.000000e+00 1.305262e-01
    outer loop
      vertex   1.632104e+01 2.500000e+01 -9.819996e+00
      vertex   1.632104e+01 2.400000e+01 -9.819996e+00
      vertex   1.635000e+01 2.500000e+01 -9.600000e+00
    endloop
  endfacet
  facet normal -9.914449e-01 0.000000e+00 1.305262e-01
    outer loop
      vertex   1.635000e+01 2.500000e+01 -9.600000e+00
      vertex   1.632104e+01 2.400000e+01 -9.819996e+00
      vertex   1.635000e+01 2.400000e+01 -9.600000e+00
    endloop
  endfacet
  facet normal -9.914449e-01 -0.000000e+00 -1.305262e-01
    outer loop
      vertex   1.635000e+01 2.500000e+01 -9.600000e+00
      vertex   1.635000e+01 2.400000e+01 -9.600000e+00
      vertex   1.632104e+01 2.500000e+01 -9.380004e+00
    endloop
  endfacet
  facet normal -9.914449e-01 -0.000000e+00 -1.305262e-01
    outer loop
      vertex   1.632104e+01 2.500000e+01 -9.380004e+00
      vertex   1.635000e+01 2.400000e+01 -9.600000e+00
      vertex   1.632104e+01 2.400000e+01 -9.380004e+00
    endloop
  endfacet
  facet normal -9.238795e-01 -0.000000e+00 -3.826834e-01
    outer loop
      vertex   1.632104e+01 2.500000e+01 -9.380004e+00
      vertex   1.632104e+01 2.400000e+01 -9.380004e+00
      vertex   1.623612e+01 2.500000e+01 -9.175000e+00
    endloop
  endfacet
  facet normal -9.238795e-01 -0.000000e+00 -3.826834e-01
    outer loop
      vertex   1.623612e+01 2.500000e+01 -9.175000e+00
      vertex   1.632104e+01 2.400000e+01 -9.380004e+00
      vertex   1.623612e+01 2.400000e+01 -9.175000e+00
    endloop
  endfacet
  facet normal -7.933533e-01 -0.000000e+00 -6.087614e-01
    outer loop
      vertex   1.623612e+01 2.500000e+01 -9.175000e+00
      vertex   1.623612e+01 2.400000e+01 -9.175000e+00
      vertex   1.610104e+01 2.500000e+01 -8.998959e+00
    endloop
  endfacet
  facet normal -7.933533e-01 -0.000000e+00 -6.087614e-01
    outer loop
      vertex   1.610104e+01 2.500000e+01 -8.998959e+00
      vertex   1.623612e+01 2.400000e+01 -9.175000e+00
      vertex   1.610104e+01 2.400000e+01 -8.998959e+00
    endloop
  endfacet
  facet normal -6.087614e-01 -0.000000e+00 -7.933533e-01
    outer loop
      vertex   1.610104e+01 2.500000e+01 -8.998959e+00
      vertex   1.610104e+01 2.400000e+01 -8.998959e+00
      vertex   1.592500e+01 2.500000e+01 -8.863878e+00
    endloop
  endfacet
  facet normal -6.087614e-01 -0.000000e+00 -7.933533e-01
    outer loop
      vertex   1.592500e+01 2.500000e+01 -8.863878e+00
      vertex   1.610104e+01 2.400000e+01 -8.998959e+00
      vertex   1.592500e+01 2.400000e+01 -8.863878e+00
    endloop
  endfacet
  facet normal -3.826834e-01 -0.000000e+00 -9.238795e-01
    outer loop
      vertex   1.592500e+01 2.500000e+01 -8.863878e+00
      vertex   1.592500e+01 2.400000e+01 -8.863878e+00
      vertex   1.572000e+01 2.500000e+01 -8.778963e+00
    endloop
  endfacet
  facet normal -3.826834e-01 -0.000000e+00 -9.238795e-01
    outer loop
      vertex   1.572000e+01 2.500000e+01 -8.778963e+00
      vertex   1.592500e+01 2.400000e+01 -8.863878e+00
      vertex   1.572000e+01 2.400000e+01 -8.778963e+00
    endloop
  endfacet
  facet normal -1.305262e-01 -0.000000e+00 -9.914449e-01
    outer loop
      vertex   1.572000e+01 2.500000e+01 -8.778963e+00
      vertex   1.572000e+01 2.400000e+01 -8.778963e+00
      vertex   1.550000e+01 2.500000e+01 -8.750000e+00
    endloop
  endfacet
  facet normal -1.305262e-01 -0.000000e+00 -9.914449e-01
    outer loop
      vertex   1.550000e+01 2.500000e+01 -8.750000e+00
      vertex   1.572000e+01 2.400000e+01 -8.778963e+00
      vertex   1.550000e+01 2.400000e+01 -8.750000e+00
    endloop
  endfacet
  facet normal 1.305262e-01 0.000000e+00 -9.914449e-01
    outer loop
      vertex   1.550000e+01 2.500000e+01 -8.750000e+00
      vertex   1.550000e+01 2.400000e+01 -8.750000e+00
      vertex   1.528000e+01 2.500000e+01 -8.778963e+00
    endloop
  endfacet
  facet normal 1.305262e-01 0.000000e+00 -9.914449e-01
    outer loop
      vertex   1.528000e+01 2.500000e+01 -8.778963e+00
      vertex   1.550000e+01 2.400000e+01 -8.750000e+00
      vertex   1.528000e+01 2.400000e+01 -8.778963e+00
    endloop
  endfacet
  facet normal 3.826834e-01 0.000000e+00 -9.238795e-01
    outer loop
      vertex   1.528000e+01 2.500000e+01 -8.778963e+00
      vertex   1.528000e+01 2.400000e+01 -8.778963e+00
      vertex   1.507500e+01 2.500000e+01 -8.863878e+00
    endloop
  endfacet
  facet normal 3.826834e-01 0.000000e+00 -9.238795e-01
    outer loop
      vertex   1.507500e+01 2.500000e+01 -8.863878e+00
      vertex   1.528000e+01 2.400000e+01 -8.778963e+00
      vertex   1.507500e+01 2.400000e+01 -8.863878e+00
    endloop
  endfacet
  facet normal 6.087614e-01 0.000000e+00 -7.933533e-01
    outer loop
      vertex   1.507500e+01 2.500000e+01 -8.863878e+00
      vertex   1.507500e+01 2.400000e+01 -8.863878e+00
      vertex   1.489896e+01 2.500000e+01 -8.998959e+00
    endloop
  endfacet
  facet normal 6.087614e-01 0.000000e+00 -7.933533e-01
    outer loop
      vertex   1.489896e+01 2.500000e+01 -8.998959e+00
      vertex   1.507500e+01 2.400000e+01 -8.863878e+00
      vertex   1.489896e+01 2.400000e+01 -8.998959e+00
    endloop
  endfacet
  facet normal 7.933533e-01 0.000000e+00 -6.087614e-01
    outer loop
      vertex   1.489896e+01 2.500000e+01 -8.998959e+00
      vertex   1.489896e+01 2.400000e+01 -8.998959e+00
      vertex   1.476388e+01 2.500000e+01 -9.175000e+00
    endloop
  endfacet
  facet normal 7.933533e-01 0.000000e+00 -6.087614e-01
    outer loop
      vertex   1.476388e+01 2.500000e+01 -9.175000e+00
      vertex   1.489896e+01 2.400000e+01 -8.998959e+00
      vertex   1.476388e+01 2.400000e+01 -9.175000e+00
    endloop
  endfacet
  facet normal 9.238795e-01 0.000000e+00 -3.826834e-01
    outer loop
      vertex   1.476388e+01 2.500000e+01 -9.175000e+00
      vertex   1.476388e+01 2.400000e+01 -9.175000e+00
      vertex   1.467896e+01 2.500000e+01 -9.380004e+00
    endloop
  endfacet
  facet normal 9.238795e-01 0.000000e+00 -3.826834e-01
    outer loop
      vertex   1.467896e+01 2.500000e+01 -9.380004e+00
      vertex   1.476388e+01 2.400000e+01 -9.175000e+00
      vertex   1.467896e+01 2.400000e+01 -9.380004e+00
    endloop
  endfacet
  facet normal 1.000000e+00 0.000000e+00 -0.000000e+00
    outer loop
      vertex   1.800000e+01 2.600000e+01 -1.200000e+01
      vertex   1.800000e+01 2.600000e+01 -7.200000e+00
      vertex   1.800000e+01 2.400000e+01 -1.200000e+01
    endloop
  endfacet
  facet normal 1.000000e+00 0.000000e+00 0.000000e+00
    outer loop
      vertex   1.800000e+01 2.400000e+01 -1.200000e+01
      vertex   1.800000e+01 2.600000e+01 -7.200000e+00
      vertex   1.800000e+01 2.400000e+01 -7.200000e+00
    endloop
  endfacet
  facet normal 0.000000e+00 0.000000e+00 -1.000000e+00
    outer loop
      vertex   1.000000e+01 2.600000e+01 -1.200000e+01
      vertex   1.800000e+01 2.600000e+01 -1.200000e+01
      vertex   1.000000e+01 2.400000e+01 -1.200000e+01
    endloop
  endfacet
  facet normal 0.000000e+00 0.000000e+00 -1.000000e+00
    outer loop
      vertex   1.000000e+01 2.400000e+01 -1.200000e+01
      vertex   1.800000e+01 2.600000e+01 -1.200000e+01
      vertex   1.800000e+01 2.400000e+01 -1.200000e+01
    endloop
  endfacet
  facet normal 0.000000e+00 1.000000e+00 0.000000e+00
    outer loop
      vertex   1.379717e+01 2.600000e+01 -1.000358e+01
      vertex   1.000000e+01 2.600000e+01 -1.200000e+01
      vertex   1.375000e+01 2.600000e+01 -9.600000e+00
    endloop
  endfacet
  facet normal 0.000000e+00 1.000000e+00 0.000000e+00
    outer loop
      vertex   1.375000e+01 2.600000e+01 -9.600000e+00
      vertex   1.000000e+01 2.600000e+01 -1.200000e+01
      vertex   1.000000e+01 2.600000e+01 -7.200000e+00
    endloop
  endfacet
  facet normal 0.000000e+00 1.000000e+00 -0.000000e+00
    outer loop
      vertex   1.375000e+01 2.600000e+01 -9.600000e+00
      vertex   1.000000e+01 2.600000e+01 -7.200000e+00
      vertex   1.379717e+01 2.600000e+01 -9.196422e+00
    endloop
  endfacet
  facet normal 0.000000e+00 1.000000e+00 -0.000000e+00
    outer loop
      vertex   1.379717e+01 2.600000e+01 -9.196422e+00
      vertex   1.000000e+01 2.600000e+01 -7.200000e+00
      vertex   1.393614e+01 2.600000e+01 -8.814601e+00
    endloop
  endfacet
  facet normal 0.000000e+00 1.000000e+00 -0.000000e+00
    outer loop
      vertex   1.393614e+01 2.600000e+01 -8.814601e+00
      vertex   1.000000e+01 2.600000e+01 -7.200000e+00
      vertex   1.415942e+01 2.600000e+01 -8.475121e+00
    endloop
  endfacet
  facet normal 0.000000e+00 1.000000e+00 0.000000e+00
    outer loop
      vertex   1.415942e+01 2.600000e+01 -8.475121e+00
      vertex   1.000000e+01 2.600000e+01 -7.200000e+00
      vertex   1.400000e+01 2.600000e+01 -7.200003e+00
    endloop
  endfacet
  facet normal 0.000000e+00 1.000000e+00 -0.000000e+00
    outer loop
      vertex   1.415942e+01 2.600000e+01 -8.475121e+00
      vertex   1.400000e+01 2.600000e+01 -7.200003e+00
      vertex   1.445497e+01 2.600000e+01 -8.196284e+00
    endloop
  endfacet
  facet normal 0.000000e+00 1.000000e+00 -0.000000e+00
    outer loop
      vertex   1.445497e+01 2.600000e+01 -8.196284e+00
      vertex   1.400000e+01 2.600000e+01 -7.200003e+00
      vertex   1.480686e+01 2.600000e+01 -7.993122e+00
    endloop
  endfacet
  facet normal 0.000000e+00 1.000000e+00 -0.000000e+00
    outer loop
      vertex   1.480686e+01 2.600000e+01 -7.993122e+00
      vertex   1.400000e+01 2.600000e+01 -7.200003e+00
      vertex   1.500000e+01 2.600000e+01 -7.200000e+00
    endloop
  endfacet
  facet normal 0.000000e+00 1.000000e+00 0.000000e+00
    outer loop
      vertex   1.480686e+01 2.600000e+01 -7.993122e+00
      vertex   1.500000e+01 2.600000e+01 -7.200000e+00
      vertex   1.519612e+01 2.600000e+01 -7.876586e+00
    endloop
  endfacet
  facet normal 0.000000e+00 1.000000e+00 -0.000000e+00
    outer loop
      vertex   1.519612e+01 2.600000e+01 -7.876586e+00
      vertex   1.500000e+01 2.600000e+01 -7.200000e+00
      vertex   1.560175e+01 2.600000e+01 -7.852961e+00
    endloop
  endfacet
  facet normal -0.000000e+00 1.000000e+00 -0.000000e+00
    outer loop
      vertex   1.560175e+01 2.600000e+01 -7.852961e+00
      vertex   1.500000e+01 2.600000e+01 -7.200000e+00
      vertex   1.600191e+01 2.600000e+01 -7.923518e+00
    endloop
  endfacet
  facet normal 0.000000e+00 1.000000e+00 -0.000000e+00
    outer loop
      vertex   1.600191e+01 2.600000e+01 -7.923518e+00
      vertex   1.500000e+01 2.600000e+01 -7.200000e+00
      vertex   1.800000e+01 2.600000e+01 -7.200000e+00
    endloop
  endfacet
  facet normal -0.000000e+00 1.000000e+00 0.000000e+00
    outer loop
      vertex   1.600191e+01 2.600000e+01 -7.923518e+00
      vertex   1.800000e+01 2.600000e+01 -7.200000e+00
      vertex   1.637500e+01 2.600000e+01 -8.084455e+00
    endloop
  endfacet
  facet normal -0.000000e+00 1.000000e+00 0.000000e+00
    outer loop
      vertex   1.637500e+01 2.600000e+01 -8.084455e+00
      vertex   1.800000e+01 2.600000e+01 -7.200000e+00
      vertex   1.670092e+01 2.600000e+01 -8.327096e+00
    endloop
  endfacet
  facet normal -0.000000e+00 1.000000e+00 0.000000e+00
    outer loop
      vertex   1.670092e+01 2.600000e+01 -8.327096e+00
      vertex   1.800000e+01 2.600000e+01 -7.200000e+00
      vertex   1.696210e+01 2.600000e+01 -8.638359e+00
    endloop
  endfacet
  facet normal -0.000000e+00 1.000000e+00 0.000000e+00
    outer loop
      vertex   1.696210e+01 2.600000e+01 -8.638359e+00
      vertex   1.800000e+01 2.600000e+01 -7.200000e+00
      vertex   1.714446e+01 2.600000e+01 -9.001465e+00
    endloop
  endfacet
  facet normal -0.000000e+00 1.000000e+00 0.000000e+00
    outer loop
      vertex   1.714446e+01 2.600000e+01 -9.001465e+00
      vertex   1.800000e+01 2.600000e+01 -7.200000e+00
      vertex   1.723817e+01 2.600000e+01 -9.396837e+00
    endloop
  endfacet
  facet normal -0.000000e+00 1.000000e+00 0.000000e+00
    outer loop
      vertex   1.723817e+01 2.600000e+01 -9.396837e+00
      vertex   1.800000e+01 2.600000e+01 -7.200000e+00
      vertex   1.800000e+01 2.600000e+01 -1.200000e+01
    endloop
  endfacet
  facet normal 0.000000e+00 1.000000e+00 0.000000e+00
    outer loop
      vertex   1.723817e+01 2.600000e+01 -9.396837e+00
      vertex   1.800000e+01 2.600000e+01 -1.200000e+01
      vertex   1.723817e+01 2.600000e+01 -9.803162e+00
    endloop
  endfacet
  facet normal 0.000000e+00 1.000000e+00 0.000000e+00
    outer loop
      vertex   1.723817e+01 2.600000e+01 -9.803162e+00
      vertex   1.800000e+01 2.600000e+01 -1.200000e+01
      vertex   1.714446e+01 2.600000e+01 -1.019854e+01
    endloop
  endfacet
  facet normal 0.000000e+00 1.000000e+00 0.000000e+00
    outer loop
      vertex   1.714446e+01 2.600000e+01 -1.019854e+01
      vertex   1.800000e+01 2.600000e+01 -1.200000e+01
      vertex   1.696210e+01 2.600000e+01 -1.056164e+01
    endloop
  endfacet
  facet normal 0.000000e+00 1.000000e+00 0.000000e+00
    outer loop
      vertex   1.696210e+01 2.600000e+01 -1.056164e+01
      vertex   1.800000e+01 2.600000e+01 -1.200000e+01
      vertex   1.670092e+01 2.600000e+01 -1.087290e+01
    endloop
  endfacet
  facet normal 0.000000e+00 1.000000e+00 0.000000e+00
    outer loop
      vertex   1.670092e+01 2.600000e+01 -1.087290e+01
      vertex   1.800000e+01 2.600000e+01 -1.200000e+01
      vertex   1.637500e+01 2.600000e+01 -1.111554e+01
    endloop
  endfacet
  facet normal 0.000000e+00 1.000000e+00 0.000000e+00
    outer loop
      vertex   1.637500e+01 2.600000e+01 -1.111554e+01
      vertex   1.800000e+01 2.600000e+01 -1.200000e+01
      vertex   1.600191e+01 2.600000e+01 -1.127648e+01
    endloop
  endfacet
  facet normal 0.000000e+00 1.000000e+00 0.000000e+00
    outer loop
      vertex   1.600191e+01 2.600000e+01 -1.127648e+01
      vertex   1.800000e+01 2.600000e+01 -1.200000e+01
      vertex   1.560175e+01 2.600000e+01 -1.134704e+01
    endloop
  endfacet
  facet normal 0.000000e+00 1.000000e+00 0.000000e+00
    outer loop
      vertex   1.560175e+01 2.600000e+01 -1.134704e+01
      vertex   1.800000e+01 2.600000e+01 -1.200000e+01
      vertex   1.519612e+01 2.600000e+01 -1.132341e+01
    endloop
  endfacet
  facet normal 0.000000e+00 1.000000e+00 0.000000e+00
    outer loop
      vertex   1.519612e+01 2.600000e+01 -1.132341e+01
      vertex   1.800000e+01 2.600000e+01 -1.200000e+01
      vertex   1.000000e+01 2.600000e+01 -1.200000e+01
    endloop
  endfacet
  facet normal 0.000000e+00 1.000000e+00 0.000000e+00
    outer loop
      vertex   1.519612e+01 2.600000e+01 -1.132341e+01
      vertex   1.000000e+01 2.600000e+01 -1.200000e+01
      vertex   1.480686e+01 2.600000e+01 -1.120688e+01
    endloop
  endfacet
  facet normal 0.000000e+00 1.000000e+00 0.000000e+00
    outer loop
      vertex   1.480686e+01 2.600000e+01 -1.120688e+01
      vertex   1.000000e+01 2.600000e+01 -1.200000e+01
      vertex   1.445497e+01 2.600000e+01 -1.100372e+01
    endloop
  endfacet
  facet normal 0.000000e+00 1.000000e+00 0.000000e+00
    outer loop
      vertex   1.445497e+01 2.600000e+01 -1.100372e+01
      vertex   1.000000e+01 2.600000e+01 -1.200000e+01
      vertex   1.415942e+01 2.600000e+01 -1.072488e+01
    endloop
  endfacet
  facet normal 0.000000e+00 1.000000e+00 0.000000e+00
    outer loop
      vertex   1.415942e+01 2.600000e+01 -1.072488e+01
      vertex   1.000000e+01 2.600000e+01 -1.200000e+01
      vertex   1.393614e+01 2.600000e+01 -1.038540e+01
    endloop
  endfacet
  facet normal 0.000000e+00 1.000000e+00 0.000000e+00
    outer loop
      vertex   1.393614e+01 2.600000e+01 -1.038540e+01
      vertex   1.000000e+01 2.600000e+01 -1.200000e+01
      vertex   1.379717e+01 2.600000e+01 -1.000358e+01
    endloop
  endfacet
  facet normal -0.000000e+00 -1.000000e+00 0.000000e+00
    outer loop
      vertex   1.467896e+01 2.400000e+01 -9.380004e+00
      vertex   1.000000e+01 2.400000e+01 -7.200000e+00
      vertex   1.465000e+01 2.400000e+01 -9.600000e+00
    endloop
  endfacet
  facet normal -0.000000e+00 -1.000000e+00 0.000000e+00
    outer loop
      vertex   1.465000e+01 2.400000e+01 -9.600000e+00
      vertex   1.000000e+01 2.400000e+01 -7.200000e+00
      vertex   1.000000e+01 2.400000e+01 -1.200000e+01
    endloop
  endfacet
  facet normal 0.000000e+00 -1.000000e+00 -0.000000e+00
    outer loop
      vertex   1.465000e+01 2.400000e+01 -9.600000e+00
      vertex   1.000000e+01 2.400000e+01 -1.200000e+01
      vertex   1.467896e+01 2.400000e+01 -9.819996e+00
    endloop
  endfacet
  facet normal 0.000000e+00 -1.000000e+00 -0.000000e+00
    outer loop
      vertex   1.467896e+01 2.400000e+01 -9.819996e+00
      vertex   1.000000e+01 2.400000e+01 -1.200000e+01
      vertex   1.476388e+01 2.400000e+01 -1.002500e+01
    endloop
  endfacet
  facet normal 0.000000e+00 -1.000000e+00 -0.000000e+00
    outer loop
      vertex   1.476388e+01 2.400000e+01 -1.002500e+01
      vertex   1.000000e+01 2.400000e+01 -1.200000e+01
      vertex   1.489896e+01 2.400000e+01 -1.020104e+01
    endloop
  endfacet
  facet normal 0.000000e+00 -1.000000e+00 -0.000000e+00
    outer loop
      vertex   1.489896e+01 2.400000e+01 -1.020104e+01
      vertex   1.000000e+01 2.400000e+01 -1.200000e+01
      vertex   1.507500e+01 2.400000e+01 -1.033612e+01
    endloop
  endfacet
  facet normal 0.000000e+00 -1.000000e+00 -0.000000e+00
    outer loop
      vertex   1.507500e+01 2.400000e+01 -1.033612e+01
      vertex   1.000000e+01 2.400000e+01 -1.200000e+01
      vertex   1.528000e+01 2.400000e+01 -1.042104e+01
    endloop
  endfacet
  facet normal 0.000000e+00 -1.000000e+00 -0.000000e+00
    outer loop
      vertex   1.528000e+01 2.400000e+01 -1.042104e+01
      vertex   1.000000e+01 2.400000e+01 -1.200000e+01
      vertex   1.800000e+01 2.400000e+01 -1.200000e+01
    endloop
  endfacet
  facet normal 0.000000e+00 -1.000000e+00 0.000000e+00
    outer loop
      vertex   1.528000e+01 2.400000e+01 -1.042104e+01
      vertex   1.800000e+01 2.400000e+01 -1.200000e+01
      vertex   1.550000e+01 2.400000e+01 -1.045000e+01
    endloop
  endfacet
  facet normal 0.000000e+00 -1.000000e+00 0.000000e+00
    outer loop
      vertex   1.550000e+01 2.400000e+01 -1.045000e+01
      vertex   1.800000e+01 2.400000e+01 -1.200000e+01
      vertex   1.572000e+01 2.400000e+01 -1.042104e+01
    endloop
  endfacet
  facet normal 0.000000e+00 -1.000000e+00 0.000000e+00
    outer loop
      vertex   1.572000e+01 2.400000e+01 -1.042104e+01
      vertex   1.800000e+01 2.400000e+01 -1.200000e+01
      vertex   1.592500e+01 2.400000e+01 -1.033612e+01
    endloop
  endfacet
  facet normal 0.000000e+00 -1.000000e+00 0.000000e+00
    outer loop
      vertex   1.592500e+01 2.400000e+01 -1.033612e+01
      vertex   1.800000e+01 2.400000e+01 -1.200000e+01
      vertex   1.610104e+01 2.400000e+01 -1.020104e+01
    endloop
  endfacet
  facet normal 0.000000e+00 -1.000000e+00 0.000000e+00
    outer loop
      vertex   1.610104e+01 2.400000e+01 -1.020104e+01
      vertex   1.800000e+01 2.400000e+01 -1.200000e+01
      vertex   1.623612e+01 2.400000e+01 -1.002500e+01
    endloop
  endfacet
  facet normal 0.000000e+00 -1.000000e+00 0.000000e+00
    outer loop
      vertex   1.623612e+01 2.400000e+01 -1.002500e+01
      vertex   1.800000e+01 2.400000e+01 -1.200000e+01
      vertex   1.632104e+01 2.400000e+01 -9.819996e+00
    endloop
  endfacet
  facet normal 0.000000e+00 -1.000000e+00 0.000000e+00
    outer loop
      vertex   1.632104e+01 2.400000e+01 -9.819996e+00
      vertex   1.800000e+01 2.400000e+01 -1.200000e+01
      vertex   1.635000e+01 2.400000e+01 -9.600000e+00
    endloop
  endfacet
  facet normal 0.000000e+00 -1.000000e+00 0.000000e+00
    outer loop
      vertex   1.635000e+01 2.400000e+01 -9.600000e+00
      vertex   1.800000e+01 2.400000e+01 -1.200000e+01
      vertex   1.800000e+01 2.400000e+01 -7.200000e+00
    endloop
  endfacet
  facet normal 0.000000e+00 -1.000000e+00 0.000000e+00
    outer loop
      vertex   1.635000e+01 2.400000e+01 -9.600000e+00
      vertex   1.800000e+01 2.400000e+01 -7.200000e+00
      vertex   1.632104e+01 2.400000e+01 -9.380004e+00
    endloop
  endfacet
  facet normal 0.000000e+00 -1.000000e+00 0.000000e+00
    outer loop
      vertex   1.632104e+01 2.400000e+01 -9.380004e+00
      vertex   1.800000e+01 2.400000e+01 -7.200000e+00
      vertex   1.623612e+01 2.400000e+01 -9.175000e+00
    endloop
  endfacet
  facet normal 0.000000e+00 -1.000000e+00 0.000000e+00
    outer loop
      vertex   1.623612e+01 2.400000e+01 -9.175000e+00
      vertex   1.800000e+01 2.400000e+01 -7.200000e+00
      vertex   1.610104e+01 2.400000e+01 -8.998959e+00
    endloop
  endfacet
  facet normal 0.000000e+00 -1.000000e+00 0.000000e+00
    outer loop
      vertex   1.610104e+01 2.400000e+01 -8.998959e+00
      vertex   1.800000e+01 2.400000e+01 -7.200000e+00
      vertex   1.592500e+01 2.400000e+01 -8.863878e+00
    endloop
  endfacet
  facet normal 0.000000e+00 -1.000000e+00 0.000000e+00
    outer loop
      vertex   1.592500e+01 2.400000e+01 -8.863878e+00
      vertex   1.800000e+01 2.400000e+01 -7.200000e+00
      vertex   1.572000e+01 2.400000e+01 -8.778963e+00
    endloop
  endfacet
  facet normal 0.000000e+00 -1.000000e+00 0.000000e+00
    outer loop
      vertex   1.572000e+01 2.400000e+01 -8.778963e+00
      vertex   1.800000e+01 2.400000e+01 -7.200000e+00
      vertex   1.500000e+01 2.400000e+01 -7.200000e+00
    endloop
  endfacet
  facet normal 0.000000e+00 -1.000000e+00 0.000000e+00
    outer loop
      vertex   1.572000e+01 2.400000e+01 -8.778963e+00
      vertex   1.500000e+01 2.400000e+01 -7.200000e+00
      vertex   1.550000e+01 2.400000e+01 -8.750000e+00
    endloop
  endfacet
  facet normal -0.000000e+00 -1.000000e+00 0.000000e+00
    outer loop
      vertex   1.550000e+01 2.400000e+01 -8.750000e+00
      vertex   1.500000e+01 2.400000e+01 -7.200000e+00
      vertex   1.528000e+01 2.400000e+01 -8.778963e+00
    endloop
  endfacet
  facet normal 0.000000e+00 -1.000000e+00 0.000000e+00
    outer loop
      vertex   1.528000e+01 2.400000e+01 -8.778963e+00
      vertex   1.500000e+01 2.400000e+01 -7.200000e+00
      vertex   1.400000e+01 2.400000e+01 -7.200003e+00
    endloop
  endfacet
  facet normal -0.000000e+00 -1.000000e+00 0.000000e+00
    outer loop
      vertex   1.528000e+01 2.400000e+01 -8.778963e+00
      vertex   1.400000e+01 2.400000e+01 -7.200003e+00
      vertex   1.507500e+01 2.400000e+01 -8.863878e+00
    endloop
  endfacet
  facet normal -0.000000e+00 -1.000000e+00 0.000000e+00
    outer loop
      vertex   1.507500e+01 2.400000e+01 -8.863878e+00
      vertex   1.400000e+01 2.400000e+01 -7.200003e+00
      vertex   1.489896e+01 2.400000e+01 -8.998959e+00
    endloop
  endfacet
  facet normal -0.000000e+00 -1.000000e+00 0.000000e+00
    outer loop
      vertex   1.489896e+01 2.400000e+01 -8.998959e+00
      vertex   1.400000e+01 2.400000e+01 -7.200003e+00
      vertex   1.476388e+01 2.400000e+01 -9.175000e+00
    endloop
  endfacet
  facet normal 0.000000e+00 -1.000000e+00 0.000000e+00
    outer loop
      vertex   1.476388e+01 2.400000e+01 -9.175000e+00
      vertex   1.400000e+01 2.400000e+01 -7.200003e+00
      vertex   1.000000e+01 2.400000e+01 -7.200000e+00
    endloop
  endfacet
  facet normal -0.000000e+00 -1.000000e+00 0.000000e+00
    outer loop
      vertex   1.476388e+01 2.400000e+01 -9.175000e+00
      vertex   1.000000e+01 2.400000e+01 -7.200000e+00
      vertex   1.467896e+01 2.400000e+01 -9.380004e+00
    endloop
  endfacet
  facet normal 3.223136e-06 -4.070828e-06 -1.000000e+00
    outer loop
      vertex   1.500000e+01 2.600000e+01 -7.200000e+00
      vertex   1.400000e+01 2.600000e+01 -7.200003e+00
      vertex   1.500000e+01 2.700000e+01 -7.200004e+00
    endloop
  endfacet
  facet normal -8.477105e-07 0.000000e+00 -1.000000e+00
    outer loop
      vertex   1.500000e+01 2.700000e+01 -7.200004e+00
      vertex   1.400000e+01 2.600000e+01 -7.200003e+00
      vertex   1.400000e+01 2.700000e+01 -7.200003e+00
    endloop
  endfacet
  facet normal 0.000000e+00 0.000000e+00 -1.000000e+00
    outer loop
      vertex   1.400000e+01 1.700000e+01 -7.200000e+00
      vertex   1.400000e+01 2.100000e+01 -7.200000e+00
      vertex   1.500000e+01 1.700000e+01 -7.200000e+00
    endloop
  endfacet
  facet normal 0.000000e+00 0.000000e+00 -1.000000e+00
    outer loop
      vertex   1.500000e+01 1.700000e+01 -7.200000e+00
      vertex   1.400000e+01 2.100000e+01 -7.200000e+00
      vertex   1.500000e+01 2.400000e+01 -7.200000e+00
    endloop
  endfacet
  facet normal 3.223136e-06 -1.074374e-06 -1.000000e+00
    outer loop
      vertex   1.500000e+01 2.400000e+01 -7.200000e+00
      vertex   1.400000e+01 2.100000e+01 -7.200000e+00
      vertex   1.400000e+01 2.400000e+01 -7.200003e+00
    endloop
  endfacet
  facet normal 9.914449e-01 -0.000000e+00 1.305262e-01
    outer loop
      vertex   1.453407e+01 4.200000e+00 -3.735882e+01
      vertex   1.453407e+01 5.200000e+00 -3.735882e+01
      vertex   1.450000e+01 4.200000e+00 -3.710000e+01
    endloop
  endfacet
  facet normal 9.914449e-01 -0.000000e+00 1.305262e-01
    outer loop
      vertex   1.450000e+01 4.200000e+00 -3.710000e+01
      vertex   1.453407e+01 5.200000e+00 -3.735882e+01
      vertex   1.450000e+01 5.200000e+00 -3.710000e+01
    endloop
  endfacet
  facet normal 9.914449e-01 0.000000e+00 -1.305262e-01
    outer loop
      vertex   1.450000e+01 4.200000e+00 -3.710000e+01
      vertex   1.450000e+01 5.200000e+00 -3.710000e+01
      vertex   1.453407e+01 4.200000e+00 -3.684118e+01
    endloop
  endfacet
  facet normal 9.914449e-01 0.000000e+00 -1.305262e-01
    outer loop
      vertex   1.453407e+01 4.200000e+00 -3.684118e+01
      vertex   1.450000e+01 5.200000e+00 -3.710000e+01
      vertex   1.453407e+01 5.200000e+00 -3.684118e+01
    endloop
  endfacet
  facet normal 9.238795e-01 0.000000e+00 -3.826834e-01
    outer loop
      vertex   1.453407e+01 4.200000e+00 -3.684118e+01
      vertex   1.453407e+01 5.200000e+00 -3.684118e+01
      vertex   1.463397e+01 4.200000e+00 -3.660000e+01
    endloop
  endfacet
  facet normal 9.238795e-01 -1.641140e-15 -3.826834e-01
    outer loop
      vertex   1.463397e+01 4.200000e+00 -3.660000e+01
      vertex   1.453407e+01 5.200000e+00 -3.684118e+01
      vertex   1.463397e+01 5.200000e+00 -3.660000e+01
    endloop
  endfacet
  facet normal 7.933533e-01 -1.409279e-15 -6.087614e-01
    outer loop
      vertex   1.463397e+01 4.200000e+00 -3.660000e+01
      vertex   1.463397e+01 5.200000e+00 -3.660000e+01
      vertex   1.479289e+01 4.200000e+00 -3.639289e+01
    endloop
  endfacet
  facet normal 7.933533e-01 0.000000e+00 -6.087614e-01
    outer loop
      vertex   1.479289e+01 4.200000e+00 -3.639289e+01
      vertex   1.463397e+01 5.200000e+00 -3.660000e+01
      vertex   1.479289e+01 5.200000e+00 -3.639289e+01
    endloop
  endfacet
  facet normal 6.087614e-01 0.000000e+00 -7.933533e-01
    outer loop
      vertex   1.479289e+01 4.200000e+00 -3.639289e+01
      vertex   1.479289e+01 5.200000e+00 -3.639289e+01
      vertex   1.500000e+01 4.200000e+00 -3.623397e+01
    endloop
  endfacet
  facet normal 6.087614e-01 0.000000e+00 -7.933533e-01
    outer loop
      vertex   1.500000e+01 4.200000e+00 -3.623397e+01
      vertex   1.479289e+01 5.200000e+00 -3.639289e+01
      vertex   1.500000e+01 5.200000e+00 -3.623397e+01
    endloop
  endfacet
  facet normal 3.826834e-01 0.000000e+00 -9.238795e-01
    outer loop
      vertex   1.500000e+01 4.200000e+00 -3.623397e+01
      vertex   1.500000e+01 5.200000e+00 -3.623397e+01
      vertex   1.524118e+01 4.200000e+00 -3.613407e+01
    endloop
  endfacet
  facet normal 3.826834e-01 0.000000e+00 -9.238795e-01
    outer loop
      vertex   1.524118e+01 4.200000e+00 -3.613407e+01
      vertex   1.500000e+01 5.200000e+00 -3.623397e+01
      vertex   1.524118e+01 5.200000e+00 -3.613407e+01
    endloop
  endfacet
  facet normal 1.305262e-01 0.000000e+00 -9.914449e-01
    outer loop
      vertex   1.524118e+01 4.200000e+00 -3.613407e+01
      vertex   1.524118e+01 5.200000e+00 -3.613407e+01
      vertex   1.550000e+01 4.200000e+00 -3.610000e+01
    endloop
  endfacet
  facet normal 1.305262e-01 0.000000e+00 -9.914449e-01
    outer loop
      vertex   1.550000e+01 4.200000e+00 -3.610000e+01
      vertex   1.524118e+01 5.200000e+00 -3.613407e+01
      vertex   1.550000e+01 5.200000e+00 -3.610000e+01
    endloop
  endfacet
  facet normal -1.305262e-01 0.000000e+00 -9.914449e-01
    outer loop
      vertex   1.550000e+01 4.200000e+00 -3.610000e+01
      vertex   1.550000e+01 5.200000e+00 -3.610000e+01
      vertex   1.575882e+01 4.200000e+00 -3.613407e+01
    endloop
  endfacet
  facet normal -1.305262e-01 -7.044639e-15 -9.914449e-01
    outer loop
      vertex   1.575882e+01 4.200000e+00 -3.613407e+01
      vertex   1.550000e+01 5.200000e+00 -3.610000e+01
      vertex   1.575882e+01 5.200000e+00 -3.613407e+01
    endloop
  endfacet
  facet normal -3.826834e-01 -6.564559e-15 -9.238795e-01
    outer loop
      vertex   1.575882e+01 4.200000e+00 -3.613407e+01
      vertex   1.575882e+01 5.200000e+00 -3.613407e+01
      vertex   1.600000e+01 4.200000e+00 -3.623397e+01
    endloop
  endfacet
  facet normal -3.826834e-01 0.000000e+00 -9.238795e-01
    outer loop
      vertex   1.600000e+01 4.200000e+00 -3.623397e+01
      vertex   1.575882e+01 5.200000e+00 -3.613407e+01
      vertex   1.600000e+01 5.200000e+00 -3.623397e+01
    endloop
  endfacet
  facet normal -6.087614e-01 0.000000e+00 -7.933533e-01
    outer loop
      vertex   1.600000e+01 4.200000e+00 -3.623397e+01
      vertex   1.600000e+01 5.200000e+00 -3.623397e+01
      vertex   1.620711e+01 4.200000e+00 -3.639289e+01
    endloop
  endfacet
  facet normal -6.087614e-01 0.000000e+00 -7.933533e-01
    outer loop
      vertex   1.620711e+01 4.200000e+00 -3.639289e+01
      vertex   1.600000e+01 5.200000e+00 -3.623397e+01
      vertex   1.620711e+01 5.200000e+00 -3.639289e+01
    endloop
  endfacet
  facet normal -7.933533e-01 0.000000e+00 -6.087614e-01
    outer loop
      vertex   1.620711e+01 4.200000e+00 -3.639289e+01
      vertex   1.620711e+01 5.200000e+00 -3.639289e+01
      vertex   1.636602e+01 4.200000e+00 -3.660000e+01
    endloop
  endfacet
  facet normal -7.933533e-01 2.818557e-15 -6.087614e-01
    outer loop
      vertex   1.636602e+01 4.200000e+00 -3.660000e+01
      vertex   1.620711e+01 5.200000e+00 -3.639289e+01
      vertex   1.636602e+01 5.200000e+00 -3.660000e+01
    endloop
  endfacet
  facet normal -9.238795e-01 3.282279e-15 -3.826834e-01
    outer loop
      vertex   1.636602e+01 4.200000e+00 -3.660000e+01
      vertex   1.636602e+01 5.200000e+00 -3.660000e+01
      vertex   1.646593e+01 4.200000e+00 -3.684118e+01
    endloop
  endfacet
  facet normal -9.238795e-01 0.000000e+00 -3.826834e-01
    outer loop
      vertex   1.646593e+01 4.200000e+00 -3.684118e+01
      vertex   1.636602e+01 5.200000e+00 -3.660000e+01
      vertex   1.646593e+01 5.200000e+00 -3.684118e+01
    endloop
  endfacet
  facet normal -9.914449e-01 0.000000e+00 -1.305262e-01
    outer loop
      vertex   1.646593e+01 4.200000e+00 -3.684118e+01
      vertex   1.646593e+01 5.200000e+00 -3.684118e+01
      vertex   1.650000e+01 4.200000e+00 -3.710000e+01
    endloop
  endfacet
  facet normal -9.914449e-01 0.000000e+00 -1.305262e-01
    outer loop
      vertex   1.650000e+01 4.200000e+00 -3.710000e+01
      vertex   1.646593e+01 5.200000e+00 -3.684118e+01
      vertex   1.650000e+01 5.200000e+00 -3.710000e+01
    endloop
  endfacet
  facet normal -9.914449e-01 0.000000e+00 1.305262e-01
    outer loop
      vertex   1.650000e+01 4.200000e+00 -3.710000e+01
      vertex   1.650000e+01 5.200000e+00 -3.710000e+01
      vertex   1.646593e+01 4.200000e+00 -3.735882e+01
    endloop
  endfacet
  facet normal -9.914449e-01 0.000000e+00 1.305262e-01
    outer loop
      vertex   1.646593e+01 4.200000e+00 -3.735882e+01
      vertex   1.650000e+01 5.200000e+00 -3.710000e+01
      vertex   1.646593e+01 5.200000e+00 -3.735882e+01
    endloop
  endfacet
  facet normal -9.238795e-01 0.000000e+00 3.826834e-01
    outer loop
      vertex   1.646593e+01 4.200000e+00 -3.735882e+01
      vertex   1.646593e+01 5.200000e+00 -3.735882e+01
      vertex   1.636602e+01 4.200000e+00 -3.760000e+01
    endloop
  endfacet
  facet normal -9.238795e-01 -3.282279e-15 3.826834e-01
    outer loop
      vertex   1.636602e+01 4.200000e+00 -3.760000e+01
      vertex   1.646593e+01 5.200000e+00 -3.735882e+01
      vertex   1.636602e+01 5.200000e+00 -3.760000e+01
    endloop
  endfacet
  facet normal -7.933533e-01 -2.818557e-15 6.087614e-01
    outer loop
      vertex   1.636602e+01 4.200000e+00 -3.760000e+01
      vertex   1.636602e+01 5.200000e+00 -3.760000e+01
      vertex   1.620711e+01 4.200000e+00 -3.780711e+01
    endloop
  endfacet
  facet normal -7.933533e-01 0.000000e+00 6.087614e-01
    outer loop
      vertex   1.620711e+01 4.200000e+00 -3.780711e+01
      vertex   1.636602e+01 5.200000e+00 -3.760000e+01
      vertex   1.620711e+01 5.200000e+00 -3.780711e+01
    endloop
  endfacet
  facet normal -6.087614e-01 0.000000e+00 7.933533e-01
    outer loop
      vertex   1.620711e+01 4.200000e+00 -3.780711e+01
      vertex   1.620711e+01 5.200000e+00 -3.780711e+01
      vertex   1.600000e+01 4.200000e+00 -3.796602e+01
    endloop
  endfacet
  facet normal -6.087614e-01 0.000000e+00 7.933533e-01
    outer loop
      vertex   1.600000e+01 4.200000e+00 -3.796602e+01
      vertex   1.620711e+01 5.200000e+00 -3.780711e+01
      vertex   1.600000e+01 5.200000e+00 -3.796602e+01
    endloop
  endfacet
  facet normal -3.826834e-01 0.000000e+00 9.238795e-01
    outer loop
      vertex   1.600000e+01 4.200000e+00 -3.796602e+01
      vertex   1.600000e+01 5.200000e+00 -3.796602e+01
      vertex   1.575882e+01 4.200000e+00 -3.806592e+01
    endloop
  endfacet
  facet normal -3.826834e-01 6.564559e-15 9.238795e-01
    outer loop
      vertex   1.575882e+01 4.200000e+00 -3.806592e+01
      vertex   1.600000e+01 5.200000e+00 -3.796602e+01
      vertex   1.575882e+01 5.200000e+00 -3.806592e+01
    endloop
  endfacet
  facet normal -1.305262e-01 7.044639e-15 9.914449e-01
    outer loop
      vertex   1.575882e+01 4.200000e+00 -3.806592e+01
      vertex   1.575882e+01 5.200000e+00 -3.806592e+01
      vertex   1.550000e+01 4.200000e+00 -3.810000e+01
    endloop
  endfacet
  facet normal -1.305262e-01 0.000000e+00 9.914449e-01
    outer loop
      vertex   1.550000e+01 4.200000e+00 -3.810000e+01
      vertex   1.575882e+01 5.200000e+00 -3.806592e+01
      vertex   1.550000e+01 5.200000e+00 -3.810000e+01
    endloop
  endfacet
  facet normal 1.305262e-01 -0.000000e+00 9.914449e-01
    outer loop
      vertex   1.550000e+01 4.200000e+00 -3.810000e+01
      vertex   1.550000e+01 5.200000e+00 -3.810000e+01
      vertex   1.524118e+01 4.200000e+00 -3.806592e+01
    endloop
  endfacet
  facet normal 1.305262e-01 -0.000000e+00 9.914449e-01
    outer loop
      vertex   1.524118e+01 4.200000e+00 -3.806592e+01
      vertex   1.550000e+01 5.200000e+00 -3.810000e+01
      vertex   1.524118e+01 5.200000e+00 -3.806592e+01
    endloop
  endfacet
  facet normal 3.826834e-01 -0.000000e+00 9.238795e-01
    outer loop
      vertex   1.524118e+01 4.200000e+00 -3.806592e+01
      vertex   1.524118e+01 5.200000e+00 -3.806592e+01
      vertex   1.500000e+01 4.200000e+00 -3.796602e+01
    endloop
  endfacet
  facet normal 3.826834e-01 -0.000000e+00 9.238795e-01
    outer loop
      vertex   1.500000e+01 4.200000e+00 -3.796602e+01
      vertex   1.524118e+01 5.200000e+00 -3.806592e+01
      vertex   1.500000e+01 5.200000e+00 -3.796602e+01
    endloop
  endfacet
  facet normal 6.087614e-01 -0.000000e+00 7.933533e-01
    outer loop
      vertex   1.500000e+01 4.200000e+00 -3.796602e+01
      vertex   1.500000e+01 5.200000e+00 -3.796602e+01
      vertex   1.479289e+01 4.200000e+00 -3.780711e+01
    endloop
  endfacet
  facet normal 6.087614e-01 -0.000000e+00 7.933533e-01
    outer loop
      vertex   1.479289e+01 4.200000e+00 -3.780711e+01
      vertex   1.500000e+01 5.200000e+00 -3.796602e+01
      vertex   1.479289e+01 5.200000e+00 -3.780711e+01
    endloop
  endfacet
  facet normal 7.933533e-01 -0.000000e+00 6.087614e-01
    outer loop
      vertex   1.479289e+01 4.200000e+00 -3.780711e+01
      vertex   1.479289e+01 5.200000e+00 -3.780711e+01
      vertex   1.463397e+01 4.200000e+00 -3.760000e+01
    endloop
  endfacet
  facet normal 7.933533e-01 1.409279e-15 6.087614e-01
    outer loop
      vertex   1.463397e+01 4.200000e+00 -3.760000e+01
      vertex   1.479289e+01 5.200000e+00 -3.780711e+01
      vertex   1.463397e+01 5.200000e+00 -3.760000e+01
    endloop
  endfacet
  facet normal 9.238795e-01 1.641140e-15 3.826834e-01
    outer loop
      vertex   1.463397e+01 4.200000e+00 -3.760000e+01
      vertex   1.463397e+01 5.200000e+00 -3.760000e+01
      vertex   1.453407e+01 4.200000e+00 -3.735882e+01
    endloop
  endfacet
  facet normal 9.238795e-01 -0.000000e+00 3.826834e-01
    outer loop
      vertex   1.453407e+01 4.200000e+00 -3.735882e+01
      vertex   1.463397e+01 5.200000e+00 -3.760000e+01
      vertex   1.453407e+01 5.200000e+00 -3.735882e+01
    endloop
  endfacet
  facet normal 9.914449e-01 -0.000000e+00 1.305262e-01
    outer loop
      vertex   1.453407e+01 4.200000e+00 -7.415882e+01
      vertex   1.453407e+01 5.200000e+00 -7.415882e+01
      vertex   1.450000e+01 4.200000e+00 -7.390000e+01
    endloop
  endfacet
  facet normal 9.914449e-01 -0.000000e+00 1.305262e-01
    outer loop
      vertex   1.450000e+01 4.200000e+00 -7.390000e+01
      vertex   1.453407e+01 5.200000e+00 -7.415882e+01
      vertex   1.450000e+01 5.200000e+00 -7.390000e+01
    endloop
  endfacet
  facet normal 9.914449e-01 0.000000e+00 -1.305262e-01
    outer loop
      vertex   1.450000e+01 4.200000e+00 -7.390000e+01
      vertex   1.450000e+01 5.200000e+00 -7.390000e+01
      vertex   1.453407e+01 4.200000e+00 -7.364118e+01
    endloop
  endfacet
  facet normal 9.914449e-01 0.000000e+00 -1.305262e-01
    outer loop
      vertex   1.453407e+01 4.200000e+00 -7.364118e+01
      vertex   1.450000e+01 5.200000e+00 -7.390000e+01
      vertex   1.453407e+01 5.200000e+00 -7.364118e+01
    endloop
  endfacet
  facet normal 9.238795e-01 0.000000e+00 -3.826834e-01
    outer loop
      vertex   1.453407e+01 4.200000e+00 -7.364118e+01
      vertex   1.453407e+01 5.200000e+00 -7.364118e+01
      vertex   1.463397e+01 4.200000e+00 -7.340000e+01
    endloop
  endfacet
  facet normal 9.238795e-01 0.000000e+00 -3.826834e-01
    outer loop
      vertex   1.463397e+01 4.200000e+00 -7.340000e+01
      vertex   1.453407e+01 5.200000e+00 -7.364118e+01
      vertex   1.463397e+01 5.200000e+00 -7.340000e+01
    endloop
  endfacet
  facet normal 7.933533e-01 0.000000e+00 -6.087614e-01
    outer loop
      vertex   1.463397e+01 4.200000e+00 -7.340000e+01
      vertex   1.463397e+01 5.200000e+00 -7.340000e+01
      vertex   1.479289e+01 4.200000e+00 -7.319289e+01
    endloop
  endfacet
  facet normal 7.933533e-01 0.000000e+00 -6.087614e-01
    outer loop
      vertex   1.479289e+01 4.200000e+00 -7.319289e+01
      vertex   1.463397e+01 5.200000e+00 -7.340000e+01
      vertex   1.479289e+01 5.200000e+00 -7.319289e+01
    endloop
  endfacet
  facet normal 6.087614e-01 0.000000e+00 -7.933533e-01
    outer loop
      vertex   1.479289e+01 4.200000e+00 -7.319289e+01
      vertex   1.479289e+01 5.200000e+00 -7.319289e+01
      vertex   1.500000e+01 4.200000e+00 -7.303397e+01
    endloop
  endfacet
  facet normal 6.087614e-01 -2.162755e-15 -7.933533e-01
    outer loop
      vertex   1.500000e+01 4.200000e+00 -7.303397e+01
      vertex   1.479289e+01 5.200000e+00 -7.319289e+01
      vertex   1.500000e+01 5.200000e+00 -7.303397e+01
    endloop
  endfacet
  facet normal 3.826834e-01 -1.359565e-15 -9.238795e-01
    outer loop
      vertex   1.500000e+01 4.200000e+00 -7.303397e+01
      vertex   1.500000e+01 5.200000e+00 -7.303397e+01
      vertex   1.524118e+01 4.200000e+00 -7.293407e+01
    endloop
  endfacet
  facet normal 3.826834e-01 0.000000e+00 -9.238795e-01
    outer loop
      vertex   1.524118e+01 4.200000e+00 -7.293407e+01
      vertex   1.500000e+01 5.200000e+00 -7.303397e+01
      vertex   1.524118e+01 5.200000e+00 -7.293407e+01
    endloop
  endfacet
  facet normal 1.305262e-01 0.000000e+00 -9.914449e-01
    outer loop
      vertex   1.524118e+01 4.200000e+00 -7.293407e+01
      vertex   1.524118e+01 5.200000e+00 -7.293407e+01
      vertex   1.550000e+01 4.200000e+00 -7.290000e+01
    endloop
  endfacet
  facet normal 1.305262e-01 0.000000e+00 -9.914449e-01
    outer loop
      vertex   1.550000e+01 4.200000e+00 -7.290000e+01
      vertex   1.524118e+01 5.200000e+00 -7.293407e+01
      vertex   1.550000e+01 5.200000e+00 -7.290000e+01
    endloop
  endfacet
  facet normal -1.305262e-01 0.000000e+00 -9.914449e-01
    outer loop
      vertex   1.550000e+01 4.200000e+00 -7.290000e+01
      vertex   1.550000e+01 5.200000e+00 -7.290000e+01
      vertex   1.575882e+01 4.200000e+00 -7.293407e+01
    endloop
  endfacet
  facet normal -1.305262e-01 4.637222e-16 -9.914449e-01
    outer loop
      vertex   1.575882e+01 4.200000e+00 -7.293407e+01
      vertex   1.550000e+01 5.200000e+00 -7.290000e+01
      vertex   1.575882e+01 5.200000e+00 -7.293407e+01
    endloop
  endfacet
  facet normal -3.826834e-01 1.359565e-15 -9.238795e-01
    outer loop
      vertex   1.575882e+01 4.200000e+00 -7.293407e+01
      vertex   1.575882e+01 5.200000e+00 -7.293407e+01
      vertex   1.600000e+01 4.200000e+00 -7.303397e+01
    endloop
  endfacet
  facet normal -3.826834e-01 1.359565e-15 -9.238795e-01
    outer loop
      vertex   1.600000e+01 4.200000e+00 -7.303397e+01
      vertex   1.575882e+01 5.200000e+00 -7.293407e+01
      vertex   1.600000e+01 5.200000e+00 -7.303397e+01
    endloop
  endfacet
  facet normal -6.087614e-01 2.162755e-15 -7.933533e-01
    outer loop
      vertex   1.600000e+01 4.200000e+00 -7.303397e+01
      vertex   1.600000e+01 5.200000e+00 -7.303397e+01
      vertex   1.620711e+01 4.200000e+00 -7.319289e+01
    endloop
  endfacet
  facet normal -6.087614e-01 0.000000e+00 -7.933533e-01
    outer loop
      vertex   1.620711e+01 4.200000e+00 -7.319289e+01
      vertex   1.600000e+01 5.200000e+00 -7.303397e+01
      vertex   1.620711e+01 5.200000e+00 -7.319289e+01
    endloop
  endfacet
  facet normal -7.933533e-01 0.000000e+00 -6.087614e-01
    outer loop
      vertex   1.620711e+01 4.200000e+00 -7.319289e+01
      vertex   1.620711e+01 5.200000e+00 -7.319289e+01
      vertex   1.636603e+01 4.200000e+00 -7.340000e+01
    endloop
  endfacet
  facet normal -7.933533e-01 0.000000e+00 -6.087614e-01
    outer loop
      vertex   1.636603e+01 4.200000e+00 -7.340000e+01
      vertex   1.620711e+01 5.200000e+00 -7.319289e+01
      vertex   1.636603e+01 5.200000e+00 -7.340000e+01
    endloop
  endfacet
  facet normal -9.238795e-01 0.000000e+00 -3.826834e-01
    outer loop
      vertex   1.636603e+01 4.200000e+00 -7.340000e+01
      vertex   1.636603e+01 5.200000e+00 -7.340000e+01
      vertex   1.646593e+01 4.200000e+00 -7.364118e+01
    endloop
  endfacet
  facet normal -9.238795e-01 0.000000e+00 -3.826834e-01
    outer loop
      vertex   1.646593e+01 4.200000e+00 -7.364118e+01
      vertex   1.636603e+01 5.200000e+00 -7.340000e+01
      vertex   1.646593e+01 5.200000e+00 -7.364118e+01
    endloop
  endfacet
  facet normal -9.914449e-01 0.000000e+00 -1.305262e-01
    outer loop
      vertex   1.646593e+01 4.200000e+00 -7.364118e+01
      vertex   1.646593e+01 5.200000e+00 -7.364118e+01
      vertex   1.650000e+01 4.200000e+00 -7.390000e+01
    endloop
  endfacet
  facet normal -9.914449e-01 0.000000e+00 -1.305262e-01
    outer loop
      vertex   1.650000e+01 4.200000e+00 -7.390000e+01
      vertex   1.646593e+01 5.200000e+00 -7.364118e+01
      vertex   1.650000e+01 5.200000e+00 -7.390000e+01
    endloop
  endfacet
  facet normal -9.914449e-01 0.000000e+00 1.305262e-01
    outer loop
      vertex   1.650000e+01 4.200000e+00 -7.390000e+01
      vertex   1.650000e+01 5.200000e+00 -7.390000e+01
      vertex   1.646593e+01 4.200000e+00 -7.415882e+01
    endloop
  endfacet
  facet normal -9.914449e-01 0.000000e+00 1.305262e-01
    outer loop
      vertex   1.646593e+01 4.200000e+00 -7.415882e+01
      vertex   1.650000e+01 5.200000e+00 -7.390000e+01
      vertex   1.646593e+01 5.200000e+00 -7.415882e+01
    endloop
  endfacet
  facet normal -9.238795e-01 0.000000e+00 3.826834e-01
    outer loop
      vertex   1.646593e+01 4.200000e+00 -7.415882e+01
      vertex   1.646593e+01 5.200000e+00 -7.415882e+01
      vertex   1.636603e+01 4.200000e+00 -7.440000e+01
    endloop
  endfacet
  facet normal -9.238795e-01 0.000000e+00 3.826834e-01
    outer loop
      vertex   1.636603e+01 4.200000e+00 -7.440000e+01
      vertex   1.646593e+01 5.200000e+00 -7.415882e+01
      vertex   1.636603e+01 5.200000e+00 -7.440000e+01
    endloop
  endfacet
  facet normal -7.933533e-01 0.000000e+00 6.087614e-01
    outer loop
      vertex   1.636603e+01 4.200000e+00 -7.440000e+01
      vertex   1.636603e+01 5.200000e+00 -7.440000e+01
      vertex   1.620711e+01 4.200000e+00 -7.460711e+01
    endloop
  endfacet
  facet normal -7.933533e-01 0.000000e+00 6.087614e-01
    outer loop
      vertex   1.620711e+01 4.200000e+00 -7.460711e+01
      vertex   1.636603e+01 5.200000e+00 -7.440000e+01
      vertex   1.620711e+01 5.200000e+00 -7.460711e+01
    endloop
  endfacet
  facet normal -6.087614e-01 0.000000e+00 7.933533e-01
    outer loop
      vertex   1.620711e+01 4.200000e+00 -7.460711e+01
      vertex   1.620711e+01 5.200000e+00 -7.460711e+01
      vertex   1.600000e+01 4.200000e+00 -7.476602e+01
    endloop
  endfacet
  facet normal -6.087614e-01 -2.162755e-15 7.933533e-01
    outer loop
      vertex   1.600000e+01 4.200000e+00 -7.476602e+01
      vertex   1.620711e+01 5.200000e+00 -7.460711e+01
      vertex   1.600000e+01 5.200000e+00 -7.476602e+01
    endloop
  endfacet
  facet normal -3.826834e-01 -1.359565e-15 9.238795e-01
    outer loop
      vertex   1.600000e+01 4.200000e+00 -7.476602e+01
      vertex   1.600000e+01 5.200000e+00 -7.476602e+01
      vertex   1.575882e+01 4.200000e+00 -7.486592e+01
    endloop
  endfacet
  facet normal -3.826834e-01 -1.359565e-15 9.238795e-01
    outer loop
      vertex   1.575882e+01 4.200000e+00 -7.486592e+01
      vertex   1.600000e+01 5.200000e+00 -7.476602e+01
      vertex   1.575882e+01 5.200000e+00 -7.486592e+01
    endloop
  endfacet
  facet normal -1.305262e-01 -4.637222e-16 9.914449e-01
    outer loop
      vertex   1.575882e+01 4.200000e+00 -7.486592e+01
      vertex   1.575882e+01 5.200000e+00 -7.486592e+01
      vertex   1.550000e+01 4.200000e+00 -7.490000e+01
    endloop
  endfacet
  facet normal -1.305262e-01 0.000000e+00 9.914449e-01
    outer loop
      vertex   1.550000e+01 4.200000e+00 -7.490000e+01
      vertex   1.575882e+01 5.200000e+00 -7.486592e+01
      vertex   1.550000e+01 5.200000e+00 -7.490000e+01
    endloop
  endfacet
  facet normal 1.305262e-01 -0.000000e+00 9.914449e-01
    outer loop
      vertex   1.550000e+01 4.200000e+00 -7.490000e+01
      vertex   1.550000e+01 5.200000e+00 -7.490000e+01
      vertex   1.524118e+01 4.200000e+00 -7.486592e+01
    endloop
  endfacet
  facet normal 1.305262e-01 -0.000000e+00 9.914449e-01
    outer loop
      vertex   1.524118e+01 4.200000e+00 -7.486592e+01
      vertex   1.550000e+01 5.200000e+00 -7.490000e+01
      vertex   1.524118e+01 5.200000e+00 -7.486592e+01
    endloop
  endfacet
  facet normal 3.826834e-01 -0.000000e+00 9.238795e-01
    outer loop
      vertex   1.524118e+01 4.200000e+00 -7.486592e+01
      vertex   1.524118e+01 5.200000e+00 -7.486592e+01
      vertex   1.500000e+01 4.200000e+00 -7.476602e+01
    endloop
  endfacet
  facet normal 3.826834e-01 1.359565e-15 9.238795e-01
    outer loop
      vertex   1.500000e+01 4.200000e+00 -7.476602e+01
      vertex   1.524118e+01 5.200000e+00 -7.486592e+01
      vertex   1.500000e+01 5.200000e+00 -7.476602e+01
    endloop
  endfacet
  facet normal 6.087614e-01 2.162755e-15 7.933533e-01
    outer loop
      vertex   1.500000e+01 4.200000e+00 -7.476602e+01
      vertex   1.500000e+01 5.200000e+00 -7.476602e+01
      vertex   1.479289e+01 4.200000e+00 -7.460711e+01
    endloop
  endfacet
  facet normal 6.087614e-01 -0.000000e+00 7.933533e-01
    outer loop
      vertex   1.479289e+01 4.200000e+00 -7.460711e+01
      vertex   1.500000e+01 5.200000e+00 -7.476602e+01
      vertex   1.479289e+01 5.200000e+00 -7.460711e+01
    endloop
  endfacet
  facet normal 7.933533e-01 -0.000000e+00 6.087614e-01
    outer loop
      vertex   1.479289e+01 4.200000e+00 -7.460711e+01
      vertex   1.479289e+01 5.200000e+00 -7.460711e+01
      vertex   1.463397e+01 4.200000e+00 -7.440000e+01
    endloop
  endfacet
  facet normal 7.933533e-01 -0.000000e+00 6.087614e-01
    outer loop
      vertex   1.463397e+01 4.200000e+00 -7.440000e+01
      vertex   1.479289e+01 5.200000e+00 -7.460711e+01
      vertex   1.463397e+01 5.200000e+00 -7.440000e+01
    endloop
  endfacet
  facet normal 9.238795e-01 -0.000000e+00 3.826834e-01
    outer loop
      vertex   1.463397e+01 4.200000e+00 -7.440000e+01
      vertex   1.463397e+01 5.200000e+00 -7.440000e+01
      vertex   1.453407e+01 4.200000e+00 -7.415882e+01
    endloop
  endfacet
  facet normal 9.238795e-01 -0.000000e+00 3.826834e-01
    outer loop
      vertex   1.453407e+01 4.200000e+00 -7.415882e+01
      vertex   1.463397e+01 5.200000e+00 -7.440000e+01
      vertex   1.453407e+01 5.200000e+00 -7.415882e+01
    endloop
  endfacet
  facet normal 9.932384e-01 -0.000000e+00 1.160929e-01
    outer loop
      vertex   1.379717e+01 5.200000e+00 -7.430358e+01
      vertex   1.379717e+01 6.200000e+00 -7.430358e+01
      vertex   1.375000e+01 5.200000e+00 -7.390000e+01
    endloop
  endfacet
  facet normal 9.932384e-01 -0.000000e+00 1.160929e-01
    outer loop
      vertex   1.375000e+01 5.200000e+00 -7.390000e+01
      vertex   1.379717e+01 6.200000e+00 -7.430358e+01
      vertex   1.375000e+01 6.200000e+00 -7.390000e+01
    endloop
  endfacet
  facet normal 9.932384e-01 0.000000e+00 -1.160929e-01
    outer loop
      vertex   1.375000e+01 5.200000e+00 -7.390000e+01
      vertex   1.375000e+01 6.200000e+00 -7.390000e+01
      vertex   1.379717e+01 5.200000e+00 -7.349642e+01
    endloop
  endfacet
  facet normal 9.932384e-01 0.000000e+00 -1.160929e-01
    outer loop
      vertex   1.379717e+01 5.200000e+00 -7.349642e+01
      vertex   1.375000e+01 6.200000e+00 -7.390000e+01
      vertex   1.379717e+01 6.200000e+00 -7.349642e+01
    endloop
  endfacet
  facet normal 9.396926e-01 0.000000e+00 -3.420201e-01
    outer loop
      vertex   1.379717e+01 5.200000e+00 -7.349642e+01
      vertex   1.379717e+01 6.200000e+00 -7.349642e+01
      vertex   1.393614e+01 5.200000e+00 -7.311460e+01
    endloop
  endfacet
  facet normal 9.396926e-01 0.000000e+00 -3.420201e-01
    outer loop
      vertex   1.393614e+01 5.200000e+00 -7.311460e+01
      vertex   1.379717e+01 6.200000e+00 -7.349642e+01
      vertex   1.393614e+01 6.200000e+00 -7.311460e+01
    endloop
  endfacet
  facet normal 8.354878e-01 0.000000e+00 -5.495090e-01
    outer loop
      vertex   1.393614e+01 5.200000e+00 -7.311460e+01
      vertex   1.393614e+01 6.200000e+00 -7.311460e+01
      vertex   1.415942e+01 5.200000e+00 -7.277512e+01
    endloop
  endfacet
  facet normal 8.354878e-01 0.000000e+00 -5.495090e-01
    outer loop
      vertex   1.415942e+01 5.200000e+00 -7.277512e+01
      vertex   1.393614e+01 6.200000e+00 -7.311460e+01
      vertex   1.415942e+01 6.200000e+00 -7.277512e+01
    endloop
  endfacet
  facet normal 6.862416e-01 0.000000e+00 -7.273736e-01
    outer loop
      vertex   1.415942e+01 5.200000e+00 -7.277512e+01
      vertex   1.415942e+01 6.200000e+00 -7.277512e+01
      vertex   1.445497e+01 5.200000e+00 -7.249628e+01
    endloop
  endfacet
  facet normal 6.862416e-01 0.000000e+00 -7.273736e-01
    outer loop
      vertex   1.445497e+01 5.200000e+00 -7.249628e+01
      vertex   1.415942e+01 6.200000e+00 -7.277512e+01
      vertex   1.445497e+01 6.200000e+00 -7.249628e+01
    endloop
  endfacet
  facet normal 5.000000e-01 0.000000e+00 -8.660254e-01
    outer loop
      vertex   1.445497e+01 5.200000e+00 -7.249628e+01
      vertex   1.445497e+01 6.200000e+00 -7.249628e+01
      vertex   1.480686e+01 5.200000e+00 -7.229312e+01
    endloop
  endfacet
  facet normal 5.000000e-01 0.000000e+00 -8.660254e-01
    outer loop
      vertex   1.480686e+01 5.200000e+00 -7.229312e+01
      vertex   1.445497e+01 6.200000e+00 -7.249628e+01
      vertex   1.480686e+01 6.200000e+00 -7.229312e+01
    endloop
  endfacet
  facet normal 2.868032e-01 0.000000e+00 -9.579895e-01
    outer loop
      vertex   1.480686e+01 5.200000e+00 -7.229312e+01
      vertex   1.480686e+01 6.200000e+00 -7.229312e+01
      vertex   1.519612e+01 5.200000e+00 -7.217658e+01
    endloop
  endfacet
  facet normal 2.868032e-01 0.000000e+00 -9.579895e-01
    outer loop
      vertex   1.519612e+01 5.200000e+00 -7.217658e+01
      vertex   1.480686e+01 6.200000e+00 -7.229312e+01
      vertex   1.519612e+01 6.200000e+00 -7.217658e+01
    endloop
  endfacet
  facet normal 5.814483e-02 0.000000e+00 -9.983082e-01
    outer loop
      vertex   1.519612e+01 5.200000e+00 -7.217658e+01
      vertex   1.519612e+01 6.200000e+00 -7.217658e+01
      vertex   1.560175e+01 5.200000e+00 -7.215296e+01
    endloop
  endfacet
  facet normal 5.814483e-02 0.000000e+00 -9.983082e-01
    outer loop
      vertex   1.560175e+01 5.200000e+00 -7.215296e+01
      vertex   1.519612e+01 6.200000e+00 -7.217658e+01
      vertex   1.560175e+01 6.200000e+00 -7.215296e+01
    endloop
  endfacet
  facet normal -1.736482e-01 0.000000e+00 -9.848078e-01
    outer loop
      vertex   1.560175e+01 5.200000e+00 -7.215296e+01
      vertex   1.560175e+01 6.200000e+00 -7.215296e+01
      vertex   1.600191e+01 5.200000e+00 -7.222352e+01
    endloop
  endfacet
  facet normal -1.736482e-01 0.000000e+00 -9.848078e-01
    outer loop
      vertex   1.600191e+01 5.200000e+00 -7.222352e+01
      vertex   1.560175e+01 6.200000e+00 -7.215296e+01
      vertex   1.600191e+01 6.200000e+00 -7.222352e+01
    endloop
  endfacet
  facet normal -3.960798e-01 0.000000e+00 -9.182161e-01
    outer loop
      vertex   1.600191e+01 5.200000e+00 -7.222352e+01
      vertex   1.600191e+01 6.200000e+00 -7.222352e+01
      vertex   1.637500e+01 5.200000e+00 -7.238445e+01
    endloop
  endfacet
  facet normal -3.960798e-01 0.000000e+00 -9.182161e-01
    outer loop
      vertex   1.637500e+01 5.200000e+00 -7.238445e+01
      vertex   1.600191e+01 6.200000e+00 -7.222352e+01
      vertex   1.637500e+01 6.200000e+00 -7.238445e+01
    endloop
  endfacet
  facet normal -5.971586e-01 0.000000e+00 -8.021232e-01
    outer loop
      vertex   1.637500e+01 5.200000e+00 -7.238445e+01
      vertex   1.637500e+01 6.200000e+00 -7.238445e+01
      vertex   1.670092e+01 5.200000e+00 -7.262709e+01
    endloop
  endfacet
  facet normal -5.971586e-01 0.000000e+00 -8.021232e-01
    outer loop
      vertex   1.670092e+01 5.200000e+00 -7.262709e+01
      vertex   1.637500e+01 6.200000e+00 -7.238445e+01
      vertex   1.670092e+01 6.200000e+00 -7.262709e+01
    endloop
  endfacet
  facet normal -7.660444e-01 0.000000e+00 -6.427876e-01
    outer loop
      vertex   1.670092e+01 5.200000e+00 -7.262709e+01
      vertex   1.670092e+01 6.200000e+00 -7.262709e+01
      vertex   1.696210e+01 5.200000e+00 -7.293836e+01
    endloop
  endfacet
  facet normal -7.660444e-01 0.000000e+00 -6.427876e-01
    outer loop
      vertex   1.696210e+01 5.200000e+00 -7.293836e+01
      vertex   1.670092e+01 6.200000e+00 -7.262709e+01
      vertex   1.696210e+01 6.200000e+00 -7.293836e+01
    endloop
  endfacet
  facet normal -8.936326e-01 0.000000e+00 -4.487992e-01
    outer loop
      vertex   1.696210e+01 5.200000e+00 -7.293836e+01
      vertex   1.696210e+01 6.200000e+00 -7.293836e+01
      vertex   1.714446e+01 5.200000e+00 -7.330146e+01
    endloop
  endfacet
  facet normal -8.936326e-01 0.000000e+00 -4.487992e-01
    outer loop
      vertex   1.714446e+01 5.200000e+00 -7.330146e+01
      vertex   1.696210e+01 6.200000e+00 -7.293836e+01
      vertex   1.714446e+01 6.200000e+00 -7.330146e+01
    endloop
  endfacet
  facet normal -9.730449e-01 0.000000e+00 -2.306159e-01
    outer loop
      vertex   1.714446e+01 5.200000e+00 -7.330146e+01
      vertex   1.714446e+01 6.200000e+00 -7.330146e+01
      vertex   1.723817e+01 5.200000e+00 -7.369684e+01
    endloop
  endfacet
  facet normal -9.730449e-01 0.000000e+00 -2.306159e-01
    outer loop
      vertex   1.723817e+01 5.200000e+00 -7.369684e+01
      vertex   1.714446e+01 6.200000e+00 -7.330146e+01
      vertex   1.723817e+01 6.200000e+00 -7.369684e+01
    endloop
  endfacet
  facet normal -1.000000e+00 0.000000e+00 0.000000e+00
    outer loop
      vertex   1.723817e+01 5.200000e+00 -7.369684e+01
      vertex   1.723817e+01 6.200000e+00 -7.369684e+01
      vertex   1.723817e+01 5.200000e+00 -7.410316e+01
    endloop
  endfacet
  facet normal -1.000000e+00 0.000000e+00 0.000000e+00
    outer loop
      vertex   1.723817e+01 5.200000e+00 -7.410316e+01
      vertex   1.723817e+01 6.200000e+00 -7.369684e+01
      vertex   1.723817e+01 6.200000e+00 -7.410316e+01
    endloop
  endfacet
  facet normal -9.730449e-01 0.000000e+00 2.306159e-01
    outer loop
      vertex   1.723817e+01 5.200000e+00 -7.410316e+01
      vertex   1.723817e+01 6.200000e+00 -7.410316e+01
      vertex   1.714446e+01 5.200000e+00 -7.449853e+01
    endloop
  endfacet
  facet normal -9.730449e-01 0.000000e+00 2.306159e-01
    outer loop
      vertex   1.714446e+01 5.200000e+00 -7.449853e+01
      vertex   1.723817e+01 6.200000e+00 -7.410316e+01
      vertex   1.714446e+01 6.200000e+00 -7.449853e+01
    endloop
  endfacet
  facet normal -8.936326e-01 0.000000e+00 4.487992e-01
    outer loop
      vertex   1.714446e+01 5.200000e+00 -7.449853e+01
      vertex   1.714446e+01 6.200000e+00 -7.449853e+01
      vertex   1.696210e+01 5.200000e+00 -7.486164e+01
    endloop
  endfacet
  facet normal -8.936326e-01 0.000000e+00 4.487992e-01
    outer loop
      vertex   1.696210e+01 5.200000e+00 -7.486164e+01
      vertex   1.714446e+01 6.200000e+00 -7.449853e+01
      vertex   1.696210e+01 6.200000e+00 -7.486164e+01
    endloop
  endfacet
  facet normal -7.660444e-01 0.000000e+00 6.427876e-01
    outer loop
      vertex   1.696210e+01 5.200000e+00 -7.486164e+01
      vertex   1.696210e+01 6.200000e+00 -7.486164e+01
      vertex   1.670092e+01 5.200000e+00 -7.517290e+01
    endloop
  endfacet
  facet normal -7.660444e-01 0.000000e+00 6.427876e-01
    outer loop
      vertex   1.670092e+01 5.200000e+00 -7.517290e+01
      vertex   1.696210e+01 6.200000e+00 -7.486164e+01
      vertex   1.670092e+01 6.200000e+00 -7.517290e+01
    endloop
  endfacet
  facet normal -5.971586e-01 0.000000e+00 8.021232e-01
    outer loop
      vertex   1.670092e+01 5.200000e+00 -7.517290e+01
      vertex   1.670092e+01 6.200000e+00 -7.517290e+01
      vertex   1.637500e+01 5.200000e+00 -7.541554e+01
    endloop
  endfacet
  facet normal -5.971586e-01 0.000000e+00 8.021232e-01
    outer loop
      vertex   1.637500e+01 5.200000e+00 -7.541554e+01
      vertex   1.670092e+01 6.200000e+00 -7.517290e+01
      vertex   1.637500e+01 6.200000e+00 -7.541554e+01
    endloop
  endfacet
  facet normal -3.960798e-01 0.000000e+00 9.182161e-01
    outer loop
      vertex   1.637500e+01 5.200000e+00 -7.541554e+01
      vertex   1.637500e+01 6.200000e+00 -7.541554e+01
      vertex   1.600191e+01 5.200000e+00 -7.557648e+01
    endloop
  endfacet
  facet normal -3.960798e-01 0.000000e+00 9.182161e-01
    outer loop
      vertex   1.600191e+01 5.200000e+00 -7.557648e+01
      vertex   1.637500e+01 6.200000e+00 -7.541554e+01
      vertex   1.600191e+01 6.200000e+00 -7.557648e+01
    endloop
  endfacet
  facet normal -1.736482e-01 0.000000e+00 9.848078e-01
    outer loop
      vertex   1.600191e+01 5.200000e+00 -7.557648e+01
      vertex   1.600191e+01 6.200000e+00 -7.557648e+01
      vertex   1.560175e+01 5.200000e+00 -7.564704e+01
    endloop
  endfacet
  facet normal -1.736482e-01 0.000000e+00 9.848078e-01
    outer loop
      vertex   1.560175e+01 5.200000e+00 -7.564704e+01
      vertex   1.600191e+01 6.200000e+00 -7.557648e+01
      vertex   1.560175e+01 6.200000e+00 -7.564704e+01
    endloop
  endfacet
  facet normal 5.814483e-02 -0.000000e+00 9.983082e-01
    outer loop
      vertex   1.560175e+01 5.200000e+00 -7.564704e+01
      vertex   1.560175e+01 6.200000e+00 -7.564704e+01
      vertex   1.519612e+01 5.200000e+00 -7.562341e+01
    endloop
  endfacet
  facet normal 5.814483e-02 -0.000000e+00 9.983082e-01
    outer loop
      vertex   1.519612e+01 5.200000e+00 -7.562341e+01
      vertex   1.560175e+01 6.200000e+00 -7.564704e+01
      vertex   1.519612e+01 6.200000e+00 -7.562341e+01
    endloop
  endfacet
  facet normal 2.868032e-01 -0.000000e+00 9.579895e-01
    outer loop
      vertex   1.519612e+01 5.200000e+00 -7.562341e+01
      vertex   1.519612e+01 6.200000e+00 -7.562341e+01
      vertex   1.480686e+01 5.200000e+00 -7.550688e+01
    endloop
  endfacet
  facet normal 2.868032e-01 -0.000000e+00 9.579895e-01
    outer loop
      vertex   1.480686e+01 5.200000e+00 -7.550688e+01
      vertex   1.519612e+01 6.200000e+00 -7.562341e+01
      vertex   1.480686e+01 6.200000e+00 -7.550688e+01
    endloop
  endfacet
  facet normal 5.000000e-01 -0.000000e+00 8.660254e-01
    outer loop
      vertex   1.480686e+01 5.200000e+00 -7.550688e+01
      vertex   1.480686e+01 6.200000e+00 -7.550688e+01
      vertex   1.445497e+01 5.200000e+00 -7.530371e+01
    endloop
  endfacet
  facet normal 5.000000e-01 -0.000000e+00 8.660254e-01
    outer loop
      vertex   1.445497e+01 5.200000e+00 -7.530371e+01
      vertex   1.480686e+01 6.200000e+00 -7.550688e+01
      vertex   1.445497e+01 6.200000e+00 -7.530371e+01
    endloop
  endfacet
  facet normal 6.862416e-01 -0.000000e+00 7.273736e-01
    outer loop
      vertex   1.445497e+01 5.200000e+00 -7.530371e+01
      vertex   1.445497e+01 6.200000e+00 -7.530371e+01
      vertex   1.415942e+01 5.200000e+00 -7.502488e+01
    endloop
  endfacet
  facet normal 6.862416e-01 -0.000000e+00 7.273736e-01
    outer loop
      vertex   1.415942e+01 5.200000e+00 -7.502488e+01
      vertex   1.445497e+01 6.200000e+00 -7.530371e+01
      vertex   1.415942e+01 6.200000e+00 -7.502488e+01
    endloop
  endfacet
  facet normal 8.354878e-01 -0.000000e+00 5.495090e-01
    outer loop
      vertex   1.415942e+01 5.200000e+00 -7.502488e+01
      vertex   1.415942e+01 6.200000e+00 -7.502488e+01
      vertex   1.393614e+01 5.200000e+00 -7.468540e+01
    endloop
  endfacet
  facet normal 8.354878e-01 -0.000000e+00 5.495090e-01
    outer loop
      vertex   1.393614e+01 5.200000e+00 -7.468540e+01
      vertex   1.415942e+01 6.200000e+00 -7.502488e+01
      vertex   1.393614e+01 6.200000e+00 -7.468540e+01
    endloop
  endfacet
  facet normal 9.396926e-01 -0.000000e+00 3.420201e-01
    outer loop
      vertex   1.393614e+01 5.200000e+00 -7.468540e+01
      vertex   1.393614e+01 6.200000e+00 -7.468540e+01
      vertex   1.379717e+01 5.200000e+00 -7.430358e+01
    endloop
  endfacet
  facet normal 9.396926e-01 -0.000000e+00 3.420201e-01
    outer loop
      vertex   1.379717e+01 5.200000e+00 -7.430358e+01
      vertex   1.393614e+01 6.200000e+00 -7.468540e+01
      vertex   1.379717e+01 6.200000e+00 -7.430358e+01
    endloop
  endfacet
  facet normal 0.000000e+00 1.000000e+00 0.000000e+00
    outer loop
      vertex   1.453407e+01 5.200000e+00 -7.415882e+01
      vertex   1.379717e+01 5.200000e+00 -7.430358e+01
      vertex   1.450000e+01 5.200000e+00 -7.390000e+01
    endloop
  endfacet
  facet normal 0.000000e+00 1.000000e+00 0.000000e+00
    outer loop
      vertex   1.450000e+01 5.200000e+00 -7.390000e+01
      vertex   1.379717e+01 5.200000e+00 -7.430358e+01
      vertex   1.375000e+01 5.200000e+00 -7.390000e+01
    endloop
  endfacet
  facet normal 0.000000e+00 1.000000e+00 0.000000e+00
    outer loop
      vertex   1.450000e+01 5.200000e+00 -7.390000e+01
      vertex   1.375000e+01 5.200000e+00 -7.390000e+01
      vertex   1.379717e+01 5.200000e+00 -7.349642e+01
    endloop
  endfacet
  facet normal -0.000000e+00 1.000000e+00 0.000000e+00
    outer loop
      vertex   1.379717e+01 5.200000e+00 -7.430358e+01
      vertex   1.453407e+01 5.200000e+00 -7.415882e+01
      vertex   1.393614e+01 5.200000e+00 -7.468540e+01
    endloop
  endfacet
  facet normal 0.000000e+00 1.000000e+00 0.000000e+00
    outer loop
      vertex   1.393614e+01 5.200000e+00 -7.468540e+01
      vertex   1.453407e+01 5.200000e+00 -7.415882e+01
      vertex   1.463397e+01 5.200000e+00 -7.440000e+01
    endloop
  endfacet
  facet normal -0.000000e+00 1.000000e+00 0.000000e+00
    outer loop
      vertex   1.393614e+01 5.200000e+00 -7.468540e+01
      vertex   1.463397e+01 5.200000e+00 -7.440000e+01
      vertex   1.415942e+01 5.200000e+00 -7.502488e+01
    endloop
  endfacet
  facet normal 0.000000e+00 1.000000e+00 0.000000e+00
    outer loop
      vertex   1.415942e+01 5.200000e+00 -7.502488e+01
      vertex   1.463397e+01 5.200000e+00 -7.440000e+01
      vertex   1.479289e+01 5.200000e+00 -7.460711e+01
    endloop
  endfacet
  facet normal -0.000000e+00 1.000000e+00 0.000000e+00
    outer loop
      vertex   1.415942e+01 5.200000e+00 -7.502488e+01
      vertex   1.479289e+01 5.200000e+00 -7.460711e+01
      vertex   1.445497e+01 5.200000e+00 -7.530371e+01
    endloop
  endfacet
  facet normal 0.000000e+00 1.000000e+00 0.000000e+00
    outer loop
      vertex   1.445497e+01 5.200000e+00 -7.530371e+01
      vertex   1.479289e+01 5.200000e+00 -7.460711e+01
      vertex   1.500000e+01 5.200000e+00 -7.476602e+01
    endloop
  endfacet
  facet normal -0.000000e+00 1.000000e+00 0.000000e+00
    outer loop
      vertex   1.445497e+01 5.200000e+00 -7.530371e+01
      vertex   1.500000e+01 5.200000e+00 -7.476602e+01
      vertex   1.480686e+01 5.200000e+00 -7.550688e+01
    endloop
  endfacet
  facet normal 0.000000e+00 1.000000e+00 0.000000e+00
    outer loop
      vertex   1.480686e+01 5.200000e+00 -7.550688e+01
      vertex   1.500000e+01 5.200000e+00 -7.476602e+01
      vertex   1.524118e+01 5.200000e+00 -7.486592e+01
    endloop
  endfacet
  facet normal -0.000000e+00 1.000000e+00 0.000000e+00
    outer loop
      vertex   1.480686e+01 5.200000e+00 -7.550688e+01
      vertex   1.524118e+01 5.200000e+00 -7.486592e+01
      vertex   1.519612e+01 5.200000e+00 -7.562341e+01
    endloop
  endfacet
  facet normal 0.000000e+00 1.000000e+00 0.000000e+00
    outer loop
      vertex   1.519612e+01 5.200000e+00 -7.562341e+01
      vertex   1.524118e+01 5.200000e+00 -7.486592e+01
      vertex   1.550000e+01 5.200000e+00 -7.490000e+01
    endloop
  endfacet
  facet normal -0.000000e+00 1.000000e+00 0.000000e+00
    outer loop
      vertex   1.519612e+01 5.200000e+00 -7.562341e+01
      vertex   1.550000e+01 5.200000e+00 -7.490000e+01
      vertex   1.560175e+01 5.200000e+00 -7.564704e+01
    endloop
  endfacet
  facet normal 0.000000e+00 1.000000e+00 -0.000000e+00
    outer loop
      vertex   1.560175e+01 5.200000e+00 -7.564704e+01
      vertex   1.550000e+01 5.200000e+00 -7.490000e+01
      vertex   1.575882e+01 5.200000e+00 -7.486592e+01
    endloop
  endfacet
  facet normal 0.000000e+00 1.000000e+00 0.000000e+00
    outer loop
      vertex   1.560175e+01 5.200000e+00 -7.564704e+01
      vertex   1.575882e+01 5.200000e+00 -7.486592e+01
      vertex   1.600191e+01 5.200000e+00 -7.557648e+01
    endloop
  endfacet
  facet normal 0.000000e+00 1.000000e+00 0.000000e+00
    outer loop
      vertex   1.600191e+01 5.200000e+00 -7.557648e+01
      vertex   1.575882e+01 5.200000e+00 -7.486592e+01
      vertex   1.600000e+01 5.200000e+00 -7.476602e+01
    endloop
  endfacet
  facet normal 0.000000e+00 1.000000e+00 -0.000000e+00
    outer loop
      vertex   1.600191e+01 5.200000e+00 -7.557648e+01
      vertex   1.600000e+01 5.200000e+00 -7.476602e+01
      vertex   1.637500e+01 5.200000e+00 -7.541554e+01
    endloop
  endfacet
  facet normal 0.000000e+00 1.000000e+00 -0.000000e+00
    outer loop
      vertex   1.637500e+01 5.200000e+00 -7.541554e+01
      vertex   1.600000e+01 5.200000e+00 -7.476602e+01
      vertex   1.670092e+01 5.200000e+00 -7.517290e+01
    endloop
  endfacet
  facet normal 0.000000e+00 1.000000e+00 0.000000e+00
    outer loop
      vertex   1.670092e+01 5.200000e+00 -7.517290e+01
      vertex   1.600000e+01 5.200000e+00 -7.476602e+01
      vertex   1.620711e+01 5.200000e+00 -7.460711e+01
    endloop
  endfacet
  facet normal 0.000000e+00 1.000000e+00 -0.000000e+00
    outer loop
      vertex   1.670092e+01 5.200000e+00 -7.517290e+01
      vertex   1.620711e+01 5.200000e+00 -7.460711e+01
      vertex   1.696210e+01 5.200000e+00 -7.486164e+01
    endloop
  endfacet
  facet normal 0.000000e+00 1.000000e+00 0.000000e+00
    outer loop
      vertex   1.696210e+01 5.200000e+00 -7.486164e+01
      vertex   1.620711e+01 5.200000e+00 -7.460711e+01
      vertex   1.636603e+01 5.200000e+00 -7.440000e+01
    endloop
  endfacet
  facet normal 0.000000e+00 1.000000e+00 -0.000000e+00
    outer loop
      vertex   1.696210e+01 5.200000e+00 -7.486164e+01
      vertex   1.636603e+01 5.200000e+00 -7.440000e+01
      vertex   1.714446e+01 5.200000e+00 -7.449853e+01
    endloop
  endfacet
  facet normal 0.000000e+00 1.000000e+00 0.000000e+00
    outer loop
      vertex   1.714446e+01 5.200000e+00 -7.449853e+01
      vertex   1.636603e+01 5.200000e+00 -7.440000e+01
      vertex   1.646593e+01 5.200000e+00 -7.415882e+01
    endloop
  endfacet
  facet normal 0.000000e+00 1.000000e+00 -0.000000e+00
    outer loop
      vertex   1.714446e+01 5.200000e+00 -7.449853e+01
      vertex   1.646593e+01 5.200000e+00 -7.415882e+01
      vertex   1.723817e+01 5.200000e+00 -7.410316e+01
    endloop
  endfacet
  facet normal 0.000000e+00 1.000000e+00 0.000000e+00
    outer loop
      vertex   1.723817e+01 5.200000e+00 -7.410316e+01
      vertex   1.646593e+01 5.200000e+00 -7.415882e+01
      vertex   1.650000e+01 5.200000e+00 -7.390000e+01
    endloop
  endfacet
  facet normal 0.000000e+00 1.000000e+00 -0.000000e+00
    outer loop
      vertex   1.723817e+01 5.200000e+00 -7.410316e+01
      vertex   1.650000e+01 5.200000e+00 -7.390000e+01
      vertex   1.723817e+01 5.200000e+00 -7.369684e+01
    endloop
  endfacet
  facet normal 0.000000e+00 1.000000e+00 0.000000e+00
    outer loop
      vertex   1.723817e+01 5.200000e+00 -7.369684e+01
      vertex   1.650000e+01 5.200000e+00 -7.390000e+01
      vertex   1.646593e+01 5.200000e+00 -7.364118e+01
    endloop
  endfacet
  facet normal 0.000000e+00 1.000000e+00 0.000000e+00
    outer loop
      vertex   1.723817e+01 5.200000e+00 -7.369684e+01
      vertex   1.646593e+01 5.200000e+00 -7.364118e+01
      vertex   1.714446e+01 5.200000e+00 -7.330146e+01
    endloop
  endfacet
  facet normal 0.000000e+00 1.000000e+00 0.000000e+00
    outer loop
      vertex   1.714446e+01 5.200000e+00 -7.330146e+01
      vertex   1.646593e+01 5.200000e+00 -7.364118e+01
      vertex   1.636603e+01 5.200000e+00 -7.340000e+01
    endloop
  endfacet
  facet normal 0.000000e+00 1.000000e+00 0.000000e+00
    outer loop
      vertex   1.714446e+01 5.200000e+00 -7.330146e+01
      vertex   1.636603e+01 5.200000e+00 -7.340000e+01
      vertex   1.696210e+01 5.200000e+00 -7.293836e+01
    endloop
  endfacet
  facet normal 0.000000e+00 1.000000e+00 0.000000e+00
    outer loop
      vertex   1.696210e+01 5.200000e+00 -7.293836e+01
      vertex   1.636603e+01 5.200000e+00 -7.340000e+01
      vertex   1.620711e+01 5.200000e+00 -7.319289e+01
    endloop
  endfacet
  facet normal 0.000000e+00 1.000000e+00 0.000000e+00
    outer loop
      vertex   1.696210e+01 5.200000e+00 -7.293836e+01
      vertex   1.620711e+01 5.200000e+00 -7.319289e+01
      vertex   1.670092e+01 5.200000e+00 -7.262709e+01
    endloop
  endfacet
  facet normal 0.000000e+00 1.000000e+00 0.000000e+00
    outer loop
      vertex   1.670092e+01 5.200000e+00 -7.262709e+01
      vertex   1.620711e+01 5.200000e+00 -7.319289e+01
      vertex   1.600000e+01 5.200000e+00 -7.303397e+01
    endloop
  endfacet
  facet normal 0.000000e+00 1.000000e+00 0.000000e+00
    outer loop
      vertex   1.670092e+01 5.200000e+00 -7.262709e+01
      vertex   1.600000e+01 5.200000e+00 -7.303397e+01
      vertex   1.637500e+01 5.200000e+00 -7.238445e+01
    endloop
  endfacet
  facet normal 0.000000e+00 1.000000e+00 0.000000e+00
    outer loop
      vertex   1.637500e+01 5.200000e+00 -7.238445e+01
      vertex   1.600000e+01 5.200000e+00 -7.303397e+01
      vertex   1.600191e+01 5.200000e+00 -7.222352e+01
    endloop
  endfacet
  facet normal 0.000000e+00 1.000000e+00 0.000000e+00
    outer loop
      vertex   1.600191e+01 5.200000e+00 -7.222352e+01
      vertex   1.600000e+01 5.200000e+00 -7.303397e+01
      vertex   1.575882e+01 5.200000e+00 -7.293407e+01
    endloop
  endfacet
  facet normal 0.000000e+00 1.000000e+00 0.000000e+00
    outer loop
      vertex   1.600191e+01 5.200000e+00 -7.222352e+01
      vertex   1.575882e+01 5.200000e+00 -7.293407e+01
      vertex   1.560175e+01 5.200000e+00 -7.215296e+01
    endloop
  endfacet
  facet normal 0.000000e+00 1.000000e+00 0.000000e+00
    outer loop
      vertex   1.560175e+01 5.200000e+00 -7.215296e+01
      vertex   1.575882e+01 5.200000e+00 -7.293407e+01
      vertex   1.550000e+01 5.200000e+00 -7.290000e+01
    endloop
  endfacet
  facet normal 0.000000e+00 1.000000e+00 0.000000e+00
    outer loop
      vertex   1.560175e+01 5.200000e+00 -7.215296e+01
      vertex   1.550000e+01 5.200000e+00 -7.290000e+01
      vertex   1.519612e+01 5.200000e+00 -7.217658e+01
    endloop
  endfacet
  facet normal 0.000000e+00 1.000000e+00 0.000000e+00
    outer loop
      vertex   1.519612e+01 5.200000e+00 -7.217658e+01
      vertex   1.550000e+01 5.200000e+00 -7.290000e+01
      vertex   1.524118e+01 5.200000e+00 -7.293407e+01
    endloop
  endfacet
  facet normal 0.000000e+00 1.000000e+00 0.000000e+00
    outer loop
      vertex   1.519612e+01 5.200000e+00 -7.217658e+01
      vertex   1.524118e+01 5.200000e+00 -7.293407e+01
      vertex   1.480686e+01 5.200000e+00 -7.229312e+01
    endloop
  endfacet
  facet normal 0.000000e+00 1.000000e+00 0.000000e+00
    outer loop
      vertex   1.480686e+01 5.200000e+00 -7.229312e+01
      vertex   1.524118e+01 5.200000e+00 -7.293407e+01
      vertex   1.500000e+01 5.200000e+00 -7.303397e+01
    endloop
  endfacet
  facet normal 0.000000e+00 1.000000e+00 0.000000e+00
    outer loop
      vertex   1.480686e+01 5.200000e+00 -7.229312e+01
      vertex   1.500000e+01 5.200000e+00 -7.303397e+01
      vertex   1.445497e+01 5.200000e+00 -7.249628e+01
    endloop
  endfacet
  facet normal 0.000000e+00 1.000000e+00 0.000000e+00
    outer loop
      vertex   1.445497e+01 5.200000e+00 -7.249628e+01
      vertex   1.500000e+01 5.200000e+00 -7.303397e+01
      vertex   1.479289e+01 5.200000e+00 -7.319289e+01
    endloop
  endfacet
  facet normal 0.000000e+00 1.000000e+00 0.000000e+00
    outer loop
      vertex   1.445497e+01 5.200000e+00 -7.249628e+01
      vertex   1.479289e+01 5.200000e+00 -7.319289e+01
      vertex   1.415942e+01 5.200000e+00 -7.277512e+01
    endloop
  endfacet
  facet normal 0.000000e+00 1.000000e+00 0.000000e+00
    outer loop
      vertex   1.415942e+01 5.200000e+00 -7.277512e+01
      vertex   1.479289e+01 5.200000e+00 -7.319289e+01
      vertex   1.463397e+01 5.200000e+00 -7.340000e+01
    endloop
  endfacet
  facet normal 0.000000e+00 1.000000e+00 0.000000e+00
    outer loop
      vertex   1.415942e+01 5.200000e+00 -7.277512e+01
      vertex   1.463397e+01 5.200000e+00 -7.340000e+01
      vertex   1.393614e+01 5.200000e+00 -7.311460e+01
    endloop
  endfacet
  facet normal 0.000000e+00 1.000000e+00 0.000000e+00
    outer loop
      vertex   1.393614e+01 5.200000e+00 -7.311460e+01
      vertex   1.463397e+01 5.200000e+00 -7.340000e+01
      vertex   1.453407e+01 5.200000e+00 -7.364118e+01
    endloop
  endfacet
  facet normal 0.000000e+00 1.000000e+00 0.000000e+00
    outer loop
      vertex   1.393614e+01 5.200000e+00 -7.311460e+01
      vertex   1.453407e+01 5.200000e+00 -7.364118e+01
      vertex   1.379717e+01 5.200000e+00 -7.349642e+01
    endloop
  endfacet
  facet normal 0.000000e+00 1.000000e+00 0.000000e+00
    outer loop
      vertex   1.379717e+01 5.200000e+00 -7.349642e+01
      vertex   1.453407e+01 5.200000e+00 -7.364118e+01
      vertex   1.450000e+01 5.200000e+00 -7.390000e+01
    endloop
  endfacet
  facet normal 9.932384e-01 -0.000000e+00 1.160929e-01
    outer loop
      vertex   1.379717e+01 5.200000e+00 -3.750358e+01
      vertex   1.379717e+01 6.200000e+00 -3.750358e+01
      vertex   1.375000e+01 5.200000e+00 -3.710000e+01
    endloop
  endfacet
  facet normal 9.932384e-01 -0.000000e+00 1.160929e-01
    outer loop
      vertex   1.375000e+01 5.200000e+00 -3.710000e+01
      vertex   1.379717e+01 6.200000e+00 -3.750358e+01
      vertex   1.375000e+01 6.200000e+00 -3.710000e+01
    endloop
  endfacet
  facet normal 9.932384e-01 0.000000e+00 -1.160929e-01
    outer loop
      vertex   1.375000e+01 5.200000e+00 -3.710000e+01
      vertex   1.375000e+01 6.200000e+00 -3.710000e+01
      vertex   1.379717e+01 5.200000e+00 -3.669642e+01
    endloop
  endfacet
  facet normal 9.932384e-01 0.000000e+00 -1.160929e-01
    outer loop
      vertex   1.379717e+01 5.200000e+00 -3.669642e+01
      vertex   1.375000e+01 6.200000e+00 -3.710000e+01
      vertex   1.379717e+01 6.200000e+00 -3.669642e+01
    endloop
  endfacet
  facet normal 9.396926e-01 0.000000e+00 -3.420201e-01
    outer loop
      vertex   1.379717e+01 5.200000e+00 -3.669642e+01
      vertex   1.379717e+01 6.200000e+00 -3.669642e+01
      vertex   1.393614e+01 5.200000e+00 -3.631460e+01
    endloop
  endfacet
  facet normal 9.396926e-01 0.000000e+00 -3.420201e-01
    outer loop
      vertex   1.393614e+01 5.200000e+00 -3.631460e+01
      vertex   1.379717e+01 6.200000e+00 -3.669642e+01
      vertex   1.393614e+01 6.200000e+00 -3.631460e+01
    endloop
  endfacet
  facet normal 8.354878e-01 0.000000e+00 -5.495090e-01
    outer loop
      vertex   1.393614e+01 5.200000e+00 -3.631460e+01
      vertex   1.393614e+01 6.200000e+00 -3.631460e+01
      vertex   1.415942e+01 5.200000e+00 -3.597512e+01
    endloop
  endfacet
  facet normal 8.354878e-01 0.000000e+00 -5.495090e-01
    outer loop
      vertex   1.415942e+01 5.200000e+00 -3.597512e+01
      vertex   1.393614e+01 6.200000e+00 -3.631460e+01
      vertex   1.415942e+01 6.200000e+00 -3.597512e+01
    endloop
  endfacet
  facet normal 6.862416e-01 0.000000e+00 -7.273736e-01
    outer loop
      vertex   1.415942e+01 5.200000e+00 -3.597512e+01
      vertex   1.415942e+01 6.200000e+00 -3.597512e+01
      vertex   1.445497e+01 5.200000e+00 -3.569628e+01
    endloop
  endfacet
  facet normal 6.862416e-01 0.000000e+00 -7.273736e-01
    outer loop
      vertex   1.445497e+01 5.200000e+00 -3.569628e+01
      vertex   1.415942e+01 6.200000e+00 -3.597512e+01
      vertex   1.445497e+01 6.200000e+00 -3.569628e+01
    endloop
  endfacet
  facet normal 5.000000e-01 0.000000e+00 -8.660254e-01
    outer loop
      vertex   1.445497e+01 5.200000e+00 -3.569628e+01
      vertex   1.445497e+01 6.200000e+00 -3.569628e+01
      vertex   1.480686e+01 5.200000e+00 -3.549312e+01
    endloop
  endfacet
  facet normal 5.000000e-01 0.000000e+00 -8.660254e-01
    outer loop
      vertex   1.480686e+01 5.200000e+00 -3.549312e+01
      vertex   1.445497e+01 6.200000e+00 -3.569628e+01
      vertex   1.480686e+01 6.200000e+00 -3.549312e+01
    endloop
  endfacet
  facet normal 2.868032e-01 0.000000e+00 -9.579895e-01
    outer loop
      vertex   1.480686e+01 5.200000e+00 -3.549312e+01
      vertex   1.480686e+01 6.200000e+00 -3.549312e+01
      vertex   1.519612e+01 5.200000e+00 -3.537659e+01
    endloop
  endfacet
  facet normal 2.868032e-01 0.000000e+00 -9.579895e-01
    outer loop
      vertex   1.519612e+01 5.200000e+00 -3.537659e+01
      vertex   1.480686e+01 6.200000e+00 -3.549312e+01
      vertex   1.519612e+01 6.200000e+00 -3.537659e+01
    endloop
  endfacet
  facet normal 5.814483e-02 0.000000e+00 -9.983082e-01
    outer loop
      vertex   1.519612e+01 5.200000e+00 -3.537659e+01
      vertex   1.519612e+01 6.200000e+00 -3.537659e+01
      vertex   1.560175e+01 5.200000e+00 -3.535296e+01
    endloop
  endfacet
  facet normal 5.814483e-02 0.000000e+00 -9.983082e-01
    outer loop
      vertex   1.560175e+01 5.200000e+00 -3.535296e+01
      vertex   1.519612e+01 6.200000e+00 -3.537659e+01
      vertex   1.560175e+01 6.200000e+00 -3.535296e+01
    endloop
  endfacet
  facet normal -1.736482e-01 0.000000e+00 -9.848078e-01
    outer loop
      vertex   1.560175e+01 5.200000e+00 -3.535296e+01
      vertex   1.560175e+01 6.200000e+00 -3.535296e+01
      vertex   1.600191e+01 5.200000e+00 -3.542352e+01
    endloop
  endfacet
  facet normal -1.736482e-01 0.000000e+00 -9.848078e-01
    outer loop
      vertex   1.600191e+01 5.200000e+00 -3.542352e+01
      vertex   1.560175e+01 6.200000e+00 -3.535296e+01
      vertex   1.600191e+01 6.200000e+00 -3.542352e+01
    endloop
  endfacet
  facet normal -3.960798e-01 0.000000e+00 -9.182161e-01
    outer loop
      vertex   1.600191e+01 5.200000e+00 -3.542352e+01
      vertex   1.600191e+01 6.200000e+00 -3.542352e+01
      vertex   1.637500e+01 5.200000e+00 -3.558445e+01
    endloop
  endfacet
  facet normal -3.960798e-01 0.000000e+00 -9.182161e-01
    outer loop
      vertex   1.637500e+01 5.200000e+00 -3.558445e+01
      vertex   1.600191e+01 6.200000e+00 -3.542352e+01
      vertex   1.637500e+01 6.200000e+00 -3.558445e+01
    endloop
  endfacet
  facet normal -5.971586e-01 0.000000e+00 -8.021232e-01
    outer loop
      vertex   1.637500e+01 5.200000e+00 -3.558445e+01
      vertex   1.637500e+01 6.200000e+00 -3.558445e+01
      vertex   1.670092e+01 5.200000e+00 -3.582710e+01
    endloop
  endfacet
  facet normal -5.971586e-01 0.000000e+00 -8.021232e-01
    outer loop
      vertex   1.670092e+01 5.200000e+00 -3.582710e+01
      vertex   1.637500e+01 6.200000e+00 -3.558445e+01
      vertex   1.670092e+01 6.200000e+00 -3.582710e+01
    endloop
  endfacet
  facet normal -7.660444e-01 0.000000e+00 -6.427876e-01
    outer loop
      vertex   1.670092e+01 5.200000e+00 -3.582710e+01
      vertex   1.670092e+01 6.200000e+00 -3.582710e+01
      vertex   1.696210e+01 5.200000e+00 -3.613836e+01
    endloop
  endfacet
  facet normal -7.660444e-01 0.000000e+00 -6.427876e-01
    outer loop
      vertex   1.696210e+01 5.200000e+00 -3.613836e+01
      vertex   1.670092e+01 6.200000e+00 -3.582710e+01
      vertex   1.696210e+01 6.200000e+00 -3.613836e+01
    endloop
  endfacet
  facet normal -8.936326e-01 0.000000e+00 -4.487992e-01
    outer loop
      vertex   1.696210e+01 5.200000e+00 -3.613836e+01
      vertex   1.696210e+01 6.200000e+00 -3.613836e+01
      vertex   1.714446e+01 5.200000e+00 -3.650146e+01
    endloop
  endfacet
  facet normal -8.936326e-01 0.000000e+00 -4.487992e-01
    outer loop
      vertex   1.714446e+01 5.200000e+00 -3.650146e+01
      vertex   1.696210e+01 6.200000e+00 -3.613836e+01
      vertex   1.714446e+01 6.200000e+00 -3.650146e+01
    endloop
  endfacet
  facet normal -9.730449e-01 0.000000e+00 -2.306159e-01
    outer loop
      vertex   1.714446e+01 5.200000e+00 -3.650146e+01
      vertex   1.714446e+01 6.200000e+00 -3.650146e+01
      vertex   1.723817e+01 5.200000e+00 -3.689684e+01
    endloop
  endfacet
  facet normal -9.730449e-01 0.000000e+00 -2.306159e-01
    outer loop
      vertex   1.723817e+01 5.200000e+00 -3.689684e+01
      vertex   1.714446e+01 6.200000e+00 -3.650146e+01
      vertex   1.723817e+01 6.200000e+00 -3.689684e+01
    endloop
  endfacet
  facet normal -1.000000e+00 0.000000e+00 0.000000e+00
    outer loop
      vertex   1.723817e+01 5.200000e+00 -3.689684e+01
      vertex   1.723817e+01 6.200000e+00 -3.689684e+01
      vertex   1.723817e+01 5.200000e+00 -3.730316e+01
    endloop
  endfacet
  facet normal -1.000000e+00 0.000000e+00 0.000000e+00
    outer loop
      vertex   1.723817e+01 5.200000e+00 -3.730316e+01
      vertex   1.723817e+01 6.200000e+00 -3.689684e+01
      vertex   1.723817e+01 6.200000e+00 -3.730316e+01
    endloop
  endfacet
  facet normal -9.730449e-01 0.000000e+00 2.306159e-01
    outer loop
      vertex   1.723817e+01 5.200000e+00 -3.730316e+01
      vertex   1.723817e+01 6.200000e+00 -3.730316e+01
      vertex   1.714446e+01 5.200000e+00 -3.769853e+01
    endloop
  endfacet
  facet normal -9.730449e-01 0.000000e+00 2.306159e-01
    outer loop
      vertex   1.714446e+01 5.200000e+00 -3.769853e+01
      vertex   1.723817e+01 6.200000e+00 -3.730316e+01
      vertex   1.714446e+01 6.200000e+00 -3.769853e+01
    endloop
  endfacet
  facet normal -8.936326e-01 0.000000e+00 4.487992e-01
    outer loop
      vertex   1.714446e+01 5.200000e+00 -3.769853e+01
      vertex   1.714446e+01 6.200000e+00 -3.769853e+01
      vertex   1.696210e+01 5.200000e+00 -3.806164e+01
    endloop
  endfacet
  facet normal -8.936326e-01 0.000000e+00 4.487992e-01
    outer loop
      vertex   1.696210e+01 5.200000e+00 -3.806164e+01
      vertex   1.714446e+01 6.200000e+00 -3.769853e+01
      vertex   1.696210e+01 6.200000e+00 -3.806164e+01
    endloop
  endfacet
  facet normal -7.660444e-01 0.000000e+00 6.427876e-01
    outer loop
      vertex   1.696210e+01 5.200000e+00 -3.806164e+01
      vertex   1.696210e+01 6.200000e+00 -3.806164e+01
      vertex   1.670092e+01 5.200000e+00 -3.837290e+01
    endloop
  endfacet
  facet normal -7.660444e-01 0.000000e+00 6.427876e-01
    outer loop
      vertex   1.670092e+01 5.200000e+00 -3.837290e+01
      vertex   1.696210e+01 6.200000e+00 -3.806164e+01
      vertex   1.670092e+01 6.200000e+00 -3.837290e+01
    endloop
  endfacet
  facet normal -5.971586e-01 0.000000e+00 8.021232e-01
    outer loop
      vertex   1.670092e+01 5.200000e+00 -3.837290e+01
      vertex   1.670092e+01 6.200000e+00 -3.837290e+01
      vertex   1.637500e+01 5.200000e+00 -3.861554e+01
    endloop
  endfacet
  facet normal -5.971586e-01 0.000000e+00 8.021232e-01
    outer loop
      vertex   1.637500e+01 5.200000e+00 -3.861554e+01
      vertex   1.670092e+01 6.200000e+00 -3.837290e+01
      vertex   1.637500e+01 6.200000e+00 -3.861554e+01
    endloop
  endfacet
  facet normal -3.960798e-01 0.000000e+00 9.182161e-01
    outer loop
      vertex   1.637500e+01 5.200000e+00 -3.861554e+01
      vertex   1.637500e+01 6.200000e+00 -3.861554e+01
      vertex   1.600191e+01 5.200000e+00 -3.877648e+01
    endloop
  endfacet
  facet normal -3.960798e-01 0.000000e+00 9.182161e-01
    outer loop
      vertex   1.600191e+01 5.200000e+00 -3.877648e+01
      vertex   1.637500e+01 6.200000e+00 -3.861554e+01
      vertex   1.600191e+01 6.200000e+00 -3.877648e+01
    endloop
  endfacet
  facet normal -1.736482e-01 0.000000e+00 9.848078e-01
    outer loop
      vertex   1.600191e+01 5.200000e+00 -3.877648e+01
      vertex   1.600191e+01 6.200000e+00 -3.877648e+01
      vertex   1.560175e+01 5.200000e+00 -3.884704e+01
    endloop
  endfacet
  facet normal -1.736482e-01 0.000000e+00 9.848078e-01
    outer loop
      vertex   1.560175e+01 5.200000e+00 -3.884704e+01
      vertex   1.600191e+01 6.200000e+00 -3.877648e+01
      vertex   1.560175e+01 6.200000e+00 -3.884704e+01
    endloop
  endfacet
  facet normal 5.814483e-02 -0.000000e+00 9.983082e-01
    outer loop
      vertex   1.560175e+01 5.200000e+00 -3.884704e+01
      vertex   1.560175e+01 6.200000e+00 -3.884704e+01
      vertex   1.519612e+01 5.200000e+00 -3.882341e+01
    endloop
  endfacet
  facet normal 5.814483e-02 -0.000000e+00 9.983082e-01
    outer loop
      vertex   1.519612e+01 5.200000e+00 -3.882341e+01
      vertex   1.560175e+01 6.200000e+00 -3.884704e+01
      vertex   1.519612e+01 6.200000e+00 -3.882341e+01
    endloop
  endfacet
  facet normal 2.868032e-01 -0.000000e+00 9.579895e-01
    outer loop
      vertex   1.519612e+01 5.200000e+00 -3.882341e+01
      vertex   1.519612e+01 6.200000e+00 -3.882341e+01
      vertex   1.480686e+01 5.200000e+00 -3.870688e+01
    endloop
  endfacet
  facet normal 2.868032e-01 -0.000000e+00 9.579895e-01
    outer loop
      vertex   1.480686e+01 5.200000e+00 -3.870688e+01
      vertex   1.519612e+01 6.200000e+00 -3.882341e+01
      vertex   1.480686e+01 6.200000e+00 -3.870688e+01
    endloop
  endfacet
  facet normal 5.000000e-01 -0.000000e+00 8.660254e-01
    outer loop
      vertex   1.480686e+01 5.200000e+00 -3.870688e+01
      vertex   1.480686e+01 6.200000e+00 -3.870688e+01
      vertex   1.445497e+01 5.200000e+00 -3.850371e+01
    endloop
  endfacet
  facet normal 5.000000e-01 -0.000000e+00 8.660254e-01
    outer loop
      vertex   1.445497e+01 5.200000e+00 -3.850371e+01
      vertex   1.480686e+01 6.200000e+00 -3.870688e+01
      vertex   1.445497e+01 6.200000e+00 -3.850371e+01
    endloop
  endfacet
  facet normal 6.862416e-01 -0.000000e+00 7.273736e-01
    outer loop
      vertex   1.445497e+01 5.200000e+00 -3.850371e+01
      vertex   1.445497e+01 6.200000e+00 -3.850371e+01
      vertex   1.415942e+01 5.200000e+00 -3.822488e+01
    endloop
  endfacet
  facet normal 6.862416e-01 -0.000000e+00 7.273736e-01
    outer loop
      vertex   1.415942e+01 5.200000e+00 -3.822488e+01
      vertex   1.445497e+01 6.200000e+00 -3.850371e+01
      vertex   1.415942e+01 6.200000e+00 -3.822488e+01
    endloop
  endfacet
  facet normal 8.354878e-01 -0.000000e+00 5.495090e-01
    outer loop
      vertex   1.415942e+01 5.200000e+00 -3.822488e+01
      vertex   1.415942e+01 6.200000e+00 -3.822488e+01
      vertex   1.393614e+01 5.200000e+00 -3.788540e+01
    endloop
  endfacet
  facet normal 8.354878e-01 -0.000000e+00 5.495090e-01
    outer loop
      vertex   1.393614e+01 5.200000e+00 -3.788540e+01
      vertex   1.415942e+01 6.200000e+00 -3.822488e+01
      vertex   1.393614e+01 6.200000e+00 -3.788540e+01
    endloop
  endfacet
  facet normal 9.396926e-01 -0.000000e+00 3.420201e-01
    outer loop
      vertex   1.393614e+01 5.200000e+00 -3.788540e+01
      vertex   1.393614e+01 6.200000e+00 -3.788540e+01
      vertex   1.379717e+01 5.200000e+00 -3.750358e+01
    endloop
  endfacet
  facet normal 9.396926e-01 -0.000000e+00 3.420201e-01
    outer loop
      vertex   1.379717e+01 5.200000e+00 -3.750358e+01
      vertex   1.393614e+01 6.200000e+00 -3.788540e+01
      vertex   1.379717e+01 6.200000e+00 -3.750358e+01
    endloop
  endfacet
  facet normal 0.000000e+00 1.000000e+00 0.000000e+00
    outer loop
      vertex   1.453407e+01 5.200000e+00 -3.735882e+01
      vertex   1.379717e+01 5.200000e+00 -3.750358e+01
      vertex   1.450000e+01 5.200000e+00 -3.710000e+01
    endloop
  endfacet
  facet normal 0.000000e+00 1.000000e+00 0.000000e+00
    outer loop
      vertex   1.450000e+01 5.200000e+00 -3.710000e+01
      vertex   1.379717e+01 5.200000e+00 -3.750358e+01
      vertex   1.375000e+01 5.200000e+00 -3.710000e+01
    endloop
  endfacet
  facet normal 0.000000e+00 1.000000e+00 0.000000e+00
    outer loop
      vertex   1.450000e+01 5.200000e+00 -3.710000e+01
      vertex   1.375000e+01 5.200000e+00 -3.710000e+01
      vertex   1.379717e+01 5.200000e+00 -3.669642e+01
    endloop
  endfacet
  facet normal -0.000000e+00 1.000000e+00 0.000000e+00
    outer loop
      vertex   1.379717e+01 5.200000e+00 -3.750358e+01
      vertex   1.453407e+01 5.200000e+00 -3.735882e+01
      vertex   1.393614e+01 5.200000e+00 -3.788540e+01
    endloop
  endfacet
  facet normal 0.000000e+00 1.000000e+00 0.000000e+00
    outer loop
      vertex   1.393614e+01 5.200000e+00 -3.788540e+01
      vertex   1.453407e+01 5.200000e+00 -3.735882e+01
      vertex   1.463397e+01 5.200000e+00 -3.760000e+01
    endloop
  endfacet
  facet normal -0.000000e+00 1.000000e+00 0.000000e+00
    outer loop
      vertex   1.393614e+01 5.200000e+00 -3.788540e+01
      vertex   1.463397e+01 5.200000e+00 -3.760000e+01
      vertex   1.415942e+01 5.200000e+00 -3.822488e+01
    endloop
  endfacet
  facet normal 0.000000e+00 1.000000e+00 0.000000e+00
    outer loop
      vertex   1.415942e+01 5.200000e+00 -3.822488e+01
      vertex   1.463397e+01 5.200000e+00 -3.760000e+01
      vertex   1.479289e+01 5.200000e+00 -3.780711e+01
    endloop
  endfacet
  facet normal -0.000000e+00 1.000000e+00 0.000000e+00
    outer loop
      vertex   1.415942e+01 5.200000e+00 -3.822488e+01
      vertex   1.479289e+01 5.200000e+00 -3.780711e+01
      vertex   1.445497e+01 5.200000e+00 -3.850371e+01
    endloop
  endfacet
  facet normal 0.000000e+00 1.000000e+00 0.000000e+00
    outer loop
      vertex   1.445497e+01 5.200000e+00 -3.850371e+01
      vertex   1.479289e+01 5.200000e+00 -3.780711e+01
      vertex   1.500000e+01 5.200000e+00 -3.796602e+01
    endloop
  endfacet
  facet normal -0.000000e+00 1.000000e+00 0.000000e+00
    outer loop
      vertex   1.445497e+01 5.200000e+00 -3.850371e+01
      vertex   1.500000e+01 5.200000e+00 -3.796602e+01
      vertex   1.480686e+01 5.200000e+00 -3.870688e+01
    endloop
  endfacet
  facet normal 0.000000e+00 1.000000e+00 0.000000e+00
    outer loop
      vertex   1.480686e+01 5.200000e+00 -3.870688e+01
      vertex   1.500000e+01 5.200000e+00 -3.796602e+01
      vertex   1.524118e+01 5.200000e+00 -3.806592e+01
    endloop
  endfacet
  facet normal -0.000000e+00 1.000000e+00 0.000000e+00
    outer loop
      vertex   1.480686e+01 5.200000e+00 -3.870688e+01
      vertex   1.524118e+01 5.200000e+00 -3.806592e+01
      vertex   1.519612e+01 5.200000e+00 -3.882341e+01
    endloop
  endfacet
  facet normal 0.000000e+00 1.000000e+00 0.000000e+00
    outer loop
      vertex   1.519612e+01 5.200000e+00 -3.882341e+01
      vertex   1.524118e+01 5.200000e+00 -3.806592e+01
      vertex   1.550000e+01 5.200000e+00 -3.810000e+01
    endloop
  endfacet
  facet normal -0.000000e+00 1.000000e+00 0.000000e+00
    outer loop
      vertex   1.519612e+01 5.200000e+00 -3.882341e+01
      vertex   1.550000e+01 5.200000e+00 -3.810000e+01
      vertex   1.560175e+01 5.200000e+00 -3.884704e+01
    endloop
  endfacet
  facet normal 0.000000e+00 1.000000e+00 -0.000000e+00
    outer loop
      vertex   1.560175e+01 5.200000e+00 -3.884704e+01
      vertex   1.550000e+01 5.200000e+00 -3.810000e+01
      vertex   1.575882e+01 5.200000e+00 -3.806592e+01
    endloop
  endfacet
  facet normal 0.000000e+00 1.000000e+00 0.000000e+00
    outer loop
      vertex   1.560175e+01 5.200000e+00 -3.884704e+01
      vertex   1.575882e+01 5.200000e+00 -3.806592e+01
      vertex   1.600191e+01 5.200000e+00 -3.877648e+01
    endloop
  endfacet
  facet normal 0.000000e+00 1.000000e+00 0.000000e+00
    outer loop
      vertex   1.600191e+01 5.200000e+00 -3.877648e+01
      vertex   1.575882e+01 5.200000e+00 -3.806592e+01
      vertex   1.600000e+01 5.200000e+00 -3.796602e+01
    endloop
  endfacet
  facet normal 0.000000e+00 1.000000e+00 -0.000000e+00
    outer loop
      vertex   1.600191e+01 5.200000e+00 -3.877648e+01
      vertex   1.600000e+01 5.200000e+00 -3.796602e+01
      vertex   1.637500e+01 5.200000e+00 -3.861554e+01
    endloop
  endfacet
  facet normal 0.000000e+00 1.000000e+00 -0.000000e+00
    outer loop
      vertex   1.637500e+01 5.200000e+00 -3.861554e+01
      vertex   1.600000e+01 5.200000e+00 -3.796602e+01
      vertex   1.670092e+01 5.200000e+00 -3.837290e+01
    endloop
  endfacet
  facet normal 0.000000e+00 1.000000e+00 0.000000e+00
    outer loop
      vertex   1.670092e+01 5.200000e+00 -3.837290e+01
      vertex   1.600000e+01 5.200000e+00 -3.796602e+01
      vertex   1.620711e+01 5.200000e+00 -3.780711e+01
    endloop
  endfacet
  facet normal 0.000000e+00 1.000000e+00 -0.000000e+00
    outer loop
      vertex   1.670092e+01 5.200000e+00 -3.837290e+01
      vertex   1.620711e+01 5.200000e+00 -3.780711e+01
      vertex   1.696210e+01 5.200000e+00 -3.806164e+01
    endloop
  endfacet
  facet normal 0.000000e+00 1.000000e+00 0.000000e+00
    outer loop
      vertex   1.696210e+01 5.200000e+00 -3.806164e+01
      vertex   1.620711e+01 5.200000e+00 -3.780711e+01
      vertex   1.636602e+01 5.200000e+00 -3.760000e+01
    endloop
  endfacet
  facet normal 0.000000e+00 1.000000e+00 -0.000000e+00
    outer loop
      vertex   1.696210e+01 5.200000e+00 -3.806164e+01
      vertex   1.636602e+01 5.200000e+00 -3.760000e+01
      vertex   1.714446e+01 5.200000e+00 -3.769853e+01
    endloop
  endfacet
  facet normal 0.000000e+00 1.000000e+00 0.000000e+00
    outer loop
      vertex   1.714446e+01 5.200000e+00 -3.769853e+01
      vertex   1.636602e+01 5.200000e+00 -3.760000e+01
      vertex   1.646593e+01 5.200000e+00 -3.735882e+01
    endloop
  endfacet
  facet normal 0.000000e+00 1.000000e+00 -0.000000e+00
    outer loop
      vertex   1.714446e+01 5.200000e+00 -3.769853e+01
      vertex   1.646593e+01 5.200000e+00 -3.735882e+01
      vertex   1.723817e+01 5.200000e+00 -3.730316e+01
    endloop
  endfacet
  facet normal 0.000000e+00 1.000000e+00 0.000000e+00
    outer loop
      vertex   1.723817e+01 5.200000e+00 -3.730316e+01
      vertex   1.646593e+01 5.200000e+00 -3.735882e+01
      vertex   1.650000e+01 5.200000e+00 -3.710000e+01
    endloop
  endfacet
  facet normal 0.000000e+00 1.000000e+00 -0.000000e+00
    outer loop
      vertex   1.723817e+01 5.200000e+00 -3.730316e+01
      vertex   1.650000e+01 5.200000e+00 -3.710000e+01
      vertex   1.723817e+01 5.200000e+00 -3.689684e+01
    endloop
  endfacet
  facet normal 0.000000e+00 1.000000e+00 0.000000e+00
    outer loop
      vertex   1.723817e+01 5.200000e+00 -3.689684e+01
      vertex   1.650000e+01 5.200000e+00 -3.710000e+01
      vertex   1.646593e+01 5.200000e+00 -3.684118e+01
    endloop
  endfacet
  facet normal 0.000000e+00 1.000000e+00 0.000000e+00
    outer loop
      vertex   1.723817e+01 5.200000e+00 -3.689684e+01
      vertex   1.646593e+01 5.200000e+00 -3.684118e+01
      vertex   1.714446e+01 5.200000e+00 -3.650146e+01
    endloop
  endfacet
  facet normal 0.000000e+00 1.000000e+00 0.000000e+00
    outer loop
      vertex   1.714446e+01 5.200000e+00 -3.650146e+01
      vertex   1.646593e+01 5.200000e+00 -3.684118e+01
      vertex   1.636602e+01 5.200000e+00 -3.660000e+01
    endloop
  endfacet
  facet normal 0.000000e+00 1.000000e+00 0.000000e+00
    outer loop
      vertex   1.714446e+01 5.200000e+00 -3.650146e+01
      vertex   1.636602e+01 5.200000e+00 -3.660000e+01
      vertex   1.696210e+01 5.200000e+00 -3.613836e+01
    endloop
  endfacet
  facet normal 0.000000e+00 1.000000e+00 0.000000e+00
    outer loop
      vertex   1.696210e+01 5.200000e+00 -3.613836e+01
      vertex   1.636602e+01 5.200000e+00 -3.660000e+01
      vertex   1.620711e+01 5.200000e+00 -3.639289e+01
    endloop
  endfacet
  facet normal 0.000000e+00 1.000000e+00 0.000000e+00
    outer loop
      vertex   1.696210e+01 5.200000e+00 -3.613836e+01
      vertex   1.620711e+01 5.200000e+00 -3.639289e+01
      vertex   1.670092e+01 5.200000e+00 -3.582710e+01
    endloop
  endfacet
  facet normal 0.000000e+00 1.000000e+00 0.000000e+00
    outer loop
      vertex   1.670092e+01 5.200000e+00 -3.582710e+01
      vertex   1.620711e+01 5.200000e+00 -3.639289e+01
      vertex   1.600000e+01 5.200000e+00 -3.623397e+01
    endloop
  endfacet
  facet normal 0.000000e+00 1.000000e+00 0.000000e+00
    outer loop
      vertex   1.670092e+01 5.200000e+00 -3.582710e+01
      vertex   1.600000e+01 5.200000e+00 -3.623397e+01
      vertex   1.637500e+01 5.200000e+00 -3.558445e+01
    endloop
  endfacet
  facet normal 0.000000e+00 1.000000e+00 0.000000e+00
    outer loop
      vertex   1.637500e+01 5.200000e+00 -3.558445e+01
      vertex   1.600000e+01 5.200000e+00 -3.623397e+01
      vertex   1.600191e+01 5.200000e+00 -3.542352e+01
    endloop
  endfacet
  facet normal 0.000000e+00 1.000000e+00 0.000000e+00
    outer loop
      vertex   1.600191e+01 5.200000e+00 -3.542352e+01
      vertex   1.600000e+01 5.200000e+00 -3.623397e+01
      vertex   1.575882e+01 5.200000e+00 -3.613407e+01
    endloop
  endfacet
  facet normal 0.000000e+00 1.000000e+00 0.000000e+00
    outer loop
      vertex   1.600191e+01 5.200000e+00 -3.542352e+01
      vertex   1.575882e+01 5.200000e+00 -3.613407e+01
      vertex   1.560175e+01 5.200000e+00 -3.535296e+01
    endloop
  endfacet
  facet normal 0.000000e+00 1.000000e+00 0.000000e+00
    outer loop
      vertex   1.560175e+01 5.200000e+00 -3.535296e+01
      vertex   1.575882e+01 5.200000e+00 -3.613407e+01
      vertex   1.550000e+01 5.200000e+00 -3.610000e+01
    endloop
  endfacet
  facet normal 0.000000e+00 1.000000e+00 0.000000e+00
    outer loop
      vertex   1.560175e+01 5.200000e+00 -3.535296e+01
      vertex   1.550000e+01 5.200000e+00 -3.610000e+01
      vertex   1.519612e+01 5.200000e+00 -3.537659e+01
    endloop
  endfacet
  facet normal 0.000000e+00 1.000000e+00 0.000000e+00
    outer loop
      vertex   1.519612e+01 5.200000e+00 -3.537659e+01
      vertex   1.550000e+01 5.200000e+00 -3.610000e+01
      vertex   1.524118e+01 5.200000e+00 -3.613407e+01
    endloop
  endfacet
  facet normal 0.000000e+00 1.000000e+00 0.000000e+00
    outer loop
      vertex   1.519612e+01 5.200000e+00 -3.537659e+01
      vertex   1.524118e+01 5.200000e+00 -3.613407e+01
      vertex   1.480686e+01 5.200000e+00 -3.549312e+01
    endloop
  endfacet
  facet normal 0.000000e+00 1.000000e+00 0.000000e+00
    outer loop
      vertex   1.480686e+01 5.200000e+00 -3.549312e+01
      vertex   1.524118e+01 5.200000e+00 -3.613407e+01
      vertex   1.500000e+01 5.200000e+00 -3.623397e+01
    endloop
  endfacet
  facet normal 0.000000e+00 1.000000e+00 0.000000e+00
    outer loop
      vertex   1.480686e+01 5.200000e+00 -3.549312e+01
      vertex   1.500000e+01 5.200000e+00 -3.623397e+01
      vertex   1.445497e+01 5.200000e+00 -3.569628e+01
    endloop
  endfacet
  facet normal 0.000000e+00 1.000000e+00 0.000000e+00
    outer loop
      vertex   1.445497e+01 5.200000e+00 -3.569628e+01
      vertex   1.500000e+01 5.200000e+00 -3.623397e+01
      vertex   1.479289e+01 5.200000e+00 -3.639289e+01
    endloop
  endfacet
  facet normal 0.000000e+00 1.000000e+00 0.000000e+00
    outer loop
      vertex   1.445497e+01 5.200000e+00 -3.569628e+01
      vertex   1.479289e+01 5.200000e+00 -3.639289e+01
      vertex   1.415942e+01 5.200000e+00 -3.597512e+01
    endloop
  endfacet
  facet normal 0.000000e+00 1.000000e+00 0.000000e+00
    outer loop
      vertex   1.415942e+01 5.200000e+00 -3.597512e+01
      vertex   1.479289e+01 5.200000e+00 -3.639289e+01
      vertex   1.463397e+01 5.200000e+00 -3.660000e+01
    endloop
  endfacet
  facet normal 0.000000e+00 1.000000e+00 0.000000e+00
    outer loop
      vertex   1.415942e+01 5.200000e+00 -3.597512e+01
      vertex   1.463397e+01 5.200000e+00 -3.660000e+01
      vertex   1.393614e+01 5.200000e+00 -3.631460e+01
    endloop
  endfacet
  facet normal 0.000000e+00 1.000000e+00 0.000000e+00
    outer loop
      vertex   1.393614e+01 5.200000e+00 -3.631460e+01
      vertex   1.463397e+01 5.200000e+00 -3.660000e+01
      vertex   1.453407e+01 5.200000e+00 -3.684118e+01
    endloop
  endfacet
  facet normal 0.000000e+00 1.000000e+00 0.000000e+00
    outer loop
      vertex   1.393614e+01 5.200000e+00 -3.631460e+01
      vertex   1.453407e+01 5.200000e+00 -3.684118e+01
      vertex   1.379717e+01 5.200000e+00 -3.669642e+01
    endloop
  endfacet
  facet normal 0.000000e+00 1.000000e+00 0.000000e+00
    outer loop
      vertex   1.379717e+01 5.200000e+00 -3.669642e+01
      vertex   1.453407e+01 5.200000e+00 -3.684118e+01
      vertex   1.450000e+01 5.200000e+00 -3.710000e+01
    endloop
  endfacet
  facet normal 1.000000e+00 -0.000000e+00 0.000000e+00
    outer loop
      vertex   1.800000e+01 4.200000e+00 -7.140000e+01
      vertex   1.800000e+01 4.200000e+00 -7.640000e+01
      vertex   1.800000e+01 6.200000e+00 -7.140000e+01
    endloop
  endfacet
  facet normal 1.000000e+00 0.000000e+00 0.000000e+00
    outer loop
      vertex   1.800000e+01 6.200000e+00 -7.140000e+01
      vertex   1.800000e+01 4.200000e+00 -7.640000e+01
      vertex   1.800000e+01 6.200000e+00 -7.640000e+01
    endloop
  endfacet
  facet normal 0.000000e+00 1.000000e+00 0.000000e+00
    outer loop
      vertex   1.379717e+01 6.200000e+00 -7.430358e+01
      vertex   1.080000e+01 6.200000e+00 -7.640000e+01
      vertex   1.375000e+01 6.200000e+00 -7.390000e+01
    endloop
  endfacet
  facet normal 0.000000e+00 1.000000e+00 0.000000e+00
    outer loop
      vertex   1.375000e+01 6.200000e+00 -7.390000e+01
      vertex   1.080000e+01 6.200000e+00 -7.640000e+01
      vertex   1.080000e+01 6.200000e+00 -7.140000e+01
    endloop
  endfacet
  facet normal 0.000000e+00 1.000000e+00 -0.000000e+00
    outer loop
      vertex   1.375000e+01 6.200000e+00 -7.390000e+01
      vertex   1.080000e+01 6.200000e+00 -7.140000e+01
      vertex   1.379717e+01 6.200000e+00 -7.349642e+01
    endloop
  endfacet
  facet normal 0.000000e+00 1.000000e+00 -0.000000e+00
    outer loop
      vertex   1.379717e+01 6.200000e+00 -7.349642e+01
      vertex   1.080000e+01 6.200000e+00 -7.140000e+01
      vertex   1.393614e+01 6.200000e+00 -7.311460e+01
    endloop
  endfacet
  facet normal 0.000000e+00 1.000000e+00 -0.000000e+00
    outer loop
      vertex   1.393614e+01 6.200000e+00 -7.311460e+01
      vertex   1.080000e+01 6.200000e+00 -7.140000e+01
      vertex   1.415942e+01 6.200000e+00 -7.277512e+01
    endloop
  endfacet
  facet normal 0.000000e+00 1.000000e+00 -0.000000e+00
    outer loop
      vertex   1.415942e+01 6.200000e+00 -7.277512e+01
      vertex   1.080000e+01 6.200000e+00 -7.140000e+01
      vertex   1.445497e+01 6.200000e+00 -7.249628e+01
    endloop
  endfacet
  facet normal 0.000000e+00 1.000000e+00 -0.000000e+00
    outer loop
      vertex   1.445497e+01 6.200000e+00 -7.249628e+01
      vertex   1.080000e+01 6.200000e+00 -7.140000e+01
      vertex   1.480686e+01 6.200000e+00 -7.229312e+01
    endloop
  endfacet
  facet normal 0.000000e+00 1.000000e+00 -0.000000e+00
    outer loop
      vertex   1.480686e+01 6.200000e+00 -7.229312e+01
      vertex   1.080000e+01 6.200000e+00 -7.140000e+01
      vertex   1.519612e+01 6.200000e+00 -7.217658e+01
    endloop
  endfacet
  facet normal 0.000000e+00 1.000000e+00 -0.000000e+00
    outer loop
      vertex   1.519612e+01 6.200000e+00 -7.217658e+01
      vertex   1.080000e+01 6.200000e+00 -7.140000e+01
      vertex   1.800000e+01 6.200000e+00 -7.140000e+01
    endloop
  endfacet
  facet normal 0.000000e+00 1.000000e+00 0.000000e+00
    outer loop
      vertex   1.519612e+01 6.200000e+00 -7.217658e+01
      vertex   1.800000e+01 6.200000e+00 -7.140000e+01
      vertex   1.560175e+01 6.200000e+00 -7.215296e+01
    endloop
  endfacet
  facet normal -0.000000e+00 1.000000e+00 0.000000e+00
    outer loop
      vertex   1.560175e+01 6.200000e+00 -7.215296e+01
      vertex   1.800000e+01 6.200000e+00 -7.140000e+01
      vertex   1.600191e+01 6.200000e+00 -7.222352e+01
    endloop
  endfacet
  facet normal -0.000000e+00 1.000000e+00 0.000000e+00
    outer loop
      vertex   1.600191e+01 6.200000e+00 -7.222352e+01
      vertex   1.800000e+01 6.200000e+00 -7.140000e+01
      vertex   1.637500e+01 6.200000e+00 -7.238445e+01
    endloop
  endfacet
  facet normal -0.000000e+00 1.000000e+00 0.000000e+00
    outer loop
      vertex   1.637500e+01 6.200000e+00 -7.238445e+01
      vertex   1.800000e+01 6.200000e+00 -7.140000e+01
      vertex   1.670092e+01 6.200000e+00 -7.262709e+01
    endloop
  endfacet
  facet normal -0.000000e+00 1.000000e+00 0.000000e+00
    outer loop
      vertex   1.670092e+01 6.200000e+00 -7.262709e+01
      vertex   1.800000e+01 6.200000e+00 -7.140000e+01
      vertex   1.696210e+01 6.200000e+00 -7.293836e+01
    endloop
  endfacet
  facet normal -0.000000e+00 1.000000e+00 0.000000e+00
    outer loop
      vertex   1.696210e+01 6.200000e+00 -7.293836e+01
      vertex   1.800000e+01 6.200000e+00 -7.140000e+01
      vertex   1.714446e+01 6.200000e+00 -7.330146e+01
    endloop
  endfacet
  facet normal -0.000000e+00 1.000000e+00 0.000000e+00
    outer loop
      vertex   1.714446e+01 6.200000e+00 -7.330146e+01
      vertex   1.800000e+01 6.200000e+00 -7.140000e+01
      vertex   1.723817e+01 6.200000e+00 -7.369684e+01
    endloop
  endfacet
  facet normal -0.000000e+00 1.000000e+00 0.000000e+00
    outer loop
      vertex   1.723817e+01 6.200000e+00 -7.369684e+01
      vertex   1.800000e+01 6.200000e+00 -7.140000e+01
      vertex   1.800000e+01 6.200000e+00 -7.640000e+01
    endloop
  endfacet
  facet normal 0.000000e+00 1.000000e+00 0.000000e+00
    outer loop
      vertex   1.723817e+01 6.200000e+00 -7.369684e+01
      vertex   1.800000e+01 6.200000e+00 -7.640000e+01
      vertex   1.723817e+01 6.200000e+00 -7.410316e+01
    endloop
  endfacet
  facet normal 0.000000e+00 1.000000e+00 0.000000e+00
    outer loop
      vertex   1.723817e+01 6.200000e+00 -7.410316e+01
      vertex   1.800000e+01 6.200000e+00 -7.640000e+01
      vertex   1.714446e+01 6.200000e+00 -7.449853e+01
    endloop
  endfacet
  facet normal 0.000000e+00 1.000000e+00 0.000000e+00
    outer loop
      vertex   1.714446e+01 6.200000e+00 -7.449853e+01
      vertex   1.800000e+01 6.200000e+00 -7.640000e+01
      vertex   1.696210e+01 6.200000e+00 -7.486164e+01
    endloop
  endfacet
  facet normal 0.000000e+00 1.000000e+00 0.000000e+00
    outer loop
      vertex   1.696210e+01 6.200000e+00 -7.486164e+01
      vertex   1.800000e+01 6.200000e+00 -7.640000e+01
      vertex   1.670092e+01 6.200000e+00 -7.517290e+01
    endloop
  endfacet
  facet normal 0.000000e+00 1.000000e+00 0.000000e+00
    outer loop
      vertex   1.670092e+01 6.200000e+00 -7.517290e+01
      vertex   1.800000e+01 6.200000e+00 -7.640000e+01
      vertex   1.637500e+01 6.200000e+00 -7.541554e+01
    endloop
  endfacet
  facet normal 0.000000e+00 1.000000e+00 0.000000e+00
    outer loop
      vertex   1.637500e+01 6.200000e+00 -7.541554e+01
      vertex   1.800000e+01 6.200000e+00 -7.640000e+01
      vertex   1.600191e+01 6.200000e+00 -7.557648e+01
    endloop
  endfacet
  facet normal 0.000000e+00 1.000000e+00 0.000000e+00
    outer loop
      vertex   1.600191e+01 6.200000e+00 -7.557648e+01
      vertex   1.800000e+01 6.200000e+00 -7.640000e+01
      vertex   1.560175e+01 6.200000e+00 -7.564704e+01
    endloop
  endfacet
  facet normal 0.000000e+00 1.000000e+00 0.000000e+00
    outer loop
      vertex   1.560175e+01 6.200000e+00 -7.564704e+01
      vertex   1.800000e+01 6.200000e+00 -7.640000e+01
      vertex   1.519612e+01 6.200000e+00 -7.562341e+01
    endloop
  endfacet
  facet normal 0.000000e+00 1.000000e+00 0.000000e+00
    outer loop
      vertex   1.519612e+01 6.200000e+00 -7.562341e+01
      vertex   1.800000e+01 6.200000e+00 -7.640000e+01
      vertex   1.080000e+01 6.200000e+00 -7.640000e+01
    endloop
  endfacet
  facet normal 0.000000e+00 1.000000e+00 0.000000e+00
    outer loop
      vertex   1.519612e+01 6.200000e+00 -7.562341e+01
      vertex   1.080000e+01 6.200000e+00 -7.640000e+01
      vertex   1.480686e+01 6.200000e+00 -7.550688e+01
    endloop
  endfacet
  facet normal 0.000000e+00 1.000000e+00 0.000000e+00
    outer loop
      vertex   1.480686e+01 6.200000e+00 -7.550688e+01
      vertex   1.080000e+01 6.200000e+00 -7.640000e+01
      vertex   1.445497e+01 6.200000e+00 -7.530371e+01
    endloop
  endfacet
  facet normal 0.000000e+00 1.000000e+00 0.000000e+00
    outer loop
      vertex   1.445497e+01 6.200000e+00 -7.530371e+01
      vertex   1.080000e+01 6.200000e+00 -7.640000e+01
      vertex   1.415942e+01 6.200000e+00 -7.502488e+01
    endloop
  endfacet
  facet normal 0.000000e+00 1.000000e+00 0.000000e+00
    outer loop
      vertex   1.415942e+01 6.200000e+00 -7.502488e+01
      vertex   1.080000e+01 6.200000e+00 -7.640000e+01
      vertex   1.393614e+01 6.200000e+00 -7.468540e+01
    endloop
  endfacet
  facet normal 0.000000e+00 1.000000e+00 0.000000e+00
    outer loop
      vertex   1.393614e+01 6.200000e+00 -7.468540e+01
      vertex   1.080000e+01 6.200000e+00 -7.640000e+01
      vertex   1.379717e+01 6.200000e+00 -7.430358e+01
    endloop
  endfacet
  facet normal -3.790275e-15 -1.000000e+00 -2.932659e-15
    outer loop
      vertex   1.453407e+01 4.200000e+00 -7.364118e+01
      vertex   1.280000e+01 4.200000e+00 -7.140000e+01
      vertex   1.450000e+01 4.200000e+00 -7.390000e+01
    endloop
  endfacet
  facet normal 5.224579e-16 -1.000000e+00 0.000000e+00
    outer loop
      vertex   1.450000e+01 4.200000e+00 -7.390000e+01
      vertex   1.280000e+01 4.200000e+00 -7.140000e+01
      vertex   1.280000e+01 4.200000e+00 -7.640000e+01
    endloop
  endfacet
  facet normal -3.790275e-15 -1.000000e+00 2.932659e-15
    outer loop
      vertex   1.450000e+01 4.200000e+00 -7.390000e+01
      vertex   1.280000e+01 4.200000e+00 -7.640000e+01
      vertex   1.453407e+01 4.200000e+00 -7.415882e+01
    endloop
  endfacet
  facet normal 0.000000e+00 -1.000000e+00 -0.000000e+00
    outer loop
      vertex   1.453407e+01 4.200000e+00 -7.415882e+01
      vertex   1.280000e+01 4.200000e+00 -7.640000e+01
      vertex   1.463397e+01 4.200000e+00 -7.440000e+01
    endloop
  endfacet
  facet normal 0.000000e+00 -1.000000e+00 -0.000000e+00
    outer loop
      vertex   1.463397e+01 4.200000e+00 -7.440000e+01
      vertex   1.280000e+01 4.200000e+00 -7.640000e+01
      vertex   1.479289e+01 4.200000e+00 -7.460711e+01
    endloop
  endfacet
  facet normal 0.000000e+00 -1.000000e+00 -0.000000e+00
    outer loop
      vertex   1.479289e+01 4.200000e+00 -7.460711e+01
      vertex   1.280000e+01 4.200000e+00 -7.640000e+01
      vertex   1.500000e+01 4.200000e+00 -7.476602e+01
    endloop
  endfacet
  facet normal 0.000000e+00 -1.000000e+00 -0.000000e+00
    outer loop
      vertex   1.500000e+01 4.200000e+00 -7.476602e+01
      vertex   1.280000e+01 4.200000e+00 -7.640000e+01
      vertex   1.524118e+01 4.200000e+00 -7.486592e+01
    endloop
  endfacet
  facet normal 0.000000e+00 -1.000000e+00 -0.000000e+00
    outer loop
      vertex   1.524118e+01 4.200000e+00 -7.486592e+01
      vertex   1.280000e+01 4.200000e+00 -7.640000e+01
      vertex   1.550000e+01 4.200000e+00 -7.490000e+01
    endloop
  endfacet
  facet normal 0.000000e+00 -1.000000e+00 -0.000000e+00
    outer loop
      vertex   1.550000e+01 4.200000e+00 -7.490000e+01
      vertex   1.280000e+01 4.200000e+00 -7.640000e+01
      vertex   1.800000e+01 4.200000e+00 -7.640000e+01
    endloop
  endfacet
  facet normal 0.000000e+00 -1.000000e+00 0.000000e+00
    outer loop
      vertex   1.550000e+01 4.200000e+00 -7.490000e+01
      vertex   1.800000e+01 4.200000e+00 -7.640000e+01
      vertex   1.575882e+01 4.200000e+00 -7.486592e+01
    endloop
  endfacet
  facet normal 0.000000e+00 -1.000000e+00 0.000000e+00
    outer loop
      vertex   1.575882e+01 4.200000e+00 -7.486592e+01
      vertex   1.800000e+01 4.200000e+00 -7.640000e+01
      vertex   1.600000e+01 4.200000e+00 -7.476602e+01
    endloop
  endfacet
  facet normal 0.000000e+00 -1.000000e+00 0.000000e+00
    outer loop
      vertex   1.600000e+01 4.200000e+00 -7.476602e+01
      vertex   1.800000e+01 4.200000e+00 -7.640000e+01
      vertex   1.620711e+01 4.200000e+00 -7.460711e+01
    endloop
  endfacet
  facet normal 0.000000e+00 -1.000000e+00 0.000000e+00
    outer loop
      vertex   1.620711e+01 4.200000e+00 -7.460711e+01
      vertex   1.800000e+01 4.200000e+00 -7.640000e+01
      vertex   1.636603e+01 4.200000e+00 -7.440000e+01
    endloop
  endfacet
  facet normal 0.000000e+00 -1.000000e+00 0.000000e+00
    outer loop
      vertex   1.636603e+01 4.200000e+00 -7.440000e+01
      vertex   1.800000e+01 4.200000e+00 -7.640000e+01
      vertex   1.646593e+01 4.200000e+00 -7.415882e+01
    endloop
  endfacet
  facet normal 0.000000e+00 -1.000000e+00 0.000000e+00
    outer loop
      vertex   1.646593e+01 4.200000e+00 -7.415882e+01
      vertex   1.800000e+01 4.200000e+00 -7.640000e+01
      vertex   1.650000e+01 4.200000e+00 -7.390000e+01
    endloop
  endfacet
  facet normal 0.000000e+00 -1.000000e+00 0.000000e+00
    outer loop
      vertex   1.650000e+01 4.200000e+00 -7.390000e+01
      vertex   1.800000e+01 4.200000e+00 -7.640000e+01
      vertex   1.800000e+01 4.200000e+00 -7.140000e+01
    endloop
  endfacet
  facet normal 0.000000e+00 -1.000000e+00 0.000000e+00
    outer loop
      vertex   1.650000e+01 4.200000e+00 -7.390000e+01
      vertex   1.800000e+01 4.200000e+00 -7.140000e+01
      vertex   1.646593e+01 4.200000e+00 -7.364118e+01
    endloop
  endfacet
  facet normal 0.000000e+00 -1.000000e+00 0.000000e+00
    outer loop
      vertex   1.646593e+01 4.200000e+00 -7.364118e+01
      vertex   1.800000e+01 4.200000e+00 -7.140000e+01
      vertex   1.636603e+01 4.200000e+00 -7.340000e+01
    endloop
  endfacet
  facet normal 0.000000e+00 -1.000000e+00 0.000000e+00
    outer loop
      vertex   1.636603e+01 4.200000e+00 -7.340000e+01
      vertex   1.800000e+01 4.200000e+00 -7.140000e+01
      vertex   1.620711e+01 4.200000e+00 -7.319289e+01
    endloop
  endfacet
  facet normal 0.000000e+00 -1.000000e+00 0.000000e+00
    outer loop
      vertex   1.620711e+01 4.200000e+00 -7.319289e+01
      vertex   1.800000e+01 4.200000e+00 -7.140000e+01
      vertex   1.600000e+01 4.200000e+00 -7.303397e+01
    endloop
  endfacet
  facet normal 0.000000e+00 -1.000000e+00 0.000000e+00
    outer loop
      vertex   1.600000e+01 4.200000e+00 -7.303397e+01
      vertex   1.800000e+01 4.200000e+00 -7.140000e+01
      vertex   1.575882e+01 4.200000e+00 -7.293407e+01
    endloop
  endfacet
  facet normal 0.000000e+00 -1.000000e+00 0.000000e+00
    outer loop
      vertex   1.575882e+01 4.200000e+00 -7.293407e+01
      vertex   1.800000e+01 4.200000e+00 -7.140000e+01
      vertex   1.550000e+01 4.200000e+00 -7.290000e+01
    endloop
  endfacet
  facet normal 0.000000e+00 -1.000000e+00 0.000000e+00
    outer loop
      vertex   1.550000e+01 4.200000e+00 -7.290000e+01
      vertex   1.800000e+01 4.200000e+00 -7.140000e+01
      vertex   1.280000e+01 4.200000e+00 -7.140000e+01
    endloop
  endfacet
  facet normal -0.000000e+00 -1.000000e+00 0.000000e+00
    outer loop
      vertex   1.550000e+01 4.200000e+00 -7.290000e+01
      vertex   1.280000e+01 4.200000e+00 -7.140000e+01
      vertex   1.524118e+01 4.200000e+00 -7.293407e+01
    endloop
  endfacet
  facet normal -0.000000e+00 -1.000000e+00 0.000000e+00
    outer loop
      vertex   1.524118e+01 4.200000e+00 -7.293407e+01
      vertex   1.280000e+01 4.200000e+00 -7.140000e+01
      vertex   1.500000e+01 4.200000e+00 -7.303397e+01
    endloop
  endfacet
  facet normal -0.000000e+00 -1.000000e+00 0.000000e+00
    outer loop
      vertex   1.500000e+01 4.200000e+00 -7.303397e+01
      vertex   1.280000e+01 4.200000e+00 -7.140000e+01
      vertex   1.479289e+01 4.200000e+00 -7.319289e+01
    endloop
  endfacet
  facet normal -0.000000e+00 -1.000000e+00 0.000000e+00
    outer loop
      vertex   1.479289e+01 4.200000e+00 -7.319289e+01
      vertex   1.280000e+01 4.200000e+00 -7.140000e+01
      vertex   1.463397e+01 4.200000e+00 -7.340000e+01
    endloop
  endfacet
  facet normal -0.000000e+00 -1.000000e+00 0.000000e+00
    outer loop
      vertex   1.463397e+01 4.200000e+00 -7.340000e+01
      vertex   1.280000e+01 4.200000e+00 -7.140000e+01
      vertex   1.453407e+01 4.200000e+00 -7.364118e+01
    endloop
  endfacet
  facet normal -1.000000e+00 0.000000e+00 0.000000e+00
    outer loop
      vertex   1.280000e+01 4.200000e+00 -3.960000e+01
      vertex   1.280000e+01 4.200000e+00 -3.959975e+01
      vertex   1.280000e+01 6.200000e+00 -3.960000e+01
    endloop
  endfacet
  facet normal -1.000000e+00 0.000000e+00 0.000000e+00
    outer loop
      vertex   1.280000e+01 6.200000e+00 -3.960000e+01
      vertex   1.280000e+01 4.200000e+00 -3.959975e+01
      vertex   1.280000e+01 6.200000e+00 -3.959975e+01
    endloop
  endfacet
  facet normal 0.000000e+00 0.000000e+00 -1.000000e+00
    outer loop
      vertex   1.800000e+01 4.200000e+00 -3.960000e+01
      vertex   1.280000e+01 4.200000e+00 -3.960000e+01
      vertex   1.800000e+01 6.200000e+00 -3.960000e+01
    endloop
  endfacet
  facet normal -0.000000e+00 0.000000e+00 -1.000000e+00
    outer loop
      vertex   1.800000e+01 6.200000e+00 -3.960000e+01
      vertex   1.280000e+01 4.200000e+00 -3.960000e+01
      vertex   1.280000e+01 6.200000e+00 -3.960000e+01
    endloop
  endfacet
  facet normal 1.000000e+00 -0.000000e+00 0.000000e+00
    outer loop
      vertex   1.800000e+01 4.200000e+00 -3.460000e+01
      vertex   1.800000e+01 4.200000e+00 -3.960000e+01
      vertex   1.800000e+01 6.200000e+00 -3.460000e+01
    endloop
  endfacet
  facet normal 1.000000e+00 0.000000e+00 0.000000e+00
    outer loop
      vertex   1.800000e+01 6.200000e+00 -3.460000e+01
      vertex   1.800000e+01 4.200000e+00 -3.960000e+01
      vertex   1.800000e+01 6.200000e+00 -3.960000e+01
    endloop
  endfacet
  facet normal 0.000000e+00 1.000000e+00 0.000000e+00
    outer loop
      vertex   1.379717e+01 6.200000e+00 -3.750358e+01
      vertex   1.080000e+01 6.200000e+00 -3.959975e+01
      vertex   1.375000e+01 6.200000e+00 -3.710000e+01
    endloop
  endfacet
  facet normal 0.000000e+00 1.000000e+00 0.000000e+00
    outer loop
      vertex   1.375000e+01 6.200000e+00 -3.710000e+01
      vertex   1.080000e+01 6.200000e+00 -3.959975e+01
      vertex   1.080000e+01 6.200000e+00 -3.460000e+01
    endloop
  endfacet
  facet normal 0.000000e+00 1.000000e+00 -0.000000e+00
    outer loop
      vertex   1.375000e+01 6.200000e+00 -3.710000e+01
      vertex   1.080000e+01 6.200000e+00 -3.460000e+01
      vertex   1.379717e+01 6.200000e+00 -3.669642e+01
    endloop
  endfacet
  facet normal 0.000000e+00 1.000000e+00 -0.000000e+00
    outer loop
      vertex   1.379717e+01 6.200000e+00 -3.669642e+01
      vertex   1.080000e+01 6.200000e+00 -3.460000e+01
      vertex   1.393614e+01 6.200000e+00 -3.631460e+01
    endloop
  endfacet
  facet normal 0.000000e+00 1.000000e+00 -0.000000e+00
    outer loop
      vertex   1.393614e+01 6.200000e+00 -3.631460e+01
      vertex   1.080000e+01 6.200000e+00 -3.460000e+01
      vertex   1.415942e+01 6.200000e+00 -3.597512e+01
    endloop
  endfacet
  facet normal 0.000000e+00 1.000000e+00 -0.000000e+00
    outer loop
      vertex   1.415942e+01 6.200000e+00 -3.597512e+01
      vertex   1.080000e+01 6.200000e+00 -3.460000e+01
      vertex   1.445497e+01 6.200000e+00 -3.569628e+01
    endloop
  endfacet
  facet normal 0.000000e+00 1.000000e+00 -0.000000e+00
    outer loop
      vertex   1.445497e+01 6.200000e+00 -3.569628e+01
      vertex   1.080000e+01 6.200000e+00 -3.460000e+01
      vertex   1.480686e+01 6.200000e+00 -3.549312e+01
    endloop
  endfacet
  facet normal 0.000000e+00 1.000000e+00 -0.000000e+00
    outer loop
      vertex   1.480686e+01 6.200000e+00 -3.549312e+01
      vertex   1.080000e+01 6.200000e+00 -3.460000e+01
      vertex   1.519612e+01 6.200000e+00 -3.537659e+01
    endloop
  endfacet
  facet normal 0.000000e+00 1.000000e+00 -0.000000e+00
    outer loop
      vertex   1.519612e+01 6.200000e+00 -3.537659e+01
      vertex   1.080000e+01 6.200000e+00 -3.460000e+01
      vertex   1.800000e+01 6.200000e+00 -3.460000e+01
    endloop
  endfacet
  facet normal 0.000000e+00 1.000000e+00 0.000000e+00
    outer loop
      vertex   1.519612e+01 6.200000e+00 -3.537659e+01
      vertex   1.800000e+01 6.200000e+00 -3.460000e+01
      vertex   1.560175e+01 6.200000e+00 -3.535296e+01
    endloop
  endfacet
  facet normal -0.000000e+00 1.000000e+00 0.000000e+00
    outer loop
      vertex   1.560175e+01 6.200000e+00 -3.535296e+01
      vertex   1.800000e+01 6.200000e+00 -3.460000e+01
      vertex   1.600191e+01 6.200000e+00 -3.542352e+01
    endloop
  endfacet
  facet normal -0.000000e+00 1.000000e+00 0.000000e+00
    outer loop
      vertex   1.600191e+01 6.200000e+00 -3.542352e+01
      vertex   1.800000e+01 6.200000e+00 -3.460000e+01
      vertex   1.637500e+01 6.200000e+00 -3.558445e+01
    endloop
  endfacet
  facet normal -0.000000e+00 1.000000e+00 0.000000e+00
    outer loop
      vertex   1.637500e+01 6.200000e+00 -3.558445e+01
      vertex   1.800000e+01 6.200000e+00 -3.460000e+01
      vertex   1.670092e+01 6.200000e+00 -3.582710e+01
    endloop
  endfacet
  facet normal -0.000000e+00 1.000000e+00 0.000000e+00
    outer loop
      vertex   1.670092e+01 6.200000e+00 -3.582710e+01
      vertex   1.800000e+01 6.200000e+00 -3.460000e+01
      vertex   1.696210e+01 6.200000e+00 -3.613836e+01
    endloop
  endfacet
  facet normal -0.000000e+00 1.000000e+00 0.000000e+00
    outer loop
      vertex   1.696210e+01 6.200000e+00 -3.613836e+01
      vertex   1.800000e+01 6.200000e+00 -3.460000e+01
      vertex   1.714446e+01 6.200000e+00 -3.650146e+01
    endloop
  endfacet
  facet normal -0.000000e+00 1.000000e+00 0.000000e+00
    outer loop
      vertex   1.714446e+01 6.200000e+00 -3.650146e+01
      vertex   1.800000e+01 6.200000e+00 -3.460000e+01
      vertex   1.723817e+01 6.200000e+00 -3.689684e+01
    endloop
  endfacet
  facet normal -0.000000e+00 1.000000e+00 0.000000e+00
    outer loop
      vertex   1.723817e+01 6.200000e+00 -3.689684e+01
      vertex   1.800000e+01 6.200000e+00 -3.460000e+01
      vertex   1.800000e+01 6.200000e+00 -3.960000e+01
    endloop
  endfacet
  facet normal 0.000000e+00 1.000000e+00 0.000000e+00
    outer loop
      vertex   1.723817e+01 6.200000e+00 -3.689684e+01
      vertex   1.800000e+01 6.200000e+00 -3.960000e+01
      vertex   1.723817e+01 6.200000e+00 -3.730316e+01
    endloop
  endfacet
  facet normal 0.000000e+00 1.000000e+00 0.000000e+00
    outer loop
      vertex   1.723817e+01 6.200000e+00 -3.730316e+01
      vertex   1.800000e+01 6.200000e+00 -3.960000e+01
      vertex   1.714446e+01 6.200000e+00 -3.769853e+01
    endloop
  endfacet
  facet normal 0.000000e+00 1.000000e+00 0.000000e+00
    outer loop
      vertex   1.714446e+01 6.200000e+00 -3.769853e+01
      vertex   1.800000e+01 6.200000e+00 -3.960000e+01
      vertex   1.696210e+01 6.200000e+00 -3.806164e+01
    endloop
  endfacet
  facet normal 0.000000e+00 1.000000e+00 0.000000e+00
    outer loop
      vertex   1.696210e+01 6.200000e+00 -3.806164e+01
      vertex   1.800000e+01 6.200000e+00 -3.960000e+01
      vertex   1.670092e+01 6.200000e+00 -3.837290e+01
    endloop
  endfacet
  facet normal 0.000000e+00 1.000000e+00 0.000000e+00
    outer loop
      vertex   1.670092e+01 6.200000e+00 -3.837290e+01
      vertex   1.800000e+01 6.200000e+00 -3.960000e+01
      vertex   1.637500e+01 6.200000e+00 -3.861554e+01
    endloop
  endfacet
  facet normal 0.000000e+00 1.000000e+00 0.000000e+00
    outer loop
      vertex   1.637500e+01 6.200000e+00 -3.861554e+01
      vertex   1.800000e+01 6.200000e+00 -3.960000e+01
      vertex   1.600191e+01 6.200000e+00 -3.877648e+01
    endloop
  endfacet
  facet normal 0.000000e+00 1.000000e+00 0.000000e+00
    outer loop
      vertex   1.600191e+01 6.200000e+00 -3.877648e+01
      vertex   1.800000e+01 6.200000e+00 -3.960000e+01
      vertex   1.560175e+01 6.200000e+00 -3.884704e+01
    endloop
  endfacet
  facet normal 0.000000e+00 1.000000e+00 0.000000e+00
    outer loop
      vertex   1.560175e+01 6.200000e+00 -3.884704e+01
      vertex   1.800000e+01 6.200000e+00 -3.960000e+01
      vertex   1.280000e+01 6.200000e+00 -3.960000e+01
    endloop
  endfacet
  facet normal 0.000000e+00 1.000000e+00 0.000000e+00
    outer loop
      vertex   1.560175e+01 6.200000e+00 -3.884704e+01
      vertex   1.280000e+01 6.200000e+00 -3.960000e+01
      vertex   1.519612e+01 6.200000e+00 -3.882341e+01
    endloop
  endfacet
  facet normal 0.000000e+00 1.000000e+00 0.000000e+00
    outer loop
      vertex   1.519612e+01 6.200000e+00 -3.882341e+01
      vertex   1.280000e+01 6.200000e+00 -3.960000e+01
      vertex   1.480686e+01 6.200000e+00 -3.870688e+01
    endloop
  endfacet
  facet normal 0.000000e+00 1.000000e+00 0.000000e+00
    outer loop
      vertex   1.480686e+01 6.200000e+00 -3.870688e+01
      vertex   1.280000e+01 6.200000e+00 -3.960000e+01
      vertex   1.280000e+01 6.200000e+00 -3.959975e+01
    endloop
  endfacet
  facet normal 0.000000e+00 1.000000e+00 0.000000e+00
    outer loop
      vertex   1.480686e+01 6.200000e+00 -3.870688e+01
      vertex   1.280000e+01 6.200000e+00 -3.959975e+01
      vertex   1.445497e+01 6.200000e+00 -3.850371e+01
    endloop
  endfacet
  facet normal 0.000000e+00 1.000000e+00 0.000000e+00
    outer loop
      vertex   1.445497e+01 6.200000e+00 -3.850371e+01
      vertex   1.280000e+01 6.200000e+00 -3.959975e+01
      vertex   1.415942e+01 6.200000e+00 -3.822488e+01
    endloop
  endfacet
  facet normal 0.000000e+00 1.000000e+00 0.000000e+00
    outer loop
      vertex   1.415942e+01 6.200000e+00 -3.822488e+01
      vertex   1.280000e+01 6.200000e+00 -3.959975e+01
      vertex   1.393614e+01 6.200000e+00 -3.788540e+01
    endloop
  endfacet
  facet normal 0.000000e+00 1.000000e+00 0.000000e+00
    outer loop
      vertex   1.393614e+01 6.200000e+00 -3.788540e+01
      vertex   1.280000e+01 6.200000e+00 -3.959975e+01
      vertex   1.080000e+01 6.200000e+00 -3.959975e+01
    endloop
  endfacet
  facet normal 0.000000e+00 1.000000e+00 0.000000e+00
    outer loop
      vertex   1.393614e+01 6.200000e+00 -3.788540e+01
      vertex   1.080000e+01 6.200000e+00 -3.959975e+01
      vertex   1.379717e+01 6.200000e+00 -3.750358e+01
    endloop
  endfacet
  facet normal -3.790275e-15 -1.000000e+00 -2.932659e-15
    outer loop
      vertex   1.453407e+01 4.200000e+00 -3.684118e+01
      vertex   1.280000e+01 4.200000e+00 -3.460000e+01
      vertex   1.450000e+01 4.200000e+00 -3.710000e+01
    endloop
  endfacet
  facet normal 5.224579e-16 -1.000000e+00 0.000000e+00
    outer loop
      vertex   1.450000e+01 4.200000e+00 -3.710000e+01
      vertex   1.280000e+01 4.200000e+00 -3.460000e+01
      vertex   1.280000e+01 4.200000e+00 -3.959975e+01
    endloop
  endfacet
  facet normal -3.789922e-15 -1.000000e+00 2.932705e-15
    outer loop
      vertex   1.450000e+01 4.200000e+00 -3.710000e+01
      vertex   1.280000e+01 4.200000e+00 -3.959975e+01
      vertex   1.453407e+01 4.200000e+00 -3.735882e+01
    endloop
  endfacet
  facet normal 0.000000e+00 -1.000000e+00 -0.000000e+00
    outer loop
      vertex   1.453407e+01 4.200000e+00 -3.735882e+01
      vertex   1.280000e+01 4.200000e+00 -3.959975e+01
      vertex   1.463397e+01 4.200000e+00 -3.760000e+01
    endloop
  endfacet
  facet normal 0.000000e+00 -1.000000e+00 -0.000000e+00
    outer loop
      vertex   1.463397e+01 4.200000e+00 -3.760000e+01
      vertex   1.280000e+01 4.200000e+00 -3.959975e+01
      vertex   1.479289e+01 4.200000e+00 -3.780711e+01
    endloop
  endfacet
  facet normal 0.000000e+00 -1.000000e+00 -0.000000e+00
    outer loop
      vertex   1.479289e+01 4.200000e+00 -3.780711e+01
      vertex   1.280000e+01 4.200000e+00 -3.959975e+01
      vertex   1.500000e+01 4.200000e+00 -3.796602e+01
    endloop
  endfacet
  facet normal 0.000000e+00 -1.000000e+00 -0.000000e+00
    outer loop
      vertex   1.500000e+01 4.200000e+00 -3.796602e+01
      vertex   1.280000e+01 4.200000e+00 -3.959975e+01
      vertex   1.524118e+01 4.200000e+00 -3.806592e+01
    endloop
  endfacet
  facet normal 0.000000e+00 -1.000000e+00 0.000000e+00
    outer loop
      vertex   1.524118e+01 4.200000e+00 -3.806592e+01
      vertex   1.280000e+01 4.200000e+00 -3.959975e+01
      vertex   1.280000e+01 4.200000e+00 -3.960000e+01
    endloop
  endfacet
  facet normal 0.000000e+00 -1.000000e+00 -0.000000e+00
    outer loop
      vertex   1.524118e+01 4.200000e+00 -3.806592e+01
      vertex   1.280000e+01 4.200000e+00 -3.960000e+01
      vertex   1.550000e+01 4.200000e+00 -3.810000e+01
    endloop
  endfacet
  facet normal 0.000000e+00 -1.000000e+00 -0.000000e+00
    outer loop
      vertex   1.550000e+01 4.200000e+00 -3.810000e+01
      vertex   1.280000e+01 4.200000e+00 -3.960000e+01
      vertex   1.800000e+01 4.200000e+00 -3.960000e+01
    endloop
  endfacet
  facet normal 0.000000e+00 -1.000000e+00 0.000000e+00
    outer loop
      vertex   1.550000e+01 4.200000e+00 -3.810000e+01
      vertex   1.800000e+01 4.200000e+00 -3.960000e+01
      vertex   1.575882e+01 4.200000e+00 -3.806592e+01
    endloop
  endfacet
  facet normal 0.000000e+00 -1.000000e+00 0.000000e+00
    outer loop
      vertex   1.575882e+01 4.200000e+00 -3.806592e+01
      vertex   1.800000e+01 4.200000e+00 -3.960000e+01
      vertex   1.600000e+01 4.200000e+00 -3.796602e+01
    endloop
  endfacet
  facet normal 0.000000e+00 -1.000000e+00 0.000000e+00
    outer loop
      vertex   1.600000e+01 4.200000e+00 -3.796602e+01
      vertex   1.800000e+01 4.200000e+00 -3.960000e+01
      vertex   1.620711e+01 4.200000e+00 -3.780711e+01
    endloop
  endfacet
  facet normal 0.000000e+00 -1.000000e+00 0.000000e+00
    outer loop
      vertex   1.620711e+01 4.200000e+00 -3.780711e+01
      vertex   1.800000e+01 4.200000e+00 -3.960000e+01
      vertex   1.636602e+01 4.200000e+00 -3.760000e+01
    endloop
  endfacet
  facet normal 0.000000e+00 -1.000000e+00 0.000000e+00
    outer loop
      vertex   1.636602e+01 4.200000e+00 -3.760000e+01
      vertex   1.800000e+01 4.200000e+00 -3.960000e+01
      vertex   1.646593e+01 4.200000e+00 -3.735882e+01
    endloop
  endfacet
  facet normal 0.000000e+00 -1.000000e+00 0.000000e+00
    outer loop
      vertex   1.646593e+01 4.200000e+00 -3.735882e+01
      vertex   1.800000e+01 4.200000e+00 -3.960000e+01
      vertex   1.650000e+01 4.200000e+00 -3.710000e+01
    endloop
  endfacet
  facet normal 0.000000e+00 -1.000000e+00 0.000000e+00
    outer loop
      vertex   1.650000e+01 4.200000e+00 -3.710000e+01
      vertex   1.800000e+01 4.200000e+00 -3.960000e+01
      vertex   1.800000e+01 4.200000e+00 -3.460000e+01
    endloop
  endfacet
  facet normal 0.000000e+00 -1.000000e+00 0.000000e+00
    outer loop
      vertex   1.650000e+01 4.200000e+00 -3.710000e+01
      vertex   1.800000e+01 4.200000e+00 -3.460000e+01
      vertex   1.646593e+01 4.200000e+00 -3.684118e+01
    endloop
  endfacet
  facet normal 0.000000e+00 -1.000000e+00 0.000000e+00
    outer loop
      vertex   1.646593e+01 4.200000e+00 -3.684118e+01
      vertex   1.800000e+01 4.200000e+00 -3.460000e+01
      vertex   1.636602e+01 4.200000e+00 -3.660000e+01
    endloop
  endfacet
  facet normal 0.000000e+00 -1.000000e+00 0.000000e+00
    outer loop
      vertex   1.636602e+01 4.200000e+00 -3.660000e+01
      vertex   1.800000e+01 4.200000e+00 -3.460000e+01
      vertex   1.620711e+01 4.200000e+00 -3.639289e+01
    endloop
  endfacet
  facet normal 0.000000e+00 -1.000000e+00 0.000000e+00
    outer loop
      vertex   1.620711e+01 4.200000e+00 -3.639289e+01
      vertex   1.800000e+01 4.200000e+00 -3.460000e+01
      vertex   1.600000e+01 4.200000e+00 -3.623397e+01
    endloop
  endfacet
  facet normal 0.000000e+00 -1.000000e+00 0.000000e+00
    outer loop
      vertex   1.600000e+01 4.200000e+00 -3.623397e+01
      vertex   1.800000e+01 4.200000e+00 -3.460000e+01
      vertex   1.575882e+01 4.200000e+00 -3.613407e+01
    endloop
  endfacet
  facet normal 0.000000e+00 -1.000000e+00 0.000000e+00
    outer loop
      vertex   1.575882e+01 4.200000e+00 -3.613407e+01
      vertex   1.800000e+01 4.200000e+00 -3.460000e+01
      vertex   1.550000e+01 4.200000e+00 -3.610000e+01
    endloop
  endfacet
  facet normal 0.000000e+00 -1.000000e+00 0.000000e+00
    outer loop
      vertex   1.550000e+01 4.200000e+00 -3.610000e+01
      vertex   1.800000e+01 4.200000e+00 -3.460000e+01
      vertex   1.280000e+01 4.200000e+00 -3.460000e+01
    endloop
  endfacet
  facet normal -0.000000e+00 -1.000000e+00 0.000000e+00
    outer loop
      vertex   1.550000e+01 4.200000e+00 -3.610000e+01
      vertex   1.280000e+01 4.200000e+00 -3.460000e+01
      vertex   1.524118e+01 4.200000e+00 -3.613407e+01
    endloop
  endfacet
  facet normal -0.000000e+00 -1.000000e+00 0.000000e+00
    outer loop
      vertex   1.524118e+01 4.200000e+00 -3.613407e+01
      vertex   1.280000e+01 4.200000e+00 -3.460000e+01
      vertex   1.500000e+01 4.200000e+00 -3.623397e+01
    endloop
  endfacet
  facet normal -0.000000e+00 -1.000000e+00 0.000000e+00
    outer loop
      vertex   1.500000e+01 4.200000e+00 -3.623397e+01
      vertex   1.280000e+01 4.200000e+00 -3.460000e+01
      vertex   1.479289e+01 4.200000e+00 -3.639289e+01
    endloop
  endfacet
  facet normal -0.000000e+00 -1.000000e+00 0.000000e+00
    outer loop
      vertex   1.479289e+01 4.200000e+00 -3.639289e+01
      vertex   1.280000e+01 4.200000e+00 -3.460000e+01
      vertex   1.463397e+01 4.200000e+00 -3.660000e+01
    endloop
  endfacet
  facet normal -0.000000e+00 -1.000000e+00 0.000000e+00
    outer loop
      vertex   1.463397e+01 4.200000e+00 -3.660000e+01
      vertex   1.280000e+01 4.200000e+00 -3.460000e+01
      vertex   1.453407e+01 4.200000e+00 -3.684118e+01
    endloop
  endfacet
  facet normal 0.000000e+00 0.000000e+00 -1.000000e+00
    outer loop
      vertex   1.280000e+01 1.000000e+00 -7.640000e+01
      vertex   9.766766e+00 2.956193e+00 -7.640000e+01
      vertex   1.280000e+01 4.200000e+00 -7.640000e+01
    endloop
  endfacet
  facet normal 0.000000e+00 0.000000e+00 -1.000000e+00
    outer loop
      vertex   1.280000e+01 4.200000e+00 -7.640000e+01
      vertex   9.766766e+00 2.956193e+00 -7.640000e+01
      vertex   1.013013e+01 3.500000e+00 -7.640000e+01
    endloop
  endfacet
  facet normal 0.000000e+00 0.000000e+00 -1.000000e+00
    outer loop
      vertex   1.280000e+01 4.200000e+00 -7.640000e+01
      vertex   1.013013e+01 3.500000e+00 -7.640000e+01
      vertex   1.041940e+01 4.086583e+00 -7.640000e+01
    endloop
  endfacet
  facet normal 0.000000e+00 0.000000e+00 -1.000000e+00
    outer loop
      vertex   5.800000e+00 1.000000e+00 -7.640000e+01
      vertex   6.452631e+00 1.042776e+00 -7.640000e+01
      vertex   1.280000e+01 1.000000e+00 -7.640000e+01
    endloop
  endfacet
  facet normal 0.000000e+00 0.000000e+00 -1.000000e+00
    outer loop
      vertex   1.280000e+01 1.000000e+00 -7.640000e+01
      vertex   6.452631e+00 1.042776e+00 -7.640000e+01
      vertex   7.094095e+00 1.170371e+00 -7.640000e+01
    endloop
  endfacet
  facet normal 0.000000e+00 0.000000e+00 -1.000000e+00
    outer loop
      vertex   1.280000e+01 1.000000e+00 -7.640000e+01
      vertex   7.094095e+00 1.170371e+00 -7.640000e+01
      vertex   7.713417e+00 1.380602e+00 -7.640000e+01
    endloop
  endfacet
  facet normal 0.000000e+00 0.000000e+00 -1.000000e+00
    outer loop
      vertex   7.713417e+00 1.380602e+00 -7.640000e+01
      vertex   8.300000e+00 1.669873e+00 -7.640000e+01
      vertex   1.280000e+01 1.000000e+00 -7.640000e+01
    endloop
  endfacet
  facet normal 0.000000e+00 0.000000e+00 -1.000000e+00
    outer loop
      vertex   1.280000e+01 1.000000e+00 -7.640000e+01
      vertex   8.300000e+00 1.669873e+00 -7.640000e+01
      vertex   8.843807e+00 2.033233e+00 -7.640000e+01
    endloop
  endfacet
  facet normal 0.000000e+00 0.000000e+00 -1.000000e+00
    outer loop
      vertex   1.280000e+01 1.000000e+00 -7.640000e+01
      vertex   8.843807e+00 2.033233e+00 -7.640000e+01
      vertex   9.335534e+00 2.464466e+00 -7.640000e+01
    endloop
  endfacet
  facet normal 0.000000e+00 0.000000e+00 -1.000000e+00
    outer loop
      vertex   9.335534e+00 2.464466e+00 -7.640000e+01
      vertex   9.766766e+00 2.956193e+00 -7.640000e+01
      vertex   1.280000e+01 1.000000e+00 -7.640000e+01
    endloop
  endfacet
  facet normal 0.000000e+00 0.000000e+00 -1.000000e+00
    outer loop
      vertex   1.041940e+01 4.086583e+00 -7.640000e+01
      vertex   1.062963e+01 4.705905e+00 -7.640000e+01
      vertex   1.280000e+01 4.200000e+00 -7.640000e+01
    endloop
  endfacet
  facet normal 0.000000e+00 0.000000e+00 -1.000000e+00
    outer loop
      vertex   1.280000e+01 4.200000e+00 -7.640000e+01
      vertex   1.062963e+01 4.705905e+00 -7.640000e+01
      vertex   1.075722e+01 5.347369e+00 -7.640000e+01
    endloop
  endfacet
  facet normal -1.275668e-08 -2.271199e-08 -1.000000e+00
    outer loop
      vertex   1.280000e+01 4.200000e+00 -7.640000e+01
      vertex   1.075722e+01 5.347369e+00 -7.640000e+01
      vertex   1.800000e+01 6.200000e+00 -7.640000e+01
    endloop
  endfacet
  facet normal -1.555035e-08 1.019224e-09 -1.000000e+00
    outer loop
      vertex   1.800000e+01 6.200000e+00 -7.640000e+01
      vertex   1.075722e+01 5.347369e+00 -7.640000e+01
      vertex   1.080000e+01 6.000000e+00 -7.640000e+01
    endloop
  endfacet
  facet normal -1.552204e-08 0.000000e+00 -1.000000e+00
    outer loop
      vertex   1.800000e+01 6.200000e+00 -7.640000e+01
      vertex   1.080000e+01 6.000000e+00 -7.640000e+01
      vertex   1.080000e+01 6.200000e+00 -7.640000e+01
    endloop
  endfacet
  facet normal -2.149206e-08 -0.000000e+00 -1.000000e+00
    outer loop
      vertex   1.800000e+01 6.200000e+00 -7.640000e+01
      vertex   1.800000e+01 4.200000e+00 -7.640000e+01
      vertex   1.280000e+01 4.200000e+00 -7.640000e+01
    endloop
  endfacet
  facet normal 1.000000e+00 -0.000000e+00 0.000000e+00
    outer loop
      vertex   1.280000e+01 1.000000e+00 -7.140000e+01
      vertex   1.280000e+01 1.000000e+00 -7.640000e+01
      vertex   1.280000e+01 4.200000e+00 -7.140000e+01
    endloop
  endfacet
  facet normal 1.000000e+00 0.000000e+00 0.000000e+00
    outer loop
      vertex   1.280000e+01 4.200000e+00 -7.140000e+01
      vertex   1.280000e+01 1.000000e+00 -7.640000e+01
      vertex   1.280000e+01 4.200000e+00 -7.640000e+01
    endloop
  endfacet
  facet normal -1.000000e+00 0.000000e+00 0.000000e+00
    outer loop
      vertex   1.080000e+01 6.000000e+00 -7.640000e+01
      vertex   1.080000e+01 6.000000e+00 -7.140000e+01
      vertex   1.080000e+01 6.200000e+00 -7.640000e+01
    endloop
  endfacet
  facet normal -1.000000e+00 0.000000e+00 0.000000e+00
    outer loop
      vertex   1.080000e+01 6.200000e+00 -7.640000e+01
      vertex   1.080000e+01 6.000000e+00 -7.140000e+01
      vertex   1.080000e+01 6.200000e+00 -7.140000e+01
    endloop
  endfacet
  facet normal 0.000000e+00 0.000000e+00 -1.000000e+00
    outer loop
      vertex   1.280000e+01 1.000000e+00 -3.959975e+01
      vertex   1.013013e+01 3.500000e+00 -3.959975e+01
      vertex   1.280000e+01 4.200000e+00 -3.959975e+01
    endloop
  endfacet
  facet normal 0.000000e+00 0.000000e+00 -1.000000e+00
    outer loop
      vertex   1.280000e+01 4.200000e+00 -3.959975e+01
      vertex   1.013013e+01 3.500000e+00 -3.959975e+01
      vertex   1.041940e+01 4.086583e+00 -3.959975e+01
    endloop
  endfacet
  facet normal -0.000000e+00 0.000000e+00 -1.000000e+00
    outer loop
      vertex   1.280000e+01 4.200000e+00 -3.959975e+01
      vertex   1.041940e+01 4.086583e+00 -3.959975e+01
      vertex   1.062963e+01 4.705905e+00 -3.959975e+01
    endloop
  endfacet
  facet normal 0.000000e+00 0.000000e+00 -1.000000e+00
    outer loop
      vertex   5.800000e+00 1.000000e+00 -3.959975e+01
      vertex   6.452630e+00 1.042776e+00 -3.959975e+01
      vertex   1.280000e+01 1.000000e+00 -3.959975e+01
    endloop
  endfacet
  facet normal 0.000000e+00 0.000000e+00 -1.000000e+00
    outer loop
      vertex   1.280000e+01 1.000000e+00 -3.959975e+01
      vertex   6.452630e+00 1.042776e+00 -3.959975e+01
      vertex   7.094095e+00 1.170371e+00 -3.959975e+01
    endloop
  endfacet
  facet normal 0.000000e+00 0.000000e+00 -1.000000e+00
    outer loop
      vertex   1.280000e+01 1.000000e+00 -3.959975e+01
      vertex   7.094095e+00 1.170371e+00 -3.959975e+01
      vertex   7.713417e+00 1.380602e+00 -3.959975e+01
    endloop
  endfacet
  facet normal 0.000000e+00 0.000000e+00 -1.000000e+00
    outer loop
      vertex   7.713417e+00 1.380602e+00 -3.959975e+01
      vertex   8.300000e+00 1.669873e+00 -3.959975e+01
      vertex   1.280000e+01 1.000000e+00 -3.959975e+01
    endloop
  endfacet
  facet normal 0.000000e+00 0.000000e+00 -1.000000e+00
    outer loop
      vertex   1.280000e+01 1.000000e+00 -3.959975e+01
      vertex   8.300000e+00 1.669873e+00 -3.959975e+01
      vertex   8.843807e+00 2.033233e+00 -3.959975e+01
    endloop
  endfacet
  facet normal 0.000000e+00 0.000000e+00 -1.000000e+00
    outer loop
      vertex   1.280000e+01 1.000000e+00 -3.959975e+01
      vertex   8.843807e+00 2.033233e+00 -3.959975e+01
      vertex   9.335533e+00 2.464466e+00 -3.959975e+01
    endloop
  endfacet
  facet normal 0.000000e+00 0.000000e+00 -1.000000e+00
    outer loop
      vertex   9.335533e+00 2.464466e+00 -3.959975e+01
      vertex   9.766766e+00 2.956193e+00 -3.959975e+01
      vertex   1.280000e+01 1.000000e+00 -3.959975e+01
    endloop
  endfacet
  facet normal 0.000000e+00 0.000000e+00 -1.000000e+00
    outer loop
      vertex   1.280000e+01 1.000000e+00 -3.959975e+01
      vertex   9.766766e+00 2.956193e+00 -3.959975e+01
      vertex   1.013013e+01 3.500000e+00 -3.959975e+01
    endloop
  endfacet
  facet normal 0.000000e+00 0.000000e+00 -1.000000e+00
    outer loop
      vertex   1.062963e+01 4.705905e+00 -3.959975e+01
      vertex   1.075722e+01 5.347369e+00 -3.959975e+01
      vertex   1.280000e+01 4.200000e+00 -3.959975e+01
    endloop
  endfacet
  facet normal 0.000000e+00 0.000000e+00 -1.000000e+00
    outer loop
      vertex   1.280000e+01 4.200000e+00 -3.959975e+01
      vertex   1.075722e+01 5.347369e+00 -3.959975e+01
      vertex   1.280000e+01 6.200000e+00 -3.959975e+01
    endloop
  endfacet
  facet normal 0.000000e+00 0.000000e+00 -1.000000e+00
    outer loop
      vertex   1.280000e+01 6.200000e+00 -3.959975e+01
      vertex   1.075722e+01 5.347369e+00 -3.959975e+01
      vertex   1.080000e+01 6.000000e+00 -3.959975e+01
    endloop
  endfacet
  facet normal -0.000000e+00 0.000000e+00 -1.000000e+00
    outer loop
      vertex   1.280000e+01 6.200000e+00 -3.959975e+01
      vertex   1.080000e+01 6.000000e+00 -3.959975e+01
      vertex   1.080000e+01 6.200000e+00 -3.959975e+01
    endloop
  endfacet
  facet normal 1.000000e+00 -0.000000e+00 0.000000e+00
    outer loop
      vertex   1.280000e+01 1.000000e+00 -3.460000e+01
      vertex   1.280000e+01 1.000000e+00 -3.959975e+01
      vertex   1.280000e+01 4.200000e+00 -3.460000e+01
    endloop
  endfacet
  facet normal 1.000000e+00 0.000000e+00 0.000000e+00
    outer loop
      vertex   1.280000e+01 4.200000e+00 -3.460000e+01
      vertex   1.280000e+01 1.000000e+00 -3.959975e+01
      vertex   1.280000e+01 4.200000e+00 -3.959975e+01
    endloop
  endfacet
  facet normal 0.000000e+00 0.000000e+00 1.000000e+00
    outer loop
      vertex   5.800000e+00 1.000000e+00 -3.460000e+01
      vertex   1.280000e+01 1.000000e+00 -3.460000e+01
      vertex   6.452630e+00 1.042776e+00 -3.460000e+01
    endloop
  endfacet
  facet normal -0.000000e+00 0.000000e+00 1.000000e+00
    outer loop
      vertex   6.452630e+00 1.042776e+00 -3.460000e+01
      vertex   1.280000e+01 1.000000e+00 -3.460000e+01
      vertex   7.094095e+00 1.170371e+00 -3.460000e+01
    endloop
  endfacet
  facet normal -0.000000e+00 0.000000e+00 1.000000e+00
    outer loop
      vertex   7.094095e+00 1.170371e+00 -3.460000e+01
      vertex   1.280000e+01 1.000000e+00 -3.460000e+01
      vertex   7.713417e+00 1.380602e+00 -3.460000e+01
    endloop
  endfacet
  facet normal -0.000000e+00 0.000000e+00 1.000000e+00
    outer loop
      vertex   7.713417e+00 1.380602e+00 -3.460000e+01
      vertex   1.280000e+01 1.000000e+00 -3.460000e+01
      vertex   8.300000e+00 1.669873e+00 -3.460000e+01
    endloop
  endfacet
  facet normal -0.000000e+00 0.000000e+00 1.000000e+00
    outer loop
      vertex   8.300000e+00 1.669873e+00 -3.460000e+01
      vertex   1.280000e+01 1.000000e+00 -3.460000e+01
      vertex   8.843807e+00 2.033233e+00 -3.460000e+01
    endloop
  endfacet
  facet normal -0.000000e+00 0.000000e+00 1.000000e+00
    outer loop
      vertex   8.843807e+00 2.033233e+00 -3.460000e+01
      vertex   1.280000e+01 1.000000e+00 -3.460000e+01
      vertex   9.335533e+00 2.464466e+00 -3.460000e+01
    endloop
  endfacet
  facet normal -0.000000e+00 0.000000e+00 1.000000e+00
    outer loop
      vertex   9.335533e+00 2.464466e+00 -3.460000e+01
      vertex   1.280000e+01 1.000000e+00 -3.460000e+01
      vertex   9.766766e+00 2.956193e+00 -3.460000e+01
    endloop
  endfacet
  facet normal -0.000000e+00 0.000000e+00 1.000000e+00
    outer loop
      vertex   9.766766e+00 2.956193e+00 -3.460000e+01
      vertex   1.280000e+01 1.000000e+00 -3.460000e+01
      vertex   1.280000e+01 4.200000e+00 -3.460000e+01
    endloop
  endfacet
  facet normal 0.000000e+00 0.000000e+00 1.000000e+00
    outer loop
      vertex   9.766766e+00 2.956193e+00 -3.460000e+01
      vertex   1.280000e+01 4.200000e+00 -3.460000e+01
      vertex   1.013013e+01 3.500000e+00 -3.460000e+01
    endloop
  endfacet
  facet normal 0.000000e+00 0.000000e+00 1.000000e+00
    outer loop
      vertex   1.013013e+01 3.500000e+00 -3.460000e+01
      vertex   1.280000e+01 4.200000e+00 -3.460000e+01
      vertex   1.041940e+01 4.086583e+00 -3.460000e+01
    endloop
  endfacet
  facet normal 0.000000e+00 0.000000e+00 1.000000e+00
    outer loop
      vertex   1.041940e+01 4.086583e+00 -3.460000e+01
      vertex   1.280000e+01 4.200000e+00 -3.460000e+01
      vertex   1.062963e+01 4.705905e+00 -3.460000e+01
    endloop
  endfacet
  facet normal -0.000000e+00 0.000000e+00 1.000000e+00
    outer loop
      vertex   1.062963e+01 4.705905e+00 -3.460000e+01
      vertex   1.280000e+01 4.200000e+00 -3.460000e+01
      vertex   1.075722e+01 5.347369e+00 -3.460000e+01
    endloop
  endfacet
  facet normal -0.000000e+00 0.000000e+00 1.000000e+00
    outer loop
      vertex   1.075722e+01 5.347369e+00 -3.460000e+01
      vertex   1.280000e+01 4.200000e+00 -3.460000e+01
      vertex   1.800000e+01 6.200000e+00 -3.460000e+01
    endloop
  endfacet
  facet normal 0.000000e+00 0.000000e+00 1.000000e+00
    outer loop
      vertex   1.075722e+01 5.347369e+00 -3.460000e+01
      vertex   1.800000e+01 6.200000e+00 -3.460000e+01
      vertex   1.080000e+01 6.000000e+00 -3.460000e+01
    endloop
  endfacet
  facet normal 0.000000e+00 0.000000e+00 1.000000e+00
    outer loop
      vertex   1.080000e+01 6.000000e+00 -3.460000e+01
      vertex   1.800000e+01 6.200000e+00 -3.460000e+01
      vertex   1.080000e+01 6.200000e+00 -3.460000e+01
    endloop
  endfacet
  facet normal 0.000000e+00 0.000000e+00 1.000000e+00
    outer loop
      vertex   1.280000e+01 4.200000e+00 -3.460000e+01
      vertex   1.800000e+01 4.200000e+00 -3.460000e+01
      vertex   1.800000e+01 6.200000e+00 -3.460000e+01
    endloop
  endfacet
  facet normal 0.000000e+00 1.000000e+00 -0.000000e+00
    outer loop
      vertex   1.300000e+01 2.700000e+01 -1.048124e+02
      vertex   1.300000e+01 2.700000e+01 -1.038000e+02
      vertex   1.400000e+01 2.700000e+01 -1.048000e+02
    endloop
  endfacet
  facet normal 0.000000e+00 1.000000e+00 -0.000000e+00
    outer loop
      vertex   1.400000e+01 2.700000e+01 -1.048000e+02
      vertex   1.300000e+01 2.700000e+01 -1.038000e+02
      vertex   1.400000e+01 2.700000e+01 -1.038000e+02
    endloop
  endfacet
  facet normal 0.000000e+00 1.000000e+00 0.000000e+00
    outer loop
      vertex   1.400000e+01 2.700000e+01 -1.048000e+02
      vertex   1.400000e+01 2.700000e+01 -1.038000e+02
      vertex   1.500000e+01 2.700000e+01 -1.048000e+02
    endloop
  endfacet
  facet normal 0.000000e+00 1.000000e+00 -0.000000e+00
    outer loop
      vertex   1.500000e+01 2.700000e+01 -1.048000e+02
      vertex   1.400000e+01 2.700000e+01 -1.038000e+02
      vertex   1.500000e+01 2.700000e+01 -1.038000e+02
    endloop
  endfacet
  facet normal 0.000000e+00 1.000000e+00 0.000000e+00
    outer loop
      vertex   1.400000e+01 2.700000e+01 -1.048000e+02
      vertex   1.400000e+01 2.700000e+01 -1.048124e+02
      vertex   1.300000e+01 2.700000e+01 -1.048124e+02
    endloop
  endfacet
  facet normal -9.721170e-01 -2.344961e-01 -4.645696e-06
    outer loop
      vertex   1.300000e+01 2.700000e+01 -1.038000e+02
      vertex   1.300000e+01 2.700000e+01 -1.048124e+02
      vertex   1.300000e+01 2.699998e+01 -1.038000e+02
    endloop
  endfacet
  facet normal -1.000000e+00 2.656860e-10 2.831719e-24
    outer loop
      vertex   1.300000e+01 2.699998e+01 -1.038000e+02
      vertex   1.300000e+01 2.700000e+01 -1.048124e+02
      vertex   1.300000e+01 2.699998e+01 -1.048000e+02
    endloop
  endfacet
  facet normal 0.000000e+00 5.476177e-08 -1.000000e+00
    outer loop
      vertex   1.300000e+01 1.700000e+01 -1.200000e+01
      vertex   1.500000e+01 1.700000e+01 -1.200000e+01
      vertex   1.300000e+01 1.000000e+00 -1.200000e+01
    endloop
  endfacet
  facet normal -2.431911e-23 5.476177e-08 -1.000000e+00
    outer loop
      vertex   1.300000e+01 1.000000e+00 -1.200000e+01
      vertex   1.500000e+01 1.700000e+01 -1.200000e+01
      vertex   1.500000e+01 1.000000e+00 -1.200000e+01
    endloop
  endfacet
  facet normal -7.022770e-07 3.062192e-07 1.000000e+00
    outer loop
      vertex   1.400000e+01 1.700000e+01 -6.200000e+00
      vertex   1.500000e+01 1.700000e+01 -6.199999e+00
      vertex   1.400000e+01 2.700000e+01 -6.200003e+00
    endloop
  endfacet
  facet normal -7.022770e-07 3.062192e-07 1.000000e+00
    outer loop
      vertex   1.400000e+01 2.700000e+01 -6.200003e+00
      vertex   1.500000e+01 1.700000e+01 -6.199999e+00
      vertex   1.500000e+01 2.700000e+01 -6.200002e+00
    endloop
  endfacet
  facet normal 0.000000e+00 0.000000e+00 -1.000000e+00
    outer loop
      vertex   1.300000e+01 1.700000e+01 -1.110000e+02
      vertex   1.400000e+01 1.700000e+01 -1.110000e+02
      vertex   1.300000e+01 1.600000e+01 -1.110000e+02
    endloop
  endfacet
  facet normal 9.811898e-08 -9.811865e-08 -1.000000e+00
    outer loop
      vertex   1.300000e+01 1.600000e+01 -1.110000e+02
      vertex   1.400000e+01 1.700000e+01 -1.110000e+02
      vertex   1.400000e+01 0.000000e+00 -1.110000e+02
    endloop
  endfacet
  facet normal 1.323229e-06 -2.154962e-08 -1.000000e+00
    outer loop
      vertex   1.300000e+01 1.600000e+01 -1.110000e+02
      vertex   1.400000e+01 0.000000e+00 -1.110000e+02
      vertex   1.300000e+01 0.000000e+00 -1.110000e+02
    endloop
  endfacet
  facet normal -1.523982e-07 0.000000e+00 1.000000e+00
    outer loop
      vertex   1.500000e+01 1.000000e+00 -7.140000e+01
      vertex   1.280000e+01 1.000000e+00 -7.140000e+01
      vertex   1.500000e+01 0.000000e+00 -7.140000e+01
    endloop
  endfacet
  facet normal -5.524554e-07 -8.801260e-07 1.000000e+00
    outer loop
      vertex   1.500000e+01 0.000000e+00 -7.140000e+01
      vertex   1.280000e+01 1.000000e+00 -7.140000e+01
      vertex   6.452631e+00 1.042776e+00 -7.140000e+01
    endloop
  endfacet
  facet normal 3.636384e-06 3.345474e-05 1.000000e+00
    outer loop
      vertex   1.500000e+01 0.000000e+00 -7.140000e+01
      vertex   6.452631e+00 1.042776e+00 -7.140000e+01
      vertex   5.800000e+00 1.000000e+00 -7.140000e+01
    endloop
  endfacet
  facet normal -1.143661e-06 0.000000e+00 1.000000e+00
    outer loop
      vertex   1.280000e+01 4.200000e+00 -7.140000e+01
      vertex   9.766766e+00 2.956193e+00 -7.140000e+01
      vertex   1.280000e+01 1.000000e+00 -7.140000e+01
    endloop
  endfacet
  facet normal -7.305032e-07 6.406341e-07 1.000000e+00
    outer loop
      vertex   1.280000e+01 1.000000e+00 -7.140000e+01
      vertex   9.766766e+00 2.956193e+00 -7.140000e+01
      vertex   9.335534e+00 2.464466e+00 -7.140000e+01
    endloop
  endfacet
  facet normal -6.756409e-07 7.704208e-07 1.000000e+00
    outer loop
      vertex   1.280000e+01 1.000000e+00 -7.140000e+01
      vertex   9.335534e+00 2.464466e+00 -7.140000e+01
      vertex   8.843807e+00 2.033233e+00 -7.140000e+01
    endloop
  endfacet
  facet normal 0.000000e+00 -0.000000e+00 1.000000e+00
    outer loop
      vertex   1.800000e+01 4.200000e+00 -7.140000e+01
      vertex   1.800000e+01 6.200000e+00 -7.140000e+01
      vertex   1.280000e+01 4.200000e+00 -7.140000e+01
    endloop
  endfacet
  facet normal -6.902179e-07 1.794566e-06 1.000000e+00
    outer loop
      vertex   1.280000e+01 4.200000e+00 -7.140000e+01
      vertex   1.800000e+01 6.200000e+00 -7.140000e+01
      vertex   1.075722e+01 5.347369e+00 -7.140000e+01
    endloop
  endfacet
  facet normal -1.527516e-06 3.038417e-07 1.000000e+00
    outer loop
      vertex   1.280000e+01 4.200000e+00 -7.140000e+01
      vertex   1.075722e+01 5.347369e+00 -7.140000e+01
      vertex   1.062963e+01 4.705905e+00 -7.140000e+01
    endloop
  endfacet
  facet normal -0.000000e+00 0.000000e+00 1.000000e+00
    outer loop
      vertex   1.080000e+01 6.200000e+00 -7.140000e+01
      vertex   1.080000e+01 6.000000e+00 -7.140000e+01
      vertex   1.800000e+01 6.200000e+00 -7.140000e+01
    endloop
  endfacet
  facet normal 1.479191e-07 -5.325089e-06 1.000000e+00
    outer loop
      vertex   1.800000e+01 6.200000e+00 -7.140000e+01
      vertex   1.080000e+01 6.000000e+00 -7.140000e+01
      vertex   1.075722e+01 5.347369e+00 -7.140000e+01
    endloop
  endfacet
  facet normal -1.481144e-06 5.027806e-07 1.000000e+00
    outer loop
      vertex   1.062963e+01 4.705905e+00 -7.140000e+01
      vertex   1.041940e+01 4.086583e+00 -7.140000e+01
      vertex   1.280000e+01 4.200000e+00 -7.140000e+01
    endloop
  endfacet
  facet normal -1.492250e-06 7.358962e-07 1.000000e+00
    outer loop
      vertex   1.280000e+01 4.200000e+00 -7.140000e+01
      vertex   1.041940e+01 4.086583e+00 -7.140000e+01
      vertex   1.013013e+01 3.500000e+00 -7.140000e+01
    endloop
  endfacet
  facet normal -1.575276e-06 1.052566e-06 1.000000e+00
    outer loop
      vertex   1.280000e+01 4.200000e+00 -7.140000e+01
      vertex   1.013013e+01 3.500000e+00 -7.140000e+01
      vertex   9.766766e+00 2.956193e+00 -7.140000e+01
    endloop
  endfacet
  facet normal -6.304349e-07 9.435124e-07 1.000000e+00
    outer loop
      vertex   8.843807e+00 2.033233e+00 -7.140000e+01
      vertex   8.300000e+00 1.669873e+00 -7.140000e+01
      vertex   1.280000e+01 1.000000e+00 -7.140000e+01
    endloop
  endfacet
  facet normal -5.921428e-07 1.200747e-06 1.000000e+00
    outer loop
      vertex   1.280000e+01 1.000000e+00 -7.140000e+01
      vertex   8.300000e+00 1.669873e+00 -7.140000e+01
      vertex   7.713417e+00 1.380602e+00 -7.140000e+01
    endloop
  endfacet
  facet normal -5.588114e-07 1.646205e-06 1.000000e+00
    outer loop
      vertex   1.280000e+01 1.000000e+00 -7.140000e+01
      vertex   7.713417e+00 1.380602e+00 -7.140000e+01
      vertex   7.094095e+00 1.170371e+00 -7.140000e+01
    endloop
  endfacet
  facet normal -5.286147e-07 2.657526e-06 1.000000e+00
    outer loop
      vertex   7.094095e+00 1.170371e+00 -7.140000e+01
      vertex   6.452631e+00 1.042776e+00 -7.140000e+01
      vertex   1.280000e+01 1.000000e+00 -7.140000e+01
    endloop
  endfacet
  facet normal -0.000000e+00 0.000000e+00 1.000000e+00
    outer loop
      vertex   -3.999995e+00 1.000000e+00 -7.140000e+01
      vertex   -4.000000e+00 0.000000e+00 -7.140000e+01
      vertex   5.800000e+00 1.000000e+00 -7.140000e+01
    endloop
  endfacet
  facet normal 0.000000e+00 0.000000e+00 1.000000e+00
    outer loop
      vertex   5.800000e+00 1.000000e+00 -7.140000e+01
      vertex   -4.000000e+00 0.000000e+00 -7.140000e+01
      vertex   1.500000e+01 0.000000e+00 -7.140000e+01
    endloop
  endfacet
  facet normal -3.739700e-16 -0.000000e+00 -1.000000e+00
    outer loop
      vertex   1.500000e+01 1.000000e+00 -3.960000e+01
      vertex   1.500000e+01 0.000000e+00 -3.960000e+01
      vertex   -3.999995e+00 1.000000e+00 -3.960000e+01
    endloop
  endfacet
  facet normal -3.739699e-16 1.660630e-21 -1.000000e+00
    outer loop
      vertex   -3.999995e+00 1.000000e+00 -3.960000e+01
      vertex   1.500000e+01 0.000000e+00 -3.960000e+01
      vertex   -4.000000e+00 0.000000e+00 -3.960000e+01
    endloop
  endfacet
  facet normal 0.000000e+00 1.305262e-01 -9.914449e-01
    outer loop
      vertex   -3.999995e+00 6.715299e+00 -1.029375e+02
      vertex   -4.999995e+00 6.715299e+00 -1.029375e+02
      vertex   -3.999995e+00 7.000000e+00 -1.029000e+02
    endloop
  endfacet
  facet normal 0.000000e+00 1.305262e-01 -9.914449e-01
    outer loop
      vertex   -3.999995e+00 7.000000e+00 -1.029000e+02
      vertex   -4.999995e+00 6.715299e+00 -1.029375e+02
      vertex   -4.999995e+00 7.000000e+00 -1.029000e+02
    endloop
  endfacet
  facet normal -0.000000e+00 -1.305262e-01 -9.914449e-01
    outer loop
      vertex   -3.999995e+00 7.000000e+00 -1.029000e+02
      vertex   -4.999995e+00 7.000000e+00 -1.029000e+02
      vertex   -3.999995e+00 7.284701e+00 -1.029375e+02
    endloop
  endfacet
  facet normal -0.000000e+00 -1.305262e-01 -9.914449e-01
    outer loop
      vertex   -3.999995e+00 7.284701e+00 -1.029375e+02
      vertex   -4.999995e+00 7.000000e+00 -1.029000e+02
      vertex   -4.999995e+00 7.284701e+00 -1.029375e+02
    endloop
  endfacet
  facet normal -0.000000e+00 -3.826834e-01 -9.238795e-01
    outer loop
      vertex   -3.999995e+00 7.284701e+00 -1.029375e+02
      vertex   -4.999995e+00 7.284701e+00 -1.029375e+02
      vertex   -3.999995e+00 7.550000e+00 -1.030474e+02
    endloop
  endfacet
  facet normal -0.000000e+00 -3.826834e-01 -9.238795e-01
    outer loop
      vertex   -3.999995e+00 7.550000e+00 -1.030474e+02
      vertex   -4.999995e+00 7.284701e+00 -1.029375e+02
      vertex   -4.999995e+00 7.550000e+00 -1.030474e+02
    endloop
  endfacet
  facet normal -0.000000e+00 -6.087614e-01 -7.933533e-01
    outer loop
      vertex   -3.999995e+00 7.550000e+00 -1.030474e+02
      vertex   -4.999995e+00 7.550000e+00 -1.030474e+02
      vertex   -3.999995e+00 7.777817e+00 -1.032222e+02
    endloop
  endfacet
  facet normal -0.000000e+00 -6.087614e-01 -7.933533e-01
    outer loop
      vertex   -3.999995e+00 7.777817e+00 -1.032222e+02
      vertex   -4.999995e+00 7.550000e+00 -1.030474e+02
      vertex   -4.999995e+00 7.777817e+00 -1.032222e+02
    endloop
  endfacet
  facet normal -0.000000e+00 -7.933533e-01 -6.087614e-01
    outer loop
      vertex   -3.999995e+00 7.777817e+00 -1.032222e+02
      vertex   -4.999995e+00 7.777817e+00 -1.032222e+02
      vertex   -3.999995e+00 7.952628e+00 -1.034500e+02
    endloop
  endfacet
  facet normal -0.000000e+00 -7.933533e-01 -6.087614e-01
    outer loop
      vertex   -3.999995e+00 7.952628e+00 -1.034500e+02
      vertex   -4.999995e+00 7.777817e+00 -1.032222e+02
      vertex   -4.999995e+00 7.952628e+00 -1.034500e+02
    endloop
  endfacet
  facet normal -0.000000e+00 -9.238795e-01 -3.826834e-01
    outer loop
      vertex   -3.999995e+00 7.952628e+00 -1.034500e+02
      vertex   -4.999995e+00 7.952628e+00 -1.034500e+02
      vertex   -3.999995e+00 8.062518e+00 -1.037153e+02
    endloop
  endfacet
  facet normal -0.000000e+00 -9.238795e-01 -3.826834e-01
    outer loop
      vertex   -3.999995e+00 8.062518e+00 -1.037153e+02
      vertex   -4.999995e+00 7.952628e+00 -1.034500e+02
      vertex   -4.999995e+00 8.062518e+00 -1.037153e+02
    endloop
  endfacet
  facet normal -0.000000e+00 -9.914449e-01 -1.305262e-01
    outer loop
      vertex   -3.999995e+00 8.062518e+00 -1.037153e+02
      vertex   -4.999995e+00 8.062518e+00 -1.037153e+02
      vertex   -3.999995e+00 8.100000e+00 -1.040000e+02
    endloop
  endfacet
  facet normal -0.000000e+00 -9.914449e-01 -1.305262e-01
    outer loop
      vertex   -3.999995e+00 8.100000e+00 -1.040000e+02
      vertex   -4.999995e+00 8.062518e+00 -1.037153e+02
      vertex   -4.999995e+00 8.100000e+00 -1.040000e+02
    endloop
  endfacet
  facet normal 0.000000e+00 -9.914449e-01 1.305262e-01
    outer loop
      vertex   -3.999995e+00 8.100000e+00 -1.040000e+02
      vertex   -4.999995e+00 8.100000e+00 -1.040000e+02
      vertex   -3.999995e+00 8.062518e+00 -1.042847e+02
    endloop
  endfacet
  facet normal 0.000000e+00 -9.914449e-01 1.305262e-01
    outer loop
      vertex   -3.999995e+00 8.062518e+00 -1.042847e+02
      vertex   -4.999995e+00 8.100000e+00 -1.040000e+02
      vertex   -4.999995e+00 8.062518e+00 -1.042847e+02
    endloop
  endfacet
  facet normal 0.000000e+00 -9.238795e-01 3.826834e-01
    outer loop
      vertex   -3.999995e+00 8.062518e+00 -1.042847e+02
      vertex   -4.999995e+00 8.062518e+00 -1.042847e+02
      vertex   -3.999995e+00 7.952628e+00 -1.045500e+02
    endloop
  endfacet
  facet normal 0.000000e+00 -9.238795e-01 3.826834e-01
    outer loop
      vertex   -3.999995e+00 7.952628e+00 -1.045500e+02
      vertex   -4.999995e+00 8.062518e+00 -1.042847e+02
      vertex   -4.999995e+00 7.952628e+00 -1.045500e+02
    endloop
  endfacet
  facet normal 0.000000e+00 -7.933533e-01 6.087614e-01
    outer loop
      vertex   -3.999995e+00 7.952628e+00 -1.045500e+02
      vertex   -4.999995e+00 7.952628e+00 -1.045500e+02
      vertex   -3.999995e+00 7.777817e+00 -1.047778e+02
    endloop
  endfacet
  facet normal 0.000000e+00 -7.933533e-01 6.087614e-01
    outer loop
      vertex   -3.999995e+00 7.777817e+00 -1.047778e+02
      vertex   -4.999995e+00 7.952628e+00 -1.045500e+02
      vertex   -4.999995e+00 7.777817e+00 -1.047778e+02
    endloop
  endfacet
  facet normal 0.000000e+00 -6.087614e-01 7.933533e-01
    outer loop
      vertex   -3.999995e+00 7.777817e+00 -1.047778e+02
      vertex   -4.999995e+00 7.777817e+00 -1.047778e+02
      vertex   -3.999995e+00 7.550000e+00 -1.049526e+02
    endloop
  endfacet
  facet normal 0.000000e+00 -6.087614e-01 7.933533e-01
    outer loop
      vertex   -3.999995e+00 7.550000e+00 -1.049526e+02
      vertex   -4.999995e+00 7.777817e+00 -1.047778e+02
      vertex   -4.999995e+00 7.550000e+00 -1.049526e+02
    endloop
  endfacet
  facet normal 0.000000e+00 -3.826834e-01 9.238795e-01
    outer loop
      vertex   -3.999995e+00 7.550000e+00 -1.049526e+02
      vertex   -4.999995e+00 7.550000e+00 -1.049526e+02
      vertex   -3.999995e+00 7.284701e+00 -1.050625e+02
    endloop
  endfacet
  facet normal 0.000000e+00 -3.826834e-01 9.238795e-01
    outer loop
      vertex   -3.999995e+00 7.284701e+00 -1.050625e+02
      vertex   -4.999995e+00 7.550000e+00 -1.049526e+02
      vertex   -4.999995e+00 7.284701e+00 -1.050625e+02
    endloop
  endfacet
  facet normal 0.000000e+00 -1.305262e-01 9.914449e-01
    outer loop
      vertex   -3.999995e+00 7.284701e+00 -1.050625e+02
      vertex   -4.999995e+00 7.284701e+00 -1.050625e+02
      vertex   -3.999995e+00 7.000000e+00 -1.051000e+02
    endloop
  endfacet
  facet normal 0.000000e+00 -1.305262e-01 9.914449e-01
    outer loop
      vertex   -3.999995e+00 7.000000e+00 -1.051000e+02
      vertex   -4.999995e+00 7.284701e+00 -1.050625e+02
      vertex   -4.999995e+00 7.000000e+00 -1.051000e+02
    endloop
  endfacet
  facet normal 0.000000e+00 1.305262e-01 9.914449e-01
    outer loop
      vertex   -3.999995e+00 7.000000e+00 -1.051000e+02
      vertex   -4.999995e+00 7.000000e+00 -1.051000e+02
      vertex   -3.999995e+00 6.715299e+00 -1.050625e+02
    endloop
  endfacet
  facet normal 0.000000e+00 1.305262e-01 9.914449e-01
    outer loop
      vertex   -3.999995e+00 6.715299e+00 -1.050625e+02
      vertex   -4.999995e+00 7.000000e+00 -1.051000e+02
      vertex   -4.999995e+00 6.715299e+00 -1.050625e+02
    endloop
  endfacet
  facet normal 0.000000e+00 3.826834e-01 9.238795e-01
    outer loop
      vertex   -3.999995e+00 6.715299e+00 -1.050625e+02
      vertex   -4.999995e+00 6.715299e+00 -1.050625e+02
      vertex   -3.999995e+00 6.450000e+00 -1.049526e+02
    endloop
  endfacet
  facet normal 0.000000e+00 3.826834e-01 9.238795e-01
    outer loop
      vertex   -3.999995e+00 6.450000e+00 -1.049526e+02
      vertex   -4.999995e+00 6.715299e+00 -1.050625e+02
      vertex   -4.999995e+00 6.450000e+00 -1.049526e+02
    endloop
  endfacet
  facet normal 0.000000e+00 6.087614e-01 7.933533e-01
    outer loop
      vertex   -3.999995e+00 6.450000e+00 -1.049526e+02
      vertex   -4.999995e+00 6.450000e+00 -1.049526e+02
      vertex   -3.999995e+00 6.222183e+00 -1.047778e+02
    endloop
  endfacet
  facet normal 0.000000e+00 6.087614e-01 7.933533e-01
    outer loop
      vertex   -3.999995e+00 6.222183e+00 -1.047778e+02
      vertex   -4.999995e+00 6.450000e+00 -1.049526e+02
      vertex   -4.999995e+00 6.222183e+00 -1.047778e+02
    endloop
  endfacet
  facet normal 0.000000e+00 7.933533e-01 6.087614e-01
    outer loop
      vertex   -3.999995e+00 6.222183e+00 -1.047778e+02
      vertex   -4.999995e+00 6.222183e+00 -1.047778e+02
      vertex   -3.999995e+00 6.047372e+00 -1.045500e+02
    endloop
  endfacet
  facet normal 0.000000e+00 7.933533e-01 6.087614e-01
    outer loop
      vertex   -3.999995e+00 6.047372e+00 -1.045500e+02
      vertex   -4.999995e+00 6.222183e+00 -1.047778e+02
      vertex   -4.999995e+00 6.047372e+00 -1.045500e+02
    endloop
  endfacet
  facet normal 0.000000e+00 9.238795e-01 3.826834e-01
    outer loop
      vertex   -3.999995e+00 6.047372e+00 -1.045500e+02
      vertex   -4.999995e+00 6.047372e+00 -1.045500e+02
      vertex   -3.999995e+00 5.937482e+00 -1.042847e+02
    endloop
  endfacet
  facet normal 0.000000e+00 9.238795e-01 3.826834e-01
    outer loop
      vertex   -3.999995e+00 5.937482e+00 -1.042847e+02
      vertex   -4.999995e+00 6.047372e+00 -1.045500e+02
      vertex   -4.999995e+00 5.937482e+00 -1.042847e+02
    endloop
  endfacet
  facet normal 0.000000e+00 9.914449e-01 1.305262e-01
    outer loop
      vertex   -3.999995e+00 5.937482e+00 -1.042847e+02
      vertex   -4.999995e+00 5.937482e+00 -1.042847e+02
      vertex   -3.999995e+00 5.900000e+00 -1.040000e+02
    endloop
  endfacet
  facet normal 0.000000e+00 9.914449e-01 1.305262e-01
    outer loop
      vertex   -3.999995e+00 5.900000e+00 -1.040000e+02
      vertex   -4.999995e+00 5.937482e+00 -1.042847e+02
      vertex   -4.999995e+00 5.900000e+00 -1.040000e+02
    endloop
  endfacet
  facet normal 0.000000e+00 9.914449e-01 -1.305262e-01
    outer loop
      vertex   -3.999995e+00 5.900000e+00 -1.040000e+02
      vertex   -4.999995e+00 5.900000e+00 -1.040000e+02
      vertex   -3.999995e+00 5.937482e+00 -1.037153e+02
    endloop
  endfacet
  facet normal 0.000000e+00 9.914449e-01 -1.305262e-01
    outer loop
      vertex   -3.999995e+00 5.937482e+00 -1.037153e+02
      vertex   -4.999995e+00 5.900000e+00 -1.040000e+02
      vertex   -4.999995e+00 5.937482e+00 -1.037153e+02
    endloop
  endfacet
  facet normal 0.000000e+00 9.238795e-01 -3.826834e-01
    outer loop
      vertex   -3.999995e+00 5.937482e+00 -1.037153e+02
      vertex   -4.999995e+00 5.937482e+00 -1.037153e+02
      vertex   -3.999995e+00 6.047372e+00 -1.034500e+02
    endloop
  endfacet
  facet normal 0.000000e+00 9.238795e-01 -3.826834e-01
    outer loop
      vertex   -3.999995e+00 6.047372e+00 -1.034500e+02
      vertex   -4.999995e+00 5.937482e+00 -1.037153e+02
      vertex   -4.999995e+00 6.047372e+00 -1.034500e+02
    endloop
  endfacet
  facet normal 0.000000e+00 7.933533e-01 -6.087614e-01
    outer loop
      vertex   -3.999995e+00 6.047372e+00 -1.034500e+02
      vertex   -4.999995e+00 6.047372e+00 -1.034500e+02
      vertex   -3.999995e+00 6.222183e+00 -1.032222e+02
    endloop
  endfacet
  facet normal 0.000000e+00 7.933533e-01 -6.087614e-01
    outer loop
      vertex   -3.999995e+00 6.222183e+00 -1.032222e+02
      vertex   -4.999995e+00 6.047372e+00 -1.034500e+02
      vertex   -4.999995e+00 6.222183e+00 -1.032222e+02
    endloop
  endfacet
  facet normal 0.000000e+00 6.087614e-01 -7.933533e-01
    outer loop
      vertex   -3.999995e+00 6.222183e+00 -1.032222e+02
      vertex   -4.999995e+00 6.222183e+00 -1.032222e+02
      vertex   -3.999995e+00 6.450000e+00 -1.030474e+02
    endloop
  endfacet
  facet normal 0.000000e+00 6.087614e-01 -7.933533e-01
    outer loop
      vertex   -3.999995e+00 6.450000e+00 -1.030474e+02
      vertex   -4.999995e+00 6.222183e+00 -1.032222e+02
      vertex   -4.999995e+00 6.450000e+00 -1.030474e+02
    endloop
  endfacet
  facet normal 0.000000e+00 3.826834e-01 -9.238795e-01
    outer loop
      vertex   -3.999995e+00 6.450000e+00 -1.030474e+02
      vertex   -4.999995e+00 6.450000e+00 -1.030474e+02
      vertex   -3.999995e+00 6.715299e+00 -1.029375e+02
    endloop
  endfacet
  facet normal 0.000000e+00 3.826834e-01 -9.238795e-01
    outer loop
      vertex   -3.999995e+00 6.715299e+00 -1.029375e+02
      vertex   -4.999995e+00 6.450000e+00 -1.030474e+02
      vertex   -4.999995e+00 6.715299e+00 -1.029375e+02
    endloop
  endfacet
  facet normal 4.699144e-03 -1.305248e-01 -9.914339e-01
    outer loop
      vertex   1.300000e+01 7.284701e+00 -1.029375e+02
      vertex   1.500000e+01 7.138428e+00 -1.029087e+02
      vertex   1.300000e+01 7.000000e+00 -1.029000e+02
    endloop
  endfacet
  facet normal -4.372412e-03 0.000000e+00 -9.999904e-01
    outer loop
      vertex   1.300000e+01 7.000000e+00 -1.029000e+02
      vertex   1.500000e+01 7.138428e+00 -1.029087e+02
      vertex   1.500000e+01 6.861572e+00 -1.029087e+02
    endloop
  endfacet
  facet normal 4.699144e-03 1.305248e-01 -9.914339e-01
    outer loop
      vertex   1.300000e+01 7.000000e+00 -1.029000e+02
      vertex   1.500000e+01 6.861572e+00 -1.029087e+02
      vertex   1.300000e+01 6.715299e+00 -1.029375e+02
    endloop
  endfacet
  facet normal -4.347892e-03 2.496841e-01 -9.683176e-01
    outer loop
      vertex   1.300000e+01 6.715299e+00 -1.029375e+02
      vertex   1.500000e+01 6.861572e+00 -1.029087e+02
      vertex   1.500000e+01 6.593485e+00 -1.029779e+02
    endloop
  endfacet
  facet normal 4.650104e-03 3.826793e-01 -9.238695e-01
    outer loop
      vertex   1.300000e+01 6.715299e+00 -1.029375e+02
      vertex   1.500000e+01 6.593485e+00 -1.029779e+02
      vertex   1.300000e+01 6.450000e+00 -1.030474e+02
    endloop
  endfacet
  facet normal -4.274332e-03 4.835518e-01 -8.753053e-01
    outer loop
      vertex   1.300000e+01 6.450000e+00 -1.030474e+02
      vertex   1.500000e+01 6.593485e+00 -1.029779e+02
      vertex   1.500000e+01 6.351149e+00 -1.031117e+02
    endloop
  endfacet
  facet normal 4.552027e-03 6.087551e-01 -7.933451e-01
    outer loop
      vertex   1.300000e+01 6.450000e+00 -1.030474e+02
      vertex   1.500000e+01 6.351149e+00 -1.031117e+02
      vertex   1.300000e+01 6.222183e+00 -1.032222e+02
    endloop
  endfacet
  facet normal -4.151740e-03 6.867883e-01 -7.268456e-01
    outer loop
      vertex   1.300000e+01 6.222183e+00 -1.032222e+02
      vertex   1.500000e+01 6.351149e+00 -1.031117e+02
      vertex   1.500000e+01 6.149916e+00 -1.033019e+02
    endloop
  endfacet
  facet normal 4.404923e-03 7.933456e-01 -6.087555e-01
    outer loop
      vertex   1.300000e+01 6.222183e+00 -1.032222e+02
      vertex   1.500000e+01 6.149916e+00 -1.033019e+02
      vertex   1.300000e+01 6.047372e+00 -1.034500e+02
    endloop
  endfacet
  facet normal -3.980126e-03 8.465196e-01 -5.323426e-01
    outer loop
      vertex   1.300000e+01 6.047372e+00 -1.034500e+02
      vertex   1.500000e+01 6.149916e+00 -1.033019e+02
      vertex   1.500000e+01 6.002532e+00 -1.035363e+02
    endloop
  endfacet
  facet normal 4.208804e-03 9.238713e-01 -3.826800e-01
    outer loop
      vertex   1.300000e+01 6.047372e+00 -1.034500e+02
      vertex   1.500000e+01 6.002532e+00 -1.035363e+02
      vertex   1.300000e+01 5.937482e+00 -1.037153e+02
    endloop
  endfacet
  facet normal -3.759511e-03 9.526272e-01 -3.041173e-01
    outer loop
      vertex   1.300000e+01 5.937482e+00 -1.037153e+02
      vertex   1.500000e+01 6.002532e+00 -1.035363e+02
      vertex   1.500000e+01 5.918335e+00 -1.038000e+02
    endloop
  endfacet
  facet normal 3.963696e-03 9.914371e-01 -1.305252e-01
    outer loop
      vertex   1.300000e+01 5.937482e+00 -1.037153e+02
      vertex   1.500000e+01 5.918335e+00 -1.038000e+02
      vertex   1.300000e+01 5.900000e+00 -1.040000e+02
    endloop
  endfacet
  facet normal -3.397695e-03 9.983372e-01 -5.754423e-02
    outer loop
      vertex   1.300000e+01 5.900000e+00 -1.040000e+02
      vertex   1.500000e+01 5.918335e+00 -1.038000e+02
      vertex   1.500000e+01 5.902519e+00 -1.040744e+02
    endloop
  endfacet
  facet normal 3.606683e-03 9.914384e-01 1.305253e-01
    outer loop
      vertex   1.300000e+01 5.900000e+00 -1.040000e+02
      vertex   1.500000e+01 5.902519e+00 -1.040744e+02
      vertex   1.300000e+01 5.937482e+00 -1.042847e+02
    endloop
  endfacet
  facet normal -3.005750e-03 9.814398e-01 1.917468e-01
    outer loop
      vertex   1.300000e+01 5.937482e+00 -1.042847e+02
      vertex   1.500000e+01 5.902519e+00 -1.040744e+02
      vertex   1.500000e+01 5.955221e+00 -1.043441e+02
    endloop
  endfacet
  facet normal 3.179821e-03 9.238749e-01 3.826815e-01
    outer loop
      vertex   1.300000e+01 5.937482e+00 -1.042847e+02
      vertex   1.500000e+01 5.955221e+00 -1.043441e+02
      vertex   1.300000e+01 6.047372e+00 -1.045500e+02
    endloop
  endfacet
  facet normal -2.543983e-03 9.032690e-01 4.290672e-01
    outer loop
      vertex   1.300000e+01 6.047372e+00 -1.045500e+02
      vertex   1.500000e+01 5.955221e+00 -1.043441e+02
      vertex   1.500000e+01 6.073150e+00 -1.045924e+02
    endloop
  endfacet
  facet normal 2.683166e-03 7.933505e-01 6.087592e-01
    outer loop
      vertex   1.300000e+01 6.047372e+00 -1.045500e+02
      vertex   1.500000e+01 6.073150e+00 -1.045924e+02
      vertex   1.300000e+01 6.222183e+00 -1.047778e+02
    endloop
  endfacet
  facet normal -2.012453e-03 7.687048e-01 6.396006e-01
    outer loop
      vertex   1.300000e+01 6.222183e+00 -1.047778e+02
      vertex   1.500000e+01 6.073150e+00 -1.045924e+02
      vertex   1.500000e+01 6.248945e+00 -1.048037e+02
    endloop
  endfacet
  facet normal 2.116780e-03 6.087601e-01 7.933516e-01
    outer loop
      vertex   1.300000e+01 6.222183e+00 -1.047778e+02
      vertex   1.500000e+01 6.248945e+00 -1.048037e+02
      vertex   1.300000e+01 6.450000e+00 -1.049526e+02
    endloop
  endfacet
  facet normal -1.411226e-03 5.861482e-01 8.102026e-01
    outer loop
      vertex   1.300000e+01 6.450000e+00 -1.049526e+02
      vertex   1.500000e+01 6.248945e+00 -1.048037e+02
      vertex   1.500000e+01 6.471630e+00 -1.049648e+02
    endloop
  endfacet
  facet normal 1.480735e-03 3.826830e-01 9.238785e-01
    outer loop
      vertex   1.300000e+01 6.450000e+00 -1.049526e+02
      vertex   1.500000e+01 6.471630e+00 -1.049648e+02
      vertex   1.300000e+01 6.715299e+00 -1.050625e+02
    endloop
  endfacet
  facet normal -7.403799e-04 3.669965e-01 9.302220e-01
    outer loop
      vertex   1.300000e+01 6.715299e+00 -1.050625e+02
      vertex   1.500000e+01 6.471630e+00 -1.049648e+02
      vertex   1.500000e+01 6.727303e+00 -1.050657e+02
    endloop
  endfacet
  facet normal 7.751115e-04 1.305262e-01 9.914446e-01
    outer loop
      vertex   1.300000e+01 6.715299e+00 -1.050625e+02
      vertex   1.500000e+01 6.727303e+00 -1.050657e+02
      vertex   1.300000e+01 7.000000e+00 -1.051000e+02
    endloop
  endfacet
  facet normal -0.000000e+00 1.249321e-01 9.921653e-01
    outer loop
      vertex   1.300000e+01 7.000000e+00 -1.051000e+02
      vertex   1.500000e+01 6.727303e+00 -1.050657e+02
      vertex   1.500000e+01 7.000000e+00 -1.051000e+02
    endloop
  endfacet
  facet normal 0.000000e+00 -1.249321e-01 9.921653e-01
    outer loop
      vertex   1.300000e+01 7.000000e+00 -1.051000e+02
      vertex   1.500000e+01 7.000000e+00 -1.051000e+02
      vertex   1.500000e+01 7.272697e+00 -1.050657e+02
    endloop
  endfacet
  facet normal -4.347892e-03 -2.496841e-01 -9.683176e-01
    outer loop
      vertex   1.500000e+01 7.138428e+00 -1.029087e+02
      vertex   1.300000e+01 7.284701e+00 -1.029375e+02
      vertex   1.500000e+01 7.406515e+00 -1.029779e+02
    endloop
  endfacet
  facet normal 4.650104e-03 -3.826793e-01 -9.238695e-01
    outer loop
      vertex   1.500000e+01 7.406515e+00 -1.029779e+02
      vertex   1.300000e+01 7.284701e+00 -1.029375e+02
      vertex   1.300000e+01 7.550000e+00 -1.030474e+02
    endloop
  endfacet
  facet normal -4.274332e-03 -4.835518e-01 -8.753053e-01
    outer loop
      vertex   1.500000e+01 7.406515e+00 -1.029779e+02
      vertex   1.300000e+01 7.550000e+00 -1.030474e+02
      vertex   1.500000e+01 7.648851e+00 -1.031117e+02
    endloop
  endfacet
  facet normal 4.552027e-03 -6.087551e-01 -7.933451e-01
    outer loop
      vertex   1.500000e+01 7.648851e+00 -1.031117e+02
      vertex   1.300000e+01 7.550000e+00 -1.030474e+02
      vertex   1.300000e+01 7.777817e+00 -1.032222e+02
    endloop
  endfacet
  facet normal -4.151740e-03 -6.867883e-01 -7.268456e-01
    outer loop
      vertex   1.500000e+01 7.648851e+00 -1.031117e+02
      vertex   1.300000e+01 7.777817e+00 -1.032222e+02
      vertex   1.500000e+01 7.850084e+00 -1.033019e+02
    endloop
  endfacet
  facet normal 4.404923e-03 -7.933456e-01 -6.087555e-01
    outer loop
      vertex   1.500000e+01 7.850084e+00 -1.033019e+02
      vertex   1.300000e+01 7.777817e+00 -1.032222e+02
      vertex   1.300000e+01 7.952628e+00 -1.034500e+02
    endloop
  endfacet
  facet normal -3.980126e-03 -8.465196e-01 -5.323426e-01
    outer loop
      vertex   1.500000e+01 7.850084e+00 -1.033019e+02
      vertex   1.300000e+01 7.952628e+00 -1.034500e+02
      vertex   1.500000e+01 7.997468e+00 -1.035363e+02
    endloop
  endfacet
  facet normal 4.208804e-03 -9.238713e-01 -3.826800e-01
    outer loop
      vertex   1.500000e+01 7.997468e+00 -1.035363e+02
      vertex   1.300000e+01 7.952628e+00 -1.034500e+02
      vertex   1.300000e+01 8.062518e+00 -1.037153e+02
    endloop
  endfacet
  facet normal -3.759511e-03 -9.526272e-01 -3.041173e-01
    outer loop
      vertex   1.500000e+01 7.997468e+00 -1.035363e+02
      vertex   1.300000e+01 8.062518e+00 -1.037153e+02
      vertex   1.500000e+01 8.081665e+00 -1.038000e+02
    endloop
  endfacet
  facet normal 3.963696e-03 -9.914371e-01 -1.305252e-01
    outer loop
      vertex   1.500000e+01 8.081665e+00 -1.038000e+02
      vertex   1.300000e+01 8.062518e+00 -1.037153e+02
      vertex   1.300000e+01 8.100000e+00 -1.040000e+02
    endloop
  endfacet
  facet normal -3.397695e-03 -9.983372e-01 -5.754423e-02
    outer loop
      vertex   1.500000e+01 8.081665e+00 -1.038000e+02
      vertex   1.300000e+01 8.100000e+00 -1.040000e+02
      vertex   1.500000e+01 8.097481e+00 -1.040744e+02
    endloop
  endfacet
  facet normal 3.606683e-03 -9.914384e-01 1.305253e-01
    outer loop
      vertex   1.500000e+01 8.097481e+00 -1.040744e+02
      vertex   1.300000e+01 8.100000e+00 -1.040000e+02
      vertex   1.300000e+01 8.062518e+00 -1.042847e+02
    endloop
  endfacet
  facet normal -3.005750e-03 -9.814398e-01 1.917468e-01
    outer loop
      vertex   1.500000e+01 8.097481e+00 -1.040744e+02
      vertex   1.300000e+01 8.062518e+00 -1.042847e+02
      vertex   1.500000e+01 8.044779e+00 -1.043441e+02
    endloop
  endfacet
  facet normal 3.179821e-03 -9.238749e-01 3.826815e-01
    outer loop
      vertex   1.500000e+01 8.044779e+00 -1.043441e+02
      vertex   1.300000e+01 8.062518e+00 -1.042847e+02
      vertex   1.300000e+01 7.952628e+00 -1.045500e+02
    endloop
  endfacet
  facet normal -2.543983e-03 -9.032690e-01 4.290672e-01
    outer loop
      vertex   1.500000e+01 8.044779e+00 -1.043441e+02
      vertex   1.300000e+01 7.952628e+00 -1.045500e+02
      vertex   1.500000e+01 7.926850e+00 -1.045924e+02
    endloop
  endfacet
  facet normal 2.683166e-03 -7.933505e-01 6.087592e-01
    outer loop
      vertex   1.500000e+01 7.926850e+00 -1.045924e+02
      vertex   1.300000e+01 7.952628e+00 -1.045500e+02
      vertex   1.300000e+01 7.777817e+00 -1.047778e+02
    endloop
  endfacet
  facet normal -2.012453e-03 -7.687048e-01 6.396006e-01
    outer loop
      vertex   1.500000e+01 7.926850e+00 -1.045924e+02
      vertex   1.300000e+01 7.777817e+00 -1.047778e+02
      vertex   1.500000e+01 7.751055e+00 -1.048037e+02
    endloop
  endfacet
  facet normal 2.116780e-03 -6.087601e-01 7.933516e-01
    outer loop
      vertex   1.500000e+01 7.751055e+00 -1.048037e+02
      vertex   1.300000e+01 7.777817e+00 -1.047778e+02
      vertex   1.300000e+01 7.550000e+00 -1.049526e+02
    endloop
  endfacet
  facet normal -1.411226e-03 -5.861482e-01 8.102026e-01
    outer loop
      vertex   1.500000e+01 7.751055e+00 -1.048037e+02
      vertex   1.300000e+01 7.550000e+00 -1.049526e+02
      vertex   1.500000e+01 7.528370e+00 -1.049648e+02
    endloop
  endfacet
  facet normal 1.480735e-03 -3.826830e-01 9.238785e-01
    outer loop
      vertex   1.500000e+01 7.528370e+00 -1.049648e+02
      vertex   1.300000e+01 7.550000e+00 -1.049526e+02
      vertex   1.300000e+01 7.284701e+00 -1.050625e+02
    endloop
  endfacet
  facet normal -7.403799e-04 -3.669965e-01 9.302220e-01
    outer loop
      vertex   1.500000e+01 7.528370e+00 -1.049648e+02
      vertex   1.300000e+01 7.284701e+00 -1.050625e+02
      vertex   1.500000e+01 7.272697e+00 -1.050657e+02
    endloop
  endfacet
  facet normal 7.751115e-04 -1.305262e-01 9.914446e-01
    outer loop
      vertex   1.500000e+01 7.272697e+00 -1.050657e+02
      vertex   1.300000e+01 7.284701e+00 -1.050625e+02
      vertex   1.300000e+01 7.000000e+00 -1.051000e+02
    endloop
  endfacet
  facet normal -3.336130e-03 -9.983018e-01 5.815865e-02
    outer loop
      vertex   1.500000e+01 8.097572e+00 -6.926953e+00
      vertex   1.300000e+01 8.100000e+00 -7.000000e+00
      vertex   1.500000e+01 8.081665e+00 -7.200004e+00
    endloop
  endfacet
  facet normal 3.963612e-03 -9.914371e-01 1.305252e-01
    outer loop
      vertex   1.500000e+01 8.081665e+00 -7.200004e+00
      vertex   1.300000e+01 8.100000e+00 -7.000000e+00
      vertex   1.300000e+01 8.062518e+00 -7.284701e+00
    endloop
  endfacet
  facet normal -3.759409e-03 -9.526265e-01 3.041196e-01
    outer loop
      vertex   1.500000e+01 8.081665e+00 -7.200004e+00
      vertex   1.300000e+01 8.062518e+00 -7.284701e+00
      vertex   1.500000e+01 7.997467e+00 -7.463745e+00
    endloop
  endfacet
  facet normal 4.208763e-03 -9.238713e-01 3.826800e-01
    outer loop
      vertex   1.500000e+01 7.997467e+00 -7.463745e+00
      vertex   1.300000e+01 8.062518e+00 -7.284701e+00
      vertex   1.300000e+01 7.952628e+00 -7.550000e+00
    endloop
  endfacet
  facet normal -3.980080e-03 -8.465188e-01 5.323440e-01
    outer loop
      vertex   1.500000e+01 7.997467e+00 -7.463745e+00
      vertex   1.300000e+01 7.952628e+00 -7.550000e+00
      vertex   1.500000e+01 7.850083e+00 -7.698110e+00
    endloop
  endfacet
  facet normal 4.404898e-03 -7.933456e-01 6.087555e-01
    outer loop
      vertex   1.500000e+01 7.850083e+00 -7.698110e+00
      vertex   1.300000e+01 7.952628e+00 -7.550000e+00
      vertex   1.300000e+01 7.777817e+00 -7.777817e+00
    endloop
  endfacet
  facet normal -4.151708e-03 -6.867875e-01 7.268464e-01
    outer loop
      vertex   1.500000e+01 7.850083e+00 -7.698110e+00
      vertex   1.300000e+01 7.777817e+00 -7.777817e+00
      vertex   1.500000e+01 7.648850e+00 -7.888253e+00
    endloop
  endfacet
  facet normal 4.552014e-03 -6.087551e-01 7.933451e-01
    outer loop
      vertex   1.500000e+01 7.648850e+00 -7.888253e+00
      vertex   1.300000e+01 7.777817e+00 -7.777817e+00
      vertex   1.300000e+01 7.550000e+00 -7.952628e+00
    endloop
  endfacet
  facet normal -4.274311e-03 -4.835511e-01 8.753057e-01
    outer loop
      vertex   1.500000e+01 7.648850e+00 -7.888253e+00
      vertex   1.300000e+01 7.550000e+00 -7.952628e+00
      vertex   1.500000e+01 7.406515e+00 -8.022128e+00
    endloop
  endfacet
  facet normal 4.650099e-03 -3.826793e-01 9.238695e-01
    outer loop
      vertex   1.500000e+01 7.406515e+00 -8.022128e+00
      vertex   1.300000e+01 7.550000e+00 -7.952628e+00
      vertex   1.300000e+01 7.284701e+00 -8.062518e+00
    endloop
  endfacet
  facet normal -4.347876e-03 -2.496837e-01 9.683177e-01
    outer loop
      vertex   1.500000e+01 7.406515e+00 -8.022128e+00
      vertex   1.300000e+01 7.284701e+00 -8.062518e+00
      vertex   1.500000e+01 7.138428e+00 -8.091255e+00
    endloop
  endfacet
  facet normal 4.699143e-03 -1.305248e-01 9.914339e-01
    outer loop
      vertex   1.500000e+01 7.138428e+00 -8.091255e+00
      vertex   1.300000e+01 7.284701e+00 -8.062518e+00
      vertex   1.300000e+01 7.000000e+00 -8.100000e+00
    endloop
  endfacet
  facet normal -4.372399e-03 -6.416122e-15 9.999904e-01
    outer loop
      vertex   1.500000e+01 7.138428e+00 -8.091255e+00
      vertex   1.300000e+01 7.000000e+00 -8.100000e+00
      vertex   1.500000e+01 6.861572e+00 -8.091255e+00
    endloop
  endfacet
  facet normal 4.699143e-03 1.305248e-01 9.914339e-01
    outer loop
      vertex   1.500000e+01 6.861572e+00 -8.091255e+00
      vertex   1.300000e+01 7.000000e+00 -8.100000e+00
      vertex   1.300000e+01 6.715299e+00 -8.062518e+00
    endloop
  endfacet
  facet normal -4.347876e-03 2.496837e-01 9.683177e-01
    outer loop
      vertex   1.500000e+01 6.861572e+00 -8.091255e+00
      vertex   1.300000e+01 6.715299e+00 -8.062518e+00
      vertex   1.500000e+01 6.593485e+00 -8.022128e+00
    endloop
  endfacet
  facet normal 4.650099e-03 3.826793e-01 9.238695e-01
    outer loop
      vertex   1.500000e+01 6.593485e+00 -8.022128e+00
      vertex   1.300000e+01 6.715299e+00 -8.062518e+00
      vertex   1.300000e+01 6.450000e+00 -7.952628e+00
    endloop
  endfacet
  facet normal -4.274311e-03 4.835511e-01 8.753057e-01
    outer loop
      vertex   1.500000e+01 6.593485e+00 -8.022128e+00
      vertex   1.300000e+01 6.450000e+00 -7.952628e+00
      vertex   1.500000e+01 6.351150e+00 -7.888253e+00
    endloop
  endfacet
  facet normal 4.552014e-03 6.087551e-01 7.933451e-01
    outer loop
      vertex   1.500000e+01 6.351150e+00 -7.888253e+00
      vertex   1.300000e+01 6.450000e+00 -7.952628e+00
      vertex   1.300000e+01 6.222183e+00 -7.777817e+00
    endloop
  endfacet
  facet normal -4.151708e-03 6.867875e-01 7.268464e-01
    outer loop
      vertex   1.500000e+01 6.351150e+00 -7.888253e+00
      vertex   1.300000e+01 6.222183e+00 -7.777817e+00
      vertex   1.500000e+01 6.149917e+00 -7.698110e+00
    endloop
  endfacet
  facet normal 4.404898e-03 7.933456e-01 6.087555e-01
    outer loop
      vertex   1.500000e+01 6.149917e+00 -7.698110e+00
      vertex   1.300000e+01 6.222183e+00 -7.777817e+00
      vertex   1.300000e+01 6.047372e+00 -7.550000e+00
    endloop
  endfacet
  facet normal -3.980080e-03 8.465188e-01 5.323440e-01
    outer loop
      vertex   1.500000e+01 6.149917e+00 -7.698110e+00
      vertex   1.300000e+01 6.047372e+00 -7.550000e+00
      vertex   1.500000e+01 6.002533e+00 -7.463745e+00
    endloop
  endfacet
  facet normal 4.208763e-03 9.238713e-01 3.826800e-01
    outer loop
      vertex   1.500000e+01 6.002533e+00 -7.463745e+00
      vertex   1.300000e+01 6.047372e+00 -7.550000e+00
      vertex   1.300000e+01 5.937482e+00 -7.284701e+00
    endloop
  endfacet
  facet normal -3.759409e-03 9.526265e-01 3.041196e-01
    outer loop
      vertex   1.500000e+01 6.002533e+00 -7.463745e+00
      vertex   1.300000e+01 5.937482e+00 -7.284701e+00
      vertex   1.500000e+01 5.918335e+00 -7.200004e+00
    endloop
  endfacet
  facet normal 3.963612e-03 9.914371e-01 1.305252e-01
    outer loop
      vertex   1.500000e+01 5.918335e+00 -7.200004e+00
      vertex   1.300000e+01 5.937482e+00 -7.284701e+00
      vertex   1.300000e+01 5.900000e+00 -7.000000e+00
    endloop
  endfacet
  facet normal -3.336130e-03 9.983018e-01 5.815865e-02
    outer loop
      vertex   1.500000e+01 5.918335e+00 -7.200004e+00
      vertex   1.300000e+01 5.900000e+00 -7.000000e+00
      vertex   1.500000e+01 5.902428e+00 -6.926953e+00
    endloop
  endfacet
  facet normal 3.563604e-03 9.914386e-01 -1.305254e-01
    outer loop
      vertex   1.500000e+01 5.902428e+00 -6.926953e+00
      vertex   1.300000e+01 5.900000e+00 -7.000000e+00
      vertex   1.300000e+01 5.937482e+00 -6.715299e+00
    endloop
  endfacet
  facet normal -2.893194e-03 9.817914e-01 -1.899402e-01
    outer loop
      vertex   1.500000e+01 5.902428e+00 -6.926953e+00
      vertex   1.300000e+01 5.937482e+00 -6.715299e+00
      vertex   1.500000e+01 5.954380e+00 -6.658419e+00
    endloop
  endfacet
  facet normal 3.077761e-03 9.238752e-01 -3.826816e-01
    outer loop
      vertex   1.500000e+01 5.954380e+00 -6.658419e+00
      vertex   1.300000e+01 5.937482e+00 -6.715299e+00
      vertex   1.300000e+01 6.047372e+00 -6.450000e+00
    endloop
  endfacet
  facet normal -2.364460e-03 9.045804e-01 -4.262965e-01
    outer loop
      vertex   1.500000e+01 5.954380e+00 -6.658419e+00
      vertex   1.300000e+01 6.047372e+00 -6.450000e+00
      vertex   1.500000e+01 6.070978e+00 -6.411003e+00
    endloop
  endfacet
  facet normal 2.506160e-03 7.933508e-01 -6.087595e-01
    outer loop
      vertex   1.500000e+01 6.070978e+00 -6.411003e+00
      vertex   1.300000e+01 6.047372e+00 -6.450000e+00
      vertex   1.300000e+01 6.222183e+00 -6.222183e+00
    endloop
  endfacet
  facet normal -3.136821e-03 7.640917e-01 -6.451000e-01
    outer loop
      vertex   1.500000e+01 6.070978e+00 -6.411003e+00
      vertex   1.300000e+01 6.222183e+00 -6.222183e+00
      vertex   1.400000e+01 6.245013e+00 -6.200003e+00
    endloop
  endfacet
  facet normal 3.697645e-03 6.087573e-01 -7.933479e-01
    outer loop
      vertex   1.400000e+01 6.245013e+00 -6.200003e+00
      vertex   1.300000e+01 6.222183e+00 -6.222183e+00
      vertex   1.300000e+01 6.450000e+00 -6.047372e+00
    endloop
  endfacet
  facet normal -2.465154e-03 5.894530e-01 -8.077989e-01
    outer loop
      vertex   1.400000e+01 6.245013e+00 -6.200003e+00
      vertex   1.300000e+01 6.450000e+00 -6.047372e+00
      vertex   1.400000e+01 6.468479e+00 -6.036939e+00
    endloop
  endfacet
  facet normal 2.566778e-03 3.826822e-01 -9.238765e-01
    outer loop
      vertex   1.400000e+01 6.468479e+00 -6.036939e+00
      vertex   1.300000e+01 6.450000e+00 -6.047372e+00
      vertex   1.300000e+01 6.715299e+00 -5.937482e+00
    endloop
  endfacet
  facet normal -1.283407e-03 3.692761e-01 -9.293189e-01
    outer loop
      vertex   1.400000e+01 6.468479e+00 -6.036939e+00
      vertex   1.300000e+01 6.715299e+00 -5.937482e+00
      vertex   1.400000e+01 6.725561e+00 -5.934785e+00
    endloop
  endfacet
  facet normal 1.334190e-03 1.305261e-01 -9.914440e-01
    outer loop
      vertex   1.400000e+01 6.725561e+00 -5.934785e+00
      vertex   1.300000e+01 6.715299e+00 -5.937482e+00
      vertex   1.300000e+01 7.000000e+00 -5.900000e+00
    endloop
  endfacet
  facet normal 0.000000e+00 1.257430e-01 -9.920628e-01
    outer loop
      vertex   1.400000e+01 6.725561e+00 -5.934785e+00
      vertex   1.300000e+01 7.000000e+00 -5.900000e+00
      vertex   1.400000e+01 7.000000e+00 -5.900000e+00
    endloop
  endfacet
  facet normal -0.000000e+00 -1.257430e-01 -9.920628e-01
    outer loop
      vertex   1.400000e+01 7.000000e+00 -5.900000e+00
      vertex   1.300000e+01 7.000000e+00 -5.900000e+00
      vertex   1.400000e+01 7.274439e+00 -5.934785e+00
    endloop
  endfacet
  facet normal 1.334190e-03 -1.305261e-01 -9.914440e-01
    outer loop
      vertex   1.400000e+01 7.274439e+00 -5.934785e+00
      vertex   1.300000e+01 7.000000e+00 -5.900000e+00
      vertex   1.300000e+01 7.284701e+00 -5.937482e+00
    endloop
  endfacet
  facet normal -1.283407e-03 -3.692761e-01 -9.293189e-01
    outer loop
      vertex   1.400000e+01 7.274439e+00 -5.934785e+00
      vertex   1.300000e+01 7.284701e+00 -5.937482e+00
      vertex   1.400000e+01 7.531521e+00 -6.036939e+00
    endloop
  endfacet
  facet normal 2.566778e-03 -3.826822e-01 -9.238765e-01
    outer loop
      vertex   1.400000e+01 7.531521e+00 -6.036939e+00
      vertex   1.300000e+01 7.284701e+00 -5.937482e+00
      vertex   1.300000e+01 7.550000e+00 -6.047372e+00
    endloop
  endfacet
  facet normal -2.465154e-03 -5.894530e-01 -8.077989e-01
    outer loop
      vertex   1.400000e+01 7.531521e+00 -6.036939e+00
      vertex   1.300000e+01 7.550000e+00 -6.047372e+00
      vertex   1.400000e+01 7.754987e+00 -6.200003e+00
    endloop
  endfacet
  facet normal 3.697645e-03 -6.087573e-01 -7.933479e-01
    outer loop
      vertex   1.400000e+01 7.754987e+00 -6.200003e+00
      vertex   1.300000e+01 7.550000e+00 -6.047372e+00
      vertex   1.300000e+01 7.777817e+00 -6.222183e+00
    endloop
  endfacet
  facet normal -1.480503e-08 -6.968024e-01 -7.172631e-01
    outer loop
      vertex   1.400000e+01 7.754987e+00 -6.200003e+00
      vertex   1.300000e+01 7.777817e+00 -6.222183e+00
      vertex   1.500000e+01 7.754986e+00 -6.200002e+00
    endloop
  endfacet
  facet normal -1.750010e-03 -7.714422e-01 -6.362970e-01
    outer loop
      vertex   1.500000e+01 7.754986e+00 -6.200002e+00
      vertex   1.300000e+01 7.777817e+00 -6.222183e+00
      vertex   1.500000e+01 7.929022e+00 -6.411003e+00
    endloop
  endfacet
  facet normal 2.506160e-03 -7.933508e-01 -6.087595e-01
    outer loop
      vertex   1.500000e+01 7.929022e+00 -6.411003e+00
      vertex   1.300000e+01 7.777817e+00 -6.222183e+00
      vertex   1.300000e+01 7.952628e+00 -6.450000e+00
    endloop
  endfacet
  facet normal -2.364460e-03 -9.045804e-01 -4.262965e-01
    outer loop
      vertex   1.500000e+01 7.929022e+00 -6.411003e+00
      vertex   1.300000e+01 7.952628e+00 -6.450000e+00
      vertex   1.500000e+01 8.045620e+00 -6.658419e+00
    endloop
  endfacet
  facet normal 3.077761e-03 -9.238752e-01 -3.826816e-01
    outer loop
      vertex   1.500000e+01 8.045620e+00 -6.658419e+00
      vertex   1.300000e+01 7.952628e+00 -6.450000e+00
      vertex   1.300000e+01 8.062518e+00 -6.715299e+00
    endloop
  endfacet
  facet normal -2.893194e-03 -9.817914e-01 -1.899402e-01
    outer loop
      vertex   1.500000e+01 8.045620e+00 -6.658419e+00
      vertex   1.300000e+01 8.062518e+00 -6.715299e+00
      vertex   1.500000e+01 8.097572e+00 -6.926953e+00
    endloop
  endfacet
  facet normal 3.563604e-03 -9.914386e-01 -1.305254e-01
    outer loop
      vertex   1.500000e+01 8.097572e+00 -6.926953e+00
      vertex   1.300000e+01 8.062518e+00 -6.715299e+00
      vertex   1.300000e+01 8.100000e+00 -7.000000e+00
    endloop
  endfacet
  facet normal -1.272087e-07 7.714434e-01 -6.362980e-01
    outer loop
      vertex   1.400000e+01 6.245013e+00 -6.200003e+00
      vertex   1.500000e+01 6.245014e+00 -6.200002e+00
      vertex   1.500000e+01 6.070978e+00 -6.411003e+00
    endloop
  endfacet
  facet normal 0.000000e+00 1.305262e-01 -9.914449e-01
    outer loop
      vertex   -3.999995e+00 6.715299e+00 -5.937482e+00
      vertex   -4.999995e+00 6.715299e+00 -5.937482e+00
      vertex   -3.999995e+00 7.000000e+00 -5.900000e+00
    endloop
  endfacet
  facet normal 0.000000e+00 1.305262e-01 -9.914449e-01
    outer loop
      vertex   -3.999995e+00 7.000000e+00 -5.900000e+00
      vertex   -4.999995e+00 6.715299e+00 -5.937482e+00
      vertex   -4.999995e+00 7.000000e+00 -5.900000e+00
    endloop
  endfacet
  facet normal -0.000000e+00 -1.305262e-01 -9.914449e-01
    outer loop
      vertex   -3.999995e+00 7.000000e+00 -5.900000e+00
      vertex   -4.999995e+00 7.000000e+00 -5.900000e+00
      vertex   -3.999995e+00 7.284701e+00 -5.937482e+00
    endloop
  endfacet
  facet normal -0.000000e+00 -1.305262e-01 -9.914449e-01
    outer loop
      vertex   -3.999995e+00 7.284701e+00 -5.937482e+00
      vertex   -4.999995e+00 7.000000e+00 -5.900000e+00
      vertex   -4.999995e+00 7.284701e+00 -5.937482e+00
    endloop
  endfacet
  facet normal -0.000000e+00 -3.826834e-01 -9.238795e-01
    outer loop
      vertex   -3.999995e+00 7.284701e+00 -5.937482e+00
      vertex   -4.999995e+00 7.284701e+00 -5.937482e+00
      vertex   -3.999995e+00 7.550000e+00 -6.047372e+00
    endloop
  endfacet
  facet normal -0.000000e+00 -3.826834e-01 -9.238795e-01
    outer loop
      vertex   -3.999995e+00 7.550000e+00 -6.047372e+00
      vertex   -4.999995e+00 7.284701e+00 -5.937482e+00
      vertex   -4.999995e+00 7.550000e+00 -6.047372e+00
    endloop
  endfacet
  facet normal -0.000000e+00 -6.087614e-01 -7.933533e-01
    outer loop
      vertex   -3.999995e+00 7.550000e+00 -6.047372e+00
      vertex   -4.999995e+00 7.550000e+00 -6.047372e+00
      vertex   -3.999995e+00 7.777817e+00 -6.222183e+00
    endloop
  endfacet
  facet normal -0.000000e+00 -6.087614e-01 -7.933533e-01
    outer loop
      vertex   -3.999995e+00 7.777817e+00 -6.222183e+00
      vertex   -4.999995e+00 7.550000e+00 -6.047372e+00
      vertex   -4.999995e+00 7.777817e+00 -6.222183e+00
    endloop
  endfacet
  facet normal -0.000000e+00 -7.933533e-01 -6.087614e-01
    outer loop
      vertex   -3.999995e+00 7.777817e+00 -6.222183e+00
      vertex   -4.999995e+00 7.777817e+00 -6.222183e+00
      vertex   -3.999995e+00 7.952628e+00 -6.450000e+00
    endloop
  endfacet
  facet normal -0.000000e+00 -7.933533e-01 -6.087614e-01
    outer loop
      vertex   -3.999995e+00 7.952628e+00 -6.450000e+00
      vertex   -4.999995e+00 7.777817e+00 -6.222183e+00
      vertex   -4.999995e+00 7.952628e+00 -6.450000e+00
    endloop
  endfacet
  facet normal -0.000000e+00 -9.238795e-01 -3.826834e-01
    outer loop
      vertex   -3.999995e+00 7.952628e+00 -6.450000e+00
      vertex   -4.999995e+00 7.952628e+00 -6.450000e+00
      vertex   -3.999995e+00 8.062518e+00 -6.715299e+00
    endloop
  endfacet
  facet normal -0.000000e+00 -9.238795e-01 -3.826834e-01
    outer loop
      vertex   -3.999995e+00 8.062518e+00 -6.715299e+00
      vertex   -4.999995e+00 7.952628e+00 -6.450000e+00
      vertex   -4.999995e+00 8.062518e+00 -6.715299e+00
    endloop
  endfacet
  facet normal -0.000000e+00 -9.914449e-01 -1.305262e-01
    outer loop
      vertex   -3.999995e+00 8.062518e+00 -6.715299e+00
      vertex   -4.999995e+00 8.062518e+00 -6.715299e+00
      vertex   -3.999995e+00 8.100000e+00 -7.000000e+00
    endloop
  endfacet
  facet normal -0.000000e+00 -9.914449e-01 -1.305262e-01
    outer loop
      vertex   -3.999995e+00 8.100000e+00 -7.000000e+00
      vertex   -4.999995e+00 8.062518e+00 -6.715299e+00
      vertex   -4.999995e+00 8.100000e+00 -7.000000e+00
    endloop
  endfacet
  facet normal 0.000000e+00 -9.914449e-01 1.305262e-01
    outer loop
      vertex   -3.999995e+00 8.100000e+00 -7.000000e+00
      vertex   -4.999995e+00 8.100000e+00 -7.000000e+00
      vertex   -3.999995e+00 8.062518e+00 -7.284701e+00
    endloop
  endfacet
  facet normal 0.000000e+00 -9.914449e-01 1.305262e-01
    outer loop
      vertex   -3.999995e+00 8.062518e+00 -7.284701e+00
      vertex   -4.999995e+00 8.100000e+00 -7.000000e+00
      vertex   -4.999995e+00 8.062518e+00 -7.284701e+00
    endloop
  endfacet
  facet normal 0.000000e+00 -9.238795e-01 3.826834e-01
    outer loop
      vertex   -3.999995e+00 8.062518e+00 -7.284701e+00
      vertex   -4.999995e+00 8.062518e+00 -7.284701e+00
      vertex   -3.999995e+00 7.952628e+00 -7.550000e+00
    endloop
  endfacet
  facet normal 0.000000e+00 -9.238795e-01 3.826834e-01
    outer loop
      vertex   -3.999995e+00 7.952628e+00 -7.550000e+00
      vertex   -4.999995e+00 8.062518e+00 -7.284701e+00
      vertex   -4.999995e+00 7.952628e+00 -7.550000e+00
    endloop
  endfacet
  facet normal 0.000000e+00 -7.933533e-01 6.087614e-01
    outer loop
      vertex   -3.999995e+00 7.952628e+00 -7.550000e+00
      vertex   -4.999995e+00 7.952628e+00 -7.550000e+00
      vertex   -3.999995e+00 7.777817e+00 -7.777817e+00
    endloop
  endfacet
  facet normal 0.000000e+00 -7.933533e-01 6.087614e-01
    outer loop
      vertex   -3.999995e+00 7.777817e+00 -7.777817e+00
      vertex   -4.999995e+00 7.952628e+00 -7.550000e+00
      vertex   -4.999995e+00 7.777817e+00 -7.777817e+00
    endloop
  endfacet
  facet normal 0.000000e+00 -6.087614e-01 7.933533e-01
    outer loop
      vertex   -3.999995e+00 7.777817e+00 -7.777817e+00
      vertex   -4.999995e+00 7.777817e+00 -7.777817e+00
      vertex   -3.999995e+00 7.550000e+00 -7.952628e+00
    endloop
  endfacet
  facet normal 0.000000e+00 -6.087614e-01 7.933533e-01
    outer loop
      vertex   -3.999995e+00 7.550000e+00 -7.952628e+00
      vertex   -4.999995e+00 7.777817e+00 -7.777817e+00
      vertex   -4.999995e+00 7.550000e+00 -7.952628e+00
    endloop
  endfacet
  facet normal 0.000000e+00 -3.826834e-01 9.238795e-01
    outer loop
      vertex   -3.999995e+00 7.550000e+00 -7.952628e+00
      vertex   -4.999995e+00 7.550000e+00 -7.952628e+00
      vertex   -3.999995e+00 7.284701e+00 -8.062518e+00
    endloop
  endfacet
  facet normal 0.000000e+00 -3.826834e-01 9.238795e-01
    outer loop
      vertex   -3.999995e+00 7.284701e+00 -8.062518e+00
      vertex   -4.999995e+00 7.550000e+00 -7.952628e+00
      vertex   -4.999995e+00 7.284701e+00 -8.062518e+00
    endloop
  endfacet
  facet normal 0.000000e+00 -1.305262e-01 9.914449e-01
    outer loop
      vertex   -3.999995e+00 7.284701e+00 -8.062518e+00
      vertex   -4.999995e+00 7.284701e+00 -8.062518e+00
      vertex   -3.999995e+00 7.000000e+00 -8.100000e+00
    endloop
  endfacet
  facet normal 0.000000e+00 -1.305262e-01 9.914449e-01
    outer loop
      vertex   -3.999995e+00 7.000000e+00 -8.100000e+00
      vertex   -4.999995e+00 7.284701e+00 -8.062518e+00
      vertex   -4.999995e+00 7.000000e+00 -8.100000e+00
    endloop
  endfacet
  facet normal 0.000000e+00 1.305262e-01 9.914449e-01
    outer loop
      vertex   -3.999995e+00 7.000000e+00 -8.100000e+00
      vertex   -4.999995e+00 7.000000e+00 -8.100000e+00
      vertex   -3.999995e+00 6.715299e+00 -8.062518e+00
    endloop
  endfacet
  facet normal 0.000000e+00 1.305262e-01 9.914449e-01
    outer loop
      vertex   -3.999995e+00 6.715299e+00 -8.062518e+00
      vertex   -4.999995e+00 7.000000e+00 -8.100000e+00
      vertex   -4.999995e+00 6.715299e+00 -8.062518e+00
    endloop
  endfacet
  facet normal 0.000000e+00 3.826834e-01 9.238795e-01
    outer loop
      vertex   -3.999995e+00 6.715299e+00 -8.062518e+00
      vertex   -4.999995e+00 6.715299e+00 -8.062518e+00
      vertex   -3.999995e+00 6.450000e+00 -7.952628e+00
    endloop
  endfacet
  facet normal 0.000000e+00 3.826834e-01 9.238795e-01
    outer loop
      vertex   -3.999995e+00 6.450000e+00 -7.952628e+00
      vertex   -4.999995e+00 6.715299e+00 -8.062518e+00
      vertex   -4.999995e+00 6.450000e+00 -7.952628e+00
    endloop
  endfacet
  facet normal 0.000000e+00 6.087614e-01 7.933533e-01
    outer loop
      vertex   -3.999995e+00 6.450000e+00 -7.952628e+00
      vertex   -4.999995e+00 6.450000e+00 -7.952628e+00
      vertex   -3.999995e+00 6.222183e+00 -7.777817e+00
    endloop
  endfacet
  facet normal 0.000000e+00 6.087614e-01 7.933533e-01
    outer loop
      vertex   -3.999995e+00 6.222183e+00 -7.777817e+00
      vertex   -4.999995e+00 6.450000e+00 -7.952628e+00
      vertex   -4.999995e+00 6.222183e+00 -7.777817e+00
    endloop
  endfacet
  facet normal 0.000000e+00 7.933533e-01 6.087614e-01
    outer loop
      vertex   -3.999995e+00 6.222183e+00 -7.777817e+00
      vertex   -4.999995e+00 6.222183e+00 -7.777817e+00
      vertex   -3.999995e+00 6.047372e+00 -7.550000e+00
    endloop
  endfacet
  facet normal 0.000000e+00 7.933533e-01 6.087614e-01
    outer loop
      vertex   -3.999995e+00 6.047372e+00 -7.550000e+00
      vertex   -4.999995e+00 6.222183e+00 -7.777817e+00
      vertex   -4.999995e+00 6.047372e+00 -7.550000e+00
    endloop
  endfacet
  facet normal 0.000000e+00 9.238795e-01 3.826834e-01
    outer loop
      vertex   -3.999995e+00 6.047372e+00 -7.550000e+00
      vertex   -4.999995e+00 6.047372e+00 -7.550000e+00
      vertex   -3.999995e+00 5.937482e+00 -7.284701e+00
    endloop
  endfacet
  facet normal 0.000000e+00 9.238795e-01 3.826834e-01
    outer loop
      vertex   -3.999995e+00 5.937482e+00 -7.284701e+00
      vertex   -4.999995e+00 6.047372e+00 -7.550000e+00
      vertex   -4.999995e+00 5.937482e+00 -7.284701e+00
    endloop
  endfacet
  facet normal 0.000000e+00 9.914449e-01 1.305262e-01
    outer loop
      vertex   -3.999995e+00 5.937482e+00 -7.284701e+00
      vertex   -4.999995e+00 5.937482e+00 -7.284701e+00
      vertex   -3.999995e+00 5.900000e+00 -7.000000e+00
    endloop
  endfacet
  facet normal 0.000000e+00 9.914449e-01 1.305262e-01
    outer loop
      vertex   -3.999995e+00 5.900000e+00 -7.000000e+00
      vertex   -4.999995e+00 5.937482e+00 -7.284701e+00
      vertex   -4.999995e+00 5.900000e+00 -7.000000e+00
    endloop
  endfacet
  facet normal 0.000000e+00 9.914449e-01 -1.305262e-01
    outer loop
      vertex   -3.999995e+00 5.900000e+00 -7.000000e+00
      vertex   -4.999995e+00 5.900000e+00 -7.000000e+00
      vertex   -3.999995e+00 5.937482e+00 -6.715299e+00
    endloop
  endfacet
  facet normal 0.000000e+00 9.914449e-01 -1.305262e-01
    outer loop
      vertex   -3.999995e+00 5.937482e+00 -6.715299e+00
      vertex   -4.999995e+00 5.900000e+00 -7.000000e+00
      vertex   -4.999995e+00 5.937482e+00 -6.715299e+00
    endloop
  endfacet
  facet normal 0.000000e+00 9.238795e-01 -3.826834e-01
    outer loop
      vertex   -3.999995e+00 5.937482e+00 -6.715299e+00
      vertex   -4.999995e+00 5.937482e+00 -6.715299e+00
      vertex   -3.999995e+00 6.047372e+00 -6.450000e+00
    endloop
  endfacet
  facet normal 0.000000e+00 9.238795e-01 -3.826834e-01
    outer loop
      vertex   -3.999995e+00 6.047372e+00 -6.450000e+00
      vertex   -4.999995e+00 5.937482e+00 -6.715299e+00
      vertex   -4.999995e+00 6.047372e+00 -6.450000e+00
    endloop
  endfacet
  facet normal 0.000000e+00 7.933533e-01 -6.087614e-01
    outer loop
      vertex   -3.999995e+00 6.047372e+00 -6.450000e+00
      vertex   -4.999995e+00 6.047372e+00 -6.450000e+00
      vertex   -3.999995e+00 6.222183e+00 -6.222183e+00
    endloop
  endfacet
  facet normal 0.000000e+00 7.933533e-01 -6.087614e-01
    outer loop
      vertex   -3.999995e+00 6.222183e+00 -6.222183e+00
      vertex   -4.999995e+00 6.047372e+00 -6.450000e+00
      vertex   -4.999995e+00 6.222183e+00 -6.222183e+00
    endloop
  endfacet
  facet normal 0.000000e+00 6.087614e-01 -7.933533e-01
    outer loop
      vertex   -3.999995e+00 6.222183e+00 -6.222183e+00
      vertex   -4.999995e+00 6.222183e+00 -6.222183e+00
      vertex   -3.999995e+00 6.450000e+00 -6.047372e+00
    endloop
  endfacet
  facet normal 0.000000e+00 6.087614e-01 -7.933533e-01
    outer loop
      vertex   -3.999995e+00 6.450000e+00 -6.047372e+00
      vertex   -4.999995e+00 6.222183e+00 -6.222183e+00
      vertex   -4.999995e+00 6.450000e+00 -6.047372e+00
    endloop
  endfacet
  facet normal 0.000000e+00 3.826834e-01 -9.238795e-01
    outer loop
      vertex   -3.999995e+00 6.450000e+00 -6.047372e+00
      vertex   -4.999995e+00 6.450000e+00 -6.047372e+00
      vertex   -3.999995e+00 6.715299e+00 -5.937482e+00
    endloop
  endfacet
  facet normal 0.000000e+00 3.826834e-01 -9.238795e-01
    outer loop
      vertex   -3.999995e+00 6.715299e+00 -5.937482e+00
      vertex   -4.999995e+00 6.450000e+00 -6.047372e+00
      vertex   -4.999995e+00 6.715299e+00 -5.937482e+00
    endloop
  endfacet
  facet normal 0.000000e+00 -0.000000e+00 -1.000000e+00
    outer loop
      vertex   1.500000e+01 1.000000e+00 -6.220000e+01
      vertex   1.500000e+01 0.000000e+00 -6.220000e+01
      vertex   -3.999995e+00 1.000000e+00 -6.220000e+01
    endloop
  endfacet
  facet normal 0.000000e+00 -0.000000e+00 -1.000000e+00
    outer loop
      vertex   -3.999995e+00 1.000000e+00 -6.220000e+01
      vertex   1.500000e+01 0.000000e+00 -6.220000e+01
      vertex   -4.000000e+00 0.000000e+00 -6.220000e+01
    endloop
  endfacet
  facet normal 0.000000e+00 0.000000e+00 1.000000e+00
    outer loop
      vertex   -7.037191e-01 1.000000e+00 -1.500130e+01
      vertex   -7.037191e-01 1.150000e+01 -1.500130e+01
      vertex   -1.600000e+00 1.000000e+00 -1.500130e+01
    endloop
  endfacet
  facet normal 0.000000e+00 -0.000000e+00 1.000000e+00
    outer loop
      vertex   -1.600000e+00 1.000000e+00 -1.500130e+01
      vertex   -7.037191e-01 1.150000e+01 -1.500130e+01
      vertex   -1.703719e+00 1.150000e+01 -1.500130e+01
    endloop
  endfacet
  facet normal 0.000000e+00 0.000000e+00 1.000000e+00
    outer loop
      vertex   -1.600000e+00 1.000000e+00 -1.500130e+01
      vertex   -1.703719e+00 1.150000e+01 -1.500130e+01
      vertex   -1.703719e+00 1.000000e+00 -1.500130e+01
    endloop
  endfacet
  facet normal 0.000000e+00 1.000000e+00 -3.089666e-16
    outer loop
      vertex   -1.703719e+00 1.150000e+01 -1.500130e+01
      vertex   -7.037191e-01 1.150000e+01 -1.500130e+01
      vertex   -1.703719e+00 1.150000e+01 -2.650000e+01
    endloop
  endfacet
  facet normal -2.842469e-16 1.000000e+00 -2.842467e-16
    outer loop
      vertex   -1.703719e+00 1.150000e+01 -2.650000e+01
      vertex   -7.037191e-01 1.150000e+01 -1.500130e+01
      vertex   -7.037191e-01 1.150000e+01 -2.750000e+01
    endloop
  endfacet
  facet normal 0.000000e+00 1.000000e+00 0.000000e+00
    outer loop
      vertex   -1.703719e+00 1.150000e+01 -2.650000e+01
      vertex   -7.037191e-01 1.150000e+01 -2.750000e+01
      vertex   -3.999995e+00 1.150000e+01 -2.750000e+01
    endloop
  endfacet
  facet normal 0.000000e+00 1.000000e+00 0.000000e+00
    outer loop
      vertex   -3.999995e+00 1.150000e+01 -2.750000e+01
      vertex   -3.999995e+00 1.150000e+01 -2.650000e+01
      vertex   -1.703719e+00 1.150000e+01 -2.650000e+01
    endloop
  endfacet
  facet normal 0.000000e+00 1.305262e-01 -9.914449e-01
    outer loop
      vertex   -7.037191e-01 7.866141e+00 -1.793878e+01
      vertex   -1.703719e+00 7.866141e+00 -1.793878e+01
      vertex   -7.037191e-01 8.150842e+00 -1.790130e+01
    endloop
  endfacet
  facet normal 0.000000e+00 1.305262e-01 -9.914449e-01
    outer loop
      vertex   -7.037191e-01 8.150842e+00 -1.790130e+01
      vertex   -1.703719e+00 7.866141e+00 -1.793878e+01
      vertex   -1.703719e+00 8.150842e+00 -1.790130e+01
    endloop
  endfacet
  facet normal -0.000000e+00 -1.305262e-01 -9.914449e-01
    outer loop
      vertex   -7.037191e-01 8.150842e+00 -1.790130e+01
      vertex   -1.703719e+00 8.150842e+00 -1.790130e+01
      vertex   -7.037191e-01 8.435543e+00 -1.793878e+01
    endloop
  endfacet
  facet normal -0.000000e+00 -1.305262e-01 -9.914449e-01
    outer loop
      vertex   -7.037191e-01 8.435543e+00 -1.793878e+01
      vertex   -1.703719e+00 8.150842e+00 -1.790130e+01
      vertex   -1.703719e+00 8.435543e+00 -1.793878e+01
    endloop
  endfacet
  facet normal -0.000000e+00 -3.826834e-01 -9.238795e-01
    outer loop
      vertex   -7.037191e-01 8.435543e+00 -1.793878e+01
      vertex   -1.703719e+00 8.435543e+00 -1.793878e+01
      vertex   -7.037191e-01 8.700842e+00 -1.804867e+01
    endloop
  endfacet
  facet normal -0.000000e+00 -3.826834e-01 -9.238795e-01
    outer loop
      vertex   -7.037191e-01 8.700842e+00 -1.804867e+01
      vertex   -1.703719e+00 8.435543e+00 -1.793878e+01
      vertex   -1.703719e+00 8.700842e+00 -1.804867e+01
    endloop
  endfacet
  facet normal -0.000000e+00 -6.087614e-01 -7.933533e-01
    outer loop
      vertex   -7.037191e-01 8.700842e+00 -1.804867e+01
      vertex   -1.703719e+00 8.700842e+00 -1.804867e+01
      vertex   -7.037191e-01 8.928660e+00 -1.822348e+01
    endloop
  endfacet
  facet normal -0.000000e+00 -6.087614e-01 -7.933533e-01
    outer loop
      vertex   -7.037191e-01 8.928660e+00 -1.822348e+01
      vertex   -1.703719e+00 8.700842e+00 -1.804867e+01
      vertex   -1.703719e+00 8.928660e+00 -1.822348e+01
    endloop
  endfacet
  facet normal -0.000000e+00 -7.933533e-01 -6.087614e-01
    outer loop
      vertex   -7.037191e-01 8.928660e+00 -1.822348e+01
      vertex   -1.703719e+00 8.928660e+00 -1.822348e+01
      vertex   -7.037191e-01 9.103470e+00 -1.845130e+01
    endloop
  endfacet
  facet normal -0.000000e+00 -7.933533e-01 -6.087614e-01
    outer loop
      vertex   -7.037191e-01 9.103470e+00 -1.845130e+01
      vertex   -1.703719e+00 8.928660e+00 -1.822348e+01
      vertex   -1.703719e+00 9.103470e+00 -1.845130e+01
    endloop
  endfacet
  facet normal -0.000000e+00 -9.238795e-01 -3.826834e-01
    outer loop
      vertex   -7.037191e-01 9.103470e+00 -1.845130e+01
      vertex   -1.703719e+00 9.103470e+00 -1.845130e+01
      vertex   -7.037191e-01 9.213360e+00 -1.871660e+01
    endloop
  endfacet
  facet normal -0.000000e+00 -9.238795e-01 -3.826834e-01
    outer loop
      vertex   -7.037191e-01 9.213360e+00 -1.871660e+01
      vertex   -1.703719e+00 9.103470e+00 -1.845130e+01
      vertex   -1.703719e+00 9.213360e+00 -1.871660e+01
    endloop
  endfacet
  facet normal -0.000000e+00 -9.914449e-01 -1.305262e-01
    outer loop
      vertex   -7.037191e-01 9.213360e+00 -1.871660e+01
      vertex   -1.703719e+00 9.213360e+00 -1.871660e+01
      vertex   -7.037191e-01 9.250842e+00 -1.900130e+01
    endloop
  endfacet
  facet normal -0.000000e+00 -9.914449e-01 -1.305262e-01
    outer loop
      vertex   -7.037191e-01 9.250842e+00 -1.900130e+01
      vertex   -1.703719e+00 9.213360e+00 -1.871660e+01
      vertex   -1.703719e+00 9.250842e+00 -1.900130e+01
    endloop
  endfacet
  facet normal 0.000000e+00 -9.914449e-01 1.305262e-01
    outer loop
      vertex   -7.037191e-01 9.250842e+00 -1.900130e+01
      vertex   -1.703719e+00 9.250842e+00 -1.900130e+01
      vertex   -7.037191e-01 9.213360e+00 -1.928600e+01
    endloop
  endfacet
  facet normal 0.000000e+00 -9.914449e-01 1.305262e-01
    outer loop
      vertex   -7.037191e-01 9.213360e+00 -1.928600e+01
      vertex   -1.703719e+00 9.250842e+00 -1.900130e+01
      vertex   -1.703719e+00 9.213360e+00 -1.928600e+01
    endloop
  endfacet
  facet normal 0.000000e+00 -9.238795e-01 3.826834e-01
    outer loop
      vertex   -7.037191e-01 9.213360e+00 -1.928600e+01
      vertex   -1.703719e+00 9.213360e+00 -1.928600e+01
      vertex   -7.037191e-01 9.103470e+00 -1.955130e+01
    endloop
  endfacet
  facet normal 0.000000e+00 -9.238795e-01 3.826834e-01
    outer loop
      vertex   -7.037191e-01 9.103470e+00 -1.955130e+01
      vertex   -1.703719e+00 9.213360e+00 -1.928600e+01
      vertex   -1.703719e+00 9.103470e+00 -1.955130e+01
    endloop
  endfacet
  facet normal 0.000000e+00 -7.933533e-01 6.087614e-01
    outer loop
      vertex   -7.037191e-01 9.103470e+00 -1.955130e+01
      vertex   -1.703719e+00 9.103470e+00 -1.955130e+01
      vertex   -7.037191e-01 8.928660e+00 -1.977912e+01
    endloop
  endfacet
  facet normal 0.000000e+00 -7.933533e-01 6.087614e-01
    outer loop
      vertex   -7.037191e-01 8.928660e+00 -1.977912e+01
      vertex   -1.703719e+00 9.103470e+00 -1.955130e+01
      vertex   -1.703719e+00 8.928660e+00 -1.977912e+01
    endloop
  endfacet
  facet normal 0.000000e+00 -6.087614e-01 7.933533e-01
    outer loop
      vertex   -7.037191e-01 8.928660e+00 -1.977912e+01
      vertex   -1.703719e+00 8.928660e+00 -1.977912e+01
      vertex   -7.037191e-01 8.700842e+00 -1.995393e+01
    endloop
  endfacet
  facet normal 0.000000e+00 -6.087614e-01 7.933533e-01
    outer loop
      vertex   -7.037191e-01 8.700842e+00 -1.995393e+01
      vertex   -1.703719e+00 8.928660e+00 -1.977912e+01
      vertex   -1.703719e+00 8.700842e+00 -1.995393e+01
    endloop
  endfacet
  facet normal 0.000000e+00 -3.826834e-01 9.238795e-01
    outer loop
      vertex   -7.037191e-01 8.700842e+00 -1.995393e+01
      vertex   -1.703719e+00 8.700842e+00 -1.995393e+01
      vertex   -7.037191e-01 8.435543e+00 -2.006382e+01
    endloop
  endfacet
  facet normal 0.000000e+00 -3.826834e-01 9.238795e-01
    outer loop
      vertex   -7.037191e-01 8.435543e+00 -2.006382e+01
      vertex   -1.703719e+00 8.700842e+00 -1.995393e+01
      vertex   -1.703719e+00 8.435543e+00 -2.006382e+01
    endloop
  endfacet
  facet normal 0.000000e+00 -1.305262e-01 9.914449e-01
    outer loop
      vertex   -7.037191e-01 8.435543e+00 -2.006382e+01
      vertex   -1.703719e+00 8.435543e+00 -2.006382e+01
      vertex   -7.037191e-01 8.150842e+00 -2.010130e+01
    endloop
  endfacet
  facet normal 0.000000e+00 -1.305262e-01 9.914449e-01
    outer loop
      vertex   -7.037191e-01 8.150842e+00 -2.010130e+01
      vertex   -1.703719e+00 8.435543e+00 -2.006382e+01
      vertex   -1.703719e+00 8.150842e+00 -2.010130e+01
    endloop
  endfacet
  facet normal 0.000000e+00 1.305262e-01 9.914449e-01
    outer loop
      vertex   -7.037191e-01 8.150842e+00 -2.010130e+01
      vertex   -1.703719e+00 8.150842e+00 -2.010130e+01
      vertex   -7.037191e-01 7.866141e+00 -2.006382e+01
    endloop
  endfacet
  facet normal 0.000000e+00 1.305262e-01 9.914449e-01
    outer loop
      vertex   -7.037191e-01 7.866141e+00 -2.006382e+01
      vertex   -1.703719e+00 8.150842e+00 -2.010130e+01
      vertex   -1.703719e+00 7.866141e+00 -2.006382e+01
    endloop
  endfacet
  facet normal 0.000000e+00 3.826834e-01 9.238795e-01
    outer loop
      vertex   -7.037191e-01 7.866141e+00 -2.006382e+01
      vertex   -1.703719e+00 7.866141e+00 -2.006382e+01
      vertex   -7.037191e-01 7.600842e+00 -1.995393e+01
    endloop
  endfacet
  facet normal 0.000000e+00 3.826834e-01 9.238795e-01
    outer loop
      vertex   -7.037191e-01 7.600842e+00 -1.995393e+01
      vertex   -1.703719e+00 7.866141e+00 -2.006382e+01
      vertex   -1.703719e+00 7.600842e+00 -1.995393e+01
    endloop
  endfacet
  facet normal 0.000000e+00 6.087614e-01 7.933533e-01
    outer loop
      vertex   -7.037191e-01 7.600842e+00 -1.995393e+01
      vertex   -1.703719e+00 7.600842e+00 -1.995393e+01
      vertex   -7.037191e-01 7.373025e+00 -1.977912e+01
    endloop
  endfacet
  facet normal 0.000000e+00 6.087614e-01 7.933533e-01
    outer loop
      vertex   -7.037191e-01 7.373025e+00 -1.977912e+01
      vertex   -1.703719e+00 7.600842e+00 -1.995393e+01
      vertex   -1.703719e+00 7.373025e+00 -1.977912e+01
    endloop
  endfacet
  facet normal 0.000000e+00 7.933533e-01 6.087614e-01
    outer loop
      vertex   -7.037191e-01 7.373025e+00 -1.977912e+01
      vertex   -1.703719e+00 7.373025e+00 -1.977912e+01
      vertex   -7.037191e-01 7.198214e+00 -1.955130e+01
    endloop
  endfacet
  facet normal 0.000000e+00 7.933533e-01 6.087614e-01
    outer loop
      vertex   -7.037191e-01 7.198214e+00 -1.955130e+01
      vertex   -1.703719e+00 7.373025e+00 -1.977912e+01
      vertex   -1.703719e+00 7.198214e+00 -1.955130e+01
    endloop
  endfacet
  facet normal 0.000000e+00 9.238795e-01 3.826834e-01
    outer loop
      vertex   -7.037191e-01 7.198214e+00 -1.955130e+01
      vertex   -1.703719e+00 7.198214e+00 -1.955130e+01
      vertex   -7.037191e-01 7.088324e+00 -1.928600e+01
    endloop
  endfacet
  facet normal 0.000000e+00 9.238795e-01 3.826834e-01
    outer loop
      vertex   -7.037191e-01 7.088324e+00 -1.928600e+01
      vertex   -1.703719e+00 7.198214e+00 -1.955130e+01
      vertex   -1.703719e+00 7.088324e+00 -1.928600e+01
    endloop
  endfacet
  facet normal 0.000000e+00 9.914449e-01 1.305262e-01
    outer loop
      vertex   -7.037191e-01 7.088324e+00 -1.928600e+01
      vertex   -1.703719e+00 7.088324e+00 -1.928600e+01
      vertex   -7.037191e-01 7.050842e+00 -1.900130e+01
    endloop
  endfacet
  facet normal 0.000000e+00 9.914449e-01 1.305262e-01
    outer loop
      vertex   -7.037191e-01 7.050842e+00 -1.900130e+01
      vertex   -1.703719e+00 7.088324e+00 -1.928600e+01
      vertex   -1.703719e+00 7.050842e+00 -1.900130e+01
    endloop
  endfacet
  facet normal 0.000000e+00 9.914449e-01 -1.305262e-01
    outer loop
      vertex   -7.037191e-01 7.050842e+00 -1.900130e+01
      vertex   -1.703719e+00 7.050842e+00 -1.900130e+01
      vertex   -7.037191e-01 7.088324e+00 -1.871660e+01
    endloop
  endfacet
  facet normal 0.000000e+00 9.914449e-01 -1.305262e-01
    outer loop
      vertex   -7.037191e-01 7.088324e+00 -1.871660e+01
      vertex   -1.703719e+00 7.050842e+00 -1.900130e+01
      vertex   -1.703719e+00 7.088324e+00 -1.871660e+01
    endloop
  endfacet
  facet normal 0.000000e+00 9.238795e-01 -3.826834e-01
    outer loop
      vertex   -7.037191e-01 7.088324e+00 -1.871660e+01
      vertex   -1.703719e+00 7.088324e+00 -1.871660e+01
      vertex   -7.037191e-01 7.198214e+00 -1.845130e+01
    endloop
  endfacet
  facet normal 0.000000e+00 9.238795e-01 -3.826834e-01
    outer loop
      vertex   -7.037191e-01 7.198214e+00 -1.845130e+01
      vertex   -1.703719e+00 7.088324e+00 -1.871660e+01
      vertex   -1.703719e+00 7.198214e+00 -1.845130e+01
    endloop
  endfacet
  facet normal 0.000000e+00 7.933533e-01 -6.087614e-01
    outer loop
      vertex   -7.037191e-01 7.198214e+00 -1.845130e+01
      vertex   -1.703719e+00 7.198214e+00 -1.845130e+01
      vertex   -7.037191e-01 7.373025e+00 -1.822348e+01
    endloop
  endfacet
  facet normal 0.000000e+00 7.933533e-01 -6.087614e-01
    outer loop
      vertex   -7.037191e-01 7.373025e+00 -1.822348e+01
      vertex   -1.703719e+00 7.198214e+00 -1.845130e+01
      vertex   -1.703719e+00 7.373025e+00 -1.822348e+01
    endloop
  endfacet
  facet normal 0.000000e+00 6.087614e-01 -7.933533e-01
    outer loop
      vertex   -7.037191e-01 7.373025e+00 -1.822348e+01
      vertex   -1.703719e+00 7.373025e+00 -1.822348e+01
      vertex   -7.037191e-01 7.600842e+00 -1.804867e+01
    endloop
  endfacet
  facet normal 0.000000e+00 6.087614e-01 -7.933533e-01
    outer loop
      vertex   -7.037191e-01 7.600842e+00 -1.804867e+01
      vertex   -1.703719e+00 7.373025e+00 -1.822348e+01
      vertex   -1.703719e+00 7.600842e+00 -1.804867e+01
    endloop
  endfacet
  facet normal 0.000000e+00 3.826834e-01 -9.238795e-01
    outer loop
      vertex   -7.037191e-01 7.600842e+00 -1.804867e+01
      vertex   -1.703719e+00 7.600842e+00 -1.804867e+01
      vertex   -7.037191e-01 7.866141e+00 -1.793878e+01
    endloop
  endfacet
  facet normal 0.000000e+00 3.826834e-01 -9.238795e-01
    outer loop
      vertex   -7.037191e-01 7.866141e+00 -1.793878e+01
      vertex   -1.703719e+00 7.600842e+00 -1.804867e+01
      vertex   -1.703719e+00 7.866141e+00 -1.793878e+01
    endloop
  endfacet
  facet normal -1.436684e-07 -1.000000e+00 1.295900e-09
    outer loop
      vertex   -1.600000e+00 1.000000e+00 -2.650000e+01
      vertex   -1.600000e+00 1.000000e+00 -1.500130e+01
      vertex   -1.703719e+00 1.000000e+00 -2.650000e+01
    endloop
  endfacet
  facet normal 0.000000e+00 -1.000000e+00 0.000000e+00
    outer loop
      vertex   -1.703719e+00 1.000000e+00 -2.650000e+01
      vertex   -1.600000e+00 1.000000e+00 -1.500130e+01
      vertex   -1.703719e+00 1.000000e+00 -1.500130e+01
    endloop
  endfacet
  facet normal -4.440892e-16 1.000000e+00 7.162283e-22
    outer loop
      vertex   1.300000e+01 1.000000e+00 -1.200000e+01
      vertex   1.500000e+01 1.000000e+00 -1.200000e+01
      vertex   1.300000e+01 1.000000e+00 -1.500000e+01
    endloop
  endfacet
  facet normal -3.758723e-16 1.000000e+00 -4.547737e-17
    outer loop
      vertex   1.300000e+01 1.000000e+00 -1.500000e+01
      vertex   1.500000e+01 1.000000e+00 -1.200000e+01
      vertex   1.500000e+01 1.000000e+00 -3.641261e+01
    endloop
  endfacet
  facet normal 1.000879e-16 1.000000e+00 -1.021306e-18
    outer loop
      vertex   1.300000e+01 1.000000e+00 -1.500000e+01
      vertex   1.500000e+01 1.000000e+00 -3.641261e+01
      vertex   1.280000e+01 1.000000e+00 -3.460000e+01
    endloop
  endfacet
  facet normal 7.669317e-16 1.000000e+00 8.083387e-16
    outer loop
      vertex   1.280000e+01 1.000000e+00 -3.460000e+01
      vertex   1.500000e+01 1.000000e+00 -3.641261e+01
      vertex   1.485342e+01 1.000000e+00 -3.654824e+01
    endloop
  endfacet
  facet normal 0.000000e+00 1.000000e+00 0.000000e+00
    outer loop
      vertex   1.280000e+01 1.000000e+00 -3.460000e+01
      vertex   1.485342e+01 1.000000e+00 -3.654824e+01
      vertex   1.474254e+01 1.000000e+00 -3.671432e+01
    endloop
  endfacet
  facet normal 0.000000e+00 1.000000e+00 0.000000e+00
    outer loop
      vertex   1.474254e+01 1.000000e+00 -3.671432e+01
      vertex   1.467346e+01 1.000000e+00 -3.690169e+01
      vertex   1.280000e+01 1.000000e+00 -3.460000e+01
    endloop
  endfacet
  facet normal 0.000000e+00 1.000000e+00 0.000000e+00
    outer loop
      vertex   1.280000e+01 1.000000e+00 -3.460000e+01
      vertex   1.467346e+01 1.000000e+00 -3.690169e+01
      vertex   1.465000e+01 1.000000e+00 -3.710000e+01
    endloop
  endfacet
  facet normal 0.000000e+00 1.000000e+00 0.000000e+00
    outer loop
      vertex   1.280000e+01 1.000000e+00 -3.460000e+01
      vertex   1.465000e+01 1.000000e+00 -3.710000e+01
      vertex   1.280000e+01 1.000000e+00 -3.959975e+01
    endloop
  endfacet
  facet normal 0.000000e+00 1.000000e+00 0.000000e+00
    outer loop
      vertex   1.280000e+01 1.000000e+00 -3.959975e+01
      vertex   1.465000e+01 1.000000e+00 -3.710000e+01
      vertex   1.467346e+01 1.000000e+00 -3.729831e+01
    endloop
  endfacet
  facet normal 0.000000e+00 1.000000e+00 0.000000e+00
    outer loop
      vertex   1.280000e+01 1.000000e+00 -3.959975e+01
      vertex   1.467346e+01 1.000000e+00 -3.729831e+01
      vertex   1.474254e+01 1.000000e+00 -3.748568e+01
    endloop
  endfacet
  facet normal -4.036761e-16 1.000000e+00 3.709217e-16
    outer loop
      vertex   1.280000e+01 1.000000e+00 -3.959975e+01
      vertex   1.474254e+01 1.000000e+00 -3.748568e+01
      vertex   1.500000e+01 1.000000e+00 -3.960000e+01
    endloop
  endfacet
  facet normal 7.695071e-16 1.000000e+00 5.137817e-16
    outer loop
      vertex   1.500000e+01 1.000000e+00 -3.960000e+01
      vertex   1.474254e+01 1.000000e+00 -3.748568e+01
      vertex   1.485342e+01 1.000000e+00 -3.765176e+01
    endloop
  endfacet
  facet normal 2.081622e-15 1.000000e+00 6.124986e-16
    outer loop
      vertex   1.500000e+01 1.000000e+00 -3.960000e+01
      vertex   1.485342e+01 1.000000e+00 -3.765176e+01
      vertex   1.500000e+01 1.000000e+00 -3.778739e+01
    endloop
  endfacet
  facet normal -3.172066e-17 1.000000e+00 3.343972e-12
    outer loop
      vertex   1.280000e+01 1.000000e+00 -3.959975e+01
      vertex   1.500000e+01 1.000000e+00 -3.960000e+01
      vertex   5.800000e+00 1.000000e+00 -3.959975e+01
    endloop
  endfacet
  facet normal -5.843280e-17 1.000000e+00 2.339825e-12
    outer loop
      vertex   5.800000e+00 1.000000e+00 -3.959975e+01
      vertex   1.500000e+01 1.000000e+00 -3.960000e+01
      vertex   -3.999995e+00 1.000000e+00 -3.960000e+01
    endloop
  endfacet
  facet normal 0.000000e+00 1.000000e+00 -0.000000e+00
    outer loop
      vertex   5.800000e+00 1.000000e+00 -3.959975e+01
      vertex   -3.999995e+00 1.000000e+00 -3.960000e+01
      vertex   5.800000e+00 1.000000e+00 -3.460000e+01
    endloop
  endfacet
  facet normal 7.297441e-10 1.000000e+00 -1.430298e-09
    outer loop
      vertex   5.800000e+00 1.000000e+00 -3.460000e+01
      vertex   -3.999995e+00 1.000000e+00 -3.960000e+01
      vertex   -7.037191e-01 1.000000e+00 -2.750000e+01
    endloop
  endfacet
  facet normal 1.635355e-09 1.000000e+00 -6.007427e-10
    outer loop
      vertex   5.800000e+00 1.000000e+00 -3.460000e+01
      vertex   -7.037191e-01 1.000000e+00 -2.750000e+01
      vertex   1.300000e+01 1.000000e+00 -1.500000e+01
    endloop
  endfacet
  facet normal 1.087381e-09 1.000000e+00 0.000000e+00
    outer loop
      vertex   1.300000e+01 1.000000e+00 -1.500000e+01
      vertex   -7.037191e-01 1.000000e+00 -2.750000e+01
      vertex   -7.037191e-01 1.000000e+00 -1.500130e+01
    endloop
  endfacet
  facet normal 0.000000e+00 1.000000e+00 1.145531e-05
    outer loop
      vertex   1.300000e+01 1.000000e+00 -1.500000e+01
      vertex   -7.037191e-01 1.000000e+00 -1.500130e+01
      vertex   -1.600000e+00 1.000000e+00 -1.500000e+01
    endloop
  endfacet
  facet normal 0.000000e+00 1.000000e+00 1.145531e-05
    outer loop
      vertex   -1.600000e+00 1.000000e+00 -1.500000e+01
      vertex   -7.037191e-01 1.000000e+00 -1.500130e+01
      vertex   -1.600000e+00 1.000000e+00 -1.500130e+01
    endloop
  endfacet
  facet normal 0.000000e+00 1.000000e+00 -1.231501e-09
    outer loop
      vertex   -3.999995e+00 1.000000e+00 -3.960000e+01
      vertex   -3.999995e+00 1.000000e+00 -2.750000e+01
      vertex   -7.037191e-01 1.000000e+00 -2.750000e+01
    endloop
  endfacet
  facet normal -3.172066e-17 1.000000e+00 3.236805e-19
    outer loop
      vertex   1.280000e+01 1.000000e+00 -3.460000e+01
      vertex   5.800000e+00 1.000000e+00 -3.460000e+01
      vertex   1.300000e+01 1.000000e+00 -1.500000e+01
    endloop
  endfacet
  facet normal 0.000000e+00 1.305262e-01 -9.914449e-01
    outer loop
      vertex   -3.999995e+00 7.866141e+00 -1.793878e+01
      vertex   -4.999995e+00 7.866141e+00 -1.793878e+01
      vertex   -3.999995e+00 8.150842e+00 -1.790130e+01
    endloop
  endfacet
  facet normal -3.522320e-15 1.305262e-01 -9.914449e-01
    outer loop
      vertex   -3.999995e+00 8.150842e+00 -1.790130e+01
      vertex   -4.999995e+00 7.866141e+00 -1.793878e+01
      vertex   -4.999995e+00 8.150842e+00 -1.790130e+01
    endloop
  endfacet
  facet normal -3.522320e-15 -1.305262e-01 -9.914449e-01
    outer loop
      vertex   -3.999995e+00 8.150842e+00 -1.790130e+01
      vertex   -4.999995e+00 8.150842e+00 -1.790130e+01
      vertex   -3.999995e+00 8.435543e+00 -1.793878e+01
    endloop
  endfacet
  facet normal -0.000000e+00 -1.305262e-01 -9.914449e-01
    outer loop
      vertex   -3.999995e+00 8.435543e+00 -1.793878e+01
      vertex   -4.999995e+00 8.150842e+00 -1.790130e+01
      vertex   -4.999995e+00 8.435543e+00 -1.793878e+01
    endloop
  endfacet
  facet normal -0.000000e+00 -3.826834e-01 -9.238795e-01
    outer loop
      vertex   -3.999995e+00 8.435543e+00 -1.793878e+01
      vertex   -4.999995e+00 8.435543e+00 -1.793878e+01
      vertex   -3.999995e+00 8.700842e+00 -1.804867e+01
    endloop
  endfacet
  facet normal -0.000000e+00 -3.826834e-01 -9.238795e-01
    outer loop
      vertex   -3.999995e+00 8.700842e+00 -1.804867e+01
      vertex   -4.999995e+00 8.435543e+00 -1.793878e+01
      vertex   -4.999995e+00 8.700842e+00 -1.804867e+01
    endloop
  endfacet
  facet normal -0.000000e+00 -6.087614e-01 -7.933533e-01
    outer loop
      vertex   -3.999995e+00 8.700842e+00 -1.804867e+01
      vertex   -4.999995e+00 8.700842e+00 -1.804867e+01
      vertex   -3.999995e+00 8.928660e+00 -1.822348e+01
    endloop
  endfacet
  facet normal -0.000000e+00 -6.087614e-01 -7.933533e-01
    outer loop
      vertex   -3.999995e+00 8.928660e+00 -1.822348e+01
      vertex   -4.999995e+00 8.700842e+00 -1.804867e+01
      vertex   -4.999995e+00 8.928660e+00 -1.822348e+01
    endloop
  endfacet
  facet normal -0.000000e+00 -7.933533e-01 -6.087614e-01
    outer loop
      vertex   -3.999995e+00 8.928660e+00 -1.822348e+01
      vertex   -4.999995e+00 8.928660e+00 -1.822348e+01
      vertex   -3.999995e+00 9.103470e+00 -1.845130e+01
    endloop
  endfacet
  facet normal -0.000000e+00 -7.933533e-01 -6.087614e-01
    outer loop
      vertex   -3.999995e+00 9.103470e+00 -1.845130e+01
      vertex   -4.999995e+00 8.928660e+00 -1.822348e+01
      vertex   -4.999995e+00 9.103470e+00 -1.845130e+01
    endloop
  endfacet
  facet normal -0.000000e+00 -9.238795e-01 -3.826834e-01
    outer loop
      vertex   -3.999995e+00 9.103470e+00 -1.845130e+01
      vertex   -4.999995e+00 9.103470e+00 -1.845130e+01
      vertex   -3.999995e+00 9.213360e+00 -1.871660e+01
    endloop
  endfacet
  facet normal -0.000000e+00 -9.238795e-01 -3.826834e-01
    outer loop
      vertex   -3.999995e+00 9.213360e+00 -1.871660e+01
      vertex   -4.999995e+00 9.103470e+00 -1.845130e+01
      vertex   -4.999995e+00 9.213360e+00 -1.871660e+01
    endloop
  endfacet
  facet normal -0.000000e+00 -9.914449e-01 -1.305262e-01
    outer loop
      vertex   -3.999995e+00 9.213360e+00 -1.871660e+01
      vertex   -4.999995e+00 9.213360e+00 -1.871660e+01
      vertex   -3.999995e+00 9.250842e+00 -1.900130e+01
    endloop
  endfacet
  facet normal -0.000000e+00 -9.914449e-01 -1.305262e-01
    outer loop
      vertex   -3.999995e+00 9.250842e+00 -1.900130e+01
      vertex   -4.999995e+00 9.213360e+00 -1.871660e+01
      vertex   -4.999995e+00 9.250842e+00 -1.900130e+01
    endloop
  endfacet
  facet normal 0.000000e+00 -9.914449e-01 1.305262e-01
    outer loop
      vertex   -3.999995e+00 9.250842e+00 -1.900130e+01
      vertex   -4.999995e+00 9.250842e+00 -1.900130e+01
      vertex   -3.999995e+00 9.213360e+00 -1.928600e+01
    endloop
  endfacet
  facet normal 0.000000e+00 -9.914449e-01 1.305262e-01
    outer loop
      vertex   -3.999995e+00 9.213360e+00 -1.928600e+01
      vertex   -4.999995e+00 9.250842e+00 -1.900130e+01
      vertex   -4.999995e+00 9.213360e+00 -1.928600e+01
    endloop
  endfacet
  facet normal 0.000000e+00 -9.238795e-01 3.826834e-01
    outer loop
      vertex   -3.999995e+00 9.213360e+00 -1.928600e+01
      vertex   -4.999995e+00 9.213360e+00 -1.928600e+01
      vertex   -3.999995e+00 9.103470e+00 -1.955130e+01
    endloop
  endfacet
  facet normal 0.000000e+00 -9.238795e-01 3.826834e-01
    outer loop
      vertex   -3.999995e+00 9.103470e+00 -1.955130e+01
      vertex   -4.999995e+00 9.213360e+00 -1.928600e+01
      vertex   -4.999995e+00 9.103470e+00 -1.955130e+01
    endloop
  endfacet
  facet normal 0.000000e+00 -7.933533e-01 6.087614e-01
    outer loop
      vertex   -3.999995e+00 9.103470e+00 -1.955130e+01
      vertex   -4.999995e+00 9.103470e+00 -1.955130e+01
      vertex   -3.999995e+00 8.928660e+00 -1.977912e+01
    endloop
  endfacet
  facet normal 0.000000e+00 -7.933533e-01 6.087614e-01
    outer loop
      vertex   -3.999995e+00 8.928660e+00 -1.977912e+01
      vertex   -4.999995e+00 9.103470e+00 -1.955130e+01
      vertex   -4.999995e+00 8.928660e+00 -1.977912e+01
    endloop
  endfacet
  facet normal 0.000000e+00 -6.087614e-01 7.933533e-01
    outer loop
      vertex   -3.999995e+00 8.928660e+00 -1.977912e+01
      vertex   -4.999995e+00 8.928660e+00 -1.977912e+01
      vertex   -3.999995e+00 8.700842e+00 -1.995393e+01
    endloop
  endfacet
  facet normal 0.000000e+00 -6.087614e-01 7.933533e-01
    outer loop
      vertex   -3.999995e+00 8.700842e+00 -1.995393e+01
      vertex   -4.999995e+00 8.928660e+00 -1.977912e+01
      vertex   -4.999995e+00 8.700842e+00 -1.995393e+01
    endloop
  endfacet
  facet normal 0.000000e+00 -3.826834e-01 9.238795e-01
    outer loop
      vertex   -3.999995e+00 8.700842e+00 -1.995393e+01
      vertex   -4.999995e+00 8.700842e+00 -1.995393e+01
      vertex   -3.999995e+00 8.435543e+00 -2.006382e+01
    endloop
  endfacet
  facet normal 0.000000e+00 -3.826834e-01 9.238795e-01
    outer loop
      vertex   -3.999995e+00 8.435543e+00 -2.006382e+01
      vertex   -4.999995e+00 8.700842e+00 -1.995393e+01
      vertex   -4.999995e+00 8.435543e+00 -2.006382e+01
    endloop
  endfacet
  facet normal 0.000000e+00 -1.305262e-01 9.914449e-01
    outer loop
      vertex   -3.999995e+00 8.435543e+00 -2.006382e+01
      vertex   -4.999995e+00 8.435543e+00 -2.006382e+01
      vertex   -3.999995e+00 8.150842e+00 -2.010130e+01
    endloop
  endfacet
  facet normal 0.000000e+00 -1.305262e-01 9.914449e-01
    outer loop
      vertex   -3.999995e+00 8.150842e+00 -2.010130e+01
      vertex   -4.999995e+00 8.435543e+00 -2.006382e+01
      vertex   -4.999995e+00 8.150842e+00 -2.010130e+01
    endloop
  endfacet
  facet normal 0.000000e+00 1.305262e-01 9.914449e-01
    outer loop
      vertex   -3.999995e+00 8.150842e+00 -2.010130e+01
      vertex   -4.999995e+00 8.150842e+00 -2.010130e+01
      vertex   -3.999995e+00 7.866141e+00 -2.006382e+01
    endloop
  endfacet
  facet normal 0.000000e+00 1.305262e-01 9.914449e-01
    outer loop
      vertex   -3.999995e+00 7.866141e+00 -2.006382e+01
      vertex   -4.999995e+00 8.150842e+00 -2.010130e+01
      vertex   -4.999995e+00 7.866141e+00 -2.006382e+01
    endloop
  endfacet
  facet normal 0.000000e+00 3.826834e-01 9.238795e-01
    outer loop
      vertex   -3.999995e+00 7.866141e+00 -2.006382e+01
      vertex   -4.999995e+00 7.866141e+00 -2.006382e+01
      vertex   -3.999995e+00 7.600842e+00 -1.995393e+01
    endloop
  endfacet
  facet normal 0.000000e+00 3.826834e-01 9.238795e-01
    outer loop
      vertex   -3.999995e+00 7.600842e+00 -1.995393e+01
      vertex   -4.999995e+00 7.866141e+00 -2.006382e+01
      vertex   -4.999995e+00 7.600842e+00 -1.995393e+01
    endloop
  endfacet
  facet normal 0.000000e+00 6.087614e-01 7.933533e-01
    outer loop
      vertex   -3.999995e+00 7.600842e+00 -1.995393e+01
      vertex   -4.999995e+00 7.600842e+00 -1.995393e+01
      vertex   -3.999995e+00 7.373025e+00 -1.977912e+01
    endloop
  endfacet
  facet normal 0.000000e+00 6.087614e-01 7.933533e-01
    outer loop
      vertex   -3.999995e+00 7.373025e+00 -1.977912e+01
      vertex   -4.999995e+00 7.600842e+00 -1.995393e+01
      vertex   -4.999995e+00 7.373025e+00 -1.977912e+01
    endloop
  endfacet
  facet normal 0.000000e+00 7.933533e-01 6.087614e-01
    outer loop
      vertex   -3.999995e+00 7.373025e+00 -1.977912e+01
      vertex   -4.999995e+00 7.373025e+00 -1.977912e+01
      vertex   -3.999995e+00 7.198214e+00 -1.955130e+01
    endloop
  endfacet
  facet normal 0.000000e+00 7.933533e-01 6.087614e-01
    outer loop
      vertex   -3.999995e+00 7.198214e+00 -1.955130e+01
      vertex   -4.999995e+00 7.373025e+00 -1.977912e+01
      vertex   -4.999995e+00 7.198214e+00 -1.955130e+01
    endloop
  endfacet
  facet normal 0.000000e+00 9.238795e-01 3.826834e-01
    outer loop
      vertex   -3.999995e+00 7.198214e+00 -1.955130e+01
      vertex   -4.999995e+00 7.198214e+00 -1.955130e+01
      vertex   -3.999995e+00 7.088324e+00 -1.928600e+01
    endloop
  endfacet
  facet normal 0.000000e+00 9.238795e-01 3.826834e-01
    outer loop
      vertex   -3.999995e+00 7.088324e+00 -1.928600e+01
      vertex   -4.999995e+00 7.198214e+00 -1.955130e+01
      vertex   -4.999995e+00 7.088324e+00 -1.928600e+01
    endloop
  endfacet
  facet normal 0.000000e+00 9.914449e-01 1.305262e-01
    outer loop
      vertex   -3.999995e+00 7.088324e+00 -1.928600e+01
      vertex   -4.999995e+00 7.088324e+00 -1.928600e+01
      vertex   -3.999995e+00 7.050842e+00 -1.900130e+01
    endloop
  endfacet
  facet normal 0.000000e+00 9.914449e-01 1.305262e-01
    outer loop
      vertex   -3.999995e+00 7.050842e+00 -1.900130e+01
      vertex   -4.999995e+00 7.088324e+00 -1.928600e+01
      vertex   -4.999995e+00 7.050842e+00 -1.900130e+01
    endloop
  endfacet
  facet normal 0.000000e+00 9.914449e-01 -1.305262e-01
    outer loop
      vertex   -3.999995e+00 7.050842e+00 -1.900130e+01
      vertex   -4.999995e+00 7.050842e+00 -1.900130e+01
      vertex   -3.999995e+00 7.088324e+00 -1.871660e+01
    endloop
  endfacet
  facet normal 0.000000e+00 9.914449e-01 -1.305262e-01
    outer loop
      vertex   -3.999995e+00 7.088324e+00 -1.871660e+01
      vertex   -4.999995e+00 7.050842e+00 -1.900130e+01
      vertex   -4.999995e+00 7.088324e+00 -1.871660e+01
    endloop
  endfacet
  facet normal 0.000000e+00 9.238795e-01 -3.826834e-01
    outer loop
      vertex   -3.999995e+00 7.088324e+00 -1.871660e+01
      vertex   -4.999995e+00 7.088324e+00 -1.871660e+01
      vertex   -3.999995e+00 7.198214e+00 -1.845130e+01
    endloop
  endfacet
  facet normal 0.000000e+00 9.238795e-01 -3.826834e-01
    outer loop
      vertex   -3.999995e+00 7.198214e+00 -1.845130e+01
      vertex   -4.999995e+00 7.088324e+00 -1.871660e+01
      vertex   -4.999995e+00 7.198214e+00 -1.845130e+01
    endloop
  endfacet
  facet normal 0.000000e+00 7.933533e-01 -6.087614e-01
    outer loop
      vertex   -3.999995e+00 7.198214e+00 -1.845130e+01
      vertex   -4.999995e+00 7.198214e+00 -1.845130e+01
      vertex   -3.999995e+00 7.373025e+00 -1.822348e+01
    endloop
  endfacet
  facet normal 0.000000e+00 7.933533e-01 -6.087614e-01
    outer loop
      vertex   -3.999995e+00 7.373025e+00 -1.822348e+01
      vertex   -4.999995e+00 7.198214e+00 -1.845130e+01
      vertex   -4.999995e+00 7.373025e+00 -1.822348e+01
    endloop
  endfacet
  facet normal 0.000000e+00 6.087614e-01 -7.933533e-01
    outer loop
      vertex   -3.999995e+00 7.373025e+00 -1.822348e+01
      vertex   -4.999995e+00 7.373025e+00 -1.822348e+01
      vertex   -3.999995e+00 7.600842e+00 -1.804867e+01
    endloop
  endfacet
  facet normal 0.000000e+00 6.087614e-01 -7.933533e-01
    outer loop
      vertex   -3.999995e+00 7.600842e+00 -1.804867e+01
      vertex   -4.999995e+00 7.373025e+00 -1.822348e+01
      vertex   -4.999995e+00 7.600842e+00 -1.804867e+01
    endloop
  endfacet
  facet normal 0.000000e+00 3.826834e-01 -9.238795e-01
    outer loop
      vertex   -3.999995e+00 7.600842e+00 -1.804867e+01
      vertex   -4.999995e+00 7.600842e+00 -1.804867e+01
      vertex   -3.999995e+00 7.866141e+00 -1.793878e+01
    endloop
  endfacet
  facet normal 0.000000e+00 3.826834e-01 -9.238795e-01
    outer loop
      vertex   -3.999995e+00 7.866141e+00 -1.793878e+01
      vertex   -4.999995e+00 7.600842e+00 -1.804867e+01
      vertex   -4.999995e+00 7.866141e+00 -1.793878e+01
    endloop
  endfacet
  facet normal 0.000000e+00 1.000000e+00 1.065814e-14
    outer loop
      vertex   1.300000e+01 2.699998e+01 -1.038000e+02
      vertex   1.300000e+01 2.699998e+01 -1.048000e+02
      vertex   -3.999995e+00 2.699998e+01 -1.038000e+02
    endloop
  endfacet
  facet normal 0.000000e+00 1.000000e+00 1.065814e-14
    outer loop
      vertex   -3.999995e+00 2.699998e+01 -1.038000e+02
      vertex   1.300000e+01 2.699998e+01 -1.048000e+02
      vertex   -3.999995e+00 2.699998e+01 -1.048000e+02
    endloop
  endfacet
  facet normal 0.000000e+00 -1.000000e+00 0.000000e+00
    outer loop
      vertex   1.300000e+01 1.600000e+01 -1.110000e+02
      vertex   1.300000e+01 1.600000e+01 -1.038000e+02
      vertex   -3.999995e+00 1.600000e+01 -1.110000e+02
    endloop
  endfacet
  facet normal 0.000000e+00 -1.000000e+00 0.000000e+00
    outer loop
      vertex   -3.999995e+00 1.600000e+01 -1.110000e+02
      vertex   1.300000e+01 1.600000e+01 -1.038000e+02
      vertex   -3.999995e+00 1.600000e+01 -1.038000e+02
    endloop
  endfacet
  facet normal 0.000000e+00 1.000000e+00 0.000000e+00
    outer loop
      vertex   -4.999995e+00 1.700000e+01 -1.110000e+02
      vertex   -4.999995e+00 1.700000e+01 -1.048000e+02
      vertex   1.300000e+01 1.700000e+01 -1.110000e+02
    endloop
  endfacet
  facet normal 0.000000e+00 1.000000e+00 -0.000000e+00
    outer loop
      vertex   1.300000e+01 1.700000e+01 -1.110000e+02
      vertex   -4.999995e+00 1.700000e+01 -1.048000e+02
      vertex   1.500000e+01 1.700000e+01 -1.048000e+02
    endloop
  endfacet
  facet normal 0.000000e+00 1.000000e+00 0.000000e+00
    outer loop
      vertex   1.300000e+01 1.700000e+01 -1.110000e+02
      vertex   1.500000e+01 1.700000e+01 -1.048000e+02
      vertex   1.400000e+01 1.700000e+01 -1.110000e+02
    endloop
  endfacet
  facet normal 0.000000e+00 1.000000e+00 0.000000e+00
    outer loop
      vertex   1.400000e+01 1.700000e+01 -1.110000e+02
      vertex   1.500000e+01 1.700000e+01 -1.048000e+02
      vertex   1.500000e+01 1.700000e+01 -1.110000e+02
    endloop
  endfacet
  facet normal 1.611678e-07 3.062188e-07 1.000000e+00
    outer loop
      vertex   1.400000e+01 2.700000e+01 -6.200003e+00
      vertex   -4.999995e+00 2.700000e+01 -6.200000e+00
      vertex   1.400000e+01 1.700000e+01 -6.200000e+00
    endloop
  endfacet
  facet normal -4.674624e-17 8.881784e-16 1.000000e+00
    outer loop
      vertex   1.400000e+01 1.700000e+01 -6.200000e+00
      vertex   -4.999995e+00 2.700000e+01 -6.200000e+00
      vertex   -4.999995e+00 1.700000e+01 -6.200000e+00
    endloop
  endfacet
  facet normal 0.000000e+00 1.000000e+00 0.000000e+00
    outer loop
      vertex   -4.999995e+00 1.700000e+01 -6.200000e+00
      vertex   -4.999995e+00 1.700000e+01 0.000000e+00
      vertex   1.400000e+01 1.700000e+01 -6.200000e+00
    endloop
  endfacet
  facet normal 0.000000e+00 1.000000e+00 -0.000000e+00
    outer loop
      vertex   1.400000e+01 1.700000e+01 -6.200000e+00
      vertex   -4.999995e+00 1.700000e+01 0.000000e+00
      vertex   1.400000e+01 1.700000e+01 9.184851e-16
    endloop
  endfacet
  facet normal 0.000000e+00 1.000000e+00 0.000000e+00
    outer loop
      vertex   1.400000e+01 1.700000e+01 -6.200000e+00
      vertex   1.400000e+01 1.700000e+01 9.184851e-16
      vertex   1.500000e+01 1.700000e+01 -6.199999e+00
    endloop
  endfacet
  facet normal 0.000000e+00 1.000000e+00 -0.000000e+00
    outer loop
      vertex   1.500000e+01 1.700000e+01 -6.199999e+00
      vertex   1.400000e+01 1.700000e+01 9.184851e-16
      vertex   1.500000e+01 1.700000e+01 7.022770e-07
    endloop
  endfacet
  facet normal 0.000000e+00 -1.000000e+00 0.000000e+00
    outer loop
      vertex   1.300000e+01 1.600000e+01 -7.200000e+00
      vertex   1.300000e+01 1.600000e+01 9.184851e-16
      vertex   -3.999995e+00 1.600000e+01 -7.200000e+00
    endloop
  endfacet
  facet normal 0.000000e+00 -1.000000e+00 0.000000e+00
    outer loop
      vertex   -3.999995e+00 1.600000e+01 -7.200000e+00
      vertex   1.300000e+01 1.600000e+01 9.184851e-16
      vertex   -3.999995e+00 1.600000e+01 0.000000e+00
    endloop
  endfacet
  facet normal -8.057793e-07 -1.074374e-06 -1.000000e+00
    outer loop
      vertex   1.400000e+01 2.400000e+01 -7.200003e+00
      vertex   1.400000e+01 2.100000e+01 -7.200000e+00
      vertex   1.000000e+01 2.400000e+01 -7.200000e+00
    endloop
  endfacet
  facet normal 6.524290e-09 8.699064e-09 -1.000000e+00
    outer loop
      vertex   1.000000e+01 2.400000e+01 -7.200000e+00
      vertex   1.400000e+01 2.100000e+01 -7.200000e+00
      vertex   -3.999995e+00 1.600000e+01 -7.200000e+00
    endloop
  endfacet
  facet normal 1.149519e-08 -8.074349e-16 -1.000000e+00
    outer loop
      vertex   1.000000e+01 2.400000e+01 -7.200000e+00
      vertex   -3.999995e+00 1.600000e+01 -7.200000e+00
      vertex   -3.999995e+00 2.700000e+01 -7.200000e+00
    endloop
  endfacet
  facet normal 0.000000e+00 0.000000e+00 -1.000000e+00
    outer loop
      vertex   1.400000e+01 1.700000e+01 -7.200000e+00
      vertex   1.300000e+01 1.700000e+01 -7.200000e+00
      vertex   1.400000e+01 2.100000e+01 -7.200000e+00
    endloop
  endfacet
  facet normal 9.607916e-09 -2.401991e-09 -1.000000e+00
    outer loop
      vertex   1.400000e+01 2.100000e+01 -7.200000e+00
      vertex   1.300000e+01 1.700000e+01 -7.200000e+00
      vertex   -3.999995e+00 1.600000e+01 -7.200000e+00
    endloop
  endfacet
  facet normal -5.224579e-17 1.609325e-07 -1.000000e+00
    outer loop
      vertex   1.300000e+01 1.700000e+01 -7.200000e+00
      vertex   1.300000e+01 1.600000e+01 -7.200000e+00
      vertex   -3.999995e+00 1.600000e+01 -7.200000e+00
    endloop
  endfacet
  facet normal 1.149519e-08 0.000000e+00 -1.000000e+00
    outer loop
      vertex   1.000000e+01 2.400000e+01 -7.200000e+00
      vertex   -3.999995e+00 2.700000e+01 -7.200000e+00
      vertex   1.000000e+01 2.600000e+01 -7.200000e+00
    endloop
  endfacet
  facet normal -1.701216e-07 -2.542634e-06 -1.000000e+00
    outer loop
      vertex   1.000000e+01 2.600000e+01 -7.200000e+00
      vertex   -3.999995e+00 2.700000e+01 -7.200000e+00
      vertex   1.400000e+01 2.700000e+01 -7.200003e+00
    endloop
  endfacet
  facet normal -8.057793e-07 0.000000e+00 -1.000000e+00
    outer loop
      vertex   1.000000e+01 2.600000e+01 -7.200000e+00
      vertex   1.400000e+01 2.700000e+01 -7.200003e+00
      vertex   1.400000e+01 2.600000e+01 -7.200003e+00
    endloop
  endfacet
  facet normal 1.000000e+00 8.856201e-11 0.000000e+00
    outer loop
      vertex   1.400000e+01 2.699998e+01 -1.048000e+02
      vertex   1.400000e+01 2.700000e+01 -1.048124e+02
      vertex   1.400000e+01 2.700000e+01 -1.048000e+02
    endloop
  endfacet
  facet normal 0.000000e+00 -9.999987e-01 -1.612852e-03
    outer loop
      vertex   1.300000e+01 2.699998e+01 -1.048000e+02
      vertex   1.300000e+01 2.700000e+01 -1.048124e+02
      vertex   1.400000e+01 2.699998e+01 -1.048000e+02
    endloop
  endfacet
  facet normal 2.062811e-15 -9.999987e-01 -1.612852e-03
    outer loop
      vertex   1.400000e+01 2.699998e+01 -1.048000e+02
      vertex   1.300000e+01 2.700000e+01 -1.048124e+02
      vertex   1.400000e+01 2.700000e+01 -1.048124e+02
    endloop
  endfacet
  facet normal 0.000000e+00 0.000000e+00 1.000000e+00
    outer loop
      vertex   -1.600000e+00 0.000000e+00 -1.500000e+01
      vertex   1.300000e+01 0.000000e+00 -1.500000e+01
      vertex   -1.600000e+00 1.000000e+00 -1.500000e+01
    endloop
  endfacet
  facet normal -0.000000e+00 0.000000e+00 1.000000e+00
    outer loop
      vertex   -1.600000e+00 1.000000e+00 -1.500000e+01
      vertex   1.300000e+01 0.000000e+00 -1.500000e+01
      vertex   1.300000e+01 1.000000e+00 -1.500000e+01
    endloop
  endfacet
  facet normal -1.000000e+00 0.000000e+00 0.000000e+00
    outer loop
      vertex   -1.600000e+00 1.000000e+00 -2.650000e+01
      vertex   -1.600000e+00 0.000000e+00 -2.650000e+01
      vertex   -1.600000e+00 1.000000e+00 -1.500130e+01
    endloop
  endfacet
  facet normal -1.000000e+00 -0.000000e+00 0.000000e+00
    outer loop
      vertex   -1.600000e+00 1.000000e+00 -1.500130e+01
      vertex   -1.600000e+00 0.000000e+00 -2.650000e+01
      vertex   -1.600000e+00 0.000000e+00 -1.500000e+01
    endloop
  endfacet
  facet normal -1.000000e+00 0.000000e+00 0.000000e+00
    outer loop
      vertex   -1.600000e+00 1.000000e+00 -1.500130e+01
      vertex   -1.600000e+00 0.000000e+00 -1.500000e+01
      vertex   -1.600000e+00 1.000000e+00 -1.500000e+01
    endloop
  endfacet
  facet normal 0.000000e+00 0.000000e+00 -1.000000e+00
    outer loop
      vertex   1.300000e+01 0.000000e+00 -9.600000e+01
      vertex   -1.700000e+00 0.000000e+00 -9.600000e+01
      vertex   1.300000e+01 1.000000e+00 -9.600000e+01
    endloop
  endfacet
  facet normal -0.000000e+00 0.000000e+00 -1.000000e+00
    outer loop
      vertex   1.300000e+01 1.000000e+00 -9.600000e+01
      vertex   -1.700000e+00 0.000000e+00 -9.600000e+01
      vertex   -1.700000e+00 1.000000e+00 -9.600000e+01
    endloop
  endfacet
  facet normal 0.000000e+00 -0.000000e+00 1.000000e+00
    outer loop
      vertex   -7.000000e-01 1.000000e+00 -8.350000e+01
      vertex   -7.000000e-01 1.150000e+01 -8.350000e+01
      vertex   -3.999995e+00 1.000000e+00 -8.350000e+01
    endloop
  endfacet
  facet normal 0.000000e+00 0.000000e+00 1.000000e+00
    outer loop
      vertex   -3.999995e+00 1.000000e+00 -8.350000e+01
      vertex   -7.000000e-01 1.150000e+01 -8.350000e+01
      vertex   -3.999995e+00 1.150000e+01 -8.350000e+01
    endloop
  endfacet
  facet normal -0.000000e+00 9.928398e-01 1.194536e-01
    outer loop
      vertex   -1.700000e+00 7.050843e+00 -9.200000e+01
      vertex   -7.000000e-01 7.050843e+00 -9.200000e+01
      vertex   -1.700000e+00 7.082543e+00 -9.226348e+01
    endloop
  endfacet
  facet normal -0.000000e+00 9.928398e-01 1.194536e-01
    outer loop
      vertex   -1.700000e+00 7.082543e+00 -9.226348e+01
      vertex   -7.000000e-01 7.050843e+00 -9.200000e+01
      vertex   -7.000000e-01 7.082543e+00 -9.226348e+01
    endloop
  endfacet
  facet normal -0.000000e+00 9.353382e-01 3.537547e-01
    outer loop
      vertex   -1.700000e+00 7.082543e+00 -9.226348e+01
      vertex   -7.000000e-01 7.082543e+00 -9.226348e+01
      vertex   -7.000000e-01 7.176422e+00 -9.251170e+01
    endloop
  endfacet
  facet normal 0.000000e+00 9.353382e-01 3.537547e-01
    outer loop
      vertex   -1.700000e+00 7.082543e+00 -9.226348e+01
      vertex   -7.000000e-01 7.176422e+00 -9.251170e+01
      vertex   -1.700000e+00 7.176422e+00 -9.251170e+01
    endloop
  endfacet
  facet normal -0.000000e+00 8.233968e-01 5.674660e-01
    outer loop
      vertex   -1.700000e+00 7.176422e+00 -9.251170e+01
      vertex   -7.000000e-01 7.176422e+00 -9.251170e+01
      vertex   -7.000000e-01 7.327016e+00 -9.273021e+01
    endloop
  endfacet
  facet normal 0.000000e+00 8.233968e-01 5.674660e-01
    outer loop
      vertex   -1.700000e+00 7.176422e+00 -9.251170e+01
      vertex   -7.000000e-01 7.327016e+00 -9.273021e+01
      vertex   -1.700000e+00 7.327016e+00 -9.273021e+01
    endloop
  endfacet
  facet normal -0.000000e+00 6.635309e-01 7.481489e-01
    outer loop
      vertex   -1.700000e+00 7.327016e+00 -9.273021e+01
      vertex   -7.000000e-01 7.327016e+00 -9.273021e+01
      vertex   -7.000000e-01 7.525559e+00 -9.290630e+01
    endloop
  endfacet
  facet normal 0.000000e+00 6.635309e-01 7.481489e-01
    outer loop
      vertex   -1.700000e+00 7.327016e+00 -9.273021e+01
      vertex   -7.000000e-01 7.525559e+00 -9.290630e+01
      vertex   -1.700000e+00 7.525559e+00 -9.290630e+01
    endloop
  endfacet
  facet normal -0.000000e+00 4.650451e-01 8.852870e-01
    outer loop
      vertex   -1.700000e+00 7.525559e+00 -9.290630e+01
      vertex   -7.000000e-01 7.525559e+00 -9.290630e+01
      vertex   -7.000000e-01 7.760496e+00 -9.302971e+01
    endloop
  endfacet
  facet normal 0.000000e+00 4.650451e-01 8.852870e-01
    outer loop
      vertex   -1.700000e+00 7.525559e+00 -9.290630e+01
      vertex   -7.000000e-01 7.760496e+00 -9.302971e+01
      vertex   -1.700000e+00 7.760496e+00 -9.302971e+01
    endloop
  endfacet
  facet normal -0.000000e+00 2.394922e-01 9.708983e-01
    outer loop
      vertex   -1.700000e+00 7.760496e+00 -9.302971e+01
      vertex   -7.000000e-01 7.760496e+00 -9.302971e+01
      vertex   -7.000000e-01 8.018152e+00 -9.309327e+01
    endloop
  endfacet
  facet normal 0.000000e+00 2.394922e-01 9.708983e-01
    outer loop
      vertex   -1.700000e+00 7.760496e+00 -9.302971e+01
      vertex   -7.000000e-01 8.018152e+00 -9.309327e+01
      vertex   -1.700000e+00 8.018152e+00 -9.309327e+01
    endloop
  endfacet
  facet normal 0.000000e+00 0.000000e+00 1.000000e+00
    outer loop
      vertex   -1.700000e+00 8.018152e+00 -9.309327e+01
      vertex   -7.000000e-01 8.018152e+00 -9.309327e+01
      vertex   -7.000000e-01 8.283532e+00 -9.309327e+01
    endloop
  endfacet
  facet normal 0.000000e+00 0.000000e+00 1.000000e+00
    outer loop
      vertex   -1.700000e+00 8.018152e+00 -9.309327e+01
      vertex   -7.000000e-01 8.283532e+00 -9.309327e+01
      vertex   -1.700000e+00 8.283532e+00 -9.309327e+01
    endloop
  endfacet
  facet normal 0.000000e+00 -2.394922e-01 9.708983e-01
    outer loop
      vertex   -1.700000e+00 8.283532e+00 -9.309327e+01
      vertex   -7.000000e-01 8.283532e+00 -9.309327e+01
      vertex   -7.000000e-01 8.541188e+00 -9.302971e+01
    endloop
  endfacet
  facet normal 0.000000e+00 -2.394922e-01 9.708983e-01
    outer loop
      vertex   -1.700000e+00 8.283532e+00 -9.309327e+01
      vertex   -7.000000e-01 8.541188e+00 -9.302971e+01
      vertex   -1.700000e+00 8.541188e+00 -9.302971e+01
    endloop
  endfacet
  facet normal 0.000000e+00 -4.650451e-01 8.852870e-01
    outer loop
      vertex   -1.700000e+00 8.541188e+00 -9.302971e+01
      vertex   -7.000000e-01 8.541188e+00 -9.302971e+01
      vertex   -7.000000e-01 8.776125e+00 -9.290630e+01
    endloop
  endfacet
  facet normal 0.000000e+00 -4.650451e-01 8.852870e-01
    outer loop
      vertex   -1.700000e+00 8.541188e+00 -9.302971e+01
      vertex   -7.000000e-01 8.776125e+00 -9.290630e+01
      vertex   -1.700000e+00 8.776125e+00 -9.290630e+01
    endloop
  endfacet
  facet normal 0.000000e+00 -6.635309e-01 7.481489e-01
    outer loop
      vertex   -1.700000e+00 8.776125e+00 -9.290630e+01
      vertex   -7.000000e-01 8.776125e+00 -9.290630e+01
      vertex   -7.000000e-01 8.974668e+00 -9.273021e+01
    endloop
  endfacet
  facet normal 0.000000e+00 -6.635309e-01 7.481489e-01
    outer loop
      vertex   -1.700000e+00 8.776125e+00 -9.290630e+01
      vertex   -7.000000e-01 8.974668e+00 -9.273021e+01
      vertex   -1.700000e+00 8.974668e+00 -9.273021e+01
    endloop
  endfacet
  facet normal 0.000000e+00 -8.233968e-01 5.674660e-01
    outer loop
      vertex   -1.700000e+00 8.974668e+00 -9.273021e+01
      vertex   -7.000000e-01 8.974668e+00 -9.273021e+01
      vertex   -7.000000e-01 9.125262e+00 -9.251170e+01
    endloop
  endfacet
  facet normal 0.000000e+00 -8.233968e-01 5.674660e-01
    outer loop
      vertex   -1.700000e+00 8.974668e+00 -9.273021e+01
      vertex   -7.000000e-01 9.125262e+00 -9.251170e+01
      vertex   -1.700000e+00 9.125262e+00 -9.251170e+01
    endloop
  endfacet
  facet normal 0.000000e+00 -9.353382e-01 3.537547e-01
    outer loop
      vertex   -1.700000e+00 9.125262e+00 -9.251170e+01
      vertex   -7.000000e-01 9.125262e+00 -9.251170e+01
      vertex   -7.000000e-01 9.219141e+00 -9.226348e+01
    endloop
  endfacet
  facet normal 0.000000e+00 -9.353382e-01 3.537547e-01
    outer loop
      vertex   -1.700000e+00 9.125262e+00 -9.251170e+01
      vertex   -7.000000e-01 9.219141e+00 -9.226348e+01
      vertex   -1.700000e+00 9.219141e+00 -9.226348e+01
    endloop
  endfacet
  facet normal 0.000000e+00 -9.928398e-01 1.194536e-01
    outer loop
      vertex   -1.700000e+00 9.219141e+00 -9.226348e+01
      vertex   -7.000000e-01 9.219141e+00 -9.226348e+01
      vertex   -1.700000e+00 9.250841e+00 -9.200000e+01
    endloop
  endfacet
  facet normal 0.000000e+00 -9.928398e-01 1.194536e-01
    outer loop
      vertex   -1.700000e+00 9.250841e+00 -9.200000e+01
      vertex   -7.000000e-01 9.219141e+00 -9.226348e+01
      vertex   -7.000000e-01 9.250841e+00 -9.200000e+01
    endloop
  endfacet
  facet normal 0.000000e+00 -9.913029e-01 -1.316002e-01
    outer loop
      vertex   -4.999995e+00 9.250841e+00 -9.200000e+01
      vertex   -3.999995e+00 9.250841e+00 -9.200000e+01
      vertex   -4.999995e+00 9.213080e+00 -9.171555e+01
    endloop
  endfacet
  facet normal 0.000000e+00 -9.913029e-01 -1.316002e-01
    outer loop
      vertex   -4.999995e+00 9.213080e+00 -9.171555e+01
      vertex   -3.999995e+00 9.250841e+00 -9.200000e+01
      vertex   -3.999995e+00 9.213080e+00 -9.171555e+01
    endloop
  endfacet
  facet normal 0.000000e+00 -9.235400e-01 -3.835022e-01
    outer loop
      vertex   -4.999995e+00 9.213080e+00 -9.171555e+01
      vertex   -3.999995e+00 9.213080e+00 -9.171555e+01
      vertex   -4.999995e+00 9.103036e+00 -9.145055e+01
    endloop
  endfacet
  facet normal 0.000000e+00 -9.235400e-01 -3.835022e-01
    outer loop
      vertex   -4.999995e+00 9.103036e+00 -9.145055e+01
      vertex   -3.999995e+00 9.213080e+00 -9.171555e+01
      vertex   -3.999995e+00 9.103036e+00 -9.145055e+01
    endloop
  endfacet
  facet normal 0.000000e+00 -7.929335e-01 -6.093082e-01
    outer loop
      vertex   -4.999995e+00 9.103036e+00 -9.145055e+01
      vertex   -3.999995e+00 9.103036e+00 -9.145055e+01
      vertex   -4.999995e+00 8.928200e+00 -9.122302e+01
    endloop
  endfacet
  facet normal 0.000000e+00 -7.929335e-01 -6.093082e-01
    outer loop
      vertex   -4.999995e+00 8.928200e+00 -9.122302e+01
      vertex   -3.999995e+00 9.103036e+00 -9.145055e+01
      vertex   -3.999995e+00 8.928200e+00 -9.122302e+01
    endloop
  endfacet
  facet normal 0.000000e+00 -6.083707e-01 -7.936530e-01
    outer loop
      vertex   -4.999995e+00 8.928200e+00 -9.122302e+01
      vertex   -3.999995e+00 8.928200e+00 -9.122302e+01
      vertex   -4.999995e+00 8.700467e+00 -9.104846e+01
    endloop
  endfacet
  facet normal 0.000000e+00 -6.083707e-01 -7.936530e-01
    outer loop
      vertex   -4.999995e+00 8.700467e+00 -9.104846e+01
      vertex   -3.999995e+00 8.928200e+00 -9.122302e+01
      vertex   -3.999995e+00 8.700467e+00 -9.104846e+01
    endloop
  endfacet
  facet normal 0.000000e+00 -3.824104e-01 -9.239926e-01
    outer loop
      vertex   -4.999995e+00 8.700467e+00 -9.104846e+01
      vertex   -3.999995e+00 8.700467e+00 -9.104846e+01
      vertex   -4.999995e+00 8.435334e+00 -9.093873e+01
    endloop
  endfacet
  facet normal 0.000000e+00 -3.824104e-01 -9.239926e-01
    outer loop
      vertex   -4.999995e+00 8.435334e+00 -9.093873e+01
      vertex   -3.999995e+00 8.700467e+00 -9.104846e+01
      vertex   -3.999995e+00 8.435334e+00 -9.093873e+01
    endloop
  endfacet
  facet normal 0.000000e+00 -1.304285e-01 -9.914577e-01
    outer loop
      vertex   -4.999995e+00 8.435334e+00 -9.093873e+01
      vertex   -3.999995e+00 8.435334e+00 -9.093873e+01
      vertex   -4.999995e+00 8.150842e+00 -9.090130e+01
    endloop
  endfacet
  facet normal 0.000000e+00 -1.304285e-01 -9.914577e-01
    outer loop
      vertex   -4.999995e+00 8.150842e+00 -9.090130e+01
      vertex   -3.999995e+00 8.435334e+00 -9.093873e+01
      vertex   -3.999995e+00 8.150842e+00 -9.090130e+01
    endloop
  endfacet
  facet normal 0.000000e+00 1.304285e-01 -9.914577e-01
    outer loop
      vertex   -4.999995e+00 8.150842e+00 -9.090130e+01
      vertex   -3.999995e+00 8.150842e+00 -9.090130e+01
      vertex   -4.999995e+00 7.866350e+00 -9.093873e+01
    endloop
  endfacet
  facet normal 0.000000e+00 1.304285e-01 -9.914577e-01
    outer loop
      vertex   -4.999995e+00 7.866350e+00 -9.093873e+01
      vertex   -3.999995e+00 8.150842e+00 -9.090130e+01
      vertex   -3.999995e+00 7.866350e+00 -9.093873e+01
    endloop
  endfacet
  facet normal 0.000000e+00 3.824104e-01 -9.239926e-01
    outer loop
      vertex   -4.999995e+00 7.866350e+00 -9.093873e+01
      vertex   -3.999995e+00 7.866350e+00 -9.093873e+01
      vertex   -4.999995e+00 7.601217e+00 -9.104846e+01
    endloop
  endfacet
  facet normal 0.000000e+00 3.824104e-01 -9.239926e-01
    outer loop
      vertex   -4.999995e+00 7.601217e+00 -9.104846e+01
      vertex   -3.999995e+00 7.866350e+00 -9.093873e+01
      vertex   -3.999995e+00 7.601217e+00 -9.104846e+01
    endloop
  endfacet
  facet normal 0.000000e+00 6.083707e-01 -7.936530e-01
    outer loop
      vertex   -4.999995e+00 7.601217e+00 -9.104846e+01
      vertex   -3.999995e+00 7.601217e+00 -9.104846e+01
      vertex   -4.999995e+00 7.373484e+00 -9.122302e+01
    endloop
  endfacet
  facet normal 0.000000e+00 6.083707e-01 -7.936530e-01
    outer loop
      vertex   -4.999995e+00 7.373484e+00 -9.122302e+01
      vertex   -3.999995e+00 7.601217e+00 -9.104846e+01
      vertex   -3.999995e+00 7.373484e+00 -9.122302e+01
    endloop
  endfacet
  facet normal 0.000000e+00 7.929335e-01 -6.093082e-01
    outer loop
      vertex   -4.999995e+00 7.373484e+00 -9.122302e+01
      vertex   -3.999995e+00 7.373484e+00 -9.122302e+01
      vertex   -4.999995e+00 7.198648e+00 -9.145055e+01
    endloop
  endfacet
  facet normal 0.000000e+00 7.929335e-01 -6.093082e-01
    outer loop
      vertex   -4.999995e+00 7.198648e+00 -9.145055e+01
      vertex   -3.999995e+00 7.373484e+00 -9.122302e+01
      vertex   -3.999995e+00 7.198648e+00 -9.145055e+01
    endloop
  endfacet
  facet normal 0.000000e+00 9.235400e-01 -3.835022e-01
    outer loop
      vertex   -4.999995e+00 7.198648e+00 -9.145055e+01
      vertex   -3.999995e+00 7.198648e+00 -9.145055e+01
      vertex   -4.999995e+00 7.088605e+00 -9.171555e+01
    endloop
  endfacet
  facet normal 0.000000e+00 9.235400e-01 -3.835022e-01
    outer loop
      vertex   -4.999995e+00 7.088605e+00 -9.171555e+01
      vertex   -3.999995e+00 7.198648e+00 -9.145055e+01
      vertex   -3.999995e+00 7.088605e+00 -9.171555e+01
    endloop
  endfacet
  facet normal 0.000000e+00 9.913029e-01 -1.316002e-01
    outer loop
      vertex   -4.999995e+00 7.088605e+00 -9.171555e+01
      vertex   -3.999995e+00 7.088605e+00 -9.171555e+01
      vertex   -4.999995e+00 7.050843e+00 -9.200000e+01
    endloop
  endfacet
  facet normal 0.000000e+00 9.913029e-01 -1.316002e-01
    outer loop
      vertex   -4.999995e+00 7.050843e+00 -9.200000e+01
      vertex   -3.999995e+00 7.088605e+00 -9.171555e+01
      vertex   -3.999995e+00 7.050843e+00 -9.200000e+01
    endloop
  endfacet
  facet normal 0.000000e+00 1.000000e+00 0.000000e+00
    outer loop
      vertex   -3.999995e+00 2.700000e+01 -1.048124e+02
      vertex   -4.999995e+00 2.700000e+01 -1.048124e+02
      vertex   -4.000000e+00 2.700000e+01 -7.140000e+01
    endloop
  endfacet
  facet normal 0.000000e+00 1.000000e+00 -0.000000e+00
    outer loop
      vertex   -4.000000e+00 2.700000e+01 -7.140000e+01
      vertex   -4.999995e+00 2.700000e+01 -1.048124e+02
      vertex   -4.000000e+00 2.700000e+01 -6.220000e+01
    endloop
  endfacet
  facet normal 1.738563e-07 1.000000e+00 -4.079925e-09
    outer loop
      vertex   -4.000000e+00 2.700000e+01 -6.220000e+01
      vertex   -4.999995e+00 2.700000e+01 -1.048124e+02
      vertex   -4.999995e+00 2.700000e+01 -6.200000e+00
    endloop
  endfacet
  facet normal 4.023331e-07 1.000000e+00 -0.000000e+00
    outer loop
      vertex   -4.000000e+00 2.700000e+01 -6.220000e+01
      vertex   -4.999995e+00 2.700000e+01 -6.200000e+00
      vertex   -4.000000e+00 2.700000e+01 -4.880000e+01
    endloop
  endfacet
  facet normal 4.023331e-07 1.000000e+00 -3.884170e-23
    outer loop
      vertex   -4.000000e+00 2.700000e+01 -4.880000e+01
      vertex   -4.999995e+00 2.700000e+01 -6.200000e+00
      vertex   -4.000000e+00 2.700000e+01 -3.960000e+01
    endloop
  endfacet
  facet normal -1.241763e-08 1.000000e+00 -1.241763e-08
    outer loop
      vertex   -4.000000e+00 2.700000e+01 -3.960000e+01
      vertex   -4.999995e+00 2.700000e+01 -6.200000e+00
      vertex   -3.999995e+00 2.700000e+01 -7.200000e+00
    endloop
  endfacet
  facet normal 2.117534e-08 1.000000e+00 2.117534e-08
    outer loop
      vertex   -3.999995e+00 2.700000e+01 -7.200000e+00
      vertex   -4.999995e+00 2.700000e+01 -6.200000e+00
      vertex   1.400000e+01 2.700000e+01 -6.200003e+00
    endloop
  endfacet
  facet normal 2.235174e-08 1.000000e+00 0.000000e+00
    outer loop
      vertex   -3.999995e+00 2.700000e+01 -7.200000e+00
      vertex   1.400000e+01 2.700000e+01 -6.200003e+00
      vertex   1.400000e+01 2.700000e+01 -7.200003e+00
    endloop
  endfacet
  facet normal 3.552730e-15 1.000000e+00 -0.000000e+00
    outer loop
      vertex   1.400000e+01 2.700000e+01 -7.200003e+00
      vertex   1.400000e+01 2.700000e+01 -6.200003e+00
      vertex   1.500000e+01 2.700000e+01 -6.200002e+00
    endloop
  endfacet
  facet normal -7.105451e-15 1.000000e+00 1.065812e-14
    outer loop
      vertex   1.400000e+01 2.700000e+01 -7.200003e+00
      vertex   1.500000e+01 2.700000e+01 -6.200002e+00
      vertex   1.500000e+01 2.700000e+01 -7.200004e+00
    endloop
  endfacet
  facet normal 0.000000e+00 0.000000e+00 1.000000e+00
    outer loop
      vertex   1.500000e+01 1.000000e+00 -4.880000e+01
      vertex   -3.999995e+00 1.000000e+00 -4.880000e+01
      vertex   1.500000e+01 0.000000e+00 -4.880000e+01
    endloop
  endfacet
  facet normal 0.000000e+00 0.000000e+00 1.000000e+00
    outer loop
      vertex   1.500000e+01 0.000000e+00 -4.880000e+01
      vertex   -3.999995e+00 1.000000e+00 -4.880000e+01
      vertex   -4.000000e+00 0.000000e+00 -4.880000e+01
    endloop
  endfacet
  facet normal 1.000000e+00 0.000000e+00 -0.000000e+00
    outer loop
      vertex   1.500000e+01 1.000000e+00 -6.220000e+01
      vertex   1.500000e+01 1.000000e+00 -4.880000e+01
      vertex   1.500000e+01 0.000000e+00 -6.220000e+01
    endloop
  endfacet
  facet normal 1.000000e+00 0.000000e+00 0.000000e+00
    outer loop
      vertex   1.500000e+01 0.000000e+00 -6.220000e+01
      vertex   1.500000e+01 1.000000e+00 -4.880000e+01
      vertex   1.500000e+01 0.000000e+00 -4.880000e+01
    endloop
  endfacet
  facet normal 1.000000e+00 -4.882211e-07 -2.814110e-08
    outer loop
      vertex   1.500000e+01 8.097481e+00 -1.040744e+02
      vertex   1.500000e+01 1.700000e+01 -1.038000e+02
      vertex   1.500000e+01 8.081665e+00 -1.038000e+02
    endloop
  endfacet
  facet normal 1.000000e+00 -4.882211e-07 0.000000e+00
    outer loop
      vertex   1.500000e+01 8.081665e+00 -1.038000e+02
      vertex   1.500000e+01 1.700000e+01 -1.038000e+02
      vertex   1.500000e+01 1.700000e+01 -9.900000e+01
    endloop
  endfacet
  facet normal 1.000000e+00 7.165941e-06 -1.422132e-05
    outer loop
      vertex   1.500000e+01 8.081665e+00 -1.038000e+02
      vertex   1.500000e+01 1.700000e+01 -9.900000e+01
      vertex   1.500000e+01 7.997468e+00 -1.035363e+02
    endloop
  endfacet
  facet normal 1.000000e+00 0.000000e+00 -0.000000e+00
    outer loop
      vertex   1.500000e+01 7.997468e+00 -1.035363e+02
      vertex   1.500000e+01 1.700000e+01 -9.900000e+01
      vertex   1.500000e+01 7.850084e+00 -1.033019e+02
    endloop
  endfacet
  facet normal 1.000000e+00 0.000000e+00 -0.000000e+00
    outer loop
      vertex   1.500000e+01 7.850084e+00 -1.033019e+02
      vertex   1.500000e+01 1.700000e+01 -9.900000e+01
      vertex   1.500000e+01 7.648851e+00 -1.031117e+02
    endloop
  endfacet
  facet normal 1.000000e+00 0.000000e+00 -0.000000e+00
    outer loop
      vertex   1.500000e+01 7.648851e+00 -1.031117e+02
      vertex   1.500000e+01 1.700000e+01 -9.900000e+01
      vertex   1.500000e+01 7.406515e+00 -1.029779e+02
    endloop
  endfacet
  facet normal 1.000000e+00 0.000000e+00 -0.000000e+00
    outer loop
      vertex   1.500000e+01 7.406515e+00 -1.029779e+02
      vertex   1.500000e+01 1.700000e+01 -9.900000e+01
      vertex   1.500000e+01 7.138428e+00 -1.029087e+02
    endloop
  endfacet
  facet normal 1.000000e+00 0.000000e+00 -0.000000e+00
    outer loop
      vertex   1.500000e+01 7.138428e+00 -1.029087e+02
      vertex   1.500000e+01 1.700000e+01 -9.900000e+01
      vertex   1.500000e+01 1.000000e+00 -9.900000e+01
    endloop
  endfacet
  facet normal 1.000000e+00 0.000000e+00 0.000000e+00
    outer loop
      vertex   1.500000e+01 7.138428e+00 -1.029087e+02
      vertex   1.500000e+01 1.000000e+00 -9.900000e+01
      vertex   1.500000e+01 6.861572e+00 -1.029087e+02
    endloop
  endfacet
  facet normal 1.000000e+00 0.000000e+00 0.000000e+00
    outer loop
      vertex   1.500000e+01 6.861572e+00 -1.029087e+02
      vertex   1.500000e+01 1.000000e+00 -9.900000e+01
      vertex   1.500000e+01 6.593485e+00 -1.029779e+02
    endloop
  endfacet
  facet normal 1.000000e+00 0.000000e+00 0.000000e+00
    outer loop
      vertex   1.500000e+01 6.593485e+00 -1.029779e+02
      vertex   1.500000e+01 1.000000e+00 -9.900000e+01
      vertex   1.500000e+01 6.351149e+00 -1.031117e+02
    endloop
  endfacet
  facet normal 1.000000e+00 0.000000e+00 0.000000e+00
    outer loop
      vertex   1.500000e+01 6.351149e+00 -1.031117e+02
      vertex   1.500000e+01 1.000000e+00 -9.900000e+01
      vertex   1.500000e+01 6.149916e+00 -1.033019e+02
    endloop
  endfacet
  facet normal 1.000000e+00 0.000000e+00 0.000000e+00
    outer loop
      vertex   1.500000e+01 6.149916e+00 -1.033019e+02
      vertex   1.500000e+01 1.000000e+00 -9.900000e+01
      vertex   1.500000e+01 6.002532e+00 -1.035363e+02
    endloop
  endfacet
  facet normal 1.000000e+00 -1.160945e-05 -1.280277e-05
    outer loop
      vertex   1.500000e+01 6.002532e+00 -1.035363e+02
      vertex   1.500000e+01 1.000000e+00 -9.900000e+01
      vertex   1.500000e+01 5.918335e+00 -1.038000e+02
    endloop
  endfacet
  facet normal 1.000000e+00 8.381354e-07 -4.831018e-08
    outer loop
      vertex   1.500000e+01 5.918335e+00 -1.038000e+02
      vertex   1.500000e+01 1.000000e+00 -9.900000e+01
      vertex   1.500000e+01 5.902519e+00 -1.040744e+02
    endloop
  endfacet
  facet normal 1.000000e+00 4.718738e-07 -4.021661e-07
    outer loop
      vertex   1.500000e+01 5.902519e+00 -1.040744e+02
      vertex   1.500000e+01 1.000000e+00 -9.900000e+01
      vertex   1.500000e+01 0.000000e+00 -1.110000e+02
    endloop
  endfacet
  facet normal 1.000000e+00 0.000000e+00 0.000000e+00
    outer loop
      vertex   1.500000e+01 5.902519e+00 -1.040744e+02
      vertex   1.500000e+01 0.000000e+00 -1.110000e+02
      vertex   1.500000e+01 5.955221e+00 -1.043441e+02
    endloop
  endfacet
  facet normal 1.000000e+00 0.000000e+00 0.000000e+00
    outer loop
      vertex   1.500000e+01 5.955221e+00 -1.043441e+02
      vertex   1.500000e+01 0.000000e+00 -1.110000e+02
      vertex   1.500000e+01 6.073150e+00 -1.045924e+02
    endloop
  endfacet
  facet normal 1.000000e+00 0.000000e+00 0.000000e+00
    outer loop
      vertex   1.500000e+01 6.073150e+00 -1.045924e+02
      vertex   1.500000e+01 0.000000e+00 -1.110000e+02
      vertex   1.500000e+01 6.248945e+00 -1.048037e+02
    endloop
  endfacet
  facet normal 1.000000e+00 0.000000e+00 0.000000e+00
    outer loop
      vertex   1.500000e+01 6.248945e+00 -1.048037e+02
      vertex   1.500000e+01 0.000000e+00 -1.110000e+02
      vertex   1.500000e+01 6.471630e+00 -1.049648e+02
    endloop
  endfacet
  facet normal 1.000000e+00 0.000000e+00 0.000000e+00
    outer loop
      vertex   1.500000e+01 6.471630e+00 -1.049648e+02
      vertex   1.500000e+01 0.000000e+00 -1.110000e+02
      vertex   1.500000e+01 6.727303e+00 -1.050657e+02
    endloop
  endfacet
  facet normal 1.000000e+00 0.000000e+00 0.000000e+00
    outer loop
      vertex   1.500000e+01 6.727303e+00 -1.050657e+02
      vertex   1.500000e+01 0.000000e+00 -1.110000e+02
      vertex   1.500000e+01 7.000000e+00 -1.051000e+02
    endloop
  endfacet
  facet normal 1.000000e+00 -0.000000e+00 0.000000e+00
    outer loop
      vertex   1.500000e+01 7.000000e+00 -1.051000e+02
      vertex   1.500000e+01 0.000000e+00 -1.110000e+02
      vertex   1.500000e+01 7.272697e+00 -1.050657e+02
    endloop
  endfacet
  facet normal 1.000000e+00 0.000000e+00 0.000000e+00
    outer loop
      vertex   1.500000e+01 7.272697e+00 -1.050657e+02
      vertex   1.500000e+01 0.000000e+00 -1.110000e+02
      vertex   1.500000e+01 1.700000e+01 -1.110000e+02
    endloop
  endfacet
  facet normal 1.000000e+00 -0.000000e+00 0.000000e+00
    outer loop
      vertex   1.500000e+01 7.272697e+00 -1.050657e+02
      vertex   1.500000e+01 1.700000e+01 -1.110000e+02
      vertex   1.500000e+01 7.528370e+00 -1.049648e+02
    endloop
  endfacet
  facet normal 1.000000e+00 -0.000000e+00 0.000000e+00
    outer loop
      vertex   1.500000e+01 7.528370e+00 -1.049648e+02
      vertex   1.500000e+01 1.700000e+01 -1.110000e+02
      vertex   1.500000e+01 7.751055e+00 -1.048037e+02
    endloop
  endfacet
  facet normal 1.000000e+00 -0.000000e+00 0.000000e+00
    outer loop
      vertex   1.500000e+01 7.751055e+00 -1.048037e+02
      vertex   1.500000e+01 1.700000e+01 -1.110000e+02
      vertex   1.500000e+01 7.926850e+00 -1.045924e+02
    endloop
  endfacet
  facet normal 1.000000e+00 -0.000000e+00 0.000000e+00
    outer loop
      vertex   1.500000e+01 7.926850e+00 -1.045924e+02
      vertex   1.500000e+01 1.700000e+01 -1.110000e+02
      vertex   1.500000e+01 8.044779e+00 -1.043441e+02
    endloop
  endfacet
  facet normal 1.000000e+00 -4.258888e-16 -5.730183e-16
    outer loop
      vertex   1.500000e+01 8.044779e+00 -1.043441e+02
      vertex   1.500000e+01 1.700000e+01 -1.110000e+02
      vertex   1.500000e+01 1.700000e+01 -1.048000e+02
    endloop
  endfacet
  facet normal 1.000000e+00 -3.928132e-16 7.674506e-17
    outer loop
      vertex   1.500000e+01 8.044779e+00 -1.043441e+02
      vertex   1.500000e+01 1.700000e+01 -1.048000e+02
      vertex   1.500000e+01 8.097481e+00 -1.040744e+02
    endloop
  endfacet
  facet normal 1.000000e+00 -3.548840e-07 -4.354094e-06
    outer loop
      vertex   1.500000e+01 8.097481e+00 -1.040744e+02
      vertex   1.500000e+01 1.700000e+01 -1.048000e+02
      vertex   1.500000e+01 1.700000e+01 -1.038000e+02
    endloop
  endfacet
  facet normal 1.000000e+00 0.000000e+00 1.869007e-07
    outer loop
      vertex   1.500000e+01 1.000000e+00 -7.458739e+01
      vertex   1.500000e+01 0.000000e+00 -7.458739e+01
      vertex   1.500000e+01 1.000000e+00 -9.900000e+01
    endloop
  endfacet
  facet normal 1.000000e+00 -4.422870e-06 5.729231e-09
    outer loop
      vertex   1.500000e+01 1.000000e+00 -9.900000e+01
      vertex   1.500000e+01 0.000000e+00 -7.458739e+01
      vertex   1.500000e+01 0.000000e+00 -1.110000e+02
    endloop
  endfacet
  facet normal 1.000000e+00 6.518194e-07 -4.354094e-06
    outer loop
      vertex   1.500000e+01 1.700000e+01 -1.038000e+02
      vertex   1.500000e+01 1.700000e+01 -1.048000e+02
      vertex   1.500000e+01 2.400000e+01 -1.038000e+02
    endloop
  endfacet
  facet normal 1.000000e+00 2.086162e-08 6.258460e-08
    outer loop
      vertex   1.500000e+01 2.400000e+01 -1.038000e+02
      vertex   1.500000e+01 1.700000e+01 -1.048000e+02
      vertex   1.500000e+01 2.700000e+01 -1.048000e+02
    endloop
  endfacet
  facet normal 1.000000e+00 -0.000000e+00 0.000000e+00
    outer loop
      vertex   1.500000e+01 2.400000e+01 -1.038000e+02
      vertex   1.500000e+01 2.700000e+01 -1.048000e+02
      vertex   1.500000e+01 2.600000e+01 -1.038000e+02
    endloop
  endfacet
  facet normal 1.000000e+00 0.000000e+00 0.000000e+00
    outer loop
      vertex   1.500000e+01 2.600000e+01 -1.038000e+02
      vertex   1.500000e+01 2.700000e+01 -1.048000e+02
      vertex   1.500000e+01 2.700000e+01 -1.038000e+02
    endloop
  endfacet
  facet normal 1.000000e+00 -0.000000e+00 0.000000e+00
    outer loop
      vertex   1.500000e+01 0.000000e+00 -3.778739e+01
      vertex   1.500000e+01 0.000000e+00 -3.960000e+01
      vertex   1.500000e+01 1.000000e+00 -3.778739e+01
    endloop
  endfacet
  facet normal 1.000000e+00 0.000000e+00 0.000000e+00
    outer loop
      vertex   1.500000e+01 1.000000e+00 -3.778739e+01
      vertex   1.500000e+01 0.000000e+00 -3.960000e+01
      vertex   1.500000e+01 1.000000e+00 -3.960000e+01
    endloop
  endfacet
  facet normal 1.000000e+00 6.518194e-07 4.354117e-06
    outer loop
      vertex   1.500000e+01 2.400000e+01 -7.200000e+00
      vertex   1.500000e+01 1.700000e+01 -6.199999e+00
      vertex   1.500000e+01 1.700000e+01 -7.200000e+00
    endloop
  endfacet
  facet normal 1.000000e+00 -3.555482e-07 4.354117e-06
    outer loop
      vertex   1.500000e+01 1.700000e+01 -7.200000e+00
      vertex   1.500000e+01 1.700000e+01 -6.199999e+00
      vertex   1.500000e+01 8.097572e+00 -6.926953e+00
    endloop
  endfacet
  facet normal 1.000000e+00 -4.882211e-07 2.844257e-08
    outer loop
      vertex   1.500000e+01 1.700000e+01 -7.200000e+00
      vertex   1.500000e+01 8.097572e+00 -6.926953e+00
      vertex   1.500000e+01 8.081665e+00 -7.200004e+00
    endloop
  endfacet
  facet normal 1.000000e+00 2.086158e-08 -6.258491e-08
    outer loop
      vertex   1.500000e+01 1.700000e+01 -6.199999e+00
      vertex   1.500000e+01 2.400000e+01 -7.200000e+00
      vertex   1.500000e+01 2.700000e+01 -6.200002e+00
    endloop
  endfacet
  facet normal 1.000000e+00 0.000000e+00 0.000000e+00
    outer loop
      vertex   1.500000e+01 2.700000e+01 -6.200002e+00
      vertex   1.500000e+01 2.400000e+01 -7.200000e+00
      vertex   1.500000e+01 2.600000e+01 -7.200000e+00
    endloop
  endfacet
  facet normal 1.000000e+00 0.000000e+00 0.000000e+00
    outer loop
      vertex   1.500000e+01 2.700000e+01 -6.200002e+00
      vertex   1.500000e+01 2.600000e+01 -7.200000e+00
      vertex   1.500000e+01 2.700000e+01 -7.200004e+00
    endloop
  endfacet
  facet normal 1.000000e+00 2.728418e-14 5.666922e-15
    outer loop
      vertex   1.500000e+01 7.754986e+00 -6.200002e+00
      vertex   1.500000e+01 7.929022e+00 -6.411003e+00
      vertex   1.500000e+01 1.700000e+01 -6.199999e+00
    endloop
  endfacet
  facet normal 1.000000e+00 2.711872e-14 1.278009e-14
    outer loop
      vertex   1.500000e+01 1.700000e+01 -6.199999e+00
      vertex   1.500000e+01 7.929022e+00 -6.411003e+00
      vertex   1.500000e+01 8.045620e+00 -6.658419e+00
    endloop
  endfacet
  facet normal 1.000000e+00 2.750062e-14 5.320351e-15
    outer loop
      vertex   1.500000e+01 1.700000e+01 -6.199999e+00
      vertex   1.500000e+01 8.045620e+00 -6.658419e+00
      vertex   1.500000e+01 8.097572e+00 -6.926953e+00
    endloop
  endfacet
  facet normal 1.000000e+00 -4.882287e-07 1.666493e-05
    outer loop
      vertex   1.500000e+01 8.081665e+00 -7.200004e+00
      vertex   1.500000e+01 7.997467e+00 -7.463745e+00
      vertex   1.500000e+01 1.700000e+01 -7.200000e+00
    endloop
  endfacet
  facet normal 1.000000e+00 0.000000e+00 0.000000e+00
    outer loop
      vertex   1.500000e+01 1.700000e+01 -7.200000e+00
      vertex   1.500000e+01 7.997467e+00 -7.463745e+00
      vertex   1.500000e+01 1.700000e+01 -1.200000e+01
    endloop
  endfacet
  facet normal 1.000000e+00 0.000000e+00 0.000000e+00
    outer loop
      vertex   1.500000e+01 1.700000e+01 -1.200000e+01
      vertex   1.500000e+01 7.997467e+00 -7.463745e+00
      vertex   1.500000e+01 7.850083e+00 -7.698110e+00
    endloop
  endfacet
  facet normal 1.000000e+00 0.000000e+00 0.000000e+00
    outer loop
      vertex   1.500000e+01 1.700000e+01 -1.200000e+01
      vertex   1.500000e+01 7.850083e+00 -7.698110e+00
      vertex   1.500000e+01 7.648850e+00 -7.888253e+00
    endloop
  endfacet
  facet normal 1.000000e+00 0.000000e+00 0.000000e+00
    outer loop
      vertex   1.500000e+01 7.648850e+00 -7.888253e+00
      vertex   1.500000e+01 7.406515e+00 -8.022128e+00
      vertex   1.500000e+01 1.700000e+01 -1.200000e+01
    endloop
  endfacet
  facet normal 1.000000e+00 0.000000e+00 0.000000e+00
    outer loop
      vertex   1.500000e+01 1.700000e+01 -1.200000e+01
      vertex   1.500000e+01 7.406515e+00 -8.022128e+00
      vertex   1.500000e+01 7.138428e+00 -8.091255e+00
    endloop
  endfacet
  facet normal 1.000000e+00 0.000000e+00 0.000000e+00
    outer loop
      vertex   1.500000e+01 1.700000e+01 -1.200000e+01
      vertex   1.500000e+01 7.138428e+00 -8.091255e+00
      vertex   1.500000e+01 1.000000e+00 -1.200000e+01
    endloop
  endfacet
  facet normal 1.000000e+00 0.000000e+00 0.000000e+00
    outer loop
      vertex   1.500000e+01 1.000000e+00 -1.200000e+01
      vertex   1.500000e+01 7.138428e+00 -8.091255e+00
      vertex   1.500000e+01 6.861572e+00 -8.091255e+00
    endloop
  endfacet
  facet normal 1.000000e+00 0.000000e+00 0.000000e+00
    outer loop
      vertex   1.500000e+01 1.000000e+00 -1.200000e+01
      vertex   1.500000e+01 6.861572e+00 -8.091255e+00
      vertex   1.500000e+01 6.593485e+00 -8.022128e+00
    endloop
  endfacet
  facet normal 1.000000e+00 0.000000e+00 0.000000e+00
    outer loop
      vertex   1.500000e+01 6.593485e+00 -8.022128e+00
      vertex   1.500000e+01 6.351150e+00 -7.888253e+00
      vertex   1.500000e+01 1.000000e+00 -1.200000e+01
    endloop
  endfacet
  facet normal 1.000000e+00 0.000000e+00 0.000000e+00
    outer loop
      vertex   1.500000e+01 1.000000e+00 -1.200000e+01
      vertex   1.500000e+01 6.351150e+00 -7.888253e+00
      vertex   1.500000e+01 6.149917e+00 -7.698110e+00
    endloop
  endfacet
  facet normal 1.000000e+00 0.000000e+00 0.000000e+00
    outer loop
      vertex   1.500000e+01 1.000000e+00 -1.200000e+01
      vertex   1.500000e+01 6.149917e+00 -7.698110e+00
      vertex   1.500000e+01 6.002533e+00 -7.463745e+00
    endloop
  endfacet
  facet normal 1.000000e+00 -1.160949e-05 1.280282e-05
    outer loop
      vertex   1.500000e+01 6.002533e+00 -7.463745e+00
      vertex   1.500000e+01 5.918335e+00 -7.200004e+00
      vertex   1.500000e+01 1.000000e+00 -1.200000e+01
    endloop
  endfacet
  facet normal 1.000000e+00 1.006042e-07 8.040243e-07
    outer loop
      vertex   1.500000e+01 1.000000e+00 -1.200000e+01
      vertex   1.500000e+01 5.918335e+00 -7.200004e+00
      vertex   1.500000e+01 0.000000e+00 -6.200002e+00
    endloop
  endfacet
  facet normal 1.000000e+00 -4.562736e-06 0.000000e+00
    outer loop
      vertex   1.500000e+01 1.000000e+00 -1.200000e+01
      vertex   1.500000e+01 0.000000e+00 -6.200002e+00
      vertex   1.500000e+01 0.000000e+00 -3.641261e+01
    endloop
  endfacet
  facet normal 1.000000e+00 -3.559958e-08 -2.073952e-09
    outer loop
      vertex   1.500000e+01 5.918335e+00 -7.200004e+00
      vertex   1.500000e+01 5.902428e+00 -6.926953e+00
      vertex   1.500000e+01 0.000000e+00 -6.200002e+00
    endloop
  endfacet
  facet normal 1.000000e+00 -3.452160e-08 6.678649e-09
    outer loop
      vertex   1.500000e+01 0.000000e+00 -6.200002e+00
      vertex   1.500000e+01 5.902428e+00 -6.926953e+00
      vertex   1.500000e+01 5.954380e+00 -6.658419e+00
    endloop
  endfacet
  facet normal 1.000000e+00 -3.380912e-08 1.593303e-08
    outer loop
      vertex   1.500000e+01 0.000000e+00 -6.200002e+00
      vertex   1.500000e+01 5.954380e+00 -6.658419e+00
      vertex   1.500000e+01 6.070978e+00 -6.411003e+00
    endloop
  endfacet
  facet normal 1.000000e+00 -3.340525e-08 2.755313e-08
    outer loop
      vertex   1.500000e+01 6.070978e+00 -6.411003e+00
      vertex   1.500000e+01 6.245014e+00 -6.200002e+00
      vertex   1.500000e+01 0.000000e+00 -6.200002e+00
    endloop
  endfacet
  facet normal 1.000000e+00 0.000000e+00 -1.869008e-07
    outer loop
      vertex   1.500000e+01 0.000000e+00 -3.641261e+01
      vertex   1.500000e+01 1.000000e+00 -3.641261e+01
      vertex   1.500000e+01 1.000000e+00 -1.200000e+01
    endloop
  endfacet
endsolid
