solid ASCII
  facet normal 0.000000e+00 -0.000000e+00 1.000000e+00
    outer loop
      vertex   5.000000e-01 9.420000e+01 -1.068000e+02
      vertex   5.000000e-01 1.210000e+02 -1.068000e+02
      vertex   -5.000000e-01 9.420000e+01 -1.068000e+02
    endloop
  endfacet
  facet normal 0.000000e+00 0.000000e+00 1.000000e+00
    outer loop
      vertex   -5.000000e-01 9.420000e+01 -1.068000e+02
      vertex   5.000000e-01 1.210000e+02 -1.068000e+02
      vertex   -5.000000e-01 1.210000e+02 -1.068000e+02
    endloop
  endfacet
  facet normal 0.000000e+00 -9.981871e-01 -6.018650e-02
    outer loop
      vertex   -5.000000e-01 9.420000e+01 -1.068000e+02
      vertex   -5.000000e-01 9.422106e+01 -1.071494e+02
      vertex   5.000000e-01 9.420000e+01 -1.068000e+02
    endloop
  endfacet
  facet normal 0.000000e+00 -9.981871e-01 -6.018650e-02
    outer loop
      vertex   5.000000e-01 9.420000e+01 -1.068000e+02
      vertex   -5.000000e-01 9.422106e+01 -1.071494e+02
      vertex   5.000000e-01 9.422106e+01 -1.071494e+02
    endloop
  endfacet
  facet normal -0.000000e+00 -9.984333e-01 -5.595521e-02
    outer loop
      vertex   5.000000e-01 9.422106e+01 -1.071494e+02
      vertex   -5.000000e-01 9.422106e+01 -1.071494e+02
      vertex   -5.000000e-01 9.423743e+01 -1.074414e+02
    endloop
  endfacet
  facet normal 0.000000e+00 -9.984333e-01 -5.595521e-02
    outer loop
      vertex   5.000000e-01 9.422106e+01 -1.071494e+02
      vertex   -5.000000e-01 9.423743e+01 -1.074414e+02
      vertex   5.000000e-01 9.423743e+01 -1.074414e+02
    endloop
  endfacet
  facet normal -0.000000e+00 -9.986339e-01 -5.225318e-02
    outer loop
      vertex   5.000000e-01 9.423743e+01 -1.074414e+02
      vertex   -5.000000e-01 9.423743e+01 -1.074414e+02
      vertex   -5.000000e-01 9.425014e+01 -1.076844e+02
    endloop
  endfacet
  facet normal 0.000000e+00 -9.986339e-01 -5.225318e-02
    outer loop
      vertex   5.000000e-01 9.423743e+01 -1.074414e+02
      vertex   -5.000000e-01 9.425014e+01 -1.076844e+02
      vertex   5.000000e-01 9.425014e+01 -1.076844e+02
    endloop
  endfacet
  facet normal -0.000000e+00 -9.987536e-01 -4.991199e-02
    outer loop
      vertex   5.000000e-01 9.425014e+01 -1.076844e+02
      vertex   -5.000000e-01 9.425014e+01 -1.076844e+02
      vertex   -5.000000e-01 9.426025e+01 -1.078866e+02
    endloop
  endfacet
  facet normal 0.000000e+00 -9.987536e-01 -4.991199e-02
    outer loop
      vertex   5.000000e-01 9.425014e+01 -1.076844e+02
      vertex   -5.000000e-01 9.426025e+01 -1.078866e+02
      vertex   5.000000e-01 9.426025e+01 -1.078866e+02
    endloop
  endfacet
  facet normal -0.000000e+00 -9.986230e-01 -5.246094e-02
    outer loop
      vertex   5.000000e-01 9.426025e+01 -1.078866e+02
      vertex   -5.000000e-01 9.426025e+01 -1.078866e+02
      vertex   -5.000000e-01 9.427682e+01 -1.082020e+02
    endloop
  endfacet
  facet normal 0.000000e+00 -9.986230e-01 -5.246094e-02
    outer loop
      vertex   5.000000e-01 9.426025e+01 -1.078866e+02
      vertex   -5.000000e-01 9.427682e+01 -1.082020e+02
      vertex   5.000000e-01 9.427682e+01 -1.082020e+02
    endloop
  endfacet
  facet normal -0.000000e+00 -9.972653e-01 -7.390476e-02
    outer loop
      vertex   5.000000e-01 9.427682e+01 -1.082020e+02
      vertex   -5.000000e-01 9.427682e+01 -1.082020e+02
      vertex   -5.000000e-01 9.429548e+01 -1.084538e+02
    endloop
  endfacet
  facet normal 0.000000e+00 -9.972653e-01 -7.390476e-02
    outer loop
      vertex   5.000000e-01 9.427682e+01 -1.082020e+02
      vertex   -5.000000e-01 9.429548e+01 -1.084538e+02
      vertex   5.000000e-01 9.429548e+01 -1.084538e+02
    endloop
  endfacet
  facet normal -0.000000e+00 -9.927312e-01 -1.203530e-01
    outer loop
      vertex   5.000000e-01 9.429548e+01 -1.084538e+02
      vertex   -5.000000e-01 9.429548e+01 -1.084538e+02
      vertex   -5.000000e-01 9.432192e+01 -1.086719e+02
    endloop
  endfacet
  facet normal 0.000000e+00 -9.927312e-01 -1.203530e-01
    outer loop
      vertex   5.000000e-01 9.429548e+01 -1.084538e+02
      vertex   -5.000000e-01 9.432192e+01 -1.086719e+02
      vertex   5.000000e-01 9.432192e+01 -1.086719e+02
    endloop
  endfacet
  facet normal -0.000000e+00 -9.775343e-01 -2.107764e-01
    outer loop
      vertex   5.000000e-01 9.432192e+01 -1.086719e+02
      vertex   -5.000000e-01 9.432192e+01 -1.086719e+02
      vertex   -5.000000e-01 9.436039e+01 -1.088503e+02
    endloop
  endfacet
  facet normal 0.000000e+00 -9.775343e-01 -2.107764e-01
    outer loop
      vertex   5.000000e-01 9.432192e+01 -1.086719e+02
      vertex   -5.000000e-01 9.436039e+01 -1.088503e+02
      vertex   5.000000e-01 9.436039e+01 -1.088503e+02
    endloop
  endfacet
  facet normal -0.000000e+00 -9.292270e-01 -3.695093e-01
    outer loop
      vertex   5.000000e-01 9.436039e+01 -1.088503e+02
      vertex   -5.000000e-01 9.436039e+01 -1.088503e+02
      vertex   -5.000000e-01 9.441616e+01 -1.089905e+02
    endloop
  endfacet
  facet normal 0.000000e+00 -9.292270e-01 -3.695093e-01
    outer loop
      vertex   5.000000e-01 9.436039e+01 -1.088503e+02
      vertex   -5.000000e-01 9.441616e+01 -1.089905e+02
      vertex   5.000000e-01 9.441616e+01 -1.089905e+02
    endloop
  endfacet
  facet normal -0.000000e+00 -8.423862e-01 -5.388743e-01
    outer loop
      vertex   5.000000e-01 9.441616e+01 -1.089905e+02
      vertex   -5.000000e-01 9.441616e+01 -1.089905e+02
      vertex   -5.000000e-01 9.445236e+01 -1.090471e+02
    endloop
  endfacet
  facet normal 0.000000e+00 -8.423862e-01 -5.388743e-01
    outer loop
      vertex   5.000000e-01 9.441616e+01 -1.089905e+02
      vertex   -5.000000e-01 9.445236e+01 -1.090471e+02
      vertex   5.000000e-01 9.445236e+01 -1.090471e+02
    endloop
  endfacet
  facet normal -0.000000e+00 -7.490137e-01 -6.625545e-01
    outer loop
      vertex   5.000000e-01 9.445236e+01 -1.090471e+02
      vertex   -5.000000e-01 9.445236e+01 -1.090471e+02
      vertex   -5.000000e-01 9.449461e+01 -1.090949e+02
    endloop
  endfacet
  facet normal 0.000000e+00 -7.490137e-01 -6.625545e-01
    outer loop
      vertex   5.000000e-01 9.445236e+01 -1.090471e+02
      vertex   -5.000000e-01 9.449461e+01 -1.090949e+02
      vertex   5.000000e-01 9.449461e+01 -1.090949e+02
    endloop
  endfacet
  facet normal -0.000000e+00 -6.336798e-01 -7.735954e-01
    outer loop
      vertex   5.000000e-01 9.449461e+01 -1.090949e+02
      vertex   -5.000000e-01 9.449461e+01 -1.090949e+02
      vertex   -5.000000e-01 9.454327e+01 -1.091348e+02
    endloop
  endfacet
  facet normal 0.000000e+00 -6.336798e-01 -7.735954e-01
    outer loop
      vertex   5.000000e-01 9.449461e+01 -1.090949e+02
      vertex   -5.000000e-01 9.454327e+01 -1.091348e+02
      vertex   5.000000e-01 9.454327e+01 -1.091348e+02
    endloop
  endfacet
  facet normal -0.000000e+00 -5.132739e-01 -8.582249e-01
    outer loop
      vertex   5.000000e-01 9.454327e+01 -1.091348e+02
      vertex   -5.000000e-01 9.454327e+01 -1.091348e+02
      vertex   -5.000000e-01 9.459882e+01 -1.091680e+02
    endloop
  endfacet
  facet normal 0.000000e+00 -5.132739e-01 -8.582249e-01
    outer loop
      vertex   5.000000e-01 9.454327e+01 -1.091348e+02
      vertex   -5.000000e-01 9.459882e+01 -1.091680e+02
      vertex   5.000000e-01 9.459882e+01 -1.091680e+02
    endloop
  endfacet
  facet normal -0.000000e+00 -3.701047e-01 -9.289900e-01
    outer loop
      vertex   5.000000e-01 9.459882e+01 -1.091680e+02
      vertex   -5.000000e-01 9.459882e+01 -1.091680e+02
      vertex   -5.000000e-01 9.473238e+01 -1.092212e+02
    endloop
  endfacet
  facet normal 0.000000e+00 -3.701047e-01 -9.289900e-01
    outer loop
      vertex   5.000000e-01 9.459882e+01 -1.091680e+02
      vertex   -5.000000e-01 9.473238e+01 -1.092212e+02
      vertex   5.000000e-01 9.473238e+01 -1.092212e+02
    endloop
  endfacet
  facet normal -0.000000e+00 -2.924411e-01 -9.562835e-01
    outer loop
      vertex   5.000000e-01 9.473238e+01 -1.092212e+02
      vertex   -5.000000e-01 9.473238e+01 -1.092212e+02
      vertex   -5.000000e-01 9.508837e+01 -1.093301e+02
    endloop
  endfacet
  facet normal 0.000000e+00 -2.924411e-01 -9.562835e-01
    outer loop
      vertex   5.000000e-01 9.473238e+01 -1.092212e+02
      vertex   -5.000000e-01 9.508837e+01 -1.093301e+02
      vertex   5.000000e-01 9.508837e+01 -1.093301e+02
    endloop
  endfacet
  facet normal -0.000000e+00 -3.942935e-01 -9.189846e-01
    outer loop
      vertex   5.000000e-01 9.508837e+01 -1.093301e+02
      vertex   -5.000000e-01 9.508837e+01 -1.093301e+02
      vertex   -5.000000e-01 9.582315e+01 -1.096453e+02
    endloop
  endfacet
  facet normal 0.000000e+00 -3.942935e-01 -9.189846e-01
    outer loop
      vertex   5.000000e-01 9.508837e+01 -1.093301e+02
      vertex   -5.000000e-01 9.582315e+01 -1.096453e+02
      vertex   5.000000e-01 9.582315e+01 -1.096453e+02
    endloop
  endfacet
  facet normal -0.000000e+00 -4.325824e-01 -9.015944e-01
    outer loop
      vertex   5.000000e-01 9.582315e+01 -1.096453e+02
      vertex   -5.000000e-01 9.582315e+01 -1.096453e+02
      vertex   -5.000000e-01 9.656494e+01 -1.100012e+02
    endloop
  endfacet
  facet normal 0.000000e+00 -4.325824e-01 -9.015944e-01
    outer loop
      vertex   5.000000e-01 9.582315e+01 -1.096453e+02
      vertex   -5.000000e-01 9.656494e+01 -1.100012e+02
      vertex   5.000000e-01 9.656494e+01 -1.100012e+02
    endloop
  endfacet
  facet normal -0.000000e+00 -3.619671e-01 -9.321909e-01
    outer loop
      vertex   5.000000e-01 9.656494e+01 -1.100012e+02
      vertex   -5.000000e-01 9.656494e+01 -1.100012e+02
      vertex   -5.000000e-01 9.733054e+01 -1.102985e+02
    endloop
  endfacet
  facet normal 0.000000e+00 -3.619671e-01 -9.321909e-01
    outer loop
      vertex   5.000000e-01 9.656494e+01 -1.100012e+02
      vertex   -5.000000e-01 9.733054e+01 -1.102985e+02
      vertex   5.000000e-01 9.733054e+01 -1.102985e+02
    endloop
  endfacet
  facet normal -0.000000e+00 -3.123336e-01 -9.499725e-01
    outer loop
      vertex   5.000000e-01 9.733054e+01 -1.102985e+02
      vertex   -5.000000e-01 9.733054e+01 -1.102985e+02
      vertex   -5.000000e-01 9.773550e+01 -1.104317e+02
    endloop
  endfacet
  facet normal 0.000000e+00 -3.123336e-01 -9.499725e-01
    outer loop
      vertex   5.000000e-01 9.733054e+01 -1.102985e+02
      vertex   -5.000000e-01 9.773550e+01 -1.104317e+02
      vertex   5.000000e-01 9.773550e+01 -1.104317e+02
    endloop
  endfacet
  facet normal -0.000000e+00 -3.003437e-01 -9.538310e-01
    outer loop
      vertex   5.000000e-01 9.773550e+01 -1.104317e+02
      vertex   -5.000000e-01 9.773550e+01 -1.104317e+02
      vertex   -5.000000e-01 9.817591e+01 -1.105703e+02
    endloop
  endfacet
  facet normal 0.000000e+00 -3.003437e-01 -9.538310e-01
    outer loop
      vertex   5.000000e-01 9.773550e+01 -1.104317e+02
      vertex   -5.000000e-01 9.817591e+01 -1.105703e+02
      vertex   5.000000e-01 9.817591e+01 -1.105703e+02
    endloop
  endfacet
  facet normal -0.000000e+00 -3.067769e-01 -9.517815e-01
    outer loop
      vertex   5.000000e-01 9.817591e+01 -1.105703e+02
      vertex   -5.000000e-01 9.817591e+01 -1.105703e+02
      vertex   -5.000000e-01 9.908529e+01 -1.108634e+02
    endloop
  endfacet
  facet normal 0.000000e+00 -3.067769e-01 -9.517815e-01
    outer loop
      vertex   5.000000e-01 9.817591e+01 -1.105703e+02
      vertex   -5.000000e-01 9.908529e+01 -1.108634e+02
      vertex   5.000000e-01 9.908529e+01 -1.108634e+02
    endloop
  endfacet
  facet normal -0.000000e+00 -3.131520e-01 -9.497030e-01
    outer loop
      vertex   5.000000e-01 9.908529e+01 -1.108634e+02
      vertex   -5.000000e-01 9.908529e+01 -1.108634e+02
      vertex   -5.000000e-01 1.000130e+02 -1.111693e+02
    endloop
  endfacet
  facet normal 0.000000e+00 -3.131520e-01 -9.497030e-01
    outer loop
      vertex   5.000000e-01 9.908529e+01 -1.108634e+02
      vertex   -5.000000e-01 1.000130e+02 -1.111693e+02
      vertex   5.000000e-01 1.000130e+02 -1.111693e+02
    endloop
  endfacet
  facet normal -0.000000e+00 -3.021395e-01 -9.532637e-01
    outer loop
      vertex   5.000000e-01 1.000130e+02 -1.111693e+02
      vertex   -5.000000e-01 1.000130e+02 -1.111693e+02
      vertex   -5.000000e-01 1.004372e+02 -1.113038e+02
    endloop
  endfacet
  facet normal 0.000000e+00 -3.021395e-01 -9.532637e-01
    outer loop
      vertex   5.000000e-01 1.000130e+02 -1.111693e+02
      vertex   -5.000000e-01 1.004372e+02 -1.113038e+02
      vertex   5.000000e-01 1.004372e+02 -1.113038e+02
    endloop
  endfacet
  facet normal -0.000000e+00 -2.876019e-01 -9.577500e-01
    outer loop
      vertex   5.000000e-01 1.004372e+02 -1.113038e+02
      vertex   -5.000000e-01 1.004372e+02 -1.113038e+02
      vertex   -5.000000e-01 1.008284e+02 -1.114213e+02
    endloop
  endfacet
  facet normal 0.000000e+00 -2.876019e-01 -9.577500e-01
    outer loop
      vertex   5.000000e-01 1.004372e+02 -1.113038e+02
      vertex   -5.000000e-01 1.008284e+02 -1.114213e+02
      vertex   5.000000e-01 1.008284e+02 -1.114213e+02
    endloop
  endfacet
  facet normal -0.000000e+00 -2.676902e-01 -9.635050e-01
    outer loop
      vertex   5.000000e-01 1.008284e+02 -1.114213e+02
      vertex   -5.000000e-01 1.008284e+02 -1.114213e+02
      vertex   -5.000000e-01 1.015725e+02 -1.116280e+02
    endloop
  endfacet
  facet normal 0.000000e+00 -2.676902e-01 -9.635050e-01
    outer loop
      vertex   5.000000e-01 1.008284e+02 -1.114213e+02
      vertex   -5.000000e-01 1.015725e+02 -1.116280e+02
      vertex   5.000000e-01 1.015725e+02 -1.116280e+02
    endloop
  endfacet
  facet normal -0.000000e+00 -2.521924e-01 -9.676771e-01
    outer loop
      vertex   5.000000e-01 1.015725e+02 -1.116280e+02
      vertex   -5.000000e-01 1.015725e+02 -1.116280e+02
      vertex   -5.000000e-01 1.023666e+02 -1.118350e+02
    endloop
  endfacet
  facet normal 0.000000e+00 -2.521924e-01 -9.676771e-01
    outer loop
      vertex   5.000000e-01 1.015725e+02 -1.116280e+02
      vertex   -5.000000e-01 1.023666e+02 -1.118350e+02
      vertex   5.000000e-01 1.023666e+02 -1.118350e+02
    endloop
  endfacet
  facet normal -0.000000e+00 -2.512126e-01 -9.679319e-01
    outer loop
      vertex   5.000000e-01 1.023666e+02 -1.118350e+02
      vertex   -5.000000e-01 1.023666e+02 -1.118350e+02
      vertex   -5.000000e-01 1.028204e+02 -1.119527e+02
    endloop
  endfacet
  facet normal 0.000000e+00 -2.512126e-01 -9.679319e-01
    outer loop
      vertex   5.000000e-01 1.023666e+02 -1.118350e+02
      vertex   -5.000000e-01 1.028204e+02 -1.119527e+02
      vertex   5.000000e-01 1.028204e+02 -1.119527e+02
    endloop
  endfacet
  facet normal -0.000000e+00 -2.550304e-01 -9.669330e-01
    outer loop
      vertex   5.000000e-01 1.028204e+02 -1.119527e+02
      vertex   -5.000000e-01 1.028204e+02 -1.119527e+02
      vertex   -5.000000e-01 1.033179e+02 -1.120839e+02
    endloop
  endfacet
  facet normal 0.000000e+00 -2.550304e-01 -9.669330e-01
    outer loop
      vertex   5.000000e-01 1.028204e+02 -1.119527e+02
      vertex   -5.000000e-01 1.033179e+02 -1.120839e+02
      vertex   5.000000e-01 1.033179e+02 -1.120839e+02
    endloop
  endfacet
  facet normal -0.000000e+00 -2.619094e-01 -9.650925e-01
    outer loop
      vertex   5.000000e-01 1.033179e+02 -1.120839e+02
      vertex   -5.000000e-01 1.033179e+02 -1.120839e+02
      vertex   -5.000000e-01 1.042500e+02 -1.123369e+02
    endloop
  endfacet
  facet normal 0.000000e+00 -2.619094e-01 -9.650925e-01
    outer loop
      vertex   5.000000e-01 1.033179e+02 -1.120839e+02
      vertex   -5.000000e-01 1.042500e+02 -1.123369e+02
      vertex   5.000000e-01 1.042500e+02 -1.123369e+02
    endloop
  endfacet
  facet normal -0.000000e+00 -2.518941e-01 -9.677548e-01
    outer loop
      vertex   5.000000e-01 1.042500e+02 -1.123369e+02
      vertex   -5.000000e-01 1.042500e+02 -1.123369e+02
      vertex   -5.000000e-01 1.060285e+02 -1.127998e+02
    endloop
  endfacet
  facet normal 0.000000e+00 -2.518941e-01 -9.677548e-01
    outer loop
      vertex   5.000000e-01 1.042500e+02 -1.123369e+02
      vertex   -5.000000e-01 1.060285e+02 -1.127998e+02
      vertex   5.000000e-01 1.060285e+02 -1.127998e+02
    endloop
  endfacet
  facet normal -1.000000e+00 0.000000e+00 0.000000e+00
    outer loop
      vertex   -5.000000e-01 1.380000e+02 -9.700000e+01
      vertex   -5.000000e-01 1.240000e+02 -9.330000e+01
      vertex   -5.000000e-01 1.380000e+02 -8.700000e+01
    endloop
  endfacet
  facet normal -1.000000e+00 -0.000000e+00 0.000000e+00
    outer loop
      vertex   -5.000000e-01 1.380000e+02 -8.700000e+01
      vertex   -5.000000e-01 1.240000e+02 -9.330000e+01
      vertex   -5.000000e-01 1.380000e+02 -7.900000e+01
    endloop
  endfacet
  facet normal -1.000000e+00 0.000000e+00 0.000000e+00
    outer loop
      vertex   -5.000000e-01 1.380000e+02 -8.700000e+01
      vertex   -5.000000e-01 1.380000e+02 -7.900000e+01
      vertex   -5.000000e-01 1.480000e+02 -8.700000e+01
    endloop
  endfacet
  facet normal -1.000000e+00 0.000000e+00 0.000000e+00
    outer loop
      vertex   -5.000000e-01 1.480000e+02 -8.700000e+01
      vertex   -5.000000e-01 1.380000e+02 -7.900000e+01
      vertex   -5.000000e-01 1.480000e+02 -7.900000e+01
    endloop
  endfacet
  facet normal -1.000000e+00 0.000000e+00 0.000000e+00
    outer loop
      vertex   -5.000000e-01 1.480000e+02 -8.700000e+01
      vertex   -5.000000e-01 1.480000e+02 -7.900000e+01
      vertex   -5.000000e-01 1.517235e+02 -8.304334e+01
    endloop
  endfacet
  facet normal -1.000000e+00 0.000000e+00 0.000000e+00
    outer loop
      vertex   -5.000000e-01 1.517235e+02 -8.304334e+01
      vertex   -5.000000e-01 1.480000e+02 -7.900000e+01
      vertex   -5.000000e-01 1.516631e+02 -8.205144e+01
    endloop
  endfacet
  facet normal -1.000000e+00 0.000000e+00 0.000000e+00
    outer loop
      vertex   -5.000000e-01 1.516631e+02 -8.205144e+01
      vertex   -5.000000e-01 1.480000e+02 -7.900000e+01
      vertex   -5.000000e-01 1.515329e+02 -8.101191e+01
    endloop
  endfacet
  facet normal -1.000000e+00 2.470059e-16 4.337391e-16
    outer loop
      vertex   -5.000000e-01 1.515329e+02 -8.101191e+01
      vertex   -5.000000e-01 1.480000e+02 -7.900000e+01
      vertex   -5.000000e-01 1.514900e+02 -8.073152e+01
    endloop
  endfacet
  facet normal -1.000000e+00 -1.508986e-16 -3.682653e-16
    outer loop
      vertex   -5.000000e-01 1.514900e+02 -8.073152e+01
      vertex   -5.000000e-01 1.480000e+02 -7.900000e+01
      vertex   -5.000000e-01 1.514381e+02 -8.040879e+01
    endloop
  endfacet
  facet normal -1.000000e+00 5.926574e-17 1.446369e-16
    outer loop
      vertex   -5.000000e-01 1.514381e+02 -8.040879e+01
      vertex   -5.000000e-01 1.480000e+02 -7.900000e+01
      vertex   -5.000000e-01 1.513701e+02 -7.999714e+01
    endloop
  endfacet
  facet normal -1.000000e+00 -2.019659e-17 -1.239313e-16
    outer loop
      vertex   -5.000000e-01 1.513701e+02 -7.999714e+01
      vertex   -5.000000e-01 1.480000e+02 -7.900000e+01
      vertex   -5.000000e-01 1.512931e+02 -7.953666e+01
    endloop
  endfacet
  facet normal -1.000000e+00 0.000000e+00 0.000000e+00
    outer loop
      vertex   -5.000000e-01 1.512931e+02 -7.953666e+01
      vertex   -5.000000e-01 1.480000e+02 -7.900000e+01
      vertex   -5.000000e-01 1.512143e+02 -7.907035e+01
    endloop
  endfacet
  facet normal -1.000000e+00 0.000000e+00 0.000000e+00
    outer loop
      vertex   -5.000000e-01 1.512143e+02 -7.907035e+01
      vertex   -5.000000e-01 1.480000e+02 -7.900000e+01
      vertex   -5.000000e-01 1.511415e+02 -7.864121e+01
    endloop
  endfacet
  facet normal -1.000000e+00 7.128460e-17 -6.241602e-16
    outer loop
      vertex   -5.000000e-01 1.511415e+02 -7.864121e+01
      vertex   -5.000000e-01 1.480000e+02 -7.900000e+01
      vertex   -5.000000e-01 1.510820e+02 -7.829226e+01
    endloop
  endfacet
  facet normal -1.000000e+00 -4.439291e-16 1.619446e-15
    outer loop
      vertex   -5.000000e-01 1.510820e+02 -7.829226e+01
      vertex   -5.000000e-01 1.480000e+02 -7.900000e+01
      vertex   -5.000000e-01 1.510596e+02 -7.816129e+01
    endloop
  endfacet
  facet normal -1.000000e+00 6.132399e-16 -2.237089e-15
    outer loop
      vertex   -5.000000e-01 1.510596e+02 -7.816129e+01
      vertex   -5.000000e-01 1.480000e+02 -7.900000e+01
      vertex   -5.000000e-01 1.510434e+02 -7.806648e+01
    endloop
  endfacet
  facet normal -1.000000e+00 -1.822338e-16 3.562450e-16
    outer loop
      vertex   -5.000000e-01 1.510434e+02 -7.806648e+01
      vertex   -5.000000e-01 1.480000e+02 -7.900000e+01
      vertex   -5.000000e-01 1.509439e+02 -7.749408e+01
    endloop
  endfacet
  facet normal -1.000000e+00 9.769099e-17 -1.909741e-16
    outer loop
      vertex   -5.000000e-01 1.509439e+02 -7.749408e+01
      vertex   -5.000000e-01 1.480000e+02 -7.900000e+01
      vertex   -5.000000e-01 1.508481e+02 -7.696173e+01
    endloop
  endfacet
  facet normal -1.000000e+00 -3.434121e-17 -6.483493e-18
    outer loop
      vertex   -5.000000e-01 1.508481e+02 -7.696173e+01
      vertex   -5.000000e-01 1.480000e+02 -7.900000e+01
      vertex   -5.000000e-01 1.507540e+02 -7.646312e+01
    endloop
  endfacet
  facet normal -1.000000e+00 -1.269990e-16 9.410303e-17
    outer loop
      vertex   -5.000000e-01 1.507540e+02 -7.646312e+01
      vertex   -5.000000e-01 1.480000e+02 -7.900000e+01
      vertex   -5.000000e-01 1.505624e+02 -7.554185e+01
    endloop
  endfacet
  facet normal -1.000000e+00 -0.000000e+00 0.000000e+00
    outer loop
      vertex   -5.000000e-01 1.505624e+02 -7.554185e+01
      vertex   -5.000000e-01 1.480000e+02 -7.900000e+01
      vertex   -5.000000e-01 1.503527e+02 -7.467981e+01
    endloop
  endfacet
  facet normal -1.000000e+00 -0.000000e+00 0.000000e+00
    outer loop
      vertex   -5.000000e-01 1.503527e+02 -7.467981e+01
      vertex   -5.000000e-01 1.480000e+02 -7.900000e+01
      vertex   -5.000000e-01 1.501085e+02 -7.382653e+01
    endloop
  endfacet
  facet normal -1.000000e+00 -0.000000e+00 0.000000e+00
    outer loop
      vertex   -5.000000e-01 1.501085e+02 -7.382653e+01
      vertex   -5.000000e-01 1.480000e+02 -7.900000e+01
      vertex   -5.000000e-01 1.498132e+02 -7.293152e+01
    endloop
  endfacet
  facet normal -1.000000e+00 -0.000000e+00 0.000000e+00
    outer loop
      vertex   -5.000000e-01 1.498132e+02 -7.293152e+01
      vertex   -5.000000e-01 1.480000e+02 -7.900000e+01
      vertex   -5.000000e-01 1.496413e+02 -7.245259e+01
    endloop
  endfacet
  facet normal -1.000000e+00 3.383098e-16 -8.480473e-17
    outer loop
      vertex   -5.000000e-01 1.496413e+02 -7.245259e+01
      vertex   -5.000000e-01 1.480000e+02 -7.900000e+01
      vertex   -5.000000e-01 1.494445e+02 -7.192826e+01
    endloop
  endfacet
  facet normal -1.000000e+00 -1.841414e-16 2.191444e-17
    outer loop
      vertex   -5.000000e-01 1.494445e+02 -7.192826e+01
      vertex   -5.000000e-01 1.480000e+02 -7.900000e+01
      vertex   -5.000000e-01 1.489830e+02 -7.074012e+01
    endloop
  endfacet
  facet normal -1.000000e+00 -0.000000e+00 0.000000e+00
    outer loop
      vertex   -5.000000e-01 1.489830e+02 -7.074012e+01
      vertex   -5.000000e-01 1.480000e+02 -7.900000e+01
      vertex   -5.000000e-01 1.480000e+02 -6.900000e+01
    endloop
  endfacet
  facet normal -1.000000e+00 0.000000e+00 0.000000e+00
    outer loop
      vertex   -5.000000e-01 1.489830e+02 -7.074012e+01
      vertex   -5.000000e-01 1.480000e+02 -6.900000e+01
      vertex   -5.000000e-01 1.487668e+02 -7.019332e+01
    endloop
  endfacet
  facet normal -1.000000e+00 0.000000e+00 0.000000e+00
    outer loop
      vertex   -5.000000e-01 1.487668e+02 -7.019332e+01
      vertex   -5.000000e-01 1.480000e+02 -6.900000e+01
      vertex   -5.000000e-01 1.486733e+02 -6.995817e+01
    endloop
  endfacet
  facet normal -1.000000e+00 0.000000e+00 0.000000e+00
    outer loop
      vertex   -5.000000e-01 1.486733e+02 -6.995817e+01
      vertex   -5.000000e-01 1.480000e+02 -6.900000e+01
      vertex   -5.000000e-01 1.485937e+02 -6.975859e+01
    endloop
  endfacet
  facet normal -1.000000e+00 0.000000e+00 0.000000e+00
    outer loop
      vertex   -5.000000e-01 1.485937e+02 -6.975859e+01
      vertex   -5.000000e-01 1.480000e+02 -6.900000e+01
      vertex   -5.000000e-01 1.485311e+02 -6.960214e+01
    endloop
  endfacet
  facet normal -1.000000e+00 0.000000e+00 0.000000e+00
    outer loop
      vertex   -5.000000e-01 1.485311e+02 -6.960214e+01
      vertex   -5.000000e-01 1.480000e+02 -6.900000e+01
      vertex   -5.000000e-01 1.484887e+02 -6.949636e+01
    endloop
  endfacet
  facet normal -1.000000e+00 -1.332056e-15 -1.311374e-15
    outer loop
      vertex   -5.000000e-01 1.484887e+02 -6.949636e+01
      vertex   -5.000000e-01 1.480000e+02 -6.900000e+01
      vertex   -5.000000e-01 1.484307e+02 -6.935280e+01
    endloop
  endfacet
  facet normal -1.000000e+00 -1.244569e-16 1.627608e-16
    outer loop
      vertex   -5.000000e-01 1.484307e+02 -6.935280e+01
      vertex   -5.000000e-01 1.480000e+02 -6.900000e+01
      vertex   -5.000000e-01 1.482149e+02 -6.883568e+01
    endloop
  endfacet
  facet normal -1.000000e+00 -0.000000e+00 0.000000e+00
    outer loop
      vertex   -5.000000e-01 1.482149e+02 -6.883568e+01
      vertex   -5.000000e-01 1.480000e+02 -6.900000e+01
      vertex   -5.000000e-01 1.477921e+02 -6.795241e+01
    endloop
  endfacet
  facet normal -1.000000e+00 -2.510492e-15 -4.981475e-16
    outer loop
      vertex   -5.000000e-01 1.477921e+02 -6.795241e+01
      vertex   -5.000000e-01 1.480000e+02 -6.900000e+01
      vertex   -5.000000e-01 1.474517e+02 -6.735119e+01
    endloop
  endfacet
  facet normal -1.000000e+00 -3.356620e-15 -7.795127e-16
    outer loop
      vertex   -5.000000e-01 1.474517e+02 -6.735119e+01
      vertex   -5.000000e-01 1.480000e+02 -6.900000e+01
      vertex   -5.000000e-01 1.472658e+02 -6.704925e+01
    endloop
  endfacet
  facet normal -1.000000e+00 -2.078753e-15 -2.985848e-16
    outer loop
      vertex   -5.000000e-01 1.472658e+02 -6.704925e+01
      vertex   -5.000000e-01 1.480000e+02 -6.900000e+01
      vertex   -5.000000e-01 1.470587e+02 -6.672284e+01
    endloop
  endfacet
  facet normal -1.000000e+00 4.071753e-17 5.775110e-16
    outer loop
      vertex   -5.000000e-01 1.470587e+02 -6.672284e+01
      vertex   -5.000000e-01 1.480000e+02 -6.900000e+01
      vertex   -5.000000e-01 1.394900e+02 -6.840000e+01
    endloop
  endfacet
  facet normal -1.000000e+00 1.594697e-18 7.540656e-16
    outer loop
      vertex   -5.000000e-01 1.470587e+02 -6.672284e+01
      vertex   -5.000000e-01 1.394900e+02 -6.840000e+01
      vertex   -5.000000e-01 1.468223e+02 -6.635427e+01
    endloop
  endfacet
  facet normal -1.000000e+00 5.560268e-17 5.604907e-16
    outer loop
      vertex   -5.000000e-01 1.468223e+02 -6.635427e+01
      vertex   -5.000000e-01 1.394900e+02 -6.840000e+01
      vertex   -5.000000e-01 1.465520e+02 -6.593129e+01
    endloop
  endfacet
  facet normal -1.000000e+00 2.061458e-16 1.298435e-16
    outer loop
      vertex   -5.000000e-01 1.465520e+02 -6.593129e+01
      vertex   -5.000000e-01 1.394900e+02 -6.840000e+01
      vertex   -5.000000e-01 1.463079e+02 -6.554365e+01
    endloop
  endfacet
  facet normal -1.000000e+00 2.066729e-16 1.285853e-16
    outer loop
      vertex   -5.000000e-01 1.463079e+02 -6.554365e+01
      vertex   -5.000000e-01 1.394900e+02 -6.840000e+01
      vertex   -5.000000e-01 1.461012e+02 -6.521144e+01
    endloop
  endfacet
  facet normal -1.000000e+00 2.064344e-16 1.290799e-16
    outer loop
      vertex   -5.000000e-01 1.461012e+02 -6.521144e+01
      vertex   -5.000000e-01 1.394900e+02 -6.840000e+01
      vertex   -5.000000e-01 1.457355e+02 -6.462666e+01
    endloop
  endfacet
  facet normal -1.000000e+00 6.918976e-16 -6.744458e-16
    outer loop
      vertex   -5.000000e-01 1.457355e+02 -6.462666e+01
      vertex   -5.000000e-01 1.394900e+02 -6.840000e+01
      vertex   -5.000000e-01 1.454134e+02 -6.413403e+01
    endloop
  endfacet
  facet normal -1.000000e+00 1.069528e-15 -1.198798e-15
    outer loop
      vertex   -5.000000e-01 1.454134e+02 -6.413403e+01
      vertex   -5.000000e-01 1.394900e+02 -6.840000e+01
      vertex   -5.000000e-01 1.451354e+02 -6.373381e+01
    endloop
  endfacet
  facet normal -1.000000e+00 7.303547e-16 -7.884486e-16
    outer loop
      vertex   -5.000000e-01 1.451354e+02 -6.373381e+01
      vertex   -5.000000e-01 1.394900e+02 -6.840000e+01
      vertex   -5.000000e-01 1.448877e+02 -6.340000e+01
    endloop
  endfacet
  facet normal -1.000000e+00 0.000000e+00 0.000000e+00
    outer loop
      vertex   -5.000000e-01 1.448877e+02 -6.340000e+01
      vertex   -5.000000e-01 1.394900e+02 -6.840000e+01
      vertex   -5.000000e-01 1.394900e+02 -6.340000e+01
    endloop
  endfacet
  facet normal -1.000000e+00 -0.000000e+00 -1.287760e-16
    outer loop
      vertex   -5.000000e-01 1.480000e+02 -9.700000e+01
      vertex   -5.000000e-01 1.471702e+02 -9.958641e+01
      vertex   -5.000000e-01 1.380000e+02 -9.700000e+01
    endloop
  endfacet
  facet normal -1.000000e+00 1.632642e-16 4.500818e-16
    outer loop
      vertex   -5.000000e-01 1.380000e+02 -9.700000e+01
      vertex   -5.000000e-01 1.471702e+02 -9.958641e+01
      vertex   -5.000000e-01 1.468825e+02 -1.000987e+02
    endloop
  endfacet
  facet normal -1.000000e+00 3.954700e-17 9.544707e-17
    outer loop
      vertex   -5.000000e-01 1.380000e+02 -9.700000e+01
      vertex   -5.000000e-01 1.468825e+02 -1.000987e+02
      vertex   -5.000000e-01 1.466160e+02 -1.005699e+02
    endloop
  endfacet
  facet normal -1.000000e+00 1.386604e-15 0.000000e+00
    outer loop
      vertex   -5.000000e-01 1.480000e+02 -8.700000e+01
      vertex   -5.000000e-01 1.492811e+02 -9.514238e+01
      vertex   -5.000000e-01 1.480000e+02 -9.700000e+01
    endloop
  endfacet
  facet normal -1.000000e+00 3.348990e-15 -1.353333e-15
    outer loop
      vertex   -5.000000e-01 1.480000e+02 -9.700000e+01
      vertex   -5.000000e-01 1.492811e+02 -9.514238e+01
      vertex   -5.000000e-01 1.487481e+02 -9.646144e+01
    endloop
  endfacet
  facet normal -1.000000e+00 3.544853e-15 -1.625382e-15
    outer loop
      vertex   -5.000000e-01 1.480000e+02 -9.700000e+01
      vertex   -5.000000e-01 1.487481e+02 -9.646144e+01
      vertex   -5.000000e-01 1.485038e+02 -9.702837e+01
    endloop
  endfacet
  facet normal -1.000000e+00 4.518493e-16 0.000000e+00
    outer loop
      vertex   -5.000000e-01 1.000000e+02 -1.300000e+01
      vertex   -5.000000e-01 1.039313e+02 -1.453277e+01
      vertex   -5.000000e-01 1.000000e+02 -2.300000e+01
    endloop
  endfacet
  facet normal -1.000000e+00 1.265454e-16 1.510374e-16
    outer loop
      vertex   -5.000000e-01 1.000000e+02 -2.300000e+01
      vertex   -5.000000e-01 1.039313e+02 -1.453277e+01
      vertex   -5.000000e-01 1.043730e+02 -1.527036e+01
    endloop
  endfacet
  facet normal -1.000000e+00 2.515199e-16 8.033413e-17
    outer loop
      vertex   -5.000000e-01 1.000000e+02 -2.300000e+01
      vertex   -5.000000e-01 1.043730e+02 -1.527036e+01
      vertex   -5.000000e-01 1.048505e+02 -1.607442e+01
    endloop
  endfacet
  facet normal -1.000000e+00 0.000000e+00 2.888947e-16
    outer loop
      vertex   -5.000000e-01 9.000000e+01 -1.300000e+01
      vertex   -5.000000e-01 9.809806e+01 -6.851196e+00
      vertex   -5.000000e-01 1.000000e+02 -1.300000e+01
    endloop
  endfacet
  facet normal -1.000000e+00 4.440452e-16 4.262466e-16
    outer loop
      vertex   -5.000000e-01 1.000000e+02 -1.300000e+01
      vertex   -5.000000e-01 9.809806e+01 -6.851196e+00
      vertex   -5.000000e-01 9.881506e+01 -7.598139e+00
    endloop
  endfacet
  facet normal -1.000000e+00 4.824065e-16 4.346614e-16
    outer loop
      vertex   -5.000000e-01 1.000000e+02 -1.300000e+01
      vertex   -5.000000e-01 9.881506e+01 -7.598139e+00
      vertex   -5.000000e-01 9.957843e+01 -8.445363e+00
    endloop
  endfacet
  facet normal -1.000000e+00 0.000000e+00 0.000000e+00
    outer loop
      vertex   -5.000000e-01 9.000000e+01 -2.300000e+01
      vertex   -5.000000e-01 8.623593e+01 -2.035623e+01
      vertex   -5.000000e-01 9.000000e+01 -1.300000e+01
    endloop
  endfacet
  facet normal -1.000000e+00 0.000000e+00 0.000000e+00
    outer loop
      vertex   -5.000000e-01 9.000000e+01 -1.300000e+01
      vertex   -5.000000e-01 8.623593e+01 -2.035623e+01
      vertex   -5.000000e-01 8.579571e+01 -1.898646e+01
    endloop
  endfacet
  facet normal -1.000000e+00 0.000000e+00 0.000000e+00
    outer loop
      vertex   -5.000000e-01 9.000000e+01 -1.300000e+01
      vertex   -5.000000e-01 8.579571e+01 -1.898646e+01
      vertex   -5.000000e-01 8.556697e+01 -1.830123e+01
    endloop
  endfacet
  facet normal -1.000000e+00 0.000000e+00 1.359181e-17
    outer loop
      vertex   -5.000000e-01 1.000000e+02 -2.300000e+01
      vertex   -5.000000e-01 8.882135e+01 -3.116832e+01
      vertex   -5.000000e-01 9.000000e+01 -2.300000e+01
    endloop
  endfacet
  facet normal -1.000000e+00 -4.811366e-16 8.301783e-17
    outer loop
      vertex   -5.000000e-01 9.000000e+01 -2.300000e+01
      vertex   -5.000000e-01 8.882135e+01 -3.116832e+01
      vertex   -5.000000e-01 8.870009e+01 -3.053376e+01
    endloop
  endfacet
  facet normal -1.000000e+00 0.000000e+00 0.000000e+00
    outer loop
      vertex   -5.000000e-01 9.000000e+01 -2.300000e+01
      vertex   -5.000000e-01 8.870009e+01 -3.053376e+01
      vertex   -5.000000e-01 8.846147e+01 -2.931757e+01
    endloop
  endfacet
  facet normal -1.000000e+00 0.000000e+00 0.000000e+00
    outer loop
      vertex   -5.000000e-01 1.480000e+02 -6.900000e+01
      vertex   -5.000000e-01 1.380000e+02 -6.900000e+01
      vertex   -5.000000e-01 1.394900e+02 -6.840000e+01
    endloop
  endfacet
  facet normal -1.000000e+00 -0.000000e+00 0.000000e+00
    outer loop
      vertex   -5.000000e-01 1.394900e+02 -6.840000e+01
      vertex   -5.000000e-01 1.380000e+02 -6.900000e+01
      vertex   -5.000000e-01 1.344900e+02 -6.840000e+01
    endloop
  endfacet
  facet normal -1.000000e+00 0.000000e+00 0.000000e+00
    outer loop
      vertex   -5.000000e-01 1.344900e+02 -6.840000e+01
      vertex   -5.000000e-01 1.380000e+02 -6.900000e+01
      vertex   -5.000000e-01 1.380000e+02 -7.900000e+01
    endloop
  endfacet
  facet normal -1.000000e+00 0.000000e+00 -0.000000e+00
    outer loop
      vertex   -5.000000e-01 1.344900e+02 -6.840000e+01
      vertex   -5.000000e-01 1.380000e+02 -7.900000e+01
      vertex   -5.000000e-01 1.240000e+02 -7.190000e+01
    endloop
  endfacet
  facet normal -1.000000e+00 0.000000e+00 0.000000e+00
    outer loop
      vertex   -5.000000e-01 1.240000e+02 -7.190000e+01
      vertex   -5.000000e-01 1.380000e+02 -7.900000e+01
      vertex   -5.000000e-01 1.240000e+02 -9.330000e+01
    endloop
  endfacet
  facet normal -1.000000e+00 0.000000e+00 -0.000000e+00
    outer loop
      vertex   -5.000000e-01 1.240000e+02 -7.190000e+01
      vertex   -5.000000e-01 1.240000e+02 -9.330000e+01
      vertex   -5.000000e-01 1.220000e+02 -9.330000e+01
    endloop
  endfacet
  facet normal -1.000000e+00 -0.000000e+00 0.000000e+00
    outer loop
      vertex   -5.000000e-01 1.210000e+02 -1.068000e+02
      vertex   -5.000000e-01 1.033179e+02 -1.120839e+02
      vertex   -5.000000e-01 9.420000e+01 -1.068000e+02
    endloop
  endfacet
  facet normal -1.000000e+00 0.000000e+00 0.000000e+00
    outer loop
      vertex   -5.000000e-01 9.420000e+01 -1.068000e+02
      vertex   -5.000000e-01 1.033179e+02 -1.120839e+02
      vertex   -5.000000e-01 1.028204e+02 -1.119527e+02
    endloop
  endfacet
  facet normal -1.000000e+00 0.000000e+00 0.000000e+00
    outer loop
      vertex   -5.000000e-01 9.420000e+01 -1.068000e+02
      vertex   -5.000000e-01 1.028204e+02 -1.119527e+02
      vertex   -5.000000e-01 1.023666e+02 -1.118350e+02
    endloop
  endfacet
  facet normal -1.000000e+00 0.000000e+00 0.000000e+00
    outer loop
      vertex   -5.000000e-01 1.210000e+02 -9.830000e+01
      vertex   -5.000000e-01 1.220000e+02 -9.930000e+01
      vertex   -5.000000e-01 1.210000e+02 -1.068000e+02
    endloop
  endfacet
  facet normal -1.000000e+00 0.000000e+00 0.000000e+00
    outer loop
      vertex   -5.000000e-01 1.210000e+02 -1.068000e+02
      vertex   -5.000000e-01 1.220000e+02 -9.930000e+01
      vertex   -5.000000e-01 1.240000e+02 -9.930000e+01
    endloop
  endfacet
  facet normal -1.000000e+00 1.931333e-16 -7.725337e-17
    outer loop
      vertex   -5.000000e-01 1.210000e+02 -1.068000e+02
      vertex   -5.000000e-01 1.240000e+02 -9.930000e+01
      vertex   -5.000000e-01 1.273486e+02 -1.139225e+02
    endloop
  endfacet
  facet normal -1.000000e+00 2.347026e-17 -1.161062e-16
    outer loop
      vertex   -5.000000e-01 1.273486e+02 -1.139225e+02
      vertex   -5.000000e-01 1.240000e+02 -9.930000e+01
      vertex   -5.000000e-01 1.283542e+02 -1.137192e+02
    endloop
  endfacet
  facet normal -1.000000e+00 2.753251e-17 -1.148795e-16
    outer loop
      vertex   -5.000000e-01 1.283542e+02 -1.137192e+02
      vertex   -5.000000e-01 1.240000e+02 -9.930000e+01
      vertex   -5.000000e-01 1.293043e+02 -1.134915e+02
    endloop
  endfacet
  facet normal -1.000000e+00 3.138359e-17 -1.134401e-16
    outer loop
      vertex   -5.000000e-01 1.293043e+02 -1.134915e+02
      vertex   -5.000000e-01 1.240000e+02 -9.930000e+01
      vertex   -5.000000e-01 1.301978e+02 -1.132443e+02
    endloop
  endfacet
  facet normal -1.000000e+00 -2.328938e-17 -1.377403e-16
    outer loop
      vertex   -5.000000e-01 1.301978e+02 -1.132443e+02
      vertex   -5.000000e-01 1.240000e+02 -9.930000e+01
      vertex   -5.000000e-01 1.310335e+02 -1.129826e+02
    endloop
  endfacet
  facet normal -1.000000e+00 9.780657e-17 -7.549142e-17
    outer loop
      vertex   -5.000000e-01 1.310335e+02 -1.129826e+02
      vertex   -5.000000e-01 1.240000e+02 -9.930000e+01
      vertex   -5.000000e-01 1.318105e+02 -1.127113e+02
    endloop
  endfacet
  facet normal -1.000000e+00 4.163679e-17 -1.082035e-16
    outer loop
      vertex   -5.000000e-01 1.318105e+02 -1.127113e+02
      vertex   -5.000000e-01 1.240000e+02 -9.930000e+01
      vertex   -5.000000e-01 1.325276e+02 -1.124354e+02
    endloop
  endfacet
  facet normal -1.000000e+00 4.425686e-17 -1.065025e-16
    outer loop
      vertex   -5.000000e-01 1.325276e+02 -1.124354e+02
      vertex   -5.000000e-01 1.240000e+02 -9.930000e+01
      vertex   -5.000000e-01 1.332308e+02 -1.121432e+02
    endloop
  endfacet
  facet normal -1.000000e+00 2.032286e-17 -1.237046e-16
    outer loop
      vertex   -5.000000e-01 1.332308e+02 -1.121432e+02
      vertex   -5.000000e-01 1.240000e+02 -9.930000e+01
      vertex   -5.000000e-01 1.380000e+02 -9.700000e+01
    endloop
  endfacet
  facet normal -1.000000e+00 5.889728e-17 -1.358533e-16
    outer loop
      vertex   -5.000000e-01 1.332308e+02 -1.121432e+02
      vertex   -5.000000e-01 1.380000e+02 -9.700000e+01
      vertex   -5.000000e-01 1.339603e+02 -1.118269e+02
    endloop
  endfacet
  facet normal -1.000000e+00 6.085477e-17 -1.363866e-16
    outer loop
      vertex   -5.000000e-01 1.339603e+02 -1.118269e+02
      vertex   -5.000000e-01 1.380000e+02 -9.700000e+01
      vertex   -5.000000e-01 1.346681e+02 -1.115111e+02
    endloop
  endfacet
  facet normal -1.000000e+00 6.234063e-17 -1.367278e-16
    outer loop
      vertex   -5.000000e-01 1.346681e+02 -1.115111e+02
      vertex   -5.000000e-01 1.380000e+02 -9.700000e+01
      vertex   -5.000000e-01 1.353055e+02 -1.112205e+02
    endloop
  endfacet
  facet normal -1.000000e+00 6.331171e-17 -1.369118e-16
    outer loop
      vertex   -5.000000e-01 1.353055e+02 -1.112205e+02
      vertex   -5.000000e-01 1.380000e+02 -9.700000e+01
      vertex   -5.000000e-01 1.355825e+02 -1.110924e+02
    endloop
  endfacet
  facet normal -1.000000e+00 6.393263e-17 -1.370183e-16
    outer loop
      vertex   -5.000000e-01 1.355825e+02 -1.110924e+02
      vertex   -5.000000e-01 1.380000e+02 -9.700000e+01
      vertex   -5.000000e-01 1.358236e+02 -1.109799e+02
    endloop
  endfacet
  facet normal -1.000000e+00 6.511560e-17 -1.372024e-16
    outer loop
      vertex   -5.000000e-01 1.358236e+02 -1.109799e+02
      vertex   -5.000000e-01 1.380000e+02 -9.700000e+01
      vertex   -5.000000e-01 1.362054e+02 -1.107987e+02
    endloop
  endfacet
  facet normal -1.000000e+00 -1.007952e-16 -1.156243e-16
    outer loop
      vertex   -5.000000e-01 1.362054e+02 -1.107987e+02
      vertex   -5.000000e-01 1.380000e+02 -9.700000e+01
      vertex   -5.000000e-01 1.369053e+02 -1.104487e+02
    endloop
  endfacet
  facet normal -1.000000e+00 -6.349011e-16 -7.214790e-17
    outer loop
      vertex   -5.000000e-01 1.369053e+02 -1.104487e+02
      vertex   -5.000000e-01 1.380000e+02 -9.700000e+01
      vertex   -5.000000e-01 1.375643e+02 -1.100932e+02
    endloop
  endfacet
  facet normal -1.000000e+00 -6.391194e-16 -7.200755e-17
    outer loop
      vertex   -5.000000e-01 1.375643e+02 -1.100932e+02
      vertex   -5.000000e-01 1.380000e+02 -9.700000e+01
      vertex   -5.000000e-01 1.387836e+02 -1.093516e+02
    endloop
  endfacet
  facet normal -1.000000e+00 -3.082837e-16 -5.101828e-17
    outer loop
      vertex   -5.000000e-01 1.387836e+02 -1.093516e+02
      vertex   -5.000000e-01 1.380000e+02 -9.700000e+01
      vertex   -5.000000e-01 1.399106e+02 -1.085450e+02
    endloop
  endfacet
  facet normal -1.000000e+00 0.000000e+00 0.000000e+00
    outer loop
      vertex   -5.000000e-01 1.399106e+02 -1.085450e+02
      vertex   -5.000000e-01 1.380000e+02 -9.700000e+01
      vertex   -5.000000e-01 1.404140e+02 -1.081394e+02
    endloop
  endfacet
  facet normal -1.000000e+00 0.000000e+00 0.000000e+00
    outer loop
      vertex   -5.000000e-01 1.404140e+02 -1.081394e+02
      vertex   -5.000000e-01 1.380000e+02 -9.700000e+01
      vertex   -5.000000e-01 1.406158e+02 -1.079677e+02
    endloop
  endfacet
  facet normal -1.000000e+00 0.000000e+00 0.000000e+00
    outer loop
      vertex   -5.000000e-01 1.406158e+02 -1.079677e+02
      vertex   -5.000000e-01 1.380000e+02 -9.700000e+01
      vertex   -5.000000e-01 1.408877e+02 -1.077305e+02
    endloop
  endfacet
  facet normal -1.000000e+00 1.356421e-16 3.650256e-17
    outer loop
      vertex   -5.000000e-01 1.408877e+02 -1.077305e+02
      vertex   -5.000000e-01 1.380000e+02 -9.700000e+01
      vertex   -5.000000e-01 1.412173e+02 -1.074347e+02
    endloop
  endfacet
  facet normal -1.000000e+00 -1.113301e-16 -3.964615e-17
    outer loop
      vertex   -5.000000e-01 1.412173e+02 -1.074347e+02
      vertex   -5.000000e-01 1.380000e+02 -9.700000e+01
      vertex   -5.000000e-01 1.415924e+02 -1.070877e+02
    endloop
  endfacet
  facet normal -1.000000e+00 0.000000e+00 0.000000e+00
    outer loop
      vertex   -5.000000e-01 1.415924e+02 -1.070877e+02
      vertex   -5.000000e-01 1.380000e+02 -9.700000e+01
      vertex   -5.000000e-01 1.420004e+02 -1.066965e+02
    endloop
  endfacet
  facet normal -1.000000e+00 9.171818e-17 3.783907e-17
    outer loop
      vertex   -5.000000e-01 1.420004e+02 -1.066965e+02
      vertex   -5.000000e-01 1.380000e+02 -9.700000e+01
      vertex   -5.000000e-01 1.424290e+02 -1.062684e+02
    endloop
  endfacet
  facet normal -1.000000e+00 -3.785651e-17 -2.407935e-17
    outer loop
      vertex   -5.000000e-01 1.424290e+02 -1.062684e+02
      vertex   -5.000000e-01 1.380000e+02 -9.700000e+01
      vertex   -5.000000e-01 1.432985e+02 -1.053300e+02
    endloop
  endfacet
  facet normal -1.000000e+00 0.000000e+00 0.000000e+00
    outer loop
      vertex   -5.000000e-01 1.432985e+02 -1.053300e+02
      vertex   -5.000000e-01 1.380000e+02 -9.700000e+01
      vertex   -5.000000e-01 1.437283e+02 -1.048175e+02
    endloop
  endfacet
  facet normal -1.000000e+00 -3.951323e-16 -2.895327e-16
    outer loop
      vertex   -5.000000e-01 1.437283e+02 -1.048175e+02
      vertex   -5.000000e-01 1.380000e+02 -9.700000e+01
      vertex   -5.000000e-01 1.438753e+02 -1.046347e+02
    endloop
  endfacet
  facet normal -1.000000e+00 3.130842e-16 2.554761e-16
    outer loop
      vertex   -5.000000e-01 1.438753e+02 -1.046347e+02
      vertex   -5.000000e-01 1.380000e+02 -9.700000e+01
      vertex   -5.000000e-01 1.440499e+02 -1.044141e+02
    endloop
  endfacet
  facet normal -1.000000e+00 0.000000e+00 0.000000e+00
    outer loop
      vertex   -5.000000e-01 1.440499e+02 -1.044141e+02
      vertex   -5.000000e-01 1.380000e+02 -9.700000e+01
      vertex   -5.000000e-01 1.442479e+02 -1.041595e+02
    endloop
  endfacet
  facet normal -1.000000e+00 0.000000e+00 0.000000e+00
    outer loop
      vertex   -5.000000e-01 1.442479e+02 -1.041595e+02
      vertex   -5.000000e-01 1.380000e+02 -9.700000e+01
      vertex   -5.000000e-01 1.444650e+02 -1.038747e+02
    endloop
  endfacet
  facet normal -1.000000e+00 0.000000e+00 0.000000e+00
    outer loop
      vertex   -5.000000e-01 1.444650e+02 -1.038747e+02
      vertex   -5.000000e-01 1.380000e+02 -9.700000e+01
      vertex   -5.000000e-01 1.449399e+02 -1.032295e+02
    endloop
  endfacet
  facet normal -1.000000e+00 0.000000e+00 0.000000e+00
    outer loop
      vertex   -5.000000e-01 1.449399e+02 -1.032295e+02
      vertex   -5.000000e-01 1.380000e+02 -9.700000e+01
      vertex   -5.000000e-01 1.454409e+02 -1.025088e+02
    endloop
  endfacet
  facet normal -1.000000e+00 0.000000e+00 0.000000e+00
    outer loop
      vertex   -5.000000e-01 1.454409e+02 -1.025088e+02
      vertex   -5.000000e-01 1.380000e+02 -9.700000e+01
      vertex   -5.000000e-01 1.459343e+02 -1.017428e+02
    endloop
  endfacet
  facet normal -1.000000e+00 0.000000e+00 0.000000e+00
    outer loop
      vertex   -5.000000e-01 1.459343e+02 -1.017428e+02
      vertex   -5.000000e-01 1.380000e+02 -9.700000e+01
      vertex   -5.000000e-01 1.461733e+02 -1.013430e+02
    endloop
  endfacet
  facet normal -1.000000e+00 0.000000e+00 0.000000e+00
    outer loop
      vertex   -5.000000e-01 1.461733e+02 -1.013430e+02
      vertex   -5.000000e-01 1.380000e+02 -9.700000e+01
      vertex   -5.000000e-01 1.462575e+02 -1.011992e+02
    endloop
  endfacet
  facet normal -1.000000e+00 0.000000e+00 0.000000e+00
    outer loop
      vertex   -5.000000e-01 1.462575e+02 -1.011992e+02
      vertex   -5.000000e-01 1.380000e+02 -9.700000e+01
      vertex   -5.000000e-01 1.463619e+02 -1.010205e+02
    endloop
  endfacet
  facet normal -1.000000e+00 0.000000e+00 0.000000e+00
    outer loop
      vertex   -5.000000e-01 1.463619e+02 -1.010205e+02
      vertex   -5.000000e-01 1.380000e+02 -9.700000e+01
      vertex   -5.000000e-01 1.466160e+02 -1.005699e+02
    endloop
  endfacet
  facet normal -1.000000e+00 0.000000e+00 0.000000e+00
    outer loop
      vertex   -5.000000e-01 1.210000e+02 -9.830000e+01
      vertex   -5.000000e-01 1.220000e+02 -9.830000e+01
      vertex   -5.000000e-01 1.220000e+02 -9.930000e+01
    endloop
  endfacet
  facet normal -1.000000e+00 0.000000e+00 0.000000e+00
    outer loop
      vertex   -5.000000e-01 1.240000e+02 -9.930000e+01
      vertex   -5.000000e-01 1.240000e+02 -9.330000e+01
      vertex   -5.000000e-01 1.380000e+02 -9.700000e+01
    endloop
  endfacet
  facet normal -1.000000e+00 -0.000000e+00 0.000000e+00
    outer loop
      vertex   -5.000000e-01 1.220000e+02 -9.430000e+01
      vertex   -5.000000e-01 1.210000e+02 -9.430000e+01
      vertex   -5.000000e-01 1.220000e+02 -9.330000e+01
    endloop
  endfacet
  facet normal -1.000000e+00 -0.000000e+00 0.000000e+00
    outer loop
      vertex   -5.000000e-01 1.220000e+02 -9.330000e+01
      vertex   -5.000000e-01 1.210000e+02 -9.430000e+01
      vertex   -5.000000e-01 1.220000e+02 -7.190000e+01
    endloop
  endfacet
  facet normal -1.000000e+00 0.000000e+00 0.000000e+00
    outer loop
      vertex   -5.000000e-01 1.220000e+02 -9.330000e+01
      vertex   -5.000000e-01 1.220000e+02 -7.190000e+01
      vertex   -5.000000e-01 1.240000e+02 -7.190000e+01
    endloop
  endfacet
  facet normal -1.000000e+00 0.000000e+00 0.000000e+00
    outer loop
      vertex   -5.000000e-01 1.210000e+02 -9.430000e+01
      vertex   -5.000000e-01 1.210000e+02 -7.070000e+01
      vertex   -5.000000e-01 1.220000e+02 -7.190000e+01
    endloop
  endfacet
  facet normal -1.000000e+00 0.000000e+00 0.000000e+00
    outer loop
      vertex   -5.000000e-01 1.220000e+02 -7.190000e+01
      vertex   -5.000000e-01 1.210000e+02 -7.070000e+01
      vertex   -5.000000e-01 1.220000e+02 -7.070000e+01
    endloop
  endfacet
  facet normal -1.000000e+00 0.000000e+00 0.000000e+00
    outer loop
      vertex   -5.000000e-01 1.240000e+02 -7.190000e+01
      vertex   -5.000000e-01 1.240000e+02 -6.530000e+01
      vertex   -5.000000e-01 1.344900e+02 -6.840000e+01
    endloop
  endfacet
  facet normal -1.000000e+00 0.000000e+00 0.000000e+00
    outer loop
      vertex   -5.000000e-01 1.344900e+02 -6.840000e+01
      vertex   -5.000000e-01 1.240000e+02 -6.530000e+01
      vertex   -5.000000e-01 1.344900e+02 -6.340000e+01
    endloop
  endfacet
  facet normal -1.000000e+00 -0.000000e+00 0.000000e+00
    outer loop
      vertex   -5.000000e-01 1.344900e+02 -6.340000e+01
      vertex   -5.000000e-01 1.240000e+02 -6.530000e+01
      vertex   -5.000000e-01 1.242000e+02 -6.340000e+01
    endloop
  endfacet
  facet normal -1.000000e+00 0.000000e+00 0.000000e+00
    outer loop
      vertex   -5.000000e-01 1.242000e+02 -6.340000e+01
      vertex   -5.000000e-01 1.240000e+02 -6.530000e+01
      vertex   -5.000000e-01 1.220000e+02 -6.530000e+01
    endloop
  endfacet
  facet normal -1.000000e+00 -0.000000e+00 0.000000e+00
    outer loop
      vertex   -5.000000e-01 1.242000e+02 -6.340000e+01
      vertex   -5.000000e-01 1.220000e+02 -6.530000e+01
      vertex   -5.000000e-01 1.242000e+02 -6.320000e+01
    endloop
  endfacet
  facet normal -1.000000e+00 0.000000e+00 0.000000e+00
    outer loop
      vertex   -5.000000e-01 1.242000e+02 -6.320000e+01
      vertex   -5.000000e-01 1.220000e+02 -6.530000e+01
      vertex   -5.000000e-01 1.210000e+02 -6.520000e+01
    endloop
  endfacet
  facet normal -1.000000e+00 1.840035e-11 -2.944055e-11
    outer loop
      vertex   -5.000000e-01 1.242000e+02 -6.320000e+01
      vertex   -5.000000e-01 1.210000e+02 -6.520000e+01
      vertex   -5.000000e-01 9.530000e+01 -6.320000e+01
    endloop
  endfacet
  facet normal -1.000000e+00 -6.957339e-21 -2.658850e-10
    outer loop
      vertex   -5.000000e-01 9.530000e+01 -6.320000e+01
      vertex   -5.000000e-01 1.210000e+02 -6.520000e+01
      vertex   -5.000000e-01 9.326119e+01 -6.520000e+01
    endloop
  endfacet
  facet normal -1.000000e+00 -2.490447e-10 -1.200804e-11
    outer loop
      vertex   -5.000000e-01 9.530000e+01 -6.320000e+01
      vertex   -5.000000e-01 9.326119e+01 -6.520000e+01
      vertex   -5.000000e-01 9.321489e+01 -6.423965e+01
    endloop
  endfacet
  facet normal -1.000000e+00 0.000000e+00 0.000000e+00
    outer loop
      vertex   -5.000000e-01 9.321489e+01 -6.423965e+01
      vertex   -5.000000e-01 9.326119e+01 -6.520000e+01
      vertex   -5.000000e-01 9.325321e+01 -6.520031e+01
    endloop
  endfacet
  facet normal -1.000000e+00 0.000000e+00 0.000000e+00
    outer loop
      vertex   -5.000000e-01 9.325321e+01 -6.520031e+01
      vertex   -5.000000e-01 9.326119e+01 -6.520000e+01
      vertex   -5.000000e-01 9.326119e+01 -6.530000e+01
    endloop
  endfacet
  facet normal -1.000000e+00 0.000000e+00 0.000000e+00
    outer loop
      vertex   -5.000000e-01 1.220000e+02 -6.670000e+01
      vertex   -5.000000e-01 1.210000e+02 -6.670000e+01
      vertex   -5.000000e-01 1.220000e+02 -6.530000e+01
    endloop
  endfacet
  facet normal -1.000000e+00 -0.000000e+00 0.000000e+00
    outer loop
      vertex   -5.000000e-01 1.220000e+02 -6.530000e+01
      vertex   -5.000000e-01 1.210000e+02 -6.670000e+01
      vertex   -5.000000e-01 1.210000e+02 -6.520000e+01
    endloop
  endfacet
  facet normal -1.000000e+00 -2.495986e-10 -1.089721e-11
    outer loop
      vertex   -5.000000e-01 9.321489e+01 -6.423965e+01
      vertex   -5.000000e-01 9.319354e+01 -6.375058e+01
      vertex   -5.000000e-01 9.530000e+01 -6.320000e+01
    endloop
  endfacet
  facet normal -1.000000e+00 -2.497217e-10 -1.042629e-11
    outer loop
      vertex   -5.000000e-01 9.530000e+01 -6.320000e+01
      vertex   -5.000000e-01 9.319354e+01 -6.375058e+01
      vertex   -5.000000e-01 9.317581e+01 -6.332592e+01
    endloop
  endfacet
  facet normal -1.000000e+00 -2.497512e-10 -9.928336e-12
    outer loop
      vertex   -5.000000e-01 9.530000e+01 -6.320000e+01
      vertex   -5.000000e-01 9.317581e+01 -6.332592e+01
      vertex   -5.000000e-01 9.316119e+01 -6.295834e+01
    endloop
  endfacet
  facet normal -1.000000e+00 -2.497032e-10 -9.503126e-12
    outer loop
      vertex   -5.000000e-01 9.316119e+01 -6.295834e+01
      vertex   -5.000000e-01 9.314899e+01 -6.263776e+01
      vertex   -5.000000e-01 9.530000e+01 -6.320000e+01
    endloop
  endfacet
  facet normal -1.000000e+00 -2.496322e-10 -9.231785e-12
    outer loop
      vertex   -5.000000e-01 9.530000e+01 -6.320000e+01
      vertex   -5.000000e-01 9.314899e+01 -6.263776e+01
      vertex   -5.000000e-01 9.312901e+01 -6.209732e+01
    endloop
  endfacet
  facet normal -1.000000e+00 -1.214810e-10 2.430759e-10
    outer loop
      vertex   -5.000000e-01 9.530000e+01 -6.320000e+01
      vertex   -5.000000e-01 9.312901e+01 -6.209732e+01
      vertex   -5.000000e-01 9.530000e+01 -6.101233e+01
    endloop
  endfacet
  facet normal -1.000000e+00 -0.000000e+00 0.000000e+00
    outer loop
      vertex   -5.000000e-01 9.530000e+01 -6.101233e+01
      vertex   -5.000000e-01 9.312901e+01 -6.209732e+01
      vertex   -5.000000e-01 9.332197e+01 -6.101233e+01
    endloop
  endfacet
  facet normal -1.000000e+00 0.000000e+00 0.000000e+00
    outer loop
      vertex   -5.000000e-01 9.332197e+01 -6.101233e+01
      vertex   -5.000000e-01 9.312901e+01 -6.209732e+01
      vertex   -5.000000e-01 9.308695e+01 -6.113733e+01
    endloop
  endfacet
  facet normal -1.000000e+00 -0.000000e+00 0.000000e+00
    outer loop
      vertex   -5.000000e-01 9.332197e+01 -6.101233e+01
      vertex   -5.000000e-01 9.308695e+01 -6.113733e+01
      vertex   -5.000000e-01 9.305741e+01 -6.063092e+01
    endloop
  endfacet
  facet normal -1.000000e+00 -7.942363e-16 -5.509101e-16
    outer loop
      vertex   -5.000000e-01 9.305741e+01 -6.063092e+01
      vertex   -5.000000e-01 9.302532e+01 -6.018160e+01
      vertex   -5.000000e-01 9.332197e+01 -6.101233e+01
    endloop
  endfacet
  facet normal -1.000000e+00 3.032093e-15 8.154660e-16
    outer loop
      vertex   -5.000000e-01 9.332197e+01 -6.101233e+01
      vertex   -5.000000e-01 9.302532e+01 -6.018160e+01
      vertex   -5.000000e-01 9.299092e+01 -5.978144e+01
    endloop
  endfacet
  facet normal -1.000000e+00 0.000000e+00 0.000000e+00
    outer loop
      vertex   -5.000000e-01 9.332197e+01 -6.101233e+01
      vertex   -5.000000e-01 9.299092e+01 -5.978144e+01
      vertex   -5.000000e-01 9.326809e+01 -5.843982e+01
    endloop
  endfacet
  facet normal -1.000000e+00 0.000000e+00 0.000000e+00
    outer loop
      vertex   -5.000000e-01 9.326809e+01 -5.843982e+01
      vertex   -5.000000e-01 9.299092e+01 -5.978144e+01
      vertex   -5.000000e-01 9.295443e+01 -5.942133e+01
    endloop
  endfacet
  facet normal -1.000000e+00 0.000000e+00 0.000000e+00
    outer loop
      vertex   -5.000000e-01 9.326809e+01 -5.843982e+01
      vertex   -5.000000e-01 9.295443e+01 -5.942133e+01
      vertex   -5.000000e-01 9.287596e+01 -5.878492e+01
    endloop
  endfacet
  facet normal -1.000000e+00 0.000000e+00 0.000000e+00
    outer loop
      vertex   -5.000000e-01 9.287596e+01 -5.878492e+01
      vertex   -5.000000e-01 9.270261e+01 -5.759267e+01
      vertex   -5.000000e-01 9.326809e+01 -5.843982e+01
    endloop
  endfacet
  facet normal -1.000000e+00 0.000000e+00 0.000000e+00
    outer loop
      vertex   -5.000000e-01 9.326809e+01 -5.843982e+01
      vertex   -5.000000e-01 9.270261e+01 -5.759267e+01
      vertex   -5.000000e-01 9.319272e+01 -5.583578e+01
    endloop
  endfacet
  facet normal -1.000000e+00 0.000000e+00 0.000000e+00
    outer loop
      vertex   -5.000000e-01 9.319272e+01 -5.583578e+01
      vertex   -5.000000e-01 9.270261e+01 -5.759267e+01
      vertex   -5.000000e-01 9.261195e+01 -5.690044e+01
    endloop
  endfacet
  facet normal -1.000000e+00 0.000000e+00 0.000000e+00
    outer loop
      vertex   -5.000000e-01 9.319272e+01 -5.583578e+01
      vertex   -5.000000e-01 9.261195e+01 -5.690044e+01
      vertex   -5.000000e-01 9.254028e+01 -5.627038e+01
    endloop
  endfacet
  facet normal -1.000000e+00 0.000000e+00 0.000000e+00
    outer loop
      vertex   -5.000000e-01 9.254028e+01 -5.627038e+01
      vertex   -5.000000e-01 9.248216e+01 -5.573533e+01
      vertex   -5.000000e-01 9.319272e+01 -5.583578e+01
    endloop
  endfacet
  facet normal -1.000000e+00 0.000000e+00 0.000000e+00
    outer loop
      vertex   -5.000000e-01 9.319272e+01 -5.583578e+01
      vertex   -5.000000e-01 9.248216e+01 -5.573533e+01
      vertex   -5.000000e-01 9.319190e+01 -5.581253e+01
    endloop
  endfacet
  facet normal -1.000000e+00 0.000000e+00 0.000000e+00
    outer loop
      vertex   -5.000000e-01 9.319190e+01 -5.581253e+01
      vertex   -5.000000e-01 9.248216e+01 -5.573533e+01
      vertex   -5.000000e-01 9.319097e+01 -5.578927e+01
    endloop
  endfacet
  facet normal -1.000000e+00 0.000000e+00 0.000000e+00
    outer loop
      vertex   -5.000000e-01 9.319097e+01 -5.578927e+01
      vertex   -5.000000e-01 9.248216e+01 -5.573533e+01
      vertex   -5.000000e-01 9.318994e+01 -5.576603e+01
    endloop
  endfacet
  facet normal -1.000000e+00 0.000000e+00 0.000000e+00
    outer loop
      vertex   -5.000000e-01 9.318994e+01 -5.576603e+01
      vertex   -5.000000e-01 9.248216e+01 -5.573533e+01
      vertex   -5.000000e-01 9.242018e+01 -5.523845e+01
    endloop
  endfacet
  facet normal -1.000000e+00 0.000000e+00 0.000000e+00
    outer loop
      vertex   -5.000000e-01 9.318994e+01 -5.576603e+01
      vertex   -5.000000e-01 9.242018e+01 -5.523845e+01
      vertex   -5.000000e-01 9.234694e+01 -5.474758e+01
    endloop
  endfacet
  facet normal -1.000000e+00 0.000000e+00 0.000000e+00
    outer loop
      vertex   -5.000000e-01 9.234694e+01 -5.474758e+01
      vertex   -5.000000e-01 9.227026e+01 -5.422441e+01
      vertex   -5.000000e-01 9.318994e+01 -5.576603e+01
    endloop
  endfacet
  facet normal -1.000000e+00 -3.825457e-16 -2.282125e-16
    outer loop
      vertex   -5.000000e-01 9.318994e+01 -5.576603e+01
      vertex   -5.000000e-01 9.227026e+01 -5.422441e+01
      vertex   -5.000000e-01 9.219861e+01 -5.361781e+01
    endloop
  endfacet
  facet normal -1.000000e+00 1.225799e-16 4.885050e-18
    outer loop
      vertex   -5.000000e-01 9.318994e+01 -5.576603e+01
      vertex   -5.000000e-01 9.219861e+01 -5.361781e+01
      vertex   -5.000000e-01 9.300000e+01 -5.100000e+01
    endloop
  endfacet
  facet normal -1.000000e+00 -6.936875e-16 2.547684e-16
    outer loop
      vertex   -5.000000e-01 9.300000e+01 -5.100000e+01
      vertex   -5.000000e-01 9.219861e+01 -5.361781e+01
      vertex   -5.000000e-01 9.216731e+01 -5.326725e+01
    endloop
  endfacet
  facet normal -1.000000e+00 6.518483e-16 -2.394022e-16
    outer loop
      vertex   -5.000000e-01 9.300000e+01 -5.100000e+01
      vertex   -5.000000e-01 9.216731e+01 -5.326725e+01
      vertex   -5.000000e-01 9.214045e+01 -5.287667e+01
    endloop
  endfacet
  facet normal -1.000000e+00 -3.844366e-16 2.352402e-16
    outer loop
      vertex   -5.000000e-01 9.214045e+01 -5.287667e+01
      vertex   -5.000000e-01 9.211906e+01 -5.243966e+01
      vertex   -5.000000e-01 9.300000e+01 -5.100000e+01
    endloop
  endfacet
  facet normal -1.000000e+00 0.000000e+00 0.000000e+00
    outer loop
      vertex   -5.000000e-01 9.300000e+01 -5.100000e+01
      vertex   -5.000000e-01 9.211906e+01 -5.243966e+01
      vertex   -5.000000e-01 9.210456e+01 -5.196471e+01
    endloop
  endfacet
  facet normal -1.000000e+00 0.000000e+00 0.000000e+00
    outer loop
      vertex   -5.000000e-01 9.300000e+01 -5.100000e+01
      vertex   -5.000000e-01 9.210456e+01 -5.196471e+01
      vertex   -5.000000e-01 9.209942e+01 -5.157922e+01
    endloop
  endfacet
  facet normal -1.000000e+00 0.000000e+00 0.000000e+00
    outer loop
      vertex   -5.000000e-01 9.209942e+01 -5.157922e+01
      vertex   -5.000000e-01 9.210039e+01 -5.129291e+01
      vertex   -5.000000e-01 9.300000e+01 -5.100000e+01
    endloop
  endfacet
  facet normal -1.000000e+00 0.000000e+00 0.000000e+00
    outer loop
      vertex   -5.000000e-01 9.300000e+01 -5.100000e+01
      vertex   -5.000000e-01 9.210039e+01 -5.129291e+01
      vertex   -5.000000e-01 9.210311e+01 -5.107974e+01
    endloop
  endfacet
  facet normal -1.000000e+00 -0.000000e+00 0.000000e+00
    outer loop
      vertex   -5.000000e-01 9.300000e+01 -5.100000e+01
      vertex   -5.000000e-01 9.210311e+01 -5.107974e+01
      vertex   -5.000000e-01 9.210324e+01 -5.091218e+01
    endloop
  endfacet
  facet normal -1.000000e+00 0.000000e+00 0.000000e+00
    outer loop
      vertex   -5.000000e-01 9.210324e+01 -5.091218e+01
      vertex   -5.000000e-01 9.209749e+01 -5.074094e+01
      vertex   -5.000000e-01 9.300000e+01 -5.100000e+01
    endloop
  endfacet
  facet normal -1.000000e+00 0.000000e+00 0.000000e+00
    outer loop
      vertex   -5.000000e-01 9.300000e+01 -5.100000e+01
      vertex   -5.000000e-01 9.209749e+01 -5.074094e+01
      vertex   -5.000000e-01 9.208443e+01 -5.053486e+01
    endloop
  endfacet
  facet normal -1.000000e+00 0.000000e+00 0.000000e+00
    outer loop
      vertex   -5.000000e-01 9.300000e+01 -5.100000e+01
      vertex   -5.000000e-01 9.208443e+01 -5.053486e+01
      vertex   -5.000000e-01 9.206281e+01 -5.027160e+01
    endloop
  endfacet
  facet normal -1.000000e+00 0.000000e+00 0.000000e+00
    outer loop
      vertex   -5.000000e-01 9.206281e+01 -5.027160e+01
      vertex   -5.000000e-01 9.203138e+01 -4.992886e+01
      vertex   -5.000000e-01 9.300000e+01 -5.100000e+01
    endloop
  endfacet
  facet normal -1.000000e+00 1.544130e-16 1.396347e-16
    outer loop
      vertex   -5.000000e-01 9.300000e+01 -5.100000e+01
      vertex   -5.000000e-01 9.203138e+01 -4.992886e+01
      vertex   -5.000000e-01 9.198887e+01 -4.948431e+01
    endloop
  endfacet
  facet normal -1.000000e+00 -1.090084e-15 -6.905815e-16
    outer loop
      vertex   -5.000000e-01 9.300000e+01 -5.100000e+01
      vertex   -5.000000e-01 9.198887e+01 -4.948431e+01
      vertex   -5.000000e-01 9.197988e+01 -4.938974e+01
    endloop
  endfacet
  facet normal -1.000000e+00 -2.409325e-15 -1.526337e-15
    outer loop
      vertex   -5.000000e-01 9.197988e+01 -4.938974e+01
      vertex   -5.000000e-01 9.196382e+01 -4.921890e+01
      vertex   -5.000000e-01 9.300000e+01 -5.100000e+01
    endloop
  endfacet
  facet normal -1.000000e+00 2.180311e-15 1.143769e-15
    outer loop
      vertex   -5.000000e-01 9.300000e+01 -5.100000e+01
      vertex   -5.000000e-01 9.196382e+01 -4.921890e+01
      vertex   -5.000000e-01 9.194161e+01 -4.898244e+01
    endloop
  endfacet
  facet normal -1.000000e+00 -4.215675e-11 -2.211501e-11
    outer loop
      vertex   -5.000000e-01 9.300000e+01 -5.100000e+01
      vertex   -5.000000e-01 9.194161e+01 -4.898244e+01
      vertex   -5.000000e-01 9.530000e+01 -4.970000e+01
    endloop
  endfacet
  facet normal -1.000000e+00 -3.819924e-11 -3.592557e-12
    outer loop
      vertex   -5.000000e-01 9.530000e+01 -4.970000e+01
      vertex   -5.000000e-01 9.194161e+01 -4.898244e+01
      vertex   -5.000000e-01 9.191427e+01 -4.869174e+01
    endloop
  endfacet
  facet normal -1.000000e+00 -3.820553e-11 -3.613677e-12
    outer loop
      vertex   -5.000000e-01 9.530000e+01 -4.970000e+01
      vertex   -5.000000e-01 9.191427e+01 -4.869174e+01
      vertex   -5.000000e-01 9.184819e+01 -4.799308e+01
    endloop
  endfacet
  facet normal -1.000000e+00 -3.822861e-11 -3.660343e-12
    outer loop
      vertex   -5.000000e-01 9.184819e+01 -4.799308e+01
      vertex   -5.000000e-01 9.177359e+01 -4.721396e+01
      vertex   -5.000000e-01 9.530000e+01 -4.970000e+01
    endloop
  endfacet
  facet normal -1.000000e+00 -3.828536e-11 -3.740844e-12
    outer loop
      vertex   -5.000000e-01 9.530000e+01 -4.970000e+01
      vertex   -5.000000e-01 9.177359e+01 -4.721396e+01
      vertex   -5.000000e-01 9.169849e+01 -4.644539e+01
    endloop
  endfacet
  facet normal -1.000000e+00 -3.837676e-11 -3.841988e-12
    outer loop
      vertex   -5.000000e-01 9.530000e+01 -4.970000e+01
      vertex   -5.000000e-01 9.169849e+01 -4.644539e+01
      vertex   -5.000000e-01 9.166326e+01 -4.609351e+01
    endloop
  endfacet
  facet normal -1.000000e+00 -3.848399e-11 -3.950114e-12
    outer loop
      vertex   -5.000000e-01 9.166326e+01 -4.609351e+01
      vertex   -5.000000e-01 9.163092e+01 -4.577840e+01
      vertex   -5.000000e-01 9.530000e+01 -4.970000e+01
    endloop
  endfacet
  facet normal -1.000000e+00 -3.866756e-11 -4.121867e-12
    outer loop
      vertex   -5.000000e-01 9.530000e+01 -4.970000e+01
      vertex   -5.000000e-01 9.163092e+01 -4.577840e+01
      vertex   -5.000000e-01 9.160246e+01 -4.551144e+01
    endloop
  endfacet
  facet normal -1.000000e+00 -3.893607e-11 -4.358895e-12
    outer loop
      vertex   -5.000000e-01 9.530000e+01 -4.970000e+01
      vertex   -5.000000e-01 9.160246e+01 -4.551144e+01
      vertex   -5.000000e-01 9.157823e+01 -4.529491e+01
    endloop
  endfacet
  facet normal -1.000000e+00 -3.894564e-11 -4.366981e-12
    outer loop
      vertex   -5.000000e-01 9.157823e+01 -4.529491e+01
      vertex   -5.000000e-01 9.153469e+01 -4.490663e+01
      vertex   -5.000000e-01 9.530000e+01 -4.970000e+01
    endloop
  endfacet
  facet normal -1.000000e+00 -3.897287e-11 -4.388373e-12
    outer loop
      vertex   -5.000000e-01 9.530000e+01 -4.970000e+01
      vertex   -5.000000e-01 9.153469e+01 -4.490663e+01
      vertex   -5.000000e-01 9.149578e+01 -4.456108e+01
    endloop
  endfacet
  facet normal -1.000000e+00 -1.756181e-11 1.146174e-11
    outer loop
      vertex   -5.000000e-01 9.530000e+01 -4.970000e+01
      vertex   -5.000000e-01 9.149578e+01 -4.456108e+01
      vertex   -5.000000e-01 9.630000e+01 -3.720000e+01
    endloop
  endfacet
  facet normal -1.000000e+00 0.000000e+00 0.000000e+00
    outer loop
      vertex   -5.000000e-01 9.630000e+01 -3.720000e+01
      vertex   -5.000000e-01 9.149578e+01 -4.456108e+01
      vertex   -5.000000e-01 9.146019e+01 -4.425193e+01
    endloop
  endfacet
  facet normal -1.000000e+00 0.000000e+00 0.000000e+00
    outer loop
      vertex   -5.000000e-01 9.630000e+01 -3.720000e+01
      vertex   -5.000000e-01 9.146019e+01 -4.425193e+01
      vertex   -5.000000e-01 9.139369e+01 -4.371749e+01
    endloop
  endfacet
  facet normal -1.000000e+00 0.000000e+00 0.000000e+00
    outer loop
      vertex   -5.000000e-01 9.139369e+01 -4.371749e+01
      vertex   -5.000000e-01 9.124257e+01 -4.280661e+01
      vertex   -5.000000e-01 9.630000e+01 -3.720000e+01
    endloop
  endfacet
  facet normal -1.000000e+00 0.000000e+00 0.000000e+00
    outer loop
      vertex   -5.000000e-01 9.630000e+01 -3.720000e+01
      vertex   -5.000000e-01 9.124257e+01 -4.280661e+01
      vertex   -5.000000e-01 9.113687e+01 -4.232881e+01
    endloop
  endfacet
  facet normal -1.000000e+00 0.000000e+00 0.000000e+00
    outer loop
      vertex   -5.000000e-01 9.630000e+01 -3.720000e+01
      vertex   -5.000000e-01 9.113687e+01 -4.232881e+01
      vertex   -5.000000e-01 9.099703e+01 -4.176852e+01
    endloop
  endfacet
  facet normal -1.000000e+00 0.000000e+00 0.000000e+00
    outer loop
      vertex   -5.000000e-01 9.099703e+01 -4.176852e+01
      vertex   -5.000000e-01 9.091102e+01 -4.144160e+01
      vertex   -5.000000e-01 9.630000e+01 -3.720000e+01
    endloop
  endfacet
  facet normal -1.000000e+00 0.000000e+00 0.000000e+00
    outer loop
      vertex   -5.000000e-01 9.630000e+01 -3.720000e+01
      vertex   -5.000000e-01 9.091102e+01 -4.144160e+01
      vertex   -5.000000e-01 9.081252e+01 -4.107504e+01
    endloop
  endfacet
  facet normal -1.000000e+00 0.000000e+00 0.000000e+00
    outer loop
      vertex   -5.000000e-01 9.630000e+01 -3.720000e+01
      vertex   -5.000000e-01 9.081252e+01 -4.107504e+01
      vertex   -5.000000e-01 9.075216e+01 -4.084623e+01
    endloop
  endfacet
  facet normal -1.000000e+00 0.000000e+00 0.000000e+00
    outer loop
      vertex   -5.000000e-01 9.075216e+01 -4.084623e+01
      vertex   -5.000000e-01 9.067819e+01 -4.055611e+01
      vertex   -5.000000e-01 9.630000e+01 -3.720000e+01
    endloop
  endfacet
  facet normal -1.000000e+00 0.000000e+00 0.000000e+00
    outer loop
      vertex   -5.000000e-01 9.630000e+01 -3.720000e+01
      vertex   -5.000000e-01 9.067819e+01 -4.055611e+01
      vertex   -5.000000e-01 9.059295e+01 -4.021393e+01
    endloop
  endfacet
  facet normal -1.000000e+00 1.348663e-16 -2.553765e-16
    outer loop
      vertex   -5.000000e-01 9.630000e+01 -3.720000e+01
      vertex   -5.000000e-01 9.059295e+01 -4.021393e+01
      vertex   -5.000000e-01 9.049879e+01 -3.982892e+01
    endloop
  endfacet
  facet normal -1.000000e+00 -3.542295e-17 1.203984e-16
    outer loop
      vertex   -5.000000e-01 9.049879e+01 -3.982892e+01
      vertex   -5.000000e-01 9.029306e+01 -3.896733e+01
      vertex   -5.000000e-01 9.630000e+01 -3.720000e+01
    endloop
  endfacet
  facet normal -1.000000e+00 0.000000e+00 0.000000e+00
    outer loop
      vertex   -5.000000e-01 9.630000e+01 -3.720000e+01
      vertex   -5.000000e-01 9.029306e+01 -3.896733e+01
      vertex   -5.000000e-01 9.007974e+01 -3.804518e+01
    endloop
  endfacet
  facet normal -1.000000e+00 -0.000000e+00 0.000000e+00
    outer loop
      vertex   -5.000000e-01 9.630000e+01 -3.720000e+01
      vertex   -5.000000e-01 9.007974e+01 -3.804518e+01
      vertex   -5.000000e-01 8.987759e+01 -3.713632e+01
    endloop
  endfacet
  facet normal -1.000000e+00 0.000000e+00 0.000000e+00
    outer loop
      vertex   -5.000000e-01 8.987759e+01 -3.713632e+01
      vertex   -5.000000e-01 8.978655e+01 -3.670995e+01
      vertex   -5.000000e-01 9.630000e+01 -3.720000e+01
    endloop
  endfacet
  facet normal -1.000000e+00 0.000000e+00 0.000000e+00
    outer loop
      vertex   -5.000000e-01 9.630000e+01 -3.720000e+01
      vertex   -5.000000e-01 8.978655e+01 -3.670995e+01
      vertex   -5.000000e-01 8.970534e+01 -3.631460e+01
    endloop
  endfacet
  facet normal -1.000000e+00 4.310146e-17 3.210285e-16
    outer loop
      vertex   -5.000000e-01 9.630000e+01 -3.720000e+01
      vertex   -5.000000e-01 8.970534e+01 -3.631460e+01
      vertex   -5.000000e-01 8.963629e+01 -3.595949e+01
    endloop
  endfacet
  facet normal -1.000000e+00 -2.257142e-16 -1.122986e-15
    outer loop
      vertex   -5.000000e-01 8.963629e+01 -3.595949e+01
      vertex   -5.000000e-01 8.958111e+01 -3.565181e+01
      vertex   -5.000000e-01 9.630000e+01 -3.720000e+01
    endloop
  endfacet
  facet normal -1.000000e+00 1.325438e-16 4.317966e-16
    outer loop
      vertex   -5.000000e-01 9.630000e+01 -3.720000e+01
      vertex   -5.000000e-01 8.958111e+01 -3.565181e+01
      vertex   -5.000000e-01 8.949087e+01 -3.510988e+01
    endloop
  endfacet
  facet normal -1.000000e+00 0.000000e+00 0.000000e+00
    outer loop
      vertex   -5.000000e-01 9.630000e+01 -3.720000e+01
      vertex   -5.000000e-01 8.949087e+01 -3.510988e+01
      vertex   -5.000000e-01 8.932933e+01 -3.407138e+01
    endloop
  endfacet
  facet normal -1.000000e+00 0.000000e+00 0.000000e+00
    outer loop
      vertex   -5.000000e-01 8.932933e+01 -3.407138e+01
      vertex   -5.000000e-01 8.923060e+01 -3.345674e+01
      vertex   -5.000000e-01 9.630000e+01 -3.720000e+01
    endloop
  endfacet
  facet normal -1.000000e+00 0.000000e+00 0.000000e+00
    outer loop
      vertex   -5.000000e-01 9.630000e+01 -3.720000e+01
      vertex   -5.000000e-01 8.923060e+01 -3.345674e+01
      vertex   -5.000000e-01 8.917074e+01 -3.309973e+01
    endloop
  endfacet
  facet normal -1.000000e+00 0.000000e+00 0.000000e+00
    outer loop
      vertex   -5.000000e-01 9.630000e+01 -3.720000e+01
      vertex   -5.000000e-01 8.917074e+01 -3.309973e+01
      vertex   -5.000000e-01 8.910160e+01 -3.269977e+01
    endloop
  endfacet
  facet normal -1.000000e+00 0.000000e+00 0.000000e+00
    outer loop
      vertex   -5.000000e-01 8.910160e+01 -3.269977e+01
      vertex   -5.000000e-01 8.902146e+01 -3.224947e+01
      vertex   -5.000000e-01 9.630000e+01 -3.720000e+01
    endloop
  endfacet
  facet normal -1.000000e+00 0.000000e+00 0.000000e+00
    outer loop
      vertex   -5.000000e-01 9.630000e+01 -3.720000e+01
      vertex   -5.000000e-01 8.902146e+01 -3.224947e+01
      vertex   -5.000000e-01 8.892862e+01 -3.174145e+01
    endloop
  endfacet
  facet normal -1.000000e+00 -1.665271e-16 -2.248828e-16
    outer loop
      vertex   -5.000000e-01 9.630000e+01 -3.720000e+01
      vertex   -5.000000e-01 8.892862e+01 -3.174145e+01
      vertex   -5.000000e-01 8.882135e+01 -3.116832e+01
    endloop
  endfacet
  facet normal -1.000000e+00 0.000000e+00 0.000000e+00
    outer loop
      vertex   -5.000000e-01 8.846147e+01 -2.931757e+01
      vertex   -5.000000e-01 8.823620e+01 -2.820927e+01
      vertex   -5.000000e-01 9.000000e+01 -2.300000e+01
    endloop
  endfacet
  facet normal -1.000000e+00 0.000000e+00 0.000000e+00
    outer loop
      vertex   -5.000000e-01 9.000000e+01 -2.300000e+01
      vertex   -5.000000e-01 8.823620e+01 -2.820927e+01
      vertex   -5.000000e-01 8.802462e+01 -2.720482e+01
    endloop
  endfacet
  facet normal -1.000000e+00 -8.917192e-17 4.189198e-17
    outer loop
      vertex   -5.000000e-01 9.000000e+01 -2.300000e+01
      vertex   -5.000000e-01 8.802462e+01 -2.720482e+01
      vertex   -5.000000e-01 8.782708e+01 -2.630021e+01
    endloop
  endfacet
  facet normal -1.000000e+00 5.855361e-17 -5.537328e-17
    outer loop
      vertex   -5.000000e-01 8.782708e+01 -2.630021e+01
      vertex   -5.000000e-01 8.764392e+01 -2.549140e+01
      vertex   -5.000000e-01 9.000000e+01 -2.300000e+01
    endloop
  endfacet
  facet normal -1.000000e+00 0.000000e+00 0.000000e+00
    outer loop
      vertex   -5.000000e-01 9.000000e+01 -2.300000e+01
      vertex   -5.000000e-01 8.764392e+01 -2.549140e+01
      vertex   -5.000000e-01 8.747549e+01 -2.477436e+01
    endloop
  endfacet
  facet normal -1.000000e+00 0.000000e+00 0.000000e+00
    outer loop
      vertex   -5.000000e-01 9.000000e+01 -2.300000e+01
      vertex   -5.000000e-01 8.747549e+01 -2.477436e+01
      vertex   -5.000000e-01 8.732214e+01 -2.414506e+01
    endloop
  endfacet
  facet normal -1.000000e+00 0.000000e+00 0.000000e+00
    outer loop
      vertex   -5.000000e-01 8.732214e+01 -2.414506e+01
      vertex   -5.000000e-01 8.718420e+01 -2.359948e+01
      vertex   -5.000000e-01 9.000000e+01 -2.300000e+01
    endloop
  endfacet
  facet normal -1.000000e+00 0.000000e+00 0.000000e+00
    outer loop
      vertex   -5.000000e-01 9.000000e+01 -2.300000e+01
      vertex   -5.000000e-01 8.718420e+01 -2.359948e+01
      vertex   -5.000000e-01 8.706203e+01 -2.313359e+01
    endloop
  endfacet
  facet normal -1.000000e+00 -0.000000e+00 0.000000e+00
    outer loop
      vertex   -5.000000e-01 9.000000e+01 -2.300000e+01
      vertex   -5.000000e-01 8.706203e+01 -2.313359e+01
      vertex   -5.000000e-01 8.695597e+01 -2.274336e+01
    endloop
  endfacet
  facet normal -1.000000e+00 0.000000e+00 0.000000e+00
    outer loop
      vertex   -5.000000e-01 8.695597e+01 -2.274336e+01
      vertex   -5.000000e-01 8.686637e+01 -2.242476e+01
      vertex   -5.000000e-01 9.000000e+01 -2.300000e+01
    endloop
  endfacet
  facet normal -1.000000e+00 0.000000e+00 0.000000e+00
    outer loop
      vertex   -5.000000e-01 9.000000e+01 -2.300000e+01
      vertex   -5.000000e-01 8.686637e+01 -2.242476e+01
      vertex   -5.000000e-01 8.679357e+01 -2.217376e+01
    endloop
  endfacet
  facet normal -1.000000e+00 0.000000e+00 0.000000e+00
    outer loop
      vertex   -5.000000e-01 9.000000e+01 -2.300000e+01
      vertex   -5.000000e-01 8.679357e+01 -2.217376e+01
      vertex   -5.000000e-01 8.673791e+01 -2.198633e+01
    endloop
  endfacet
  facet normal -1.000000e+00 0.000000e+00 0.000000e+00
    outer loop
      vertex   -5.000000e-01 8.673791e+01 -2.198633e+01
      vertex   -5.000000e-01 8.669646e+01 -2.184789e+01
      vertex   -5.000000e-01 9.000000e+01 -2.300000e+01
    endloop
  endfacet
  facet normal -1.000000e+00 0.000000e+00 0.000000e+00
    outer loop
      vertex   -5.000000e-01 9.000000e+01 -2.300000e+01
      vertex   -5.000000e-01 8.669646e+01 -2.184789e+01
      vertex   -5.000000e-01 8.664614e+01 -2.168128e+01
    endloop
  endfacet
  facet normal -1.000000e+00 -2.411519e-16 -6.133140e-16
    outer loop
      vertex   -5.000000e-01 9.000000e+01 -2.300000e+01
      vertex   -5.000000e-01 8.664614e+01 -2.168128e+01
      vertex   -5.000000e-01 8.658351e+01 -2.147563e+01
    endloop
  endfacet
  facet normal -1.000000e+00 1.503452e-16 2.641300e-16
    outer loop
      vertex   -5.000000e-01 8.658351e+01 -2.147563e+01
      vertex   -5.000000e-01 8.642652e+01 -2.096594e+01
      vertex   -5.000000e-01 9.000000e+01 -2.300000e+01
    endloop
  endfacet
  facet normal -1.000000e+00 0.000000e+00 0.000000e+00
    outer loop
      vertex   -5.000000e-01 9.000000e+01 -2.300000e+01
      vertex   -5.000000e-01 8.642652e+01 -2.096594e+01
      vertex   -5.000000e-01 8.623593e+01 -2.035623e+01
    endloop
  endfacet
  facet normal -1.000000e+00 1.476234e-16 -1.234467e-16
    outer loop
      vertex   -5.000000e-01 8.556697e+01 -1.830123e+01
      vertex   -5.000000e-01 8.534638e+01 -1.766567e+01
      vertex   -5.000000e-01 9.000000e+01 -1.300000e+01
    endloop
  endfacet
  facet normal -1.000000e+00 1.742389e-17 6.416675e-18
    outer loop
      vertex   -5.000000e-01 9.000000e+01 -1.300000e+01
      vertex   -5.000000e-01 8.534638e+01 -1.766567e+01
      vertex   -5.000000e-01 8.514439e+01 -1.711719e+01
    endloop
  endfacet
  facet normal -1.000000e+00 3.239261e-16 -3.550573e-16
    outer loop
      vertex   -5.000000e-01 9.000000e+01 -1.300000e+01
      vertex   -5.000000e-01 8.514439e+01 -1.711719e+01
      vertex   -5.000000e-01 8.505363e+01 -1.688730e+01
    endloop
  endfacet
  facet normal -1.000000e+00 3.385104e-17 1.404700e-17
    outer loop
      vertex   -5.000000e-01 8.505363e+01 -1.688730e+01
      vertex   -5.000000e-01 8.501138e+01 -1.678549e+01
      vertex   -5.000000e-01 9.000000e+01 -1.300000e+01
    endloop
  endfacet
  facet normal -1.000000e+00 -1.750242e-15 2.365173e-15
    outer loop
      vertex   -5.000000e-01 9.000000e+01 -1.300000e+01
      vertex   -5.000000e-01 8.501138e+01 -1.678549e+01
      vertex   -5.000000e-01 8.498069e+01 -1.671432e+01
    endloop
  endfacet
  facet normal -1.000000e+00 0.000000e+00 0.000000e+00
    outer loop
      vertex   -5.000000e-01 9.000000e+01 -1.300000e+01
      vertex   -5.000000e-01 8.498069e+01 -1.671432e+01
      vertex   -5.000000e-01 8.490598e+01 -1.654431e+01
    endloop
  endfacet
  facet normal -1.000000e+00 0.000000e+00 0.000000e+00
    outer loop
      vertex   -5.000000e-01 8.490598e+01 -1.654431e+01
      vertex   -5.000000e-01 8.479341e+01 -1.629071e+01
      vertex   -5.000000e-01 9.000000e+01 -1.300000e+01
    endloop
  endfacet
  facet normal -1.000000e+00 0.000000e+00 0.000000e+00
    outer loop
      vertex   -5.000000e-01 9.000000e+01 -1.300000e+01
      vertex   -5.000000e-01 8.479341e+01 -1.629071e+01
      vertex   -5.000000e-01 8.465295e+01 -1.597758e+01
    endloop
  endfacet
  facet normal -1.000000e+00 0.000000e+00 0.000000e+00
    outer loop
      vertex   -5.000000e-01 9.000000e+01 -1.300000e+01
      vertex   -5.000000e-01 8.465295e+01 -1.597758e+01
      vertex   -5.000000e-01 8.432832e+01 -1.526888e+01
    endloop
  endfacet
  facet normal -1.000000e+00 0.000000e+00 0.000000e+00
    outer loop
      vertex   -5.000000e-01 8.432832e+01 -1.526888e+01
      vertex   -5.000000e-01 8.416413e+01 -1.492142e+01
      vertex   -5.000000e-01 9.000000e+01 -1.300000e+01
    endloop
  endfacet
  facet normal -1.000000e+00 0.000000e+00 0.000000e+00
    outer loop
      vertex   -5.000000e-01 9.000000e+01 -1.300000e+01
      vertex   -5.000000e-01 8.416413e+01 -1.492142e+01
      vertex   -5.000000e-01 8.401199e+01 -1.461063e+01
    endloop
  endfacet
  facet normal -1.000000e+00 0.000000e+00 0.000000e+00
    outer loop
      vertex   -5.000000e-01 9.000000e+01 -1.300000e+01
      vertex   -5.000000e-01 8.401199e+01 -1.461063e+01
      vertex   -5.000000e-01 8.373194e+01 -1.407851e+01
    endloop
  endfacet
  facet normal -1.000000e+00 0.000000e+00 0.000000e+00
    outer loop
      vertex   -5.000000e-01 8.373194e+01 -1.407851e+01
      vertex   -5.000000e-01 8.339237e+01 -1.346303e+01
      vertex   -5.000000e-01 9.000000e+01 -1.300000e+01
    endloop
  endfacet
  facet normal -1.000000e+00 -1.246299e-17 1.778523e-16
    outer loop
      vertex   -5.000000e-01 9.000000e+01 -1.300000e+01
      vertex   -5.000000e-01 8.339237e+01 -1.346303e+01
      vertex   -5.000000e-01 8.321794e+01 -1.316313e+01
    endloop
  endfacet
  facet normal -1.000000e+00 -3.151321e-18 -2.092693e-16
    outer loop
      vertex   -5.000000e-01 9.000000e+01 -1.300000e+01
      vertex   -5.000000e-01 8.321794e+01 -1.316313e+01
      vertex   -5.000000e-01 8.305255e+01 -1.289538e+01
    endloop
  endfacet
  facet normal -1.000000e+00 6.695074e-20 4.445986e-18
    outer loop
      vertex   -5.000000e-01 9.000000e+01 -1.300000e+01
      vertex   -5.000000e-01 8.305255e+01 -1.289538e+01
      vertex   -5.000000e-01 8.766139e+01 -4.791049e-01
    endloop
  endfacet
  facet normal -1.000000e+00 4.234503e-18 2.899020e-18
    outer loop
      vertex   -5.000000e-01 8.766139e+01 -4.791049e-01
      vertex   -5.000000e-01 8.305255e+01 -1.289538e+01
      vertex   -5.000000e-01 8.274369e+01 -1.244423e+01
    endloop
  endfacet
  facet normal -1.000000e+00 5.806133e-17 -1.922397e-17
    outer loop
      vertex   -5.000000e-01 8.766139e+01 -4.791049e-01
      vertex   -5.000000e-01 8.274369e+01 -1.244423e+01
      vertex   -5.000000e-01 8.676667e+01 -2.937772e-01
    endloop
  endfacet
  facet normal -1.000000e+00 0.000000e+00 0.000000e+00
    outer loop
      vertex   -5.000000e-01 8.676667e+01 -2.937772e-01
      vertex   -5.000000e-01 8.274369e+01 -1.244423e+01
      vertex   -5.000000e-01 8.238111e+01 -1.193176e+01
    endloop
  endfacet
  facet normal -1.000000e+00 -0.000000e+00 0.000000e+00
    outer loop
      vertex   -5.000000e-01 8.676667e+01 -2.937772e-01
      vertex   -5.000000e-01 8.238111e+01 -1.193176e+01
      vertex   -5.000000e-01 8.589205e+01 -1.511471e-01
    endloop
  endfacet
  facet normal -1.000000e+00 -0.000000e+00 0.000000e+00
    outer loop
      vertex   -5.000000e-01 8.589205e+01 -1.511471e-01
      vertex   -5.000000e-01 8.238111e+01 -1.193176e+01
      vertex   -5.000000e-01 8.568613e+01 -1.229053e-01
    endloop
  endfacet
  facet normal -1.000000e+00 0.000000e+00 0.000000e+00
    outer loop
      vertex   -5.000000e-01 8.568613e+01 -1.229053e-01
      vertex   -5.000000e-01 8.238111e+01 -1.193176e+01
      vertex   -5.000000e-01 8.197359e+01 -1.140132e+01
    endloop
  endfacet
  facet normal -1.000000e+00 -0.000000e+00 0.000000e+00
    outer loop
      vertex   -5.000000e-01 8.568613e+01 -1.229053e-01
      vertex   -5.000000e-01 8.197359e+01 -1.140132e+01
      vertex   -5.000000e-01 8.556486e+01 -1.071292e-01
    endloop
  endfacet
  facet normal -1.000000e+00 -0.000000e+00 0.000000e+00
    outer loop
      vertex   -5.000000e-01 8.556486e+01 -1.071292e-01
      vertex   -5.000000e-01 8.197359e+01 -1.140132e+01
      vertex   -5.000000e-01 8.534812e+01 -8.041763e-02
    endloop
  endfacet
  facet normal -1.000000e+00 -0.000000e+00 0.000000e+00
    outer loop
      vertex   -5.000000e-01 8.534812e+01 -8.041763e-02
      vertex   -5.000000e-01 8.197359e+01 -1.140132e+01
      vertex   -5.000000e-01 8.503763e+01 -4.500793e-02
    endloop
  endfacet
  facet normal -1.000000e+00 -0.000000e+00 0.000000e+00
    outer loop
      vertex   -5.000000e-01 8.503763e+01 -4.500793e-02
      vertex   -5.000000e-01 8.197359e+01 -1.140132e+01
      vertex   -5.000000e-01 8.464665e+01 -4.685192e-03
    endloop
  endfacet
  facet normal -1.000000e+00 0.000000e+00 0.000000e+00
    outer loop
      vertex   -5.000000e-01 8.464665e+01 -4.685192e-03
      vertex   -5.000000e-01 8.197359e+01 -1.140132e+01
      vertex   -5.000000e-01 8.152818e+01 -1.090403e+01
    endloop
  endfacet
  facet normal -1.000000e+00 -0.000000e+00 0.000000e+00
    outer loop
      vertex   -5.000000e-01 8.464665e+01 -4.685192e-03
      vertex   -5.000000e-01 8.152818e+01 -1.090403e+01
      vertex   -5.000000e-01 8.418844e+01 3.676549e-02
    endloop
  endfacet
  facet normal -1.000000e+00 -0.000000e+00 0.000000e+00
    outer loop
      vertex   -5.000000e-01 8.418844e+01 3.676549e-02
      vertex   -5.000000e-01 8.152818e+01 -1.090403e+01
      vertex   -5.000000e-01 8.367626e+01 7.555899e-02
    endloop
  endfacet
  facet normal -1.000000e+00 0.000000e+00 0.000000e+00
    outer loop
      vertex   -5.000000e-01 8.367626e+01 7.555899e-02
      vertex   -5.000000e-01 8.152818e+01 -1.090403e+01
      vertex   -5.000000e-01 8.098323e+01 -1.038084e+01
    endloop
  endfacet
  facet normal -1.000000e+00 -0.000000e+00 0.000000e+00
    outer loop
      vertex   -5.000000e-01 8.367626e+01 7.555899e-02
      vertex   -5.000000e-01 8.098323e+01 -1.038084e+01
      vertex   -5.000000e-01 8.254302e+01 1.300341e-01
    endloop
  endfacet
  facet normal -1.000000e+00 0.000000e+00 0.000000e+00
    outer loop
      vertex   -5.000000e-01 8.254302e+01 1.300341e-01
      vertex   -5.000000e-01 8.098323e+01 -1.038084e+01
      vertex   -5.000000e-01 8.070617e+01 -1.013276e+01
    endloop
  endfacet
  facet normal -1.000000e+00 0.000000e+00 0.000000e+00
    outer loop
      vertex   -5.000000e-01 8.254302e+01 1.300341e-01
      vertex   -5.000000e-01 8.070617e+01 -1.013276e+01
      vertex   -5.000000e-01 8.045258e+01 -9.915208e+00
    endloop
  endfacet
  facet normal -1.000000e+00 -4.516878e-16 9.399699e-17
    outer loop
      vertex   -5.000000e-01 8.045258e+01 -9.915208e+00
      vertex   -5.000000e-01 8.024235e+01 -9.744347e+00
      vertex   -5.000000e-01 8.254302e+01 1.300341e-01
    endloop
  endfacet
  facet normal -1.000000e+00 9.333825e-17 -3.299070e-17
    outer loop
      vertex   -5.000000e-01 8.254302e+01 1.300341e-01
      vertex   -5.000000e-01 8.024235e+01 -9.744347e+00
      vertex   -5.000000e-01 8.135300e+01 1.284592e-01
    endloop
  endfacet
  facet normal -1.000000e+00 6.620361e-16 -9.696691e-17
    outer loop
      vertex   -5.000000e-01 8.135300e+01 1.284592e-01
      vertex   -5.000000e-01 8.024235e+01 -9.744347e+00
      vertex   -5.000000e-01 8.009102e+01 -9.632566e+00
    endloop
  endfacet
  facet normal -1.000000e+00 -6.910638e-18 -1.048058e-17
    outer loop
      vertex   -5.000000e-01 8.135300e+01 1.284592e-01
      vertex   -5.000000e-01 8.009102e+01 -9.632566e+00
      vertex   -5.000000e-01 7.982164e+01 -9.454940e+00
    endloop
  endfacet
  facet normal -1.000000e+00 -6.976187e-18 -1.047011e-17
    outer loop
      vertex   -5.000000e-01 7.982164e+01 -9.454940e+00
      vertex   -5.000000e-01 7.925248e+01 -9.075716e+00
      vertex   -5.000000e-01 8.135300e+01 1.284592e-01
    endloop
  endfacet
  facet normal -1.000000e+00 9.918859e-17 -3.469831e-17
    outer loop
      vertex   -5.000000e-01 8.135300e+01 1.284592e-01
      vertex   -5.000000e-01 7.925248e+01 -9.075716e+00
      vertex   -5.000000e-01 8.020264e+01 3.968881e-02
    endloop
  endfacet
  facet normal -1.000000e+00 -1.510482e-17 -2.278480e-17
    outer loop
      vertex   -5.000000e-01 8.020264e+01 3.968881e-02
      vertex   -5.000000e-01 7.925248e+01 -9.075716e+00
      vertex   -5.000000e-01 7.904014e+01 -8.934946e+00
    endloop
  endfacet
  facet normal -1.000000e+00 -1.335082e-17 -2.301200e-17
    outer loop
      vertex   -5.000000e-01 8.020264e+01 3.968881e-02
      vertex   -5.000000e-01 7.904014e+01 -8.934946e+00
      vertex   -5.000000e-01 7.886149e+01 -8.831297e+00
    endloop
  endfacet
  facet normal -1.000000e+00 -1.992913e-16 5.099261e-18
    outer loop
      vertex   -5.000000e-01 8.020264e+01 3.968881e-02
      vertex   -5.000000e-01 7.886149e+01 -8.831297e+00
      vertex   -5.000000e-01 7.908365e+01 -1.484918e-01
    endloop
  endfacet
  facet normal -1.000000e+00 0.000000e+00 0.000000e+00
    outer loop
      vertex   -5.000000e-01 7.908365e+01 -1.484918e-01
      vertex   -5.000000e-01 7.886149e+01 -8.831297e+00
      vertex   -5.000000e-01 7.866455e+01 -8.736068e+00
    endloop
  endfacet
  facet normal -1.000000e+00 -4.069084e-16 1.985867e-17
    outer loop
      vertex   -5.000000e-01 7.908365e+01 -1.484918e-01
      vertex   -5.000000e-01 7.866455e+01 -8.736068e+00
      vertex   -5.000000e-01 7.839734e+01 -8.620555e+00
    endloop
  endfacet
  facet normal -1.000000e+00 -2.875143e-15 2.198076e-16
    outer loop
      vertex   -5.000000e-01 7.908365e+01 -1.484918e-01
      vertex   -5.000000e-01 7.839734e+01 -8.620555e+00
      vertex   -5.000000e-01 7.845434e+01 -2.985894e-01
    endloop
  endfacet
  facet normal -1.000000e+00 2.593143e-16 1.983369e-16
    outer loop
      vertex   -5.000000e-01 7.845434e+01 -2.985894e-01
      vertex   -5.000000e-01 7.839734e+01 -8.620555e+00
      vertex   -5.000000e-01 7.776806e+01 -8.357570e+00
    endloop
  endfacet
  facet normal -1.000000e+00 -6.157864e-17 2.256635e-16
    outer loop
      vertex   -5.000000e-01 7.845434e+01 -2.985894e-01
      vertex   -5.000000e-01 7.776806e+01 -8.357570e+00
      vertex   -5.000000e-01 7.809627e+01 -3.963004e-01
    endloop
  endfacet
  facet normal -1.000000e+00 -6.735669e-17 2.259017e-16
    outer loop
      vertex   -5.000000e-01 7.809627e+01 -3.963004e-01
      vertex   -5.000000e-01 7.776806e+01 -8.357570e+00
      vertex   -5.000000e-01 7.770848e+01 -5.119268e-01
    endloop
  endfacet
  facet normal -1.000000e+00 9.311412e-17 2.271202e-16
    outer loop
      vertex   -5.000000e-01 7.770848e+01 -5.119268e-01
      vertex   -5.000000e-01 7.776806e+01 -8.357570e+00
      vertex   -5.000000e-01 7.720830e+01 -8.128080e+00
    endloop
  endfacet
  facet normal -1.000000e+00 -7.754355e-17 2.383280e-16
    outer loop
      vertex   -5.000000e-01 7.770848e+01 -5.119268e-01
      vertex   -5.000000e-01 7.720830e+01 -8.128080e+00
      vertex   -5.000000e-01 7.729358e+01 -6.469222e-01
    endloop
  endfacet
  facet normal -1.000000e+00 -8.453879e-17 2.384078e-16
    outer loop
      vertex   -5.000000e-01 7.729358e+01 -6.469222e-01
      vertex   -5.000000e-01 7.720830e+01 -8.128080e+00
      vertex   -5.000000e-01 7.685415e+01 -8.027400e-01
    endloop
  endfacet
  facet normal -1.000000e+00 -9.592980e-17 2.378571e-16
    outer loop
      vertex   -5.000000e-01 7.685415e+01 -8.027400e-01
      vertex   -5.000000e-01 7.720830e+01 -8.128080e+00
      vertex   -5.000000e-01 7.591215e+01 -1.182657e+00
    endloop
  endfacet
  facet normal -1.000000e+00 1.165196e-16 2.775040e-16
    outer loop
      vertex   -5.000000e-01 7.591215e+01 -1.182657e+00
      vertex   -5.000000e-01 7.720830e+01 -8.128080e+00
      vertex   -5.000000e-01 7.520822e+01 -7.288281e+00
    endloop
  endfacet
  facet normal -1.000000e+00 -8.844281e-17 3.011346e-16
    outer loop
      vertex   -5.000000e-01 7.591215e+01 -1.182657e+00
      vertex   -5.000000e-01 7.520822e+01 -7.288281e+00
      vertex   -5.000000e-01 7.490326e+01 -1.663306e+00
    endloop
  endfacet
  facet normal -1.000000e+00 -2.619808e-16 2.917262e-16
    outer loop
      vertex   -5.000000e-01 7.490326e+01 -1.663306e+00
      vertex   -5.000000e-01 7.520822e+01 -7.288281e+00
      vertex   -5.000000e-01 7.478238e+01 -7.099848e+00
    endloop
  endfacet
  facet normal -1.000000e+00 -1.474362e-15 3.186841e-16
    outer loop
      vertex   -5.000000e-01 7.490326e+01 -1.663306e+00
      vertex   -5.000000e-01 7.478238e+01 -7.099848e+00
      vertex   -5.000000e-01 7.440613e+01 -6.924474e+00
    endloop
  endfacet
  facet normal -1.000000e+00 -1.620480e-16 1.946811e-16
    outer loop
      vertex   -5.000000e-01 7.490326e+01 -1.663306e+00
      vertex   -5.000000e-01 7.440613e+01 -6.924474e+00
      vertex   -5.000000e-01 7.384827e+01 -2.256316e+00
    endloop
  endfacet
  facet normal -1.000000e+00 -2.195117e-15 -4.827307e-17
    outer loop
      vertex   -5.000000e-01 7.384827e+01 -2.256316e+00
      vertex   -5.000000e-01 7.440613e+01 -6.924474e+00
      vertex   -5.000000e-01 7.409942e+01 -6.776970e+00
    endloop
  endfacet
  facet normal -1.000000e+00 -1.539180e-15 -1.183248e-17
    outer loop
      vertex   -5.000000e-01 7.384827e+01 -2.256316e+00
      vertex   -5.000000e-01 7.409942e+01 -6.776970e+00
      vertex   -5.000000e-01 7.388222e+01 -6.672144e+00
    endloop
  endfacet
  facet normal -1.000000e+00 0.000000e+00 0.000000e+00
    outer loop
      vertex   -5.000000e-01 7.388222e+01 -6.672144e+00
      vertex   -5.000000e-01 7.363290e+01 -6.556933e+00
      vertex   -5.000000e-01 7.384827e+01 -2.256316e+00
    endloop
  endfacet
  facet normal -1.000000e+00 0.000000e+00 0.000000e+00
    outer loop
      vertex   -5.000000e-01 7.384827e+01 -2.256316e+00
      vertex   -5.000000e-01 7.363290e+01 -6.556933e+00
      vertex   -5.000000e-01 7.330999e+01 -2.598589e+00
    endloop
  endfacet
  facet normal -1.000000e+00 0.000000e+00 0.000000e+00
    outer loop
      vertex   -5.000000e-01 7.330999e+01 -2.598589e+00
      vertex   -5.000000e-01 7.363290e+01 -6.556933e+00
      vertex   -5.000000e-01 7.345717e+01 -6.476338e+00
    endloop
  endfacet
  facet normal -1.000000e+00 0.000000e+00 -0.000000e+00
    outer loop
      vertex   -5.000000e-01 7.330999e+01 -2.598589e+00
      vertex   -5.000000e-01 7.345717e+01 -6.476338e+00
      vertex   -5.000000e-01 7.319108e+01 -6.345836e+00
    endloop
  endfacet
  facet normal -1.000000e+00 0.000000e+00 0.000000e+00
    outer loop
      vertex   -5.000000e-01 7.330999e+01 -2.598589e+00
      vertex   -5.000000e-01 7.319108e+01 -6.345836e+00
      vertex   -5.000000e-01 7.304907e+01 -2.774698e+00
    endloop
  endfacet
  facet normal -1.000000e+00 0.000000e+00 0.000000e+00
    outer loop
      vertex   -5.000000e-01 7.304907e+01 -2.774698e+00
      vertex   -5.000000e-01 7.319108e+01 -6.345836e+00
      vertex   -5.000000e-01 7.310302e+01 -6.298679e+00
    endloop
  endfacet
  facet normal -1.000000e+00 0.000000e+00 -0.000000e+00
    outer loop
      vertex   -5.000000e-01 7.304907e+01 -2.774698e+00
      vertex   -5.000000e-01 7.310302e+01 -6.298679e+00
      vertex   -5.000000e-01 7.297293e+01 -6.227595e+00
    endloop
  endfacet
  facet normal -1.000000e+00 0.000000e+00 0.000000e+00
    outer loop
      vertex   -5.000000e-01 7.263778e+01 -6.036199e+00
      vertex   -5.000000e-01 7.263013e+01 -3.071925e+00
      vertex   -5.000000e-01 7.297293e+01 -6.227595e+00
    endloop
  endfacet
  facet normal -1.000000e+00 0.000000e+00 0.000000e+00
    outer loop
      vertex   -5.000000e-01 7.297293e+01 -6.227595e+00
      vertex   -5.000000e-01 7.263013e+01 -3.071925e+00
      vertex   -5.000000e-01 7.282264e+01 -2.932766e+00
    endloop
  endfacet
  facet normal -1.000000e+00 0.000000e+00 0.000000e+00
    outer loop
      vertex   -5.000000e-01 7.297293e+01 -6.227595e+00
      vertex   -5.000000e-01 7.282264e+01 -2.932766e+00
      vertex   -5.000000e-01 7.304907e+01 -2.774698e+00
    endloop
  endfacet
  facet normal -1.000000e+00 0.000000e+00 0.000000e+00
    outer loop
      vertex   -5.000000e-01 7.229007e+01 -5.817838e+00
      vertex   -5.000000e-01 7.233852e+01 -3.294351e+00
      vertex   -5.000000e-01 7.263778e+01 -6.036199e+00
    endloop
  endfacet
  facet normal -1.000000e+00 0.000000e+00 0.000000e+00
    outer loop
      vertex   -5.000000e-01 7.263778e+01 -6.036199e+00
      vertex   -5.000000e-01 7.233852e+01 -3.294351e+00
      vertex   -5.000000e-01 7.246945e+01 -3.192384e+00
    endloop
  endfacet
  facet normal -1.000000e+00 0.000000e+00 0.000000e+00
    outer loop
      vertex   -5.000000e-01 7.263778e+01 -6.036199e+00
      vertex   -5.000000e-01 7.246945e+01 -3.192384e+00
      vertex   -5.000000e-01 7.263013e+01 -3.071925e+00
    endloop
  endfacet
  facet normal -1.000000e+00 0.000000e+00 0.000000e+00
    outer loop
      vertex   -5.000000e-01 7.214428e+01 -5.713049e+00
      vertex   -5.000000e-01 7.210335e+01 -3.491381e+00
      vertex   -5.000000e-01 7.229007e+01 -5.817838e+00
    endloop
  endfacet
  facet normal -1.000000e+00 0.000000e+00 0.000000e+00
    outer loop
      vertex   -5.000000e-01 7.229007e+01 -5.817838e+00
      vertex   -5.000000e-01 7.210335e+01 -3.491381e+00
      vertex   -5.000000e-01 7.223525e+01 -3.378034e+00
    endloop
  endfacet
  facet normal -1.000000e+00 0.000000e+00 0.000000e+00
    outer loop
      vertex   -5.000000e-01 7.229007e+01 -5.817838e+00
      vertex   -5.000000e-01 7.223525e+01 -3.378034e+00
      vertex   -5.000000e-01 7.233852e+01 -3.294351e+00
    endloop
  endfacet
  facet normal -1.000000e+00 0.000000e+00 -0.000000e+00
    outer loop
      vertex   -5.000000e-01 7.210335e+01 -3.491381e+00
      vertex   -5.000000e-01 7.214428e+01 -5.713049e+00
      vertex   -5.000000e-01 7.205238e+01 -3.538620e+00
    endloop
  endfacet
  facet normal -1.000000e+00 0.000000e+00 -0.000000e+00
    outer loop
      vertex   -5.000000e-01 7.205238e+01 -3.538620e+00
      vertex   -5.000000e-01 7.214428e+01 -5.713049e+00
      vertex   -5.000000e-01 7.203299e+01 -5.617859e+00
    endloop
  endfacet
  facet normal -1.000000e+00 0.000000e+00 0.000000e+00
    outer loop
      vertex   -5.000000e-01 7.205238e+01 -3.538620e+00
      vertex   -5.000000e-01 7.203299e+01 -5.617859e+00
      vertex   -5.000000e-01 7.198436e+01 -3.605555e+00
    endloop
  endfacet
  facet normal -1.000000e+00 0.000000e+00 -0.000000e+00
    outer loop
      vertex   -5.000000e-01 7.198436e+01 -3.605555e+00
      vertex   -5.000000e-01 7.203299e+01 -5.617859e+00
      vertex   -5.000000e-01 7.185749e+01 -3.745491e+00
    endloop
  endfacet
  facet normal -1.000000e+00 0.000000e+00 -0.000000e+00
    outer loop
      vertex   -5.000000e-01 7.185749e+01 -3.745491e+00
      vertex   -5.000000e-01 7.203299e+01 -5.617859e+00
      vertex   -5.000000e-01 7.181015e+01 -5.385528e+00
    endloop
  endfacet
  facet normal -1.000000e+00 8.847575e-15 -2.553668e-16
    outer loop
      vertex   -5.000000e-01 7.185749e+01 -3.745491e+00
      vertex   -5.000000e-01 7.181015e+01 -5.385528e+00
      vertex   -5.000000e-01 7.164767e+01 -4.058912e+00
    endloop
  endfacet
  facet normal -1.000000e+00 -4.479735e-15 -1.887690e-15
    outer loop
      vertex   -5.000000e-01 7.164767e+01 -4.058912e+00
      vertex   -5.000000e-01 7.181015e+01 -5.385528e+00
      vertex   -5.000000e-01 7.154406e+01 -4.312934e+00
    endloop
  endfacet
  facet normal -1.000000e+00 -1.610980e-15 -1.175980e-15
    outer loop
      vertex   -5.000000e-01 7.154406e+01 -4.312934e+00
      vertex   -5.000000e-01 7.181015e+01 -5.385528e+00
      vertex   -5.000000e-01 7.161279e+01 -5.115153e+00
    endloop
  endfacet
  facet normal -1.000000e+00 -2.650747e-15 -1.265065e-15
    outer loop
      vertex   -5.000000e-01 7.154406e+01 -4.312934e+00
      vertex   -5.000000e-01 7.161279e+01 -5.115153e+00
      vertex   -5.000000e-01 7.154627e+01 -4.975770e+00
    endloop
  endfacet
  facet normal -1.000000e+00 -4.525012e-15 -1.271319e-15
    outer loop
      vertex   -5.000000e-01 7.154627e+01 -4.975770e+00
      vertex   -5.000000e-01 7.150467e+01 -4.827713e+00
      vertex   -5.000000e-01 7.154406e+01 -4.312934e+00
    endloop
  endfacet
  facet normal -1.000000e+00 -1.470382e-14 -4.925446e-16
    outer loop
      vertex   -5.000000e-01 7.154406e+01 -4.312934e+00
      vertex   -5.000000e-01 7.150467e+01 -4.827713e+00
      vertex   -5.000000e-01 7.149539e+01 -4.550810e+00
    endloop
  endfacet
  facet normal -1.000000e+00 0.000000e+00 -0.000000e+00
    outer loop
      vertex   -5.000000e-01 7.149539e+01 -4.550810e+00
      vertex   -5.000000e-01 7.150467e+01 -4.827713e+00
      vertex   -5.000000e-01 7.148980e+01 -4.682053e+00
    endloop
  endfacet
  facet normal -1.000000e+00 -6.937339e-17 -8.523856e-18
    outer loop
      vertex   -5.000000e-01 8.766139e+01 -4.791049e-01
      vertex   -5.000000e-01 8.848817e+01 -6.955667e-01
      vertex   -5.000000e-01 9.000000e+01 -1.300000e+01
    endloop
  endfacet
  facet normal -1.000000e+00 0.000000e+00 0.000000e+00
    outer loop
      vertex   -5.000000e-01 9.000000e+01 -1.300000e+01
      vertex   -5.000000e-01 8.848817e+01 -6.955667e-01
      vertex   -5.000000e-01 8.925691e+01 -9.409705e-01
    endloop
  endfacet
  facet normal -1.000000e+00 0.000000e+00 0.000000e+00
    outer loop
      vertex   -5.000000e-01 9.000000e+01 -1.300000e+01
      vertex   -5.000000e-01 8.925691e+01 -9.409705e-01
      vertex   -5.000000e-01 8.997509e+01 -1.219658e+00
    endloop
  endfacet
  facet normal -1.000000e+00 1.413238e-15 2.988753e-18
    outer loop
      vertex   -5.000000e-01 8.997509e+01 -1.219658e+00
      vertex   -5.000000e-01 9.064345e+01 -1.510454e+00
      vertex   -5.000000e-01 9.000000e+01 -1.300000e+01
    endloop
  endfacet
  facet normal -1.000000e+00 1.250188e-15 1.212006e-17
    outer loop
      vertex   -5.000000e-01 9.000000e+01 -1.300000e+01
      vertex   -5.000000e-01 9.064345e+01 -1.510454e+00
      vertex   -5.000000e-01 9.131269e+01 -1.840953e+00
    endloop
  endfacet
  facet normal -1.000000e+00 8.308772e-17 1.494114e-16
    outer loop
      vertex   -5.000000e-01 9.000000e+01 -1.300000e+01
      vertex   -5.000000e-01 9.131269e+01 -1.840953e+00
      vertex   -5.000000e-01 9.202093e+01 -2.234806e+00
    endloop
  endfacet
  facet normal -1.000000e+00 8.995058e-17 1.481230e-16
    outer loop
      vertex   -5.000000e-01 9.202093e+01 -2.234806e+00
      vertex   -5.000000e-01 9.277277e+01 -2.691374e+00
      vertex   -5.000000e-01 9.000000e+01 -1.300000e+01
    endloop
  endfacet
  facet normal -1.000000e+00 9.729673e-17 1.461471e-16
    outer loop
      vertex   -5.000000e-01 9.000000e+01 -1.300000e+01
      vertex   -5.000000e-01 9.277277e+01 -2.691374e+00
      vertex   -5.000000e-01 9.430940e+01 -3.714377e+00
    endloop
  endfacet
  facet normal -1.000000e+00 1.028698e-16 1.435607e-16
    outer loop
      vertex   -5.000000e-01 9.000000e+01 -1.300000e+01
      vertex   -5.000000e-01 9.430940e+01 -3.714377e+00
      vertex   -5.000000e-01 9.504527e+01 -4.241672e+00
    endloop
  endfacet
  facet normal -1.000000e+00 1.062961e-16 1.415869e-16
    outer loop
      vertex   -5.000000e-01 9.504527e+01 -4.241672e+00
      vertex   -5.000000e-01 9.572690e+01 -4.753403e+00
      vertex   -5.000000e-01 9.000000e+01 -1.300000e+01
    endloop
  endfacet
  facet normal -1.000000e+00 1.693673e-16 9.778675e-17
    outer loop
      vertex   -5.000000e-01 9.000000e+01 -1.300000e+01
      vertex   -5.000000e-01 9.572690e+01 -4.753403e+00
      vertex   -5.000000e-01 9.632982e+01 -5.230001e+00
    endloop
  endfacet
  facet normal -1.000000e+00 -6.962430e-17 2.924810e-16
    outer loop
      vertex   -5.000000e-01 9.000000e+01 -1.300000e+01
      vertex   -5.000000e-01 9.632982e+01 -5.230001e+00
      vertex   -5.000000e-01 9.685540e+01 -5.674270e+00
    endloop
  endfacet
  facet normal -1.000000e+00 3.244187e-16 -7.626359e-17
    outer loop
      vertex   -5.000000e-01 9.685540e+01 -5.674270e+00
      vertex   -5.000000e-01 9.713807e+01 -5.927622e+00
      vertex   -5.000000e-01 9.000000e+01 -1.300000e+01
    endloop
  endfacet
  facet normal -1.000000e+00 1.204220e-16 1.296278e-16
    outer loop
      vertex   -5.000000e-01 9.000000e+01 -1.300000e+01
      vertex   -5.000000e-01 9.713807e+01 -5.927622e+00
      vertex   -5.000000e-01 9.744048e+01 -6.208563e+00
    endloop
  endfacet
  facet normal -1.000000e+00 1.234455e-16 1.263153e-16
    outer loop
      vertex   -5.000000e-01 9.000000e+01 -1.300000e+01
      vertex   -5.000000e-01 9.744048e+01 -6.208563e+00
      vertex   -5.000000e-01 9.809806e+01 -6.851196e+00
    endloop
  endfacet
  facet normal -1.000000e+00 5.187351e-16 4.380239e-16
    outer loop
      vertex   -5.000000e-01 9.957843e+01 -8.445363e+00
      vertex   -5.000000e-01 1.003751e+02 -9.388839e+00
      vertex   -5.000000e-01 1.000000e+02 -1.300000e+01
    endloop
  endfacet
  facet normal -1.000000e+00 5.510707e-16 4.346651e-16
    outer loop
      vertex   -5.000000e-01 1.000000e+02 -1.300000e+01
      vertex   -5.000000e-01 1.003751e+02 -9.388839e+00
      vertex   -5.000000e-01 1.011920e+02 -1.042454e+01
    endloop
  endfacet
  facet normal -1.000000e+00 5.766432e-16 4.228291e-16
    outer loop
      vertex   -5.000000e-01 1.000000e+02 -1.300000e+01
      vertex   -5.000000e-01 1.011920e+02 -1.042454e+01
      vertex   -5.000000e-01 1.020161e+02 -1.154843e+01
    endloop
  endfacet
  facet normal -1.000000e+00 5.477808e-16 4.629170e-16
    outer loop
      vertex   -5.000000e-01 1.020161e+02 -1.154843e+01
      vertex   -5.000000e-01 1.028344e+02 -1.275648e+01
      vertex   -5.000000e-01 1.000000e+02 -1.300000e+01
    endloop
  endfacet
  facet normal -1.000000e+00 5.848721e-16 3.120437e-17
    outer loop
      vertex   -5.000000e-01 1.000000e+02 -1.300000e+01
      vertex   -5.000000e-01 1.028344e+02 -1.275648e+01
      vertex   -5.000000e-01 1.032489e+02 -1.340999e+01
    endloop
  endfacet
  facet normal -1.000000e+00 7.650209e-16 1.458740e-15
    outer loop
      vertex   -5.000000e-01 1.000000e+02 -1.300000e+01
      vertex   -5.000000e-01 1.032489e+02 -1.340999e+01
      vertex   -5.000000e-01 1.033871e+02 -1.363469e+01
    endloop
  endfacet
  facet normal -1.000000e+00 4.665520e-16 -1.340696e-16
    outer loop
      vertex   -5.000000e-01 1.033871e+02 -1.363469e+01
      vertex   -5.000000e-01 1.035488e+02 -1.389990e+01
      vertex   -5.000000e-01 1.000000e+02 -1.300000e+01
    endloop
  endfacet
  facet normal -1.000000e+00 5.914375e-16 3.584251e-16
    outer loop
      vertex   -5.000000e-01 1.000000e+02 -1.300000e+01
      vertex   -5.000000e-01 1.035488e+02 -1.389990e+01
      vertex   -5.000000e-01 1.037312e+02 -1.420085e+01
    endloop
  endfacet
  facet normal -1.000000e+00 5.906929e-16 3.561114e-16
    outer loop
      vertex   -5.000000e-01 1.000000e+02 -1.300000e+01
      vertex   -5.000000e-01 1.037312e+02 -1.420085e+01
      vertex   -5.000000e-01 1.039313e+02 -1.453277e+01
    endloop
  endfacet
  facet normal -1.000000e+00 1.994314e-16 1.168155e-16
    outer loop
      vertex   -5.000000e-01 1.048505e+02 -1.607442e+01
      vertex   -5.000000e-01 1.058196e+02 -1.772898e+01
      vertex   -5.000000e-01 1.000000e+02 -2.300000e+01
    endloop
  endfacet
  facet normal -1.000000e+00 2.007267e-16 1.153855e-16
    outer loop
      vertex   -5.000000e-01 1.000000e+02 -2.300000e+01
      vertex   -5.000000e-01 1.058196e+02 -1.772898e+01
      vertex   -5.000000e-01 1.062646e+02 -1.850300e+01
    endloop
  endfacet
  facet normal -1.000000e+00 2.018958e-16 1.137568e-16
    outer loop
      vertex   -5.000000e-01 1.000000e+02 -2.300000e+01
      vertex   -5.000000e-01 1.062646e+02 -1.850300e+01
      vertex   -5.000000e-01 1.066520e+02 -1.919052e+01
    endloop
  endfacet
  facet normal -1.000000e+00 2.030323e-16 1.117723e-16
    outer loop
      vertex   -5.000000e-01 1.066520e+02 -1.919052e+01
      vertex   -5.000000e-01 1.068168e+02 -1.948988e+01
      vertex   -5.000000e-01 1.000000e+02 -2.300000e+01
    endloop
  endfacet
  facet normal -1.000000e+00 1.195875e-16 2.738248e-16
    outer loop
      vertex   -5.000000e-01 1.000000e+02 -2.300000e+01
      vertex   -5.000000e-01 1.068168e+02 -1.948988e+01
      vertex   -5.000000e-01 1.069594e+02 -1.975489e+01
    endloop
  endfacet
  facet normal -1.000000e+00 2.407877e-16 1.390276e-17
    outer loop
      vertex   -5.000000e-01 1.000000e+02 -2.300000e+01
      vertex   -5.000000e-01 1.069594e+02 -1.975489e+01
      vertex   -5.000000e-01 1.072185e+02 -2.025090e+01
    endloop
  endfacet
  facet normal -1.000000e+00 2.071087e-16 1.023364e-16
    outer loop
      vertex   -5.000000e-01 1.072185e+02 -2.025090e+01
      vertex   -5.000000e-01 1.076740e+02 -2.117262e+01
      vertex   -5.000000e-01 1.000000e+02 -2.300000e+01
    endloop
  endfacet
  facet normal -1.000000e+00 2.087811e-16 9.531293e-17
    outer loop
      vertex   -5.000000e-01 1.000000e+02 -2.300000e+01
      vertex   -5.000000e-01 1.076740e+02 -2.117262e+01
      vertex   -5.000000e-01 1.080567e+02 -2.201092e+01
    endloop
  endfacet
  facet normal -1.000000e+00 2.106712e-16 7.991764e-17
    outer loop
      vertex   -5.000000e-01 1.000000e+02 -2.300000e+01
      vertex   -5.000000e-01 1.080567e+02 -2.201092e+01
      vertex   -5.000000e-01 1.034900e+02 -3.220000e+01
    endloop
  endfacet
  facet normal -1.000000e+00 2.004760e-16 8.448707e-17
    outer loop
      vertex   -5.000000e-01 1.034900e+02 -3.220000e+01
      vertex   -5.000000e-01 1.080567e+02 -2.201092e+01
      vertex   -5.000000e-01 1.083800e+02 -2.277814e+01
    endloop
  endfacet
  facet normal -1.000000e+00 2.070789e-16 8.106008e-17
    outer loop
      vertex   -5.000000e-01 1.034900e+02 -3.220000e+01
      vertex   -5.000000e-01 1.083800e+02 -2.277814e+01
      vertex   -5.000000e-01 1.086574e+02 -2.348666e+01
    endloop
  endfacet
  facet normal -1.000000e+00 2.117792e-16 7.827259e-17
    outer loop
      vertex   -5.000000e-01 1.086574e+02 -2.348666e+01
      vertex   -5.000000e-01 1.089021e+02 -2.414881e+01
      vertex   -5.000000e-01 1.034900e+02 -3.220000e+01
    endloop
  endfacet
  facet normal -1.000000e+00 2.139609e-16 7.680609e-17
    outer loop
      vertex   -5.000000e-01 1.034900e+02 -3.220000e+01
      vertex   -5.000000e-01 1.089021e+02 -2.414881e+01
      vertex   -5.000000e-01 1.091275e+02 -2.477674e+01
    endloop
  endfacet
  facet normal -1.000000e+00 2.136684e-16 7.702819e-17
    outer loop
      vertex   -5.000000e-01 1.034900e+02 -3.220000e+01
      vertex   -5.000000e-01 1.091275e+02 -2.477674e+01
      vertex   -5.000000e-01 1.093308e+02 -2.534055e+01
    endloop
  endfacet
  facet normal -1.000000e+00 0.000000e+00 2.589648e-16
    outer loop
      vertex   -5.000000e-01 1.034900e+02 -3.220000e+01
      vertex   -5.000000e-01 1.093308e+02 -2.534055e+01
      vertex   -5.000000e-01 1.084900e+02 -3.220000e+01
    endloop
  endfacet
  facet normal -1.000000e+00 5.241709e-16 1.947175e-16
    outer loop
      vertex   -5.000000e-01 1.084900e+02 -3.220000e+01
      vertex   -5.000000e-01 1.093308e+02 -2.534055e+01
      vertex   -5.000000e-01 1.095147e+02 -2.583562e+01
    endloop
  endfacet
  facet normal -1.000000e+00 4.920004e-16 1.998970e-16
    outer loop
      vertex   -5.000000e-01 1.084900e+02 -3.220000e+01
      vertex   -5.000000e-01 1.095147e+02 -2.583562e+01
      vertex   -5.000000e-01 1.098873e+02 -2.675280e+01
    endloop
  endfacet
  facet normal -1.000000e+00 4.612421e-16 2.077870e-16
    outer loop
      vertex   -5.000000e-01 1.098873e+02 -2.675280e+01
      vertex   -5.000000e-01 1.101075e+02 -2.724155e+01
      vertex   -5.000000e-01 1.084900e+02 -3.220000e+01
    endloop
  endfacet
  facet normal -1.000000e+00 4.462271e-16 2.126851e-16
    outer loop
      vertex   -5.000000e-01 1.084900e+02 -3.220000e+01
      vertex   -5.000000e-01 1.101075e+02 -2.724155e+01
      vertex   -5.000000e-01 1.103712e+02 -2.779483e+01
    endloop
  endfacet
  facet normal -1.000000e+00 4.368825e-16 2.166756e-16
    outer loop
      vertex   -5.000000e-01 1.084900e+02 -3.220000e+01
      vertex   -5.000000e-01 1.103712e+02 -2.779483e+01
      vertex   -5.000000e-01 1.106918e+02 -2.844119e+01
    endloop
  endfacet
  facet normal -1.000000e+00 4.329414e-16 2.189842e-16
    outer loop
      vertex   -5.000000e-01 1.106918e+02 -2.844119e+01
      vertex   -5.000000e-01 1.110326e+02 -2.911507e+01
      vertex   -5.000000e-01 1.084900e+02 -3.220000e+01
    endloop
  endfacet
  facet normal -1.000000e+00 4.347403e-16 2.175015e-16
    outer loop
      vertex   -5.000000e-01 1.084900e+02 -3.220000e+01
      vertex   -5.000000e-01 1.110326e+02 -2.911507e+01
      vertex   -5.000000e-01 1.113782e+02 -2.980577e+01
    endloop
  endfacet
  facet normal -1.000000e+00 5.295465e-16 1.031363e-16
    outer loop
      vertex   -5.000000e-01 1.084900e+02 -3.220000e+01
      vertex   -5.000000e-01 1.113782e+02 -2.980577e+01
      vertex   -5.000000e-01 1.117309e+02 -3.054040e+01
    endloop
  endfacet
  facet normal -1.000000e+00 4.140350e-16 3.287101e-16
    outer loop
      vertex   -5.000000e-01 1.117309e+02 -3.054040e+01
      vertex   -5.000000e-01 1.120834e+02 -3.132215e+01
      vertex   -5.000000e-01 1.084900e+02 -3.220000e+01
    endloop
  endfacet
  facet normal -1.000000e+00 4.473907e-16 1.921718e-16
    outer loop
      vertex   -5.000000e-01 1.084900e+02 -3.220000e+01
      vertex   -5.000000e-01 1.120834e+02 -3.132215e+01
      vertex   -5.000000e-01 1.123939e+02 -3.204502e+01
    endloop
  endfacet
  facet normal -1.000000e+00 4.550197e-16 0.000000e+00
    outer loop
      vertex   -5.000000e-01 1.084900e+02 -3.220000e+01
      vertex   -5.000000e-01 1.123939e+02 -3.204502e+01
      vertex   -5.000000e-01 1.084900e+02 -3.720000e+01
    endloop
  endfacet
  facet normal -1.000000e+00 2.520865e-16 1.536831e-16
    outer loop
      vertex   -5.000000e-01 1.084900e+02 -3.720000e+01
      vertex   -5.000000e-01 1.123939e+02 -3.204502e+01
      vertex   -5.000000e-01 1.129973e+02 -3.339593e+01
    endloop
  endfacet
  facet normal -1.000000e+00 3.124141e-16 8.220337e-17
    outer loop
      vertex   -5.000000e-01 1.084900e+02 -3.720000e+01
      vertex   -5.000000e-01 1.129973e+02 -3.339593e+01
      vertex   -5.000000e-01 1.133597e+02 -3.409806e+01
    endloop
  endfacet
  facet normal -1.000000e+00 1.986170e-16 2.608524e-16
    outer loop
      vertex   -5.000000e-01 1.133597e+02 -3.409806e+01
      vertex   -5.000000e-01 1.135713e+02 -3.447199e+01
      vertex   -5.000000e-01 1.084900e+02 -3.720000e+01
    endloop
  endfacet
  facet normal -1.000000e+00 5.966298e-16 -4.805071e-16
    outer loop
      vertex   -5.000000e-01 1.084900e+02 -3.720000e+01
      vertex   -5.000000e-01 1.135713e+02 -3.447199e+01
      vertex   -5.000000e-01 1.136105e+02 -3.453887e+01
    endloop
  endfacet
  facet normal -1.000000e+00 5.254152e-17 5.664187e-16
    outer loop
      vertex   -5.000000e-01 1.084900e+02 -3.720000e+01
      vertex   -5.000000e-01 1.136105e+02 -3.453887e+01
      vertex   -5.000000e-01 1.136724e+02 -3.464261e+01
    endloop
  endfacet
  facet normal -1.000000e+00 -4.485540e-16 1.581853e-15
    outer loop
      vertex   -5.000000e-01 1.136724e+02 -3.464261e+01
      vertex   -5.000000e-01 1.138008e+02 -3.485184e+01
      vertex   -5.000000e-01 1.084900e+02 -3.720000e+01
    endloop
  endfacet
  facet normal -1.000000e+00 -1.935954e-16 1.005217e-15
    outer loop
      vertex   -5.000000e-01 1.084900e+02 -3.720000e+01
      vertex   -5.000000e-01 1.138008e+02 -3.485184e+01
      vertex   -5.000000e-01 1.139882e+02 -3.514709e+01
    endloop
  endfacet
  facet normal -1.000000e+00 -1.567917e-16 9.066487e-16
    outer loop
      vertex   -5.000000e-01 1.084900e+02 -3.720000e+01
      vertex   -5.000000e-01 1.139882e+02 -3.514709e+01
      vertex   -5.000000e-01 1.142407e+02 -3.553200e+01
    endloop
  endfacet
  facet normal -1.000000e+00 -2.582785e-17 4.551275e-16
    outer loop
      vertex   -5.000000e-01 1.142407e+02 -3.553200e+01
      vertex   -5.000000e-01 1.145593e+02 -3.600180e+01
      vertex   -5.000000e-01 1.084900e+02 -3.720000e+01
    endloop
  endfacet
  facet normal -1.000000e+00 -2.992284e-17 4.758701e-16
    outer loop
      vertex   -5.000000e-01 1.084900e+02 -3.720000e+01
      vertex   -5.000000e-01 1.145593e+02 -3.600180e+01
      vertex   -5.000000e-01 1.149508e+02 -3.656044e+01
    endloop
  endfacet
  facet normal -1.000000e+00 -7.239268e-23 1.735923e-16
    outer loop
      vertex   -5.000000e-01 1.084900e+02 -3.720000e+01
      vertex   -5.000000e-01 1.149508e+02 -3.656044e+01
      vertex   -5.000000e-01 1.154135e+02 -3.720000e+01
    endloop
  endfacet
  facet normal -1.000000e+00 0.000000e+00 0.000000e+00
    outer loop
      vertex   -5.000000e-01 1.034900e+02 -3.720000e+01
      vertex   -5.000000e-01 9.630000e+01 -3.720000e+01
      vertex   -5.000000e-01 1.034900e+02 -3.220000e+01
    endloop
  endfacet
  facet normal -1.000000e+00 -0.000000e+00 0.000000e+00
    outer loop
      vertex   -5.000000e-01 1.034900e+02 -3.220000e+01
      vertex   -5.000000e-01 9.630000e+01 -3.720000e+01
      vertex   -5.000000e-01 1.000000e+02 -2.300000e+01
    endloop
  endfacet
  facet normal -1.000000e+00 1.257102e-10 0.000000e+00
    outer loop
      vertex   -5.000000e-01 9.630000e+01 -3.720000e+01
      vertex   -5.000000e-01 9.630000e+01 -4.970000e+01
      vertex   -5.000000e-01 9.530000e+01 -4.970000e+01
    endloop
  endfacet
  facet normal -1.000000e+00 -1.789572e-24 -9.669984e-11
    outer loop
      vertex   -5.000000e-01 9.530000e+01 -4.970000e+01
      vertex   -5.000000e-01 9.530000e+01 -5.100000e+01
      vertex   -5.000000e-01 9.300000e+01 -5.100000e+01
    endloop
  endfacet
  facet normal -1.000000e+00 0.000000e+00 -0.000000e+00
    outer loop
      vertex   -5.000000e-01 1.517235e+02 -8.304334e+01
      vertex   -5.000000e-01 1.517261e+02 -8.355625e+01
      vertex   -5.000000e-01 1.480000e+02 -8.700000e+01
    endloop
  endfacet
  facet normal -1.000000e+00 0.000000e+00 0.000000e+00
    outer loop
      vertex   -5.000000e-01 1.480000e+02 -8.700000e+01
      vertex   -5.000000e-01 1.517261e+02 -8.355625e+01
      vertex   -5.000000e-01 1.517094e+02 -8.409906e+01
    endloop
  endfacet
  facet normal -1.000000e+00 0.000000e+00 0.000000e+00
    outer loop
      vertex   -5.000000e-01 1.480000e+02 -8.700000e+01
      vertex   -5.000000e-01 1.517094e+02 -8.409906e+01
      vertex   -5.000000e-01 1.516727e+02 -8.469378e+01
    endloop
  endfacet
  facet normal -1.000000e+00 0.000000e+00 0.000000e+00
    outer loop
      vertex   -5.000000e-01 1.516727e+02 -8.469378e+01
      vertex   -5.000000e-01 1.516189e+02 -8.535369e+01
      vertex   -5.000000e-01 1.480000e+02 -8.700000e+01
    endloop
  endfacet
  facet normal -1.000000e+00 0.000000e+00 0.000000e+00
    outer loop
      vertex   -5.000000e-01 1.480000e+02 -8.700000e+01
      vertex   -5.000000e-01 1.516189e+02 -8.535369e+01
      vertex   -5.000000e-01 1.515554e+02 -8.602950e+01
    endloop
  endfacet
  facet normal -1.000000e+00 0.000000e+00 0.000000e+00
    outer loop
      vertex   -5.000000e-01 1.480000e+02 -8.700000e+01
      vertex   -5.000000e-01 1.515554e+02 -8.602950e+01
      vertex   -5.000000e-01 1.514902e+02 -8.666779e+01
    endloop
  endfacet
  facet normal -1.000000e+00 0.000000e+00 0.000000e+00
    outer loop
      vertex   -5.000000e-01 1.514902e+02 -8.666779e+01
      vertex   -5.000000e-01 1.514311e+02 -8.721514e+01
      vertex   -5.000000e-01 1.480000e+02 -8.700000e+01
    endloop
  endfacet
  facet normal -1.000000e+00 0.000000e+00 0.000000e+00
    outer loop
      vertex   -5.000000e-01 1.480000e+02 -8.700000e+01
      vertex   -5.000000e-01 1.514311e+02 -8.721514e+01
      vertex   -5.000000e-01 1.514063e+02 -8.743802e+01
    endloop
  endfacet
  facet normal -1.000000e+00 0.000000e+00 0.000000e+00
    outer loop
      vertex   -5.000000e-01 1.480000e+02 -8.700000e+01
      vertex   -5.000000e-01 1.514063e+02 -8.743802e+01
      vertex   -5.000000e-01 1.513859e+02 -8.761813e+01
    endloop
  endfacet
  facet normal -1.000000e+00 -0.000000e+00 0.000000e+00
    outer loop
      vertex   -5.000000e-01 1.513859e+02 -8.761813e+01
      vertex   -5.000000e-01 1.513710e+02 -8.774879e+01
      vertex   -5.000000e-01 1.480000e+02 -8.700000e+01
    endloop
  endfacet
  facet normal -1.000000e+00 0.000000e+00 0.000000e+00
    outer loop
      vertex   -5.000000e-01 1.480000e+02 -8.700000e+01
      vertex   -5.000000e-01 1.513710e+02 -8.774879e+01
      vertex   -5.000000e-01 1.513619e+02 -8.782791e+01
    endloop
  endfacet
  facet normal -1.000000e+00 0.000000e+00 0.000000e+00
    outer loop
      vertex   -5.000000e-01 1.480000e+02 -8.700000e+01
      vertex   -5.000000e-01 1.513619e+02 -8.782791e+01
      vertex   -5.000000e-01 1.513461e+02 -8.796277e+01
    endloop
  endfacet
  facet normal -1.000000e+00 -0.000000e+00 0.000000e+00
    outer loop
      vertex   -5.000000e-01 1.513461e+02 -8.796277e+01
      vertex   -5.000000e-01 1.512796e+02 -8.848072e+01
      vertex   -5.000000e-01 1.480000e+02 -8.700000e+01
    endloop
  endfacet
  facet normal -1.000000e+00 0.000000e+00 0.000000e+00
    outer loop
      vertex   -5.000000e-01 1.480000e+02 -8.700000e+01
      vertex   -5.000000e-01 1.512796e+02 -8.848072e+01
      vertex   -5.000000e-01 1.512078e+02 -8.896670e+01
    endloop
  endfacet
  facet normal -1.000000e+00 0.000000e+00 0.000000e+00
    outer loop
      vertex   -5.000000e-01 1.480000e+02 -8.700000e+01
      vertex   -5.000000e-01 1.512078e+02 -8.896670e+01
      vertex   -5.000000e-01 1.510481e+02 -8.985547e+01
    endloop
  endfacet
  facet normal -1.000000e+00 -0.000000e+00 0.000000e+00
    outer loop
      vertex   -5.000000e-01 1.510481e+02 -8.985547e+01
      vertex   -5.000000e-01 1.508672e+02 -9.065444e+01
      vertex   -5.000000e-01 1.480000e+02 -8.700000e+01
    endloop
  endfacet
  facet normal -1.000000e+00 0.000000e+00 0.000000e+00
    outer loop
      vertex   -5.000000e-01 1.480000e+02 -8.700000e+01
      vertex   -5.000000e-01 1.508672e+02 -9.065444e+01
      vertex   -5.000000e-01 1.506650e+02 -9.138896e+01
    endloop
  endfacet
  facet normal -1.000000e+00 0.000000e+00 0.000000e+00
    outer loop
      vertex   -5.000000e-01 1.480000e+02 -8.700000e+01
      vertex   -5.000000e-01 1.506650e+02 -9.138896e+01
      vertex   -5.000000e-01 1.501966e+02 -9.276597e+01
    endloop
  endfacet
  facet normal -1.000000e+00 -4.885348e-15 -1.861157e-15
    outer loop
      vertex   -5.000000e-01 1.501966e+02 -9.276597e+01
      vertex   -5.000000e-01 1.500209e+02 -9.322938e+01
      vertex   -5.000000e-01 1.480000e+02 -8.700000e+01
    endloop
  endfacet
  facet normal -1.000000e+00 -2.842145e-16 -3.684520e-16
    outer loop
      vertex   -5.000000e-01 1.480000e+02 -8.700000e+01
      vertex   -5.000000e-01 1.500209e+02 -9.322938e+01
      vertex   -5.000000e-01 1.499761e+02 -9.334542e+01
    endloop
  endfacet
  facet normal -1.000000e+00 9.315851e-16 1.016614e-17
    outer loop
      vertex   -5.000000e-01 1.480000e+02 -8.700000e+01
      vertex   -5.000000e-01 1.499761e+02 -9.334542e+01
      vertex   -5.000000e-01 1.499181e+02 -9.349601e+01
    endloop
  endfacet
  facet normal -1.000000e+00 -2.484397e-17 -2.722439e-16
    outer loop
      vertex   -5.000000e-01 1.499181e+02 -9.349601e+01
      vertex   -5.000000e-01 1.498426e+02 -9.369302e+01
      vertex   -5.000000e-01 1.480000e+02 -8.700000e+01
    endloop
  endfacet
  facet normal -1.000000e+00 7.586385e-16 -5.655123e-17
    outer loop
      vertex   -5.000000e-01 1.480000e+02 -8.700000e+01
      vertex   -5.000000e-01 1.498426e+02 -9.369302e+01
      vertex   -5.000000e-01 1.497518e+02 -9.392982e+01
    endloop
  endfacet
  facet normal -1.000000e+00 2.354837e-16 -1.887977e-16
    outer loop
      vertex   -5.000000e-01 1.480000e+02 -8.700000e+01
      vertex   -5.000000e-01 1.497518e+02 -9.392982e+01
      vertex   -5.000000e-01 1.495333e+02 -9.449628e+01
    endloop
  endfacet
  facet normal -1.000000e+00 3.982762e-16 -1.554990e-16
    outer loop
      vertex   -5.000000e-01 1.495333e+02 -9.449628e+01
      vertex   -5.000000e-01 1.492811e+02 -9.514238e+01
      vertex   -5.000000e-01 1.480000e+02 -8.700000e+01
    endloop
  endfacet
  facet normal -1.000000e+00 3.555857e-15 -1.429980e-15
    outer loop
      vertex   -5.000000e-01 1.485038e+02 -9.702837e+01
      vertex   -5.000000e-01 1.482853e+02 -9.749399e+01
      vertex   -5.000000e-01 1.480000e+02 -9.700000e+01
    endloop
  endfacet
  facet normal -1.000000e+00 3.635507e-15 -1.383981e-15
    outer loop
      vertex   -5.000000e-01 1.480000e+02 -9.700000e+01
      vertex   -5.000000e-01 1.482853e+02 -9.749399e+01
      vertex   -5.000000e-01 1.480366e+02 -9.798674e+01
    endloop
  endfacet
  facet normal -1.000000e+00 3.814277e-15 -1.377344e-15
    outer loop
      vertex   -5.000000e-01 1.480000e+02 -9.700000e+01
      vertex   -5.000000e-01 1.480366e+02 -9.798674e+01
      vertex   -5.000000e-01 1.477596e+02 -9.851200e+01
    endloop
  endfacet
  facet normal -1.000000e+00 3.967389e-15 -1.401684e-15
    outer loop
      vertex   -5.000000e-01 1.477596e+02 -9.851200e+01
      vertex   -5.000000e-01 1.471702e+02 -9.958641e+01
      vertex   -5.000000e-01 1.480000e+02 -9.700000e+01
    endloop
  endfacet
  facet normal -1.000000e+00 1.270549e-16 -1.361514e-16
    outer loop
      vertex   -5.000000e-01 1.273486e+02 -1.139225e+02
      vertex   -5.000000e-01 1.262883e+02 -1.140965e+02
      vertex   -5.000000e-01 1.210000e+02 -1.068000e+02
    endloop
  endfacet
  facet normal -1.000000e+00 -6.514734e-17 -2.754562e-16
    outer loop
      vertex   -5.000000e-01 1.210000e+02 -1.068000e+02
      vertex   -5.000000e-01 1.262883e+02 -1.140965e+02
      vertex   -5.000000e-01 1.251747e+02 -1.142361e+02
    endloop
  endfacet
  facet normal -1.000000e+00 1.962490e-17 -2.278647e-16
    outer loop
      vertex   -5.000000e-01 1.210000e+02 -1.068000e+02
      vertex   -5.000000e-01 1.251747e+02 -1.142361e+02
      vertex   -5.000000e-01 1.240086e+02 -1.143365e+02
    endloop
  endfacet
  facet normal -1.000000e+00 -7.705605e-17 -2.664593e-16
    outer loop
      vertex   -5.000000e-01 1.240086e+02 -1.143365e+02
      vertex   -5.000000e-01 1.227763e+02 -1.143968e+02
      vertex   -5.000000e-01 1.210000e+02 -1.068000e+02
    endloop
  endfacet
  facet normal -1.000000e+00 9.012413e-17 -2.273700e-16
    outer loop
      vertex   -5.000000e-01 1.210000e+02 -1.068000e+02
      vertex   -5.000000e-01 1.227763e+02 -1.143968e+02
      vertex   -5.000000e-01 1.214818e+02 -1.144216e+02
    endloop
  endfacet
  facet normal -1.000000e+00 -4.285601e-17 -2.357766e-16
    outer loop
      vertex   -5.000000e-01 1.210000e+02 -1.068000e+02
      vertex   -5.000000e-01 1.214818e+02 -1.144216e+02
      vertex   -5.000000e-01 1.201491e+02 -1.144148e+02
    endloop
  endfacet
  facet normal -1.000000e+00 1.231045e-17 -2.419411e-16
    outer loop
      vertex   -5.000000e-01 1.201491e+02 -1.144148e+02
      vertex   -5.000000e-01 1.174643e+02 -1.143220e+02
      vertex   -5.000000e-01 1.210000e+02 -1.068000e+02
    endloop
  endfacet
  facet normal -1.000000e+00 -1.377649e-17 -2.296789e-16
    outer loop
      vertex   -5.000000e-01 1.210000e+02 -1.068000e+02
      vertex   -5.000000e-01 1.174643e+02 -1.143220e+02
      vertex   -5.000000e-01 1.161599e+02 -1.142438e+02
    endloop
  endfacet
  facet normal -1.000000e+00 -1.719080e-17 -2.274588e-16
    outer loop
      vertex   -5.000000e-01 1.210000e+02 -1.068000e+02
      vertex   -5.000000e-01 1.161599e+02 -1.142438e+02
      vertex   -5.000000e-01 1.149127e+02 -1.141495e+02
    endloop
  endfacet
  facet normal -1.000000e+00 -2.050079e-17 -2.247173e-16
    outer loop
      vertex   -5.000000e-01 1.149127e+02 -1.141495e+02
      vertex   -5.000000e-01 1.137466e+02 -1.140431e+02
      vertex   -5.000000e-01 1.210000e+02 -1.068000e+02
    endloop
  endfacet
  facet normal -1.000000e+00 -2.390267e-17 -2.213106e-16
    outer loop
      vertex   -5.000000e-01 1.210000e+02 -1.068000e+02
      vertex   -5.000000e-01 1.137466e+02 -1.140431e+02
      vertex   -5.000000e-01 1.126855e+02 -1.139285e+02
    endloop
  endfacet
  facet normal -1.000000e+00 -2.667470e-17 -2.180774e-16
    outer loop
      vertex   -5.000000e-01 1.210000e+02 -1.068000e+02
      vertex   -5.000000e-01 1.126855e+02 -1.139285e+02
      vertex   -5.000000e-01 1.122017e+02 -1.138693e+02
    endloop
  endfacet
  facet normal -1.000000e+00 -2.871793e-17 -2.155344e-16
    outer loop
      vertex   -5.000000e-01 1.122017e+02 -1.138693e+02
      vertex   -5.000000e-01 1.117531e+02 -1.138096e+02
      vertex   -5.000000e-01 1.210000e+02 -1.068000e+02
    endloop
  endfacet
  facet normal -1.000000e+00 -8.244364e-17 -1.446602e-16
    outer loop
      vertex   -5.000000e-01 1.210000e+02 -1.068000e+02
      vertex   -5.000000e-01 1.117531e+02 -1.138096e+02
      vertex   -5.000000e-01 1.108418e+02 -1.136740e+02
    endloop
  endfacet
  facet normal -1.000000e+00 -3.472575e-17 -2.151762e-16
    outer loop
      vertex   -5.000000e-01 1.210000e+02 -1.068000e+02
      vertex   -5.000000e-01 1.108418e+02 -1.136740e+02
      vertex   -5.000000e-01 1.098773e+02 -1.135183e+02
    endloop
  endfacet
  facet normal -1.000000e+00 1.149137e-17 -2.916920e-16
    outer loop
      vertex   -5.000000e-01 1.098773e+02 -1.135183e+02
      vertex   -5.000000e-01 1.089649e+02 -1.133640e+02
      vertex   -5.000000e-01 1.210000e+02 -1.068000e+02
    endloop
  endfacet
  facet normal -1.000000e+00 -3.560747e-17 -2.053356e-16
    outer loop
      vertex   -5.000000e-01 1.210000e+02 -1.068000e+02
      vertex   -5.000000e-01 1.089649e+02 -1.133640e+02
      vertex   -5.000000e-01 1.085611e+02 -1.132940e+02
    endloop
  endfacet
  facet normal -1.000000e+00 -3.594650e-17 -2.046862e-16
    outer loop
      vertex   -5.000000e-01 1.210000e+02 -1.068000e+02
      vertex   -5.000000e-01 1.085611e+02 -1.132940e+02
      vertex   -5.000000e-01 1.082100e+02 -1.132323e+02
    endloop
  endfacet
  facet normal -1.000000e+00 1.075651e-16 -4.900448e-16
    outer loop
      vertex   -5.000000e-01 1.082100e+02 -1.132323e+02
      vertex   -5.000000e-01 1.079247e+02 -1.131816e+02
      vertex   -5.000000e-01 1.210000e+02 -1.068000e+02
    endloop
  endfacet
  facet normal -1.000000e+00 -2.321216e-16 2.059372e-16
    outer loop
      vertex   -5.000000e-01 1.210000e+02 -1.068000e+02
      vertex   -5.000000e-01 1.079247e+02 -1.131816e+02
      vertex   -5.000000e-01 1.077183e+02 -1.131447e+02
    endloop
  endfacet
  facet normal -1.000000e+00 -3.664182e-17 -2.032708e-16
    outer loop
      vertex   -5.000000e-01 1.210000e+02 -1.068000e+02
      vertex   -5.000000e-01 1.077183e+02 -1.131447e+02
      vertex   -5.000000e-01 1.076041e+02 -1.131241e+02
    endloop
  endfacet
  facet normal -1.000000e+00 8.352435e-16 -2.050118e-15
    outer loop
      vertex   -5.000000e-01 1.076041e+02 -1.131241e+02
      vertex   -5.000000e-01 1.075581e+02 -1.131158e+02
      vertex   -5.000000e-01 1.210000e+02 -1.068000e+02
    endloop
  endfacet
  facet normal -1.000000e+00 4.227517e-16 -1.172211e-15
    outer loop
      vertex   -5.000000e-01 1.210000e+02 -1.068000e+02
      vertex   -5.000000e-01 1.075581e+02 -1.131158e+02
      vertex   -5.000000e-01 1.074709e+02 -1.130999e+02
    endloop
  endfacet
  facet normal -1.000000e+00 2.031399e-16 -7.005907e-16
    outer loop
      vertex   -5.000000e-01 1.210000e+02 -1.068000e+02
      vertex   -5.000000e-01 1.074709e+02 -1.130999e+02
      vertex   -5.000000e-01 1.071396e+02 -1.130375e+02
    endloop
  endfacet
  facet normal -1.000000e+00 1.064595e-15 -2.614844e-15
    outer loop
      vertex   -5.000000e-01 1.071396e+02 -1.130375e+02
      vertex   -5.000000e-01 1.065487e+02 -1.129171e+02
      vertex   -5.000000e-01 1.210000e+02 -1.068000e+02
    endloop
  endfacet
  facet normal -1.000000e+00 6.815435e-16 -1.709915e-15
    outer loop
      vertex   -5.000000e-01 1.210000e+02 -1.068000e+02
      vertex   -5.000000e-01 1.065487e+02 -1.129171e+02
      vertex   -5.000000e-01 1.060285e+02 -1.127998e+02
    endloop
  endfacet
  facet normal -1.000000e+00 1.746192e-17 -5.282505e-17
    outer loop
      vertex   -5.000000e-01 1.210000e+02 -1.068000e+02
      vertex   -5.000000e-01 1.060285e+02 -1.127998e+02
      vertex   -5.000000e-01 1.042500e+02 -1.123369e+02
    endloop
  endfacet
  facet normal -1.000000e+00 0.000000e+00 0.000000e+00
    outer loop
      vertex   -5.000000e-01 1.042500e+02 -1.123369e+02
      vertex   -5.000000e-01 1.033179e+02 -1.120839e+02
      vertex   -5.000000e-01 1.210000e+02 -1.068000e+02
    endloop
  endfacet
  facet normal -1.000000e+00 0.000000e+00 0.000000e+00
    outer loop
      vertex   -5.000000e-01 1.023666e+02 -1.118350e+02
      vertex   -5.000000e-01 1.015725e+02 -1.116280e+02
      vertex   -5.000000e-01 9.420000e+01 -1.068000e+02
    endloop
  endfacet
  facet normal -1.000000e+00 2.591530e-16 3.957338e-16
    outer loop
      vertex   -5.000000e-01 9.420000e+01 -1.068000e+02
      vertex   -5.000000e-01 1.015725e+02 -1.116280e+02
      vertex   -5.000000e-01 1.008284e+02 -1.114213e+02
    endloop
  endfacet
  facet normal -1.000000e+00 -4.858529e-16 -6.728465e-16
    outer loop
      vertex   -5.000000e-01 9.420000e+01 -1.068000e+02
      vertex   -5.000000e-01 1.008284e+02 -1.114213e+02
      vertex   -5.000000e-01 1.004372e+02 -1.113038e+02
    endloop
  endfacet
  facet normal -1.000000e+00 0.000000e+00 0.000000e+00
    outer loop
      vertex   -5.000000e-01 1.004372e+02 -1.113038e+02
      vertex   -5.000000e-01 1.000130e+02 -1.111693e+02
      vertex   -5.000000e-01 9.420000e+01 -1.068000e+02
    endloop
  endfacet
  facet normal -1.000000e+00 0.000000e+00 0.000000e+00
    outer loop
      vertex   -5.000000e-01 9.420000e+01 -1.068000e+02
      vertex   -5.000000e-01 1.000130e+02 -1.111693e+02
      vertex   -5.000000e-01 9.908529e+01 -1.108634e+02
    endloop
  endfacet
  facet normal -1.000000e+00 -1.993267e-16 -2.396414e-16
    outer loop
      vertex   -5.000000e-01 9.420000e+01 -1.068000e+02
      vertex   -5.000000e-01 9.908529e+01 -1.108634e+02
      vertex   -5.000000e-01 9.817591e+01 -1.105703e+02
    endloop
  endfacet
  facet normal -1.000000e+00 3.635226e-16 3.538978e-16
    outer loop
      vertex   -5.000000e-01 9.817591e+01 -1.105703e+02
      vertex   -5.000000e-01 9.773550e+01 -1.104317e+02
      vertex   -5.000000e-01 9.420000e+01 -1.068000e+02
    endloop
  endfacet
  facet normal -1.000000e+00 0.000000e+00 0.000000e+00
    outer loop
      vertex   -5.000000e-01 9.420000e+01 -1.068000e+02
      vertex   -5.000000e-01 9.773550e+01 -1.104317e+02
      vertex   -5.000000e-01 9.733054e+01 -1.102985e+02
    endloop
  endfacet
  facet normal -1.000000e+00 0.000000e+00 0.000000e+00
    outer loop
      vertex   -5.000000e-01 9.420000e+01 -1.068000e+02
      vertex   -5.000000e-01 9.733054e+01 -1.102985e+02
      vertex   -5.000000e-01 9.656494e+01 -1.100012e+02
    endloop
  endfacet
  facet normal -1.000000e+00 0.000000e+00 0.000000e+00
    outer loop
      vertex   -5.000000e-01 9.656494e+01 -1.100012e+02
      vertex   -5.000000e-01 9.582315e+01 -1.096453e+02
      vertex   -5.000000e-01 9.420000e+01 -1.068000e+02
    endloop
  endfacet
  facet normal -1.000000e+00 0.000000e+00 0.000000e+00
    outer loop
      vertex   -5.000000e-01 9.420000e+01 -1.068000e+02
      vertex   -5.000000e-01 9.582315e+01 -1.096453e+02
      vertex   -5.000000e-01 9.422106e+01 -1.071494e+02
    endloop
  endfacet
  facet normal -1.000000e+00 0.000000e+00 0.000000e+00
    outer loop
      vertex   -5.000000e-01 9.422106e+01 -1.071494e+02
      vertex   -5.000000e-01 9.582315e+01 -1.096453e+02
      vertex   -5.000000e-01 9.423743e+01 -1.074414e+02
    endloop
  endfacet
  facet normal -1.000000e+00 -2.185682e-16 -1.572597e-16
    outer loop
      vertex   -5.000000e-01 9.423743e+01 -1.074414e+02
      vertex   -5.000000e-01 9.582315e+01 -1.096453e+02
      vertex   -5.000000e-01 9.508837e+01 -1.093301e+02
    endloop
  endfacet
  facet normal -1.000000e+00 1.295059e-15 5.247078e-16
    outer loop
      vertex   -5.000000e-01 9.423743e+01 -1.074414e+02
      vertex   -5.000000e-01 9.508837e+01 -1.093301e+02
      vertex   -5.000000e-01 9.425014e+01 -1.076844e+02
    endloop
  endfacet
  facet normal -1.000000e+00 -1.499056e-15 -8.984605e-16
    outer loop
      vertex   -5.000000e-01 9.425014e+01 -1.076844e+02
      vertex   -5.000000e-01 9.508837e+01 -1.093301e+02
      vertex   -5.000000e-01 9.426025e+01 -1.078866e+02
    endloop
  endfacet
  facet normal -1.000000e+00 4.115194e-16 1.976312e-16
    outer loop
      vertex   -5.000000e-01 9.426025e+01 -1.078866e+02
      vertex   -5.000000e-01 9.508837e+01 -1.093301e+02
      vertex   -5.000000e-01 9.427682e+01 -1.082020e+02
    endloop
  endfacet
  facet normal -1.000000e+00 1.525127e-16 1.130232e-17
    outer loop
      vertex   -5.000000e-01 9.427682e+01 -1.082020e+02
      vertex   -5.000000e-01 9.508837e+01 -1.093301e+02
      vertex   -5.000000e-01 9.429548e+01 -1.084538e+02
    endloop
  endfacet
  facet normal -1.000000e+00 3.776085e-16 2.149779e-16
    outer loop
      vertex   -5.000000e-01 9.429548e+01 -1.084538e+02
      vertex   -5.000000e-01 9.508837e+01 -1.093301e+02
      vertex   -5.000000e-01 9.473238e+01 -1.092212e+02
    endloop
  endfacet
  facet normal -1.000000e+00 0.000000e+00 0.000000e+00
    outer loop
      vertex   -5.000000e-01 9.429548e+01 -1.084538e+02
      vertex   -5.000000e-01 9.473238e+01 -1.092212e+02
      vertex   -5.000000e-01 9.432192e+01 -1.086719e+02
    endloop
  endfacet
  facet normal -1.000000e+00 0.000000e+00 0.000000e+00
    outer loop
      vertex   -5.000000e-01 9.432192e+01 -1.086719e+02
      vertex   -5.000000e-01 9.473238e+01 -1.092212e+02
      vertex   -5.000000e-01 9.459882e+01 -1.091680e+02
    endloop
  endfacet
  facet normal -1.000000e+00 0.000000e+00 0.000000e+00
    outer loop
      vertex   -5.000000e-01 9.432192e+01 -1.086719e+02
      vertex   -5.000000e-01 9.459882e+01 -1.091680e+02
      vertex   -5.000000e-01 9.436039e+01 -1.088503e+02
    endloop
  endfacet
  facet normal -1.000000e+00 0.000000e+00 0.000000e+00
    outer loop
      vertex   -5.000000e-01 9.436039e+01 -1.088503e+02
      vertex   -5.000000e-01 9.459882e+01 -1.091680e+02
      vertex   -5.000000e-01 9.454327e+01 -1.091348e+02
    endloop
  endfacet
  facet normal -1.000000e+00 0.000000e+00 0.000000e+00
    outer loop
      vertex   -5.000000e-01 9.436039e+01 -1.088503e+02
      vertex   -5.000000e-01 9.454327e+01 -1.091348e+02
      vertex   -5.000000e-01 9.449461e+01 -1.090949e+02
    endloop
  endfacet
  facet normal -1.000000e+00 0.000000e+00 0.000000e+00
    outer loop
      vertex   -5.000000e-01 9.449461e+01 -1.090949e+02
      vertex   -5.000000e-01 9.445236e+01 -1.090471e+02
      vertex   -5.000000e-01 9.436039e+01 -1.088503e+02
    endloop
  endfacet
  facet normal -1.000000e+00 0.000000e+00 0.000000e+00
    outer loop
      vertex   -5.000000e-01 9.436039e+01 -1.088503e+02
      vertex   -5.000000e-01 9.445236e+01 -1.090471e+02
      vertex   -5.000000e-01 9.441616e+01 -1.089905e+02
    endloop
  endfacet
  facet normal -1.000000e+00 1.226727e-17 -3.196404e-18
    outer loop
      vertex   -5.000000e-01 8.882135e+01 -3.116832e+01
      vertex   -5.000000e-01 1.000000e+02 -2.300000e+01
      vertex   -5.000000e-01 9.630000e+01 -3.720000e+01
    endloop
  endfacet
  facet normal 0.000000e+00 1.000000e+00 -0.000000e+00
    outer loop
      vertex   5.000000e-01 9.326119e+01 -6.530000e+01
      vertex   -5.000000e-01 9.326119e+01 -6.530000e+01
      vertex   5.000000e-01 9.326119e+01 -6.520000e+01
    endloop
  endfacet
  facet normal 0.000000e+00 1.000000e+00 0.000000e+00
    outer loop
      vertex   5.000000e-01 9.326119e+01 -6.520000e+01
      vertex   -5.000000e-01 9.326119e+01 -6.530000e+01
      vertex   -5.000000e-01 9.326119e+01 -6.520000e+01
    endloop
  endfacet
  facet normal 0.000000e+00 -2.616672e-11 -1.000000e+00
    outer loop
      vertex   -5.000000e-01 9.326119e+01 -6.520000e+01
      vertex   -5.000000e-01 1.210000e+02 -6.520000e+01
      vertex   5.000000e-01 9.326119e+01 -6.520000e+01
    endloop
  endfacet
  facet normal 0.000000e+00 -2.616672e-11 -1.000000e+00
    outer loop
      vertex   5.000000e-01 9.326119e+01 -6.520000e+01
      vertex   -5.000000e-01 1.210000e+02 -6.520000e+01
      vertex   5.000000e-01 1.210000e+02 -6.520000e+01
    endloop
  endfacet
  facet normal 1.000000e+00 -0.000000e+00 0.000000e+00
    outer loop
      vertex   5.000000e-01 9.420000e+01 -1.068000e+02
      vertex   5.000000e-01 1.033179e+02 -1.120839e+02
      vertex   5.000000e-01 1.210000e+02 -1.068000e+02
    endloop
  endfacet
  facet normal 1.000000e+00 0.000000e+00 0.000000e+00
    outer loop
      vertex   5.000000e-01 1.210000e+02 -1.068000e+02
      vertex   5.000000e-01 1.033179e+02 -1.120839e+02
      vertex   5.000000e-01 1.042500e+02 -1.123369e+02
    endloop
  endfacet
  facet normal 1.000000e+00 1.746192e-17 -5.282505e-17
    outer loop
      vertex   5.000000e-01 1.210000e+02 -1.068000e+02
      vertex   5.000000e-01 1.042500e+02 -1.123369e+02
      vertex   5.000000e-01 1.060285e+02 -1.127998e+02
    endloop
  endfacet
  facet normal 1.000000e+00 -0.000000e+00 -0.000000e+00
    outer loop
      vertex   5.000000e-01 9.422106e+01 -1.071494e+02
      vertex   5.000000e-01 9.582315e+01 -1.096453e+02
      vertex   5.000000e-01 9.420000e+01 -1.068000e+02
    endloop
  endfacet
  facet normal 1.000000e+00 0.000000e+00 0.000000e+00
    outer loop
      vertex   5.000000e-01 9.420000e+01 -1.068000e+02
      vertex   5.000000e-01 9.582315e+01 -1.096453e+02
      vertex   5.000000e-01 9.656494e+01 -1.100012e+02
    endloop
  endfacet
  facet normal 1.000000e+00 0.000000e+00 0.000000e+00
    outer loop
      vertex   5.000000e-01 9.420000e+01 -1.068000e+02
      vertex   5.000000e-01 9.656494e+01 -1.100012e+02
      vertex   5.000000e-01 9.733054e+01 -1.102985e+02
    endloop
  endfacet
  facet normal 1.000000e+00 0.000000e+00 0.000000e+00
    outer loop
      vertex   5.000000e-01 9.422106e+01 -1.071494e+02
      vertex   5.000000e-01 9.423743e+01 -1.074414e+02
      vertex   5.000000e-01 9.582315e+01 -1.096453e+02
    endloop
  endfacet
  facet normal 1.000000e+00 -2.185682e-16 -1.572597e-16
    outer loop
      vertex   5.000000e-01 9.582315e+01 -1.096453e+02
      vertex   5.000000e-01 9.423743e+01 -1.074414e+02
      vertex   5.000000e-01 9.508837e+01 -1.093301e+02
    endloop
  endfacet
  facet normal 1.000000e+00 1.295059e-15 5.247078e-16
    outer loop
      vertex   5.000000e-01 9.508837e+01 -1.093301e+02
      vertex   5.000000e-01 9.423743e+01 -1.074414e+02
      vertex   5.000000e-01 9.425014e+01 -1.076844e+02
    endloop
  endfacet
  facet normal 1.000000e+00 -1.499056e-15 -8.984605e-16
    outer loop
      vertex   5.000000e-01 9.508837e+01 -1.093301e+02
      vertex   5.000000e-01 9.425014e+01 -1.076844e+02
      vertex   5.000000e-01 9.426025e+01 -1.078866e+02
    endloop
  endfacet
  facet normal 1.000000e+00 4.115194e-16 1.976312e-16
    outer loop
      vertex   5.000000e-01 9.426025e+01 -1.078866e+02
      vertex   5.000000e-01 9.427682e+01 -1.082020e+02
      vertex   5.000000e-01 9.508837e+01 -1.093301e+02
    endloop
  endfacet
  facet normal 1.000000e+00 1.525127e-16 1.130232e-17
    outer loop
      vertex   5.000000e-01 9.508837e+01 -1.093301e+02
      vertex   5.000000e-01 9.427682e+01 -1.082020e+02
      vertex   5.000000e-01 9.429548e+01 -1.084538e+02
    endloop
  endfacet
  facet normal 1.000000e+00 3.776085e-16 2.149779e-16
    outer loop
      vertex   5.000000e-01 9.508837e+01 -1.093301e+02
      vertex   5.000000e-01 9.429548e+01 -1.084538e+02
      vertex   5.000000e-01 9.473238e+01 -1.092212e+02
    endloop
  endfacet
  facet normal 1.000000e+00 0.000000e+00 0.000000e+00
    outer loop
      vertex   5.000000e-01 9.473238e+01 -1.092212e+02
      vertex   5.000000e-01 9.429548e+01 -1.084538e+02
      vertex   5.000000e-01 9.432192e+01 -1.086719e+02
    endloop
  endfacet
  facet normal 1.000000e+00 0.000000e+00 0.000000e+00
    outer loop
      vertex   5.000000e-01 9.473238e+01 -1.092212e+02
      vertex   5.000000e-01 9.432192e+01 -1.086719e+02
      vertex   5.000000e-01 9.459882e+01 -1.091680e+02
    endloop
  endfacet
  facet normal 1.000000e+00 0.000000e+00 0.000000e+00
    outer loop
      vertex   5.000000e-01 9.459882e+01 -1.091680e+02
      vertex   5.000000e-01 9.432192e+01 -1.086719e+02
      vertex   5.000000e-01 9.436039e+01 -1.088503e+02
    endloop
  endfacet
  facet normal 1.000000e+00 0.000000e+00 0.000000e+00
    outer loop
      vertex   5.000000e-01 9.459882e+01 -1.091680e+02
      vertex   5.000000e-01 9.436039e+01 -1.088503e+02
      vertex   5.000000e-01 9.454327e+01 -1.091348e+02
    endloop
  endfacet
  facet normal 1.000000e+00 0.000000e+00 0.000000e+00
    outer loop
      vertex   5.000000e-01 9.454327e+01 -1.091348e+02
      vertex   5.000000e-01 9.436039e+01 -1.088503e+02
      vertex   5.000000e-01 9.449461e+01 -1.090949e+02
    endloop
  endfacet
  facet normal 1.000000e+00 0.000000e+00 0.000000e+00
    outer loop
      vertex   5.000000e-01 9.449461e+01 -1.090949e+02
      vertex   5.000000e-01 9.436039e+01 -1.088503e+02
      vertex   5.000000e-01 9.445236e+01 -1.090471e+02
    endloop
  endfacet
  facet normal 1.000000e+00 0.000000e+00 0.000000e+00
    outer loop
      vertex   5.000000e-01 9.445236e+01 -1.090471e+02
      vertex   5.000000e-01 9.436039e+01 -1.088503e+02
      vertex   5.000000e-01 9.441616e+01 -1.089905e+02
    endloop
  endfacet
  facet normal 1.000000e+00 -0.000000e+00 -0.000000e+00
    outer loop
      vertex   5.000000e-01 9.733054e+01 -1.102985e+02
      vertex   5.000000e-01 9.773550e+01 -1.104317e+02
      vertex   5.000000e-01 9.420000e+01 -1.068000e+02
    endloop
  endfacet
  facet normal 1.000000e+00 3.635226e-16 3.538978e-16
    outer loop
      vertex   5.000000e-01 9.420000e+01 -1.068000e+02
      vertex   5.000000e-01 9.773550e+01 -1.104317e+02
      vertex   5.000000e-01 9.817591e+01 -1.105703e+02
    endloop
  endfacet
  facet normal 1.000000e+00 -1.993267e-16 -2.396414e-16
    outer loop
      vertex   5.000000e-01 9.420000e+01 -1.068000e+02
      vertex   5.000000e-01 9.817591e+01 -1.105703e+02
      vertex   5.000000e-01 9.908529e+01 -1.108634e+02
    endloop
  endfacet
  facet normal 1.000000e+00 -0.000000e+00 -0.000000e+00
    outer loop
      vertex   5.000000e-01 9.908529e+01 -1.108634e+02
      vertex   5.000000e-01 1.000130e+02 -1.111693e+02
      vertex   5.000000e-01 9.420000e+01 -1.068000e+02
    endloop
  endfacet
  facet normal 1.000000e+00 0.000000e+00 0.000000e+00
    outer loop
      vertex   5.000000e-01 9.420000e+01 -1.068000e+02
      vertex   5.000000e-01 1.000130e+02 -1.111693e+02
      vertex   5.000000e-01 1.004372e+02 -1.113038e+02
    endloop
  endfacet
  facet normal 1.000000e+00 -4.858529e-16 -6.728465e-16
    outer loop
      vertex   5.000000e-01 9.420000e+01 -1.068000e+02
      vertex   5.000000e-01 1.004372e+02 -1.113038e+02
      vertex   5.000000e-01 1.008284e+02 -1.114213e+02
    endloop
  endfacet
  facet normal 1.000000e+00 2.591530e-16 3.957338e-16
    outer loop
      vertex   5.000000e-01 1.008284e+02 -1.114213e+02
      vertex   5.000000e-01 1.015725e+02 -1.116280e+02
      vertex   5.000000e-01 9.420000e+01 -1.068000e+02
    endloop
  endfacet
  facet normal 1.000000e+00 0.000000e+00 0.000000e+00
    outer loop
      vertex   5.000000e-01 9.420000e+01 -1.068000e+02
      vertex   5.000000e-01 1.015725e+02 -1.116280e+02
      vertex   5.000000e-01 1.023666e+02 -1.118350e+02
    endloop
  endfacet
  facet normal 1.000000e+00 0.000000e+00 0.000000e+00
    outer loop
      vertex   5.000000e-01 9.420000e+01 -1.068000e+02
      vertex   5.000000e-01 1.023666e+02 -1.118350e+02
      vertex   5.000000e-01 1.028204e+02 -1.119527e+02
    endloop
  endfacet
  facet normal 1.000000e+00 -0.000000e+00 -0.000000e+00
    outer loop
      vertex   5.000000e-01 1.028204e+02 -1.119527e+02
      vertex   5.000000e-01 1.033179e+02 -1.120839e+02
      vertex   5.000000e-01 9.420000e+01 -1.068000e+02
    endloop
  endfacet
  facet normal 1.000000e+00 7.355442e-16 -1.844664e-15
    outer loop
      vertex   5.000000e-01 1.060285e+02 -1.127998e+02
      vertex   5.000000e-01 1.066082e+02 -1.129298e+02
      vertex   5.000000e-01 1.210000e+02 -1.068000e+02
    endloop
  endfacet
  facet normal 1.000000e+00 8.214103e-16 -2.046263e-15
    outer loop
      vertex   5.000000e-01 1.210000e+02 -1.068000e+02
      vertex   5.000000e-01 1.066082e+02 -1.129298e+02
      vertex   5.000000e-01 1.072848e+02 -1.130651e+02
    endloop
  endfacet
  facet normal 1.000000e+00 3.754028e-16 -1.069895e-15
    outer loop
      vertex   5.000000e-01 1.210000e+02 -1.068000e+02
      vertex   5.000000e-01 1.072848e+02 -1.130651e+02
      vertex   5.000000e-01 1.076730e+02 -1.131365e+02
    endloop
  endfacet
  facet normal 1.000000e+00 -3.669257e-17 -2.031654e-16
    outer loop
      vertex   5.000000e-01 1.076730e+02 -1.131365e+02
      vertex   5.000000e-01 1.079126e+02 -1.131798e+02
      vertex   5.000000e-01 1.210000e+02 -1.068000e+02
    endloop
  endfacet
  facet normal 1.000000e+00 -3.674998e-17 -2.030477e-16
    outer loop
      vertex   5.000000e-01 1.210000e+02 -1.068000e+02
      vertex   5.000000e-01 1.079126e+02 -1.131798e+02
      vertex   5.000000e-01 1.082165e+02 -1.132348e+02
    endloop
  endfacet
  facet normal 1.000000e+00 -3.649679e-17 -2.035506e-16
    outer loop
      vertex   5.000000e-01 1.210000e+02 -1.068000e+02
      vertex   5.000000e-01 1.082165e+02 -1.132348e+02
      vertex   5.000000e-01 1.085773e+02 -1.132995e+02
    endloop
  endfacet
  facet normal 1.000000e+00 -3.604062e-17 -2.044226e-16
    outer loop
      vertex   5.000000e-01 1.085773e+02 -1.132995e+02
      vertex   5.000000e-01 1.089876e+02 -1.133718e+02
      vertex   5.000000e-01 1.210000e+02 -1.068000e+02
    endloop
  endfacet
  facet normal 1.000000e+00 -3.541567e-17 -2.055649e-16
    outer loop
      vertex   5.000000e-01 1.210000e+02 -1.068000e+02
      vertex   5.000000e-01 1.089876e+02 -1.133718e+02
      vertex   5.000000e-01 1.094401e+02 -1.134497e+02
    endloop
  endfacet
  facet normal 1.000000e+00 -3.462568e-17 -2.069382e-16
    outer loop
      vertex   5.000000e-01 1.210000e+02 -1.068000e+02
      vertex   5.000000e-01 1.094401e+02 -1.134497e+02
      vertex   5.000000e-01 1.099273e+02 -1.135313e+02
    endloop
  endfacet
  facet normal 1.000000e+00 -3.306741e-17 -2.095015e-16
    outer loop
      vertex   5.000000e-01 1.099273e+02 -1.135313e+02
      vertex   5.000000e-01 1.109763e+02 -1.136968e+02
      vertex   5.000000e-01 1.210000e+02 -1.068000e+02
    endloop
  endfacet
  facet normal 1.000000e+00 -3.019748e-17 -2.136726e-16
    outer loop
      vertex   5.000000e-01 1.210000e+02 -1.068000e+02
      vertex   5.000000e-01 1.109763e+02 -1.136968e+02
      vertex   5.000000e-01 1.120755e+02 -1.138522e+02
    endloop
  endfacet
  facet normal 1.000000e+00 1.739263e-17 -2.738976e-16
    outer loop
      vertex   5.000000e-01 1.210000e+02 -1.068000e+02
      vertex   5.000000e-01 1.120755e+02 -1.138522e+02
      vertex   5.000000e-01 1.131914e+02 -1.139840e+02
    endloop
  endfacet
  facet normal 1.000000e+00 -1.480853e-16 -9.403192e-17
    outer loop
      vertex   5.000000e-01 1.131914e+02 -1.139840e+02
      vertex   5.000000e-01 1.135927e+02 -1.140256e+02
      vertex   5.000000e-01 1.210000e+02 -1.068000e+02
    endloop
  endfacet
  facet normal 1.000000e+00 -2.187652e-17 -2.234145e-16
    outer loop
      vertex   5.000000e-01 1.210000e+02 -1.068000e+02
      vertex   5.000000e-01 1.135927e+02 -1.140256e+02
      vertex   5.000000e-01 1.140993e+02 -1.140752e+02
    endloop
  endfacet
  facet normal 1.000000e+00 -1.053123e-16 -1.442742e-16
    outer loop
      vertex   5.000000e-01 1.210000e+02 -1.068000e+02
      vertex   5.000000e-01 1.140993e+02 -1.140752e+02
      vertex   5.000000e-01 1.147015e+02 -1.141300e+02
    endloop
  endfacet
  facet normal 1.000000e+00 5.708848e-17 -2.838204e-16
    outer loop
      vertex   5.000000e-01 1.147015e+02 -1.141300e+02
      vertex   5.000000e-01 1.153894e+02 -1.141873e+02
      vertex   5.000000e-01 1.210000e+02 -1.068000e+02
    endloop
  endfacet
  facet normal 1.000000e+00 -1.693701e-17 -2.275986e-16
    outer loop
      vertex   5.000000e-01 1.210000e+02 -1.068000e+02
      vertex   5.000000e-01 1.153894e+02 -1.141873e+02
      vertex   5.000000e-01 1.161532e+02 -1.142441e+02
    endloop
  endfacet
  facet normal 1.000000e+00 -1.481078e-17 -2.289829e-16
    outer loop
      vertex   5.000000e-01 1.210000e+02 -1.068000e+02
      vertex   5.000000e-01 1.161532e+02 -1.142441e+02
      vertex   5.000000e-01 1.169831e+02 -1.142978e+02
    endloop
  endfacet
  facet normal 1.000000e+00 -1.240306e-17 -2.302728e-16
    outer loop
      vertex   5.000000e-01 1.169831e+02 -1.142978e+02
      vertex   5.000000e-01 1.178693e+02 -1.143455e+02
      vertex   5.000000e-01 1.210000e+02 -1.068000e+02
    endloop
  endfacet
  facet normal 1.000000e+00 -9.676331e-18 -2.314042e-16
    outer loop
      vertex   5.000000e-01 1.210000e+02 -1.068000e+02
      vertex   5.000000e-01 1.178693e+02 -1.143455e+02
      vertex   5.000000e-01 1.188019e+02 -1.143845e+02
    endloop
  endfacet
  facet normal 1.000000e+00 5.133862e-17 -2.490869e-16
    outer loop
      vertex   5.000000e-01 1.210000e+02 -1.068000e+02
      vertex   5.000000e-01 1.188019e+02 -1.143845e+02
      vertex   5.000000e-01 1.207672e+02 -1.144252e+02
    endloop
  endfacet
  facet normal 1.000000e+00 -2.200076e-16 -2.408039e-16
    outer loop
      vertex   5.000000e-01 1.207672e+02 -1.144252e+02
      vertex   5.000000e-01 1.212722e+02 -1.144255e+02
      vertex   5.000000e-01 1.210000e+02 -1.068000e+02
    endloop
  endfacet
  facet normal 1.000000e+00 1.650293e-18 -2.328901e-16
    outer loop
      vertex   5.000000e-01 1.210000e+02 -1.068000e+02
      vertex   5.000000e-01 1.212722e+02 -1.144255e+02
      vertex   5.000000e-01 1.218172e+02 -1.144217e+02
    endloop
  endfacet
  facet normal 1.000000e+00 4.130534e-18 -2.326242e-16
    outer loop
      vertex   5.000000e-01 1.210000e+02 -1.068000e+02
      vertex   5.000000e-01 1.218172e+02 -1.144217e+02
      vertex   5.000000e-01 1.224669e+02 -1.144101e+02
    endloop
  endfacet
  facet normal 1.000000e+00 8.220202e-18 -2.318359e-16
    outer loop
      vertex   5.000000e-01 1.224669e+02 -1.144101e+02
      vertex   5.000000e-01 1.232147e+02 -1.143836e+02
      vertex   5.000000e-01 1.210000e+02 -1.068000e+02
    endloop
  endfacet
  facet normal 1.000000e+00 7.861659e-17 -2.112776e-16
    outer loop
      vertex   5.000000e-01 1.210000e+02 -1.068000e+02
      vertex   5.000000e-01 1.232147e+02 -1.143836e+02
      vertex   5.000000e-01 1.240521e+02 -1.143348e+02
    endloop
  endfacet
  facet normal 1.000000e+00 -3.831961e-17 -2.586442e-16
    outer loop
      vertex   5.000000e-01 1.210000e+02 -1.068000e+02
      vertex   5.000000e-01 1.240521e+02 -1.143348e+02
      vertex   5.000000e-01 1.249706e+02 -1.142562e+02
    endloop
  endfacet
  facet normal 1.000000e+00 2.615667e-17 -2.243093e-16
    outer loop
      vertex   5.000000e-01 1.249706e+02 -1.142562e+02
      vertex   5.000000e-01 1.259618e+02 -1.141406e+02
      vertex   5.000000e-01 1.210000e+02 -1.068000e+02
    endloop
  endfacet
  facet normal 1.000000e+00 3.327233e-17 -2.194996e-16
    outer loop
      vertex   5.000000e-01 1.210000e+02 -1.068000e+02
      vertex   5.000000e-01 1.259618e+02 -1.141406e+02
      vertex   5.000000e-01 1.270173e+02 -1.139806e+02
    endloop
  endfacet
  facet normal 1.000000e+00 1.998256e-16 -7.993030e-17
    outer loop
      vertex   5.000000e-01 1.210000e+02 -1.068000e+02
      vertex   5.000000e-01 1.270173e+02 -1.139806e+02
      vertex   5.000000e-01 1.240000e+02 -9.930000e+01
    endloop
  endfacet
  facet normal 1.000000e+00 -2.588278e-17 -1.263196e-16
    outer loop
      vertex   5.000000e-01 1.240000e+02 -9.930000e+01
      vertex   5.000000e-01 1.270173e+02 -1.139806e+02
      vertex   5.000000e-01 1.281285e+02 -1.137689e+02
    endloop
  endfacet
  facet normal 1.000000e+00 1.158979e-16 -8.586399e-17
    outer loop
      vertex   5.000000e-01 1.240000e+02 -9.930000e+01
      vertex   5.000000e-01 1.281285e+02 -1.137689e+02
      vertex   5.000000e-01 1.292871e+02 -1.134980e+02
    endloop
  endfacet
  facet normal 1.000000e+00 -9.058736e-18 -1.323961e-16
    outer loop
      vertex   5.000000e-01 1.292871e+02 -1.134980e+02
      vertex   5.000000e-01 1.304846e+02 -1.131607e+02
      vertex   5.000000e-01 1.240000e+02 -9.930000e+01
    endloop
  endfacet
  facet normal 1.000000e+00 3.715525e-17 -1.107752e-16
    outer loop
      vertex   5.000000e-01 1.240000e+02 -9.930000e+01
      vertex   5.000000e-01 1.304846e+02 -1.131607e+02
      vertex   5.000000e-01 1.317166e+02 -1.127475e+02
    endloop
  endfacet
  facet normal 1.000000e+00 4.250872e-17 -1.077031e-16
    outer loop
      vertex   5.000000e-01 1.240000e+02 -9.930000e+01
      vertex   5.000000e-01 1.317166e+02 -1.127475e+02
      vertex   5.000000e-01 1.330319e+02 -1.122283e+02
    endloop
  endfacet
  facet normal 1.000000e+00 2.024887e-17 -1.232542e-16
    outer loop
      vertex   5.000000e-01 1.240000e+02 -9.930000e+01
      vertex   5.000000e-01 1.330319e+02 -1.122283e+02
      vertex   5.000000e-01 1.380000e+02 -9.700000e+01
    endloop
  endfacet
  facet normal 1.000000e+00 5.884962e-17 -1.358473e-16
    outer loop
      vertex   5.000000e-01 1.380000e+02 -9.700000e+01
      vertex   5.000000e-01 1.330319e+02 -1.122283e+02
      vertex   5.000000e-01 1.343160e+02 -1.116721e+02
    endloop
  endfacet
  facet normal 1.000000e+00 6.175403e-17 -1.365766e-16
    outer loop
      vertex   5.000000e-01 1.380000e+02 -9.700000e+01
      vertex   5.000000e-01 1.343160e+02 -1.116721e+02
      vertex   5.000000e-01 1.348921e+02 -1.114116e+02
    endloop
  endfacet
  facet normal 1.000000e+00 6.306484e-17 -1.368593e-16
    outer loop
      vertex   5.000000e-01 1.348921e+02 -1.114116e+02
      vertex   5.000000e-01 1.353954e+02 -1.111797e+02
      vertex   5.000000e-01 1.380000e+02 -9.700000e+01
    endloop
  endfacet
  facet normal 1.000000e+00 6.392389e-17 -1.370171e-16
    outer loop
      vertex   5.000000e-01 1.380000e+02 -9.700000e+01
      vertex   5.000000e-01 1.353954e+02 -1.111797e+02
      vertex   5.000000e-01 1.358041e+02 -1.109890e+02
    endloop
  endfacet
  facet normal 1.000000e+00 6.499886e-17 -1.371858e-16
    outer loop
      vertex   5.000000e-01 1.380000e+02 -9.700000e+01
      vertex   5.000000e-01 1.358041e+02 -1.109890e+02
      vertex   5.000000e-01 1.361645e+02 -1.108182e+02
    endloop
  endfacet
  facet normal 1.000000e+00 -6.886527e-16 -3.707644e-17
    outer loop
      vertex   5.000000e-01 1.361645e+02 -1.108182e+02
      vertex   5.000000e-01 1.365572e+02 -1.106258e+02
      vertex   5.000000e-01 1.380000e+02 -9.700000e+01
    endloop
  endfacet
  facet normal 1.000000e+00 -3.579908e-16 -7.209003e-17
    outer loop
      vertex   5.000000e-01 1.380000e+02 -9.700000e+01
      vertex   5.000000e-01 1.365572e+02 -1.106258e+02
      vertex   5.000000e-01 1.369789e+02 -1.104100e+02
    endloop
  endfacet
  facet normal 1.000000e+00 -7.211018e-16 -4.444133e-17
    outer loop
      vertex   5.000000e-01 1.380000e+02 -9.700000e+01
      vertex   5.000000e-01 1.369789e+02 -1.104100e+02
      vertex   5.000000e-01 1.374260e+02 -1.101694e+02
    endloop
  endfacet
  facet normal 1.000000e+00 -5.630198e-16 -5.133181e-17
    outer loop
      vertex   5.000000e-01 1.374260e+02 -1.101694e+02
      vertex   5.000000e-01 1.378946e+02 -1.099027e+02
      vertex   5.000000e-01 1.380000e+02 -9.700000e+01
    endloop
  endfacet
  facet normal 1.000000e+00 -5.393131e-16 -5.152542e-17
    outer loop
      vertex   5.000000e-01 1.380000e+02 -9.700000e+01
      vertex   5.000000e-01 1.378946e+02 -1.099027e+02
      vertex   5.000000e-01 1.383811e+02 -1.096083e+02
    endloop
  endfacet
  facet normal 1.000000e+00 -4.126919e-16 -4.769768e-17
    outer loop
      vertex   5.000000e-01 1.380000e+02 -9.700000e+01
      vertex   5.000000e-01 1.383811e+02 -1.096083e+02
      vertex   5.000000e-01 1.388818e+02 -1.092848e+02
    endloop
  endfacet
  facet normal 1.000000e+00 -4.019767e-16 -4.692854e-17
    outer loop
      vertex   5.000000e-01 1.388818e+02 -1.092848e+02
      vertex   5.000000e-01 1.393929e+02 -1.089309e+02
      vertex   5.000000e-01 1.380000e+02 -9.700000e+01
    endloop
  endfacet
  facet normal 1.000000e+00 0.000000e+00 0.000000e+00
    outer loop
      vertex   5.000000e-01 1.380000e+02 -9.700000e+01
      vertex   5.000000e-01 1.393929e+02 -1.089309e+02
      vertex   5.000000e-01 1.399106e+02 -1.085450e+02
    endloop
  endfacet
  facet normal 1.000000e+00 0.000000e+00 0.000000e+00
    outer loop
      vertex   5.000000e-01 1.380000e+02 -9.700000e+01
      vertex   5.000000e-01 1.399106e+02 -1.085450e+02
      vertex   5.000000e-01 1.404140e+02 -1.081394e+02
    endloop
  endfacet
  facet normal 1.000000e+00 0.000000e+00 -0.000000e+00
    outer loop
      vertex   5.000000e-01 1.404140e+02 -1.081394e+02
      vertex   5.000000e-01 1.406158e+02 -1.079677e+02
      vertex   5.000000e-01 1.380000e+02 -9.700000e+01
    endloop
  endfacet
  facet normal 1.000000e+00 0.000000e+00 0.000000e+00
    outer loop
      vertex   5.000000e-01 1.380000e+02 -9.700000e+01
      vertex   5.000000e-01 1.406158e+02 -1.079677e+02
      vertex   5.000000e-01 1.408877e+02 -1.077305e+02
    endloop
  endfacet
  facet normal 1.000000e+00 0.000000e+00 0.000000e+00
    outer loop
      vertex   5.000000e-01 1.380000e+02 -9.700000e+01
      vertex   5.000000e-01 1.408877e+02 -1.077305e+02
      vertex   5.000000e-01 1.412173e+02 -1.074347e+02
    endloop
  endfacet
  facet normal 1.000000e+00 0.000000e+00 -0.000000e+00
    outer loop
      vertex   5.000000e-01 1.412173e+02 -1.074347e+02
      vertex   5.000000e-01 1.415924e+02 -1.070877e+02
      vertex   5.000000e-01 1.380000e+02 -9.700000e+01
    endloop
  endfacet
  facet normal 1.000000e+00 0.000000e+00 0.000000e+00
    outer loop
      vertex   5.000000e-01 1.380000e+02 -9.700000e+01
      vertex   5.000000e-01 1.415924e+02 -1.070877e+02
      vertex   5.000000e-01 1.420004e+02 -1.066965e+02
    endloop
  endfacet
  facet normal 1.000000e+00 0.000000e+00 0.000000e+00
    outer loop
      vertex   5.000000e-01 1.380000e+02 -9.700000e+01
      vertex   5.000000e-01 1.420004e+02 -1.066965e+02
      vertex   5.000000e-01 1.424290e+02 -1.062684e+02
    endloop
  endfacet
  facet normal 1.000000e+00 0.000000e+00 -0.000000e+00
    outer loop
      vertex   5.000000e-01 1.424290e+02 -1.062684e+02
      vertex   5.000000e-01 1.432985e+02 -1.053300e+02
      vertex   5.000000e-01 1.380000e+02 -9.700000e+01
    endloop
  endfacet
  facet normal 1.000000e+00 0.000000e+00 0.000000e+00
    outer loop
      vertex   5.000000e-01 1.380000e+02 -9.700000e+01
      vertex   5.000000e-01 1.432985e+02 -1.053300e+02
      vertex   5.000000e-01 1.437283e+02 -1.048175e+02
    endloop
  endfacet
  facet normal 1.000000e+00 0.000000e+00 0.000000e+00
    outer loop
      vertex   5.000000e-01 1.380000e+02 -9.700000e+01
      vertex   5.000000e-01 1.437283e+02 -1.048175e+02
      vertex   5.000000e-01 1.438753e+02 -1.046347e+02
    endloop
  endfacet
  facet normal 1.000000e+00 0.000000e+00 -0.000000e+00
    outer loop
      vertex   5.000000e-01 1.438753e+02 -1.046347e+02
      vertex   5.000000e-01 1.440499e+02 -1.044141e+02
      vertex   5.000000e-01 1.380000e+02 -9.700000e+01
    endloop
  endfacet
  facet normal 1.000000e+00 0.000000e+00 0.000000e+00
    outer loop
      vertex   5.000000e-01 1.380000e+02 -9.700000e+01
      vertex   5.000000e-01 1.440499e+02 -1.044141e+02
      vertex   5.000000e-01 1.442479e+02 -1.041595e+02
    endloop
  endfacet
  facet normal 1.000000e+00 0.000000e+00 0.000000e+00
    outer loop
      vertex   5.000000e-01 1.380000e+02 -9.700000e+01
      vertex   5.000000e-01 1.442479e+02 -1.041595e+02
      vertex   5.000000e-01 1.444650e+02 -1.038747e+02
    endloop
  endfacet
  facet normal 1.000000e+00 0.000000e+00 -0.000000e+00
    outer loop
      vertex   5.000000e-01 1.444650e+02 -1.038747e+02
      vertex   5.000000e-01 1.449399e+02 -1.032295e+02
      vertex   5.000000e-01 1.380000e+02 -9.700000e+01
    endloop
  endfacet
  facet normal 1.000000e+00 0.000000e+00 0.000000e+00
    outer loop
      vertex   5.000000e-01 1.380000e+02 -9.700000e+01
      vertex   5.000000e-01 1.449399e+02 -1.032295e+02
      vertex   5.000000e-01 1.454409e+02 -1.025088e+02
    endloop
  endfacet
  facet normal 1.000000e+00 0.000000e+00 0.000000e+00
    outer loop
      vertex   5.000000e-01 1.380000e+02 -9.700000e+01
      vertex   5.000000e-01 1.454409e+02 -1.025088e+02
      vertex   5.000000e-01 1.459343e+02 -1.017428e+02
    endloop
  endfacet
  facet normal 1.000000e+00 0.000000e+00 -0.000000e+00
    outer loop
      vertex   5.000000e-01 1.459343e+02 -1.017428e+02
      vertex   5.000000e-01 1.461733e+02 -1.013430e+02
      vertex   5.000000e-01 1.380000e+02 -9.700000e+01
    endloop
  endfacet
  facet normal 1.000000e+00 0.000000e+00 0.000000e+00
    outer loop
      vertex   5.000000e-01 1.380000e+02 -9.700000e+01
      vertex   5.000000e-01 1.461733e+02 -1.013430e+02
      vertex   5.000000e-01 1.462575e+02 -1.011992e+02
    endloop
  endfacet
  facet normal 1.000000e+00 0.000000e+00 0.000000e+00
    outer loop
      vertex   5.000000e-01 1.380000e+02 -9.700000e+01
      vertex   5.000000e-01 1.462575e+02 -1.011992e+02
      vertex   5.000000e-01 1.463619e+02 -1.010205e+02
    endloop
  endfacet
  facet normal 1.000000e+00 0.000000e+00 -0.000000e+00
    outer loop
      vertex   5.000000e-01 1.463619e+02 -1.010205e+02
      vertex   5.000000e-01 1.466160e+02 -1.005699e+02
      vertex   5.000000e-01 1.380000e+02 -9.700000e+01
    endloop
  endfacet
  facet normal 1.000000e+00 3.257918e-17 7.863016e-17
    outer loop
      vertex   5.000000e-01 1.380000e+02 -9.700000e+01
      vertex   5.000000e-01 1.466160e+02 -1.005699e+02
      vertex   5.000000e-01 1.469389e+02 -9.999770e+01
    endloop
  endfacet
  facet normal 1.000000e+00 0.000000e+00 -1.851793e-17
    outer loop
      vertex   5.000000e-01 1.380000e+02 -9.700000e+01
      vertex   5.000000e-01 1.469389e+02 -9.999770e+01
      vertex   5.000000e-01 1.480000e+02 -9.700000e+01
    endloop
  endfacet
  facet normal 1.000000e+00 4.565670e-15 -1.634701e-15
    outer loop
      vertex   5.000000e-01 1.480000e+02 -9.700000e+01
      vertex   5.000000e-01 1.469389e+02 -9.999770e+01
      vertex   5.000000e-01 1.472778e+02 -9.939071e+01
    endloop
  endfacet
  facet normal 1.000000e+00 3.232067e-15 -1.231821e-15
    outer loop
      vertex   5.000000e-01 1.480000e+02 -9.700000e+01
      vertex   5.000000e-01 1.472778e+02 -9.939071e+01
      vertex   5.000000e-01 1.476143e+02 -9.877821e+01
    endloop
  endfacet
  facet normal 1.000000e+00 4.320901e-15 -1.468019e-15
    outer loop
      vertex   5.000000e-01 1.476143e+02 -9.877821e+01
      vertex   5.000000e-01 1.479299e+02 -9.818949e+01
      vertex   5.000000e-01 1.480000e+02 -9.700000e+01
    endloop
  endfacet
  facet normal 1.000000e+00 4.015611e-15 -1.450027e-15
    outer loop
      vertex   5.000000e-01 1.480000e+02 -9.700000e+01
      vertex   5.000000e-01 1.479299e+02 -9.818949e+01
      vertex   5.000000e-01 1.482063e+02 -9.765383e+01
    endloop
  endfacet
  facet normal 1.000000e+00 3.400730e-15 -1.644004e-15
    outer loop
      vertex   5.000000e-01 1.480000e+02 -9.700000e+01
      vertex   5.000000e-01 1.482063e+02 -9.765383e+01
      vertex   5.000000e-01 1.484287e+02 -9.719365e+01
    endloop
  endfacet
  facet normal 1.000000e+00 3.457487e-15 -1.518349e-15
    outer loop
      vertex   5.000000e-01 1.484287e+02 -9.719365e+01
      vertex   5.000000e-01 1.488189e+02 -9.630508e+01
      vertex   5.000000e-01 1.480000e+02 -9.700000e+01
    endloop
  endfacet
  facet normal 1.000000e+00 3.254005e-15 -1.278552e-15
    outer loop
      vertex   5.000000e-01 1.480000e+02 -9.700000e+01
      vertex   5.000000e-01 1.488189e+02 -9.630508e+01
      vertex   5.000000e-01 1.495220e+02 -9.451573e+01
    endloop
  endfacet
  facet normal 1.000000e+00 1.167112e-15 -0.000000e+00
    outer loop
      vertex   5.000000e-01 1.480000e+02 -9.700000e+01
      vertex   5.000000e-01 1.495220e+02 -9.451573e+01
      vertex   5.000000e-01 1.480000e+02 -8.700000e+01
    endloop
  endfacet
  facet normal 1.000000e+00 -1.324420e-15 -5.045605e-16
    outer loop
      vertex   5.000000e-01 1.480000e+02 -8.700000e+01
      vertex   5.000000e-01 1.495220e+02 -9.451573e+01
      vertex   5.000000e-01 1.501966e+02 -9.276597e+01
    endloop
  endfacet
  facet normal 1.000000e+00 0.000000e+00 0.000000e+00
    outer loop
      vertex   5.000000e-01 1.480000e+02 -8.700000e+01
      vertex   5.000000e-01 1.501966e+02 -9.276597e+01
      vertex   5.000000e-01 1.506650e+02 -9.138896e+01
    endloop
  endfacet
  facet normal 1.000000e+00 0.000000e+00 -0.000000e+00
    outer loop
      vertex   5.000000e-01 1.506650e+02 -9.138896e+01
      vertex   5.000000e-01 1.508672e+02 -9.065444e+01
      vertex   5.000000e-01 1.480000e+02 -8.700000e+01
    endloop
  endfacet
  facet normal 1.000000e+00 -1.374402e-16 -1.078325e-16
    outer loop
      vertex   5.000000e-01 1.480000e+02 -8.700000e+01
      vertex   5.000000e-01 1.508672e+02 -9.065444e+01
      vertex   5.000000e-01 1.510481e+02 -8.985547e+01
    endloop
  endfacet
  facet normal 1.000000e+00 1.190712e-16 1.659853e-16
    outer loop
      vertex   5.000000e-01 1.480000e+02 -8.700000e+01
      vertex   5.000000e-01 1.510481e+02 -8.985547e+01
      vertex   5.000000e-01 1.512078e+02 -8.896670e+01
    endloop
  endfacet
  facet normal 1.000000e+00 8.007859e-17 1.023865e-16
    outer loop
      vertex   5.000000e-01 1.512078e+02 -8.896670e+01
      vertex   5.000000e-01 1.512796e+02 -8.848072e+01
      vertex   5.000000e-01 1.480000e+02 -8.700000e+01
    endloop
  endfacet
  facet normal 1.000000e+00 -5.947673e-17 -2.067133e-16
    outer loop
      vertex   5.000000e-01 1.480000e+02 -8.700000e+01
      vertex   5.000000e-01 1.512796e+02 -8.848072e+01
      vertex   5.000000e-01 1.513461e+02 -8.796277e+01
    endloop
  endfacet
  facet normal 1.000000e+00 0.000000e+00 0.000000e+00
    outer loop
      vertex   5.000000e-01 1.480000e+02 -8.700000e+01
      vertex   5.000000e-01 1.513461e+02 -8.796277e+01
      vertex   5.000000e-01 1.513619e+02 -8.782791e+01
    endloop
  endfacet
  facet normal 1.000000e+00 0.000000e+00 -0.000000e+00
    outer loop
      vertex   5.000000e-01 1.513619e+02 -8.782791e+01
      vertex   5.000000e-01 1.513710e+02 -8.774879e+01
      vertex   5.000000e-01 1.480000e+02 -8.700000e+01
    endloop
  endfacet
  facet normal 1.000000e+00 -1.840724e-16 -8.286753e-16
    outer loop
      vertex   5.000000e-01 1.480000e+02 -8.700000e+01
      vertex   5.000000e-01 1.513710e+02 -8.774879e+01
      vertex   5.000000e-01 1.513859e+02 -8.761813e+01
    endloop
  endfacet
  facet normal 1.000000e+00 -1.423835e-16 -6.003177e-16
    outer loop
      vertex   5.000000e-01 1.480000e+02 -8.700000e+01
      vertex   5.000000e-01 1.513859e+02 -8.761813e+01
      vertex   5.000000e-01 1.514063e+02 -8.743802e+01
    endloop
  endfacet
  facet normal 1.000000e+00 6.203611e-17 9.893488e-16
    outer loop
      vertex   5.000000e-01 1.514063e+02 -8.743802e+01
      vertex   5.000000e-01 1.514311e+02 -8.721514e+01
      vertex   5.000000e-01 1.480000e+02 -8.700000e+01
    endloop
  endfacet
  facet normal 1.000000e+00 -0.000000e+00 0.000000e+00
    outer loop
      vertex   5.000000e-01 1.480000e+02 -8.700000e+01
      vertex   5.000000e-01 1.514311e+02 -8.721514e+01
      vertex   5.000000e-01 1.514902e+02 -8.666779e+01
    endloop
  endfacet
  facet normal 1.000000e+00 0.000000e+00 0.000000e+00
    outer loop
      vertex   5.000000e-01 1.480000e+02 -8.700000e+01
      vertex   5.000000e-01 1.514902e+02 -8.666779e+01
      vertex   5.000000e-01 1.515554e+02 -8.602950e+01
    endloop
  endfacet
  facet normal 1.000000e+00 0.000000e+00 -0.000000e+00
    outer loop
      vertex   5.000000e-01 1.515554e+02 -8.602950e+01
      vertex   5.000000e-01 1.516189e+02 -8.535369e+01
      vertex   5.000000e-01 1.480000e+02 -8.700000e+01
    endloop
  endfacet
  facet normal 1.000000e+00 0.000000e+00 0.000000e+00
    outer loop
      vertex   5.000000e-01 1.480000e+02 -8.700000e+01
      vertex   5.000000e-01 1.516189e+02 -8.535369e+01
      vertex   5.000000e-01 1.516727e+02 -8.469378e+01
    endloop
  endfacet
  facet normal 1.000000e+00 0.000000e+00 0.000000e+00
    outer loop
      vertex   5.000000e-01 1.480000e+02 -8.700000e+01
      vertex   5.000000e-01 1.516727e+02 -8.469378e+01
      vertex   5.000000e-01 1.517094e+02 -8.409906e+01
    endloop
  endfacet
  facet normal 1.000000e+00 0.000000e+00 -0.000000e+00
    outer loop
      vertex   5.000000e-01 1.517094e+02 -8.409906e+01
      vertex   5.000000e-01 1.517261e+02 -8.355625e+01
      vertex   5.000000e-01 1.480000e+02 -8.700000e+01
    endloop
  endfacet
  facet normal 1.000000e+00 0.000000e+00 0.000000e+00
    outer loop
      vertex   5.000000e-01 1.480000e+02 -8.700000e+01
      vertex   5.000000e-01 1.517261e+02 -8.355625e+01
      vertex   5.000000e-01 1.517235e+02 -8.304334e+01
    endloop
  endfacet
  facet normal 1.000000e+00 0.000000e+00 0.000000e+00
    outer loop
      vertex   5.000000e-01 1.480000e+02 -8.700000e+01
      vertex   5.000000e-01 1.517235e+02 -8.304334e+01
      vertex   5.000000e-01 1.480000e+02 -7.900000e+01
    endloop
  endfacet
  facet normal 1.000000e+00 0.000000e+00 0.000000e+00
    outer loop
      vertex   5.000000e-01 1.480000e+02 -7.900000e+01
      vertex   5.000000e-01 1.517235e+02 -8.304334e+01
      vertex   5.000000e-01 1.516631e+02 -8.205144e+01
    endloop
  endfacet
  facet normal 1.000000e+00 0.000000e+00 0.000000e+00
    outer loop
      vertex   5.000000e-01 1.480000e+02 -7.900000e+01
      vertex   5.000000e-01 1.516631e+02 -8.205144e+01
      vertex   5.000000e-01 1.515329e+02 -8.101191e+01
    endloop
  endfacet
  facet normal 1.000000e+00 0.000000e+00 0.000000e+00
    outer loop
      vertex   5.000000e-01 1.515329e+02 -8.101191e+01
      vertex   5.000000e-01 1.514900e+02 -8.073152e+01
      vertex   5.000000e-01 1.480000e+02 -7.900000e+01
    endloop
  endfacet
  facet normal 1.000000e+00 0.000000e+00 0.000000e+00
    outer loop
      vertex   5.000000e-01 1.480000e+02 -7.900000e+01
      vertex   5.000000e-01 1.514900e+02 -8.073152e+01
      vertex   5.000000e-01 1.514381e+02 -8.040879e+01
    endloop
  endfacet
  facet normal 1.000000e+00 0.000000e+00 0.000000e+00
    outer loop
      vertex   5.000000e-01 1.480000e+02 -7.900000e+01
      vertex   5.000000e-01 1.514381e+02 -8.040879e+01
      vertex   5.000000e-01 1.513701e+02 -7.999714e+01
    endloop
  endfacet
  facet normal 1.000000e+00 0.000000e+00 0.000000e+00
    outer loop
      vertex   5.000000e-01 1.513701e+02 -7.999714e+01
      vertex   5.000000e-01 1.512931e+02 -7.953666e+01
      vertex   5.000000e-01 1.480000e+02 -7.900000e+01
    endloop
  endfacet
  facet normal 1.000000e+00 0.000000e+00 0.000000e+00
    outer loop
      vertex   5.000000e-01 1.480000e+02 -7.900000e+01
      vertex   5.000000e-01 1.512931e+02 -7.953666e+01
      vertex   5.000000e-01 1.512143e+02 -7.907035e+01
    endloop
  endfacet
  facet normal 1.000000e+00 -0.000000e+00 0.000000e+00
    outer loop
      vertex   5.000000e-01 1.480000e+02 -7.900000e+01
      vertex   5.000000e-01 1.512143e+02 -7.907035e+01
      vertex   5.000000e-01 1.511415e+02 -7.864121e+01
    endloop
  endfacet
  facet normal 1.000000e+00 0.000000e+00 0.000000e+00
    outer loop
      vertex   5.000000e-01 1.511415e+02 -7.864121e+01
      vertex   5.000000e-01 1.510820e+02 -7.829226e+01
      vertex   5.000000e-01 1.480000e+02 -7.900000e+01
    endloop
  endfacet
  facet normal 1.000000e+00 0.000000e+00 0.000000e+00
    outer loop
      vertex   5.000000e-01 1.480000e+02 -7.900000e+01
      vertex   5.000000e-01 1.510820e+02 -7.829226e+01
      vertex   5.000000e-01 1.510596e+02 -7.816129e+01
    endloop
  endfacet
  facet normal 1.000000e+00 0.000000e+00 0.000000e+00
    outer loop
      vertex   5.000000e-01 1.480000e+02 -7.900000e+01
      vertex   5.000000e-01 1.510596e+02 -7.816129e+01
      vertex   5.000000e-01 1.510434e+02 -7.806648e+01
    endloop
  endfacet
  facet normal 1.000000e+00 0.000000e+00 0.000000e+00
    outer loop
      vertex   5.000000e-01 1.510434e+02 -7.806648e+01
      vertex   5.000000e-01 1.509439e+02 -7.749408e+01
      vertex   5.000000e-01 1.480000e+02 -7.900000e+01
    endloop
  endfacet
  facet normal 1.000000e+00 0.000000e+00 0.000000e+00
    outer loop
      vertex   5.000000e-01 1.480000e+02 -7.900000e+01
      vertex   5.000000e-01 1.509439e+02 -7.749408e+01
      vertex   5.000000e-01 1.508481e+02 -7.696173e+01
    endloop
  endfacet
  facet normal 1.000000e+00 0.000000e+00 0.000000e+00
    outer loop
      vertex   5.000000e-01 1.480000e+02 -7.900000e+01
      vertex   5.000000e-01 1.508481e+02 -7.696173e+01
      vertex   5.000000e-01 1.507540e+02 -7.646312e+01
    endloop
  endfacet
  facet normal 1.000000e+00 0.000000e+00 0.000000e+00
    outer loop
      vertex   5.000000e-01 1.507540e+02 -7.646312e+01
      vertex   5.000000e-01 1.505624e+02 -7.554185e+01
      vertex   5.000000e-01 1.480000e+02 -7.900000e+01
    endloop
  endfacet
  facet normal 1.000000e+00 0.000000e+00 0.000000e+00
    outer loop
      vertex   5.000000e-01 1.480000e+02 -7.900000e+01
      vertex   5.000000e-01 1.505624e+02 -7.554185e+01
      vertex   5.000000e-01 1.503527e+02 -7.467981e+01
    endloop
  endfacet
  facet normal 1.000000e+00 0.000000e+00 0.000000e+00
    outer loop
      vertex   5.000000e-01 1.480000e+02 -7.900000e+01
      vertex   5.000000e-01 1.503527e+02 -7.467981e+01
      vertex   5.000000e-01 1.501085e+02 -7.382653e+01
    endloop
  endfacet
  facet normal 1.000000e+00 0.000000e+00 0.000000e+00
    outer loop
      vertex   5.000000e-01 1.501085e+02 -7.382653e+01
      vertex   5.000000e-01 1.498132e+02 -7.293152e+01
      vertex   5.000000e-01 1.480000e+02 -7.900000e+01
    endloop
  endfacet
  facet normal 1.000000e+00 0.000000e+00 0.000000e+00
    outer loop
      vertex   5.000000e-01 1.480000e+02 -7.900000e+01
      vertex   5.000000e-01 1.498132e+02 -7.293152e+01
      vertex   5.000000e-01 1.496413e+02 -7.245259e+01
    endloop
  endfacet
  facet normal 1.000000e+00 0.000000e+00 0.000000e+00
    outer loop
      vertex   5.000000e-01 1.480000e+02 -7.900000e+01
      vertex   5.000000e-01 1.496413e+02 -7.245259e+01
      vertex   5.000000e-01 1.494445e+02 -7.192826e+01
    endloop
  endfacet
  facet normal 1.000000e+00 0.000000e+00 0.000000e+00
    outer loop
      vertex   5.000000e-01 1.494445e+02 -7.192826e+01
      vertex   5.000000e-01 1.489830e+02 -7.074012e+01
      vertex   5.000000e-01 1.480000e+02 -7.900000e+01
    endloop
  endfacet
  facet normal 1.000000e+00 0.000000e+00 0.000000e+00
    outer loop
      vertex   5.000000e-01 1.480000e+02 -7.900000e+01
      vertex   5.000000e-01 1.489830e+02 -7.074012e+01
      vertex   5.000000e-01 1.480000e+02 -6.900000e+01
    endloop
  endfacet
  facet normal 1.000000e+00 0.000000e+00 0.000000e+00
    outer loop
      vertex   5.000000e-01 1.480000e+02 -6.900000e+01
      vertex   5.000000e-01 1.489830e+02 -7.074012e+01
      vertex   5.000000e-01 1.487668e+02 -7.019332e+01
    endloop
  endfacet
  facet normal 1.000000e+00 0.000000e+00 0.000000e+00
    outer loop
      vertex   5.000000e-01 1.480000e+02 -6.900000e+01
      vertex   5.000000e-01 1.487668e+02 -7.019332e+01
      vertex   5.000000e-01 1.486733e+02 -6.995817e+01
    endloop
  endfacet
  facet normal 1.000000e+00 0.000000e+00 0.000000e+00
    outer loop
      vertex   5.000000e-01 1.486733e+02 -6.995817e+01
      vertex   5.000000e-01 1.485937e+02 -6.975859e+01
      vertex   5.000000e-01 1.480000e+02 -6.900000e+01
    endloop
  endfacet
  facet normal 1.000000e+00 0.000000e+00 0.000000e+00
    outer loop
      vertex   5.000000e-01 1.480000e+02 -6.900000e+01
      vertex   5.000000e-01 1.485937e+02 -6.975859e+01
      vertex   5.000000e-01 1.485311e+02 -6.960214e+01
    endloop
  endfacet
  facet normal 1.000000e+00 0.000000e+00 0.000000e+00
    outer loop
      vertex   5.000000e-01 1.480000e+02 -6.900000e+01
      vertex   5.000000e-01 1.485311e+02 -6.960214e+01
      vertex   5.000000e-01 1.484887e+02 -6.949636e+01
    endloop
  endfacet
  facet normal 1.000000e+00 -2.664112e-15 -2.622748e-15
    outer loop
      vertex   5.000000e-01 1.484887e+02 -6.949636e+01
      vertex   5.000000e-01 1.484307e+02 -6.935280e+01
      vertex   5.000000e-01 1.480000e+02 -6.900000e+01
    endloop
  endfacet
  facet normal 1.000000e+00 -2.489138e-16 3.255215e-16
    outer loop
      vertex   5.000000e-01 1.480000e+02 -6.900000e+01
      vertex   5.000000e-01 1.484307e+02 -6.935280e+01
      vertex   5.000000e-01 1.482149e+02 -6.883568e+01
    endloop
  endfacet
  facet normal 1.000000e+00 0.000000e+00 -0.000000e+00
    outer loop
      vertex   5.000000e-01 1.480000e+02 -6.900000e+01
      vertex   5.000000e-01 1.482149e+02 -6.883568e+01
      vertex   5.000000e-01 1.477921e+02 -6.795241e+01
    endloop
  endfacet
  facet normal 1.000000e+00 -2.583203e-15 -5.125752e-16
    outer loop
      vertex   5.000000e-01 1.477921e+02 -6.795241e+01
      vertex   5.000000e-01 1.471452e+02 -6.685823e+01
      vertex   5.000000e-01 1.480000e+02 -6.900000e+01
    endloop
  endfacet
  facet normal 1.000000e+00 -9.549353e-16 1.372578e-16
    outer loop
      vertex   5.000000e-01 1.480000e+02 -6.900000e+01
      vertex   5.000000e-01 1.471452e+02 -6.685823e+01
      vertex   5.000000e-01 1.469553e+02 -6.656161e+01
    endloop
  endfacet
  facet normal 1.000000e+00 0.000000e+00 5.463716e-16
    outer loop
      vertex   5.000000e-01 1.480000e+02 -6.900000e+01
      vertex   5.000000e-01 1.469553e+02 -6.656161e+01
      vertex   5.000000e-01 1.380000e+02 -6.900000e+01
    endloop
  endfacet
  facet normal 1.000000e+00 -3.159154e-17 6.623961e-16
    outer loop
      vertex   5.000000e-01 1.380000e+02 -6.900000e+01
      vertex   5.000000e-01 1.469553e+02 -6.656161e+01
      vertex   5.000000e-01 1.467465e+02 -6.623636e+01
    endloop
  endfacet
  facet normal 1.000000e+00 8.973102e-17 2.784285e-16
    outer loop
      vertex   5.000000e-01 1.380000e+02 -6.900000e+01
      vertex   5.000000e-01 1.467465e+02 -6.623636e+01
      vertex   5.000000e-01 1.462709e+02 -6.548497e+01
    endloop
  endfacet
  facet normal 1.000000e+00 2.180677e-16 -2.354979e-17
    outer loop
      vertex   5.000000e-01 1.462709e+02 -6.548497e+01
      vertex   5.000000e-01 1.460538e+02 -6.513834e+01
      vertex   5.000000e-01 1.380000e+02 -6.900000e+01
    endloop
  endfacet
  facet normal 1.000000e+00 4.251489e-16 -4.554351e-16
    outer loop
      vertex   5.000000e-01 1.380000e+02 -6.900000e+01
      vertex   5.000000e-01 1.460538e+02 -6.513834e+01
      vertex   5.000000e-01 1.458609e+02 -6.483085e+01
    endloop
  endfacet
  facet normal 1.000000e+00 6.382634e-16 -8.572624e-16
    outer loop
      vertex   5.000000e-01 1.380000e+02 -6.900000e+01
      vertex   5.000000e-01 1.458609e+02 -6.483085e+01
      vertex   5.000000e-01 1.455247e+02 -6.430415e+01
    endloop
  endfacet
  facet normal 1.000000e+00 4.443344e-16 -5.465083e-16
    outer loop
      vertex   5.000000e-01 1.455247e+02 -6.430415e+01
      vertex   5.000000e-01 1.448877e+02 -6.340000e+01
      vertex   5.000000e-01 1.380000e+02 -6.900000e+01
    endloop
  endfacet
  facet normal 1.000000e+00 0.000000e+00 -0.000000e+00
    outer loop
      vertex   5.000000e-01 1.380000e+02 -6.900000e+01
      vertex   5.000000e-01 1.448877e+02 -6.340000e+01
      vertex   5.000000e-01 1.377900e+02 -6.590000e+01
    endloop
  endfacet
  facet normal 1.000000e+00 0.000000e+00 0.000000e+00
    outer loop
      vertex   5.000000e-01 1.380000e+02 -6.900000e+01
      vertex   5.000000e-01 1.377900e+02 -6.590000e+01
      vertex   5.000000e-01 1.377627e+02 -6.610706e+01
    endloop
  endfacet
  facet normal 1.000000e+00 -0.000000e+00 0.000000e+00
    outer loop
      vertex   5.000000e-01 1.242000e+02 -6.340000e+01
      vertex   5.000000e-01 1.369900e+02 -6.510000e+01
      vertex   5.000000e-01 1.448877e+02 -6.340000e+01
    endloop
  endfacet
  facet normal 1.000000e+00 0.000000e+00 0.000000e+00
    outer loop
      vertex   5.000000e-01 1.448877e+02 -6.340000e+01
      vertex   5.000000e-01 1.369900e+02 -6.510000e+01
      vertex   5.000000e-01 1.371971e+02 -6.512726e+01
    endloop
  endfacet
  facet normal 1.000000e+00 0.000000e+00 0.000000e+00
    outer loop
      vertex   5.000000e-01 1.448877e+02 -6.340000e+01
      vertex   5.000000e-01 1.371971e+02 -6.512726e+01
      vertex   5.000000e-01 1.373900e+02 -6.520718e+01
    endloop
  endfacet
  facet normal 1.000000e+00 0.000000e+00 0.000000e+00
    outer loop
      vertex   5.000000e-01 1.242000e+02 -6.320000e+01
      vertex   5.000000e-01 1.220000e+02 -6.530000e+01
      vertex   5.000000e-01 1.242000e+02 -6.340000e+01
    endloop
  endfacet
  facet normal 1.000000e+00 0.000000e+00 0.000000e+00
    outer loop
      vertex   5.000000e-01 1.242000e+02 -6.340000e+01
      vertex   5.000000e-01 1.220000e+02 -6.530000e+01
      vertex   5.000000e-01 1.240000e+02 -6.530000e+01
    endloop
  endfacet
  facet normal 1.000000e+00 0.000000e+00 0.000000e+00
    outer loop
      vertex   5.000000e-01 1.242000e+02 -6.340000e+01
      vertex   5.000000e-01 1.240000e+02 -6.530000e+01
      vertex   5.000000e-01 1.361900e+02 -6.590000e+01
    endloop
  endfacet
  facet normal 1.000000e+00 0.000000e+00 0.000000e+00
    outer loop
      vertex   5.000000e-01 1.361900e+02 -6.590000e+01
      vertex   5.000000e-01 1.240000e+02 -6.530000e+01
      vertex   5.000000e-01 1.362173e+02 -6.610706e+01
    endloop
  endfacet
  facet normal 1.000000e+00 0.000000e+00 0.000000e+00
    outer loop
      vertex   5.000000e-01 1.362173e+02 -6.610706e+01
      vertex   5.000000e-01 1.240000e+02 -6.530000e+01
      vertex   5.000000e-01 1.240000e+02 -7.190000e+01
    endloop
  endfacet
  facet normal 1.000000e+00 0.000000e+00 0.000000e+00
    outer loop
      vertex   5.000000e-01 1.362173e+02 -6.610706e+01
      vertex   5.000000e-01 1.240000e+02 -7.190000e+01
      vertex   5.000000e-01 1.362972e+02 -6.630000e+01
    endloop
  endfacet
  facet normal 1.000000e+00 0.000000e+00 0.000000e+00
    outer loop
      vertex   5.000000e-01 1.362972e+02 -6.630000e+01
      vertex   5.000000e-01 1.240000e+02 -7.190000e+01
      vertex   5.000000e-01 1.380000e+02 -7.900000e+01
    endloop
  endfacet
  facet normal 1.000000e+00 0.000000e+00 0.000000e+00
    outer loop
      vertex   5.000000e-01 1.362972e+02 -6.630000e+01
      vertex   5.000000e-01 1.380000e+02 -7.900000e+01
      vertex   5.000000e-01 1.364243e+02 -6.646569e+01
    endloop
  endfacet
  facet normal 1.000000e+00 0.000000e+00 0.000000e+00
    outer loop
      vertex   5.000000e-01 1.364243e+02 -6.646569e+01
      vertex   5.000000e-01 1.380000e+02 -7.900000e+01
      vertex   5.000000e-01 1.380000e+02 -6.900000e+01
    endloop
  endfacet
  facet normal 1.000000e+00 0.000000e+00 0.000000e+00
    outer loop
      vertex   5.000000e-01 1.364243e+02 -6.646569e+01
      vertex   5.000000e-01 1.380000e+02 -6.900000e+01
      vertex   5.000000e-01 1.365900e+02 -6.659282e+01
    endloop
  endfacet
  facet normal 1.000000e+00 0.000000e+00 0.000000e+00
    outer loop
      vertex   5.000000e-01 1.365900e+02 -6.659282e+01
      vertex   5.000000e-01 1.380000e+02 -6.900000e+01
      vertex   5.000000e-01 1.367829e+02 -6.667274e+01
    endloop
  endfacet
  facet normal 1.000000e+00 0.000000e+00 0.000000e+00
    outer loop
      vertex   5.000000e-01 1.367829e+02 -6.667274e+01
      vertex   5.000000e-01 1.380000e+02 -6.900000e+01
      vertex   5.000000e-01 1.369900e+02 -6.670000e+01
    endloop
  endfacet
  facet normal 1.000000e+00 -0.000000e+00 0.000000e+00
    outer loop
      vertex   5.000000e-01 1.369900e+02 -6.670000e+01
      vertex   5.000000e-01 1.380000e+02 -6.900000e+01
      vertex   5.000000e-01 1.371971e+02 -6.667274e+01
    endloop
  endfacet
  facet normal 1.000000e+00 -0.000000e+00 0.000000e+00
    outer loop
      vertex   5.000000e-01 1.371971e+02 -6.667274e+01
      vertex   5.000000e-01 1.380000e+02 -6.900000e+01
      vertex   5.000000e-01 1.373900e+02 -6.659282e+01
    endloop
  endfacet
  facet normal 1.000000e+00 -0.000000e+00 0.000000e+00
    outer loop
      vertex   5.000000e-01 1.373900e+02 -6.659282e+01
      vertex   5.000000e-01 1.380000e+02 -6.900000e+01
      vertex   5.000000e-01 1.375557e+02 -6.646569e+01
    endloop
  endfacet
  facet normal 1.000000e+00 -0.000000e+00 0.000000e+00
    outer loop
      vertex   5.000000e-01 1.375557e+02 -6.646569e+01
      vertex   5.000000e-01 1.380000e+02 -6.900000e+01
      vertex   5.000000e-01 1.376828e+02 -6.630000e+01
    endloop
  endfacet
  facet normal 1.000000e+00 -0.000000e+00 0.000000e+00
    outer loop
      vertex   5.000000e-01 1.376828e+02 -6.630000e+01
      vertex   5.000000e-01 1.380000e+02 -6.900000e+01
      vertex   5.000000e-01 1.377627e+02 -6.610706e+01
    endloop
  endfacet
  facet normal 1.000000e+00 0.000000e+00 -0.000000e+00
    outer loop
      vertex   5.000000e-01 1.220000e+02 -6.530000e+01
      vertex   5.000000e-01 1.242000e+02 -6.320000e+01
      vertex   5.000000e-01 1.210000e+02 -6.520000e+01
    endloop
  endfacet
  facet normal 1.000000e+00 -1.920801e-18 3.073282e-18
    outer loop
      vertex   5.000000e-01 1.210000e+02 -6.520000e+01
      vertex   5.000000e-01 1.242000e+02 -6.320000e+01
      vertex   5.000000e-01 9.530000e+01 -6.320000e+01
    endloop
  endfacet
  facet normal 1.000000e+00 7.262724e-28 2.775557e-17
    outer loop
      vertex   5.000000e-01 1.210000e+02 -6.520000e+01
      vertex   5.000000e-01 9.530000e+01 -6.320000e+01
      vertex   5.000000e-01 9.326119e+01 -6.520000e+01
    endloop
  endfacet
  facet normal 1.000000e+00 2.599763e-17 1.253512e-18
    outer loop
      vertex   5.000000e-01 9.326119e+01 -6.520000e+01
      vertex   5.000000e-01 9.530000e+01 -6.320000e+01
      vertex   5.000000e-01 9.321489e+01 -6.423965e+01
    endloop
  endfacet
  facet normal 1.000000e+00 0.000000e+00 0.000000e+00
    outer loop
      vertex   5.000000e-01 9.326119e+01 -6.520000e+01
      vertex   5.000000e-01 9.321489e+01 -6.423965e+01
      vertex   5.000000e-01 9.325321e+01 -6.520031e+01
    endloop
  endfacet
  facet normal 1.000000e+00 2.137190e-17 0.000000e+00
    outer loop
      vertex   5.000000e-01 9.530000e+01 -4.970000e+01
      vertex   5.000000e-01 9.270261e+01 -5.759267e+01
      vertex   5.000000e-01 9.530000e+01 -6.320000e+01
    endloop
  endfacet
  facet normal 1.000000e+00 3.114920e-17 4.528981e-18
    outer loop
      vertex   5.000000e-01 9.530000e+01 -6.320000e+01
      vertex   5.000000e-01 9.270261e+01 -5.759267e+01
      vertex   5.000000e-01 9.287596e+01 -5.878492e+01
    endloop
  endfacet
  facet normal 1.000000e+00 2.953332e-17 3.641799e-18
    outer loop
      vertex   5.000000e-01 9.530000e+01 -6.320000e+01
      vertex   5.000000e-01 9.287596e+01 -5.878492e+01
      vertex   5.000000e-01 9.295443e+01 -5.942133e+01
    endloop
  endfacet
  facet normal 1.000000e+00 -5.551124e-17 0.000000e+00
    outer loop
      vertex   5.000000e-01 9.630000e+01 -4.970000e+01
      vertex   5.000000e-01 9.630000e+01 -3.720000e+01
      vertex   5.000000e-01 9.530000e+01 -4.970000e+01
    endloop
  endfacet
  facet normal 1.000000e+00 7.754964e-18 -5.061288e-18
    outer loop
      vertex   5.000000e-01 9.530000e+01 -4.970000e+01
      vertex   5.000000e-01 9.630000e+01 -3.720000e+01
      vertex   5.000000e-01 9.149578e+01 -4.456108e+01
    endloop
  endfacet
  facet normal 1.000000e+00 1.720968e-17 1.937822e-18
    outer loop
      vertex   5.000000e-01 9.530000e+01 -4.970000e+01
      vertex   5.000000e-01 9.149578e+01 -4.456108e+01
      vertex   5.000000e-01 9.153469e+01 -4.490663e+01
    endloop
  endfacet
  facet normal 1.000000e+00 0.000000e+00 0.000000e+00
    outer loop
      vertex   5.000000e-01 1.154135e+02 -3.720000e+01
      vertex   5.000000e-01 1.059900e+02 -3.550000e+01
      vertex   5.000000e-01 9.630000e+01 -3.720000e+01
    endloop
  endfacet
  facet normal 1.000000e+00 0.000000e+00 0.000000e+00
    outer loop
      vertex   5.000000e-01 9.630000e+01 -3.720000e+01
      vertex   5.000000e-01 1.059900e+02 -3.550000e+01
      vertex   5.000000e-01 1.057829e+02 -3.547274e+01
    endloop
  endfacet
  facet normal 1.000000e+00 0.000000e+00 0.000000e+00
    outer loop
      vertex   5.000000e-01 9.630000e+01 -3.720000e+01
      vertex   5.000000e-01 1.057829e+02 -3.547274e+01
      vertex   5.000000e-01 1.055900e+02 -3.539282e+01
    endloop
  endfacet
  facet normal 1.000000e+00 6.115922e-17 2.800670e-16
    outer loop
      vertex   5.000000e-01 1.147398e+02 -3.626005e+01
      vertex   5.000000e-01 1.065557e+02 -3.526569e+01
      vertex   5.000000e-01 1.154135e+02 -3.720000e+01
    endloop
  endfacet
  facet normal 1.000000e+00 0.000000e+00 0.000000e+00
    outer loop
      vertex   5.000000e-01 1.154135e+02 -3.720000e+01
      vertex   5.000000e-01 1.065557e+02 -3.526569e+01
      vertex   5.000000e-01 1.063900e+02 -3.539282e+01
    endloop
  endfacet
  facet normal 1.000000e+00 0.000000e+00 0.000000e+00
    outer loop
      vertex   5.000000e-01 1.154135e+02 -3.720000e+01
      vertex   5.000000e-01 1.063900e+02 -3.539282e+01
      vertex   5.000000e-01 1.061971e+02 -3.547274e+01
    endloop
  endfacet
  facet normal 1.000000e+00 1.516850e-16 1.025139e-15
    outer loop
      vertex   5.000000e-01 1.147398e+02 -3.626005e+01
      vertex   5.000000e-01 1.140900e+02 -3.529751e+01
      vertex   5.000000e-01 1.065557e+02 -3.526569e+01
    endloop
  endfacet
  facet normal 1.000000e+00 1.468787e-16 -1.127040e-16
    outer loop
      vertex   5.000000e-01 1.065557e+02 -3.526569e+01
      vertex   5.000000e-01 1.140900e+02 -3.529751e+01
      vertex   5.000000e-01 1.066828e+02 -3.510000e+01
    endloop
  endfacet
  facet normal 1.000000e+00 1.701321e-16 7.593669e-16
    outer loop
      vertex   5.000000e-01 1.066828e+02 -3.510000e+01
      vertex   5.000000e-01 1.140900e+02 -3.529751e+01
      vertex   5.000000e-01 1.135126e+02 -3.436403e+01
    endloop
  endfacet
  facet normal 1.000000e+00 2.637328e-16 -1.092417e-16
    outer loop
      vertex   5.000000e-01 1.066828e+02 -3.510000e+01
      vertex   5.000000e-01 1.135126e+02 -3.436403e+01
      vertex   5.000000e-01 1.067627e+02 -3.490706e+01
    endloop
  endfacet
  facet normal 1.000000e+00 2.342252e-16 2.575388e-16
    outer loop
      vertex   5.000000e-01 1.067627e+02 -3.490706e+01
      vertex   5.000000e-01 1.135126e+02 -3.436403e+01
      vertex   5.000000e-01 1.132662e+02 -3.392431e+01
    endloop
  endfacet
  facet normal 1.000000e+00 2.534566e-16 1.302728e-16
    outer loop
      vertex   5.000000e-01 1.067627e+02 -3.490706e+01
      vertex   5.000000e-01 1.132662e+02 -3.392431e+01
      vertex   5.000000e-01 1.130522e+02 -3.350808e+01
    endloop
  endfacet
  facet normal 1.000000e+00 2.909536e-16 -3.830477e-17
    outer loop
      vertex   5.000000e-01 1.067627e+02 -3.490706e+01
      vertex   5.000000e-01 1.130522e+02 -3.350808e+01
      vertex   5.000000e-01 1.067900e+02 -3.470000e+01
    endloop
  endfacet
  facet normal 1.000000e+00 2.552865e-16 1.490856e-16
    outer loop
      vertex   5.000000e-01 1.067900e+02 -3.470000e+01
      vertex   5.000000e-01 1.130522e+02 -3.350808e+01
      vertex   5.000000e-01 1.123350e+02 -3.190760e+01
    endloop
  endfacet
  facet normal 1.000000e+00 3.098235e-16 4.078904e-17
    outer loop
      vertex   5.000000e-01 1.067900e+02 -3.470000e+01
      vertex   5.000000e-01 1.123350e+02 -3.190760e+01
      vertex   5.000000e-01 1.067627e+02 -3.449295e+01
    endloop
  endfacet
  facet normal 1.000000e+00 2.488156e-16 1.722808e-16
    outer loop
      vertex   5.000000e-01 1.067627e+02 -3.449295e+01
      vertex   5.000000e-01 1.123350e+02 -3.190760e+01
      vertex   5.000000e-01 1.119616e+02 -3.104608e+01
    endloop
  endfacet
  facet normal 1.000000e+00 3.435423e-16 2.940681e-17
    outer loop
      vertex   5.000000e-01 1.067627e+02 -3.449295e+01
      vertex   5.000000e-01 1.119616e+02 -3.104608e+01
      vertex   5.000000e-01 1.115649e+02 -3.018728e+01
    endloop
  endfacet
  facet normal 1.000000e+00 2.697329e-16 1.117270e-16
    outer loop
      vertex   5.000000e-01 1.067627e+02 -3.449295e+01
      vertex   5.000000e-01 1.115649e+02 -3.018728e+01
      vertex   5.000000e-01 1.066828e+02 -3.430000e+01
    endloop
  endfacet
  facet normal 1.000000e+00 2.575461e-16 1.261936e-16
    outer loop
      vertex   5.000000e-01 1.066828e+02 -3.430000e+01
      vertex   5.000000e-01 1.115649e+02 -3.018728e+01
      vertex   5.000000e-01 1.111933e+02 -2.942896e+01
    endloop
  endfacet
  facet normal 1.000000e+00 2.546540e-16 1.288717e-16
    outer loop
      vertex   5.000000e-01 1.066828e+02 -3.430000e+01
      vertex   5.000000e-01 1.111933e+02 -2.942896e+01
      vertex   5.000000e-01 1.108413e+02 -2.873334e+01
    endloop
  endfacet
  facet normal 1.000000e+00 2.107204e-16 1.616915e-16
    outer loop
      vertex   5.000000e-01 1.066828e+02 -3.430000e+01
      vertex   5.000000e-01 1.108413e+02 -2.873334e+01
      vertex   5.000000e-01 1.065557e+02 -3.413432e+01
    endloop
  endfacet
  facet normal 1.000000e+00 2.555776e-16 1.260978e-16
    outer loop
      vertex   5.000000e-01 1.065557e+02 -3.413432e+01
      vertex   5.000000e-01 1.108413e+02 -2.873334e+01
      vertex   5.000000e-01 1.101767e+02 -2.738631e+01
    endloop
  endfacet
  facet normal 1.000000e+00 1.430794e-16 1.864648e-16
    outer loop
      vertex   5.000000e-01 1.065557e+02 -3.413432e+01
      vertex   5.000000e-01 1.101767e+02 -2.738631e+01
      vertex   5.000000e-01 1.063900e+02 -3.400718e+01
    endloop
  endfacet
  facet normal 1.000000e+00 2.616268e-16 1.186637e-16
    outer loop
      vertex   5.000000e-01 1.063900e+02 -3.400718e+01
      vertex   5.000000e-01 1.101767e+02 -2.738631e+01
      vertex   5.000000e-01 1.098933e+02 -2.676160e+01
    endloop
  endfacet
  facet normal 1.000000e+00 8.460560e-17 2.042560e-16
    outer loop
      vertex   5.000000e-01 1.063900e+02 -3.400718e+01
      vertex   5.000000e-01 1.098933e+02 -2.676160e+01
      vertex   5.000000e-01 1.061971e+02 -3.392726e+01
    endloop
  endfacet
  facet normal 1.000000e+00 2.638046e-16 1.118191e-16
    outer loop
      vertex   5.000000e-01 1.061971e+02 -3.392726e+01
      vertex   5.000000e-01 1.098933e+02 -2.676160e+01
      vertex   5.000000e-01 1.096534e+02 -2.619557e+01
    endloop
  endfacet
  facet normal 1.000000e+00 2.856597e-17 2.169801e-16
    outer loop
      vertex   5.000000e-01 1.061971e+02 -3.392726e+01
      vertex   5.000000e-01 1.096534e+02 -2.619557e+01
      vertex   5.000000e-01 1.059900e+02 -3.390000e+01
    endloop
  endfacet
  facet normal 1.000000e+00 2.645166e-16 1.047865e-16
    outer loop
      vertex   5.000000e-01 1.059900e+02 -3.390000e+01
      vertex   5.000000e-01 1.096534e+02 -2.619557e+01
      vertex   5.000000e-01 1.094468e+02 -2.567407e+01
    endloop
  endfacet
  facet normal 1.000000e+00 2.721268e-16 1.015884e-16
    outer loop
      vertex   5.000000e-01 1.059900e+02 -3.390000e+01
      vertex   5.000000e-01 1.094468e+02 -2.567407e+01
      vertex   5.000000e-01 1.092635e+02 -2.518289e+01
    endloop
  endfacet
  facet normal 1.000000e+00 -2.822323e-17 2.143767e-16
    outer loop
      vertex   5.000000e-01 1.059900e+02 -3.390000e+01
      vertex   5.000000e-01 1.092635e+02 -2.518289e+01
      vertex   5.000000e-01 1.057829e+02 -3.392726e+01
    endloop
  endfacet
  facet normal 1.000000e+00 2.694427e-16 9.589650e-17
    outer loop
      vertex   5.000000e-01 1.057829e+02 -3.392726e+01
      vertex   5.000000e-01 1.092635e+02 -2.518289e+01
      vertex   5.000000e-01 1.089261e+02 -2.423485e+01
    endloop
  endfacet
  facet normal 1.000000e+00 2.651889e-16 9.727594e-17
    outer loop
      vertex   5.000000e-01 1.057829e+02 -3.392726e+01
      vertex   5.000000e-01 1.089261e+02 -2.423485e+01
      vertex   5.000000e-01 1.085604e+02 -2.323803e+01
    endloop
  endfacet
  facet normal 1.000000e+00 2.098189e-16 8.309095e-17
    outer loop
      vertex   5.000000e-01 1.083417e+02 -2.268588e+01
      vertex   5.000000e-01 1.000000e+02 -2.300000e+01
      vertex   5.000000e-01 1.085604e+02 -2.323803e+01
    endloop
  endfacet
  facet normal 1.000000e+00 2.104807e-16 1.068927e-16
    outer loop
      vertex   5.000000e-01 1.085604e+02 -2.323803e+01
      vertex   5.000000e-01 1.000000e+02 -2.300000e+01
      vertex   5.000000e-01 1.055900e+02 -3.400718e+01
    endloop
  endfacet
  facet normal 1.000000e+00 -7.713690e-17 1.862249e-16
    outer loop
      vertex   5.000000e-01 1.085604e+02 -2.323803e+01
      vertex   5.000000e-01 1.055900e+02 -3.400718e+01
      vertex   5.000000e-01 1.057829e+02 -3.392726e+01
    endloop
  endfacet
  facet normal 1.000000e+00 2.096186e-16 8.841128e-17
    outer loop
      vertex   5.000000e-01 1.083417e+02 -2.268588e+01
      vertex   5.000000e-01 1.080869e+02 -2.208159e+01
      vertex   5.000000e-01 1.000000e+02 -2.300000e+01
    endloop
  endfacet
  facet normal 1.000000e+00 2.087449e-16 9.610404e-17
    outer loop
      vertex   5.000000e-01 1.000000e+02 -2.300000e+01
      vertex   5.000000e-01 1.080869e+02 -2.208159e+01
      vertex   5.000000e-01 1.075409e+02 -2.089564e+01
    endloop
  endfacet
  facet normal 1.000000e+00 2.062763e-16 1.049501e-16
    outer loop
      vertex   5.000000e-01 1.000000e+02 -2.300000e+01
      vertex   5.000000e-01 1.075409e+02 -2.089564e+01
      vertex   5.000000e-01 1.069784e+02 -1.979012e+01
    endloop
  endfacet
  facet normal 1.000000e+00 2.032204e-16 1.115939e-16
    outer loop
      vertex   5.000000e-01 1.069784e+02 -1.979012e+01
      vertex   5.000000e-01 1.064028e+02 -1.874191e+01
      vertex   5.000000e-01 1.000000e+02 -2.300000e+01
    endloop
  endfacet
  facet normal 1.000000e+00 1.866222e-16 1.365521e-16
    outer loop
      vertex   5.000000e-01 1.000000e+02 -2.300000e+01
      vertex   5.000000e-01 1.064028e+02 -1.874191e+01
      vertex   5.000000e-01 1.052301e+02 -1.673264e+01
    endloop
  endfacet
  facet normal 1.000000e+00 2.885591e-16 5.148652e-17
    outer loop
      vertex   5.000000e-01 1.000000e+02 -2.300000e+01
      vertex   5.000000e-01 1.052301e+02 -1.673264e+01
      vertex   5.000000e-01 1.049547e+02 -1.626752e+01
    endloop
  endfacet
  facet normal 1.000000e+00 7.096771e-18 2.586259e-16
    outer loop
      vertex   5.000000e-01 1.049547e+02 -1.626752e+01
      vertex   5.000000e-01 1.046960e+02 -1.583114e+01
      vertex   5.000000e-01 1.000000e+02 -2.300000e+01
    endloop
  endfacet
  facet normal 1.000000e+00 3.226876e-16 5.189831e-17
    outer loop
      vertex   5.000000e-01 1.000000e+02 -2.300000e+01
      vertex   5.000000e-01 1.046960e+02 -1.583114e+01
      vertex   5.000000e-01 1.042244e+02 -1.503866e+01
    endloop
  endfacet
  facet normal 1.000000e+00 1.268279e-16 1.558255e-16
    outer loop
      vertex   5.000000e-01 1.000000e+02 -2.300000e+01
      vertex   5.000000e-01 1.042244e+02 -1.503866e+01
      vertex   5.000000e-01 1.038078e+02 -1.434330e+01
    endloop
  endfacet
  facet normal 1.000000e+00 4.810847e-16 -0.000000e+00
    outer loop
      vertex   5.000000e-01 1.000000e+02 -2.300000e+01
      vertex   5.000000e-01 1.038078e+02 -1.434330e+01
      vertex   5.000000e-01 1.000000e+02 -1.300000e+01
    endloop
  endfacet
  facet normal 1.000000e+00 5.709923e-16 2.548565e-16
    outer loop
      vertex   5.000000e-01 1.000000e+02 -1.300000e+01
      vertex   5.000000e-01 1.038078e+02 -1.434330e+01
      vertex   5.000000e-01 1.034382e+02 -1.373313e+01
    endloop
  endfacet
  facet normal 1.000000e+00 5.946329e-16 3.657256e-16
    outer loop
      vertex   5.000000e-01 1.000000e+02 -1.300000e+01
      vertex   5.000000e-01 1.034382e+02 -1.373313e+01
      vertex   5.000000e-01 1.031080e+02 -1.319624e+01
    endloop
  endfacet
  facet normal 1.000000e+00 5.951377e-16 3.737209e-16
    outer loop
      vertex   5.000000e-01 1.031080e+02 -1.319624e+01
      vertex   5.000000e-01 1.028094e+02 -1.272071e+01
      vertex   5.000000e-01 1.000000e+02 -1.300000e+01
    endloop
  endfacet
  facet normal 1.000000e+00 5.941983e-16 3.831709e-16
    outer loop
      vertex   5.000000e-01 1.000000e+02 -1.300000e+01
      vertex   5.000000e-01 1.028094e+02 -1.272071e+01
      vertex   5.000000e-01 1.025346e+02 -1.229462e+01
    endloop
  endfacet
  facet normal 1.000000e+00 5.912898e-16 3.936220e-16
    outer loop
      vertex   5.000000e-01 1.000000e+02 -1.300000e+01
      vertex   5.000000e-01 1.025346e+02 -1.229462e+01
      vertex   5.000000e-01 1.022760e+02 -1.190605e+01
    endloop
  endfacet
  facet normal 1.000000e+00 5.507162e-16 4.780355e-16
    outer loop
      vertex   5.000000e-01 1.022760e+02 -1.190605e+01
      vertex   5.000000e-01 1.012473e+02 -1.048871e+01
      vertex   5.000000e-01 1.000000e+02 -1.300000e+01
    endloop
  endfacet
  facet normal 1.000000e+00 7.007378e-16 4.035252e-16
    outer loop
      vertex   5.000000e-01 1.000000e+02 -1.300000e+01
      vertex   5.000000e-01 1.012473e+02 -1.048871e+01
      vertex   5.000000e-01 1.006479e+02 -9.723065e+00
    endloop
  endfacet
  facet normal 1.000000e+00 5.341891e-16 4.364560e-16
    outer loop
      vertex   5.000000e-01 1.000000e+02 -1.300000e+01
      vertex   5.000000e-01 1.006479e+02 -9.723065e+00
      vertex   5.000000e-01 1.000572e+02 -9.000007e+00
    endloop
  endfacet
  facet normal 1.000000e+00 5.107365e-16 4.367912e-16
    outer loop
      vertex   5.000000e-01 1.000572e+02 -9.000007e+00
      vertex   5.000000e-01 9.949230e+01 -8.339510e+00
      vertex   5.000000e-01 1.000000e+02 -1.300000e+01
    endloop
  endfacet
  facet normal 1.000000e+00 4.844237e-16 4.339247e-16
    outer loop
      vertex   5.000000e-01 1.000000e+02 -1.300000e+01
      vertex   5.000000e-01 9.949230e+01 -8.339510e+00
      vertex   5.000000e-01 9.895394e+01 -7.738504e+00
    endloop
  endfacet
  facet normal 1.000000e+00 4.562809e-16 4.283295e-16
    outer loop
      vertex   5.000000e-01 1.000000e+02 -1.300000e+01
      vertex   5.000000e-01 9.895394e+01 -7.738504e+00
      vertex   5.000000e-01 9.844272e+01 -7.193918e+00
    endloop
  endfacet
  facet normal 1.000000e+00 4.273014e-16 4.205568e-16
    outer loop
      vertex   5.000000e-01 9.844272e+01 -7.193918e+00
      vertex   5.000000e-01 9.795923e+01 -6.702680e+00
      vertex   5.000000e-01 1.000000e+02 -1.300000e+01
    endloop
  endfacet
  facet normal 1.000000e+00 0.000000e+00 2.820814e-16
    outer loop
      vertex   5.000000e-01 1.000000e+02 -1.300000e+01
      vertex   5.000000e-01 9.795923e+01 -6.702680e+00
      vertex   5.000000e-01 9.000000e+01 -1.300000e+01
    endloop
  endfacet
  facet normal 1.000000e+00 1.228556e-16 1.268032e-16
    outer loop
      vertex   5.000000e-01 9.000000e+01 -1.300000e+01
      vertex   5.000000e-01 9.795923e+01 -6.702680e+00
      vertex   5.000000e-01 9.750410e+01 -6.261721e+00
    endloop
  endfacet
  facet normal 1.000000e+00 1.200487e-16 1.299292e-16
    outer loop
      vertex   5.000000e-01 9.000000e+01 -1.300000e+01
      vertex   5.000000e-01 9.750410e+01 -6.261721e+00
      vertex   5.000000e-01 9.707794e+01 -5.867968e+00
    endloop
  endfacet
  facet normal 1.000000e+00 1.171124e-16 1.328433e-16
    outer loop
      vertex   5.000000e-01 9.707794e+01 -5.867968e+00
      vertex   5.000000e-01 9.668137e+01 -5.518353e+00
      vertex   5.000000e-01 9.000000e+01 -1.300000e+01
    endloop
  endfacet
  facet normal 1.000000e+00 1.141229e-16 1.355129e-16
    outer loop
      vertex   5.000000e-01 9.000000e+01 -1.300000e+01
      vertex   5.000000e-01 9.668137e+01 -5.518353e+00
      vertex   5.000000e-01 9.631499e+01 -5.209804e+00
    endloop
  endfacet
  facet normal 1.000000e+00 1.114076e-17 2.189936e-16
    outer loop
      vertex   5.000000e-01 9.000000e+01 -1.300000e+01
      vertex   5.000000e-01 9.631499e+01 -5.209804e+00
      vertex   5.000000e-01 9.597942e+01 -4.939249e+00
    endloop
  endfacet
  facet normal 1.000000e+00 3.436174e-16 -2.763547e-17
    outer loop
      vertex   5.000000e-01 9.597942e+01 -4.939249e+00
      vertex   5.000000e-01 9.567527e+01 -4.703619e+00
      vertex   5.000000e-01 9.000000e+01 -1.300000e+01
    endloop
  endfacet
  facet normal 1.000000e+00 -3.019771e-16 4.139933e-16
    outer loop
      vertex   5.000000e-01 9.000000e+01 -1.300000e+01
      vertex   5.000000e-01 9.567527e+01 -4.703619e+00
      vertex   5.000000e-01 9.540316e+01 -4.499843e+00
    endloop
  endfacet
  facet normal 1.000000e+00 4.273724e-16 -4.962025e-17
    outer loop
      vertex   5.000000e-01 9.000000e+01 -1.300000e+01
      vertex   5.000000e-01 9.540316e+01 -4.499843e+00
      vertex   5.000000e-01 9.516369e+01 -4.324849e+00
    endloop
  endfacet
  facet normal 1.000000e+00 1.035518e-16 1.431269e-16
    outer loop
      vertex   5.000000e-01 9.516369e+01 -4.324849e+00
      vertex   5.000000e-01 9.477083e+01 -4.040615e+00
      vertex   5.000000e-01 9.000000e+01 -1.300000e+01
    endloop
  endfacet
  facet normal 1.000000e+00 3.234093e-16 2.605374e-17
    outer loop
      vertex   5.000000e-01 9.000000e+01 -1.300000e+01
      vertex   5.000000e-01 9.477083e+01 -4.040615e+00
      vertex   5.000000e-01 9.440665e+01 -3.781274e+00
    endloop
  endfacet
  facet normal 1.000000e+00 3.345646e-17 1.646544e-16
    outer loop
      vertex   5.000000e-01 9.000000e+01 -1.300000e+01
      vertex   5.000000e-01 9.440665e+01 -3.781274e+00
      vertex   5.000000e-01 9.371358e+01 -3.303310e+00
    endloop
  endfacet
  facet normal 1.000000e+00 6.405203e-16 -6.783527e-17
    outer loop
      vertex   5.000000e-01 9.371358e+01 -3.303310e+00
      vertex   5.000000e-01 9.306541e+01 -2.876926e+00
      vertex   5.000000e-01 9.000000e+01 -1.300000e+01
    endloop
  endfacet
  facet normal 1.000000e+00 2.203233e-16 5.940636e-17
    outer loop
      vertex   5.000000e-01 9.000000e+01 -1.300000e+01
      vertex   5.000000e-01 9.306541e+01 -2.876926e+00
      vertex   5.000000e-01 9.245957e+01 -2.498871e+00
    endloop
  endfacet
  facet normal 1.000000e+00 6.606956e-16 -4.373738e-17
    outer loop
      vertex   5.000000e-01 9.000000e+01 -1.300000e+01
      vertex   5.000000e-01 9.245957e+01 -2.498871e+00
      vertex   5.000000e-01 9.189348e+01 -2.165891e+00
    endloop
  endfacet
  facet normal 1.000000e+00 7.062108e-16 -5.169208e-17
    outer loop
      vertex   5.000000e-01 9.189348e+01 -2.165891e+00
      vertex   5.000000e-01 9.136456e+01 -1.874733e+00
      vertex   5.000000e-01 9.000000e+01 -1.300000e+01
    endloop
  endfacet
  facet normal 1.000000e+00 3.338195e-16 -6.016783e-18
    outer loop
      vertex   5.000000e-01 9.000000e+01 -1.300000e+01
      vertex   5.000000e-01 9.136456e+01 -1.874733e+00
      vertex   5.000000e-01 9.087024e+01 -1.622143e+00
    endloop
  endfacet
  facet normal 1.000000e+00 4.724928e-16 -1.662326e-17
    outer loop
      vertex   5.000000e-01 9.000000e+01 -1.300000e+01
      vertex   5.000000e-01 9.087024e+01 -1.622143e+00
      vertex   5.000000e-01 9.040794e+01 -1.404869e+00
    endloop
  endfacet
  facet normal 1.000000e+00 0.000000e+00 0.000000e+00
    outer loop
      vertex   5.000000e-01 9.040794e+01 -1.404869e+00
      vertex   5.000000e-01 8.997509e+01 -1.219658e+00
      vertex   5.000000e-01 9.000000e+01 -1.300000e+01
    endloop
  endfacet
  facet normal 1.000000e+00 0.000000e+00 0.000000e+00
    outer loop
      vertex   5.000000e-01 9.000000e+01 -1.300000e+01
      vertex   5.000000e-01 8.997509e+01 -1.219658e+00
      vertex   5.000000e-01 8.925691e+01 -9.409705e-01
    endloop
  endfacet
  facet normal 1.000000e+00 0.000000e+00 0.000000e+00
    outer loop
      vertex   5.000000e-01 9.000000e+01 -1.300000e+01
      vertex   5.000000e-01 8.925691e+01 -9.409705e-01
      vertex   5.000000e-01 8.848817e+01 -6.955667e-01
    endloop
  endfacet
  facet normal 1.000000e+00 0.000000e+00 0.000000e+00
    outer loop
      vertex   5.000000e-01 8.848817e+01 -6.955667e-01
      vertex   5.000000e-01 8.766139e+01 -4.791049e-01
      vertex   5.000000e-01 9.000000e+01 -1.300000e+01
    endloop
  endfacet
  facet normal 1.000000e+00 0.000000e+00 0.000000e+00
    outer loop
      vertex   5.000000e-01 9.000000e+01 -1.300000e+01
      vertex   5.000000e-01 8.766139e+01 -4.791049e-01
      vertex   5.000000e-01 8.305255e+01 -1.289538e+01
    endloop
  endfacet
  facet normal 1.000000e+00 -3.151321e-18 -2.092693e-16
    outer loop
      vertex   5.000000e-01 9.000000e+01 -1.300000e+01
      vertex   5.000000e-01 8.305255e+01 -1.289538e+01
      vertex   5.000000e-01 8.321794e+01 -1.316313e+01
    endloop
  endfacet
  facet normal 1.000000e+00 0.000000e+00 -0.000000e+00
    outer loop
      vertex   5.000000e-01 8.305255e+01 -1.289538e+01
      vertex   5.000000e-01 8.766139e+01 -4.791049e-01
      vertex   5.000000e-01 8.274369e+01 -1.244423e+01
    endloop
  endfacet
  facet normal 1.000000e+00 0.000000e+00 0.000000e+00
    outer loop
      vertex   5.000000e-01 8.274369e+01 -1.244423e+01
      vertex   5.000000e-01 8.766139e+01 -4.791049e-01
      vertex   5.000000e-01 8.676667e+01 -2.937772e-01
    endloop
  endfacet
  facet normal 1.000000e+00 0.000000e+00 -0.000000e+00
    outer loop
      vertex   5.000000e-01 8.274369e+01 -1.244423e+01
      vertex   5.000000e-01 8.676667e+01 -2.937772e-01
      vertex   5.000000e-01 8.238111e+01 -1.193176e+01
    endloop
  endfacet
  facet normal 1.000000e+00 0.000000e+00 0.000000e+00
    outer loop
      vertex   5.000000e-01 8.238111e+01 -1.193176e+01
      vertex   5.000000e-01 8.676667e+01 -2.937772e-01
      vertex   5.000000e-01 8.589205e+01 -1.511471e-01
    endloop
  endfacet
  facet normal 1.000000e+00 0.000000e+00 0.000000e+00
    outer loop
      vertex   5.000000e-01 8.238111e+01 -1.193176e+01
      vertex   5.000000e-01 8.589205e+01 -1.511471e-01
      vertex   5.000000e-01 8.568613e+01 -1.229053e-01
    endloop
  endfacet
  facet normal 1.000000e+00 0.000000e+00 -0.000000e+00
    outer loop
      vertex   5.000000e-01 8.238111e+01 -1.193176e+01
      vertex   5.000000e-01 8.568613e+01 -1.229053e-01
      vertex   5.000000e-01 8.197359e+01 -1.140132e+01
    endloop
  endfacet
  facet normal 1.000000e+00 1.755771e-15 -5.779517e-16
    outer loop
      vertex   5.000000e-01 8.197359e+01 -1.140132e+01
      vertex   5.000000e-01 8.568613e+01 -1.229053e-01
      vertex   5.000000e-01 8.556486e+01 -1.071292e-01
    endloop
  endfacet
  facet normal 1.000000e+00 -9.881793e-16 2.945564e-16
    outer loop
      vertex   5.000000e-01 8.197359e+01 -1.140132e+01
      vertex   5.000000e-01 8.556486e+01 -1.071292e-01
      vertex   5.000000e-01 8.534812e+01 -8.041763e-02
    endloop
  endfacet
  facet normal 1.000000e+00 0.000000e+00 0.000000e+00
    outer loop
      vertex   5.000000e-01 8.534812e+01 -8.041763e-02
      vertex   5.000000e-01 8.503763e+01 -4.500793e-02
      vertex   5.000000e-01 8.197359e+01 -1.140132e+01
    endloop
  endfacet
  facet normal 1.000000e+00 0.000000e+00 0.000000e+00
    outer loop
      vertex   5.000000e-01 8.197359e+01 -1.140132e+01
      vertex   5.000000e-01 8.503763e+01 -4.500793e-02
      vertex   5.000000e-01 8.464665e+01 -4.685192e-03
    endloop
  endfacet
  facet normal 1.000000e+00 0.000000e+00 -0.000000e+00
    outer loop
      vertex   5.000000e-01 8.197359e+01 -1.140132e+01
      vertex   5.000000e-01 8.464665e+01 -4.685192e-03
      vertex   5.000000e-01 8.152818e+01 -1.090403e+01
    endloop
  endfacet
  facet normal 1.000000e+00 0.000000e+00 0.000000e+00
    outer loop
      vertex   5.000000e-01 8.152818e+01 -1.090403e+01
      vertex   5.000000e-01 8.464665e+01 -4.685192e-03
      vertex   5.000000e-01 8.418844e+01 3.676549e-02
    endloop
  endfacet
  facet normal 1.000000e+00 0.000000e+00 0.000000e+00
    outer loop
      vertex   5.000000e-01 8.152818e+01 -1.090403e+01
      vertex   5.000000e-01 8.418844e+01 3.676549e-02
      vertex   5.000000e-01 8.367626e+01 7.555899e-02
    endloop
  endfacet
  facet normal 1.000000e+00 0.000000e+00 -0.000000e+00
    outer loop
      vertex   5.000000e-01 8.152818e+01 -1.090403e+01
      vertex   5.000000e-01 8.367626e+01 7.555899e-02
      vertex   5.000000e-01 8.098323e+01 -1.038084e+01
    endloop
  endfacet
  facet normal 1.000000e+00 0.000000e+00 0.000000e+00
    outer loop
      vertex   5.000000e-01 8.098323e+01 -1.038084e+01
      vertex   5.000000e-01 8.367626e+01 7.555899e-02
      vertex   5.000000e-01 8.254302e+01 1.300341e-01
    endloop
  endfacet
  facet normal 1.000000e+00 0.000000e+00 -0.000000e+00
    outer loop
      vertex   5.000000e-01 8.098323e+01 -1.038084e+01
      vertex   5.000000e-01 8.254302e+01 1.300341e-01
      vertex   5.000000e-01 8.070617e+01 -1.013276e+01
    endloop
  endfacet
  facet normal 1.000000e+00 0.000000e+00 -0.000000e+00
    outer loop
      vertex   5.000000e-01 8.070617e+01 -1.013276e+01
      vertex   5.000000e-01 8.254302e+01 1.300341e-01
      vertex   5.000000e-01 8.045258e+01 -9.915208e+00
    endloop
  endfacet
  facet normal 1.000000e+00 -4.516878e-16 9.399699e-17
    outer loop
      vertex   5.000000e-01 8.045258e+01 -9.915208e+00
      vertex   5.000000e-01 8.254302e+01 1.300341e-01
      vertex   5.000000e-01 8.024235e+01 -9.744347e+00
    endloop
  endfacet
  facet normal 1.000000e+00 1.488417e-20 -1.124694e-17
    outer loop
      vertex   5.000000e-01 8.024235e+01 -9.744347e+00
      vertex   5.000000e-01 8.254302e+01 1.300341e-01
      vertex   5.000000e-01 8.135300e+01 1.284592e-01
    endloop
  endfacet
  facet normal 1.000000e+00 6.697054e-16 -8.658441e-17
    outer loop
      vertex   5.000000e-01 8.024235e+01 -9.744347e+00
      vertex   5.000000e-01 8.135300e+01 1.284592e-01
      vertex   5.000000e-01 8.009102e+01 -9.632566e+00
    endloop
  endfacet
  facet normal 1.000000e+00 0.000000e+00 -0.000000e+00
    outer loop
      vertex   5.000000e-01 8.009102e+01 -9.632566e+00
      vertex   5.000000e-01 8.135300e+01 1.284592e-01
      vertex   5.000000e-01 7.982164e+01 -9.454940e+00
    endloop
  endfacet
  facet normal 1.000000e+00 0.000000e+00 -0.000000e+00
    outer loop
      vertex   5.000000e-01 7.982164e+01 -9.454940e+00
      vertex   5.000000e-01 8.135300e+01 1.284592e-01
      vertex   5.000000e-01 7.925248e+01 -9.075716e+00
    endloop
  endfacet
  facet normal 1.000000e+00 0.000000e+00 0.000000e+00
    outer loop
      vertex   5.000000e-01 7.925248e+01 -9.075716e+00
      vertex   5.000000e-01 8.135300e+01 1.284592e-01
      vertex   5.000000e-01 8.020264e+01 3.968881e-02
    endloop
  endfacet
  facet normal 1.000000e+00 0.000000e+00 -0.000000e+00
    outer loop
      vertex   5.000000e-01 7.925248e+01 -9.075716e+00
      vertex   5.000000e-01 8.020264e+01 3.968881e-02
      vertex   5.000000e-01 7.904014e+01 -8.934946e+00
    endloop
  endfacet
  facet normal 1.000000e+00 0.000000e+00 -0.000000e+00
    outer loop
      vertex   5.000000e-01 7.904014e+01 -8.934946e+00
      vertex   5.000000e-01 8.020264e+01 3.968881e-02
      vertex   5.000000e-01 7.886149e+01 -8.831297e+00
    endloop
  endfacet
  facet normal 1.000000e+00 0.000000e+00 0.000000e+00
    outer loop
      vertex   5.000000e-01 7.886149e+01 -8.831297e+00
      vertex   5.000000e-01 8.020264e+01 3.968881e-02
      vertex   5.000000e-01 7.908365e+01 -1.484918e-01
    endloop
  endfacet
  facet normal 1.000000e+00 0.000000e+00 -0.000000e+00
    outer loop
      vertex   5.000000e-01 7.886149e+01 -8.831297e+00
      vertex   5.000000e-01 7.908365e+01 -1.484918e-01
      vertex   5.000000e-01 7.866455e+01 -8.736068e+00
    endloop
  endfacet
  facet normal 1.000000e+00 -4.069084e-16 1.985867e-17
    outer loop
      vertex   5.000000e-01 7.866455e+01 -8.736068e+00
      vertex   5.000000e-01 7.908365e+01 -1.484918e-01
      vertex   5.000000e-01 7.839734e+01 -8.620555e+00
    endloop
  endfacet
  facet normal 1.000000e+00 -3.054960e-16 1.164337e-17
    outer loop
      vertex   5.000000e-01 7.839734e+01 -8.620555e+00
      vertex   5.000000e-01 7.908365e+01 -1.484918e-01
      vertex   5.000000e-01 7.835006e+01 -3.258344e-01
    endloop
  endfacet
  facet normal 1.000000e+00 1.824552e-16 1.442469e-17
    outer loop
      vertex   5.000000e-01 7.839734e+01 -8.620555e+00
      vertex   5.000000e-01 7.835006e+01 -3.258344e-01
      vertex   5.000000e-01 7.776806e+01 -8.357570e+00
    endloop
  endfacet
  facet normal 1.000000e+00 -9.172652e-16 9.411352e-17
    outer loop
      vertex   5.000000e-01 7.776806e+01 -8.357570e+00
      vertex   5.000000e-01 7.835006e+01 -3.258344e-01
      vertex   5.000000e-01 7.753872e+01 -5.655983e-01
    endloop
  endfacet
  facet normal 1.000000e+00 5.025899e-17 1.225897e-16
    outer loop
      vertex   5.000000e-01 7.776806e+01 -8.357570e+00
      vertex   5.000000e-01 7.753872e+01 -5.655983e-01
      vertex   5.000000e-01 7.720830e+01 -8.128080e+00
    endloop
  endfacet
  facet normal 1.000000e+00 -6.206784e-16 1.519051e-16
    outer loop
      vertex   5.000000e-01 7.720830e+01 -8.128080e+00
      vertex   5.000000e-01 7.753872e+01 -5.655983e-01
      vertex   5.000000e-01 7.665787e+01 -8.758451e-01
    endloop
  endfacet
  facet normal 1.000000e+00 -3.080990e-16 1.756291e-16
    outer loop
      vertex   5.000000e-01 7.720830e+01 -8.128080e+00
      vertex   5.000000e-01 7.665787e+01 -8.758451e-01
      vertex   5.000000e-01 7.571549e+01 -1.264747e+00
    endloop
  endfacet
  facet normal 1.000000e+00 1.121214e-16 2.670292e-16
    outer loop
      vertex   5.000000e-01 7.720830e+01 -8.128080e+00
      vertex   5.000000e-01 7.571549e+01 -1.264747e+00
      vertex   5.000000e-01 7.520822e+01 -7.288281e+00
    endloop
  endfacet
  facet normal 1.000000e+00 -3.493925e-16 3.058950e-16
    outer loop
      vertex   5.000000e-01 7.520822e+01 -7.288281e+00
      vertex   5.000000e-01 7.571549e+01 -1.264747e+00
      vertex   5.000000e-01 7.517708e+01 -1.516768e+00
    endloop
  endfacet
  facet normal 1.000000e+00 -1.556117e-16 3.069405e-16
    outer loop
      vertex   5.000000e-01 7.520822e+01 -7.288281e+00
      vertex   5.000000e-01 7.517708e+01 -1.516768e+00
      vertex   5.000000e-01 7.487234e+01 -1.671264e+00
    endloop
  endfacet
  facet normal 1.000000e+00 -8.731727e-16 2.640326e-16
    outer loop
      vertex   5.000000e-01 7.520822e+01 -7.288281e+00
      vertex   5.000000e-01 7.487234e+01 -1.671264e+00
      vertex   5.000000e-01 7.481635e+01 -7.112526e+00
    endloop
  endfacet
  facet normal 1.000000e+00 -1.376775e-16 2.564640e-16
    outer loop
      vertex   5.000000e-01 7.481635e+01 -7.112526e+00
      vertex   5.000000e-01 7.487234e+01 -1.671264e+00
      vertex   5.000000e-01 7.454384e+01 -1.847614e+00
    endloop
  endfacet
  facet normal 1.000000e+00 -1.631338e-15 1.791530e-16
    outer loop
      vertex   5.000000e-01 7.481635e+01 -7.112526e+00
      vertex   5.000000e-01 7.454384e+01 -1.847614e+00
      vertex   5.000000e-01 7.439579e+01 -6.914008e+00
    endloop
  endfacet
  facet normal 1.000000e+00 8.419091e-17 1.290206e-16
    outer loop
      vertex   5.000000e-01 7.439579e+01 -6.914008e+00
      vertex   5.000000e-01 7.454384e+01 -1.847614e+00
      vertex   5.000000e-01 7.419152e+01 -2.047965e+00
    endloop
  endfacet
  facet normal 1.000000e+00 -1.272061e-15 7.208905e-17
    outer loop
      vertex   5.000000e-01 7.439579e+01 -6.914008e+00
      vertex   5.000000e-01 7.419152e+01 -2.047965e+00
      vertex   5.000000e-01 7.392827e+01 -6.693279e+00
    endloop
  endfacet
  facet normal 1.000000e+00 -1.527773e-16 8.658054e-18
    outer loop
      vertex   5.000000e-01 7.392827e+01 -6.693279e+00
      vertex   5.000000e-01 7.419152e+01 -2.047965e+00
      vertex   5.000000e-01 7.381534e+01 -2.274463e+00
    endloop
  endfacet
  facet normal 1.000000e+00 -7.871950e-18 1.236127e-17
    outer loop
      vertex   5.000000e-01 7.392827e+01 -6.693279e+00
      vertex   5.000000e-01 7.381534e+01 -2.274463e+00
      vertex   5.000000e-01 7.341524e+01 -2.529257e+00
    endloop
  endfacet
  facet normal 1.000000e+00 -1.054593e-16 3.379918e-19
    outer loop
      vertex   5.000000e-01 7.392827e+01 -6.693279e+00
      vertex   5.000000e-01 7.341524e+01 -2.529257e+00
      vertex   5.000000e-01 7.340268e+01 -6.448033e+00
    endloop
  endfacet
  facet normal 1.000000e+00 0.000000e+00 -0.000000e+00
    outer loop
      vertex   5.000000e-01 7.340268e+01 -6.448033e+00
      vertex   5.000000e-01 7.341524e+01 -2.529257e+00
      vertex   5.000000e-01 7.299378e+01 -2.812698e+00
    endloop
  endfacet
  facet normal 1.000000e+00 0.000000e+00 0.000000e+00
    outer loop
      vertex   5.000000e-01 7.340268e+01 -6.448033e+00
      vertex   5.000000e-01 7.299378e+01 -2.812698e+00
      vertex   5.000000e-01 7.262820e+01 -3.072657e+00
    endloop
  endfacet
  facet normal 1.000000e+00 0.000000e+00 0.000000e+00
    outer loop
      vertex   5.000000e-01 7.340268e+01 -6.448033e+00
      vertex   5.000000e-01 7.262820e+01 -3.072657e+00
      vertex   5.000000e-01 7.235660e+01 -5.865397e+00
    endloop
  endfacet
  facet normal 1.000000e+00 0.000000e+00 -0.000000e+00
    outer loop
      vertex   5.000000e-01 7.235660e+01 -5.865397e+00
      vertex   5.000000e-01 7.262820e+01 -3.072657e+00
      vertex   5.000000e-01 7.234483e+01 -3.289220e+00
    endloop
  endfacet
  facet normal 1.000000e+00 0.000000e+00 0.000000e+00
    outer loop
      vertex   5.000000e-01 7.235660e+01 -5.865397e+00
      vertex   5.000000e-01 7.234483e+01 -3.289220e+00
      vertex   5.000000e-01 7.213060e+01 -3.469117e+00
    endloop
  endfacet
  facet normal 1.000000e+00 0.000000e+00 0.000000e+00
    outer loop
      vertex   5.000000e-01 7.235660e+01 -5.865397e+00
      vertex   5.000000e-01 7.213060e+01 -3.469117e+00
      vertex   5.000000e-01 7.209051e+01 -5.668840e+00
    endloop
  endfacet
  facet normal 1.000000e+00 0.000000e+00 -0.000000e+00
    outer loop
      vertex   5.000000e-01 7.209051e+01 -5.668840e+00
      vertex   5.000000e-01 7.213060e+01 -3.469117e+00
      vertex   5.000000e-01 7.197243e+01 -3.619082e+00
    endloop
  endfacet
  facet normal 1.000000e+00 0.000000e+00 0.000000e+00
    outer loop
      vertex   5.000000e-01 7.209051e+01 -5.668840e+00
      vertex   5.000000e-01 7.197243e+01 -3.619082e+00
      vertex   5.000000e-01 7.194114e+01 -5.527473e+00
    endloop
  endfacet
  facet normal 1.000000e+00 0.000000e+00 -0.000000e+00
    outer loop
      vertex   5.000000e-01 7.194114e+01 -5.527473e+00
      vertex   5.000000e-01 7.197243e+01 -3.619082e+00
      vertex   5.000000e-01 7.185726e+01 -3.745845e+00
    endloop
  endfacet
  facet normal 1.000000e+00 0.000000e+00 0.000000e+00
    outer loop
      vertex   5.000000e-01 7.194114e+01 -5.527473e+00
      vertex   5.000000e-01 7.185726e+01 -3.745845e+00
      vertex   5.000000e-01 7.177198e+01 -3.856218e+00
    endloop
  endfacet
  facet normal 1.000000e+00 0.000000e+00 0.000000e+00
    outer loop
      vertex   5.000000e-01 7.194114e+01 -5.527473e+00
      vertex   5.000000e-01 7.177198e+01 -3.856218e+00
      vertex   5.000000e-01 7.176789e+01 -5.335635e+00
    endloop
  endfacet
  facet normal 1.000000e+00 1.435429e-14 -3.968010e-17
    outer loop
      vertex   5.000000e-01 7.176789e+01 -5.335635e+00
      vertex   5.000000e-01 7.177198e+01 -3.856218e+00
      vertex   5.000000e-01 7.164767e+01 -4.058912e+00
    endloop
  endfacet
  facet normal 1.000000e+00 -8.462824e-15 -2.188235e-15
    outer loop
      vertex   5.000000e-01 7.176789e+01 -5.335635e+00
      vertex   5.000000e-01 7.164767e+01 -4.058912e+00
      vertex   5.000000e-01 7.155785e+01 -4.269648e+00
    endloop
  endfacet
  facet normal 1.000000e+00 -1.810799e-16 -5.564281e-16
    outer loop
      vertex   5.000000e-01 7.176789e+01 -5.335635e+00
      vertex   5.000000e-01 7.155785e+01 -4.269648e+00
      vertex   5.000000e-01 7.159306e+01 -5.079211e+00
    endloop
  endfacet
  facet normal 1.000000e+00 -8.223902e-15 -9.061664e-16
    outer loop
      vertex   5.000000e-01 7.159306e+01 -5.079211e+00
      vertex   5.000000e-01 7.155785e+01 -4.269648e+00
      vertex   5.000000e-01 7.151023e+01 -4.450040e+00
    endloop
  endfacet
  facet normal 1.000000e+00 -7.105608e-16 8.291729e-17
    outer loop
      vertex   5.000000e-01 7.159306e+01 -5.079211e+00
      vertex   5.000000e-01 7.151023e+01 -4.450040e+00
      vertex   5.000000e-01 7.149039e+01 -4.620031e+00
    endloop
  endfacet
  facet normal 1.000000e+00 -0.000000e+00 -0.000000e+00
    outer loop
      vertex   5.000000e-01 7.149772e+01 -4.784053e+00
      vertex   5.000000e-01 7.153265e+01 -4.937387e+00
      vertex   5.000000e-01 7.149039e+01 -4.620031e+00
    endloop
  endfacet
  facet normal 1.000000e+00 -2.673718e-15 -3.560031e-16
    outer loop
      vertex   5.000000e-01 7.149039e+01 -4.620031e+00
      vertex   5.000000e-01 7.153265e+01 -4.937387e+00
      vertex   5.000000e-01 7.159306e+01 -5.079211e+00
    endloop
  endfacet
  facet normal 1.000000e+00 -1.246299e-17 1.778523e-16
    outer loop
      vertex   5.000000e-01 8.321794e+01 -1.316313e+01
      vertex   5.000000e-01 8.339237e+01 -1.346303e+01
      vertex   5.000000e-01 9.000000e+01 -1.300000e+01
    endloop
  endfacet
  facet normal 1.000000e+00 0.000000e+00 0.000000e+00
    outer loop
      vertex   5.000000e-01 9.000000e+01 -1.300000e+01
      vertex   5.000000e-01 8.339237e+01 -1.346303e+01
      vertex   5.000000e-01 8.373194e+01 -1.407851e+01
    endloop
  endfacet
  facet normal 1.000000e+00 0.000000e+00 0.000000e+00
    outer loop
      vertex   5.000000e-01 9.000000e+01 -1.300000e+01
      vertex   5.000000e-01 8.373194e+01 -1.407851e+01
      vertex   5.000000e-01 8.401199e+01 -1.461063e+01
    endloop
  endfacet
  facet normal 1.000000e+00 -0.000000e+00 0.000000e+00
    outer loop
      vertex   5.000000e-01 8.401199e+01 -1.461063e+01
      vertex   5.000000e-01 8.416413e+01 -1.492142e+01
      vertex   5.000000e-01 9.000000e+01 -1.300000e+01
    endloop
  endfacet
  facet normal 1.000000e+00 0.000000e+00 0.000000e+00
    outer loop
      vertex   5.000000e-01 9.000000e+01 -1.300000e+01
      vertex   5.000000e-01 8.416413e+01 -1.492142e+01
      vertex   5.000000e-01 8.432832e+01 -1.526888e+01
    endloop
  endfacet
  facet normal 1.000000e+00 0.000000e+00 0.000000e+00
    outer loop
      vertex   5.000000e-01 9.000000e+01 -1.300000e+01
      vertex   5.000000e-01 8.432832e+01 -1.526888e+01
      vertex   5.000000e-01 8.465295e+01 -1.597758e+01
    endloop
  endfacet
  facet normal 1.000000e+00 -0.000000e+00 0.000000e+00
    outer loop
      vertex   5.000000e-01 8.465295e+01 -1.597758e+01
      vertex   5.000000e-01 8.479341e+01 -1.629071e+01
      vertex   5.000000e-01 9.000000e+01 -1.300000e+01
    endloop
  endfacet
  facet normal 1.000000e+00 0.000000e+00 0.000000e+00
    outer loop
      vertex   5.000000e-01 9.000000e+01 -1.300000e+01
      vertex   5.000000e-01 8.479341e+01 -1.629071e+01
      vertex   5.000000e-01 8.490598e+01 -1.654431e+01
    endloop
  endfacet
  facet normal 1.000000e+00 0.000000e+00 0.000000e+00
    outer loop
      vertex   5.000000e-01 9.000000e+01 -1.300000e+01
      vertex   5.000000e-01 8.490598e+01 -1.654431e+01
      vertex   5.000000e-01 8.498069e+01 -1.671432e+01
    endloop
  endfacet
  facet normal 1.000000e+00 -1.750242e-15 2.365173e-15
    outer loop
      vertex   5.000000e-01 8.498069e+01 -1.671432e+01
      vertex   5.000000e-01 8.501138e+01 -1.678549e+01
      vertex   5.000000e-01 9.000000e+01 -1.300000e+01
    endloop
  endfacet
  facet normal 1.000000e+00 3.385104e-17 1.404700e-17
    outer loop
      vertex   5.000000e-01 9.000000e+01 -1.300000e+01
      vertex   5.000000e-01 8.501138e+01 -1.678549e+01
      vertex   5.000000e-01 8.505363e+01 -1.688730e+01
    endloop
  endfacet
  facet normal 1.000000e+00 3.239261e-16 -3.550573e-16
    outer loop
      vertex   5.000000e-01 9.000000e+01 -1.300000e+01
      vertex   5.000000e-01 8.505363e+01 -1.688730e+01
      vertex   5.000000e-01 8.514439e+01 -1.711719e+01
    endloop
  endfacet
  facet normal 1.000000e+00 1.742389e-17 6.416675e-18
    outer loop
      vertex   5.000000e-01 8.514439e+01 -1.711719e+01
      vertex   5.000000e-01 8.534638e+01 -1.766567e+01
      vertex   5.000000e-01 9.000000e+01 -1.300000e+01
    endloop
  endfacet
  facet normal 1.000000e+00 1.476234e-16 -1.234467e-16
    outer loop
      vertex   5.000000e-01 9.000000e+01 -1.300000e+01
      vertex   5.000000e-01 8.534638e+01 -1.766567e+01
      vertex   5.000000e-01 8.556697e+01 -1.830123e+01
    endloop
  endfacet
  facet normal 1.000000e+00 0.000000e+00 0.000000e+00
    outer loop
      vertex   5.000000e-01 9.000000e+01 -1.300000e+01
      vertex   5.000000e-01 8.556697e+01 -1.830123e+01
      vertex   5.000000e-01 8.579571e+01 -1.898646e+01
    endloop
  endfacet
  facet normal 1.000000e+00 -0.000000e+00 0.000000e+00
    outer loop
      vertex   5.000000e-01 8.579571e+01 -1.898646e+01
      vertex   5.000000e-01 8.623593e+01 -2.035623e+01
      vertex   5.000000e-01 9.000000e+01 -1.300000e+01
    endloop
  endfacet
  facet normal 1.000000e+00 0.000000e+00 0.000000e+00
    outer loop
      vertex   5.000000e-01 9.000000e+01 -1.300000e+01
      vertex   5.000000e-01 8.623593e+01 -2.035623e+01
      vertex   5.000000e-01 9.000000e+01 -2.300000e+01
    endloop
  endfacet
  facet normal 1.000000e+00 0.000000e+00 0.000000e+00
    outer loop
      vertex   5.000000e-01 9.000000e+01 -2.300000e+01
      vertex   5.000000e-01 8.623593e+01 -2.035623e+01
      vertex   5.000000e-01 8.642652e+01 -2.096594e+01
    endloop
  endfacet
  facet normal 1.000000e+00 1.503452e-16 2.641300e-16
    outer loop
      vertex   5.000000e-01 9.000000e+01 -2.300000e+01
      vertex   5.000000e-01 8.642652e+01 -2.096594e+01
      vertex   5.000000e-01 8.658351e+01 -2.147563e+01
    endloop
  endfacet
  facet normal 1.000000e+00 -2.411519e-16 -6.133140e-16
    outer loop
      vertex   5.000000e-01 8.658351e+01 -2.147563e+01
      vertex   5.000000e-01 8.664614e+01 -2.168128e+01
      vertex   5.000000e-01 9.000000e+01 -2.300000e+01
    endloop
  endfacet
  facet normal 1.000000e+00 0.000000e+00 0.000000e+00
    outer loop
      vertex   5.000000e-01 9.000000e+01 -2.300000e+01
      vertex   5.000000e-01 8.664614e+01 -2.168128e+01
      vertex   5.000000e-01 8.669646e+01 -2.184789e+01
    endloop
  endfacet
  facet normal 1.000000e+00 0.000000e+00 0.000000e+00
    outer loop
      vertex   5.000000e-01 9.000000e+01 -2.300000e+01
      vertex   5.000000e-01 8.669646e+01 -2.184789e+01
      vertex   5.000000e-01 8.673791e+01 -2.198633e+01
    endloop
  endfacet
  facet normal 1.000000e+00 0.000000e+00 0.000000e+00
    outer loop
      vertex   5.000000e-01 8.673791e+01 -2.198633e+01
      vertex   5.000000e-01 8.679357e+01 -2.217376e+01
      vertex   5.000000e-01 9.000000e+01 -2.300000e+01
    endloop
  endfacet
  facet normal 1.000000e+00 0.000000e+00 0.000000e+00
    outer loop
      vertex   5.000000e-01 9.000000e+01 -2.300000e+01
      vertex   5.000000e-01 8.679357e+01 -2.217376e+01
      vertex   5.000000e-01 8.686637e+01 -2.242476e+01
    endloop
  endfacet
  facet normal 1.000000e+00 0.000000e+00 0.000000e+00
    outer loop
      vertex   5.000000e-01 9.000000e+01 -2.300000e+01
      vertex   5.000000e-01 8.686637e+01 -2.242476e+01
      vertex   5.000000e-01 8.695597e+01 -2.274336e+01
    endloop
  endfacet
  facet normal 1.000000e+00 0.000000e+00 0.000000e+00
    outer loop
      vertex   5.000000e-01 8.695597e+01 -2.274336e+01
      vertex   5.000000e-01 8.706203e+01 -2.313359e+01
      vertex   5.000000e-01 9.000000e+01 -2.300000e+01
    endloop
  endfacet
  facet normal 1.000000e+00 0.000000e+00 0.000000e+00
    outer loop
      vertex   5.000000e-01 9.000000e+01 -2.300000e+01
      vertex   5.000000e-01 8.706203e+01 -2.313359e+01
      vertex   5.000000e-01 8.718420e+01 -2.359948e+01
    endloop
  endfacet
  facet normal 1.000000e+00 0.000000e+00 0.000000e+00
    outer loop
      vertex   5.000000e-01 9.000000e+01 -2.300000e+01
      vertex   5.000000e-01 8.718420e+01 -2.359948e+01
      vertex   5.000000e-01 8.732214e+01 -2.414506e+01
    endloop
  endfacet
  facet normal 1.000000e+00 -0.000000e+00 0.000000e+00
    outer loop
      vertex   5.000000e-01 8.732214e+01 -2.414506e+01
      vertex   5.000000e-01 8.747549e+01 -2.477436e+01
      vertex   5.000000e-01 9.000000e+01 -2.300000e+01
    endloop
  endfacet
  facet normal 1.000000e+00 0.000000e+00 0.000000e+00
    outer loop
      vertex   5.000000e-01 9.000000e+01 -2.300000e+01
      vertex   5.000000e-01 8.747549e+01 -2.477436e+01
      vertex   5.000000e-01 8.764392e+01 -2.549140e+01
    endloop
  endfacet
  facet normal 1.000000e+00 5.855361e-17 -5.537328e-17
    outer loop
      vertex   5.000000e-01 9.000000e+01 -2.300000e+01
      vertex   5.000000e-01 8.764392e+01 -2.549140e+01
      vertex   5.000000e-01 8.782708e+01 -2.630021e+01
    endloop
  endfacet
  facet normal 1.000000e+00 -8.917192e-17 4.189198e-17
    outer loop
      vertex   5.000000e-01 8.782708e+01 -2.630021e+01
      vertex   5.000000e-01 8.802462e+01 -2.720482e+01
      vertex   5.000000e-01 9.000000e+01 -2.300000e+01
    endloop
  endfacet
  facet normal 1.000000e+00 0.000000e+00 0.000000e+00
    outer loop
      vertex   5.000000e-01 9.000000e+01 -2.300000e+01
      vertex   5.000000e-01 8.802462e+01 -2.720482e+01
      vertex   5.000000e-01 8.823620e+01 -2.820927e+01
    endloop
  endfacet
  facet normal 1.000000e+00 0.000000e+00 0.000000e+00
    outer loop
      vertex   5.000000e-01 9.000000e+01 -2.300000e+01
      vertex   5.000000e-01 8.823620e+01 -2.820927e+01
      vertex   5.000000e-01 8.846147e+01 -2.931757e+01
    endloop
  endfacet
  facet normal 1.000000e+00 -0.000000e+00 0.000000e+00
    outer loop
      vertex   5.000000e-01 8.846147e+01 -2.931757e+01
      vertex   5.000000e-01 8.870009e+01 -3.053376e+01
      vertex   5.000000e-01 9.000000e+01 -2.300000e+01
    endloop
  endfacet
  facet normal 1.000000e+00 -4.811366e-16 8.301783e-17
    outer loop
      vertex   5.000000e-01 9.000000e+01 -2.300000e+01
      vertex   5.000000e-01 8.870009e+01 -3.053376e+01
      vertex   5.000000e-01 8.882135e+01 -3.116832e+01
    endloop
  endfacet
  facet normal 1.000000e+00 -0.000000e+00 1.359181e-17
    outer loop
      vertex   5.000000e-01 9.000000e+01 -2.300000e+01
      vertex   5.000000e-01 8.882135e+01 -3.116832e+01
      vertex   5.000000e-01 1.000000e+02 -2.300000e+01
    endloop
  endfacet
  facet normal 1.000000e+00 1.226727e-17 -3.196404e-18
    outer loop
      vertex   5.000000e-01 1.000000e+02 -2.300000e+01
      vertex   5.000000e-01 8.882135e+01 -3.116832e+01
      vertex   5.000000e-01 9.630000e+01 -3.720000e+01
    endloop
  endfacet
  facet normal 1.000000e+00 0.000000e+00 0.000000e+00
    outer loop
      vertex   5.000000e-01 1.000000e+02 -2.300000e+01
      vertex   5.000000e-01 9.630000e+01 -3.720000e+01
      vertex   5.000000e-01 1.052173e+02 -3.449295e+01
    endloop
  endfacet
  facet normal 1.000000e+00 0.000000e+00 0.000000e+00
    outer loop
      vertex   5.000000e-01 1.052173e+02 -3.449295e+01
      vertex   5.000000e-01 9.630000e+01 -3.720000e+01
      vertex   5.000000e-01 1.051900e+02 -3.470000e+01
    endloop
  endfacet
  facet normal 1.000000e+00 0.000000e+00 0.000000e+00
    outer loop
      vertex   5.000000e-01 1.051900e+02 -3.470000e+01
      vertex   5.000000e-01 9.630000e+01 -3.720000e+01
      vertex   5.000000e-01 1.052173e+02 -3.490706e+01
    endloop
  endfacet
  facet normal 1.000000e+00 0.000000e+00 0.000000e+00
    outer loop
      vertex   5.000000e-01 1.052173e+02 -3.490706e+01
      vertex   5.000000e-01 9.630000e+01 -3.720000e+01
      vertex   5.000000e-01 1.052972e+02 -3.510000e+01
    endloop
  endfacet
  facet normal 1.000000e+00 0.000000e+00 0.000000e+00
    outer loop
      vertex   5.000000e-01 1.052972e+02 -3.510000e+01
      vertex   5.000000e-01 9.630000e+01 -3.720000e+01
      vertex   5.000000e-01 1.054243e+02 -3.526569e+01
    endloop
  endfacet
  facet normal 1.000000e+00 0.000000e+00 0.000000e+00
    outer loop
      vertex   5.000000e-01 1.054243e+02 -3.526569e+01
      vertex   5.000000e-01 9.630000e+01 -3.720000e+01
      vertex   5.000000e-01 1.055900e+02 -3.539282e+01
    endloop
  endfacet
  facet normal 1.000000e+00 -1.665271e-16 -2.248828e-16
    outer loop
      vertex   5.000000e-01 8.882135e+01 -3.116832e+01
      vertex   5.000000e-01 8.892862e+01 -3.174145e+01
      vertex   5.000000e-01 9.630000e+01 -3.720000e+01
    endloop
  endfacet
  facet normal 1.000000e+00 0.000000e+00 0.000000e+00
    outer loop
      vertex   5.000000e-01 9.630000e+01 -3.720000e+01
      vertex   5.000000e-01 8.892862e+01 -3.174145e+01
      vertex   5.000000e-01 8.902146e+01 -3.224947e+01
    endloop
  endfacet
  facet normal 1.000000e+00 0.000000e+00 0.000000e+00
    outer loop
      vertex   5.000000e-01 9.630000e+01 -3.720000e+01
      vertex   5.000000e-01 8.902146e+01 -3.224947e+01
      vertex   5.000000e-01 8.910160e+01 -3.269977e+01
    endloop
  endfacet
  facet normal 1.000000e+00 0.000000e+00 0.000000e+00
    outer loop
      vertex   5.000000e-01 8.910160e+01 -3.269977e+01
      vertex   5.000000e-01 8.917074e+01 -3.309973e+01
      vertex   5.000000e-01 9.630000e+01 -3.720000e+01
    endloop
  endfacet
  facet normal 1.000000e+00 0.000000e+00 0.000000e+00
    outer loop
      vertex   5.000000e-01 9.630000e+01 -3.720000e+01
      vertex   5.000000e-01 8.917074e+01 -3.309973e+01
      vertex   5.000000e-01 8.923060e+01 -3.345674e+01
    endloop
  endfacet
  facet normal 1.000000e+00 0.000000e+00 0.000000e+00
    outer loop
      vertex   5.000000e-01 9.630000e+01 -3.720000e+01
      vertex   5.000000e-01 8.923060e+01 -3.345674e+01
      vertex   5.000000e-01 8.932933e+01 -3.407138e+01
    endloop
  endfacet
  facet normal 1.000000e+00 0.000000e+00 0.000000e+00
    outer loop
      vertex   5.000000e-01 8.932933e+01 -3.407138e+01
      vertex   5.000000e-01 8.949087e+01 -3.510988e+01
      vertex   5.000000e-01 9.630000e+01 -3.720000e+01
    endloop
  endfacet
  facet normal 1.000000e+00 1.325438e-16 4.317966e-16
    outer loop
      vertex   5.000000e-01 9.630000e+01 -3.720000e+01
      vertex   5.000000e-01 8.949087e+01 -3.510988e+01
      vertex   5.000000e-01 8.958111e+01 -3.565181e+01
    endloop
  endfacet
  facet normal 1.000000e+00 -2.257142e-16 -1.122986e-15
    outer loop
      vertex   5.000000e-01 9.630000e+01 -3.720000e+01
      vertex   5.000000e-01 8.958111e+01 -3.565181e+01
      vertex   5.000000e-01 8.963629e+01 -3.595949e+01
    endloop
  endfacet
  facet normal 1.000000e+00 4.310146e-17 3.210285e-16
    outer loop
      vertex   5.000000e-01 8.963629e+01 -3.595949e+01
      vertex   5.000000e-01 8.970534e+01 -3.631460e+01
      vertex   5.000000e-01 9.630000e+01 -3.720000e+01
    endloop
  endfacet
  facet normal 1.000000e+00 0.000000e+00 0.000000e+00
    outer loop
      vertex   5.000000e-01 9.630000e+01 -3.720000e+01
      vertex   5.000000e-01 8.970534e+01 -3.631460e+01
      vertex   5.000000e-01 8.978655e+01 -3.670995e+01
    endloop
  endfacet
  facet normal 1.000000e+00 0.000000e+00 0.000000e+00
    outer loop
      vertex   5.000000e-01 9.630000e+01 -3.720000e+01
      vertex   5.000000e-01 8.978655e+01 -3.670995e+01
      vertex   5.000000e-01 8.987759e+01 -3.713632e+01
    endloop
  endfacet
  facet normal 1.000000e+00 0.000000e+00 0.000000e+00
    outer loop
      vertex   5.000000e-01 8.987759e+01 -3.713632e+01
      vertex   5.000000e-01 9.007974e+01 -3.804518e+01
      vertex   5.000000e-01 9.630000e+01 -3.720000e+01
    endloop
  endfacet
  facet normal 1.000000e+00 0.000000e+00 0.000000e+00
    outer loop
      vertex   5.000000e-01 9.630000e+01 -3.720000e+01
      vertex   5.000000e-01 9.007974e+01 -3.804518e+01
      vertex   5.000000e-01 9.029306e+01 -3.896733e+01
    endloop
  endfacet
  facet normal 1.000000e+00 -3.542295e-17 1.203984e-16
    outer loop
      vertex   5.000000e-01 9.630000e+01 -3.720000e+01
      vertex   5.000000e-01 9.029306e+01 -3.896733e+01
      vertex   5.000000e-01 9.049879e+01 -3.982892e+01
    endloop
  endfacet
  facet normal 1.000000e+00 1.348663e-16 -2.553765e-16
    outer loop
      vertex   5.000000e-01 9.049879e+01 -3.982892e+01
      vertex   5.000000e-01 9.059295e+01 -4.021393e+01
      vertex   5.000000e-01 9.630000e+01 -3.720000e+01
    endloop
  endfacet
  facet normal 1.000000e+00 0.000000e+00 0.000000e+00
    outer loop
      vertex   5.000000e-01 9.630000e+01 -3.720000e+01
      vertex   5.000000e-01 9.059295e+01 -4.021393e+01
      vertex   5.000000e-01 9.067819e+01 -4.055611e+01
    endloop
  endfacet
  facet normal 1.000000e+00 0.000000e+00 0.000000e+00
    outer loop
      vertex   5.000000e-01 9.630000e+01 -3.720000e+01
      vertex   5.000000e-01 9.067819e+01 -4.055611e+01
      vertex   5.000000e-01 9.075216e+01 -4.084623e+01
    endloop
  endfacet
  facet normal 1.000000e+00 -0.000000e+00 0.000000e+00
    outer loop
      vertex   5.000000e-01 9.075216e+01 -4.084623e+01
      vertex   5.000000e-01 9.081252e+01 -4.107504e+01
      vertex   5.000000e-01 9.630000e+01 -3.720000e+01
    endloop
  endfacet
  facet normal 1.000000e+00 0.000000e+00 0.000000e+00
    outer loop
      vertex   5.000000e-01 9.630000e+01 -3.720000e+01
      vertex   5.000000e-01 9.081252e+01 -4.107504e+01
      vertex   5.000000e-01 9.091102e+01 -4.144160e+01
    endloop
  endfacet
  facet normal 1.000000e+00 0.000000e+00 0.000000e+00
    outer loop
      vertex   5.000000e-01 9.630000e+01 -3.720000e+01
      vertex   5.000000e-01 9.091102e+01 -4.144160e+01
      vertex   5.000000e-01 9.099703e+01 -4.176852e+01
    endloop
  endfacet
  facet normal 1.000000e+00 -0.000000e+00 0.000000e+00
    outer loop
      vertex   5.000000e-01 9.099703e+01 -4.176852e+01
      vertex   5.000000e-01 9.113687e+01 -4.232881e+01
      vertex   5.000000e-01 9.630000e+01 -3.720000e+01
    endloop
  endfacet
  facet normal 1.000000e+00 0.000000e+00 0.000000e+00
    outer loop
      vertex   5.000000e-01 9.630000e+01 -3.720000e+01
      vertex   5.000000e-01 9.113687e+01 -4.232881e+01
      vertex   5.000000e-01 9.124257e+01 -4.280661e+01
    endloop
  endfacet
  facet normal 1.000000e+00 0.000000e+00 0.000000e+00
    outer loop
      vertex   5.000000e-01 9.630000e+01 -3.720000e+01
      vertex   5.000000e-01 9.124257e+01 -4.280661e+01
      vertex   5.000000e-01 9.139369e+01 -4.371749e+01
    endloop
  endfacet
  facet normal 1.000000e+00 -0.000000e+00 0.000000e+00
    outer loop
      vertex   5.000000e-01 9.139369e+01 -4.371749e+01
      vertex   5.000000e-01 9.146019e+01 -4.425193e+01
      vertex   5.000000e-01 9.630000e+01 -3.720000e+01
    endloop
  endfacet
  facet normal 1.000000e+00 0.000000e+00 0.000000e+00
    outer loop
      vertex   5.000000e-01 9.630000e+01 -3.720000e+01
      vertex   5.000000e-01 9.146019e+01 -4.425193e+01
      vertex   5.000000e-01 9.149578e+01 -4.456108e+01
    endloop
  endfacet
  facet normal 1.000000e+00 8.664422e-16 6.690316e-16
    outer loop
      vertex   5.000000e-01 9.153469e+01 -4.490663e+01
      vertex   5.000000e-01 9.157823e+01 -4.529491e+01
      vertex   5.000000e-01 9.530000e+01 -4.970000e+01
    endloop
  endfacet
  facet normal 1.000000e+00 -1.313138e-15 -1.172452e-15
    outer loop
      vertex   5.000000e-01 9.530000e+01 -4.970000e+01
      vertex   5.000000e-01 9.157823e+01 -4.529491e+01
      vertex   5.000000e-01 9.160246e+01 -4.551144e+01
    endloop
  endfacet
  facet normal 1.000000e+00 1.707486e-17 1.820138e-18
    outer loop
      vertex   5.000000e-01 9.530000e+01 -4.970000e+01
      vertex   5.000000e-01 9.160246e+01 -4.551144e+01
      vertex   5.000000e-01 9.163092e+01 -4.577840e+01
    endloop
  endfacet
  facet normal 1.000000e+00 1.699380e-17 1.744295e-18
    outer loop
      vertex   5.000000e-01 9.163092e+01 -4.577840e+01
      vertex   5.000000e-01 9.166326e+01 -4.609351e+01
      vertex   5.000000e-01 9.530000e+01 -4.970000e+01
    endloop
  endfacet
  facet normal 1.000000e+00 1.694645e-17 1.696549e-18
    outer loop
      vertex   5.000000e-01 9.530000e+01 -4.970000e+01
      vertex   5.000000e-01 9.166326e+01 -4.609351e+01
      vertex   5.000000e-01 9.169849e+01 -4.644539e+01
    endloop
  endfacet
  facet normal 1.000000e+00 1.690609e-17 1.651886e-18
    outer loop
      vertex   5.000000e-01 9.530000e+01 -4.970000e+01
      vertex   5.000000e-01 9.169849e+01 -4.644539e+01
      vertex   5.000000e-01 9.177359e+01 -4.721396e+01
    endloop
  endfacet
  facet normal 1.000000e+00 1.688103e-17 1.616338e-18
    outer loop
      vertex   5.000000e-01 9.177359e+01 -4.721396e+01
      vertex   5.000000e-01 9.184819e+01 -4.799308e+01
      vertex   5.000000e-01 9.530000e+01 -4.970000e+01
    endloop
  endfacet
  facet normal 1.000000e+00 1.687084e-17 1.595731e-18
    outer loop
      vertex   5.000000e-01 9.530000e+01 -4.970000e+01
      vertex   5.000000e-01 9.184819e+01 -4.799308e+01
      vertex   5.000000e-01 9.191427e+01 -4.869174e+01
    endloop
  endfacet
  facet normal 1.000000e+00 1.686806e-17 1.586405e-18
    outer loop
      vertex   5.000000e-01 9.530000e+01 -4.970000e+01
      vertex   5.000000e-01 9.191427e+01 -4.869174e+01
      vertex   5.000000e-01 9.194161e+01 -4.898244e+01
    endloop
  endfacet
  facet normal 1.000000e+00 2.216108e-16 9.598497e-16
    outer loop
      vertex   5.000000e-01 9.194161e+01 -4.898244e+01
      vertex   5.000000e-01 9.196382e+01 -4.921890e+01
      vertex   5.000000e-01 9.530000e+01 -4.970000e+01
    endloop
  endfacet
  facet normal 1.000000e+00 -1.056736e-16 -1.309726e-15
    outer loop
      vertex   5.000000e-01 9.530000e+01 -4.970000e+01
      vertex   5.000000e-01 9.196382e+01 -4.921890e+01
      vertex   5.000000e-01 9.197988e+01 -4.938974e+01
    endloop
  endfacet
  facet normal 1.000000e+00 -3.847398e-17 -5.906250e-16
    outer loop
      vertex   5.000000e-01 9.530000e+01 -4.970000e+01
      vertex   5.000000e-01 9.197988e+01 -4.938974e+01
      vertex   5.000000e-01 9.198887e+01 -4.948431e+01
    endloop
  endfacet
  facet normal 1.000000e+00 8.185137e-18 1.256524e-16
    outer loop
      vertex   5.000000e-01 9.198887e+01 -4.948431e+01
      vertex   5.000000e-01 9.203138e+01 -4.992886e+01
      vertex   5.000000e-01 9.530000e+01 -4.970000e+01
    endloop
  endfacet
  facet normal 1.000000e+00 1.687467e-17 1.547732e-18
    outer loop
      vertex   5.000000e-01 9.530000e+01 -4.970000e+01
      vertex   5.000000e-01 9.203138e+01 -4.992886e+01
      vertex   5.000000e-01 9.206281e+01 -5.027160e+01
    endloop
  endfacet
  facet normal 1.000000e+00 1.690286e-17 1.388086e-18
    outer loop
      vertex   5.000000e-01 9.530000e+01 -4.970000e+01
      vertex   5.000000e-01 9.206281e+01 -5.027160e+01
      vertex   5.000000e-01 9.208443e+01 -5.053486e+01
    endloop
  endfacet
  facet normal 1.000000e+00 1.698389e-17 1.075986e-18
    outer loop
      vertex   5.000000e-01 9.208443e+01 -5.053486e+01
      vertex   5.000000e-01 9.209749e+01 -5.074094e+01
      vertex   5.000000e-01 9.530000e+01 -4.970000e+01
    endloop
  endfacet
  facet normal 1.000000e+00 1.714653e-17 5.756099e-19
    outer loop
      vertex   5.000000e-01 9.530000e+01 -4.970000e+01
      vertex   5.000000e-01 9.209749e+01 -5.074094e+01
      vertex   5.000000e-01 9.210324e+01 -5.091218e+01
    endloop
  endfacet
  facet normal 1.000000e+00 1.736966e-17 -1.283911e-20
    outer loop
      vertex   5.000000e-01 9.530000e+01 -4.970000e+01
      vertex   5.000000e-01 9.210324e+01 -5.091218e+01
      vertex   5.000000e-01 9.210311e+01 -5.107974e+01
    endloop
  endfacet
  facet normal 1.000000e+00 1.746033e-17 -2.229172e-19
    outer loop
      vertex   5.000000e-01 9.210311e+01 -5.107974e+01
      vertex   5.000000e-01 9.210039e+01 -5.129291e+01
      vertex   5.000000e-01 9.530000e+01 -4.970000e+01
    endloop
  endfacet
  facet normal 1.000000e+00 1.737869e-17 -5.893380e-20
    outer loop
      vertex   5.000000e-01 9.530000e+01 -4.970000e+01
      vertex   5.000000e-01 9.210039e+01 -5.129291e+01
      vertex   5.000000e-01 9.209942e+01 -5.157922e+01
    endloop
  endfacet
  facet normal 1.000000e+00 1.720932e-17 2.295334e-19
    outer loop
      vertex   5.000000e-01 9.530000e+01 -4.970000e+01
      vertex   5.000000e-01 9.209942e+01 -5.157922e+01
      vertex   5.000000e-01 9.210456e+01 -5.196471e+01
    endloop
  endfacet
  facet normal 1.000000e+00 1.700402e-17 5.191943e-19
    outer loop
      vertex   5.000000e-01 9.210456e+01 -5.196471e+01
      vertex   5.000000e-01 9.211906e+01 -5.243966e+01
      vertex   5.000000e-01 9.530000e+01 -4.970000e+01
    endloop
  endfacet
  facet normal 1.000000e+00 -1.932138e-16 2.445968e-16
    outer loop
      vertex   5.000000e-01 9.530000e+01 -4.970000e+01
      vertex   5.000000e-01 9.211906e+01 -5.243966e+01
      vertex   5.000000e-01 9.214045e+01 -5.287667e+01
    endloop
  endfacet
  facet normal 1.000000e+00 3.165945e-16 -2.624650e-16
    outer loop
      vertex   5.000000e-01 9.530000e+01 -4.970000e+01
      vertex   5.000000e-01 9.214045e+01 -5.287667e+01
      vertex   5.000000e-01 9.216731e+01 -5.326725e+01
    endloop
  endfacet
  facet normal 1.000000e+00 -3.112689e-16 2.889108e-16
    outer loop
      vertex   5.000000e-01 9.216731e+01 -5.326725e+01
      vertex   5.000000e-01 9.219861e+01 -5.361781e+01
      vertex   5.000000e-01 9.530000e+01 -4.970000e+01
    endloop
  endfacet
  facet normal 1.000000e+00 2.479104e-16 -1.537420e-16
    outer loop
      vertex   5.000000e-01 9.530000e+01 -4.970000e+01
      vertex   5.000000e-01 9.219861e+01 -5.361781e+01
      vertex   5.000000e-01 9.227026e+01 -5.422441e+01
    endloop
  endfacet
  facet normal 1.000000e+00 1.503210e-17 2.203131e-18
    outer loop
      vertex   5.000000e-01 9.530000e+01 -4.970000e+01
      vertex   5.000000e-01 9.227026e+01 -5.422441e+01
      vertex   5.000000e-01 9.234694e+01 -5.474758e+01
    endloop
  endfacet
  facet normal 1.000000e+00 1.497796e-17 2.234806e-18
    outer loop
      vertex   5.000000e-01 9.234694e+01 -5.474758e+01
      vertex   5.000000e-01 9.242018e+01 -5.523845e+01
      vertex   5.000000e-01 9.530000e+01 -4.970000e+01
    endloop
  endfacet
  facet normal 1.000000e+00 1.554651e-17 1.939181e-18
    outer loop
      vertex   5.000000e-01 9.530000e+01 -4.970000e+01
      vertex   5.000000e-01 9.242018e+01 -5.523845e+01
      vertex   5.000000e-01 9.248216e+01 -5.573533e+01
    endloop
  endfacet
  facet normal 1.000000e+00 1.598160e-17 1.736039e-18
    outer loop
      vertex   5.000000e-01 9.530000e+01 -4.970000e+01
      vertex   5.000000e-01 9.248216e+01 -5.573533e+01
      vertex   5.000000e-01 9.254028e+01 -5.627038e+01
    endloop
  endfacet
  facet normal 1.000000e+00 1.582833e-17 1.800416e-18
    outer loop
      vertex   5.000000e-01 9.254028e+01 -5.627038e+01
      vertex   5.000000e-01 9.261195e+01 -5.690044e+01
      vertex   5.000000e-01 9.530000e+01 -4.970000e+01
    endloop
  endfacet
  facet normal 1.000000e+00 1.528775e-17 2.002223e-18
    outer loop
      vertex   5.000000e-01 9.530000e+01 -4.970000e+01
      vertex   5.000000e-01 9.261195e+01 -5.690044e+01
      vertex   5.000000e-01 9.270261e+01 -5.759267e+01
    endloop
  endfacet
  facet normal 1.000000e+00 2.828349e-17 2.865985e-18
    outer loop
      vertex   5.000000e-01 9.295443e+01 -5.942133e+01
      vertex   5.000000e-01 9.299092e+01 -5.978144e+01
      vertex   5.000000e-01 9.530000e+01 -6.320000e+01
    endloop
  endfacet
  facet normal 1.000000e+00 9.688049e-16 6.381431e-16
    outer loop
      vertex   5.000000e-01 9.530000e+01 -6.320000e+01
      vertex   5.000000e-01 9.299092e+01 -5.978144e+01
      vertex   5.000000e-01 9.302532e+01 -6.018160e+01
    endloop
  endfacet
  facet normal 1.000000e+00 -5.896189e-16 -5.362954e-16
    outer loop
      vertex   5.000000e-01 9.530000e+01 -6.320000e+01
      vertex   5.000000e-01 9.302532e+01 -6.018160e+01
      vertex   5.000000e-01 9.305741e+01 -6.063092e+01
    endloop
  endfacet
  facet normal 1.000000e+00 2.652565e-17 1.547264e-18
    outer loop
      vertex   5.000000e-01 9.305741e+01 -6.063092e+01
      vertex   5.000000e-01 9.308695e+01 -6.113733e+01
      vertex   5.000000e-01 9.530000e+01 -6.320000e+01
    endloop
  endfacet
  facet normal 1.000000e+00 2.615144e-17 1.145774e-18
    outer loop
      vertex   5.000000e-01 9.530000e+01 -6.320000e+01
      vertex   5.000000e-01 9.308695e+01 -6.113733e+01
      vertex   5.000000e-01 9.312901e+01 -6.209732e+01
    endloop
  endfacet
  facet normal 1.000000e+00 2.605896e-17 9.637006e-19
    outer loop
      vertex   5.000000e-01 9.530000e+01 -6.320000e+01
      vertex   5.000000e-01 9.312901e+01 -6.209732e+01
      vertex   5.000000e-01 9.314899e+01 -6.263776e+01
    endloop
  endfacet
  facet normal 1.000000e+00 2.606636e-17 9.920256e-19
    outer loop
      vertex   5.000000e-01 9.314899e+01 -6.263776e+01
      vertex   5.000000e-01 9.316119e+01 -6.295834e+01
      vertex   5.000000e-01 9.530000e+01 -6.320000e+01
    endloop
  endfacet
  facet normal 1.000000e+00 2.607138e-17 1.036413e-18
    outer loop
      vertex   5.000000e-01 9.530000e+01 -6.320000e+01
      vertex   5.000000e-01 9.316119e+01 -6.295834e+01
      vertex   5.000000e-01 9.317581e+01 -6.332592e+01
    endloop
  endfacet
  facet normal 1.000000e+00 4.152853e-17 -2.597061e-16
    outer loop
      vertex   5.000000e-01 9.530000e+01 -6.320000e+01
      vertex   5.000000e-01 9.317581e+01 -6.332592e+01
      vertex   5.000000e-01 9.319354e+01 -6.375058e+01
    endloop
  endfacet
  facet normal 1.000000e+00 -8.472020e-17 2.233071e-16
    outer loop
      vertex   5.000000e-01 9.319354e+01 -6.375058e+01
      vertex   5.000000e-01 9.321489e+01 -6.423965e+01
      vertex   5.000000e-01 9.530000e+01 -6.320000e+01
    endloop
  endfacet
  facet normal 1.000000e+00 -0.000000e+00 0.000000e+00
    outer loop
      vertex   5.000000e-01 9.325321e+01 -6.520031e+01
      vertex   5.000000e-01 9.326119e+01 -6.530000e+01
      vertex   5.000000e-01 9.326119e+01 -6.520000e+01
    endloop
  endfacet
  facet normal 1.000000e+00 0.000000e+00 0.000000e+00
    outer loop
      vertex   5.000000e-01 1.210000e+02 -6.520000e+01
      vertex   5.000000e-01 1.210000e+02 -6.670000e+01
      vertex   5.000000e-01 1.220000e+02 -6.530000e+01
    endloop
  endfacet
  facet normal 1.000000e+00 0.000000e+00 0.000000e+00
    outer loop
      vertex   5.000000e-01 1.220000e+02 -6.530000e+01
      vertex   5.000000e-01 1.210000e+02 -6.670000e+01
      vertex   5.000000e-01 1.220000e+02 -6.670000e+01
    endloop
  endfacet
  facet normal 1.000000e+00 -0.000000e+00 0.000000e+00
    outer loop
      vertex   5.000000e-01 1.220000e+02 -7.190000e+01
      vertex   5.000000e-01 1.220000e+02 -9.330000e+01
      vertex   5.000000e-01 1.240000e+02 -7.190000e+01
    endloop
  endfacet
  facet normal 1.000000e+00 0.000000e+00 0.000000e+00
    outer loop
      vertex   5.000000e-01 1.240000e+02 -7.190000e+01
      vertex   5.000000e-01 1.220000e+02 -9.330000e+01
      vertex   5.000000e-01 1.240000e+02 -9.330000e+01
    endloop
  endfacet
  facet normal 1.000000e+00 0.000000e+00 0.000000e+00
    outer loop
      vertex   5.000000e-01 1.240000e+02 -7.190000e+01
      vertex   5.000000e-01 1.240000e+02 -9.330000e+01
      vertex   5.000000e-01 1.380000e+02 -7.900000e+01
    endloop
  endfacet
  facet normal 1.000000e+00 0.000000e+00 0.000000e+00
    outer loop
      vertex   5.000000e-01 1.380000e+02 -7.900000e+01
      vertex   5.000000e-01 1.240000e+02 -9.330000e+01
      vertex   5.000000e-01 1.380000e+02 -8.700000e+01
    endloop
  endfacet
  facet normal 1.000000e+00 -0.000000e+00 0.000000e+00
    outer loop
      vertex   5.000000e-01 1.380000e+02 -7.900000e+01
      vertex   5.000000e-01 1.380000e+02 -8.700000e+01
      vertex   5.000000e-01 1.480000e+02 -7.900000e+01
    endloop
  endfacet
  facet normal 1.000000e+00 0.000000e+00 0.000000e+00
    outer loop
      vertex   5.000000e-01 1.480000e+02 -7.900000e+01
      vertex   5.000000e-01 1.380000e+02 -8.700000e+01
      vertex   5.000000e-01 1.480000e+02 -8.700000e+01
    endloop
  endfacet
  facet normal 1.000000e+00 0.000000e+00 0.000000e+00
    outer loop
      vertex   5.000000e-01 1.220000e+02 -7.070000e+01
      vertex   5.000000e-01 1.210000e+02 -7.070000e+01
      vertex   5.000000e-01 1.220000e+02 -7.190000e+01
    endloop
  endfacet
  facet normal 1.000000e+00 0.000000e+00 0.000000e+00
    outer loop
      vertex   5.000000e-01 1.220000e+02 -7.190000e+01
      vertex   5.000000e-01 1.210000e+02 -7.070000e+01
      vertex   5.000000e-01 1.210000e+02 -9.430000e+01
    endloop
  endfacet
  facet normal 1.000000e+00 0.000000e+00 0.000000e+00
    outer loop
      vertex   5.000000e-01 1.220000e+02 -7.190000e+01
      vertex   5.000000e-01 1.210000e+02 -9.430000e+01
      vertex   5.000000e-01 1.220000e+02 -9.330000e+01
    endloop
  endfacet
  facet normal 1.000000e+00 -1.110221e-16 1.110223e-16
    outer loop
      vertex   5.000000e-01 1.220000e+02 -9.330000e+01
      vertex   5.000000e-01 1.210000e+02 -9.430000e+01
      vertex   5.000000e-01 1.220000e+02 -9.430000e+01
    endloop
  endfacet
  facet normal 1.000000e+00 0.000000e+00 0.000000e+00
    outer loop
      vertex   5.000000e-01 1.380000e+02 -8.700000e+01
      vertex   5.000000e-01 1.240000e+02 -9.330000e+01
      vertex   5.000000e-01 1.380000e+02 -9.700000e+01
    endloop
  endfacet
  facet normal 1.000000e+00 0.000000e+00 0.000000e+00
    outer loop
      vertex   5.000000e-01 1.380000e+02 -9.700000e+01
      vertex   5.000000e-01 1.240000e+02 -9.330000e+01
      vertex   5.000000e-01 1.240000e+02 -9.930000e+01
    endloop
  endfacet
  facet normal 1.000000e+00 5.551115e-17 -2.220447e-17
    outer loop
      vertex   5.000000e-01 1.240000e+02 -9.930000e+01
      vertex   5.000000e-01 1.220000e+02 -9.930000e+01
      vertex   5.000000e-01 1.210000e+02 -1.068000e+02
    endloop
  endfacet
  facet normal 1.000000e+00 -1.110221e-16 0.000000e+00
    outer loop
      vertex   5.000000e-01 1.210000e+02 -1.068000e+02
      vertex   5.000000e-01 1.220000e+02 -9.930000e+01
      vertex   5.000000e-01 1.210000e+02 -9.830000e+01
    endloop
  endfacet
  facet normal 1.000000e+00 -1.060530e-24 1.110223e-16
    outer loop
      vertex   5.000000e-01 1.210000e+02 -9.830000e+01
      vertex   5.000000e-01 1.220000e+02 -9.930000e+01
      vertex   5.000000e-01 1.220000e+02 -9.830000e+01
    endloop
  endfacet
  facet normal 1.000000e+00 0.000000e+00 0.000000e+00
    outer loop
      vertex   5.000000e-01 1.061971e+02 -3.547274e+01
      vertex   5.000000e-01 1.059900e+02 -3.550000e+01
      vertex   5.000000e-01 1.154135e+02 -3.720000e+01
    endloop
  endfacet
  facet normal 1.000000e+00 0.000000e+00 -0.000000e+00
    outer loop
      vertex   5.000000e-01 1.052173e+02 -3.449295e+01
      vertex   5.000000e-01 1.052972e+02 -3.430000e+01
      vertex   5.000000e-01 1.000000e+02 -2.300000e+01
    endloop
  endfacet
  facet normal 1.000000e+00 0.000000e+00 0.000000e+00
    outer loop
      vertex   5.000000e-01 1.000000e+02 -2.300000e+01
      vertex   5.000000e-01 1.052972e+02 -3.430000e+01
      vertex   5.000000e-01 1.054243e+02 -3.413432e+01
    endloop
  endfacet
  facet normal 1.000000e+00 0.000000e+00 0.000000e+00
    outer loop
      vertex   5.000000e-01 1.000000e+02 -2.300000e+01
      vertex   5.000000e-01 1.054243e+02 -3.413432e+01
      vertex   5.000000e-01 1.055900e+02 -3.400718e+01
    endloop
  endfacet
  facet normal 1.000000e+00 0.000000e+00 -0.000000e+00
    outer loop
      vertex   5.000000e-01 1.361900e+02 -6.590000e+01
      vertex   5.000000e-01 1.362173e+02 -6.569295e+01
      vertex   5.000000e-01 1.242000e+02 -6.340000e+01
    endloop
  endfacet
  facet normal 1.000000e+00 0.000000e+00 0.000000e+00
    outer loop
      vertex   5.000000e-01 1.242000e+02 -6.340000e+01
      vertex   5.000000e-01 1.362173e+02 -6.569295e+01
      vertex   5.000000e-01 1.362972e+02 -6.550000e+01
    endloop
  endfacet
  facet normal 1.000000e+00 0.000000e+00 0.000000e+00
    outer loop
      vertex   5.000000e-01 1.242000e+02 -6.340000e+01
      vertex   5.000000e-01 1.362972e+02 -6.550000e+01
      vertex   5.000000e-01 1.364243e+02 -6.533432e+01
    endloop
  endfacet
  facet normal 1.000000e+00 0.000000e+00 -0.000000e+00
    outer loop
      vertex   5.000000e-01 1.364243e+02 -6.533432e+01
      vertex   5.000000e-01 1.365900e+02 -6.520718e+01
      vertex   5.000000e-01 1.242000e+02 -6.340000e+01
    endloop
  endfacet
  facet normal 1.000000e+00 0.000000e+00 0.000000e+00
    outer loop
      vertex   5.000000e-01 1.242000e+02 -6.340000e+01
      vertex   5.000000e-01 1.365900e+02 -6.520718e+01
      vertex   5.000000e-01 1.367829e+02 -6.512726e+01
    endloop
  endfacet
  facet normal 1.000000e+00 0.000000e+00 0.000000e+00
    outer loop
      vertex   5.000000e-01 1.242000e+02 -6.340000e+01
      vertex   5.000000e-01 1.367829e+02 -6.512726e+01
      vertex   5.000000e-01 1.369900e+02 -6.510000e+01
    endloop
  endfacet
  facet normal 1.000000e+00 -0.000000e+00 0.000000e+00
    outer loop
      vertex   5.000000e-01 1.373900e+02 -6.520718e+01
      vertex   5.000000e-01 1.375557e+02 -6.533432e+01
      vertex   5.000000e-01 1.448877e+02 -6.340000e+01
    endloop
  endfacet
  facet normal 1.000000e+00 0.000000e+00 0.000000e+00
    outer loop
      vertex   5.000000e-01 1.448877e+02 -6.340000e+01
      vertex   5.000000e-01 1.375557e+02 -6.533432e+01
      vertex   5.000000e-01 1.376828e+02 -6.550000e+01
    endloop
  endfacet
  facet normal 1.000000e+00 0.000000e+00 0.000000e+00
    outer loop
      vertex   5.000000e-01 1.448877e+02 -6.340000e+01
      vertex   5.000000e-01 1.376828e+02 -6.550000e+01
      vertex   5.000000e-01 1.377627e+02 -6.569295e+01
    endloop
  endfacet
  facet normal 1.000000e+00 -0.000000e+00 0.000000e+00
    outer loop
      vertex   5.000000e-01 1.377627e+02 -6.569295e+01
      vertex   5.000000e-01 1.377900e+02 -6.590000e+01
      vertex   5.000000e-01 1.448877e+02 -6.340000e+01
    endloop
  endfacet
  facet normal 0.000000e+00 -1.045285e-01 -9.945219e-01
    outer loop
      vertex   -1.500000e+00 1.435718e+02 -8.931010e+01
      vertex   -5.000000e-01 1.435718e+02 -8.931010e+01
      vertex   -1.500000e+00 1.430000e+02 -8.925000e+01
    endloop
  endfacet
  facet normal 0.000000e+00 -1.045285e-01 -9.945219e-01
    outer loop
      vertex   -1.500000e+00 1.430000e+02 -8.925000e+01
      vertex   -5.000000e-01 1.435718e+02 -8.931010e+01
      vertex   -5.000000e-01 1.430000e+02 -8.925000e+01
    endloop
  endfacet
  facet normal 0.000000e+00 1.045285e-01 -9.945219e-01
    outer loop
      vertex   -1.500000e+00 1.430000e+02 -8.925000e+01
      vertex   -5.000000e-01 1.430000e+02 -8.925000e+01
      vertex   -1.500000e+00 1.424282e+02 -8.931010e+01
    endloop
  endfacet
  facet normal 0.000000e+00 1.045285e-01 -9.945219e-01
    outer loop
      vertex   -1.500000e+00 1.424282e+02 -8.931010e+01
      vertex   -5.000000e-01 1.430000e+02 -8.925000e+01
      vertex   -5.000000e-01 1.424282e+02 -8.931010e+01
    endloop
  endfacet
  facet normal 0.000000e+00 3.090170e-01 -9.510565e-01
    outer loop
      vertex   -1.500000e+00 1.424282e+02 -8.931010e+01
      vertex   -5.000000e-01 1.424282e+02 -8.931010e+01
      vertex   -1.500000e+00 1.418815e+02 -8.948775e+01
    endloop
  endfacet
  facet normal 0.000000e+00 3.090170e-01 -9.510565e-01
    outer loop
      vertex   -1.500000e+00 1.418815e+02 -8.948775e+01
      vertex   -5.000000e-01 1.424282e+02 -8.931010e+01
      vertex   -5.000000e-01 1.418815e+02 -8.948775e+01
    endloop
  endfacet
  facet normal 0.000000e+00 5.000000e-01 -8.660254e-01
    outer loop
      vertex   -1.500000e+00 1.418815e+02 -8.948775e+01
      vertex   -5.000000e-01 1.418815e+02 -8.948775e+01
      vertex   -1.500000e+00 1.413836e+02 -8.977520e+01
    endloop
  endfacet
  facet normal 0.000000e+00 5.000000e-01 -8.660254e-01
    outer loop
      vertex   -1.500000e+00 1.413836e+02 -8.977520e+01
      vertex   -5.000000e-01 1.418815e+02 -8.948775e+01
      vertex   -5.000000e-01 1.413836e+02 -8.977520e+01
    endloop
  endfacet
  facet normal 0.000000e+00 6.691306e-01 -7.431448e-01
    outer loop
      vertex   -1.500000e+00 1.413836e+02 -8.977520e+01
      vertex   -5.000000e-01 1.413836e+02 -8.977520e+01
      vertex   -1.500000e+00 1.409564e+02 -9.015989e+01
    endloop
  endfacet
  facet normal 0.000000e+00 6.691306e-01 -7.431448e-01
    outer loop
      vertex   -1.500000e+00 1.409564e+02 -9.015989e+01
      vertex   -5.000000e-01 1.413836e+02 -8.977520e+01
      vertex   -5.000000e-01 1.409564e+02 -9.015989e+01
    endloop
  endfacet
  facet normal 0.000000e+00 8.090170e-01 -5.877853e-01
    outer loop
      vertex   -1.500000e+00 1.409564e+02 -9.015989e+01
      vertex   -5.000000e-01 1.409564e+02 -9.015989e+01
      vertex   -1.500000e+00 1.406184e+02 -9.062500e+01
    endloop
  endfacet
  facet normal -8.352931e-15 8.090170e-01 -5.877853e-01
    outer loop
      vertex   -1.500000e+00 1.406184e+02 -9.062500e+01
      vertex   -5.000000e-01 1.409564e+02 -9.015989e+01
      vertex   -5.000000e-01 1.406184e+02 -9.062500e+01
    endloop
  endfacet
  facet normal -5.780075e-15 9.135455e-01 -4.067366e-01
    outer loop
      vertex   -1.500000e+00 1.406184e+02 -9.062500e+01
      vertex   -5.000000e-01 1.406184e+02 -9.062500e+01
      vertex   -1.500000e+00 1.403846e+02 -9.115020e+01
    endloop
  endfacet
  facet normal 0.000000e+00 9.135455e-01 -4.067366e-01
    outer loop
      vertex   -1.500000e+00 1.403846e+02 -9.115020e+01
      vertex   -5.000000e-01 1.406184e+02 -9.062500e+01
      vertex   -5.000000e-01 1.403846e+02 -9.115020e+01
    endloop
  endfacet
  facet normal 0.000000e+00 9.781476e-01 -2.079117e-01
    outer loop
      vertex   -1.500000e+00 1.403846e+02 -9.115020e+01
      vertex   -5.000000e-01 1.403846e+02 -9.115020e+01
      vertex   -1.500000e+00 1.402651e+02 -9.171255e+01
    endloop
  endfacet
  facet normal 0.000000e+00 9.781476e-01 -2.079117e-01
    outer loop
      vertex   -1.500000e+00 1.402651e+02 -9.171255e+01
      vertex   -5.000000e-01 1.403846e+02 -9.115020e+01
      vertex   -5.000000e-01 1.402651e+02 -9.171255e+01
    endloop
  endfacet
  facet normal -0.000000e+00 1.000000e+00 0.000000e+00
    outer loop
      vertex   -1.500000e+00 1.402651e+02 -9.171255e+01
      vertex   -5.000000e-01 1.402651e+02 -9.171255e+01
      vertex   -1.500000e+00 1.402651e+02 -9.228745e+01
    endloop
  endfacet
  facet normal 0.000000e+00 1.000000e+00 0.000000e+00
    outer loop
      vertex   -1.500000e+00 1.402651e+02 -9.228745e+01
      vertex   -5.000000e-01 1.402651e+02 -9.171255e+01
      vertex   -5.000000e-01 1.402651e+02 -9.228745e+01
    endloop
  endfacet
  facet normal -0.000000e+00 9.781476e-01 2.079117e-01
    outer loop
      vertex   -1.500000e+00 1.402651e+02 -9.228745e+01
      vertex   -5.000000e-01 1.402651e+02 -9.228745e+01
      vertex   -1.500000e+00 1.403846e+02 -9.284980e+01
    endloop
  endfacet
  facet normal -0.000000e+00 9.781476e-01 2.079117e-01
    outer loop
      vertex   -1.500000e+00 1.403846e+02 -9.284980e+01
      vertex   -5.000000e-01 1.402651e+02 -9.228745e+01
      vertex   -5.000000e-01 1.403846e+02 -9.284980e+01
    endloop
  endfacet
  facet normal -0.000000e+00 9.135455e-01 4.067366e-01
    outer loop
      vertex   -1.500000e+00 1.403846e+02 -9.284980e+01
      vertex   -5.000000e-01 1.403846e+02 -9.284980e+01
      vertex   -1.500000e+00 1.406184e+02 -9.337500e+01
    endloop
  endfacet
  facet normal 5.780075e-15 9.135455e-01 4.067366e-01
    outer loop
      vertex   -1.500000e+00 1.406184e+02 -9.337500e+01
      vertex   -5.000000e-01 1.403846e+02 -9.284980e+01
      vertex   -5.000000e-01 1.406184e+02 -9.337500e+01
    endloop
  endfacet
  facet normal 8.352931e-15 8.090170e-01 5.877853e-01
    outer loop
      vertex   -1.500000e+00 1.406184e+02 -9.337500e+01
      vertex   -5.000000e-01 1.406184e+02 -9.337500e+01
      vertex   -1.500000e+00 1.409564e+02 -9.384011e+01
    endloop
  endfacet
  facet normal -0.000000e+00 8.090170e-01 5.877853e-01
    outer loop
      vertex   -1.500000e+00 1.409564e+02 -9.384011e+01
      vertex   -5.000000e-01 1.406184e+02 -9.337500e+01
      vertex   -5.000000e-01 1.409564e+02 -9.384011e+01
    endloop
  endfacet
  facet normal -0.000000e+00 6.691306e-01 7.431448e-01
    outer loop
      vertex   -1.500000e+00 1.409564e+02 -9.384011e+01
      vertex   -5.000000e-01 1.409564e+02 -9.384011e+01
      vertex   -1.500000e+00 1.413836e+02 -9.422480e+01
    endloop
  endfacet
  facet normal -0.000000e+00 6.691306e-01 7.431448e-01
    outer loop
      vertex   -1.500000e+00 1.413836e+02 -9.422480e+01
      vertex   -5.000000e-01 1.409564e+02 -9.384011e+01
      vertex   -5.000000e-01 1.413836e+02 -9.422480e+01
    endloop
  endfacet
  facet normal -0.000000e+00 5.000000e-01 8.660254e-01
    outer loop
      vertex   -1.500000e+00 1.413836e+02 -9.422480e+01
      vertex   -5.000000e-01 1.413836e+02 -9.422480e+01
      vertex   -1.500000e+00 1.418815e+02 -9.451225e+01
    endloop
  endfacet
  facet normal -0.000000e+00 5.000000e-01 8.660254e-01
    outer loop
      vertex   -1.500000e+00 1.418815e+02 -9.451225e+01
      vertex   -5.000000e-01 1.413836e+02 -9.422480e+01
      vertex   -5.000000e-01 1.418815e+02 -9.451225e+01
    endloop
  endfacet
  facet normal -0.000000e+00 3.090170e-01 9.510565e-01
    outer loop
      vertex   -1.500000e+00 1.418815e+02 -9.451225e+01
      vertex   -5.000000e-01 1.418815e+02 -9.451225e+01
      vertex   -1.500000e+00 1.424282e+02 -9.468991e+01
    endloop
  endfacet
  facet normal -0.000000e+00 3.090170e-01 9.510565e-01
    outer loop
      vertex   -1.500000e+00 1.424282e+02 -9.468991e+01
      vertex   -5.000000e-01 1.418815e+02 -9.451225e+01
      vertex   -5.000000e-01 1.424282e+02 -9.468991e+01
    endloop
  endfacet
  facet normal -0.000000e+00 1.045285e-01 9.945219e-01
    outer loop
      vertex   -1.500000e+00 1.424282e+02 -9.468991e+01
      vertex   -5.000000e-01 1.424282e+02 -9.468991e+01
      vertex   -1.500000e+00 1.430000e+02 -9.475000e+01
    endloop
  endfacet
  facet normal -0.000000e+00 1.045285e-01 9.945219e-01
    outer loop
      vertex   -1.500000e+00 1.430000e+02 -9.475000e+01
      vertex   -5.000000e-01 1.424282e+02 -9.468991e+01
      vertex   -5.000000e-01 1.430000e+02 -9.475000e+01
    endloop
  endfacet
  facet normal 0.000000e+00 -1.045285e-01 9.945219e-01
    outer loop
      vertex   -1.500000e+00 1.430000e+02 -9.475000e+01
      vertex   -5.000000e-01 1.430000e+02 -9.475000e+01
      vertex   -1.500000e+00 1.435718e+02 -9.468991e+01
    endloop
  endfacet
  facet normal 0.000000e+00 -1.045285e-01 9.945219e-01
    outer loop
      vertex   -1.500000e+00 1.435718e+02 -9.468991e+01
      vertex   -5.000000e-01 1.430000e+02 -9.475000e+01
      vertex   -5.000000e-01 1.435718e+02 -9.468991e+01
    endloop
  endfacet
  facet normal 0.000000e+00 -3.090170e-01 9.510565e-01
    outer loop
      vertex   -1.500000e+00 1.435718e+02 -9.468991e+01
      vertex   -5.000000e-01 1.435718e+02 -9.468991e+01
      vertex   -1.500000e+00 1.441185e+02 -9.451225e+01
    endloop
  endfacet
  facet normal 0.000000e+00 -3.090170e-01 9.510565e-01
    outer loop
      vertex   -1.500000e+00 1.441185e+02 -9.451225e+01
      vertex   -5.000000e-01 1.435718e+02 -9.468991e+01
      vertex   -5.000000e-01 1.441185e+02 -9.451225e+01
    endloop
  endfacet
  facet normal 0.000000e+00 -5.000000e-01 8.660254e-01
    outer loop
      vertex   -1.500000e+00 1.441185e+02 -9.451225e+01
      vertex   -5.000000e-01 1.441185e+02 -9.451225e+01
      vertex   -1.500000e+00 1.446164e+02 -9.422480e+01
    endloop
  endfacet
  facet normal 0.000000e+00 -5.000000e-01 8.660254e-01
    outer loop
      vertex   -1.500000e+00 1.446164e+02 -9.422480e+01
      vertex   -5.000000e-01 1.441185e+02 -9.451225e+01
      vertex   -5.000000e-01 1.446164e+02 -9.422480e+01
    endloop
  endfacet
  facet normal 0.000000e+00 -6.691306e-01 7.431448e-01
    outer loop
      vertex   -1.500000e+00 1.446164e+02 -9.422480e+01
      vertex   -5.000000e-01 1.446164e+02 -9.422480e+01
      vertex   -1.500000e+00 1.450437e+02 -9.384011e+01
    endloop
  endfacet
  facet normal 0.000000e+00 -6.691306e-01 7.431448e-01
    outer loop
      vertex   -1.500000e+00 1.450437e+02 -9.384011e+01
      vertex   -5.000000e-01 1.446164e+02 -9.422480e+01
      vertex   -5.000000e-01 1.450437e+02 -9.384011e+01
    endloop
  endfacet
  facet normal 0.000000e+00 -8.090170e-01 5.877853e-01
    outer loop
      vertex   -1.500000e+00 1.450437e+02 -9.384011e+01
      vertex   -5.000000e-01 1.450437e+02 -9.384011e+01
      vertex   -1.500000e+00 1.453816e+02 -9.337500e+01
    endloop
  endfacet
  facet normal -8.352931e-15 -8.090170e-01 5.877853e-01
    outer loop
      vertex   -1.500000e+00 1.453816e+02 -9.337500e+01
      vertex   -5.000000e-01 1.450437e+02 -9.384011e+01
      vertex   -5.000000e-01 1.453816e+02 -9.337500e+01
    endloop
  endfacet
  facet normal -5.780075e-15 -9.135455e-01 4.067366e-01
    outer loop
      vertex   -1.500000e+00 1.453816e+02 -9.337500e+01
      vertex   -5.000000e-01 1.453816e+02 -9.337500e+01
      vertex   -1.500000e+00 1.456154e+02 -9.284980e+01
    endloop
  endfacet
  facet normal 0.000000e+00 -9.135455e-01 4.067366e-01
    outer loop
      vertex   -1.500000e+00 1.456154e+02 -9.284980e+01
      vertex   -5.000000e-01 1.453816e+02 -9.337500e+01
      vertex   -5.000000e-01 1.456154e+02 -9.284980e+01
    endloop
  endfacet
  facet normal 0.000000e+00 -9.781476e-01 2.079117e-01
    outer loop
      vertex   -1.500000e+00 1.456154e+02 -9.284980e+01
      vertex   -5.000000e-01 1.456154e+02 -9.284980e+01
      vertex   -1.500000e+00 1.457349e+02 -9.228745e+01
    endloop
  endfacet
  facet normal 0.000000e+00 -9.781476e-01 2.079117e-01
    outer loop
      vertex   -1.500000e+00 1.457349e+02 -9.228745e+01
      vertex   -5.000000e-01 1.456154e+02 -9.284980e+01
      vertex   -5.000000e-01 1.457349e+02 -9.228745e+01
    endloop
  endfacet
  facet normal 0.000000e+00 -1.000000e+00 0.000000e+00
    outer loop
      vertex   -1.500000e+00 1.457349e+02 -9.228745e+01
      vertex   -5.000000e-01 1.457349e+02 -9.228745e+01
      vertex   -1.500000e+00 1.457349e+02 -9.171255e+01
    endloop
  endfacet
  facet normal 0.000000e+00 -1.000000e+00 0.000000e+00
    outer loop
      vertex   -1.500000e+00 1.457349e+02 -9.171255e+01
      vertex   -5.000000e-01 1.457349e+02 -9.228745e+01
      vertex   -5.000000e-01 1.457349e+02 -9.171255e+01
    endloop
  endfacet
  facet normal 0.000000e+00 -9.781476e-01 -2.079117e-01
    outer loop
      vertex   -1.500000e+00 1.457349e+02 -9.171255e+01
      vertex   -5.000000e-01 1.457349e+02 -9.171255e+01
      vertex   -1.500000e+00 1.456154e+02 -9.115020e+01
    endloop
  endfacet
  facet normal 0.000000e+00 -9.781476e-01 -2.079117e-01
    outer loop
      vertex   -1.500000e+00 1.456154e+02 -9.115020e+01
      vertex   -5.000000e-01 1.457349e+02 -9.171255e+01
      vertex   -5.000000e-01 1.456154e+02 -9.115020e+01
    endloop
  endfacet
  facet normal 0.000000e+00 -9.135455e-01 -4.067366e-01
    outer loop
      vertex   -1.500000e+00 1.456154e+02 -9.115020e+01
      vertex   -5.000000e-01 1.456154e+02 -9.115020e+01
      vertex   -1.500000e+00 1.453816e+02 -9.062500e+01
    endloop
  endfacet
  facet normal 5.780075e-15 -9.135455e-01 -4.067366e-01
    outer loop
      vertex   -1.500000e+00 1.453816e+02 -9.062500e+01
      vertex   -5.000000e-01 1.456154e+02 -9.115020e+01
      vertex   -5.000000e-01 1.453816e+02 -9.062500e+01
    endloop
  endfacet
  facet normal 8.352931e-15 -8.090170e-01 -5.877853e-01
    outer loop
      vertex   -1.500000e+00 1.453816e+02 -9.062500e+01
      vertex   -5.000000e-01 1.453816e+02 -9.062500e+01
      vertex   -1.500000e+00 1.450437e+02 -9.015989e+01
    endloop
  endfacet
  facet normal 0.000000e+00 -8.090170e-01 -5.877853e-01
    outer loop
      vertex   -1.500000e+00 1.450437e+02 -9.015989e+01
      vertex   -5.000000e-01 1.453816e+02 -9.062500e+01
      vertex   -5.000000e-01 1.450437e+02 -9.015989e+01
    endloop
  endfacet
  facet normal 0.000000e+00 -6.691306e-01 -7.431448e-01
    outer loop
      vertex   -1.500000e+00 1.450437e+02 -9.015989e+01
      vertex   -5.000000e-01 1.450437e+02 -9.015989e+01
      vertex   -1.500000e+00 1.446164e+02 -8.977520e+01
    endloop
  endfacet
  facet normal 0.000000e+00 -6.691306e-01 -7.431448e-01
    outer loop
      vertex   -1.500000e+00 1.446164e+02 -8.977520e+01
      vertex   -5.000000e-01 1.450437e+02 -9.015989e+01
      vertex   -5.000000e-01 1.446164e+02 -8.977520e+01
    endloop
  endfacet
  facet normal 0.000000e+00 -5.000000e-01 -8.660254e-01
    outer loop
      vertex   -1.500000e+00 1.446164e+02 -8.977520e+01
      vertex   -5.000000e-01 1.446164e+02 -8.977520e+01
      vertex   -1.500000e+00 1.441185e+02 -8.948775e+01
    endloop
  endfacet
  facet normal 0.000000e+00 -5.000000e-01 -8.660254e-01
    outer loop
      vertex   -1.500000e+00 1.441185e+02 -8.948775e+01
      vertex   -5.000000e-01 1.446164e+02 -8.977520e+01
      vertex   -5.000000e-01 1.441185e+02 -8.948775e+01
    endloop
  endfacet
  facet normal 0.000000e+00 -3.090170e-01 -9.510565e-01
    outer loop
      vertex   -1.500000e+00 1.441185e+02 -8.948775e+01
      vertex   -5.000000e-01 1.441185e+02 -8.948775e+01
      vertex   -1.500000e+00 1.435718e+02 -8.931010e+01
    endloop
  endfacet
  facet normal 0.000000e+00 -3.090170e-01 -9.510565e-01
    outer loop
      vertex   -1.500000e+00 1.435718e+02 -8.931010e+01
      vertex   -5.000000e-01 1.441185e+02 -8.948775e+01
      vertex   -5.000000e-01 1.435718e+02 -8.931010e+01
    endloop
  endfacet
  facet normal 0.000000e+00 -1.000000e+00 0.000000e+00
    outer loop
      vertex   -5.000000e-01 1.380000e+02 -9.700000e+01
      vertex   -5.000000e-01 1.380000e+02 -8.700000e+01
      vertex   -1.500000e+00 1.380000e+02 -9.700000e+01
    endloop
  endfacet
  facet normal 0.000000e+00 -1.000000e+00 0.000000e+00
    outer loop
      vertex   -1.500000e+00 1.380000e+02 -9.700000e+01
      vertex   -5.000000e-01 1.380000e+02 -8.700000e+01
      vertex   -1.500000e+00 1.380000e+02 -8.700000e+01
    endloop
  endfacet
  facet normal -0.000000e+00 -0.000000e+00 -1.000000e+00
    outer loop
      vertex   -5.000000e-01 1.480000e+02 -9.700000e+01
      vertex   -5.000000e-01 1.380000e+02 -9.700000e+01
      vertex   -1.500000e+00 1.480000e+02 -9.700000e+01
    endloop
  endfacet
  facet normal 0.000000e+00 0.000000e+00 -1.000000e+00
    outer loop
      vertex   -1.500000e+00 1.480000e+02 -9.700000e+01
      vertex   -5.000000e-01 1.380000e+02 -9.700000e+01
      vertex   -1.500000e+00 1.380000e+02 -9.700000e+01
    endloop
  endfacet
  facet normal 0.000000e+00 1.000000e+00 0.000000e+00
    outer loop
      vertex   -5.000000e-01 1.480000e+02 -8.700000e+01
      vertex   -5.000000e-01 1.480000e+02 -9.700000e+01
      vertex   -1.500000e+00 1.480000e+02 -8.700000e+01
    endloop
  endfacet
  facet normal 0.000000e+00 1.000000e+00 0.000000e+00
    outer loop
      vertex   -1.500000e+00 1.480000e+02 -8.700000e+01
      vertex   -5.000000e-01 1.480000e+02 -9.700000e+01
      vertex   -1.500000e+00 1.480000e+02 -9.700000e+01
    endloop
  endfacet
  facet normal 0.000000e+00 -0.000000e+00 1.000000e+00
    outer loop
      vertex   -5.000000e-01 1.380000e+02 -8.700000e+01
      vertex   -5.000000e-01 1.480000e+02 -8.700000e+01
      vertex   -1.500000e+00 1.380000e+02 -8.700000e+01
    endloop
  endfacet
  facet normal 0.000000e+00 0.000000e+00 1.000000e+00
    outer loop
      vertex   -1.500000e+00 1.380000e+02 -8.700000e+01
      vertex   -5.000000e-01 1.480000e+02 -8.700000e+01
      vertex   -1.500000e+00 1.480000e+02 -8.700000e+01
    endloop
  endfacet
  facet normal -1.000000e+00 0.000000e+00 0.000000e+00
    outer loop
      vertex   -1.500000e+00 1.424282e+02 -8.931010e+01
      vertex   -1.500000e+00 1.380000e+02 -8.700000e+01
      vertex   -1.500000e+00 1.430000e+02 -8.925000e+01
    endloop
  endfacet
  facet normal -1.000000e+00 0.000000e+00 0.000000e+00
    outer loop
      vertex   -1.500000e+00 1.430000e+02 -8.925000e+01
      vertex   -1.500000e+00 1.380000e+02 -8.700000e+01
      vertex   -1.500000e+00 1.480000e+02 -8.700000e+01
    endloop
  endfacet
  facet normal -1.000000e+00 0.000000e+00 0.000000e+00
    outer loop
      vertex   -1.500000e+00 1.430000e+02 -8.925000e+01
      vertex   -1.500000e+00 1.480000e+02 -8.700000e+01
      vertex   -1.500000e+00 1.435718e+02 -8.931010e+01
    endloop
  endfacet
  facet normal -1.000000e+00 0.000000e+00 0.000000e+00
    outer loop
      vertex   -1.500000e+00 1.435718e+02 -8.931010e+01
      vertex   -1.500000e+00 1.480000e+02 -8.700000e+01
      vertex   -1.500000e+00 1.441185e+02 -8.948775e+01
    endloop
  endfacet
  facet normal -1.000000e+00 0.000000e+00 0.000000e+00
    outer loop
      vertex   -1.500000e+00 1.441185e+02 -8.948775e+01
      vertex   -1.500000e+00 1.480000e+02 -8.700000e+01
      vertex   -1.500000e+00 1.446164e+02 -8.977520e+01
    endloop
  endfacet
  facet normal -1.000000e+00 0.000000e+00 0.000000e+00
    outer loop
      vertex   -1.500000e+00 1.446164e+02 -8.977520e+01
      vertex   -1.500000e+00 1.480000e+02 -8.700000e+01
      vertex   -1.500000e+00 1.450437e+02 -9.015989e+01
    endloop
  endfacet
  facet normal -1.000000e+00 0.000000e+00 0.000000e+00
    outer loop
      vertex   -1.500000e+00 1.450437e+02 -9.015989e+01
      vertex   -1.500000e+00 1.480000e+02 -8.700000e+01
      vertex   -1.500000e+00 1.453816e+02 -9.062500e+01
    endloop
  endfacet
  facet normal -1.000000e+00 0.000000e+00 0.000000e+00
    outer loop
      vertex   -1.500000e+00 1.453816e+02 -9.062500e+01
      vertex   -1.500000e+00 1.480000e+02 -8.700000e+01
      vertex   -1.500000e+00 1.456154e+02 -9.115020e+01
    endloop
  endfacet
  facet normal -1.000000e+00 0.000000e+00 0.000000e+00
    outer loop
      vertex   -1.500000e+00 1.456154e+02 -9.115020e+01
      vertex   -1.500000e+00 1.480000e+02 -8.700000e+01
      vertex   -1.500000e+00 1.457349e+02 -9.171255e+01
    endloop
  endfacet
  facet normal -1.000000e+00 0.000000e+00 0.000000e+00
    outer loop
      vertex   -1.500000e+00 1.457349e+02 -9.171255e+01
      vertex   -1.500000e+00 1.480000e+02 -8.700000e+01
      vertex   -1.500000e+00 1.480000e+02 -9.700000e+01
    endloop
  endfacet
  facet normal -1.000000e+00 0.000000e+00 0.000000e+00
    outer loop
      vertex   -1.500000e+00 1.457349e+02 -9.171255e+01
      vertex   -1.500000e+00 1.480000e+02 -9.700000e+01
      vertex   -1.500000e+00 1.457349e+02 -9.228745e+01
    endloop
  endfacet
  facet normal -1.000000e+00 0.000000e+00 -0.000000e+00
    outer loop
      vertex   -1.500000e+00 1.457349e+02 -9.228745e+01
      vertex   -1.500000e+00 1.480000e+02 -9.700000e+01
      vertex   -1.500000e+00 1.456154e+02 -9.284980e+01
    endloop
  endfacet
  facet normal -1.000000e+00 0.000000e+00 -0.000000e+00
    outer loop
      vertex   -1.500000e+00 1.456154e+02 -9.284980e+01
      vertex   -1.500000e+00 1.480000e+02 -9.700000e+01
      vertex   -1.500000e+00 1.453816e+02 -9.337500e+01
    endloop
  endfacet
  facet normal -1.000000e+00 0.000000e+00 -0.000000e+00
    outer loop
      vertex   -1.500000e+00 1.453816e+02 -9.337500e+01
      vertex   -1.500000e+00 1.480000e+02 -9.700000e+01
      vertex   -1.500000e+00 1.450437e+02 -9.384011e+01
    endloop
  endfacet
  facet normal -1.000000e+00 0.000000e+00 -0.000000e+00
    outer loop
      vertex   -1.500000e+00 1.450437e+02 -9.384011e+01
      vertex   -1.500000e+00 1.480000e+02 -9.700000e+01
      vertex   -1.500000e+00 1.446164e+02 -9.422480e+01
    endloop
  endfacet
  facet normal -1.000000e+00 0.000000e+00 -0.000000e+00
    outer loop
      vertex   -1.500000e+00 1.446164e+02 -9.422480e+01
      vertex   -1.500000e+00 1.480000e+02 -9.700000e+01
      vertex   -1.500000e+00 1.441185e+02 -9.451225e+01
    endloop
  endfacet
  facet normal -1.000000e+00 0.000000e+00 -0.000000e+00
    outer loop
      vertex   -1.500000e+00 1.441185e+02 -9.451225e+01
      vertex   -1.500000e+00 1.480000e+02 -9.700000e+01
      vertex   -1.500000e+00 1.435718e+02 -9.468991e+01
    endloop
  endfacet
  facet normal -1.000000e+00 0.000000e+00 -0.000000e+00
    outer loop
      vertex   -1.500000e+00 1.435718e+02 -9.468991e+01
      vertex   -1.500000e+00 1.480000e+02 -9.700000e+01
      vertex   -1.500000e+00 1.430000e+02 -9.475000e+01
    endloop
  endfacet
  facet normal -1.000000e+00 0.000000e+00 -0.000000e+00
    outer loop
      vertex   -1.500000e+00 1.430000e+02 -9.475000e+01
      vertex   -1.500000e+00 1.480000e+02 -9.700000e+01
      vertex   -1.500000e+00 1.380000e+02 -9.700000e+01
    endloop
  endfacet
  facet normal -1.000000e+00 -0.000000e+00 0.000000e+00
    outer loop
      vertex   -1.500000e+00 1.430000e+02 -9.475000e+01
      vertex   -1.500000e+00 1.380000e+02 -9.700000e+01
      vertex   -1.500000e+00 1.424282e+02 -9.468991e+01
    endloop
  endfacet
  facet normal -1.000000e+00 -0.000000e+00 0.000000e+00
    outer loop
      vertex   -1.500000e+00 1.424282e+02 -9.468991e+01
      vertex   -1.500000e+00 1.380000e+02 -9.700000e+01
      vertex   -1.500000e+00 1.418815e+02 -9.451225e+01
    endloop
  endfacet
  facet normal -1.000000e+00 -0.000000e+00 0.000000e+00
    outer loop
      vertex   -1.500000e+00 1.418815e+02 -9.451225e+01
      vertex   -1.500000e+00 1.380000e+02 -9.700000e+01
      vertex   -1.500000e+00 1.413836e+02 -9.422480e+01
    endloop
  endfacet
  facet normal -1.000000e+00 -0.000000e+00 0.000000e+00
    outer loop
      vertex   -1.500000e+00 1.413836e+02 -9.422480e+01
      vertex   -1.500000e+00 1.380000e+02 -9.700000e+01
      vertex   -1.500000e+00 1.409564e+02 -9.384011e+01
    endloop
  endfacet
  facet normal -1.000000e+00 -0.000000e+00 0.000000e+00
    outer loop
      vertex   -1.500000e+00 1.409564e+02 -9.384011e+01
      vertex   -1.500000e+00 1.380000e+02 -9.700000e+01
      vertex   -1.500000e+00 1.406184e+02 -9.337500e+01
    endloop
  endfacet
  facet normal -1.000000e+00 -0.000000e+00 0.000000e+00
    outer loop
      vertex   -1.500000e+00 1.406184e+02 -9.337500e+01
      vertex   -1.500000e+00 1.380000e+02 -9.700000e+01
      vertex   -1.500000e+00 1.403846e+02 -9.284980e+01
    endloop
  endfacet
  facet normal -1.000000e+00 -0.000000e+00 0.000000e+00
    outer loop
      vertex   -1.500000e+00 1.403846e+02 -9.284980e+01
      vertex   -1.500000e+00 1.380000e+02 -9.700000e+01
      vertex   -1.500000e+00 1.402651e+02 -9.228745e+01
    endloop
  endfacet
  facet normal -1.000000e+00 -0.000000e+00 0.000000e+00
    outer loop
      vertex   -1.500000e+00 1.402651e+02 -9.228745e+01
      vertex   -1.500000e+00 1.380000e+02 -9.700000e+01
      vertex   -1.500000e+00 1.380000e+02 -8.700000e+01
    endloop
  endfacet
  facet normal -1.000000e+00 0.000000e+00 0.000000e+00
    outer loop
      vertex   -1.500000e+00 1.402651e+02 -9.228745e+01
      vertex   -1.500000e+00 1.380000e+02 -8.700000e+01
      vertex   -1.500000e+00 1.402651e+02 -9.171255e+01
    endloop
  endfacet
  facet normal -1.000000e+00 0.000000e+00 0.000000e+00
    outer loop
      vertex   -1.500000e+00 1.402651e+02 -9.171255e+01
      vertex   -1.500000e+00 1.380000e+02 -8.700000e+01
      vertex   -1.500000e+00 1.403846e+02 -9.115020e+01
    endloop
  endfacet
  facet normal -1.000000e+00 0.000000e+00 0.000000e+00
    outer loop
      vertex   -1.500000e+00 1.403846e+02 -9.115020e+01
      vertex   -1.500000e+00 1.380000e+02 -8.700000e+01
      vertex   -1.500000e+00 1.406184e+02 -9.062500e+01
    endloop
  endfacet
  facet normal -1.000000e+00 0.000000e+00 0.000000e+00
    outer loop
      vertex   -1.500000e+00 1.406184e+02 -9.062500e+01
      vertex   -1.500000e+00 1.380000e+02 -8.700000e+01
      vertex   -1.500000e+00 1.409564e+02 -9.015989e+01
    endloop
  endfacet
  facet normal -1.000000e+00 0.000000e+00 0.000000e+00
    outer loop
      vertex   -1.500000e+00 1.409564e+02 -9.015989e+01
      vertex   -1.500000e+00 1.380000e+02 -8.700000e+01
      vertex   -1.500000e+00 1.413836e+02 -8.977520e+01
    endloop
  endfacet
  facet normal -1.000000e+00 0.000000e+00 0.000000e+00
    outer loop
      vertex   -1.500000e+00 1.413836e+02 -8.977520e+01
      vertex   -1.500000e+00 1.380000e+02 -8.700000e+01
      vertex   -1.500000e+00 1.418815e+02 -8.948775e+01
    endloop
  endfacet
  facet normal -1.000000e+00 0.000000e+00 0.000000e+00
    outer loop
      vertex   -1.500000e+00 1.418815e+02 -8.948775e+01
      vertex   -1.500000e+00 1.380000e+02 -8.700000e+01
      vertex   -1.500000e+00 1.424282e+02 -8.931010e+01
    endloop
  endfacet
  facet normal 0.000000e+00 -1.045285e-01 -9.945219e-01
    outer loop
      vertex   -1.500000e+00 1.435718e+02 -7.131010e+01
      vertex   -5.000000e-01 1.435718e+02 -7.131010e+01
      vertex   -1.500000e+00 1.430000e+02 -7.125000e+01
    endloop
  endfacet
  facet normal 0.000000e+00 -1.045285e-01 -9.945219e-01
    outer loop
      vertex   -1.500000e+00 1.430000e+02 -7.125000e+01
      vertex   -5.000000e-01 1.435718e+02 -7.131010e+01
      vertex   -5.000000e-01 1.430000e+02 -7.125000e+01
    endloop
  endfacet
  facet normal 0.000000e+00 1.045285e-01 -9.945219e-01
    outer loop
      vertex   -1.500000e+00 1.430000e+02 -7.125000e+01
      vertex   -5.000000e-01 1.430000e+02 -7.125000e+01
      vertex   -1.500000e+00 1.424282e+02 -7.131010e+01
    endloop
  endfacet
  facet normal 0.000000e+00 1.045285e-01 -9.945219e-01
    outer loop
      vertex   -1.500000e+00 1.424282e+02 -7.131010e+01
      vertex   -5.000000e-01 1.430000e+02 -7.125000e+01
      vertex   -5.000000e-01 1.424282e+02 -7.131010e+01
    endloop
  endfacet
  facet normal 0.000000e+00 3.090170e-01 -9.510565e-01
    outer loop
      vertex   -1.500000e+00 1.424282e+02 -7.131010e+01
      vertex   -5.000000e-01 1.424282e+02 -7.131010e+01
      vertex   -1.500000e+00 1.418815e+02 -7.148775e+01
    endloop
  endfacet
  facet normal 0.000000e+00 3.090170e-01 -9.510565e-01
    outer loop
      vertex   -1.500000e+00 1.418815e+02 -7.148775e+01
      vertex   -5.000000e-01 1.424282e+02 -7.131010e+01
      vertex   -5.000000e-01 1.418815e+02 -7.148775e+01
    endloop
  endfacet
  facet normal 0.000000e+00 5.000000e-01 -8.660254e-01
    outer loop
      vertex   -1.500000e+00 1.418815e+02 -7.148775e+01
      vertex   -5.000000e-01 1.418815e+02 -7.148775e+01
      vertex   -1.500000e+00 1.413836e+02 -7.177520e+01
    endloop
  endfacet
  facet normal 0.000000e+00 5.000000e-01 -8.660254e-01
    outer loop
      vertex   -1.500000e+00 1.413836e+02 -7.177520e+01
      vertex   -5.000000e-01 1.418815e+02 -7.148775e+01
      vertex   -5.000000e-01 1.413836e+02 -7.177520e+01
    endloop
  endfacet
  facet normal 0.000000e+00 6.691306e-01 -7.431448e-01
    outer loop
      vertex   -1.500000e+00 1.413836e+02 -7.177520e+01
      vertex   -5.000000e-01 1.413836e+02 -7.177520e+01
      vertex   -1.500000e+00 1.409564e+02 -7.215989e+01
    endloop
  endfacet
  facet normal 0.000000e+00 6.691306e-01 -7.431448e-01
    outer loop
      vertex   -1.500000e+00 1.409564e+02 -7.215989e+01
      vertex   -5.000000e-01 1.413836e+02 -7.177520e+01
      vertex   -5.000000e-01 1.409564e+02 -7.215989e+01
    endloop
  endfacet
  facet normal 0.000000e+00 8.090170e-01 -5.877853e-01
    outer loop
      vertex   -1.500000e+00 1.409564e+02 -7.215989e+01
      vertex   -5.000000e-01 1.409564e+02 -7.215989e+01
      vertex   -1.500000e+00 1.406184e+02 -7.262500e+01
    endloop
  endfacet
  facet normal 0.000000e+00 8.090170e-01 -5.877853e-01
    outer loop
      vertex   -1.500000e+00 1.406184e+02 -7.262500e+01
      vertex   -5.000000e-01 1.409564e+02 -7.215989e+01
      vertex   -5.000000e-01 1.406184e+02 -7.262500e+01
    endloop
  endfacet
  facet normal 0.000000e+00 9.135455e-01 -4.067366e-01
    outer loop
      vertex   -1.500000e+00 1.406184e+02 -7.262500e+01
      vertex   -5.000000e-01 1.406184e+02 -7.262500e+01
      vertex   -1.500000e+00 1.403846e+02 -7.315020e+01
    endloop
  endfacet
  facet normal 0.000000e+00 9.135455e-01 -4.067366e-01
    outer loop
      vertex   -1.500000e+00 1.403846e+02 -7.315020e+01
      vertex   -5.000000e-01 1.406184e+02 -7.262500e+01
      vertex   -5.000000e-01 1.403846e+02 -7.315020e+01
    endloop
  endfacet
  facet normal 0.000000e+00 9.781476e-01 -2.079117e-01
    outer loop
      vertex   -1.500000e+00 1.403846e+02 -7.315020e+01
      vertex   -5.000000e-01 1.403846e+02 -7.315020e+01
      vertex   -1.500000e+00 1.402651e+02 -7.371255e+01
    endloop
  endfacet
  facet normal 0.000000e+00 9.781476e-01 -2.079117e-01
    outer loop
      vertex   -1.500000e+00 1.402651e+02 -7.371255e+01
      vertex   -5.000000e-01 1.403846e+02 -7.315020e+01
      vertex   -5.000000e-01 1.402651e+02 -7.371255e+01
    endloop
  endfacet
  facet normal -0.000000e+00 1.000000e+00 0.000000e+00
    outer loop
      vertex   -1.500000e+00 1.402651e+02 -7.371255e+01
      vertex   -5.000000e-01 1.402651e+02 -7.371255e+01
      vertex   -1.500000e+00 1.402651e+02 -7.428745e+01
    endloop
  endfacet
  facet normal 0.000000e+00 1.000000e+00 0.000000e+00
    outer loop
      vertex   -1.500000e+00 1.402651e+02 -7.428745e+01
      vertex   -5.000000e-01 1.402651e+02 -7.371255e+01
      vertex   -5.000000e-01 1.402651e+02 -7.428745e+01
    endloop
  endfacet
  facet normal -0.000000e+00 9.781476e-01 2.079117e-01
    outer loop
      vertex   -1.500000e+00 1.402651e+02 -7.428745e+01
      vertex   -5.000000e-01 1.402651e+02 -7.428745e+01
      vertex   -1.500000e+00 1.403846e+02 -7.484980e+01
    endloop
  endfacet
  facet normal -0.000000e+00 9.781476e-01 2.079117e-01
    outer loop
      vertex   -1.500000e+00 1.403846e+02 -7.484980e+01
      vertex   -5.000000e-01 1.402651e+02 -7.428745e+01
      vertex   -5.000000e-01 1.403846e+02 -7.484980e+01
    endloop
  endfacet
  facet normal -0.000000e+00 9.135455e-01 4.067366e-01
    outer loop
      vertex   -1.500000e+00 1.403846e+02 -7.484980e+01
      vertex   -5.000000e-01 1.403846e+02 -7.484980e+01
      vertex   -1.500000e+00 1.406184e+02 -7.537500e+01
    endloop
  endfacet
  facet normal -0.000000e+00 9.135455e-01 4.067366e-01
    outer loop
      vertex   -1.500000e+00 1.406184e+02 -7.537500e+01
      vertex   -5.000000e-01 1.403846e+02 -7.484980e+01
      vertex   -5.000000e-01 1.406184e+02 -7.537500e+01
    endloop
  endfacet
  facet normal -0.000000e+00 8.090170e-01 5.877853e-01
    outer loop
      vertex   -1.500000e+00 1.406184e+02 -7.537500e+01
      vertex   -5.000000e-01 1.406184e+02 -7.537500e+01
      vertex   -1.500000e+00 1.409564e+02 -7.584011e+01
    endloop
  endfacet
  facet normal -0.000000e+00 8.090170e-01 5.877853e-01
    outer loop
      vertex   -1.500000e+00 1.409564e+02 -7.584011e+01
      vertex   -5.000000e-01 1.406184e+02 -7.537500e+01
      vertex   -5.000000e-01 1.409564e+02 -7.584011e+01
    endloop
  endfacet
  facet normal -0.000000e+00 6.691306e-01 7.431448e-01
    outer loop
      vertex   -1.500000e+00 1.409564e+02 -7.584011e+01
      vertex   -5.000000e-01 1.409564e+02 -7.584011e+01
      vertex   -1.500000e+00 1.413836e+02 -7.622480e+01
    endloop
  endfacet
  facet normal -0.000000e+00 6.691306e-01 7.431448e-01
    outer loop
      vertex   -1.500000e+00 1.413836e+02 -7.622480e+01
      vertex   -5.000000e-01 1.409564e+02 -7.584011e+01
      vertex   -5.000000e-01 1.413836e+02 -7.622480e+01
    endloop
  endfacet
  facet normal -0.000000e+00 5.000000e-01 8.660254e-01
    outer loop
      vertex   -1.500000e+00 1.413836e+02 -7.622480e+01
      vertex   -5.000000e-01 1.413836e+02 -7.622480e+01
      vertex   -1.500000e+00 1.418815e+02 -7.651225e+01
    endloop
  endfacet
  facet normal -0.000000e+00 5.000000e-01 8.660254e-01
    outer loop
      vertex   -1.500000e+00 1.418815e+02 -7.651225e+01
      vertex   -5.000000e-01 1.413836e+02 -7.622480e+01
      vertex   -5.000000e-01 1.418815e+02 -7.651225e+01
    endloop
  endfacet
  facet normal -0.000000e+00 3.090170e-01 9.510565e-01
    outer loop
      vertex   -1.500000e+00 1.418815e+02 -7.651225e+01
      vertex   -5.000000e-01 1.418815e+02 -7.651225e+01
      vertex   -1.500000e+00 1.424282e+02 -7.668991e+01
    endloop
  endfacet
  facet normal -0.000000e+00 3.090170e-01 9.510565e-01
    outer loop
      vertex   -1.500000e+00 1.424282e+02 -7.668991e+01
      vertex   -5.000000e-01 1.418815e+02 -7.651225e+01
      vertex   -5.000000e-01 1.424282e+02 -7.668991e+01
    endloop
  endfacet
  facet normal -0.000000e+00 1.045285e-01 9.945219e-01
    outer loop
      vertex   -1.500000e+00 1.424282e+02 -7.668991e+01
      vertex   -5.000000e-01 1.424282e+02 -7.668991e+01
      vertex   -1.500000e+00 1.430000e+02 -7.675000e+01
    endloop
  endfacet
  facet normal -0.000000e+00 1.045285e-01 9.945219e-01
    outer loop
      vertex   -1.500000e+00 1.430000e+02 -7.675000e+01
      vertex   -5.000000e-01 1.424282e+02 -7.668991e+01
      vertex   -5.000000e-01 1.430000e+02 -7.675000e+01
    endloop
  endfacet
  facet normal 0.000000e+00 -1.045285e-01 9.945219e-01
    outer loop
      vertex   -1.500000e+00 1.430000e+02 -7.675000e+01
      vertex   -5.000000e-01 1.430000e+02 -7.675000e+01
      vertex   -1.500000e+00 1.435718e+02 -7.668991e+01
    endloop
  endfacet
  facet normal 0.000000e+00 -1.045285e-01 9.945219e-01
    outer loop
      vertex   -1.500000e+00 1.435718e+02 -7.668991e+01
      vertex   -5.000000e-01 1.430000e+02 -7.675000e+01
      vertex   -5.000000e-01 1.435718e+02 -7.668991e+01
    endloop
  endfacet
  facet normal 0.000000e+00 -3.090170e-01 9.510565e-01
    outer loop
      vertex   -1.500000e+00 1.435718e+02 -7.668991e+01
      vertex   -5.000000e-01 1.435718e+02 -7.668991e+01
      vertex   -1.500000e+00 1.441185e+02 -7.651225e+01
    endloop
  endfacet
  facet normal 0.000000e+00 -3.090170e-01 9.510565e-01
    outer loop
      vertex   -1.500000e+00 1.441185e+02 -7.651225e+01
      vertex   -5.000000e-01 1.435718e+02 -7.668991e+01
      vertex   -5.000000e-01 1.441185e+02 -7.651225e+01
    endloop
  endfacet
  facet normal 0.000000e+00 -5.000000e-01 8.660254e-01
    outer loop
      vertex   -1.500000e+00 1.441185e+02 -7.651225e+01
      vertex   -5.000000e-01 1.441185e+02 -7.651225e+01
      vertex   -1.500000e+00 1.446164e+02 -7.622480e+01
    endloop
  endfacet
  facet normal 0.000000e+00 -5.000000e-01 8.660254e-01
    outer loop
      vertex   -1.500000e+00 1.446164e+02 -7.622480e+01
      vertex   -5.000000e-01 1.441185e+02 -7.651225e+01
      vertex   -5.000000e-01 1.446164e+02 -7.622480e+01
    endloop
  endfacet
  facet normal 0.000000e+00 -6.691306e-01 7.431448e-01
    outer loop
      vertex   -1.500000e+00 1.446164e+02 -7.622480e+01
      vertex   -5.000000e-01 1.446164e+02 -7.622480e+01
      vertex   -1.500000e+00 1.450437e+02 -7.584011e+01
    endloop
  endfacet
  facet normal 0.000000e+00 -6.691306e-01 7.431448e-01
    outer loop
      vertex   -1.500000e+00 1.450437e+02 -7.584011e+01
      vertex   -5.000000e-01 1.446164e+02 -7.622480e+01
      vertex   -5.000000e-01 1.450437e+02 -7.584011e+01
    endloop
  endfacet
  facet normal 0.000000e+00 -8.090170e-01 5.877853e-01
    outer loop
      vertex   -1.500000e+00 1.450437e+02 -7.584011e+01
      vertex   -5.000000e-01 1.450437e+02 -7.584011e+01
      vertex   -1.500000e+00 1.453816e+02 -7.537500e+01
    endloop
  endfacet
  facet normal 0.000000e+00 -8.090170e-01 5.877853e-01
    outer loop
      vertex   -1.500000e+00 1.453816e+02 -7.537500e+01
      vertex   -5.000000e-01 1.450437e+02 -7.584011e+01
      vertex   -5.000000e-01 1.453816e+02 -7.537500e+01
    endloop
  endfacet
  facet normal 0.000000e+00 -9.135455e-01 4.067366e-01
    outer loop
      vertex   -1.500000e+00 1.453816e+02 -7.537500e+01
      vertex   -5.000000e-01 1.453816e+02 -7.537500e+01
      vertex   -1.500000e+00 1.456154e+02 -7.484980e+01
    endloop
  endfacet
  facet normal 0.000000e+00 -9.135455e-01 4.067366e-01
    outer loop
      vertex   -1.500000e+00 1.456154e+02 -7.484980e+01
      vertex   -5.000000e-01 1.453816e+02 -7.537500e+01
      vertex   -5.000000e-01 1.456154e+02 -7.484980e+01
    endloop
  endfacet
  facet normal 0.000000e+00 -9.781476e-01 2.079117e-01
    outer loop
      vertex   -1.500000e+00 1.456154e+02 -7.484980e+01
      vertex   -5.000000e-01 1.456154e+02 -7.484980e+01
      vertex   -1.500000e+00 1.457349e+02 -7.428745e+01
    endloop
  endfacet
  facet normal 0.000000e+00 -9.781476e-01 2.079117e-01
    outer loop
      vertex   -1.500000e+00 1.457349e+02 -7.428745e+01
      vertex   -5.000000e-01 1.456154e+02 -7.484980e+01
      vertex   -5.000000e-01 1.457349e+02 -7.428745e+01
    endloop
  endfacet
  facet normal 0.000000e+00 -1.000000e+00 0.000000e+00
    outer loop
      vertex   -1.500000e+00 1.457349e+02 -7.428745e+01
      vertex   -5.000000e-01 1.457349e+02 -7.428745e+01
      vertex   -1.500000e+00 1.457349e+02 -7.371255e+01
    endloop
  endfacet
  facet normal 0.000000e+00 -1.000000e+00 0.000000e+00
    outer loop
      vertex   -1.500000e+00 1.457349e+02 -7.371255e+01
      vertex   -5.000000e-01 1.457349e+02 -7.428745e+01
      vertex   -5.000000e-01 1.457349e+02 -7.371255e+01
    endloop
  endfacet
  facet normal 0.000000e+00 -9.781476e-01 -2.079117e-01
    outer loop
      vertex   -1.500000e+00 1.457349e+02 -7.371255e+01
      vertex   -5.000000e-01 1.457349e+02 -7.371255e+01
      vertex   -1.500000e+00 1.456154e+02 -7.315020e+01
    endloop
  endfacet
  facet normal 0.000000e+00 -9.781476e-01 -2.079117e-01
    outer loop
      vertex   -1.500000e+00 1.456154e+02 -7.315020e+01
      vertex   -5.000000e-01 1.457349e+02 -7.371255e+01
      vertex   -5.000000e-01 1.456154e+02 -7.315020e+01
    endloop
  endfacet
  facet normal 0.000000e+00 -9.135455e-01 -4.067366e-01
    outer loop
      vertex   -1.500000e+00 1.456154e+02 -7.315020e+01
      vertex   -5.000000e-01 1.456154e+02 -7.315020e+01
      vertex   -1.500000e+00 1.453816e+02 -7.262500e+01
    endloop
  endfacet
  facet normal 0.000000e+00 -9.135455e-01 -4.067366e-01
    outer loop
      vertex   -1.500000e+00 1.453816e+02 -7.262500e+01
      vertex   -5.000000e-01 1.456154e+02 -7.315020e+01
      vertex   -5.000000e-01 1.453816e+02 -7.262500e+01
    endloop
  endfacet
  facet normal 0.000000e+00 -8.090170e-01 -5.877853e-01
    outer loop
      vertex   -1.500000e+00 1.453816e+02 -7.262500e+01
      vertex   -5.000000e-01 1.453816e+02 -7.262500e+01
      vertex   -1.500000e+00 1.450437e+02 -7.215989e+01
    endloop
  endfacet
  facet normal 0.000000e+00 -8.090170e-01 -5.877853e-01
    outer loop
      vertex   -1.500000e+00 1.450437e+02 -7.215989e+01
      vertex   -5.000000e-01 1.453816e+02 -7.262500e+01
      vertex   -5.000000e-01 1.450437e+02 -7.215989e+01
    endloop
  endfacet
  facet normal 0.000000e+00 -6.691306e-01 -7.431448e-01
    outer loop
      vertex   -1.500000e+00 1.450437e+02 -7.215989e+01
      vertex   -5.000000e-01 1.450437e+02 -7.215989e+01
      vertex   -1.500000e+00 1.446164e+02 -7.177520e+01
    endloop
  endfacet
  facet normal 0.000000e+00 -6.691306e-01 -7.431448e-01
    outer loop
      vertex   -1.500000e+00 1.446164e+02 -7.177520e+01
      vertex   -5.000000e-01 1.450437e+02 -7.215989e+01
      vertex   -5.000000e-01 1.446164e+02 -7.177520e+01
    endloop
  endfacet
  facet normal 0.000000e+00 -5.000000e-01 -8.660254e-01
    outer loop
      vertex   -1.500000e+00 1.446164e+02 -7.177520e+01
      vertex   -5.000000e-01 1.446164e+02 -7.177520e+01
      vertex   -1.500000e+00 1.441185e+02 -7.148775e+01
    endloop
  endfacet
  facet normal 0.000000e+00 -5.000000e-01 -8.660254e-01
    outer loop
      vertex   -1.500000e+00 1.441185e+02 -7.148775e+01
      vertex   -5.000000e-01 1.446164e+02 -7.177520e+01
      vertex   -5.000000e-01 1.441185e+02 -7.148775e+01
    endloop
  endfacet
  facet normal 0.000000e+00 -3.090170e-01 -9.510565e-01
    outer loop
      vertex   -1.500000e+00 1.441185e+02 -7.148775e+01
      vertex   -5.000000e-01 1.441185e+02 -7.148775e+01
      vertex   -1.500000e+00 1.435718e+02 -7.131010e+01
    endloop
  endfacet
  facet normal 0.000000e+00 -3.090170e-01 -9.510565e-01
    outer loop
      vertex   -1.500000e+00 1.435718e+02 -7.131010e+01
      vertex   -5.000000e-01 1.441185e+02 -7.148775e+01
      vertex   -5.000000e-01 1.435718e+02 -7.131010e+01
    endloop
  endfacet
  facet normal 0.000000e+00 1.000000e+00 0.000000e+00
    outer loop
      vertex   -5.000000e-01 1.480000e+02 -6.900000e+01
      vertex   -5.000000e-01 1.480000e+02 -7.900000e+01
      vertex   -1.500000e+00 1.480000e+02 -6.900000e+01
    endloop
  endfacet
  facet normal 0.000000e+00 1.000000e+00 0.000000e+00
    outer loop
      vertex   -1.500000e+00 1.480000e+02 -6.900000e+01
      vertex   -5.000000e-01 1.480000e+02 -7.900000e+01
      vertex   -1.500000e+00 1.480000e+02 -7.900000e+01
    endloop
  endfacet
  facet normal 0.000000e+00 -0.000000e+00 1.000000e+00
    outer loop
      vertex   -5.000000e-01 1.380000e+02 -6.900000e+01
      vertex   -5.000000e-01 1.480000e+02 -6.900000e+01
      vertex   -1.500000e+00 1.380000e+02 -6.900000e+01
    endloop
  endfacet
  facet normal 0.000000e+00 0.000000e+00 1.000000e+00
    outer loop
      vertex   -1.500000e+00 1.380000e+02 -6.900000e+01
      vertex   -5.000000e-01 1.480000e+02 -6.900000e+01
      vertex   -1.500000e+00 1.480000e+02 -6.900000e+01
    endloop
  endfacet
  facet normal 0.000000e+00 -1.000000e+00 0.000000e+00
    outer loop
      vertex   -5.000000e-01 1.380000e+02 -7.900000e+01
      vertex   -5.000000e-01 1.380000e+02 -6.900000e+01
      vertex   -1.500000e+00 1.380000e+02 -7.900000e+01
    endloop
  endfacet
  facet normal 0.000000e+00 -1.000000e+00 0.000000e+00
    outer loop
      vertex   -1.500000e+00 1.380000e+02 -7.900000e+01
      vertex   -5.000000e-01 1.380000e+02 -6.900000e+01
      vertex   -1.500000e+00 1.380000e+02 -6.900000e+01
    endloop
  endfacet
  facet normal -0.000000e+00 -0.000000e+00 -1.000000e+00
    outer loop
      vertex   -5.000000e-01 1.480000e+02 -7.900000e+01
      vertex   -5.000000e-01 1.380000e+02 -7.900000e+01
      vertex   -1.500000e+00 1.480000e+02 -7.900000e+01
    endloop
  endfacet
  facet normal 0.000000e+00 0.000000e+00 -1.000000e+00
    outer loop
      vertex   -1.500000e+00 1.480000e+02 -7.900000e+01
      vertex   -5.000000e-01 1.380000e+02 -7.900000e+01
      vertex   -1.500000e+00 1.380000e+02 -7.900000e+01
    endloop
  endfacet
  facet normal -1.000000e+00 0.000000e+00 0.000000e+00
    outer loop
      vertex   -1.500000e+00 1.424282e+02 -7.131010e+01
      vertex   -1.500000e+00 1.380000e+02 -6.900000e+01
      vertex   -1.500000e+00 1.430000e+02 -7.125000e+01
    endloop
  endfacet
  facet normal -1.000000e+00 0.000000e+00 0.000000e+00
    outer loop
      vertex   -1.500000e+00 1.430000e+02 -7.125000e+01
      vertex   -1.500000e+00 1.380000e+02 -6.900000e+01
      vertex   -1.500000e+00 1.480000e+02 -6.900000e+01
    endloop
  endfacet
  facet normal -1.000000e+00 0.000000e+00 0.000000e+00
    outer loop
      vertex   -1.500000e+00 1.430000e+02 -7.125000e+01
      vertex   -1.500000e+00 1.480000e+02 -6.900000e+01
      vertex   -1.500000e+00 1.435718e+02 -7.131010e+01
    endloop
  endfacet
  facet normal -1.000000e+00 0.000000e+00 0.000000e+00
    outer loop
      vertex   -1.500000e+00 1.435718e+02 -7.131010e+01
      vertex   -1.500000e+00 1.480000e+02 -6.900000e+01
      vertex   -1.500000e+00 1.441185e+02 -7.148775e+01
    endloop
  endfacet
  facet normal -1.000000e+00 0.000000e+00 0.000000e+00
    outer loop
      vertex   -1.500000e+00 1.441185e+02 -7.148775e+01
      vertex   -1.500000e+00 1.480000e+02 -6.900000e+01
      vertex   -1.500000e+00 1.446164e+02 -7.177520e+01
    endloop
  endfacet
  facet normal -1.000000e+00 0.000000e+00 0.000000e+00
    outer loop
      vertex   -1.500000e+00 1.446164e+02 -7.177520e+01
      vertex   -1.500000e+00 1.480000e+02 -6.900000e+01
      vertex   -1.500000e+00 1.450437e+02 -7.215989e+01
    endloop
  endfacet
  facet normal -1.000000e+00 0.000000e+00 0.000000e+00
    outer loop
      vertex   -1.500000e+00 1.450437e+02 -7.215989e+01
      vertex   -1.500000e+00 1.480000e+02 -6.900000e+01
      vertex   -1.500000e+00 1.453816e+02 -7.262500e+01
    endloop
  endfacet
  facet normal -1.000000e+00 0.000000e+00 0.000000e+00
    outer loop
      vertex   -1.500000e+00 1.453816e+02 -7.262500e+01
      vertex   -1.500000e+00 1.480000e+02 -6.900000e+01
      vertex   -1.500000e+00 1.456154e+02 -7.315020e+01
    endloop
  endfacet
  facet normal -1.000000e+00 0.000000e+00 0.000000e+00
    outer loop
      vertex   -1.500000e+00 1.456154e+02 -7.315020e+01
      vertex   -1.500000e+00 1.480000e+02 -6.900000e+01
      vertex   -1.500000e+00 1.457349e+02 -7.371255e+01
    endloop
  endfacet
  facet normal -1.000000e+00 0.000000e+00 0.000000e+00
    outer loop
      vertex   -1.500000e+00 1.457349e+02 -7.371255e+01
      vertex   -1.500000e+00 1.480000e+02 -6.900000e+01
      vertex   -1.500000e+00 1.480000e+02 -7.900000e+01
    endloop
  endfacet
  facet normal -1.000000e+00 0.000000e+00 0.000000e+00
    outer loop
      vertex   -1.500000e+00 1.457349e+02 -7.371255e+01
      vertex   -1.500000e+00 1.480000e+02 -7.900000e+01
      vertex   -1.500000e+00 1.457349e+02 -7.428745e+01
    endloop
  endfacet
  facet normal -1.000000e+00 0.000000e+00 -0.000000e+00
    outer loop
      vertex   -1.500000e+00 1.457349e+02 -7.428745e+01
      vertex   -1.500000e+00 1.480000e+02 -7.900000e+01
      vertex   -1.500000e+00 1.456154e+02 -7.484980e+01
    endloop
  endfacet
  facet normal -1.000000e+00 0.000000e+00 -0.000000e+00
    outer loop
      vertex   -1.500000e+00 1.456154e+02 -7.484980e+01
      vertex   -1.500000e+00 1.480000e+02 -7.900000e+01
      vertex   -1.500000e+00 1.453816e+02 -7.537500e+01
    endloop
  endfacet
  facet normal -1.000000e+00 0.000000e+00 -0.000000e+00
    outer loop
      vertex   -1.500000e+00 1.453816e+02 -7.537500e+01
      vertex   -1.500000e+00 1.480000e+02 -7.900000e+01
      vertex   -1.500000e+00 1.450437e+02 -7.584011e+01
    endloop
  endfacet
  facet normal -1.000000e+00 0.000000e+00 -0.000000e+00
    outer loop
      vertex   -1.500000e+00 1.450437e+02 -7.584011e+01
      vertex   -1.500000e+00 1.480000e+02 -7.900000e+01
      vertex   -1.500000e+00 1.446164e+02 -7.622480e+01
    endloop
  endfacet
  facet normal -1.000000e+00 0.000000e+00 -0.000000e+00
    outer loop
      vertex   -1.500000e+00 1.446164e+02 -7.622480e+01
      vertex   -1.500000e+00 1.480000e+02 -7.900000e+01
      vertex   -1.500000e+00 1.441185e+02 -7.651225e+01
    endloop
  endfacet
  facet normal -1.000000e+00 0.000000e+00 -0.000000e+00
    outer loop
      vertex   -1.500000e+00 1.441185e+02 -7.651225e+01
      vertex   -1.500000e+00 1.480000e+02 -7.900000e+01
      vertex   -1.500000e+00 1.435718e+02 -7.668991e+01
    endloop
  endfacet
  facet normal -1.000000e+00 0.000000e+00 -0.000000e+00
    outer loop
      vertex   -1.500000e+00 1.435718e+02 -7.668991e+01
      vertex   -1.500000e+00 1.480000e+02 -7.900000e+01
      vertex   -1.500000e+00 1.430000e+02 -7.675000e+01
    endloop
  endfacet
  facet normal -1.000000e+00 0.000000e+00 -0.000000e+00
    outer loop
      vertex   -1.500000e+00 1.430000e+02 -7.675000e+01
      vertex   -1.500000e+00 1.480000e+02 -7.900000e+01
      vertex   -1.500000e+00 1.380000e+02 -7.900000e+01
    endloop
  endfacet
  facet normal -1.000000e+00 -0.000000e+00 0.000000e+00
    outer loop
      vertex   -1.500000e+00 1.430000e+02 -7.675000e+01
      vertex   -1.500000e+00 1.380000e+02 -7.900000e+01
      vertex   -1.500000e+00 1.424282e+02 -7.668991e+01
    endloop
  endfacet
  facet normal -1.000000e+00 -0.000000e+00 0.000000e+00
    outer loop
      vertex   -1.500000e+00 1.424282e+02 -7.668991e+01
      vertex   -1.500000e+00 1.380000e+02 -7.900000e+01
      vertex   -1.500000e+00 1.418815e+02 -7.651225e+01
    endloop
  endfacet
  facet normal -1.000000e+00 -0.000000e+00 0.000000e+00
    outer loop
      vertex   -1.500000e+00 1.418815e+02 -7.651225e+01
      vertex   -1.500000e+00 1.380000e+02 -7.900000e+01
      vertex   -1.500000e+00 1.413836e+02 -7.622480e+01
    endloop
  endfacet
  facet normal -1.000000e+00 -0.000000e+00 0.000000e+00
    outer loop
      vertex   -1.500000e+00 1.413836e+02 -7.622480e+01
      vertex   -1.500000e+00 1.380000e+02 -7.900000e+01
      vertex   -1.500000e+00 1.409564e+02 -7.584011e+01
    endloop
  endfacet
  facet normal -1.000000e+00 -0.000000e+00 0.000000e+00
    outer loop
      vertex   -1.500000e+00 1.409564e+02 -7.584011e+01
      vertex   -1.500000e+00 1.380000e+02 -7.900000e+01
      vertex   -1.500000e+00 1.406184e+02 -7.537500e+01
    endloop
  endfacet
  facet normal -1.000000e+00 -0.000000e+00 0.000000e+00
    outer loop
      vertex   -1.500000e+00 1.406184e+02 -7.537500e+01
      vertex   -1.500000e+00 1.380000e+02 -7.900000e+01
      vertex   -1.500000e+00 1.403846e+02 -7.484980e+01
    endloop
  endfacet
  facet normal -1.000000e+00 -0.000000e+00 0.000000e+00
    outer loop
      vertex   -1.500000e+00 1.403846e+02 -7.484980e+01
      vertex   -1.500000e+00 1.380000e+02 -7.900000e+01
      vertex   -1.500000e+00 1.402651e+02 -7.428745e+01
    endloop
  endfacet
  facet normal -1.000000e+00 -0.000000e+00 0.000000e+00
    outer loop
      vertex   -1.500000e+00 1.402651e+02 -7.428745e+01
      vertex   -1.500000e+00 1.380000e+02 -7.900000e+01
      vertex   -1.500000e+00 1.380000e+02 -6.900000e+01
    endloop
  endfacet
  facet normal -1.000000e+00 0.000000e+00 0.000000e+00
    outer loop
      vertex   -1.500000e+00 1.402651e+02 -7.428745e+01
      vertex   -1.500000e+00 1.380000e+02 -6.900000e+01
      vertex   -1.500000e+00 1.402651e+02 -7.371255e+01
    endloop
  endfacet
  facet normal -1.000000e+00 0.000000e+00 0.000000e+00
    outer loop
      vertex   -1.500000e+00 1.402651e+02 -7.371255e+01
      vertex   -1.500000e+00 1.380000e+02 -6.900000e+01
      vertex   -1.500000e+00 1.403846e+02 -7.315020e+01
    endloop
  endfacet
  facet normal -1.000000e+00 0.000000e+00 0.000000e+00
    outer loop
      vertex   -1.500000e+00 1.403846e+02 -7.315020e+01
      vertex   -1.500000e+00 1.380000e+02 -6.900000e+01
      vertex   -1.500000e+00 1.406184e+02 -7.262500e+01
    endloop
  endfacet
  facet normal -1.000000e+00 0.000000e+00 0.000000e+00
    outer loop
      vertex   -1.500000e+00 1.406184e+02 -7.262500e+01
      vertex   -1.500000e+00 1.380000e+02 -6.900000e+01
      vertex   -1.500000e+00 1.409564e+02 -7.215989e+01
    endloop
  endfacet
  facet normal -1.000000e+00 0.000000e+00 0.000000e+00
    outer loop
      vertex   -1.500000e+00 1.409564e+02 -7.215989e+01
      vertex   -1.500000e+00 1.380000e+02 -6.900000e+01
      vertex   -1.500000e+00 1.413836e+02 -7.177520e+01
    endloop
  endfacet
  facet normal -1.000000e+00 0.000000e+00 0.000000e+00
    outer loop
      vertex   -1.500000e+00 1.413836e+02 -7.177520e+01
      vertex   -1.500000e+00 1.380000e+02 -6.900000e+01
      vertex   -1.500000e+00 1.418815e+02 -7.148775e+01
    endloop
  endfacet
  facet normal -1.000000e+00 0.000000e+00 0.000000e+00
    outer loop
      vertex   -1.500000e+00 1.418815e+02 -7.148775e+01
      vertex   -1.500000e+00 1.380000e+02 -6.900000e+01
      vertex   -1.500000e+00 1.424282e+02 -7.131010e+01
    endloop
  endfacet
  facet normal -1.000000e+00 -0.000000e+00 -0.000000e+00
    outer loop
      vertex   -5.000000e-01 1.435718e+02 -8.931010e+01
      vertex   -5.000000e-01 1.435718e+02 -9.468991e+01
      vertex   -5.000000e-01 1.430000e+02 -8.925000e+01
    endloop
  endfacet
  facet normal -1.000000e+00 0.000000e+00 0.000000e+00
    outer loop
      vertex   -5.000000e-01 1.430000e+02 -8.925000e+01
      vertex   -5.000000e-01 1.435718e+02 -9.468991e+01
      vertex   -5.000000e-01 1.430000e+02 -9.475000e+01
    endloop
  endfacet
  facet normal -1.000000e+00 0.000000e+00 -0.000000e+00
    outer loop
      vertex   -5.000000e-01 1.430000e+02 -8.925000e+01
      vertex   -5.000000e-01 1.430000e+02 -9.475000e+01
      vertex   -5.000000e-01 1.424282e+02 -8.931010e+01
    endloop
  endfacet
  facet normal -1.000000e+00 0.000000e+00 0.000000e+00
    outer loop
      vertex   -5.000000e-01 1.424282e+02 -8.931010e+01
      vertex   -5.000000e-01 1.430000e+02 -9.475000e+01
      vertex   -5.000000e-01 1.424282e+02 -9.468991e+01
    endloop
  endfacet
  facet normal -1.000000e+00 0.000000e+00 -0.000000e+00
    outer loop
      vertex   -5.000000e-01 1.424282e+02 -8.931010e+01
      vertex   -5.000000e-01 1.424282e+02 -9.468991e+01
      vertex   -5.000000e-01 1.418815e+02 -8.948775e+01
    endloop
  endfacet
  facet normal -1.000000e+00 0.000000e+00 0.000000e+00
    outer loop
      vertex   -5.000000e-01 1.418815e+02 -8.948775e+01
      vertex   -5.000000e-01 1.424282e+02 -9.468991e+01
      vertex   -5.000000e-01 1.418815e+02 -9.451225e+01
    endloop
  endfacet
  facet normal -1.000000e+00 0.000000e+00 -0.000000e+00
    outer loop
      vertex   -5.000000e-01 1.418815e+02 -8.948775e+01
      vertex   -5.000000e-01 1.418815e+02 -9.451225e+01
      vertex   -5.000000e-01 1.413836e+02 -8.977520e+01
    endloop
  endfacet
  facet normal -1.000000e+00 0.000000e+00 0.000000e+00
    outer loop
      vertex   -5.000000e-01 1.413836e+02 -8.977520e+01
      vertex   -5.000000e-01 1.418815e+02 -9.451225e+01
      vertex   -5.000000e-01 1.413836e+02 -9.422480e+01
    endloop
  endfacet
  facet normal -1.000000e+00 0.000000e+00 -0.000000e+00
    outer loop
      vertex   -5.000000e-01 1.413836e+02 -8.977520e+01
      vertex   -5.000000e-01 1.413836e+02 -9.422480e+01
      vertex   -5.000000e-01 1.409564e+02 -9.015989e+01
    endloop
  endfacet
  facet normal -1.000000e+00 0.000000e+00 0.000000e+00
    outer loop
      vertex   -5.000000e-01 1.409564e+02 -9.015989e+01
      vertex   -5.000000e-01 1.413836e+02 -9.422480e+01
      vertex   -5.000000e-01 1.409564e+02 -9.384011e+01
    endloop
  endfacet
  facet normal -1.000000e+00 0.000000e+00 -0.000000e+00
    outer loop
      vertex   -5.000000e-01 1.409564e+02 -9.015989e+01
      vertex   -5.000000e-01 1.409564e+02 -9.384011e+01
      vertex   -5.000000e-01 1.406184e+02 -9.062500e+01
    endloop
  endfacet
  facet normal -1.000000e+00 0.000000e+00 0.000000e+00
    outer loop
      vertex   -5.000000e-01 1.406184e+02 -9.062500e+01
      vertex   -5.000000e-01 1.409564e+02 -9.384011e+01
      vertex   -5.000000e-01 1.406184e+02 -9.337500e+01
    endloop
  endfacet
  facet normal -1.000000e+00 0.000000e+00 -0.000000e+00
    outer loop
      vertex   -5.000000e-01 1.406184e+02 -9.062500e+01
      vertex   -5.000000e-01 1.406184e+02 -9.337500e+01
      vertex   -5.000000e-01 1.403846e+02 -9.115020e+01
    endloop
  endfacet
  facet normal -1.000000e+00 0.000000e+00 0.000000e+00
    outer loop
      vertex   -5.000000e-01 1.403846e+02 -9.115020e+01
      vertex   -5.000000e-01 1.406184e+02 -9.337500e+01
      vertex   -5.000000e-01 1.403846e+02 -9.284980e+01
    endloop
  endfacet
  facet normal -1.000000e+00 0.000000e+00 -0.000000e+00
    outer loop
      vertex   -5.000000e-01 1.403846e+02 -9.115020e+01
      vertex   -5.000000e-01 1.403846e+02 -9.284980e+01
      vertex   -5.000000e-01 1.402651e+02 -9.171255e+01
    endloop
  endfacet
  facet normal -1.000000e+00 0.000000e+00 0.000000e+00
    outer loop
      vertex   -5.000000e-01 1.402651e+02 -9.171255e+01
      vertex   -5.000000e-01 1.403846e+02 -9.284980e+01
      vertex   -5.000000e-01 1.402651e+02 -9.228745e+01
    endloop
  endfacet
  facet normal -1.000000e+00 0.000000e+00 0.000000e+00
    outer loop
      vertex   -5.000000e-01 1.435718e+02 -9.468991e+01
      vertex   -5.000000e-01 1.435718e+02 -8.931010e+01
      vertex   -5.000000e-01 1.441185e+02 -9.451225e+01
    endloop
  endfacet
  facet normal -1.000000e+00 0.000000e+00 0.000000e+00
    outer loop
      vertex   -5.000000e-01 1.441185e+02 -9.451225e+01
      vertex   -5.000000e-01 1.435718e+02 -8.931010e+01
      vertex   -5.000000e-01 1.441185e+02 -8.948775e+01
    endloop
  endfacet
  facet normal -1.000000e+00 0.000000e+00 0.000000e+00
    outer loop
      vertex   -5.000000e-01 1.441185e+02 -9.451225e+01
      vertex   -5.000000e-01 1.441185e+02 -8.948775e+01
      vertex   -5.000000e-01 1.446164e+02 -9.422480e+01
    endloop
  endfacet
  facet normal -1.000000e+00 0.000000e+00 0.000000e+00
    outer loop
      vertex   -5.000000e-01 1.446164e+02 -9.422480e+01
      vertex   -5.000000e-01 1.441185e+02 -8.948775e+01
      vertex   -5.000000e-01 1.446164e+02 -8.977520e+01
    endloop
  endfacet
  facet normal -1.000000e+00 0.000000e+00 0.000000e+00
    outer loop
      vertex   -5.000000e-01 1.446164e+02 -9.422480e+01
      vertex   -5.000000e-01 1.446164e+02 -8.977520e+01
      vertex   -5.000000e-01 1.450437e+02 -9.384011e+01
    endloop
  endfacet
  facet normal -1.000000e+00 0.000000e+00 0.000000e+00
    outer loop
      vertex   -5.000000e-01 1.450437e+02 -9.384011e+01
      vertex   -5.000000e-01 1.446164e+02 -8.977520e+01
      vertex   -5.000000e-01 1.450437e+02 -9.015989e+01
    endloop
  endfacet
  facet normal -1.000000e+00 0.000000e+00 0.000000e+00
    outer loop
      vertex   -5.000000e-01 1.450437e+02 -9.384011e+01
      vertex   -5.000000e-01 1.450437e+02 -9.015989e+01
      vertex   -5.000000e-01 1.453816e+02 -9.337500e+01
    endloop
  endfacet
  facet normal -1.000000e+00 0.000000e+00 0.000000e+00
    outer loop
      vertex   -5.000000e-01 1.453816e+02 -9.337500e+01
      vertex   -5.000000e-01 1.450437e+02 -9.015989e+01
      vertex   -5.000000e-01 1.453816e+02 -9.062500e+01
    endloop
  endfacet
  facet normal -1.000000e+00 0.000000e+00 0.000000e+00
    outer loop
      vertex   -5.000000e-01 1.453816e+02 -9.337500e+01
      vertex   -5.000000e-01 1.453816e+02 -9.062500e+01
      vertex   -5.000000e-01 1.456154e+02 -9.284980e+01
    endloop
  endfacet
  facet normal -1.000000e+00 0.000000e+00 0.000000e+00
    outer loop
      vertex   -5.000000e-01 1.456154e+02 -9.284980e+01
      vertex   -5.000000e-01 1.453816e+02 -9.062500e+01
      vertex   -5.000000e-01 1.456154e+02 -9.115020e+01
    endloop
  endfacet
  facet normal -1.000000e+00 0.000000e+00 0.000000e+00
    outer loop
      vertex   -5.000000e-01 1.456154e+02 -9.284980e+01
      vertex   -5.000000e-01 1.456154e+02 -9.115020e+01
      vertex   -5.000000e-01 1.457349e+02 -9.228745e+01
    endloop
  endfacet
  facet normal -1.000000e+00 0.000000e+00 0.000000e+00
    outer loop
      vertex   -5.000000e-01 1.457349e+02 -9.228745e+01
      vertex   -5.000000e-01 1.456154e+02 -9.115020e+01
      vertex   -5.000000e-01 1.457349e+02 -9.171255e+01
    endloop
  endfacet
  facet normal 0.000000e+00 -1.045285e-01 -9.945219e-01
    outer loop
      vertex   -1.500000e+00 9.557176e+01 -1.531009e+01
      vertex   -5.000000e-01 9.557176e+01 -1.531009e+01
      vertex   -1.500000e+00 9.500000e+01 -1.525000e+01
    endloop
  endfacet
  facet normal 0.000000e+00 -1.045285e-01 -9.945219e-01
    outer loop
      vertex   -1.500000e+00 9.500000e+01 -1.525000e+01
      vertex   -5.000000e-01 9.557176e+01 -1.531009e+01
      vertex   -5.000000e-01 9.500000e+01 -1.525000e+01
    endloop
  endfacet
  facet normal 0.000000e+00 1.045285e-01 -9.945219e-01
    outer loop
      vertex   -1.500000e+00 9.500000e+01 -1.525000e+01
      vertex   -5.000000e-01 9.500000e+01 -1.525000e+01
      vertex   -1.500000e+00 9.442824e+01 -1.531009e+01
    endloop
  endfacet
  facet normal 0.000000e+00 1.045285e-01 -9.945219e-01
    outer loop
      vertex   -1.500000e+00 9.442824e+01 -1.531009e+01
      vertex   -5.000000e-01 9.500000e+01 -1.525000e+01
      vertex   -5.000000e-01 9.442824e+01 -1.531009e+01
    endloop
  endfacet
  facet normal 0.000000e+00 3.090170e-01 -9.510565e-01
    outer loop
      vertex   -1.500000e+00 9.442824e+01 -1.531009e+01
      vertex   -5.000000e-01 9.442824e+01 -1.531009e+01
      vertex   -1.500000e+00 9.388148e+01 -1.548775e+01
    endloop
  endfacet
  facet normal 0.000000e+00 3.090170e-01 -9.510565e-01
    outer loop
      vertex   -1.500000e+00 9.388148e+01 -1.548775e+01
      vertex   -5.000000e-01 9.442824e+01 -1.531009e+01
      vertex   -5.000000e-01 9.388148e+01 -1.548775e+01
    endloop
  endfacet
  facet normal 0.000000e+00 5.000000e-01 -8.660254e-01
    outer loop
      vertex   -1.500000e+00 9.388148e+01 -1.548775e+01
      vertex   -5.000000e-01 9.388148e+01 -1.548775e+01
      vertex   -1.500000e+00 9.338359e+01 -1.577520e+01
    endloop
  endfacet
  facet normal 0.000000e+00 5.000000e-01 -8.660254e-01
    outer loop
      vertex   -1.500000e+00 9.338359e+01 -1.577520e+01
      vertex   -5.000000e-01 9.388148e+01 -1.548775e+01
      vertex   -5.000000e-01 9.338359e+01 -1.577520e+01
    endloop
  endfacet
  facet normal 0.000000e+00 6.691306e-01 -7.431448e-01
    outer loop
      vertex   -1.500000e+00 9.338359e+01 -1.577520e+01
      vertex   -5.000000e-01 9.338359e+01 -1.577520e+01
      vertex   -1.500000e+00 9.295635e+01 -1.615989e+01
    endloop
  endfacet
  facet normal 0.000000e+00 6.691306e-01 -7.431448e-01
    outer loop
      vertex   -1.500000e+00 9.295635e+01 -1.615989e+01
      vertex   -5.000000e-01 9.338359e+01 -1.577520e+01
      vertex   -5.000000e-01 9.295635e+01 -1.615989e+01
    endloop
  endfacet
  facet normal 0.000000e+00 8.090170e-01 -5.877853e-01
    outer loop
      vertex   -1.500000e+00 9.295635e+01 -1.615989e+01
      vertex   -5.000000e-01 9.295635e+01 -1.615989e+01
      vertex   -1.500000e+00 9.261843e+01 -1.662500e+01
    endloop
  endfacet
  facet normal -2.088233e-15 8.090170e-01 -5.877853e-01
    outer loop
      vertex   -1.500000e+00 9.261843e+01 -1.662500e+01
      vertex   -5.000000e-01 9.295635e+01 -1.615989e+01
      vertex   -5.000000e-01 9.261843e+01 -1.662500e+01
    endloop
  endfacet
  facet normal -1.445019e-15 9.135455e-01 -4.067366e-01
    outer loop
      vertex   -1.500000e+00 9.261843e+01 -1.662500e+01
      vertex   -5.000000e-01 9.261843e+01 -1.662500e+01
      vertex   -1.500000e+00 9.238460e+01 -1.715020e+01
    endloop
  endfacet
  facet normal 0.000000e+00 9.135455e-01 -4.067366e-01
    outer loop
      vertex   -1.500000e+00 9.238460e+01 -1.715020e+01
      vertex   -5.000000e-01 9.261843e+01 -1.662500e+01
      vertex   -5.000000e-01 9.238460e+01 -1.715020e+01
    endloop
  endfacet
  facet normal 0.000000e+00 9.781476e-01 -2.079117e-01
    outer loop
      vertex   -1.500000e+00 9.238460e+01 -1.715020e+01
      vertex   -5.000000e-01 9.238460e+01 -1.715020e+01
      vertex   -1.500000e+00 9.226507e+01 -1.771255e+01
    endloop
  endfacet
  facet normal 0.000000e+00 9.781476e-01 -2.079117e-01
    outer loop
      vertex   -1.500000e+00 9.226507e+01 -1.771255e+01
      vertex   -5.000000e-01 9.238460e+01 -1.715020e+01
      vertex   -5.000000e-01 9.226507e+01 -1.771255e+01
    endloop
  endfacet
  facet normal -0.000000e+00 1.000000e+00 0.000000e+00
    outer loop
      vertex   -1.500000e+00 9.226507e+01 -1.771255e+01
      vertex   -5.000000e-01 9.226507e+01 -1.771255e+01
      vertex   -1.500000e+00 9.226507e+01 -1.828745e+01
    endloop
  endfacet
  facet normal -0.000000e+00 1.000000e+00 0.000000e+00
    outer loop
      vertex   -1.500000e+00 9.226507e+01 -1.828745e+01
      vertex   -5.000000e-01 9.226507e+01 -1.771255e+01
      vertex   -5.000000e-01 9.226507e+01 -1.828745e+01
    endloop
  endfacet
  facet normal 7.386507e-16 9.781476e-01 2.079117e-01
    outer loop
      vertex   -1.500000e+00 9.226507e+01 -1.828745e+01
      vertex   -5.000000e-01 9.226507e+01 -1.828745e+01
      vertex   -1.500000e+00 9.238460e+01 -1.884980e+01
    endloop
  endfacet
  facet normal -0.000000e+00 9.781476e-01 2.079117e-01
    outer loop
      vertex   -1.500000e+00 9.238460e+01 -1.884980e+01
      vertex   -5.000000e-01 9.226507e+01 -1.828745e+01
      vertex   -5.000000e-01 9.238460e+01 -1.884980e+01
    endloop
  endfacet
  facet normal -0.000000e+00 9.135455e-01 4.067366e-01
    outer loop
      vertex   -1.500000e+00 9.238460e+01 -1.884980e+01
      vertex   -5.000000e-01 9.238460e+01 -1.884980e+01
      vertex   -1.500000e+00 9.261843e+01 -1.937500e+01
    endloop
  endfacet
  facet normal -0.000000e+00 9.135455e-01 4.067366e-01
    outer loop
      vertex   -1.500000e+00 9.261843e+01 -1.937500e+01
      vertex   -5.000000e-01 9.238460e+01 -1.884980e+01
      vertex   -5.000000e-01 9.261843e+01 -1.937500e+01
    endloop
  endfacet
  facet normal -0.000000e+00 8.090170e-01 5.877853e-01
    outer loop
      vertex   -1.500000e+00 9.261843e+01 -1.937500e+01
      vertex   -5.000000e-01 9.261843e+01 -1.937500e+01
      vertex   -1.500000e+00 9.295635e+01 -1.984011e+01
    endloop
  endfacet
  facet normal 2.088233e-15 8.090170e-01 5.877853e-01
    outer loop
      vertex   -1.500000e+00 9.295635e+01 -1.984011e+01
      vertex   -5.000000e-01 9.261843e+01 -1.937500e+01
      vertex   -5.000000e-01 9.295635e+01 -1.984011e+01
    endloop
  endfacet
  facet normal 2.640181e-15 6.691306e-01 7.431448e-01
    outer loop
      vertex   -1.500000e+00 9.295635e+01 -1.984011e+01
      vertex   -5.000000e-01 9.295635e+01 -1.984011e+01
      vertex   -1.500000e+00 9.338359e+01 -2.022480e+01
    endloop
  endfacet
  facet normal -0.000000e+00 6.691306e-01 7.431448e-01
    outer loop
      vertex   -1.500000e+00 9.338359e+01 -2.022480e+01
      vertex   -5.000000e-01 9.295635e+01 -1.984011e+01
      vertex   -5.000000e-01 9.338359e+01 -2.022480e+01
    endloop
  endfacet
  facet normal -0.000000e+00 5.000000e-01 8.660254e-01
    outer loop
      vertex   -1.500000e+00 9.338359e+01 -2.022480e+01
      vertex   -5.000000e-01 9.338359e+01 -2.022480e+01
      vertex   -1.500000e+00 9.388148e+01 -2.051225e+01
    endloop
  endfacet
  facet normal -0.000000e+00 5.000000e-01 8.660254e-01
    outer loop
      vertex   -1.500000e+00 9.388148e+01 -2.051225e+01
      vertex   -5.000000e-01 9.338359e+01 -2.022480e+01
      vertex   -5.000000e-01 9.388148e+01 -2.051225e+01
    endloop
  endfacet
  facet normal -0.000000e+00 3.090170e-01 9.510565e-01
    outer loop
      vertex   -1.500000e+00 9.388148e+01 -2.051225e+01
      vertex   -5.000000e-01 9.388148e+01 -2.051225e+01
      vertex   -1.500000e+00 9.442824e+01 -2.068991e+01
    endloop
  endfacet
  facet normal -0.000000e+00 3.090170e-01 9.510565e-01
    outer loop
      vertex   -1.500000e+00 9.442824e+01 -2.068991e+01
      vertex   -5.000000e-01 9.388148e+01 -2.051225e+01
      vertex   -5.000000e-01 9.442824e+01 -2.068991e+01
    endloop
  endfacet
  facet normal -0.000000e+00 1.045285e-01 9.945219e-01
    outer loop
      vertex   -1.500000e+00 9.442824e+01 -2.068991e+01
      vertex   -5.000000e-01 9.442824e+01 -2.068991e+01
      vertex   -1.500000e+00 9.500000e+01 -2.075000e+01
    endloop
  endfacet
  facet normal -0.000000e+00 1.045285e-01 9.945219e-01
    outer loop
      vertex   -1.500000e+00 9.500000e+01 -2.075000e+01
      vertex   -5.000000e-01 9.442824e+01 -2.068991e+01
      vertex   -5.000000e-01 9.500000e+01 -2.075000e+01
    endloop
  endfacet
  facet normal 0.000000e+00 -1.045285e-01 9.945219e-01
    outer loop
      vertex   -1.500000e+00 9.500000e+01 -2.075000e+01
      vertex   -5.000000e-01 9.500000e+01 -2.075000e+01
      vertex   -1.500000e+00 9.557176e+01 -2.068991e+01
    endloop
  endfacet
  facet normal 0.000000e+00 -1.045285e-01 9.945219e-01
    outer loop
      vertex   -1.500000e+00 9.557176e+01 -2.068991e+01
      vertex   -5.000000e-01 9.500000e+01 -2.075000e+01
      vertex   -5.000000e-01 9.557176e+01 -2.068991e+01
    endloop
  endfacet
  facet normal 0.000000e+00 -3.090170e-01 9.510565e-01
    outer loop
      vertex   -1.500000e+00 9.557176e+01 -2.068991e+01
      vertex   -5.000000e-01 9.557176e+01 -2.068991e+01
      vertex   -1.500000e+00 9.611853e+01 -2.051225e+01
    endloop
  endfacet
  facet normal 0.000000e+00 -3.090170e-01 9.510565e-01
    outer loop
      vertex   -1.500000e+00 9.611853e+01 -2.051225e+01
      vertex   -5.000000e-01 9.557176e+01 -2.068991e+01
      vertex   -5.000000e-01 9.611853e+01 -2.051225e+01
    endloop
  endfacet
  facet normal 0.000000e+00 -5.000000e-01 8.660254e-01
    outer loop
      vertex   -1.500000e+00 9.611853e+01 -2.051225e+01
      vertex   -5.000000e-01 9.611853e+01 -2.051225e+01
      vertex   -1.500000e+00 9.661641e+01 -2.022480e+01
    endloop
  endfacet
  facet normal 0.000000e+00 -5.000000e-01 8.660254e-01
    outer loop
      vertex   -1.500000e+00 9.661641e+01 -2.022480e+01
      vertex   -5.000000e-01 9.611853e+01 -2.051225e+01
      vertex   -5.000000e-01 9.661641e+01 -2.022480e+01
    endloop
  endfacet
  facet normal 0.000000e+00 -6.691306e-01 7.431448e-01
    outer loop
      vertex   -1.500000e+00 9.661641e+01 -2.022480e+01
      vertex   -5.000000e-01 9.661641e+01 -2.022480e+01
      vertex   -1.500000e+00 9.704365e+01 -1.984011e+01
    endloop
  endfacet
  facet normal -2.640181e-15 -6.691306e-01 7.431448e-01
    outer loop
      vertex   -1.500000e+00 9.704365e+01 -1.984011e+01
      vertex   -5.000000e-01 9.661641e+01 -2.022480e+01
      vertex   -5.000000e-01 9.704365e+01 -1.984011e+01
    endloop
  endfacet
  facet normal -2.088233e-15 -8.090170e-01 5.877853e-01
    outer loop
      vertex   -1.500000e+00 9.704365e+01 -1.984011e+01
      vertex   -5.000000e-01 9.704365e+01 -1.984011e+01
      vertex   -1.500000e+00 9.738157e+01 -1.937500e+01
    endloop
  endfacet
  facet normal 0.000000e+00 -8.090170e-01 5.877853e-01
    outer loop
      vertex   -1.500000e+00 9.738157e+01 -1.937500e+01
      vertex   -5.000000e-01 9.704365e+01 -1.984011e+01
      vertex   -5.000000e-01 9.738157e+01 -1.937500e+01
    endloop
  endfacet
  facet normal 0.000000e+00 -9.135455e-01 4.067366e-01
    outer loop
      vertex   -1.500000e+00 9.738157e+01 -1.937500e+01
      vertex   -5.000000e-01 9.738157e+01 -1.937500e+01
      vertex   -1.500000e+00 9.761541e+01 -1.884980e+01
    endloop
  endfacet
  facet normal 0.000000e+00 -9.135455e-01 4.067366e-01
    outer loop
      vertex   -1.500000e+00 9.761541e+01 -1.884980e+01
      vertex   -5.000000e-01 9.738157e+01 -1.937500e+01
      vertex   -5.000000e-01 9.761541e+01 -1.884980e+01
    endloop
  endfacet
  facet normal 0.000000e+00 -9.781476e-01 2.079117e-01
    outer loop
      vertex   -1.500000e+00 9.761541e+01 -1.884980e+01
      vertex   -5.000000e-01 9.761541e+01 -1.884980e+01
      vertex   -1.500000e+00 9.773494e+01 -1.828745e+01
    endloop
  endfacet
  facet normal -7.386507e-16 -9.781476e-01 2.079117e-01
    outer loop
      vertex   -1.500000e+00 9.773494e+01 -1.828745e+01
      vertex   -5.000000e-01 9.761541e+01 -1.884980e+01
      vertex   -5.000000e-01 9.773494e+01 -1.828745e+01
    endloop
  endfacet
  facet normal 0.000000e+00 -1.000000e+00 0.000000e+00
    outer loop
      vertex   -1.500000e+00 9.773494e+01 -1.828745e+01
      vertex   -5.000000e-01 9.773494e+01 -1.828745e+01
      vertex   -1.500000e+00 9.773494e+01 -1.771255e+01
    endloop
  endfacet
  facet normal 0.000000e+00 -1.000000e+00 0.000000e+00
    outer loop
      vertex   -1.500000e+00 9.773494e+01 -1.771255e+01
      vertex   -5.000000e-01 9.773494e+01 -1.828745e+01
      vertex   -5.000000e-01 9.773494e+01 -1.771255e+01
    endloop
  endfacet
  facet normal 0.000000e+00 -9.781476e-01 -2.079117e-01
    outer loop
      vertex   -1.500000e+00 9.773494e+01 -1.771255e+01
      vertex   -5.000000e-01 9.773494e+01 -1.771255e+01
      vertex   -1.500000e+00 9.761541e+01 -1.715020e+01
    endloop
  endfacet
  facet normal 0.000000e+00 -9.781476e-01 -2.079117e-01
    outer loop
      vertex   -1.500000e+00 9.761541e+01 -1.715020e+01
      vertex   -5.000000e-01 9.773494e+01 -1.771255e+01
      vertex   -5.000000e-01 9.761541e+01 -1.715020e+01
    endloop
  endfacet
  facet normal 0.000000e+00 -9.135455e-01 -4.067366e-01
    outer loop
      vertex   -1.500000e+00 9.761541e+01 -1.715020e+01
      vertex   -5.000000e-01 9.761541e+01 -1.715020e+01
      vertex   -1.500000e+00 9.738157e+01 -1.662500e+01
    endloop
  endfacet
  facet normal 1.445019e-15 -9.135455e-01 -4.067366e-01
    outer loop
      vertex   -1.500000e+00 9.738157e+01 -1.662500e+01
      vertex   -5.000000e-01 9.761541e+01 -1.715020e+01
      vertex   -5.000000e-01 9.738157e+01 -1.662500e+01
    endloop
  endfacet
  facet normal 2.088233e-15 -8.090170e-01 -5.877853e-01
    outer loop
      vertex   -1.500000e+00 9.738157e+01 -1.662500e+01
      vertex   -5.000000e-01 9.738157e+01 -1.662500e+01
      vertex   -1.500000e+00 9.704365e+01 -1.615989e+01
    endloop
  endfacet
  facet normal 0.000000e+00 -8.090170e-01 -5.877853e-01
    outer loop
      vertex   -1.500000e+00 9.704365e+01 -1.615989e+01
      vertex   -5.000000e-01 9.738157e+01 -1.662500e+01
      vertex   -5.000000e-01 9.704365e+01 -1.615989e+01
    endloop
  endfacet
  facet normal 0.000000e+00 -6.691306e-01 -7.431448e-01
    outer loop
      vertex   -1.500000e+00 9.704365e+01 -1.615989e+01
      vertex   -5.000000e-01 9.704365e+01 -1.615989e+01
      vertex   -1.500000e+00 9.661641e+01 -1.577520e+01
    endloop
  endfacet
  facet normal 0.000000e+00 -6.691306e-01 -7.431448e-01
    outer loop
      vertex   -1.500000e+00 9.661641e+01 -1.577520e+01
      vertex   -5.000000e-01 9.704365e+01 -1.615989e+01
      vertex   -5.000000e-01 9.661641e+01 -1.577520e+01
    endloop
  endfacet
  facet normal 0.000000e+00 -5.000000e-01 -8.660254e-01
    outer loop
      vertex   -1.500000e+00 9.661641e+01 -1.577520e+01
      vertex   -5.000000e-01 9.661641e+01 -1.577520e+01
      vertex   -1.500000e+00 9.611853e+01 -1.548775e+01
    endloop
  endfacet
  facet normal 0.000000e+00 -5.000000e-01 -8.660254e-01
    outer loop
      vertex   -1.500000e+00 9.611853e+01 -1.548775e+01
      vertex   -5.000000e-01 9.661641e+01 -1.577520e+01
      vertex   -5.000000e-01 9.611853e+01 -1.548775e+01
    endloop
  endfacet
  facet normal 0.000000e+00 -3.090170e-01 -9.510565e-01
    outer loop
      vertex   -1.500000e+00 9.611853e+01 -1.548775e+01
      vertex   -5.000000e-01 9.611853e+01 -1.548775e+01
      vertex   -1.500000e+00 9.557176e+01 -1.531009e+01
    endloop
  endfacet
  facet normal 0.000000e+00 -3.090170e-01 -9.510565e-01
    outer loop
      vertex   -1.500000e+00 9.557176e+01 -1.531009e+01
      vertex   -5.000000e-01 9.611853e+01 -1.548775e+01
      vertex   -5.000000e-01 9.557176e+01 -1.531009e+01
    endloop
  endfacet
  facet normal 0.000000e+00 1.000000e+00 0.000000e+00
    outer loop
      vertex   -5.000000e-01 1.000000e+02 -1.300000e+01
      vertex   -5.000000e-01 1.000000e+02 -2.300000e+01
      vertex   -1.500000e+00 1.000000e+02 -1.300000e+01
    endloop
  endfacet
  facet normal 0.000000e+00 1.000000e+00 0.000000e+00
    outer loop
      vertex   -1.500000e+00 1.000000e+02 -1.300000e+01
      vertex   -5.000000e-01 1.000000e+02 -2.300000e+01
      vertex   -1.500000e+00 1.000000e+02 -2.300000e+01
    endloop
  endfacet
  facet normal 0.000000e+00 -0.000000e+00 1.000000e+00
    outer loop
      vertex   -5.000000e-01 9.000000e+01 -1.300000e+01
      vertex   -5.000000e-01 1.000000e+02 -1.300000e+01
      vertex   -1.500000e+00 9.000000e+01 -1.300000e+01
    endloop
  endfacet
  facet normal 0.000000e+00 0.000000e+00 1.000000e+00
    outer loop
      vertex   -1.500000e+00 9.000000e+01 -1.300000e+01
      vertex   -5.000000e-01 1.000000e+02 -1.300000e+01
      vertex   -1.500000e+00 1.000000e+02 -1.300000e+01
    endloop
  endfacet
  facet normal 0.000000e+00 -1.000000e+00 0.000000e+00
    outer loop
      vertex   -5.000000e-01 9.000000e+01 -2.300000e+01
      vertex   -5.000000e-01 9.000000e+01 -1.300000e+01
      vertex   -1.500000e+00 9.000000e+01 -2.300000e+01
    endloop
  endfacet
  facet normal 0.000000e+00 -1.000000e+00 0.000000e+00
    outer loop
      vertex   -1.500000e+00 9.000000e+01 -2.300000e+01
      vertex   -5.000000e-01 9.000000e+01 -1.300000e+01
      vertex   -1.500000e+00 9.000000e+01 -1.300000e+01
    endloop
  endfacet
  facet normal -0.000000e+00 -0.000000e+00 -1.000000e+00
    outer loop
      vertex   -5.000000e-01 1.000000e+02 -2.300000e+01
      vertex   -5.000000e-01 9.000000e+01 -2.300000e+01
      vertex   -1.500000e+00 1.000000e+02 -2.300000e+01
    endloop
  endfacet
  facet normal 0.000000e+00 0.000000e+00 -1.000000e+00
    outer loop
      vertex   -1.500000e+00 1.000000e+02 -2.300000e+01
      vertex   -5.000000e-01 9.000000e+01 -2.300000e+01
      vertex   -1.500000e+00 9.000000e+01 -2.300000e+01
    endloop
  endfacet
  facet normal -1.000000e+00 0.000000e+00 0.000000e+00
    outer loop
      vertex   -1.500000e+00 9.442824e+01 -1.531009e+01
      vertex   -1.500000e+00 9.000000e+01 -1.300000e+01
      vertex   -1.500000e+00 9.500000e+01 -1.525000e+01
    endloop
  endfacet
  facet normal -1.000000e+00 0.000000e+00 0.000000e+00
    outer loop
      vertex   -1.500000e+00 9.500000e+01 -1.525000e+01
      vertex   -1.500000e+00 9.000000e+01 -1.300000e+01
      vertex   -1.500000e+00 1.000000e+02 -1.300000e+01
    endloop
  endfacet
  facet normal -1.000000e+00 0.000000e+00 0.000000e+00
    outer loop
      vertex   -1.500000e+00 9.500000e+01 -1.525000e+01
      vertex   -1.500000e+00 1.000000e+02 -1.300000e+01
      vertex   -1.500000e+00 9.557176e+01 -1.531009e+01
    endloop
  endfacet
  facet normal -1.000000e+00 0.000000e+00 0.000000e+00
    outer loop
      vertex   -1.500000e+00 9.557176e+01 -1.531009e+01
      vertex   -1.500000e+00 1.000000e+02 -1.300000e+01
      vertex   -1.500000e+00 9.611853e+01 -1.548775e+01
    endloop
  endfacet
  facet normal -1.000000e+00 0.000000e+00 0.000000e+00
    outer loop
      vertex   -1.500000e+00 9.611853e+01 -1.548775e+01
      vertex   -1.500000e+00 1.000000e+02 -1.300000e+01
      vertex   -1.500000e+00 9.661641e+01 -1.577520e+01
    endloop
  endfacet
  facet normal -1.000000e+00 0.000000e+00 0.000000e+00
    outer loop
      vertex   -1.500000e+00 9.661641e+01 -1.577520e+01
      vertex   -1.500000e+00 1.000000e+02 -1.300000e+01
      vertex   -1.500000e+00 9.704365e+01 -1.615989e+01
    endloop
  endfacet
  facet normal -1.000000e+00 0.000000e+00 0.000000e+00
    outer loop
      vertex   -1.500000e+00 9.704365e+01 -1.615989e+01
      vertex   -1.500000e+00 1.000000e+02 -1.300000e+01
      vertex   -1.500000e+00 9.738157e+01 -1.662500e+01
    endloop
  endfacet
  facet normal -1.000000e+00 0.000000e+00 0.000000e+00
    outer loop
      vertex   -1.500000e+00 9.738157e+01 -1.662500e+01
      vertex   -1.500000e+00 1.000000e+02 -1.300000e+01
      vertex   -1.500000e+00 9.761541e+01 -1.715020e+01
    endloop
  endfacet
  facet normal -1.000000e+00 0.000000e+00 0.000000e+00
    outer loop
      vertex   -1.500000e+00 9.761541e+01 -1.715020e+01
      vertex   -1.500000e+00 1.000000e+02 -1.300000e+01
      vertex   -1.500000e+00 9.773494e+01 -1.771255e+01
    endloop
  endfacet
  facet normal -1.000000e+00 0.000000e+00 0.000000e+00
    outer loop
      vertex   -1.500000e+00 9.773494e+01 -1.771255e+01
      vertex   -1.500000e+00 1.000000e+02 -1.300000e+01
      vertex   -1.500000e+00 1.000000e+02 -2.300000e+01
    endloop
  endfacet
  facet normal -1.000000e+00 0.000000e+00 0.000000e+00
    outer loop
      vertex   -1.500000e+00 9.773494e+01 -1.771255e+01
      vertex   -1.500000e+00 1.000000e+02 -2.300000e+01
      vertex   -1.500000e+00 9.773494e+01 -1.828745e+01
    endloop
  endfacet
  facet normal -1.000000e+00 0.000000e+00 -0.000000e+00
    outer loop
      vertex   -1.500000e+00 9.773494e+01 -1.828745e+01
      vertex   -1.500000e+00 1.000000e+02 -2.300000e+01
      vertex   -1.500000e+00 9.761541e+01 -1.884980e+01
    endloop
  endfacet
  facet normal -1.000000e+00 0.000000e+00 -0.000000e+00
    outer loop
      vertex   -1.500000e+00 9.761541e+01 -1.884980e+01
      vertex   -1.500000e+00 1.000000e+02 -2.300000e+01
      vertex   -1.500000e+00 9.738157e+01 -1.937500e+01
    endloop
  endfacet
  facet normal -1.000000e+00 0.000000e+00 -0.000000e+00
    outer loop
      vertex   -1.500000e+00 9.738157e+01 -1.937500e+01
      vertex   -1.500000e+00 1.000000e+02 -2.300000e+01
      vertex   -1.500000e+00 9.704365e+01 -1.984011e+01
    endloop
  endfacet
  facet normal -1.000000e+00 0.000000e+00 -0.000000e+00
    outer loop
      vertex   -1.500000e+00 9.704365e+01 -1.984011e+01
      vertex   -1.500000e+00 1.000000e+02 -2.300000e+01
      vertex   -1.500000e+00 9.661641e+01 -2.022480e+01
    endloop
  endfacet
  facet normal -1.000000e+00 0.000000e+00 -0.000000e+00
    outer loop
      vertex   -1.500000e+00 9.661641e+01 -2.022480e+01
      vertex   -1.500000e+00 1.000000e+02 -2.300000e+01
      vertex   -1.500000e+00 9.611853e+01 -2.051225e+01
    endloop
  endfacet
  facet normal -1.000000e+00 0.000000e+00 -0.000000e+00
    outer loop
      vertex   -1.500000e+00 9.611853e+01 -2.051225e+01
      vertex   -1.500000e+00 1.000000e+02 -2.300000e+01
      vertex   -1.500000e+00 9.557176e+01 -2.068991e+01
    endloop
  endfacet
  facet normal -1.000000e+00 0.000000e+00 -0.000000e+00
    outer loop
      vertex   -1.500000e+00 9.557176e+01 -2.068991e+01
      vertex   -1.500000e+00 1.000000e+02 -2.300000e+01
      vertex   -1.500000e+00 9.500000e+01 -2.075000e+01
    endloop
  endfacet
  facet normal -1.000000e+00 0.000000e+00 -0.000000e+00
    outer loop
      vertex   -1.500000e+00 9.500000e+01 -2.075000e+01
      vertex   -1.500000e+00 1.000000e+02 -2.300000e+01
      vertex   -1.500000e+00 9.000000e+01 -2.300000e+01
    endloop
  endfacet
  facet normal -1.000000e+00 -0.000000e+00 0.000000e+00
    outer loop
      vertex   -1.500000e+00 9.500000e+01 -2.075000e+01
      vertex   -1.500000e+00 9.000000e+01 -2.300000e+01
      vertex   -1.500000e+00 9.442824e+01 -2.068991e+01
    endloop
  endfacet
  facet normal -1.000000e+00 -0.000000e+00 0.000000e+00
    outer loop
      vertex   -1.500000e+00 9.442824e+01 -2.068991e+01
      vertex   -1.500000e+00 9.000000e+01 -2.300000e+01
      vertex   -1.500000e+00 9.388148e+01 -2.051225e+01
    endloop
  endfacet
  facet normal -1.000000e+00 -0.000000e+00 0.000000e+00
    outer loop
      vertex   -1.500000e+00 9.388148e+01 -2.051225e+01
      vertex   -1.500000e+00 9.000000e+01 -2.300000e+01
      vertex   -1.500000e+00 9.338359e+01 -2.022480e+01
    endloop
  endfacet
  facet normal -1.000000e+00 -0.000000e+00 0.000000e+00
    outer loop
      vertex   -1.500000e+00 9.338359e+01 -2.022480e+01
      vertex   -1.500000e+00 9.000000e+01 -2.300000e+01
      vertex   -1.500000e+00 9.295635e+01 -1.984011e+01
    endloop
  endfacet
  facet normal -1.000000e+00 -0.000000e+00 0.000000e+00
    outer loop
      vertex   -1.500000e+00 9.295635e+01 -1.984011e+01
      vertex   -1.500000e+00 9.000000e+01 -2.300000e+01
      vertex   -1.500000e+00 9.261843e+01 -1.937500e+01
    endloop
  endfacet
  facet normal -1.000000e+00 -0.000000e+00 0.000000e+00
    outer loop
      vertex   -1.500000e+00 9.261843e+01 -1.937500e+01
      vertex   -1.500000e+00 9.000000e+01 -2.300000e+01
      vertex   -1.500000e+00 9.238460e+01 -1.884980e+01
    endloop
  endfacet
  facet normal -1.000000e+00 -0.000000e+00 0.000000e+00
    outer loop
      vertex   -1.500000e+00 9.238460e+01 -1.884980e+01
      vertex   -1.500000e+00 9.000000e+01 -2.300000e+01
      vertex   -1.500000e+00 9.226507e+01 -1.828745e+01
    endloop
  endfacet
  facet normal -1.000000e+00 -0.000000e+00 0.000000e+00
    outer loop
      vertex   -1.500000e+00 9.226507e+01 -1.828745e+01
      vertex   -1.500000e+00 9.000000e+01 -2.300000e+01
      vertex   -1.500000e+00 9.000000e+01 -1.300000e+01
    endloop
  endfacet
  facet normal -1.000000e+00 0.000000e+00 0.000000e+00
    outer loop
      vertex   -1.500000e+00 9.226507e+01 -1.828745e+01
      vertex   -1.500000e+00 9.000000e+01 -1.300000e+01
      vertex   -1.500000e+00 9.226507e+01 -1.771255e+01
    endloop
  endfacet
  facet normal -1.000000e+00 0.000000e+00 0.000000e+00
    outer loop
      vertex   -1.500000e+00 9.226507e+01 -1.771255e+01
      vertex   -1.500000e+00 9.000000e+01 -1.300000e+01
      vertex   -1.500000e+00 9.238460e+01 -1.715020e+01
    endloop
  endfacet
  facet normal -1.000000e+00 0.000000e+00 0.000000e+00
    outer loop
      vertex   -1.500000e+00 9.238460e+01 -1.715020e+01
      vertex   -1.500000e+00 9.000000e+01 -1.300000e+01
      vertex   -1.500000e+00 9.261843e+01 -1.662500e+01
    endloop
  endfacet
  facet normal -1.000000e+00 0.000000e+00 0.000000e+00
    outer loop
      vertex   -1.500000e+00 9.261843e+01 -1.662500e+01
      vertex   -1.500000e+00 9.000000e+01 -1.300000e+01
      vertex   -1.500000e+00 9.295635e+01 -1.615989e+01
    endloop
  endfacet
  facet normal -1.000000e+00 0.000000e+00 0.000000e+00
    outer loop
      vertex   -1.500000e+00 9.295635e+01 -1.615989e+01
      vertex   -1.500000e+00 9.000000e+01 -1.300000e+01
      vertex   -1.500000e+00 9.338359e+01 -1.577520e+01
    endloop
  endfacet
  facet normal -1.000000e+00 0.000000e+00 0.000000e+00
    outer loop
      vertex   -1.500000e+00 9.338359e+01 -1.577520e+01
      vertex   -1.500000e+00 9.000000e+01 -1.300000e+01
      vertex   -1.500000e+00 9.388148e+01 -1.548775e+01
    endloop
  endfacet
  facet normal -1.000000e+00 0.000000e+00 0.000000e+00
    outer loop
      vertex   -1.500000e+00 9.388148e+01 -1.548775e+01
      vertex   -1.500000e+00 9.000000e+01 -1.300000e+01
      vertex   -1.500000e+00 9.442824e+01 -1.531009e+01
    endloop
  endfacet
  facet normal -1.000000e+00 -0.000000e+00 -0.000000e+00
    outer loop
      vertex   -5.000000e-01 1.435718e+02 -7.131010e+01
      vertex   -5.000000e-01 1.435718e+02 -7.668991e+01
      vertex   -5.000000e-01 1.430000e+02 -7.125000e+01
    endloop
  endfacet
  facet normal -1.000000e+00 0.000000e+00 0.000000e+00
    outer loop
      vertex   -5.000000e-01 1.430000e+02 -7.125000e+01
      vertex   -5.000000e-01 1.435718e+02 -7.668991e+01
      vertex   -5.000000e-01 1.430000e+02 -7.675000e+01
    endloop
  endfacet
  facet normal -1.000000e+00 0.000000e+00 -0.000000e+00
    outer loop
      vertex   -5.000000e-01 1.430000e+02 -7.125000e+01
      vertex   -5.000000e-01 1.430000e+02 -7.675000e+01
      vertex   -5.000000e-01 1.424282e+02 -7.131010e+01
    endloop
  endfacet
  facet normal -1.000000e+00 0.000000e+00 0.000000e+00
    outer loop
      vertex   -5.000000e-01 1.424282e+02 -7.131010e+01
      vertex   -5.000000e-01 1.430000e+02 -7.675000e+01
      vertex   -5.000000e-01 1.424282e+02 -7.668991e+01
    endloop
  endfacet
  facet normal -1.000000e+00 0.000000e+00 -0.000000e+00
    outer loop
      vertex   -5.000000e-01 1.424282e+02 -7.131010e+01
      vertex   -5.000000e-01 1.424282e+02 -7.668991e+01
      vertex   -5.000000e-01 1.418815e+02 -7.148775e+01
    endloop
  endfacet
  facet normal -1.000000e+00 0.000000e+00 0.000000e+00
    outer loop
      vertex   -5.000000e-01 1.418815e+02 -7.148775e+01
      vertex   -5.000000e-01 1.424282e+02 -7.668991e+01
      vertex   -5.000000e-01 1.418815e+02 -7.651225e+01
    endloop
  endfacet
  facet normal -1.000000e+00 0.000000e+00 -0.000000e+00
    outer loop
      vertex   -5.000000e-01 1.418815e+02 -7.148775e+01
      vertex   -5.000000e-01 1.418815e+02 -7.651225e+01
      vertex   -5.000000e-01 1.413836e+02 -7.177520e+01
    endloop
  endfacet
  facet normal -1.000000e+00 0.000000e+00 0.000000e+00
    outer loop
      vertex   -5.000000e-01 1.413836e+02 -7.177520e+01
      vertex   -5.000000e-01 1.418815e+02 -7.651225e+01
      vertex   -5.000000e-01 1.413836e+02 -7.622480e+01
    endloop
  endfacet
  facet normal -1.000000e+00 0.000000e+00 -0.000000e+00
    outer loop
      vertex   -5.000000e-01 1.413836e+02 -7.177520e+01
      vertex   -5.000000e-01 1.413836e+02 -7.622480e+01
      vertex   -5.000000e-01 1.409564e+02 -7.215989e+01
    endloop
  endfacet
  facet normal -1.000000e+00 0.000000e+00 0.000000e+00
    outer loop
      vertex   -5.000000e-01 1.409564e+02 -7.215989e+01
      vertex   -5.000000e-01 1.413836e+02 -7.622480e+01
      vertex   -5.000000e-01 1.409564e+02 -7.584011e+01
    endloop
  endfacet
  facet normal -1.000000e+00 0.000000e+00 -0.000000e+00
    outer loop
      vertex   -5.000000e-01 1.409564e+02 -7.215989e+01
      vertex   -5.000000e-01 1.409564e+02 -7.584011e+01
      vertex   -5.000000e-01 1.406184e+02 -7.262500e+01
    endloop
  endfacet
  facet normal -1.000000e+00 0.000000e+00 0.000000e+00
    outer loop
      vertex   -5.000000e-01 1.406184e+02 -7.262500e+01
      vertex   -5.000000e-01 1.409564e+02 -7.584011e+01
      vertex   -5.000000e-01 1.406184e+02 -7.537500e+01
    endloop
  endfacet
  facet normal -1.000000e+00 0.000000e+00 -0.000000e+00
    outer loop
      vertex   -5.000000e-01 1.406184e+02 -7.262500e+01
      vertex   -5.000000e-01 1.406184e+02 -7.537500e+01
      vertex   -5.000000e-01 1.403846e+02 -7.315020e+01
    endloop
  endfacet
  facet normal -1.000000e+00 0.000000e+00 0.000000e+00
    outer loop
      vertex   -5.000000e-01 1.403846e+02 -7.315020e+01
      vertex   -5.000000e-01 1.406184e+02 -7.537500e+01
      vertex   -5.000000e-01 1.403846e+02 -7.484980e+01
    endloop
  endfacet
  facet normal -1.000000e+00 0.000000e+00 -0.000000e+00
    outer loop
      vertex   -5.000000e-01 1.403846e+02 -7.315020e+01
      vertex   -5.000000e-01 1.403846e+02 -7.484980e+01
      vertex   -5.000000e-01 1.402651e+02 -7.371255e+01
    endloop
  endfacet
  facet normal -1.000000e+00 0.000000e+00 0.000000e+00
    outer loop
      vertex   -5.000000e-01 1.402651e+02 -7.371255e+01
      vertex   -5.000000e-01 1.403846e+02 -7.484980e+01
      vertex   -5.000000e-01 1.402651e+02 -7.428745e+01
    endloop
  endfacet
  facet normal -1.000000e+00 0.000000e+00 0.000000e+00
    outer loop
      vertex   -5.000000e-01 1.435718e+02 -7.668991e+01
      vertex   -5.000000e-01 1.435718e+02 -7.131010e+01
      vertex   -5.000000e-01 1.441185e+02 -7.651225e+01
    endloop
  endfacet
  facet normal -1.000000e+00 0.000000e+00 0.000000e+00
    outer loop
      vertex   -5.000000e-01 1.441185e+02 -7.651225e+01
      vertex   -5.000000e-01 1.435718e+02 -7.131010e+01
      vertex   -5.000000e-01 1.441185e+02 -7.148775e+01
    endloop
  endfacet
  facet normal -1.000000e+00 0.000000e+00 0.000000e+00
    outer loop
      vertex   -5.000000e-01 1.441185e+02 -7.651225e+01
      vertex   -5.000000e-01 1.441185e+02 -7.148775e+01
      vertex   -5.000000e-01 1.446164e+02 -7.622480e+01
    endloop
  endfacet
  facet normal -1.000000e+00 0.000000e+00 0.000000e+00
    outer loop
      vertex   -5.000000e-01 1.446164e+02 -7.622480e+01
      vertex   -5.000000e-01 1.441185e+02 -7.148775e+01
      vertex   -5.000000e-01 1.446164e+02 -7.177520e+01
    endloop
  endfacet
  facet normal -1.000000e+00 0.000000e+00 0.000000e+00
    outer loop
      vertex   -5.000000e-01 1.446164e+02 -7.622480e+01
      vertex   -5.000000e-01 1.446164e+02 -7.177520e+01
      vertex   -5.000000e-01 1.450437e+02 -7.584011e+01
    endloop
  endfacet
  facet normal -1.000000e+00 0.000000e+00 0.000000e+00
    outer loop
      vertex   -5.000000e-01 1.450437e+02 -7.584011e+01
      vertex   -5.000000e-01 1.446164e+02 -7.177520e+01
      vertex   -5.000000e-01 1.450437e+02 -7.215989e+01
    endloop
  endfacet
  facet normal -1.000000e+00 0.000000e+00 0.000000e+00
    outer loop
      vertex   -5.000000e-01 1.450437e+02 -7.584011e+01
      vertex   -5.000000e-01 1.450437e+02 -7.215989e+01
      vertex   -5.000000e-01 1.453816e+02 -7.537500e+01
    endloop
  endfacet
  facet normal -1.000000e+00 0.000000e+00 0.000000e+00
    outer loop
      vertex   -5.000000e-01 1.453816e+02 -7.537500e+01
      vertex   -5.000000e-01 1.450437e+02 -7.215989e+01
      vertex   -5.000000e-01 1.453816e+02 -7.262500e+01
    endloop
  endfacet
  facet normal -1.000000e+00 0.000000e+00 0.000000e+00
    outer loop
      vertex   -5.000000e-01 1.453816e+02 -7.537500e+01
      vertex   -5.000000e-01 1.453816e+02 -7.262500e+01
      vertex   -5.000000e-01 1.456154e+02 -7.484980e+01
    endloop
  endfacet
  facet normal -1.000000e+00 0.000000e+00 0.000000e+00
    outer loop
      vertex   -5.000000e-01 1.456154e+02 -7.484980e+01
      vertex   -5.000000e-01 1.453816e+02 -7.262500e+01
      vertex   -5.000000e-01 1.456154e+02 -7.315020e+01
    endloop
  endfacet
  facet normal -1.000000e+00 0.000000e+00 0.000000e+00
    outer loop
      vertex   -5.000000e-01 1.456154e+02 -7.484980e+01
      vertex   -5.000000e-01 1.456154e+02 -7.315020e+01
      vertex   -5.000000e-01 1.457349e+02 -7.428745e+01
    endloop
  endfacet
  facet normal -1.000000e+00 0.000000e+00 0.000000e+00
    outer loop
      vertex   -5.000000e-01 1.457349e+02 -7.428745e+01
      vertex   -5.000000e-01 1.456154e+02 -7.315020e+01
      vertex   -5.000000e-01 1.457349e+02 -7.371255e+01
    endloop
  endfacet
  facet normal 0.000000e+00 1.045285e-01 -9.945219e-01
    outer loop
      vertex   1.500000e+00 9.442824e+01 -1.531009e+01
      vertex   5.000000e-01 9.442824e+01 -1.531009e+01
      vertex   1.500000e+00 9.500000e+01 -1.525000e+01
    endloop
  endfacet
  facet normal 0.000000e+00 1.045285e-01 -9.945219e-01
    outer loop
      vertex   1.500000e+00 9.500000e+01 -1.525000e+01
      vertex   5.000000e-01 9.442824e+01 -1.531009e+01
      vertex   5.000000e-01 9.500000e+01 -1.525000e+01
    endloop
  endfacet
  facet normal -0.000000e+00 -1.045285e-01 -9.945219e-01
    outer loop
      vertex   1.500000e+00 9.500000e+01 -1.525000e+01
      vertex   5.000000e-01 9.500000e+01 -1.525000e+01
      vertex   1.500000e+00 9.557176e+01 -1.531009e+01
    endloop
  endfacet
  facet normal -0.000000e+00 -1.045285e-01 -9.945219e-01
    outer loop
      vertex   1.500000e+00 9.557176e+01 -1.531009e+01
      vertex   5.000000e-01 9.500000e+01 -1.525000e+01
      vertex   5.000000e-01 9.557176e+01 -1.531009e+01
    endloop
  endfacet
  facet normal -0.000000e+00 -3.090170e-01 -9.510565e-01
    outer loop
      vertex   1.500000e+00 9.557176e+01 -1.531009e+01
      vertex   5.000000e-01 9.557176e+01 -1.531009e+01
      vertex   1.500000e+00 9.611853e+01 -1.548775e+01
    endloop
  endfacet
  facet normal -0.000000e+00 -3.090170e-01 -9.510565e-01
    outer loop
      vertex   1.500000e+00 9.611853e+01 -1.548775e+01
      vertex   5.000000e-01 9.557176e+01 -1.531009e+01
      vertex   5.000000e-01 9.611853e+01 -1.548775e+01
    endloop
  endfacet
  facet normal -0.000000e+00 -5.000000e-01 -8.660254e-01
    outer loop
      vertex   1.500000e+00 9.611853e+01 -1.548775e+01
      vertex   5.000000e-01 9.611853e+01 -1.548775e+01
      vertex   1.500000e+00 9.661641e+01 -1.577520e+01
    endloop
  endfacet
  facet normal -0.000000e+00 -5.000000e-01 -8.660254e-01
    outer loop
      vertex   1.500000e+00 9.661641e+01 -1.577520e+01
      vertex   5.000000e-01 9.611853e+01 -1.548775e+01
      vertex   5.000000e-01 9.661641e+01 -1.577520e+01
    endloop
  endfacet
  facet normal -0.000000e+00 -6.691306e-01 -7.431448e-01
    outer loop
      vertex   1.500000e+00 9.661641e+01 -1.577520e+01
      vertex   5.000000e-01 9.661641e+01 -1.577520e+01
      vertex   1.500000e+00 9.704365e+01 -1.615989e+01
    endloop
  endfacet
  facet normal -0.000000e+00 -6.691306e-01 -7.431448e-01
    outer loop
      vertex   1.500000e+00 9.704365e+01 -1.615989e+01
      vertex   5.000000e-01 9.661641e+01 -1.577520e+01
      vertex   5.000000e-01 9.704365e+01 -1.615989e+01
    endloop
  endfacet
  facet normal -0.000000e+00 -8.090170e-01 -5.877853e-01
    outer loop
      vertex   1.500000e+00 9.704365e+01 -1.615989e+01
      vertex   5.000000e-01 9.704365e+01 -1.615989e+01
      vertex   1.500000e+00 9.738157e+01 -1.662500e+01
    endloop
  endfacet
  facet normal 2.088233e-15 -8.090170e-01 -5.877853e-01
    outer loop
      vertex   1.500000e+00 9.738157e+01 -1.662500e+01
      vertex   5.000000e-01 9.704365e+01 -1.615989e+01
      vertex   5.000000e-01 9.738157e+01 -1.662500e+01
    endloop
  endfacet
  facet normal 1.445019e-15 -9.135455e-01 -4.067366e-01
    outer loop
      vertex   1.500000e+00 9.738157e+01 -1.662500e+01
      vertex   5.000000e-01 9.738157e+01 -1.662500e+01
      vertex   1.500000e+00 9.761541e+01 -1.715020e+01
    endloop
  endfacet
  facet normal -0.000000e+00 -9.135455e-01 -4.067366e-01
    outer loop
      vertex   1.500000e+00 9.761541e+01 -1.715020e+01
      vertex   5.000000e-01 9.738157e+01 -1.662500e+01
      vertex   5.000000e-01 9.761541e+01 -1.715020e+01
    endloop
  endfacet
  facet normal -0.000000e+00 -9.781476e-01 -2.079117e-01
    outer loop
      vertex   1.500000e+00 9.761541e+01 -1.715020e+01
      vertex   5.000000e-01 9.761541e+01 -1.715020e+01
      vertex   1.500000e+00 9.773494e+01 -1.771255e+01
    endloop
  endfacet
  facet normal -0.000000e+00 -9.781476e-01 -2.079117e-01
    outer loop
      vertex   1.500000e+00 9.773494e+01 -1.771255e+01
      vertex   5.000000e-01 9.761541e+01 -1.715020e+01
      vertex   5.000000e-01 9.773494e+01 -1.771255e+01
    endloop
  endfacet
  facet normal -0.000000e+00 -1.000000e+00 -0.000000e+00
    outer loop
      vertex   1.500000e+00 9.773494e+01 -1.771255e+01
      vertex   5.000000e-01 9.773494e+01 -1.771255e+01
      vertex   1.500000e+00 9.773494e+01 -1.828745e+01
    endloop
  endfacet
  facet normal -0.000000e+00 -1.000000e+00 0.000000e+00
    outer loop
      vertex   1.500000e+00 9.773494e+01 -1.828745e+01
      vertex   5.000000e-01 9.773494e+01 -1.771255e+01
      vertex   5.000000e-01 9.773494e+01 -1.828745e+01
    endloop
  endfacet
  facet normal -7.386507e-16 -9.781476e-01 2.079117e-01
    outer loop
      vertex   1.500000e+00 9.773494e+01 -1.828745e+01
      vertex   5.000000e-01 9.773494e+01 -1.828745e+01
      vertex   1.500000e+00 9.761541e+01 -1.884980e+01
    endloop
  endfacet
  facet normal 0.000000e+00 -9.781476e-01 2.079117e-01
    outer loop
      vertex   1.500000e+00 9.761541e+01 -1.884980e+01
      vertex   5.000000e-01 9.773494e+01 -1.828745e+01
      vertex   5.000000e-01 9.761541e+01 -1.884980e+01
    endloop
  endfacet
  facet normal 0.000000e+00 -9.135455e-01 4.067366e-01
    outer loop
      vertex   1.500000e+00 9.761541e+01 -1.884980e+01
      vertex   5.000000e-01 9.761541e+01 -1.884980e+01
      vertex   1.500000e+00 9.738157e+01 -1.937500e+01
    endloop
  endfacet
  facet normal 0.000000e+00 -9.135455e-01 4.067366e-01
    outer loop
      vertex   1.500000e+00 9.738157e+01 -1.937500e+01
      vertex   5.000000e-01 9.761541e+01 -1.884980e+01
      vertex   5.000000e-01 9.738157e+01 -1.937500e+01
    endloop
  endfacet
  facet normal 0.000000e+00 -8.090170e-01 5.877853e-01
    outer loop
      vertex   1.500000e+00 9.738157e+01 -1.937500e+01
      vertex   5.000000e-01 9.738157e+01 -1.937500e+01
      vertex   1.500000e+00 9.704365e+01 -1.984011e+01
    endloop
  endfacet
  facet normal -2.088233e-15 -8.090170e-01 5.877853e-01
    outer loop
      vertex   1.500000e+00 9.704365e+01 -1.984011e+01
      vertex   5.000000e-01 9.738157e+01 -1.937500e+01
      vertex   5.000000e-01 9.704365e+01 -1.984011e+01
    endloop
  endfacet
  facet normal -2.640181e-15 -6.691306e-01 7.431448e-01
    outer loop
      vertex   1.500000e+00 9.704365e+01 -1.984011e+01
      vertex   5.000000e-01 9.704365e+01 -1.984011e+01
      vertex   1.500000e+00 9.661641e+01 -2.022480e+01
    endloop
  endfacet
  facet normal 0.000000e+00 -6.691306e-01 7.431448e-01
    outer loop
      vertex   1.500000e+00 9.661641e+01 -2.022480e+01
      vertex   5.000000e-01 9.704365e+01 -1.984011e+01
      vertex   5.000000e-01 9.661641e+01 -2.022480e+01
    endloop
  endfacet
  facet normal 0.000000e+00 -5.000000e-01 8.660254e-01
    outer loop
      vertex   1.500000e+00 9.661641e+01 -2.022480e+01
      vertex   5.000000e-01 9.661641e+01 -2.022480e+01
      vertex   1.500000e+00 9.611853e+01 -2.051225e+01
    endloop
  endfacet
  facet normal 0.000000e+00 -5.000000e-01 8.660254e-01
    outer loop
      vertex   1.500000e+00 9.611853e+01 -2.051225e+01
      vertex   5.000000e-01 9.661641e+01 -2.022480e+01
      vertex   5.000000e-01 9.611853e+01 -2.051225e+01
    endloop
  endfacet
  facet normal 0.000000e+00 -3.090170e-01 9.510565e-01
    outer loop
      vertex   1.500000e+00 9.611853e+01 -2.051225e+01
      vertex   5.000000e-01 9.611853e+01 -2.051225e+01
      vertex   1.500000e+00 9.557176e+01 -2.068991e+01
    endloop
  endfacet
  facet normal 0.000000e+00 -3.090170e-01 9.510565e-01
    outer loop
      vertex   1.500000e+00 9.557176e+01 -2.068991e+01
      vertex   5.000000e-01 9.611853e+01 -2.051225e+01
      vertex   5.000000e-01 9.557176e+01 -2.068991e+01
    endloop
  endfacet
  facet normal 0.000000e+00 -1.045285e-01 9.945219e-01
    outer loop
      vertex   1.500000e+00 9.557176e+01 -2.068991e+01
      vertex   5.000000e-01 9.557176e+01 -2.068991e+01
      vertex   1.500000e+00 9.500000e+01 -2.075000e+01
    endloop
  endfacet
  facet normal 0.000000e+00 -1.045285e-01 9.945219e-01
    outer loop
      vertex   1.500000e+00 9.500000e+01 -2.075000e+01
      vertex   5.000000e-01 9.557176e+01 -2.068991e+01
      vertex   5.000000e-01 9.500000e+01 -2.075000e+01
    endloop
  endfacet
  facet normal 0.000000e+00 1.045285e-01 9.945219e-01
    outer loop
      vertex   1.500000e+00 9.500000e+01 -2.075000e+01
      vertex   5.000000e-01 9.500000e+01 -2.075000e+01
      vertex   1.500000e+00 9.442824e+01 -2.068991e+01
    endloop
  endfacet
  facet normal 0.000000e+00 1.045285e-01 9.945219e-01
    outer loop
      vertex   1.500000e+00 9.442824e+01 -2.068991e+01
      vertex   5.000000e-01 9.500000e+01 -2.075000e+01
      vertex   5.000000e-01 9.442824e+01 -2.068991e+01
    endloop
  endfacet
  facet normal 0.000000e+00 3.090170e-01 9.510565e-01
    outer loop
      vertex   1.500000e+00 9.442824e+01 -2.068991e+01
      vertex   5.000000e-01 9.442824e+01 -2.068991e+01
      vertex   1.500000e+00 9.388148e+01 -2.051225e+01
    endloop
  endfacet
  facet normal 0.000000e+00 3.090170e-01 9.510565e-01
    outer loop
      vertex   1.500000e+00 9.388148e+01 -2.051225e+01
      vertex   5.000000e-01 9.442824e+01 -2.068991e+01
      vertex   5.000000e-01 9.388148e+01 -2.051225e+01
    endloop
  endfacet
  facet normal 0.000000e+00 5.000000e-01 8.660254e-01
    outer loop
      vertex   1.500000e+00 9.388148e+01 -2.051225e+01
      vertex   5.000000e-01 9.388148e+01 -2.051225e+01
      vertex   1.500000e+00 9.338359e+01 -2.022480e+01
    endloop
  endfacet
  facet normal 0.000000e+00 5.000000e-01 8.660254e-01
    outer loop
      vertex   1.500000e+00 9.338359e+01 -2.022480e+01
      vertex   5.000000e-01 9.388148e+01 -2.051225e+01
      vertex   5.000000e-01 9.338359e+01 -2.022480e+01
    endloop
  endfacet
  facet normal 0.000000e+00 6.691306e-01 7.431448e-01
    outer loop
      vertex   1.500000e+00 9.338359e+01 -2.022480e+01
      vertex   5.000000e-01 9.338359e+01 -2.022480e+01
      vertex   1.500000e+00 9.295635e+01 -1.984011e+01
    endloop
  endfacet
  facet normal 2.640181e-15 6.691306e-01 7.431448e-01
    outer loop
      vertex   1.500000e+00 9.295635e+01 -1.984011e+01
      vertex   5.000000e-01 9.338359e+01 -2.022480e+01
      vertex   5.000000e-01 9.295635e+01 -1.984011e+01
    endloop
  endfacet
  facet normal 2.088233e-15 8.090170e-01 5.877853e-01
    outer loop
      vertex   1.500000e+00 9.295635e+01 -1.984011e+01
      vertex   5.000000e-01 9.295635e+01 -1.984011e+01
      vertex   1.500000e+00 9.261843e+01 -1.937500e+01
    endloop
  endfacet
  facet normal 0.000000e+00 8.090170e-01 5.877853e-01
    outer loop
      vertex   1.500000e+00 9.261843e+01 -1.937500e+01
      vertex   5.000000e-01 9.295635e+01 -1.984011e+01
      vertex   5.000000e-01 9.261843e+01 -1.937500e+01
    endloop
  endfacet
  facet normal 0.000000e+00 9.135455e-01 4.067366e-01
    outer loop
      vertex   1.500000e+00 9.261843e+01 -1.937500e+01
      vertex   5.000000e-01 9.261843e+01 -1.937500e+01
      vertex   1.500000e+00 9.238460e+01 -1.884980e+01
    endloop
  endfacet
  facet normal 0.000000e+00 9.135455e-01 4.067366e-01
    outer loop
      vertex   1.500000e+00 9.238460e+01 -1.884980e+01
      vertex   5.000000e-01 9.261843e+01 -1.937500e+01
      vertex   5.000000e-01 9.238460e+01 -1.884980e+01
    endloop
  endfacet
  facet normal 0.000000e+00 9.781476e-01 2.079117e-01
    outer loop
      vertex   1.500000e+00 9.238460e+01 -1.884980e+01
      vertex   5.000000e-01 9.238460e+01 -1.884980e+01
      vertex   1.500000e+00 9.226507e+01 -1.828745e+01
    endloop
  endfacet
  facet normal 7.386507e-16 9.781476e-01 2.079117e-01
    outer loop
      vertex   1.500000e+00 9.226507e+01 -1.828745e+01
      vertex   5.000000e-01 9.238460e+01 -1.884980e+01
      vertex   5.000000e-01 9.226507e+01 -1.828745e+01
    endloop
  endfacet
  facet normal 0.000000e+00 1.000000e+00 -0.000000e+00
    outer loop
      vertex   1.500000e+00 9.226507e+01 -1.828745e+01
      vertex   5.000000e-01 9.226507e+01 -1.828745e+01
      vertex   1.500000e+00 9.226507e+01 -1.771255e+01
    endloop
  endfacet
  facet normal 0.000000e+00 1.000000e+00 0.000000e+00
    outer loop
      vertex   1.500000e+00 9.226507e+01 -1.771255e+01
      vertex   5.000000e-01 9.226507e+01 -1.828745e+01
      vertex   5.000000e-01 9.226507e+01 -1.771255e+01
    endloop
  endfacet
  facet normal 0.000000e+00 9.781476e-01 -2.079117e-01
    outer loop
      vertex   1.500000e+00 9.226507e+01 -1.771255e+01
      vertex   5.000000e-01 9.226507e+01 -1.771255e+01
      vertex   1.500000e+00 9.238460e+01 -1.715020e+01
    endloop
  endfacet
  facet normal 0.000000e+00 9.781476e-01 -2.079117e-01
    outer loop
      vertex   1.500000e+00 9.238460e+01 -1.715020e+01
      vertex   5.000000e-01 9.226507e+01 -1.771255e+01
      vertex   5.000000e-01 9.238460e+01 -1.715020e+01
    endloop
  endfacet
  facet normal 0.000000e+00 9.135455e-01 -4.067366e-01
    outer loop
      vertex   1.500000e+00 9.238460e+01 -1.715020e+01
      vertex   5.000000e-01 9.238460e+01 -1.715020e+01
      vertex   1.500000e+00 9.261843e+01 -1.662500e+01
    endloop
  endfacet
  facet normal -1.445019e-15 9.135455e-01 -4.067366e-01
    outer loop
      vertex   1.500000e+00 9.261843e+01 -1.662500e+01
      vertex   5.000000e-01 9.238460e+01 -1.715020e+01
      vertex   5.000000e-01 9.261843e+01 -1.662500e+01
    endloop
  endfacet
  facet normal -2.088233e-15 8.090170e-01 -5.877853e-01
    outer loop
      vertex   1.500000e+00 9.261843e+01 -1.662500e+01
      vertex   5.000000e-01 9.261843e+01 -1.662500e+01
      vertex   1.500000e+00 9.295635e+01 -1.615989e+01
    endloop
  endfacet
  facet normal 0.000000e+00 8.090170e-01 -5.877853e-01
    outer loop
      vertex   1.500000e+00 9.295635e+01 -1.615989e+01
      vertex   5.000000e-01 9.261843e+01 -1.662500e+01
      vertex   5.000000e-01 9.295635e+01 -1.615989e+01
    endloop
  endfacet
  facet normal 0.000000e+00 6.691306e-01 -7.431448e-01
    outer loop
      vertex   1.500000e+00 9.295635e+01 -1.615989e+01
      vertex   5.000000e-01 9.295635e+01 -1.615989e+01
      vertex   1.500000e+00 9.338359e+01 -1.577520e+01
    endloop
  endfacet
  facet normal 0.000000e+00 6.691306e-01 -7.431448e-01
    outer loop
      vertex   1.500000e+00 9.338359e+01 -1.577520e+01
      vertex   5.000000e-01 9.295635e+01 -1.615989e+01
      vertex   5.000000e-01 9.338359e+01 -1.577520e+01
    endloop
  endfacet
  facet normal 0.000000e+00 5.000000e-01 -8.660254e-01
    outer loop
      vertex   1.500000e+00 9.338359e+01 -1.577520e+01
      vertex   5.000000e-01 9.338359e+01 -1.577520e+01
      vertex   1.500000e+00 9.388148e+01 -1.548775e+01
    endloop
  endfacet
  facet normal 0.000000e+00 5.000000e-01 -8.660254e-01
    outer loop
      vertex   1.500000e+00 9.388148e+01 -1.548775e+01
      vertex   5.000000e-01 9.338359e+01 -1.577520e+01
      vertex   5.000000e-01 9.388148e+01 -1.548775e+01
    endloop
  endfacet
  facet normal 0.000000e+00 3.090170e-01 -9.510565e-01
    outer loop
      vertex   1.500000e+00 9.388148e+01 -1.548775e+01
      vertex   5.000000e-01 9.388148e+01 -1.548775e+01
      vertex   1.500000e+00 9.442824e+01 -1.531009e+01
    endloop
  endfacet
  facet normal 0.000000e+00 3.090170e-01 -9.510565e-01
    outer loop
      vertex   1.500000e+00 9.442824e+01 -1.531009e+01
      vertex   5.000000e-01 9.388148e+01 -1.548775e+01
      vertex   5.000000e-01 9.442824e+01 -1.531009e+01
    endloop
  endfacet
  facet normal 0.000000e+00 1.000000e+00 0.000000e+00
    outer loop
      vertex   5.000000e-01 1.000000e+02 -2.300000e+01
      vertex   5.000000e-01 1.000000e+02 -1.300000e+01
      vertex   1.500000e+00 1.000000e+02 -2.300000e+01
    endloop
  endfacet
  facet normal 0.000000e+00 1.000000e+00 -0.000000e+00
    outer loop
      vertex   1.500000e+00 1.000000e+02 -2.300000e+01
      vertex   5.000000e-01 1.000000e+02 -1.300000e+01
      vertex   1.500000e+00 1.000000e+02 -1.300000e+01
    endloop
  endfacet
  facet normal 0.000000e+00 0.000000e+00 -1.000000e+00
    outer loop
      vertex   5.000000e-01 9.000000e+01 -2.300000e+01
      vertex   5.000000e-01 1.000000e+02 -2.300000e+01
      vertex   1.500000e+00 9.000000e+01 -2.300000e+01
    endloop
  endfacet
  facet normal 0.000000e+00 0.000000e+00 -1.000000e+00
    outer loop
      vertex   1.500000e+00 9.000000e+01 -2.300000e+01
      vertex   5.000000e-01 1.000000e+02 -2.300000e+01
      vertex   1.500000e+00 1.000000e+02 -2.300000e+01
    endloop
  endfacet
  facet normal 0.000000e+00 -1.000000e+00 0.000000e+00
    outer loop
      vertex   5.000000e-01 9.000000e+01 -1.300000e+01
      vertex   5.000000e-01 9.000000e+01 -2.300000e+01
      vertex   1.500000e+00 9.000000e+01 -1.300000e+01
    endloop
  endfacet
  facet normal 0.000000e+00 -1.000000e+00 -0.000000e+00
    outer loop
      vertex   1.500000e+00 9.000000e+01 -1.300000e+01
      vertex   5.000000e-01 9.000000e+01 -2.300000e+01
      vertex   1.500000e+00 9.000000e+01 -2.300000e+01
    endloop
  endfacet
  facet normal -0.000000e+00 0.000000e+00 1.000000e+00
    outer loop
      vertex   5.000000e-01 1.000000e+02 -1.300000e+01
      vertex   5.000000e-01 9.000000e+01 -1.300000e+01
      vertex   1.500000e+00 1.000000e+02 -1.300000e+01
    endloop
  endfacet
  facet normal 0.000000e+00 0.000000e+00 1.000000e+00
    outer loop
      vertex   1.500000e+00 1.000000e+02 -1.300000e+01
      vertex   5.000000e-01 9.000000e+01 -1.300000e+01
      vertex   1.500000e+00 9.000000e+01 -1.300000e+01
    endloop
  endfacet
  facet normal 1.000000e+00 0.000000e+00 -0.000000e+00
    outer loop
      vertex   1.500000e+00 9.557176e+01 -1.531009e+01
      vertex   1.500000e+00 1.000000e+02 -1.300000e+01
      vertex   1.500000e+00 9.500000e+01 -1.525000e+01
    endloop
  endfacet
  facet normal 1.000000e+00 0.000000e+00 -0.000000e+00
    outer loop
      vertex   1.500000e+00 9.500000e+01 -1.525000e+01
      vertex   1.500000e+00 1.000000e+02 -1.300000e+01
      vertex   1.500000e+00 9.000000e+01 -1.300000e+01
    endloop
  endfacet
  facet normal 1.000000e+00 0.000000e+00 0.000000e+00
    outer loop
      vertex   1.500000e+00 9.500000e+01 -1.525000e+01
      vertex   1.500000e+00 9.000000e+01 -1.300000e+01
      vertex   1.500000e+00 9.442824e+01 -1.531009e+01
    endloop
  endfacet
  facet normal 1.000000e+00 0.000000e+00 0.000000e+00
    outer loop
      vertex   1.500000e+00 9.442824e+01 -1.531009e+01
      vertex   1.500000e+00 9.000000e+01 -1.300000e+01
      vertex   1.500000e+00 9.388148e+01 -1.548775e+01
    endloop
  endfacet
  facet normal 1.000000e+00 0.000000e+00 0.000000e+00
    outer loop
      vertex   1.500000e+00 9.388148e+01 -1.548775e+01
      vertex   1.500000e+00 9.000000e+01 -1.300000e+01
      vertex   1.500000e+00 9.338359e+01 -1.577520e+01
    endloop
  endfacet
  facet normal 1.000000e+00 0.000000e+00 0.000000e+00
    outer loop
      vertex   1.500000e+00 9.338359e+01 -1.577520e+01
      vertex   1.500000e+00 9.000000e+01 -1.300000e+01
      vertex   1.500000e+00 9.295635e+01 -1.615989e+01
    endloop
  endfacet
  facet normal 1.000000e+00 0.000000e+00 0.000000e+00
    outer loop
      vertex   1.500000e+00 9.295635e+01 -1.615989e+01
      vertex   1.500000e+00 9.000000e+01 -1.300000e+01
      vertex   1.500000e+00 9.261843e+01 -1.662500e+01
    endloop
  endfacet
  facet normal 1.000000e+00 0.000000e+00 0.000000e+00
    outer loop
      vertex   1.500000e+00 9.261843e+01 -1.662500e+01
      vertex   1.500000e+00 9.000000e+01 -1.300000e+01
      vertex   1.500000e+00 9.238460e+01 -1.715020e+01
    endloop
  endfacet
  facet normal 1.000000e+00 0.000000e+00 0.000000e+00
    outer loop
      vertex   1.500000e+00 9.238460e+01 -1.715020e+01
      vertex   1.500000e+00 9.000000e+01 -1.300000e+01
      vertex   1.500000e+00 9.226507e+01 -1.771255e+01
    endloop
  endfacet
  facet normal 1.000000e+00 0.000000e+00 0.000000e+00
    outer loop
      vertex   1.500000e+00 9.226507e+01 -1.771255e+01
      vertex   1.500000e+00 9.000000e+01 -1.300000e+01
      vertex   1.500000e+00 9.000000e+01 -2.300000e+01
    endloop
  endfacet
  facet normal 1.000000e+00 0.000000e+00 0.000000e+00
    outer loop
      vertex   1.500000e+00 9.226507e+01 -1.771255e+01
      vertex   1.500000e+00 9.000000e+01 -2.300000e+01
      vertex   1.500000e+00 9.226507e+01 -1.828745e+01
    endloop
  endfacet
  facet normal 1.000000e+00 0.000000e+00 0.000000e+00
    outer loop
      vertex   1.500000e+00 9.226507e+01 -1.828745e+01
      vertex   1.500000e+00 9.000000e+01 -2.300000e+01
      vertex   1.500000e+00 9.238460e+01 -1.884980e+01
    endloop
  endfacet
  facet normal 1.000000e+00 0.000000e+00 0.000000e+00
    outer loop
      vertex   1.500000e+00 9.238460e+01 -1.884980e+01
      vertex   1.500000e+00 9.000000e+01 -2.300000e+01
      vertex   1.500000e+00 9.261843e+01 -1.937500e+01
    endloop
  endfacet
  facet normal 1.000000e+00 0.000000e+00 0.000000e+00
    outer loop
      vertex   1.500000e+00 9.261843e+01 -1.937500e+01
      vertex   1.500000e+00 9.000000e+01 -2.300000e+01
      vertex   1.500000e+00 9.295635e+01 -1.984011e+01
    endloop
  endfacet
  facet normal 1.000000e+00 0.000000e+00 0.000000e+00
    outer loop
      vertex   1.500000e+00 9.295635e+01 -1.984011e+01
      vertex   1.500000e+00 9.000000e+01 -2.300000e+01
      vertex   1.500000e+00 9.338359e+01 -2.022480e+01
    endloop
  endfacet
  facet normal 1.000000e+00 0.000000e+00 0.000000e+00
    outer loop
      vertex   1.500000e+00 9.338359e+01 -2.022480e+01
      vertex   1.500000e+00 9.000000e+01 -2.300000e+01
      vertex   1.500000e+00 9.388148e+01 -2.051225e+01
    endloop
  endfacet
  facet normal 1.000000e+00 0.000000e+00 0.000000e+00
    outer loop
      vertex   1.500000e+00 9.388148e+01 -2.051225e+01
      vertex   1.500000e+00 9.000000e+01 -2.300000e+01
      vertex   1.500000e+00 9.442824e+01 -2.068991e+01
    endloop
  endfacet
  facet normal 1.000000e+00 0.000000e+00 0.000000e+00
    outer loop
      vertex   1.500000e+00 9.442824e+01 -2.068991e+01
      vertex   1.500000e+00 9.000000e+01 -2.300000e+01
      vertex   1.500000e+00 9.500000e+01 -2.075000e+01
    endloop
  endfacet
  facet normal 1.000000e+00 0.000000e+00 0.000000e+00
    outer loop
      vertex   1.500000e+00 9.500000e+01 -2.075000e+01
      vertex   1.500000e+00 9.000000e+01 -2.300000e+01
      vertex   1.500000e+00 1.000000e+02 -2.300000e+01
    endloop
  endfacet
  facet normal 1.000000e+00 -0.000000e+00 0.000000e+00
    outer loop
      vertex   1.500000e+00 9.500000e+01 -2.075000e+01
      vertex   1.500000e+00 1.000000e+02 -2.300000e+01
      vertex   1.500000e+00 9.557176e+01 -2.068991e+01
    endloop
  endfacet
  facet normal 1.000000e+00 -0.000000e+00 0.000000e+00
    outer loop
      vertex   1.500000e+00 9.557176e+01 -2.068991e+01
      vertex   1.500000e+00 1.000000e+02 -2.300000e+01
      vertex   1.500000e+00 9.611853e+01 -2.051225e+01
    endloop
  endfacet
  facet normal 1.000000e+00 -0.000000e+00 0.000000e+00
    outer loop
      vertex   1.500000e+00 9.611853e+01 -2.051225e+01
      vertex   1.500000e+00 1.000000e+02 -2.300000e+01
      vertex   1.500000e+00 9.661641e+01 -2.022480e+01
    endloop
  endfacet
  facet normal 1.000000e+00 -0.000000e+00 0.000000e+00
    outer loop
      vertex   1.500000e+00 9.661641e+01 -2.022480e+01
      vertex   1.500000e+00 1.000000e+02 -2.300000e+01
      vertex   1.500000e+00 9.704365e+01 -1.984011e+01
    endloop
  endfacet
  facet normal 1.000000e+00 -0.000000e+00 0.000000e+00
    outer loop
      vertex   1.500000e+00 9.704365e+01 -1.984011e+01
      vertex   1.500000e+00 1.000000e+02 -2.300000e+01
      vertex   1.500000e+00 9.738157e+01 -1.937500e+01
    endloop
  endfacet
  facet normal 1.000000e+00 -0.000000e+00 0.000000e+00
    outer loop
      vertex   1.500000e+00 9.738157e+01 -1.937500e+01
      vertex   1.500000e+00 1.000000e+02 -2.300000e+01
      vertex   1.500000e+00 9.761541e+01 -1.884980e+01
    endloop
  endfacet
  facet normal 1.000000e+00 -0.000000e+00 0.000000e+00
    outer loop
      vertex   1.500000e+00 9.761541e+01 -1.884980e+01
      vertex   1.500000e+00 1.000000e+02 -2.300000e+01
      vertex   1.500000e+00 9.773494e+01 -1.828745e+01
    endloop
  endfacet
  facet normal 1.000000e+00 -0.000000e+00 0.000000e+00
    outer loop
      vertex   1.500000e+00 9.773494e+01 -1.828745e+01
      vertex   1.500000e+00 1.000000e+02 -2.300000e+01
      vertex   1.500000e+00 1.000000e+02 -1.300000e+01
    endloop
  endfacet
  facet normal 1.000000e+00 0.000000e+00 0.000000e+00
    outer loop
      vertex   1.500000e+00 9.773494e+01 -1.828745e+01
      vertex   1.500000e+00 1.000000e+02 -1.300000e+01
      vertex   1.500000e+00 9.773494e+01 -1.771255e+01
    endloop
  endfacet
  facet normal 1.000000e+00 0.000000e+00 -0.000000e+00
    outer loop
      vertex   1.500000e+00 9.773494e+01 -1.771255e+01
      vertex   1.500000e+00 1.000000e+02 -1.300000e+01
      vertex   1.500000e+00 9.761541e+01 -1.715020e+01
    endloop
  endfacet
  facet normal 1.000000e+00 0.000000e+00 -0.000000e+00
    outer loop
      vertex   1.500000e+00 9.761541e+01 -1.715020e+01
      vertex   1.500000e+00 1.000000e+02 -1.300000e+01
      vertex   1.500000e+00 9.738157e+01 -1.662500e+01
    endloop
  endfacet
  facet normal 1.000000e+00 0.000000e+00 -0.000000e+00
    outer loop
      vertex   1.500000e+00 9.738157e+01 -1.662500e+01
      vertex   1.500000e+00 1.000000e+02 -1.300000e+01
      vertex   1.500000e+00 9.704365e+01 -1.615989e+01
    endloop
  endfacet
  facet normal 1.000000e+00 0.000000e+00 -0.000000e+00
    outer loop
      vertex   1.500000e+00 9.704365e+01 -1.615989e+01
      vertex   1.500000e+00 1.000000e+02 -1.300000e+01
      vertex   1.500000e+00 9.661641e+01 -1.577520e+01
    endloop
  endfacet
  facet normal 1.000000e+00 0.000000e+00 -0.000000e+00
    outer loop
      vertex   1.500000e+00 9.661641e+01 -1.577520e+01
      vertex   1.500000e+00 1.000000e+02 -1.300000e+01
      vertex   1.500000e+00 9.611853e+01 -1.548775e+01
    endloop
  endfacet
  facet normal 1.000000e+00 0.000000e+00 -0.000000e+00
    outer loop
      vertex   1.500000e+00 9.611853e+01 -1.548775e+01
      vertex   1.500000e+00 1.000000e+02 -1.300000e+01
      vertex   1.500000e+00 9.557176e+01 -1.531009e+01
    endloop
  endfacet
  facet normal 0.000000e+00 1.045285e-01 -9.945219e-01
    outer loop
      vertex   1.500000e+00 1.424282e+02 -8.931010e+01
      vertex   5.000000e-01 1.424282e+02 -8.931010e+01
      vertex   1.500000e+00 1.430000e+02 -8.925000e+01
    endloop
  endfacet
  facet normal 0.000000e+00 1.045285e-01 -9.945219e-01
    outer loop
      vertex   1.500000e+00 1.430000e+02 -8.925000e+01
      vertex   5.000000e-01 1.424282e+02 -8.931010e+01
      vertex   5.000000e-01 1.430000e+02 -8.925000e+01
    endloop
  endfacet
  facet normal -0.000000e+00 -1.045285e-01 -9.945219e-01
    outer loop
      vertex   1.500000e+00 1.430000e+02 -8.925000e+01
      vertex   5.000000e-01 1.430000e+02 -8.925000e+01
      vertex   1.500000e+00 1.435718e+02 -8.931010e+01
    endloop
  endfacet
  facet normal -0.000000e+00 -1.045285e-01 -9.945219e-01
    outer loop
      vertex   1.500000e+00 1.435718e+02 -8.931010e+01
      vertex   5.000000e-01 1.430000e+02 -8.925000e+01
      vertex   5.000000e-01 1.435718e+02 -8.931010e+01
    endloop
  endfacet
  facet normal -0.000000e+00 -3.090170e-01 -9.510565e-01
    outer loop
      vertex   1.500000e+00 1.435718e+02 -8.931010e+01
      vertex   5.000000e-01 1.435718e+02 -8.931010e+01
      vertex   1.500000e+00 1.441185e+02 -8.948775e+01
    endloop
  endfacet
  facet normal -0.000000e+00 -3.090170e-01 -9.510565e-01
    outer loop
      vertex   1.500000e+00 1.441185e+02 -8.948775e+01
      vertex   5.000000e-01 1.435718e+02 -8.931010e+01
      vertex   5.000000e-01 1.441185e+02 -8.948775e+01
    endloop
  endfacet
  facet normal -0.000000e+00 -5.000000e-01 -8.660254e-01
    outer loop
      vertex   1.500000e+00 1.441185e+02 -8.948775e+01
      vertex   5.000000e-01 1.441185e+02 -8.948775e+01
      vertex   1.500000e+00 1.446164e+02 -8.977520e+01
    endloop
  endfacet
  facet normal -0.000000e+00 -5.000000e-01 -8.660254e-01
    outer loop
      vertex   1.500000e+00 1.446164e+02 -8.977520e+01
      vertex   5.000000e-01 1.441185e+02 -8.948775e+01
      vertex   5.000000e-01 1.446164e+02 -8.977520e+01
    endloop
  endfacet
  facet normal -0.000000e+00 -6.691306e-01 -7.431448e-01
    outer loop
      vertex   1.500000e+00 1.446164e+02 -8.977520e+01
      vertex   5.000000e-01 1.446164e+02 -8.977520e+01
      vertex   1.500000e+00 1.450437e+02 -9.015989e+01
    endloop
  endfacet
  facet normal -0.000000e+00 -6.691306e-01 -7.431448e-01
    outer loop
      vertex   1.500000e+00 1.450437e+02 -9.015989e+01
      vertex   5.000000e-01 1.446164e+02 -8.977520e+01
      vertex   5.000000e-01 1.450437e+02 -9.015989e+01
    endloop
  endfacet
  facet normal -0.000000e+00 -8.090170e-01 -5.877853e-01
    outer loop
      vertex   1.500000e+00 1.450437e+02 -9.015989e+01
      vertex   5.000000e-01 1.450437e+02 -9.015989e+01
      vertex   1.500000e+00 1.453816e+02 -9.062500e+01
    endloop
  endfacet
  facet normal 8.352931e-15 -8.090170e-01 -5.877853e-01
    outer loop
      vertex   1.500000e+00 1.453816e+02 -9.062500e+01
      vertex   5.000000e-01 1.450437e+02 -9.015989e+01
      vertex   5.000000e-01 1.453816e+02 -9.062500e+01
    endloop
  endfacet
  facet normal 5.780075e-15 -9.135455e-01 -4.067366e-01
    outer loop
      vertex   1.500000e+00 1.453816e+02 -9.062500e+01
      vertex   5.000000e-01 1.453816e+02 -9.062500e+01
      vertex   1.500000e+00 1.456154e+02 -9.115020e+01
    endloop
  endfacet
  facet normal -0.000000e+00 -9.135455e-01 -4.067366e-01
    outer loop
      vertex   1.500000e+00 1.456154e+02 -9.115020e+01
      vertex   5.000000e-01 1.453816e+02 -9.062500e+01
      vertex   5.000000e-01 1.456154e+02 -9.115020e+01
    endloop
  endfacet
  facet normal -0.000000e+00 -9.781476e-01 -2.079117e-01
    outer loop
      vertex   1.500000e+00 1.456154e+02 -9.115020e+01
      vertex   5.000000e-01 1.456154e+02 -9.115020e+01
      vertex   1.500000e+00 1.457349e+02 -9.171255e+01
    endloop
  endfacet
  facet normal -0.000000e+00 -9.781476e-01 -2.079117e-01
    outer loop
      vertex   1.500000e+00 1.457349e+02 -9.171255e+01
      vertex   5.000000e-01 1.456154e+02 -9.115020e+01
      vertex   5.000000e-01 1.457349e+02 -9.171255e+01
    endloop
  endfacet
  facet normal -0.000000e+00 -1.000000e+00 -0.000000e+00
    outer loop
      vertex   1.500000e+00 1.457349e+02 -9.171255e+01
      vertex   5.000000e-01 1.457349e+02 -9.171255e+01
      vertex   1.500000e+00 1.457349e+02 -9.228745e+01
    endloop
  endfacet
  facet normal 0.000000e+00 -1.000000e+00 0.000000e+00
    outer loop
      vertex   1.500000e+00 1.457349e+02 -9.228745e+01
      vertex   5.000000e-01 1.457349e+02 -9.171255e+01
      vertex   5.000000e-01 1.457349e+02 -9.228745e+01
    endloop
  endfacet
  facet normal 0.000000e+00 -9.781476e-01 2.079117e-01
    outer loop
      vertex   1.500000e+00 1.457349e+02 -9.228745e+01
      vertex   5.000000e-01 1.457349e+02 -9.228745e+01
      vertex   1.500000e+00 1.456154e+02 -9.284980e+01
    endloop
  endfacet
  facet normal 0.000000e+00 -9.781476e-01 2.079117e-01
    outer loop
      vertex   1.500000e+00 1.456154e+02 -9.284980e+01
      vertex   5.000000e-01 1.457349e+02 -9.228745e+01
      vertex   5.000000e-01 1.456154e+02 -9.284980e+01
    endloop
  endfacet
  facet normal 0.000000e+00 -9.135455e-01 4.067366e-01
    outer loop
      vertex   1.500000e+00 1.456154e+02 -9.284980e+01
      vertex   5.000000e-01 1.456154e+02 -9.284980e+01
      vertex   1.500000e+00 1.453816e+02 -9.337500e+01
    endloop
  endfacet
  facet normal -5.780075e-15 -9.135455e-01 4.067366e-01
    outer loop
      vertex   1.500000e+00 1.453816e+02 -9.337500e+01
      vertex   5.000000e-01 1.456154e+02 -9.284980e+01
      vertex   5.000000e-01 1.453816e+02 -9.337500e+01
    endloop
  endfacet
  facet normal -8.352931e-15 -8.090170e-01 5.877853e-01
    outer loop
      vertex   1.500000e+00 1.453816e+02 -9.337500e+01
      vertex   5.000000e-01 1.453816e+02 -9.337500e+01
      vertex   1.500000e+00 1.450437e+02 -9.384011e+01
    endloop
  endfacet
  facet normal 0.000000e+00 -8.090170e-01 5.877853e-01
    outer loop
      vertex   1.500000e+00 1.450437e+02 -9.384011e+01
      vertex   5.000000e-01 1.453816e+02 -9.337500e+01
      vertex   5.000000e-01 1.450437e+02 -9.384011e+01
    endloop
  endfacet
  facet normal 0.000000e+00 -6.691306e-01 7.431448e-01
    outer loop
      vertex   1.500000e+00 1.450437e+02 -9.384011e+01
      vertex   5.000000e-01 1.450437e+02 -9.384011e+01
      vertex   1.500000e+00 1.446164e+02 -9.422480e+01
    endloop
  endfacet
  facet normal 0.000000e+00 -6.691306e-01 7.431448e-01
    outer loop
      vertex   1.500000e+00 1.446164e+02 -9.422480e+01
      vertex   5.000000e-01 1.450437e+02 -9.384011e+01
      vertex   5.000000e-01 1.446164e+02 -9.422480e+01
    endloop
  endfacet
  facet normal 0.000000e+00 -5.000000e-01 8.660254e-01
    outer loop
      vertex   1.500000e+00 1.446164e+02 -9.422480e+01
      vertex   5.000000e-01 1.446164e+02 -9.422480e+01
      vertex   1.500000e+00 1.441185e+02 -9.451225e+01
    endloop
  endfacet
  facet normal 0.000000e+00 -5.000000e-01 8.660254e-01
    outer loop
      vertex   1.500000e+00 1.441185e+02 -9.451225e+01
      vertex   5.000000e-01 1.446164e+02 -9.422480e+01
      vertex   5.000000e-01 1.441185e+02 -9.451225e+01
    endloop
  endfacet
  facet normal 0.000000e+00 -3.090170e-01 9.510565e-01
    outer loop
      vertex   1.500000e+00 1.441185e+02 -9.451225e+01
      vertex   5.000000e-01 1.441185e+02 -9.451225e+01
      vertex   1.500000e+00 1.435718e+02 -9.468991e+01
    endloop
  endfacet
  facet normal 0.000000e+00 -3.090170e-01 9.510565e-01
    outer loop
      vertex   1.500000e+00 1.435718e+02 -9.468991e+01
      vertex   5.000000e-01 1.441185e+02 -9.451225e+01
      vertex   5.000000e-01 1.435718e+02 -9.468991e+01
    endloop
  endfacet
  facet normal 0.000000e+00 -1.045285e-01 9.945219e-01
    outer loop
      vertex   1.500000e+00 1.435718e+02 -9.468991e+01
      vertex   5.000000e-01 1.435718e+02 -9.468991e+01
      vertex   1.500000e+00 1.430000e+02 -9.475000e+01
    endloop
  endfacet
  facet normal 0.000000e+00 -1.045285e-01 9.945219e-01
    outer loop
      vertex   1.500000e+00 1.430000e+02 -9.475000e+01
      vertex   5.000000e-01 1.435718e+02 -9.468991e+01
      vertex   5.000000e-01 1.430000e+02 -9.475000e+01
    endloop
  endfacet
  facet normal 0.000000e+00 1.045285e-01 9.945219e-01
    outer loop
      vertex   1.500000e+00 1.430000e+02 -9.475000e+01
      vertex   5.000000e-01 1.430000e+02 -9.475000e+01
      vertex   1.500000e+00 1.424282e+02 -9.468991e+01
    endloop
  endfacet
  facet normal 0.000000e+00 1.045285e-01 9.945219e-01
    outer loop
      vertex   1.500000e+00 1.424282e+02 -9.468991e+01
      vertex   5.000000e-01 1.430000e+02 -9.475000e+01
      vertex   5.000000e-01 1.424282e+02 -9.468991e+01
    endloop
  endfacet
  facet normal 0.000000e+00 3.090170e-01 9.510565e-01
    outer loop
      vertex   1.500000e+00 1.424282e+02 -9.468991e+01
      vertex   5.000000e-01 1.424282e+02 -9.468991e+01
      vertex   1.500000e+00 1.418815e+02 -9.451225e+01
    endloop
  endfacet
  facet normal 0.000000e+00 3.090170e-01 9.510565e-01
    outer loop
      vertex   1.500000e+00 1.418815e+02 -9.451225e+01
      vertex   5.000000e-01 1.424282e+02 -9.468991e+01
      vertex   5.000000e-01 1.418815e+02 -9.451225e+01
    endloop
  endfacet
  facet normal 0.000000e+00 5.000000e-01 8.660254e-01
    outer loop
      vertex   1.500000e+00 1.418815e+02 -9.451225e+01
      vertex   5.000000e-01 1.418815e+02 -9.451225e+01
      vertex   1.500000e+00 1.413836e+02 -9.422480e+01
    endloop
  endfacet
  facet normal 0.000000e+00 5.000000e-01 8.660254e-01
    outer loop
      vertex   1.500000e+00 1.413836e+02 -9.422480e+01
      vertex   5.000000e-01 1.418815e+02 -9.451225e+01
      vertex   5.000000e-01 1.413836e+02 -9.422480e+01
    endloop
  endfacet
  facet normal 0.000000e+00 6.691306e-01 7.431448e-01
    outer loop
      vertex   1.500000e+00 1.413836e+02 -9.422480e+01
      vertex   5.000000e-01 1.413836e+02 -9.422480e+01
      vertex   1.500000e+00 1.409564e+02 -9.384011e+01
    endloop
  endfacet
  facet normal 0.000000e+00 6.691306e-01 7.431448e-01
    outer loop
      vertex   1.500000e+00 1.409564e+02 -9.384011e+01
      vertex   5.000000e-01 1.413836e+02 -9.422480e+01
      vertex   5.000000e-01 1.409564e+02 -9.384011e+01
    endloop
  endfacet
  facet normal 0.000000e+00 8.090170e-01 5.877853e-01
    outer loop
      vertex   1.500000e+00 1.409564e+02 -9.384011e+01
      vertex   5.000000e-01 1.409564e+02 -9.384011e+01
      vertex   1.500000e+00 1.406184e+02 -9.337500e+01
    endloop
  endfacet
  facet normal 8.352931e-15 8.090170e-01 5.877853e-01
    outer loop
      vertex   1.500000e+00 1.406184e+02 -9.337500e+01
      vertex   5.000000e-01 1.409564e+02 -9.384011e+01
      vertex   5.000000e-01 1.406184e+02 -9.337500e+01
    endloop
  endfacet
  facet normal 5.780075e-15 9.135455e-01 4.067366e-01
    outer loop
      vertex   1.500000e+00 1.406184e+02 -9.337500e+01
      vertex   5.000000e-01 1.406184e+02 -9.337500e+01
      vertex   1.500000e+00 1.403846e+02 -9.284980e+01
    endloop
  endfacet
  facet normal 0.000000e+00 9.135455e-01 4.067366e-01
    outer loop
      vertex   1.500000e+00 1.403846e+02 -9.284980e+01
      vertex   5.000000e-01 1.406184e+02 -9.337500e+01
      vertex   5.000000e-01 1.403846e+02 -9.284980e+01
    endloop
  endfacet
  facet normal 0.000000e+00 9.781476e-01 2.079117e-01
    outer loop
      vertex   1.500000e+00 1.403846e+02 -9.284980e+01
      vertex   5.000000e-01 1.403846e+02 -9.284980e+01
      vertex   1.500000e+00 1.402651e+02 -9.228745e+01
    endloop
  endfacet
  facet normal 0.000000e+00 9.781476e-01 2.079117e-01
    outer loop
      vertex   1.500000e+00 1.402651e+02 -9.228745e+01
      vertex   5.000000e-01 1.403846e+02 -9.284980e+01
      vertex   5.000000e-01 1.402651e+02 -9.228745e+01
    endloop
  endfacet
  facet normal 0.000000e+00 1.000000e+00 -0.000000e+00
    outer loop
      vertex   1.500000e+00 1.402651e+02 -9.228745e+01
      vertex   5.000000e-01 1.402651e+02 -9.228745e+01
      vertex   1.500000e+00 1.402651e+02 -9.171255e+01
    endloop
  endfacet
  facet normal 0.000000e+00 1.000000e+00 0.000000e+00
    outer loop
      vertex   1.500000e+00 1.402651e+02 -9.171255e+01
      vertex   5.000000e-01 1.402651e+02 -9.228745e+01
      vertex   5.000000e-01 1.402651e+02 -9.171255e+01
    endloop
  endfacet
  facet normal 0.000000e+00 9.781476e-01 -2.079117e-01
    outer loop
      vertex   1.500000e+00 1.402651e+02 -9.171255e+01
      vertex   5.000000e-01 1.402651e+02 -9.171255e+01
      vertex   1.500000e+00 1.403846e+02 -9.115020e+01
    endloop
  endfacet
  facet normal 0.000000e+00 9.781476e-01 -2.079117e-01
    outer loop
      vertex   1.500000e+00 1.403846e+02 -9.115020e+01
      vertex   5.000000e-01 1.402651e+02 -9.171255e+01
      vertex   5.000000e-01 1.403846e+02 -9.115020e+01
    endloop
  endfacet
  facet normal 0.000000e+00 9.135455e-01 -4.067366e-01
    outer loop
      vertex   1.500000e+00 1.403846e+02 -9.115020e+01
      vertex   5.000000e-01 1.403846e+02 -9.115020e+01
      vertex   1.500000e+00 1.406184e+02 -9.062500e+01
    endloop
  endfacet
  facet normal -5.780075e-15 9.135455e-01 -4.067366e-01
    outer loop
      vertex   1.500000e+00 1.406184e+02 -9.062500e+01
      vertex   5.000000e-01 1.403846e+02 -9.115020e+01
      vertex   5.000000e-01 1.406184e+02 -9.062500e+01
    endloop
  endfacet
  facet normal -8.352931e-15 8.090170e-01 -5.877853e-01
    outer loop
      vertex   1.500000e+00 1.406184e+02 -9.062500e+01
      vertex   5.000000e-01 1.406184e+02 -9.062500e+01
      vertex   1.500000e+00 1.409564e+02 -9.015989e+01
    endloop
  endfacet
  facet normal 0.000000e+00 8.090170e-01 -5.877853e-01
    outer loop
      vertex   1.500000e+00 1.409564e+02 -9.015989e+01
      vertex   5.000000e-01 1.406184e+02 -9.062500e+01
      vertex   5.000000e-01 1.409564e+02 -9.015989e+01
    endloop
  endfacet
  facet normal 0.000000e+00 6.691306e-01 -7.431448e-01
    outer loop
      vertex   1.500000e+00 1.409564e+02 -9.015989e+01
      vertex   5.000000e-01 1.409564e+02 -9.015989e+01
      vertex   1.500000e+00 1.413836e+02 -8.977520e+01
    endloop
  endfacet
  facet normal 0.000000e+00 6.691306e-01 -7.431448e-01
    outer loop
      vertex   1.500000e+00 1.413836e+02 -8.977520e+01
      vertex   5.000000e-01 1.409564e+02 -9.015989e+01
      vertex   5.000000e-01 1.413836e+02 -8.977520e+01
    endloop
  endfacet
  facet normal 0.000000e+00 5.000000e-01 -8.660254e-01
    outer loop
      vertex   1.500000e+00 1.413836e+02 -8.977520e+01
      vertex   5.000000e-01 1.413836e+02 -8.977520e+01
      vertex   1.500000e+00 1.418815e+02 -8.948775e+01
    endloop
  endfacet
  facet normal 0.000000e+00 5.000000e-01 -8.660254e-01
    outer loop
      vertex   1.500000e+00 1.418815e+02 -8.948775e+01
      vertex   5.000000e-01 1.413836e+02 -8.977520e+01
      vertex   5.000000e-01 1.418815e+02 -8.948775e+01
    endloop
  endfacet
  facet normal 0.000000e+00 3.090170e-01 -9.510565e-01
    outer loop
      vertex   1.500000e+00 1.418815e+02 -8.948775e+01
      vertex   5.000000e-01 1.418815e+02 -8.948775e+01
      vertex   1.500000e+00 1.424282e+02 -8.931010e+01
    endloop
  endfacet
  facet normal 0.000000e+00 3.090170e-01 -9.510565e-01
    outer loop
      vertex   1.500000e+00 1.424282e+02 -8.931010e+01
      vertex   5.000000e-01 1.418815e+02 -8.948775e+01
      vertex   5.000000e-01 1.424282e+02 -8.931010e+01
    endloop
  endfacet
  facet normal 0.000000e+00 -1.000000e+00 0.000000e+00
    outer loop
      vertex   5.000000e-01 1.380000e+02 -8.700000e+01
      vertex   5.000000e-01 1.380000e+02 -9.700000e+01
      vertex   1.500000e+00 1.380000e+02 -8.700000e+01
    endloop
  endfacet
  facet normal 0.000000e+00 -1.000000e+00 -0.000000e+00
    outer loop
      vertex   1.500000e+00 1.380000e+02 -8.700000e+01
      vertex   5.000000e-01 1.380000e+02 -9.700000e+01
      vertex   1.500000e+00 1.380000e+02 -9.700000e+01
    endloop
  endfacet
  facet normal -0.000000e+00 0.000000e+00 1.000000e+00
    outer loop
      vertex   5.000000e-01 1.480000e+02 -8.700000e+01
      vertex   5.000000e-01 1.380000e+02 -8.700000e+01
      vertex   1.500000e+00 1.480000e+02 -8.700000e+01
    endloop
  endfacet
  facet normal 0.000000e+00 0.000000e+00 1.000000e+00
    outer loop
      vertex   1.500000e+00 1.480000e+02 -8.700000e+01
      vertex   5.000000e-01 1.380000e+02 -8.700000e+01
      vertex   1.500000e+00 1.380000e+02 -8.700000e+01
    endloop
  endfacet
  facet normal 0.000000e+00 1.000000e+00 0.000000e+00
    outer loop
      vertex   5.000000e-01 1.480000e+02 -9.700000e+01
      vertex   5.000000e-01 1.480000e+02 -8.700000e+01
      vertex   1.500000e+00 1.480000e+02 -9.700000e+01
    endloop
  endfacet
  facet normal 0.000000e+00 1.000000e+00 -0.000000e+00
    outer loop
      vertex   1.500000e+00 1.480000e+02 -9.700000e+01
      vertex   5.000000e-01 1.480000e+02 -8.700000e+01
      vertex   1.500000e+00 1.480000e+02 -8.700000e+01
    endloop
  endfacet
  facet normal 0.000000e+00 0.000000e+00 -1.000000e+00
    outer loop
      vertex   5.000000e-01 1.380000e+02 -9.700000e+01
      vertex   5.000000e-01 1.480000e+02 -9.700000e+01
      vertex   1.500000e+00 1.380000e+02 -9.700000e+01
    endloop
  endfacet
  facet normal 0.000000e+00 0.000000e+00 -1.000000e+00
    outer loop
      vertex   1.500000e+00 1.380000e+02 -9.700000e+01
      vertex   5.000000e-01 1.480000e+02 -9.700000e+01
      vertex   1.500000e+00 1.480000e+02 -9.700000e+01
    endloop
  endfacet
  facet normal 1.000000e+00 0.000000e+00 -0.000000e+00
    outer loop
      vertex   1.500000e+00 1.435718e+02 -8.931010e+01
      vertex   1.500000e+00 1.480000e+02 -8.700000e+01
      vertex   1.500000e+00 1.430000e+02 -8.925000e+01
    endloop
  endfacet
  facet normal 1.000000e+00 0.000000e+00 -0.000000e+00
    outer loop
      vertex   1.500000e+00 1.430000e+02 -8.925000e+01
      vertex   1.500000e+00 1.480000e+02 -8.700000e+01
      vertex   1.500000e+00 1.380000e+02 -8.700000e+01
    endloop
  endfacet
  facet normal 1.000000e+00 0.000000e+00 0.000000e+00
    outer loop
      vertex   1.500000e+00 1.430000e+02 -8.925000e+01
      vertex   1.500000e+00 1.380000e+02 -8.700000e+01
      vertex   1.500000e+00 1.424282e+02 -8.931010e+01
    endloop
  endfacet
  facet normal 1.000000e+00 0.000000e+00 0.000000e+00
    outer loop
      vertex   1.500000e+00 1.424282e+02 -8.931010e+01
      vertex   1.500000e+00 1.380000e+02 -8.700000e+01
      vertex   1.500000e+00 1.418815e+02 -8.948775e+01
    endloop
  endfacet
  facet normal 1.000000e+00 0.000000e+00 0.000000e+00
    outer loop
      vertex   1.500000e+00 1.418815e+02 -8.948775e+01
      vertex   1.500000e+00 1.380000e+02 -8.700000e+01
      vertex   1.500000e+00 1.413836e+02 -8.977520e+01
    endloop
  endfacet
  facet normal 1.000000e+00 0.000000e+00 0.000000e+00
    outer loop
      vertex   1.500000e+00 1.413836e+02 -8.977520e+01
      vertex   1.500000e+00 1.380000e+02 -8.700000e+01
      vertex   1.500000e+00 1.409564e+02 -9.015989e+01
    endloop
  endfacet
  facet normal 1.000000e+00 0.000000e+00 0.000000e+00
    outer loop
      vertex   1.500000e+00 1.409564e+02 -9.015989e+01
      vertex   1.500000e+00 1.380000e+02 -8.700000e+01
      vertex   1.500000e+00 1.406184e+02 -9.062500e+01
    endloop
  endfacet
  facet normal 1.000000e+00 0.000000e+00 0.000000e+00
    outer loop
      vertex   1.500000e+00 1.406184e+02 -9.062500e+01
      vertex   1.500000e+00 1.380000e+02 -8.700000e+01
      vertex   1.500000e+00 1.403846e+02 -9.115020e+01
    endloop
  endfacet
  facet normal 1.000000e+00 0.000000e+00 0.000000e+00
    outer loop
      vertex   1.500000e+00 1.403846e+02 -9.115020e+01
      vertex   1.500000e+00 1.380000e+02 -8.700000e+01
      vertex   1.500000e+00 1.402651e+02 -9.171255e+01
    endloop
  endfacet
  facet normal 1.000000e+00 0.000000e+00 0.000000e+00
    outer loop
      vertex   1.500000e+00 1.402651e+02 -9.171255e+01
      vertex   1.500000e+00 1.380000e+02 -8.700000e+01
      vertex   1.500000e+00 1.380000e+02 -9.700000e+01
    endloop
  endfacet
  facet normal 1.000000e+00 0.000000e+00 0.000000e+00
    outer loop
      vertex   1.500000e+00 1.402651e+02 -9.171255e+01
      vertex   1.500000e+00 1.380000e+02 -9.700000e+01
      vertex   1.500000e+00 1.402651e+02 -9.228745e+01
    endloop
  endfacet
  facet normal 1.000000e+00 0.000000e+00 0.000000e+00
    outer loop
      vertex   1.500000e+00 1.402651e+02 -9.228745e+01
      vertex   1.500000e+00 1.380000e+02 -9.700000e+01
      vertex   1.500000e+00 1.403846e+02 -9.284980e+01
    endloop
  endfacet
  facet normal 1.000000e+00 0.000000e+00 0.000000e+00
    outer loop
      vertex   1.500000e+00 1.403846e+02 -9.284980e+01
      vertex   1.500000e+00 1.380000e+02 -9.700000e+01
      vertex   1.500000e+00 1.406184e+02 -9.337500e+01
    endloop
  endfacet
  facet normal 1.000000e+00 0.000000e+00 0.000000e+00
    outer loop
      vertex   1.500000e+00 1.406184e+02 -9.337500e+01
      vertex   1.500000e+00 1.380000e+02 -9.700000e+01
      vertex   1.500000e+00 1.409564e+02 -9.384011e+01
    endloop
  endfacet
  facet normal 1.000000e+00 0.000000e+00 0.000000e+00
    outer loop
      vertex   1.500000e+00 1.409564e+02 -9.384011e+01
      vertex   1.500000e+00 1.380000e+02 -9.700000e+01
      vertex   1.500000e+00 1.413836e+02 -9.422480e+01
    endloop
  endfacet
  facet normal 1.000000e+00 0.000000e+00 0.000000e+00
    outer loop
      vertex   1.500000e+00 1.413836e+02 -9.422480e+01
      vertex   1.500000e+00 1.380000e+02 -9.700000e+01
      vertex   1.500000e+00 1.418815e+02 -9.451225e+01
    endloop
  endfacet
  facet normal 1.000000e+00 0.000000e+00 0.000000e+00
    outer loop
      vertex   1.500000e+00 1.418815e+02 -9.451225e+01
      vertex   1.500000e+00 1.380000e+02 -9.700000e+01
      vertex   1.500000e+00 1.424282e+02 -9.468991e+01
    endloop
  endfacet
  facet normal 1.000000e+00 0.000000e+00 0.000000e+00
    outer loop
      vertex   1.500000e+00 1.424282e+02 -9.468991e+01
      vertex   1.500000e+00 1.380000e+02 -9.700000e+01
      vertex   1.500000e+00 1.430000e+02 -9.475000e+01
    endloop
  endfacet
  facet normal 1.000000e+00 0.000000e+00 0.000000e+00
    outer loop
      vertex   1.500000e+00 1.430000e+02 -9.475000e+01
      vertex   1.500000e+00 1.380000e+02 -9.700000e+01
      vertex   1.500000e+00 1.480000e+02 -9.700000e+01
    endloop
  endfacet
  facet normal 1.000000e+00 -0.000000e+00 0.000000e+00
    outer loop
      vertex   1.500000e+00 1.430000e+02 -9.475000e+01
      vertex   1.500000e+00 1.480000e+02 -9.700000e+01
      vertex   1.500000e+00 1.435718e+02 -9.468991e+01
    endloop
  endfacet
  facet normal 1.000000e+00 -0.000000e+00 0.000000e+00
    outer loop
      vertex   1.500000e+00 1.435718e+02 -9.468991e+01
      vertex   1.500000e+00 1.480000e+02 -9.700000e+01
      vertex   1.500000e+00 1.441185e+02 -9.451225e+01
    endloop
  endfacet
  facet normal 1.000000e+00 -0.000000e+00 0.000000e+00
    outer loop
      vertex   1.500000e+00 1.441185e+02 -9.451225e+01
      vertex   1.500000e+00 1.480000e+02 -9.700000e+01
      vertex   1.500000e+00 1.446164e+02 -9.422480e+01
    endloop
  endfacet
  facet normal 1.000000e+00 -0.000000e+00 0.000000e+00
    outer loop
      vertex   1.500000e+00 1.446164e+02 -9.422480e+01
      vertex   1.500000e+00 1.480000e+02 -9.700000e+01
      vertex   1.500000e+00 1.450437e+02 -9.384011e+01
    endloop
  endfacet
  facet normal 1.000000e+00 -0.000000e+00 0.000000e+00
    outer loop
      vertex   1.500000e+00 1.450437e+02 -9.384011e+01
      vertex   1.500000e+00 1.480000e+02 -9.700000e+01
      vertex   1.500000e+00 1.453816e+02 -9.337500e+01
    endloop
  endfacet
  facet normal 1.000000e+00 -0.000000e+00 0.000000e+00
    outer loop
      vertex   1.500000e+00 1.453816e+02 -9.337500e+01
      vertex   1.500000e+00 1.480000e+02 -9.700000e+01
      vertex   1.500000e+00 1.456154e+02 -9.284980e+01
    endloop
  endfacet
  facet normal 1.000000e+00 -0.000000e+00 0.000000e+00
    outer loop
      vertex   1.500000e+00 1.456154e+02 -9.284980e+01
      vertex   1.500000e+00 1.480000e+02 -9.700000e+01
      vertex   1.500000e+00 1.457349e+02 -9.228745e+01
    endloop
  endfacet
  facet normal 1.000000e+00 -0.000000e+00 0.000000e+00
    outer loop
      vertex   1.500000e+00 1.457349e+02 -9.228745e+01
      vertex   1.500000e+00 1.480000e+02 -9.700000e+01
      vertex   1.500000e+00 1.480000e+02 -8.700000e+01
    endloop
  endfacet
  facet normal 1.000000e+00 0.000000e+00 0.000000e+00
    outer loop
      vertex   1.500000e+00 1.457349e+02 -9.228745e+01
      vertex   1.500000e+00 1.480000e+02 -8.700000e+01
      vertex   1.500000e+00 1.457349e+02 -9.171255e+01
    endloop
  endfacet
  facet normal 1.000000e+00 0.000000e+00 -0.000000e+00
    outer loop
      vertex   1.500000e+00 1.457349e+02 -9.171255e+01
      vertex   1.500000e+00 1.480000e+02 -8.700000e+01
      vertex   1.500000e+00 1.456154e+02 -9.115020e+01
    endloop
  endfacet
  facet normal 1.000000e+00 0.000000e+00 -0.000000e+00
    outer loop
      vertex   1.500000e+00 1.456154e+02 -9.115020e+01
      vertex   1.500000e+00 1.480000e+02 -8.700000e+01
      vertex   1.500000e+00 1.453816e+02 -9.062500e+01
    endloop
  endfacet
  facet normal 1.000000e+00 0.000000e+00 -0.000000e+00
    outer loop
      vertex   1.500000e+00 1.453816e+02 -9.062500e+01
      vertex   1.500000e+00 1.480000e+02 -8.700000e+01
      vertex   1.500000e+00 1.450437e+02 -9.015989e+01
    endloop
  endfacet
  facet normal 1.000000e+00 0.000000e+00 -0.000000e+00
    outer loop
      vertex   1.500000e+00 1.450437e+02 -9.015989e+01
      vertex   1.500000e+00 1.480000e+02 -8.700000e+01
      vertex   1.500000e+00 1.446164e+02 -8.977520e+01
    endloop
  endfacet
  facet normal 1.000000e+00 0.000000e+00 -0.000000e+00
    outer loop
      vertex   1.500000e+00 1.446164e+02 -8.977520e+01
      vertex   1.500000e+00 1.480000e+02 -8.700000e+01
      vertex   1.500000e+00 1.441185e+02 -8.948775e+01
    endloop
  endfacet
  facet normal 1.000000e+00 0.000000e+00 -0.000000e+00
    outer loop
      vertex   1.500000e+00 1.441185e+02 -8.948775e+01
      vertex   1.500000e+00 1.480000e+02 -8.700000e+01
      vertex   1.500000e+00 1.435718e+02 -8.931010e+01
    endloop
  endfacet
  facet normal 1.000000e+00 -0.000000e+00 0.000000e+00
    outer loop
      vertex   5.000000e-01 9.442824e+01 -1.531009e+01
      vertex   5.000000e-01 9.442824e+01 -2.068991e+01
      vertex   5.000000e-01 9.500000e+01 -1.525000e+01
    endloop
  endfacet
  facet normal 1.000000e+00 0.000000e+00 0.000000e+00
    outer loop
      vertex   5.000000e-01 9.500000e+01 -1.525000e+01
      vertex   5.000000e-01 9.442824e+01 -2.068991e+01
      vertex   5.000000e-01 9.500000e+01 -2.075000e+01
    endloop
  endfacet
  facet normal 1.000000e+00 0.000000e+00 0.000000e+00
    outer loop
      vertex   5.000000e-01 9.500000e+01 -1.525000e+01
      vertex   5.000000e-01 9.500000e+01 -2.075000e+01
      vertex   5.000000e-01 9.557176e+01 -1.531009e+01
    endloop
  endfacet
  facet normal 1.000000e+00 0.000000e+00 0.000000e+00
    outer loop
      vertex   5.000000e-01 9.557176e+01 -1.531009e+01
      vertex   5.000000e-01 9.500000e+01 -2.075000e+01
      vertex   5.000000e-01 9.557176e+01 -2.068991e+01
    endloop
  endfacet
  facet normal 1.000000e+00 0.000000e+00 0.000000e+00
    outer loop
      vertex   5.000000e-01 9.557176e+01 -1.531009e+01
      vertex   5.000000e-01 9.557176e+01 -2.068991e+01
      vertex   5.000000e-01 9.611853e+01 -1.548775e+01
    endloop
  endfacet
  facet normal 1.000000e+00 0.000000e+00 0.000000e+00
    outer loop
      vertex   5.000000e-01 9.611853e+01 -1.548775e+01
      vertex   5.000000e-01 9.557176e+01 -2.068991e+01
      vertex   5.000000e-01 9.611853e+01 -2.051225e+01
    endloop
  endfacet
  facet normal 1.000000e+00 0.000000e+00 0.000000e+00
    outer loop
      vertex   5.000000e-01 9.611853e+01 -1.548775e+01
      vertex   5.000000e-01 9.611853e+01 -2.051225e+01
      vertex   5.000000e-01 9.661641e+01 -1.577520e+01
    endloop
  endfacet
  facet normal 1.000000e+00 0.000000e+00 0.000000e+00
    outer loop
      vertex   5.000000e-01 9.661641e+01 -1.577520e+01
      vertex   5.000000e-01 9.611853e+01 -2.051225e+01
      vertex   5.000000e-01 9.661641e+01 -2.022480e+01
    endloop
  endfacet
  facet normal 1.000000e+00 0.000000e+00 0.000000e+00
    outer loop
      vertex   5.000000e-01 9.661641e+01 -1.577520e+01
      vertex   5.000000e-01 9.661641e+01 -2.022480e+01
      vertex   5.000000e-01 9.704365e+01 -1.615989e+01
    endloop
  endfacet
  facet normal 1.000000e+00 0.000000e+00 0.000000e+00
    outer loop
      vertex   5.000000e-01 9.704365e+01 -1.615989e+01
      vertex   5.000000e-01 9.661641e+01 -2.022480e+01
      vertex   5.000000e-01 9.704365e+01 -1.984011e+01
    endloop
  endfacet
  facet normal 1.000000e+00 0.000000e+00 0.000000e+00
    outer loop
      vertex   5.000000e-01 9.704365e+01 -1.615989e+01
      vertex   5.000000e-01 9.704365e+01 -1.984011e+01
      vertex   5.000000e-01 9.738157e+01 -1.662500e+01
    endloop
  endfacet
  facet normal 1.000000e+00 0.000000e+00 0.000000e+00
    outer loop
      vertex   5.000000e-01 9.738157e+01 -1.662500e+01
      vertex   5.000000e-01 9.704365e+01 -1.984011e+01
      vertex   5.000000e-01 9.738157e+01 -1.937500e+01
    endloop
  endfacet
  facet normal 1.000000e+00 0.000000e+00 0.000000e+00
    outer loop
      vertex   5.000000e-01 9.738157e+01 -1.662500e+01
      vertex   5.000000e-01 9.738157e+01 -1.937500e+01
      vertex   5.000000e-01 9.761541e+01 -1.715020e+01
    endloop
  endfacet
  facet normal 1.000000e+00 0.000000e+00 0.000000e+00
    outer loop
      vertex   5.000000e-01 9.761541e+01 -1.715020e+01
      vertex   5.000000e-01 9.738157e+01 -1.937500e+01
      vertex   5.000000e-01 9.761541e+01 -1.884980e+01
    endloop
  endfacet
  facet normal 1.000000e+00 0.000000e+00 0.000000e+00
    outer loop
      vertex   5.000000e-01 9.761541e+01 -1.715020e+01
      vertex   5.000000e-01 9.761541e+01 -1.884980e+01
      vertex   5.000000e-01 9.773494e+01 -1.771255e+01
    endloop
  endfacet
  facet normal 1.000000e+00 0.000000e+00 0.000000e+00
    outer loop
      vertex   5.000000e-01 9.773494e+01 -1.771255e+01
      vertex   5.000000e-01 9.761541e+01 -1.884980e+01
      vertex   5.000000e-01 9.773494e+01 -1.828745e+01
    endloop
  endfacet
  facet normal 1.000000e+00 0.000000e+00 -0.000000e+00
    outer loop
      vertex   5.000000e-01 9.442824e+01 -2.068991e+01
      vertex   5.000000e-01 9.442824e+01 -1.531009e+01
      vertex   5.000000e-01 9.388148e+01 -2.051225e+01
    endloop
  endfacet
  facet normal 1.000000e+00 0.000000e+00 0.000000e+00
    outer loop
      vertex   5.000000e-01 9.388148e+01 -2.051225e+01
      vertex   5.000000e-01 9.442824e+01 -1.531009e+01
      vertex   5.000000e-01 9.388148e+01 -1.548775e+01
    endloop
  endfacet
  facet normal 1.000000e+00 0.000000e+00 -0.000000e+00
    outer loop
      vertex   5.000000e-01 9.388148e+01 -2.051225e+01
      vertex   5.000000e-01 9.388148e+01 -1.548775e+01
      vertex   5.000000e-01 9.338359e+01 -2.022480e+01
    endloop
  endfacet
  facet normal 1.000000e+00 0.000000e+00 0.000000e+00
    outer loop
      vertex   5.000000e-01 9.338359e+01 -2.022480e+01
      vertex   5.000000e-01 9.388148e+01 -1.548775e+01
      vertex   5.000000e-01 9.338359e+01 -1.577520e+01
    endloop
  endfacet
  facet normal 1.000000e+00 0.000000e+00 -0.000000e+00
    outer loop
      vertex   5.000000e-01 9.338359e+01 -2.022480e+01
      vertex   5.000000e-01 9.338359e+01 -1.577520e+01
      vertex   5.000000e-01 9.295635e+01 -1.984011e+01
    endloop
  endfacet
  facet normal 1.000000e+00 0.000000e+00 0.000000e+00
    outer loop
      vertex   5.000000e-01 9.295635e+01 -1.984011e+01
      vertex   5.000000e-01 9.338359e+01 -1.577520e+01
      vertex   5.000000e-01 9.295635e+01 -1.615989e+01
    endloop
  endfacet
  facet normal 1.000000e+00 0.000000e+00 -0.000000e+00
    outer loop
      vertex   5.000000e-01 9.295635e+01 -1.984011e+01
      vertex   5.000000e-01 9.295635e+01 -1.615989e+01
      vertex   5.000000e-01 9.261843e+01 -1.937500e+01
    endloop
  endfacet
  facet normal 1.000000e+00 0.000000e+00 0.000000e+00
    outer loop
      vertex   5.000000e-01 9.261843e+01 -1.937500e+01
      vertex   5.000000e-01 9.295635e+01 -1.615989e+01
      vertex   5.000000e-01 9.261843e+01 -1.662500e+01
    endloop
  endfacet
  facet normal 1.000000e+00 0.000000e+00 -0.000000e+00
    outer loop
      vertex   5.000000e-01 9.261843e+01 -1.937500e+01
      vertex   5.000000e-01 9.261843e+01 -1.662500e+01
      vertex   5.000000e-01 9.238460e+01 -1.884980e+01
    endloop
  endfacet
  facet normal 1.000000e+00 0.000000e+00 0.000000e+00
    outer loop
      vertex   5.000000e-01 9.238460e+01 -1.884980e+01
      vertex   5.000000e-01 9.261843e+01 -1.662500e+01
      vertex   5.000000e-01 9.238460e+01 -1.715020e+01
    endloop
  endfacet
  facet normal 1.000000e+00 0.000000e+00 -0.000000e+00
    outer loop
      vertex   5.000000e-01 9.238460e+01 -1.884980e+01
      vertex   5.000000e-01 9.238460e+01 -1.715020e+01
      vertex   5.000000e-01 9.226507e+01 -1.828745e+01
    endloop
  endfacet
  facet normal 1.000000e+00 0.000000e+00 0.000000e+00
    outer loop
      vertex   5.000000e-01 9.226507e+01 -1.828745e+01
      vertex   5.000000e-01 9.238460e+01 -1.715020e+01
      vertex   5.000000e-01 9.226507e+01 -1.771255e+01
    endloop
  endfacet
  facet normal 0.000000e+00 1.045285e-01 -9.945219e-01
    outer loop
      vertex   1.500000e+00 1.424282e+02 -7.131010e+01
      vertex   5.000000e-01 1.424282e+02 -7.131010e+01
      vertex   1.500000e+00 1.430000e+02 -7.125000e+01
    endloop
  endfacet
  facet normal 0.000000e+00 1.045285e-01 -9.945219e-01
    outer loop
      vertex   1.500000e+00 1.430000e+02 -7.125000e+01
      vertex   5.000000e-01 1.424282e+02 -7.131010e+01
      vertex   5.000000e-01 1.430000e+02 -7.125000e+01
    endloop
  endfacet
  facet normal -0.000000e+00 -1.045285e-01 -9.945219e-01
    outer loop
      vertex   1.500000e+00 1.430000e+02 -7.125000e+01
      vertex   5.000000e-01 1.430000e+02 -7.125000e+01
      vertex   1.500000e+00 1.435718e+02 -7.131010e+01
    endloop
  endfacet
  facet normal -0.000000e+00 -1.045285e-01 -9.945219e-01
    outer loop
      vertex   1.500000e+00 1.435718e+02 -7.131010e+01
      vertex   5.000000e-01 1.430000e+02 -7.125000e+01
      vertex   5.000000e-01 1.435718e+02 -7.131010e+01
    endloop
  endfacet
  facet normal -0.000000e+00 -3.090170e-01 -9.510565e-01
    outer loop
      vertex   1.500000e+00 1.435718e+02 -7.131010e+01
      vertex   5.000000e-01 1.435718e+02 -7.131010e+01
      vertex   1.500000e+00 1.441185e+02 -7.148775e+01
    endloop
  endfacet
  facet normal -0.000000e+00 -3.090170e-01 -9.510565e-01
    outer loop
      vertex   1.500000e+00 1.441185e+02 -7.148775e+01
      vertex   5.000000e-01 1.435718e+02 -7.131010e+01
      vertex   5.000000e-01 1.441185e+02 -7.148775e+01
    endloop
  endfacet
  facet normal -0.000000e+00 -5.000000e-01 -8.660254e-01
    outer loop
      vertex   1.500000e+00 1.441185e+02 -7.148775e+01
      vertex   5.000000e-01 1.441185e+02 -7.148775e+01
      vertex   1.500000e+00 1.446164e+02 -7.177520e+01
    endloop
  endfacet
  facet normal -0.000000e+00 -5.000000e-01 -8.660254e-01
    outer loop
      vertex   1.500000e+00 1.446164e+02 -7.177520e+01
      vertex   5.000000e-01 1.441185e+02 -7.148775e+01
      vertex   5.000000e-01 1.446164e+02 -7.177520e+01
    endloop
  endfacet
  facet normal -0.000000e+00 -6.691306e-01 -7.431448e-01
    outer loop
      vertex   1.500000e+00 1.446164e+02 -7.177520e+01
      vertex   5.000000e-01 1.446164e+02 -7.177520e+01
      vertex   1.500000e+00 1.450437e+02 -7.215989e+01
    endloop
  endfacet
  facet normal -0.000000e+00 -6.691306e-01 -7.431448e-01
    outer loop
      vertex   1.500000e+00 1.450437e+02 -7.215989e+01
      vertex   5.000000e-01 1.446164e+02 -7.177520e+01
      vertex   5.000000e-01 1.450437e+02 -7.215989e+01
    endloop
  endfacet
  facet normal -0.000000e+00 -8.090170e-01 -5.877853e-01
    outer loop
      vertex   1.500000e+00 1.450437e+02 -7.215989e+01
      vertex   5.000000e-01 1.450437e+02 -7.215989e+01
      vertex   1.500000e+00 1.453816e+02 -7.262500e+01
    endloop
  endfacet
  facet normal -0.000000e+00 -8.090170e-01 -5.877853e-01
    outer loop
      vertex   1.500000e+00 1.453816e+02 -7.262500e+01
      vertex   5.000000e-01 1.450437e+02 -7.215989e+01
      vertex   5.000000e-01 1.453816e+02 -7.262500e+01
    endloop
  endfacet
  facet normal -0.000000e+00 -9.135455e-01 -4.067366e-01
    outer loop
      vertex   1.500000e+00 1.453816e+02 -7.262500e+01
      vertex   5.000000e-01 1.453816e+02 -7.262500e+01
      vertex   1.500000e+00 1.456154e+02 -7.315020e+01
    endloop
  endfacet
  facet normal -0.000000e+00 -9.135455e-01 -4.067366e-01
    outer loop
      vertex   1.500000e+00 1.456154e+02 -7.315020e+01
      vertex   5.000000e-01 1.453816e+02 -7.262500e+01
      vertex   5.000000e-01 1.456154e+02 -7.315020e+01
    endloop
  endfacet
  facet normal -0.000000e+00 -9.781476e-01 -2.079117e-01
    outer loop
      vertex   1.500000e+00 1.456154e+02 -7.315020e+01
      vertex   5.000000e-01 1.456154e+02 -7.315020e+01
      vertex   1.500000e+00 1.457349e+02 -7.371255e+01
    endloop
  endfacet
  facet normal -0.000000e+00 -9.781476e-01 -2.079117e-01
    outer loop
      vertex   1.500000e+00 1.457349e+02 -7.371255e+01
      vertex   5.000000e-01 1.456154e+02 -7.315020e+01
      vertex   5.000000e-01 1.457349e+02 -7.371255e+01
    endloop
  endfacet
  facet normal -0.000000e+00 -1.000000e+00 -0.000000e+00
    outer loop
      vertex   1.500000e+00 1.457349e+02 -7.371255e+01
      vertex   5.000000e-01 1.457349e+02 -7.371255e+01
      vertex   1.500000e+00 1.457349e+02 -7.428745e+01
    endloop
  endfacet
  facet normal 0.000000e+00 -1.000000e+00 0.000000e+00
    outer loop
      vertex   1.500000e+00 1.457349e+02 -7.428745e+01
      vertex   5.000000e-01 1.457349e+02 -7.371255e+01
      vertex   5.000000e-01 1.457349e+02 -7.428745e+01
    endloop
  endfacet
  facet normal 0.000000e+00 -9.781476e-01 2.079117e-01
    outer loop
      vertex   1.500000e+00 1.457349e+02 -7.428745e+01
      vertex   5.000000e-01 1.457349e+02 -7.428745e+01
      vertex   1.500000e+00 1.456154e+02 -7.484980e+01
    endloop
  endfacet
  facet normal 0.000000e+00 -9.781476e-01 2.079117e-01
    outer loop
      vertex   1.500000e+00 1.456154e+02 -7.484980e+01
      vertex   5.000000e-01 1.457349e+02 -7.428745e+01
      vertex   5.000000e-01 1.456154e+02 -7.484980e+01
    endloop
  endfacet
  facet normal 0.000000e+00 -9.135455e-01 4.067366e-01
    outer loop
      vertex   1.500000e+00 1.456154e+02 -7.484980e+01
      vertex   5.000000e-01 1.456154e+02 -7.484980e+01
      vertex   1.500000e+00 1.453816e+02 -7.537500e+01
    endloop
  endfacet
  facet normal 0.000000e+00 -9.135455e-01 4.067366e-01
    outer loop
      vertex   1.500000e+00 1.453816e+02 -7.537500e+01
      vertex   5.000000e-01 1.456154e+02 -7.484980e+01
      vertex   5.000000e-01 1.453816e+02 -7.537500e+01
    endloop
  endfacet
  facet normal 0.000000e+00 -8.090170e-01 5.877853e-01
    outer loop
      vertex   1.500000e+00 1.453816e+02 -7.537500e+01
      vertex   5.000000e-01 1.453816e+02 -7.537500e+01
      vertex   1.500000e+00 1.450437e+02 -7.584011e+01
    endloop
  endfacet
  facet normal 0.000000e+00 -8.090170e-01 5.877853e-01
    outer loop
      vertex   1.500000e+00 1.450437e+02 -7.584011e+01
      vertex   5.000000e-01 1.453816e+02 -7.537500e+01
      vertex   5.000000e-01 1.450437e+02 -7.584011e+01
    endloop
  endfacet
  facet normal 0.000000e+00 -6.691306e-01 7.431448e-01
    outer loop
      vertex   1.500000e+00 1.450437e+02 -7.584011e+01
      vertex   5.000000e-01 1.450437e+02 -7.584011e+01
      vertex   1.500000e+00 1.446164e+02 -7.622480e+01
    endloop
  endfacet
  facet normal 0.000000e+00 -6.691306e-01 7.431448e-01
    outer loop
      vertex   1.500000e+00 1.446164e+02 -7.622480e+01
      vertex   5.000000e-01 1.450437e+02 -7.584011e+01
      vertex   5.000000e-01 1.446164e+02 -7.622480e+01
    endloop
  endfacet
  facet normal 0.000000e+00 -5.000000e-01 8.660254e-01
    outer loop
      vertex   1.500000e+00 1.446164e+02 -7.622480e+01
      vertex   5.000000e-01 1.446164e+02 -7.622480e+01
      vertex   1.500000e+00 1.441185e+02 -7.651225e+01
    endloop
  endfacet
  facet normal 0.000000e+00 -5.000000e-01 8.660254e-01
    outer loop
      vertex   1.500000e+00 1.441185e+02 -7.651225e+01
      vertex   5.000000e-01 1.446164e+02 -7.622480e+01
      vertex   5.000000e-01 1.441185e+02 -7.651225e+01
    endloop
  endfacet
  facet normal 0.000000e+00 -3.090170e-01 9.510565e-01
    outer loop
      vertex   1.500000e+00 1.441185e+02 -7.651225e+01
      vertex   5.000000e-01 1.441185e+02 -7.651225e+01
      vertex   1.500000e+00 1.435718e+02 -7.668991e+01
    endloop
  endfacet
  facet normal 0.000000e+00 -3.090170e-01 9.510565e-01
    outer loop
      vertex   1.500000e+00 1.435718e+02 -7.668991e+01
      vertex   5.000000e-01 1.441185e+02 -7.651225e+01
      vertex   5.000000e-01 1.435718e+02 -7.668991e+01
    endloop
  endfacet
  facet normal 0.000000e+00 -1.045285e-01 9.945219e-01
    outer loop
      vertex   1.500000e+00 1.435718e+02 -7.668991e+01
      vertex   5.000000e-01 1.435718e+02 -7.668991e+01
      vertex   1.500000e+00 1.430000e+02 -7.675000e+01
    endloop
  endfacet
  facet normal 0.000000e+00 -1.045285e-01 9.945219e-01
    outer loop
      vertex   1.500000e+00 1.430000e+02 -7.675000e+01
      vertex   5.000000e-01 1.435718e+02 -7.668991e+01
      vertex   5.000000e-01 1.430000e+02 -7.675000e+01
    endloop
  endfacet
  facet normal 0.000000e+00 1.045285e-01 9.945219e-01
    outer loop
      vertex   1.500000e+00 1.430000e+02 -7.675000e+01
      vertex   5.000000e-01 1.430000e+02 -7.675000e+01
      vertex   1.500000e+00 1.424282e+02 -7.668991e+01
    endloop
  endfacet
  facet normal 0.000000e+00 1.045285e-01 9.945219e-01
    outer loop
      vertex   1.500000e+00 1.424282e+02 -7.668991e+01
      vertex   5.000000e-01 1.430000e+02 -7.675000e+01
      vertex   5.000000e-01 1.424282e+02 -7.668991e+01
    endloop
  endfacet
  facet normal 0.000000e+00 3.090170e-01 9.510565e-01
    outer loop
      vertex   1.500000e+00 1.424282e+02 -7.668991e+01
      vertex   5.000000e-01 1.424282e+02 -7.668991e+01
      vertex   1.500000e+00 1.418815e+02 -7.651225e+01
    endloop
  endfacet
  facet normal 0.000000e+00 3.090170e-01 9.510565e-01
    outer loop
      vertex   1.500000e+00 1.418815e+02 -7.651225e+01
      vertex   5.000000e-01 1.424282e+02 -7.668991e+01
      vertex   5.000000e-01 1.418815e+02 -7.651225e+01
    endloop
  endfacet
  facet normal 0.000000e+00 5.000000e-01 8.660254e-01
    outer loop
      vertex   1.500000e+00 1.418815e+02 -7.651225e+01
      vertex   5.000000e-01 1.418815e+02 -7.651225e+01
      vertex   1.500000e+00 1.413836e+02 -7.622480e+01
    endloop
  endfacet
  facet normal 0.000000e+00 5.000000e-01 8.660254e-01
    outer loop
      vertex   1.500000e+00 1.413836e+02 -7.622480e+01
      vertex   5.000000e-01 1.418815e+02 -7.651225e+01
      vertex   5.000000e-01 1.413836e+02 -7.622480e+01
    endloop
  endfacet
  facet normal 0.000000e+00 6.691306e-01 7.431448e-01
    outer loop
      vertex   1.500000e+00 1.413836e+02 -7.622480e+01
      vertex   5.000000e-01 1.413836e+02 -7.622480e+01
      vertex   1.500000e+00 1.409564e+02 -7.584011e+01
    endloop
  endfacet
  facet normal 0.000000e+00 6.691306e-01 7.431448e-01
    outer loop
      vertex   1.500000e+00 1.409564e+02 -7.584011e+01
      vertex   5.000000e-01 1.413836e+02 -7.622480e+01
      vertex   5.000000e-01 1.409564e+02 -7.584011e+01
    endloop
  endfacet
  facet normal 0.000000e+00 8.090170e-01 5.877853e-01
    outer loop
      vertex   1.500000e+00 1.409564e+02 -7.584011e+01
      vertex   5.000000e-01 1.409564e+02 -7.584011e+01
      vertex   1.500000e+00 1.406184e+02 -7.537500e+01
    endloop
  endfacet
  facet normal 0.000000e+00 8.090170e-01 5.877853e-01
    outer loop
      vertex   1.500000e+00 1.406184e+02 -7.537500e+01
      vertex   5.000000e-01 1.409564e+02 -7.584011e+01
      vertex   5.000000e-01 1.406184e+02 -7.537500e+01
    endloop
  endfacet
  facet normal 0.000000e+00 9.135455e-01 4.067366e-01
    outer loop
      vertex   1.500000e+00 1.406184e+02 -7.537500e+01
      vertex   5.000000e-01 1.406184e+02 -7.537500e+01
      vertex   1.500000e+00 1.403846e+02 -7.484980e+01
    endloop
  endfacet
  facet normal 0.000000e+00 9.135455e-01 4.067366e-01
    outer loop
      vertex   1.500000e+00 1.403846e+02 -7.484980e+01
      vertex   5.000000e-01 1.406184e+02 -7.537500e+01
      vertex   5.000000e-01 1.403846e+02 -7.484980e+01
    endloop
  endfacet
  facet normal 0.000000e+00 9.781476e-01 2.079117e-01
    outer loop
      vertex   1.500000e+00 1.403846e+02 -7.484980e+01
      vertex   5.000000e-01 1.403846e+02 -7.484980e+01
      vertex   1.500000e+00 1.402651e+02 -7.428745e+01
    endloop
  endfacet
  facet normal 0.000000e+00 9.781476e-01 2.079117e-01
    outer loop
      vertex   1.500000e+00 1.402651e+02 -7.428745e+01
      vertex   5.000000e-01 1.403846e+02 -7.484980e+01
      vertex   5.000000e-01 1.402651e+02 -7.428745e+01
    endloop
  endfacet
  facet normal 0.000000e+00 1.000000e+00 -0.000000e+00
    outer loop
      vertex   1.500000e+00 1.402651e+02 -7.428745e+01
      vertex   5.000000e-01 1.402651e+02 -7.428745e+01
      vertex   1.500000e+00 1.402651e+02 -7.371255e+01
    endloop
  endfacet
  facet normal 0.000000e+00 1.000000e+00 0.000000e+00
    outer loop
      vertex   1.500000e+00 1.402651e+02 -7.371255e+01
      vertex   5.000000e-01 1.402651e+02 -7.428745e+01
      vertex   5.000000e-01 1.402651e+02 -7.371255e+01
    endloop
  endfacet
  facet normal 0.000000e+00 9.781476e-01 -2.079117e-01
    outer loop
      vertex   1.500000e+00 1.402651e+02 -7.371255e+01
      vertex   5.000000e-01 1.402651e+02 -7.371255e+01
      vertex   1.500000e+00 1.403846e+02 -7.315020e+01
    endloop
  endfacet
  facet normal 0.000000e+00 9.781476e-01 -2.079117e-01
    outer loop
      vertex   1.500000e+00 1.403846e+02 -7.315020e+01
      vertex   5.000000e-01 1.402651e+02 -7.371255e+01
      vertex   5.000000e-01 1.403846e+02 -7.315020e+01
    endloop
  endfacet
  facet normal 0.000000e+00 9.135455e-01 -4.067366e-01
    outer loop
      vertex   1.500000e+00 1.403846e+02 -7.315020e+01
      vertex   5.000000e-01 1.403846e+02 -7.315020e+01
      vertex   1.500000e+00 1.406184e+02 -7.262500e+01
    endloop
  endfacet
  facet normal 0.000000e+00 9.135455e-01 -4.067366e-01
    outer loop
      vertex   1.500000e+00 1.406184e+02 -7.262500e+01
      vertex   5.000000e-01 1.403846e+02 -7.315020e+01
      vertex   5.000000e-01 1.406184e+02 -7.262500e+01
    endloop
  endfacet
  facet normal 0.000000e+00 8.090170e-01 -5.877853e-01
    outer loop
      vertex   1.500000e+00 1.406184e+02 -7.262500e+01
      vertex   5.000000e-01 1.406184e+02 -7.262500e+01
      vertex   1.500000e+00 1.409564e+02 -7.215989e+01
    endloop
  endfacet
  facet normal 0.000000e+00 8.090170e-01 -5.877853e-01
    outer loop
      vertex   1.500000e+00 1.409564e+02 -7.215989e+01
      vertex   5.000000e-01 1.406184e+02 -7.262500e+01
      vertex   5.000000e-01 1.409564e+02 -7.215989e+01
    endloop
  endfacet
  facet normal 0.000000e+00 6.691306e-01 -7.431448e-01
    outer loop
      vertex   1.500000e+00 1.409564e+02 -7.215989e+01
      vertex   5.000000e-01 1.409564e+02 -7.215989e+01
      vertex   1.500000e+00 1.413836e+02 -7.177520e+01
    endloop
  endfacet
  facet normal 0.000000e+00 6.691306e-01 -7.431448e-01
    outer loop
      vertex   1.500000e+00 1.413836e+02 -7.177520e+01
      vertex   5.000000e-01 1.409564e+02 -7.215989e+01
      vertex   5.000000e-01 1.413836e+02 -7.177520e+01
    endloop
  endfacet
  facet normal 0.000000e+00 5.000000e-01 -8.660254e-01
    outer loop
      vertex   1.500000e+00 1.413836e+02 -7.177520e+01
      vertex   5.000000e-01 1.413836e+02 -7.177520e+01
      vertex   1.500000e+00 1.418815e+02 -7.148775e+01
    endloop
  endfacet
  facet normal 0.000000e+00 5.000000e-01 -8.660254e-01
    outer loop
      vertex   1.500000e+00 1.418815e+02 -7.148775e+01
      vertex   5.000000e-01 1.413836e+02 -7.177520e+01
      vertex   5.000000e-01 1.418815e+02 -7.148775e+01
    endloop
  endfacet
  facet normal 0.000000e+00 3.090170e-01 -9.510565e-01
    outer loop
      vertex   1.500000e+00 1.418815e+02 -7.148775e+01
      vertex   5.000000e-01 1.418815e+02 -7.148775e+01
      vertex   1.500000e+00 1.424282e+02 -7.131010e+01
    endloop
  endfacet
  facet normal 0.000000e+00 3.090170e-01 -9.510565e-01
    outer loop
      vertex   1.500000e+00 1.424282e+02 -7.131010e+01
      vertex   5.000000e-01 1.418815e+02 -7.148775e+01
      vertex   5.000000e-01 1.424282e+02 -7.131010e+01
    endloop
  endfacet
  facet normal 0.000000e+00 1.000000e+00 0.000000e+00
    outer loop
      vertex   5.000000e-01 1.480000e+02 -7.900000e+01
      vertex   5.000000e-01 1.480000e+02 -6.900000e+01
      vertex   1.500000e+00 1.480000e+02 -7.900000e+01
    endloop
  endfacet
  facet normal 0.000000e+00 1.000000e+00 -0.000000e+00
    outer loop
      vertex   1.500000e+00 1.480000e+02 -7.900000e+01
      vertex   5.000000e-01 1.480000e+02 -6.900000e+01
      vertex   1.500000e+00 1.480000e+02 -6.900000e+01
    endloop
  endfacet
  facet normal 0.000000e+00 0.000000e+00 -1.000000e+00
    outer loop
      vertex   5.000000e-01 1.380000e+02 -7.900000e+01
      vertex   5.000000e-01 1.480000e+02 -7.900000e+01
      vertex   1.500000e+00 1.380000e+02 -7.900000e+01
    endloop
  endfacet
  facet normal 0.000000e+00 0.000000e+00 -1.000000e+00
    outer loop
      vertex   1.500000e+00 1.380000e+02 -7.900000e+01
      vertex   5.000000e-01 1.480000e+02 -7.900000e+01
      vertex   1.500000e+00 1.480000e+02 -7.900000e+01
    endloop
  endfacet
  facet normal 0.000000e+00 -1.000000e+00 0.000000e+00
    outer loop
      vertex   5.000000e-01 1.380000e+02 -6.900000e+01
      vertex   5.000000e-01 1.380000e+02 -7.900000e+01
      vertex   1.500000e+00 1.380000e+02 -6.900000e+01
    endloop
  endfacet
  facet normal 0.000000e+00 -1.000000e+00 -0.000000e+00
    outer loop
      vertex   1.500000e+00 1.380000e+02 -6.900000e+01
      vertex   5.000000e-01 1.380000e+02 -7.900000e+01
      vertex   1.500000e+00 1.380000e+02 -7.900000e+01
    endloop
  endfacet
  facet normal -0.000000e+00 0.000000e+00 1.000000e+00
    outer loop
      vertex   5.000000e-01 1.480000e+02 -6.900000e+01
      vertex   5.000000e-01 1.380000e+02 -6.900000e+01
      vertex   1.500000e+00 1.480000e+02 -6.900000e+01
    endloop
  endfacet
  facet normal 0.000000e+00 0.000000e+00 1.000000e+00
    outer loop
      vertex   1.500000e+00 1.480000e+02 -6.900000e+01
      vertex   5.000000e-01 1.380000e+02 -6.900000e+01
      vertex   1.500000e+00 1.380000e+02 -6.900000e+01
    endloop
  endfacet
  facet normal 1.000000e+00 0.000000e+00 -0.000000e+00
    outer loop
      vertex   1.500000e+00 1.435718e+02 -7.131010e+01
      vertex   1.500000e+00 1.480000e+02 -6.900000e+01
      vertex   1.500000e+00 1.430000e+02 -7.125000e+01
    endloop
  endfacet
  facet normal 1.000000e+00 0.000000e+00 -0.000000e+00
    outer loop
      vertex   1.500000e+00 1.430000e+02 -7.125000e+01
      vertex   1.500000e+00 1.480000e+02 -6.900000e+01
      vertex   1.500000e+00 1.380000e+02 -6.900000e+01
    endloop
  endfacet
  facet normal 1.000000e+00 0.000000e+00 0.000000e+00
    outer loop
      vertex   1.500000e+00 1.430000e+02 -7.125000e+01
      vertex   1.500000e+00 1.380000e+02 -6.900000e+01
      vertex   1.500000e+00 1.424282e+02 -7.131010e+01
    endloop
  endfacet
  facet normal 1.000000e+00 0.000000e+00 0.000000e+00
    outer loop
      vertex   1.500000e+00 1.424282e+02 -7.131010e+01
      vertex   1.500000e+00 1.380000e+02 -6.900000e+01
      vertex   1.500000e+00 1.418815e+02 -7.148775e+01
    endloop
  endfacet
  facet normal 1.000000e+00 0.000000e+00 0.000000e+00
    outer loop
      vertex   1.500000e+00 1.418815e+02 -7.148775e+01
      vertex   1.500000e+00 1.380000e+02 -6.900000e+01
      vertex   1.500000e+00 1.413836e+02 -7.177520e+01
    endloop
  endfacet
  facet normal 1.000000e+00 0.000000e+00 0.000000e+00
    outer loop
      vertex   1.500000e+00 1.413836e+02 -7.177520e+01
      vertex   1.500000e+00 1.380000e+02 -6.900000e+01
      vertex   1.500000e+00 1.409564e+02 -7.215989e+01
    endloop
  endfacet
  facet normal 1.000000e+00 0.000000e+00 0.000000e+00
    outer loop
      vertex   1.500000e+00 1.409564e+02 -7.215989e+01
      vertex   1.500000e+00 1.380000e+02 -6.900000e+01
      vertex   1.500000e+00 1.406184e+02 -7.262500e+01
    endloop
  endfacet
  facet normal 1.000000e+00 0.000000e+00 0.000000e+00
    outer loop
      vertex   1.500000e+00 1.406184e+02 -7.262500e+01
      vertex   1.500000e+00 1.380000e+02 -6.900000e+01
      vertex   1.500000e+00 1.403846e+02 -7.315020e+01
    endloop
  endfacet
  facet normal 1.000000e+00 0.000000e+00 0.000000e+00
    outer loop
      vertex   1.500000e+00 1.403846e+02 -7.315020e+01
      vertex   1.500000e+00 1.380000e+02 -6.900000e+01
      vertex   1.500000e+00 1.402651e+02 -7.371255e+01
    endloop
  endfacet
  facet normal 1.000000e+00 0.000000e+00 0.000000e+00
    outer loop
      vertex   1.500000e+00 1.402651e+02 -7.371255e+01
      vertex   1.500000e+00 1.380000e+02 -6.900000e+01
      vertex   1.500000e+00 1.380000e+02 -7.900000e+01
    endloop
  endfacet
  facet normal 1.000000e+00 0.000000e+00 0.000000e+00
    outer loop
      vertex   1.500000e+00 1.402651e+02 -7.371255e+01
      vertex   1.500000e+00 1.380000e+02 -7.900000e+01
      vertex   1.500000e+00 1.402651e+02 -7.428745e+01
    endloop
  endfacet
  facet normal 1.000000e+00 0.000000e+00 0.000000e+00
    outer loop
      vertex   1.500000e+00 1.402651e+02 -7.428745e+01
      vertex   1.500000e+00 1.380000e+02 -7.900000e+01
      vertex   1.500000e+00 1.403846e+02 -7.484980e+01
    endloop
  endfacet
  facet normal 1.000000e+00 0.000000e+00 0.000000e+00
    outer loop
      vertex   1.500000e+00 1.403846e+02 -7.484980e+01
      vertex   1.500000e+00 1.380000e+02 -7.900000e+01
      vertex   1.500000e+00 1.406184e+02 -7.537500e+01
    endloop
  endfacet
  facet normal 1.000000e+00 0.000000e+00 0.000000e+00
    outer loop
      vertex   1.500000e+00 1.406184e+02 -7.537500e+01
      vertex   1.500000e+00 1.380000e+02 -7.900000e+01
      vertex   1.500000e+00 1.409564e+02 -7.584011e+01
    endloop
  endfacet
  facet normal 1.000000e+00 0.000000e+00 0.000000e+00
    outer loop
      vertex   1.500000e+00 1.409564e+02 -7.584011e+01
      vertex   1.500000e+00 1.380000e+02 -7.900000e+01
      vertex   1.500000e+00 1.413836e+02 -7.622480e+01
    endloop
  endfacet
  facet normal 1.000000e+00 0.000000e+00 0.000000e+00
    outer loop
      vertex   1.500000e+00 1.413836e+02 -7.622480e+01
      vertex   1.500000e+00 1.380000e+02 -7.900000e+01
      vertex   1.500000e+00 1.418815e+02 -7.651225e+01
    endloop
  endfacet
  facet normal 1.000000e+00 0.000000e+00 0.000000e+00
    outer loop
      vertex   1.500000e+00 1.418815e+02 -7.651225e+01
      vertex   1.500000e+00 1.380000e+02 -7.900000e+01
      vertex   1.500000e+00 1.424282e+02 -7.668991e+01
    endloop
  endfacet
  facet normal 1.000000e+00 0.000000e+00 0.000000e+00
    outer loop
      vertex   1.500000e+00 1.424282e+02 -7.668991e+01
      vertex   1.500000e+00 1.380000e+02 -7.900000e+01
      vertex   1.500000e+00 1.430000e+02 -7.675000e+01
    endloop
  endfacet
  facet normal 1.000000e+00 0.000000e+00 0.000000e+00
    outer loop
      vertex   1.500000e+00 1.430000e+02 -7.675000e+01
      vertex   1.500000e+00 1.380000e+02 -7.900000e+01
      vertex   1.500000e+00 1.480000e+02 -7.900000e+01
    endloop
  endfacet
  facet normal 1.000000e+00 -0.000000e+00 0.000000e+00
    outer loop
      vertex   1.500000e+00 1.430000e+02 -7.675000e+01
      vertex   1.500000e+00 1.480000e+02 -7.900000e+01
      vertex   1.500000e+00 1.435718e+02 -7.668991e+01
    endloop
  endfacet
  facet normal 1.000000e+00 -0.000000e+00 0.000000e+00
    outer loop
      vertex   1.500000e+00 1.435718e+02 -7.668991e+01
      vertex   1.500000e+00 1.480000e+02 -7.900000e+01
      vertex   1.500000e+00 1.441185e+02 -7.651225e+01
    endloop
  endfacet
  facet normal 1.000000e+00 -0.000000e+00 0.000000e+00
    outer loop
      vertex   1.500000e+00 1.441185e+02 -7.651225e+01
      vertex   1.500000e+00 1.480000e+02 -7.900000e+01
      vertex   1.500000e+00 1.446164e+02 -7.622480e+01
    endloop
  endfacet
  facet normal 1.000000e+00 -0.000000e+00 0.000000e+00
    outer loop
      vertex   1.500000e+00 1.446164e+02 -7.622480e+01
      vertex   1.500000e+00 1.480000e+02 -7.900000e+01
      vertex   1.500000e+00 1.450437e+02 -7.584011e+01
    endloop
  endfacet
  facet normal 1.000000e+00 -0.000000e+00 0.000000e+00
    outer loop
      vertex   1.500000e+00 1.450437e+02 -7.584011e+01
      vertex   1.500000e+00 1.480000e+02 -7.900000e+01
      vertex   1.500000e+00 1.453816e+02 -7.537500e+01
    endloop
  endfacet
  facet normal 1.000000e+00 -0.000000e+00 0.000000e+00
    outer loop
      vertex   1.500000e+00 1.453816e+02 -7.537500e+01
      vertex   1.500000e+00 1.480000e+02 -7.900000e+01
      vertex   1.500000e+00 1.456154e+02 -7.484980e+01
    endloop
  endfacet
  facet normal 1.000000e+00 -0.000000e+00 0.000000e+00
    outer loop
      vertex   1.500000e+00 1.456154e+02 -7.484980e+01
      vertex   1.500000e+00 1.480000e+02 -7.900000e+01
      vertex   1.500000e+00 1.457349e+02 -7.428745e+01
    endloop
  endfacet
  facet normal 1.000000e+00 -0.000000e+00 0.000000e+00
    outer loop
      vertex   1.500000e+00 1.457349e+02 -7.428745e+01
      vertex   1.500000e+00 1.480000e+02 -7.900000e+01
      vertex   1.500000e+00 1.480000e+02 -6.900000e+01
    endloop
  endfacet
  facet normal 1.000000e+00 0.000000e+00 0.000000e+00
    outer loop
      vertex   1.500000e+00 1.457349e+02 -7.428745e+01
      vertex   1.500000e+00 1.480000e+02 -6.900000e+01
      vertex   1.500000e+00 1.457349e+02 -7.371255e+01
    endloop
  endfacet
  facet normal 1.000000e+00 0.000000e+00 -0.000000e+00
    outer loop
      vertex   1.500000e+00 1.457349e+02 -7.371255e+01
      vertex   1.500000e+00 1.480000e+02 -6.900000e+01
      vertex   1.500000e+00 1.456154e+02 -7.315020e+01
    endloop
  endfacet
  facet normal 1.000000e+00 0.000000e+00 -0.000000e+00
    outer loop
      vertex   1.500000e+00 1.456154e+02 -7.315020e+01
      vertex   1.500000e+00 1.480000e+02 -6.900000e+01
      vertex   1.500000e+00 1.453816e+02 -7.262500e+01
    endloop
  endfacet
  facet normal 1.000000e+00 0.000000e+00 -0.000000e+00
    outer loop
      vertex   1.500000e+00 1.453816e+02 -7.262500e+01
      vertex   1.500000e+00 1.480000e+02 -6.900000e+01
      vertex   1.500000e+00 1.450437e+02 -7.215989e+01
    endloop
  endfacet
  facet normal 1.000000e+00 0.000000e+00 -0.000000e+00
    outer loop
      vertex   1.500000e+00 1.450437e+02 -7.215989e+01
      vertex   1.500000e+00 1.480000e+02 -6.900000e+01
      vertex   1.500000e+00 1.446164e+02 -7.177520e+01
    endloop
  endfacet
  facet normal 1.000000e+00 0.000000e+00 -0.000000e+00
    outer loop
      vertex   1.500000e+00 1.446164e+02 -7.177520e+01
      vertex   1.500000e+00 1.480000e+02 -6.900000e+01
      vertex   1.500000e+00 1.441185e+02 -7.148775e+01
    endloop
  endfacet
  facet normal 1.000000e+00 0.000000e+00 -0.000000e+00
    outer loop
      vertex   1.500000e+00 1.441185e+02 -7.148775e+01
      vertex   1.500000e+00 1.480000e+02 -6.900000e+01
      vertex   1.500000e+00 1.435718e+02 -7.131010e+01
    endloop
  endfacet
  facet normal 1.000000e+00 -0.000000e+00 0.000000e+00
    outer loop
      vertex   5.000000e-01 1.424282e+02 -8.931010e+01
      vertex   5.000000e-01 1.424282e+02 -9.468991e+01
      vertex   5.000000e-01 1.430000e+02 -8.925000e+01
    endloop
  endfacet
  facet normal 1.000000e+00 0.000000e+00 0.000000e+00
    outer loop
      vertex   5.000000e-01 1.430000e+02 -8.925000e+01
      vertex   5.000000e-01 1.424282e+02 -9.468991e+01
      vertex   5.000000e-01 1.430000e+02 -9.475000e+01
    endloop
  endfacet
  facet normal 1.000000e+00 0.000000e+00 0.000000e+00
    outer loop
      vertex   5.000000e-01 1.430000e+02 -8.925000e+01
      vertex   5.000000e-01 1.430000e+02 -9.475000e+01
      vertex   5.000000e-01 1.435718e+02 -8.931010e+01
    endloop
  endfacet
  facet normal 1.000000e+00 0.000000e+00 0.000000e+00
    outer loop
      vertex   5.000000e-01 1.435718e+02 -8.931010e+01
      vertex   5.000000e-01 1.430000e+02 -9.475000e+01
      vertex   5.000000e-01 1.435718e+02 -9.468991e+01
    endloop
  endfacet
  facet normal 1.000000e+00 0.000000e+00 0.000000e+00
    outer loop
      vertex   5.000000e-01 1.435718e+02 -8.931010e+01
      vertex   5.000000e-01 1.435718e+02 -9.468991e+01
      vertex   5.000000e-01 1.441185e+02 -8.948775e+01
    endloop
  endfacet
  facet normal 1.000000e+00 0.000000e+00 0.000000e+00
    outer loop
      vertex   5.000000e-01 1.441185e+02 -8.948775e+01
      vertex   5.000000e-01 1.435718e+02 -9.468991e+01
      vertex   5.000000e-01 1.441185e+02 -9.451225e+01
    endloop
  endfacet
  facet normal 1.000000e+00 0.000000e+00 0.000000e+00
    outer loop
      vertex   5.000000e-01 1.441185e+02 -8.948775e+01
      vertex   5.000000e-01 1.441185e+02 -9.451225e+01
      vertex   5.000000e-01 1.446164e+02 -8.977520e+01
    endloop
  endfacet
  facet normal 1.000000e+00 0.000000e+00 0.000000e+00
    outer loop
      vertex   5.000000e-01 1.446164e+02 -8.977520e+01
      vertex   5.000000e-01 1.441185e+02 -9.451225e+01
      vertex   5.000000e-01 1.446164e+02 -9.422480e+01
    endloop
  endfacet
  facet normal 1.000000e+00 0.000000e+00 0.000000e+00
    outer loop
      vertex   5.000000e-01 1.446164e+02 -8.977520e+01
      vertex   5.000000e-01 1.446164e+02 -9.422480e+01
      vertex   5.000000e-01 1.450437e+02 -9.015989e+01
    endloop
  endfacet
  facet normal 1.000000e+00 0.000000e+00 0.000000e+00
    outer loop
      vertex   5.000000e-01 1.450437e+02 -9.015989e+01
      vertex   5.000000e-01 1.446164e+02 -9.422480e+01
      vertex   5.000000e-01 1.450437e+02 -9.384011e+01
    endloop
  endfacet
  facet normal 1.000000e+00 0.000000e+00 0.000000e+00
    outer loop
      vertex   5.000000e-01 1.450437e+02 -9.015989e+01
      vertex   5.000000e-01 1.450437e+02 -9.384011e+01
      vertex   5.000000e-01 1.453816e+02 -9.062500e+01
    endloop
  endfacet
  facet normal 1.000000e+00 0.000000e+00 0.000000e+00
    outer loop
      vertex   5.000000e-01 1.453816e+02 -9.062500e+01
      vertex   5.000000e-01 1.450437e+02 -9.384011e+01
      vertex   5.000000e-01 1.453816e+02 -9.337500e+01
    endloop
  endfacet
  facet normal 1.000000e+00 0.000000e+00 0.000000e+00
    outer loop
      vertex   5.000000e-01 1.453816e+02 -9.062500e+01
      vertex   5.000000e-01 1.453816e+02 -9.337500e+01
      vertex   5.000000e-01 1.456154e+02 -9.115020e+01
    endloop
  endfacet
  facet normal 1.000000e+00 0.000000e+00 0.000000e+00
    outer loop
      vertex   5.000000e-01 1.456154e+02 -9.115020e+01
      vertex   5.000000e-01 1.453816e+02 -9.337500e+01
      vertex   5.000000e-01 1.456154e+02 -9.284980e+01
    endloop
  endfacet
  facet normal 1.000000e+00 0.000000e+00 0.000000e+00
    outer loop
      vertex   5.000000e-01 1.456154e+02 -9.115020e+01
      vertex   5.000000e-01 1.456154e+02 -9.284980e+01
      vertex   5.000000e-01 1.457349e+02 -9.171255e+01
    endloop
  endfacet
  facet normal 1.000000e+00 0.000000e+00 0.000000e+00
    outer loop
      vertex   5.000000e-01 1.457349e+02 -9.171255e+01
      vertex   5.000000e-01 1.456154e+02 -9.284980e+01
      vertex   5.000000e-01 1.457349e+02 -9.228745e+01
    endloop
  endfacet
  facet normal 1.000000e+00 0.000000e+00 -0.000000e+00
    outer loop
      vertex   5.000000e-01 1.424282e+02 -9.468991e+01
      vertex   5.000000e-01 1.424282e+02 -8.931010e+01
      vertex   5.000000e-01 1.418815e+02 -9.451225e+01
    endloop
  endfacet
  facet normal 1.000000e+00 0.000000e+00 0.000000e+00
    outer loop
      vertex   5.000000e-01 1.418815e+02 -9.451225e+01
      vertex   5.000000e-01 1.424282e+02 -8.931010e+01
      vertex   5.000000e-01 1.418815e+02 -8.948775e+01
    endloop
  endfacet
  facet normal 1.000000e+00 0.000000e+00 -0.000000e+00
    outer loop
      vertex   5.000000e-01 1.418815e+02 -9.451225e+01
      vertex   5.000000e-01 1.418815e+02 -8.948775e+01
      vertex   5.000000e-01 1.413836e+02 -9.422480e+01
    endloop
  endfacet
  facet normal 1.000000e+00 0.000000e+00 0.000000e+00
    outer loop
      vertex   5.000000e-01 1.413836e+02 -9.422480e+01
      vertex   5.000000e-01 1.418815e+02 -8.948775e+01
      vertex   5.000000e-01 1.413836e+02 -8.977520e+01
    endloop
  endfacet
  facet normal 1.000000e+00 0.000000e+00 -0.000000e+00
    outer loop
      vertex   5.000000e-01 1.413836e+02 -9.422480e+01
      vertex   5.000000e-01 1.413836e+02 -8.977520e+01
      vertex   5.000000e-01 1.409564e+02 -9.384011e+01
    endloop
  endfacet
  facet normal 1.000000e+00 0.000000e+00 0.000000e+00
    outer loop
      vertex   5.000000e-01 1.409564e+02 -9.384011e+01
      vertex   5.000000e-01 1.413836e+02 -8.977520e+01
      vertex   5.000000e-01 1.409564e+02 -9.015989e+01
    endloop
  endfacet
  facet normal 1.000000e+00 0.000000e+00 -0.000000e+00
    outer loop
      vertex   5.000000e-01 1.409564e+02 -9.384011e+01
      vertex   5.000000e-01 1.409564e+02 -9.015989e+01
      vertex   5.000000e-01 1.406184e+02 -9.337500e+01
    endloop
  endfacet
  facet normal 1.000000e+00 0.000000e+00 0.000000e+00
    outer loop
      vertex   5.000000e-01 1.406184e+02 -9.337500e+01
      vertex   5.000000e-01 1.409564e+02 -9.015989e+01
      vertex   5.000000e-01 1.406184e+02 -9.062500e+01
    endloop
  endfacet
  facet normal 1.000000e+00 0.000000e+00 -0.000000e+00
    outer loop
      vertex   5.000000e-01 1.406184e+02 -9.337500e+01
      vertex   5.000000e-01 1.406184e+02 -9.062500e+01
      vertex   5.000000e-01 1.403846e+02 -9.284980e+01
    endloop
  endfacet
  facet normal 1.000000e+00 0.000000e+00 0.000000e+00
    outer loop
      vertex   5.000000e-01 1.403846e+02 -9.284980e+01
      vertex   5.000000e-01 1.406184e+02 -9.062500e+01
      vertex   5.000000e-01 1.403846e+02 -9.115020e+01
    endloop
  endfacet
  facet normal 1.000000e+00 0.000000e+00 -0.000000e+00
    outer loop
      vertex   5.000000e-01 1.403846e+02 -9.284980e+01
      vertex   5.000000e-01 1.403846e+02 -9.115020e+01
      vertex   5.000000e-01 1.402651e+02 -9.228745e+01
    endloop
  endfacet
  facet normal 1.000000e+00 0.000000e+00 0.000000e+00
    outer loop
      vertex   5.000000e-01 1.402651e+02 -9.228745e+01
      vertex   5.000000e-01 1.403846e+02 -9.115020e+01
      vertex   5.000000e-01 1.402651e+02 -9.171255e+01
    endloop
  endfacet
  facet normal -0.000000e+00 4.081305e-01 9.129236e-01
    outer loop
      vertex   -1.470000e+01 1.242000e+02 -5.077294e+01
      vertex   -1.470000e+01 1.218000e+02 -4.970000e+01
      vertex   -1.370000e+01 1.242000e+02 -5.077294e+01
    endloop
  endfacet
  facet normal 0.000000e+00 4.081305e-01 9.129236e-01
    outer loop
      vertex   -1.370000e+01 1.242000e+02 -5.077294e+01
      vertex   -1.470000e+01 1.218000e+02 -4.970000e+01
      vertex   -1.370000e+01 1.218000e+02 -4.970000e+01
    endloop
  endfacet
  facet normal -1.000000e+00 -2.463436e-13 3.007846e-11
    outer loop
      vertex   -1.470000e+01 9.530000e+01 -4.970000e+01
      vertex   -1.470000e+01 1.218000e+02 -4.970000e+01
      vertex   -1.470000e+01 9.530000e+01 -6.320000e+01
    endloop
  endfacet
  facet normal -1.000000e+00 7.989282e-12 1.391223e-11
    outer loop
      vertex   -1.470000e+01 9.530000e+01 -6.320000e+01
      vertex   -1.470000e+01 1.218000e+02 -4.970000e+01
      vertex   -1.470000e+01 1.242000e+02 -5.077294e+01
    endloop
  endfacet
  facet normal -1.000000e+00 -1.872551e-12 3.684662e-11
    outer loop
      vertex   -1.470000e+01 9.530000e+01 -6.320000e+01
      vertex   -1.470000e+01 1.242000e+02 -5.077294e+01
      vertex   -1.470000e+01 1.242000e+02 -6.320000e+01
    endloop
  endfacet
  facet normal 0.000000e+00 1.000000e+00 0.000000e+00
    outer loop
      vertex   -1.370000e+01 1.242000e+02 -5.077294e+01
      vertex   -1.370000e+01 1.242000e+02 -6.220000e+01
      vertex   -1.470000e+01 1.242000e+02 -5.077294e+01
    endloop
  endfacet
  facet normal 0.000000e+00 1.000000e+00 0.000000e+00
    outer loop
      vertex   -1.470000e+01 1.242000e+02 -5.077294e+01
      vertex   -1.370000e+01 1.242000e+02 -6.220000e+01
      vertex   -1.470000e+01 1.242000e+02 -6.320000e+01
    endloop
  endfacet
  facet normal 0.000000e+00 1.000000e+00 0.000000e+00
    outer loop
      vertex   -1.470000e+01 1.242000e+02 -6.320000e+01
      vertex   -1.370000e+01 1.242000e+02 -6.220000e+01
      vertex   -5.000000e-01 1.242000e+02 -6.320000e+01
    endloop
  endfacet
  facet normal 0.000000e+00 1.000000e+00 -0.000000e+00
    outer loop
      vertex   -5.000000e-01 1.242000e+02 -6.320000e+01
      vertex   -1.370000e+01 1.242000e+02 -6.220000e+01
      vertex   5.000000e-01 1.242000e+02 -6.320000e+01
    endloop
  endfacet
  facet normal 5.634354e-25 1.000000e+00 -1.421084e-13
    outer loop
      vertex   -5.000000e-01 1.242000e+02 -6.320000e+01
      vertex   5.000000e-01 1.242000e+02 -6.320000e+01
      vertex   5.000000e-01 1.242000e+02 -6.340000e+01
    endloop
  endfacet
  facet normal -0.000000e+00 1.000000e+00 0.000000e+00
    outer loop
      vertex   -1.370000e+01 1.242000e+02 -6.220000e+01
      vertex   1.480000e+01 1.242000e+02 -6.220000e+01
      vertex   5.000000e-01 1.242000e+02 -6.320000e+01
    endloop
  endfacet
  facet normal 0.000000e+00 1.000000e+00 0.000000e+00
    outer loop
      vertex   5.000000e-01 1.242000e+02 -6.320000e+01
      vertex   1.480000e+01 1.242000e+02 -6.220000e+01
      vertex   1.480000e+01 1.242000e+02 -6.320000e+01
    endloop
  endfacet
  facet normal 0.000000e+00 1.000000e+00 -1.421084e-13
    outer loop
      vertex   5.000000e-01 1.242000e+02 -6.340000e+01
      vertex   -5.000000e-01 1.242000e+02 -6.340000e+01
      vertex   -5.000000e-01 1.242000e+02 -6.320000e+01
    endloop
  endfacet
  facet normal 0.000000e+00 -9.552391e-09 1.000000e+00
    outer loop
      vertex   5.000000e-01 1.116114e+02 -9.430000e+01
      vertex   -3.864456e-02 1.128025e+02 -9.430000e+01
      vertex   -5.000000e-01 1.116114e+02 -9.430000e+01
    endloop
  endfacet
  facet normal 5.565815e-14 -9.552412e-09 1.000000e+00
    outer loop
      vertex   -5.000000e-01 1.116114e+02 -9.430000e+01
      vertex   -3.864456e-02 1.128025e+02 -9.430000e+01
      vertex   -1.922060e-01 1.128333e+02 -9.430000e+01
    endloop
  endfacet
  facet normal -4.494685e-14 -9.552387e-09 1.000000e+00
    outer loop
      vertex   -5.000000e-01 1.116114e+02 -9.430000e+01
      vertex   -1.922060e-01 1.128333e+02 -9.430000e+01
      vertex   -3.325479e-01 1.129029e+02 -9.430000e+01
    endloop
  endfacet
  facet normal 2.951134e-14 -9.552397e-09 1.000000e+00
    outer loop
      vertex   9.099894e-01 1.117669e+02 -9.430000e+01
      vertex   5.000000e-01 1.130668e+02 -9.430000e+01
      vertex   5.000000e-01 1.116114e+02 -9.430000e+01
    endloop
  endfacet
  facet normal 8.204371e-14 -9.552397e-09 1.000000e+00
    outer loop
      vertex   5.000000e-01 1.116114e+02 -9.430000e+01
      vertex   5.000000e-01 1.130668e+02 -9.430000e+01
      vertex   3.964943e-01 1.129492e+02 -9.430000e+01
    endloop
  endfacet
  facet normal -1.479859e-13 -9.552415e-09 1.000000e+00
    outer loop
      vertex   5.000000e-01 1.116114e+02 -9.430000e+01
      vertex   3.964943e-01 1.129492e+02 -9.430000e+01
      vertex   2.660891e-01 1.128625e+02 -9.430000e+01
    endloop
  endfacet
  facet normal -2.068393e-14 -9.552409e-09 1.000000e+00
    outer loop
      vertex   1.276237e+00 1.120080e+02 -9.430000e+01
      vertex   6.004118e-01 1.133607e+02 -9.430000e+01
      vertex   9.099894e-01 1.117669e+02 -9.430000e+01
    endloop
  endfacet
  facet normal -1.037956e-13 -9.552425e-09 1.000000e+00
    outer loop
      vertex   9.099894e-01 1.117669e+02 -9.430000e+01
      vertex   6.004118e-01 1.133607e+02 -9.430000e+01
      vertex   5.695525e-01 1.132071e+02 -9.430000e+01
    endloop
  endfacet
  facet normal 7.022253e-14 -9.552384e-09 1.000000e+00
    outer loop
      vertex   9.099894e-01 1.117669e+02 -9.430000e+01
      vertex   5.695525e-01 1.132071e+02 -9.430000e+01
      vertex   5.000000e-01 1.130668e+02 -9.430000e+01
    endloop
  endfacet
  facet normal 3.528090e-14 -9.552381e-09 1.000000e+00
    outer loop
      vertex   1.276237e+00 1.120080e+02 -9.430000e+01
      vertex   1.581139e+00 1.123231e+02 -9.430000e+01
      vertex   6.004118e-01 1.133607e+02 -9.430000e+01
    endloop
  endfacet
  facet normal -8.048155e-14 -9.552491e-09 1.000000e+00
    outer loop
      vertex   6.004118e-01 1.133607e+02 -9.430000e+01
      vertex   1.581139e+00 1.123231e+02 -9.430000e+01
      vertex   5.904751e-01 1.135170e+02 -9.430000e+01
    endloop
  endfacet
  facet normal -1.385450e-14 -9.552435e-09 1.000000e+00
    outer loop
      vertex   5.904751e-01 1.135170e+02 -9.430000e+01
      vertex   1.581139e+00 1.123231e+02 -9.430000e+01
      vertex   1.810038e+00 1.126971e+02 -9.430000e+01
    endloop
  endfacet
  facet normal 7.649673e-15 -9.552404e-09 1.000000e+00
    outer loop
      vertex   5.904751e-01 1.135170e+02 -9.430000e+01
      vertex   1.810038e+00 1.126971e+02 -9.430000e+01
      vertex   2.000000e+00 1.135479e+02 -9.430000e+01
    endloop
  endfacet
  facet normal 3.442064e-13 -9.552479e-09 1.000000e+00
    outer loop
      vertex   2.000000e+00 1.135479e+02 -9.430000e+01
      vertex   1.810038e+00 1.126971e+02 -9.430000e+01
      vertex   1.951932e+00 1.131120e+02 -9.430000e+01
    endloop
  endfacet
  facet normal -9.892418e-15 -9.552406e-09 1.000000e+00
    outer loop
      vertex   2.000000e+00 1.220000e+02 -9.430000e+01
      vertex   5.000000e-01 1.210000e+02 -9.430000e+01
      vertex   2.000000e+00 1.135479e+02 -9.430000e+01
    endloop
  endfacet
  facet normal 7.199016e-15 -9.552402e-09 1.000000e+00
    outer loop
      vertex   2.000000e+00 1.135479e+02 -9.430000e+01
      vertex   5.000000e-01 1.210000e+02 -9.430000e+01
      vertex   5.404194e-01 1.136654e+02 -9.430000e+01
    endloop
  endfacet
  facet normal 7.532779e-15 -9.552398e-09 1.000000e+00
    outer loop
      vertex   2.000000e+00 1.135479e+02 -9.430000e+01
      vertex   5.404194e-01 1.136654e+02 -9.430000e+01
      vertex   5.904751e-01 1.135170e+02 -9.430000e+01
    endloop
  endfacet
  facet normal 1.447979e-21 -9.552421e-09 1.000000e+00
    outer loop
      vertex   2.000000e+00 1.220000e+02 -9.430000e+01
      vertex   5.000000e-01 1.220000e+02 -9.430000e+01
      vertex   5.000000e-01 1.210000e+02 -9.430000e+01
    endloop
  endfacet
  facet normal 0.000000e+00 -9.552404e-09 1.000000e+00
    outer loop
      vertex   -5.000000e-01 1.210000e+02 -9.430000e+01
      vertex   4.219422e-02 1.139997e+02 -9.430000e+01
      vertex   5.000000e-01 1.210000e+02 -9.430000e+01
    endloop
  endfacet
  facet normal -3.463967e-14 -9.552401e-09 1.000000e+00
    outer loop
      vertex   5.000000e-01 1.210000e+02 -9.430000e+01
      vertex   4.219422e-02 1.139997e+02 -9.430000e+01
      vertex   1.957556e-01 1.139689e+02 -9.430000e+01
    endloop
  endfacet
  facet normal 4.752485e-14 -9.552405e-09 1.000000e+00
    outer loop
      vertex   5.000000e-01 1.210000e+02 -9.430000e+01
      vertex   1.957556e-01 1.139689e+02 -9.430000e+01
      vertex   3.360976e-01 1.138993e+02 -9.430000e+01
    endloop
  endfacet
  facet normal 0.000000e+00 -9.552421e-09 1.000000e+00
    outer loop
      vertex   -5.000000e-01 1.220000e+02 -9.430000e+01
      vertex   -2.000000e+00 1.220000e+02 -9.430000e+01
      vertex   -5.000000e-01 1.210000e+02 -9.430000e+01
    endloop
  endfacet
  facet normal 9.892418e-15 -9.552406e-09 1.000000e+00
    outer loop
      vertex   -5.000000e-01 1.210000e+02 -9.430000e+01
      vertex   -2.000000e+00 1.220000e+02 -9.430000e+01
      vertex   -2.000000e+00 1.135479e+02 -9.430000e+01
    endloop
  endfacet
  facet normal 2.803856e-15 -9.552404e-09 1.000000e+00
    outer loop
      vertex   -5.000000e-01 1.210000e+02 -9.430000e+01
      vertex   -2.000000e+00 1.135479e+02 -9.430000e+01
      vertex   -4.964503e-01 1.137354e+02 -9.430000e+01
    endloop
  endfacet
  facet normal -4.297325e-15 -9.552347e-09 1.000000e+00
    outer loop
      vertex   -4.964503e-01 1.137354e+02 -9.430000e+01
      vertex   -2.000000e+00 1.135479e+02 -9.430000e+01
      vertex   -5.660028e-01 1.135951e+02 -9.430000e+01
    endloop
  endfacet
  facet normal -4.114501e-15 -9.552353e-09 1.000000e+00
    outer loop
      vertex   -5.660028e-01 1.135951e+02 -9.430000e+01
      vertex   -2.000000e+00 1.135479e+02 -9.430000e+01
      vertex   -5.968622e-01 1.134415e+02 -9.430000e+01
    endloop
  endfacet
  facet normal -7.952036e-15 -9.552404e-09 1.000000e+00
    outer loop
      vertex   -5.968622e-01 1.134415e+02 -9.430000e+01
      vertex   -2.000000e+00 1.135479e+02 -9.430000e+01
      vertex   -1.810038e+00 1.126971e+02 -9.430000e+01
    endloop
  endfacet
  facet normal 1.224004e-14 -9.552436e-09 1.000000e+00
    outer loop
      vertex   -5.968622e-01 1.134415e+02 -9.430000e+01
      vertex   -1.810038e+00 1.126971e+02 -9.430000e+01
      vertex   -1.581139e+00 1.123231e+02 -9.430000e+01
    endloop
  endfacet
  facet normal -3.442064e-13 -9.552479e-09 1.000000e+00
    outer loop
      vertex   -2.000000e+00 1.135479e+02 -9.430000e+01
      vertex   -1.951932e+00 1.131120e+02 -9.430000e+01
      vertex   -1.810038e+00 1.126971e+02 -9.430000e+01
    endloop
  endfacet
  facet normal -4.248023e-14 -9.552388e-09 1.000000e+00
    outer loop
      vertex   -1.581139e+00 1.123231e+02 -9.430000e+01
      vertex   -1.276237e+00 1.120080e+02 -9.430000e+01
      vertex   -5.968622e-01 1.134415e+02 -9.430000e+01
    endloop
  endfacet
  facet normal 1.436479e-13 -9.552477e-09 1.000000e+00
    outer loop
      vertex   -5.968622e-01 1.134415e+02 -9.430000e+01
      vertex   -1.276237e+00 1.120080e+02 -9.430000e+01
      vertex   -5.869254e-01 1.132852e+02 -9.430000e+01
    endloop
  endfacet
  facet normal 2.027093e-14 -9.552410e-09 1.000000e+00
    outer loop
      vertex   -5.869254e-01 1.132852e+02 -9.430000e+01
      vertex   -1.276237e+00 1.120080e+02 -9.430000e+01
      vertex   -9.099894e-01 1.117669e+02 -9.430000e+01
    endloop
  endfacet
  facet normal -8.944826e-15 -9.552404e-09 1.000000e+00
    outer loop
      vertex   -5.869254e-01 1.132852e+02 -9.430000e+01
      vertex   -9.099894e-01 1.117669e+02 -9.430000e+01
      vertex   -5.368697e-01 1.131368e+02 -9.430000e+01
    endloop
  endfacet
  facet normal -2.984100e-14 -9.552398e-09 1.000000e+00
    outer loop
      vertex   -5.368697e-01 1.131368e+02 -9.430000e+01
      vertex   -9.099894e-01 1.117669e+02 -9.430000e+01
      vertex   -5.000000e-01 1.116114e+02 -9.430000e+01
    endloop
  endfacet
  facet normal -1.841401e-13 -9.552402e-09 1.000000e+00
    outer loop
      vertex   -5.368697e-01 1.131368e+02 -9.430000e+01
      vertex   -5.000000e-01 1.116114e+02 -9.430000e+01
      vertex   -4.501063e-01 1.130064e+02 -9.430000e+01
    endloop
  endfacet
  facet normal 1.643855e-13 -9.552414e-09 1.000000e+00
    outer loop
      vertex   -4.501063e-01 1.130064e+02 -9.430000e+01
      vertex   -5.000000e-01 1.116114e+02 -9.430000e+01
      vertex   -3.325479e-01 1.129029e+02 -9.430000e+01
    endloop
  endfacet
  facet normal 8.270625e-14 -9.552372e-09 1.000000e+00
    outer loop
      vertex   2.660891e-01 1.128625e+02 -9.430000e+01
      vertex   1.176714e-01 1.128124e+02 -9.430000e+01
      vertex   5.000000e-01 1.116114e+02 -9.430000e+01
    endloop
  endfacet
  facet normal -5.443244e-14 -9.552415e-09 1.000000e+00
    outer loop
      vertex   5.000000e-01 1.116114e+02 -9.430000e+01
      vertex   1.176714e-01 1.128124e+02 -9.430000e+01
      vertex   -3.864456e-02 1.128025e+02 -9.430000e+01
    endloop
  endfacet
  facet normal -4.708956e-14 -9.552404e-09 1.000000e+00
    outer loop
      vertex   -4.964503e-01 1.137354e+02 -9.430000e+01
      vertex   -3.929446e-01 1.138530e+02 -9.430000e+01
      vertex   -5.000000e-01 1.210000e+02 -9.430000e+01
    endloop
  endfacet
  facet normal -4.608108e-14 -9.552404e-09 1.000000e+00
    outer loop
      vertex   -5.000000e-01 1.210000e+02 -9.430000e+01
      vertex   -3.929446e-01 1.138530e+02 -9.430000e+01
      vertex   -2.625395e-01 1.139397e+02 -9.430000e+01
    endloop
  endfacet
  facet normal 9.210214e-14 -9.552400e-09 1.000000e+00
    outer loop
      vertex   -5.000000e-01 1.210000e+02 -9.430000e+01
      vertex   -2.625395e-01 1.139397e+02 -9.430000e+01
      vertex   -1.141217e-01 1.139898e+02 -9.430000e+01
    endloop
  endfacet
  facet normal -5.492222e-14 -9.552408e-09 1.000000e+00
    outer loop
      vertex   -1.141217e-01 1.139898e+02 -9.430000e+01
      vertex   4.219422e-02 1.139997e+02 -9.430000e+01
      vertex   -5.000000e-01 1.210000e+02 -9.430000e+01
    endloop
  endfacet
  facet normal 5.170362e-14 -9.552405e-09 1.000000e+00
    outer loop
      vertex   3.360976e-01 1.138993e+02 -9.430000e+01
      vertex   4.536559e-01 1.137958e+02 -9.430000e+01
      vertex   5.000000e-01 1.210000e+02 -9.430000e+01
    endloop
  endfacet
  facet normal -1.865716e-13 -9.552403e-09 1.000000e+00
    outer loop
      vertex   5.000000e-01 1.210000e+02 -9.430000e+01
      vertex   4.536559e-01 1.137958e+02 -9.430000e+01
      vertex   5.404194e-01 1.136654e+02 -9.430000e+01
    endloop
  endfacet
  facet normal -3.434290e-12 -4.755693e-08 1.000000e+00
    outer loop
      vertex   -8.700000e+00 1.010000e+02 -4.970000e+01
      vertex   -5.000000e-01 9.630000e+01 -4.970000e+01
      vertex   3.300000e+00 1.010000e+02 -4.970000e+01
    endloop
  endfacet
  facet normal 0.000000e+00 -4.755970e-08 1.000000e+00
    outer loop
      vertex   3.300000e+00 1.010000e+02 -4.970000e+01
      vertex   -5.000000e-01 9.630000e+01 -4.970000e+01
      vertex   5.000000e-01 9.630000e+01 -4.970000e+01
    endloop
  endfacet
  facet normal -7.983238e-08 0.000000e+00 1.000000e+00
    outer loop
      vertex   3.300000e+00 1.010000e+02 -4.970000e+01
      vertex   5.000000e-01 9.630000e+01 -4.970000e+01
      vertex   3.300000e+00 9.630000e+01 -4.970000e+01
    endloop
  endfacet
  facet normal -7.983250e-08 2.235219e-07 1.000000e+00
    outer loop
      vertex   3.300000e+00 9.630000e+01 -4.970000e+01
      vertex   5.000000e-01 9.630000e+01 -4.970000e+01
      vertex   5.000000e-01 9.530000e+01 -4.970000e+01
    endloop
  endfacet
  facet normal 4.217390e-08 -1.180960e-07 1.000000e+00
    outer loop
      vertex   3.300000e+00 9.630000e+01 -4.970000e+01
      vertex   5.000000e-01 9.530000e+01 -4.970000e+01
      vertex   5.800000e+00 9.530000e+01 -4.970000e+01
    endloop
  endfacet
  facet normal 4.781536e-09 -3.920868e-08 1.000000e+00
    outer loop
      vertex   -8.700000e+00 1.010000e+02 -4.970000e+01
      vertex   -8.700000e+00 9.530000e+01 -4.970000e+01
      vertex   -5.000000e-01 9.630000e+01 -4.970000e+01
    endloop
  endfacet
  facet normal -2.725823e-08 2.235180e-07 1.000000e+00
    outer loop
      vertex   -5.000000e-01 9.630000e+01 -4.970000e+01
      vertex   -8.700000e+00 9.530000e+01 -4.970000e+01
      vertex   -5.000000e-01 9.530000e+01 -4.970000e+01
    endloop
  endfacet
  facet normal 8.941227e-08 -0.000000e+00 1.000000e+00
    outer loop
      vertex   5.800000e+00 9.530000e+01 -4.970000e+01
      vertex   5.800000e+00 9.630000e+01 -4.970000e+01
      vertex   3.300000e+00 9.630000e+01 -4.970000e+01
    endloop
  endfacet
  facet normal 0.000000e+00 -1.000000e+00 9.947598e-14
    outer loop
      vertex   -5.000000e-01 1.116114e+02 -9.430000e+01
      vertex   -5.000000e-01 1.116114e+02 -9.830000e+01
      vertex   5.000000e-01 1.116114e+02 -9.430000e+01
    endloop
  endfacet
  facet normal 0.000000e+00 -1.000000e+00 9.947598e-14
    outer loop
      vertex   5.000000e-01 1.116114e+02 -9.430000e+01
      vertex   -5.000000e-01 1.116114e+02 -9.830000e+01
      vertex   5.000000e-01 1.116114e+02 -9.830000e+01
    endloop
  endfacet
  facet normal 0.000000e+00 -1.000000e+00 5.926753e-08
    outer loop
      vertex   5.000000e-01 1.210000e+02 -9.430000e+01
      vertex   5.000000e-01 1.210000e+02 -7.070000e+01
      vertex   -5.000000e-01 1.210000e+02 -9.430000e+01
    endloop
  endfacet
  facet normal 1.744809e-10 -1.000000e+00 5.926013e-08
    outer loop
      vertex   -5.000000e-01 1.210000e+02 -9.430000e+01
      vertex   5.000000e-01 1.210000e+02 -7.070000e+01
      vertex   -5.000000e-01 1.210000e+02 -7.070000e+01
    endloop
  endfacet
  facet normal 1.744809e-10 -1.000000e+00 -3.525900e-08
    outer loop
      vertex   -5.000000e-01 1.210000e+02 -7.070000e+01
      vertex   5.000000e-01 1.210000e+02 -7.070000e+01
      vertex   5.000000e-01 1.210000e+02 -6.670000e+01
    endloop
  endfacet
  facet normal 1.744809e-10 -1.000000e+00 -3.525900e-08
    outer loop
      vertex   -5.000000e-01 1.210000e+02 -7.070000e+01
      vertex   5.000000e-01 1.210000e+02 -6.670000e+01
      vertex   -5.000000e-01 1.210000e+02 -6.670000e+01
    endloop
  endfacet
  facet normal 1.744809e-10 -1.000000e+00 -8.384518e-07
    outer loop
      vertex   -5.000000e-01 1.210000e+02 -6.670000e+01
      vertex   5.000000e-01 1.210000e+02 -6.670000e+01
      vertex   5.000000e-01 1.210000e+02 -6.520000e+01
    endloop
  endfacet
  facet normal 0.000000e+00 -1.000000e+00 -8.383354e-07
    outer loop
      vertex   -5.000000e-01 1.210000e+02 -6.670000e+01
      vertex   5.000000e-01 1.210000e+02 -6.520000e+01
      vertex   -5.000000e-01 1.210000e+02 -6.520000e+01
    endloop
  endfacet
  facet normal 4.733691e-06 -1.000000e+00 0.000000e+00
    outer loop
      vertex   2.000000e+00 1.210000e+02 -7.070000e+01
      vertex   2.000000e+00 1.210000e+02 -6.670000e+01
      vertex   5.000000e-01 1.210000e+02 -7.070000e+01
    endloop
  endfacet
  facet normal 4.827715e-06 -1.000000e+00 -3.525900e-08
    outer loop
      vertex   5.000000e-01 1.210000e+02 -7.070000e+01
      vertex   2.000000e+00 1.210000e+02 -6.670000e+01
      vertex   5.000000e-01 1.210000e+02 -6.670000e+01
    endloop
  endfacet
  facet normal -4.827831e-06 -1.000000e+00 -3.525900e-08
    outer loop
      vertex   -5.000000e-01 1.210000e+02 -6.670000e+01
      vertex   -2.000000e+00 1.210000e+02 -6.670000e+01
      vertex   -5.000000e-01 1.210000e+02 -7.070000e+01
    endloop
  endfacet
  facet normal -4.733807e-06 -1.000000e+00 0.000000e+00
    outer loop
      vertex   -5.000000e-01 1.210000e+02 -7.070000e+01
      vertex   -2.000000e+00 1.210000e+02 -6.670000e+01
      vertex   -2.000000e+00 1.210000e+02 -7.070000e+01
    endloop
  endfacet
  facet normal -0.000000e+00 -9.968089e-01 -7.982516e-02
    outer loop
      vertex   5.000000e-01 9.326119e+01 -6.530000e+01
      vertex   5.000000e-01 9.325321e+01 -6.520031e+01
      vertex   -5.000000e-01 9.326119e+01 -6.530000e+01
    endloop
  endfacet
  facet normal 0.000000e+00 -9.968089e-01 -7.982516e-02
    outer loop
      vertex   -5.000000e-01 9.326119e+01 -6.530000e+01
      vertex   5.000000e-01 9.325321e+01 -6.520031e+01
      vertex   -5.000000e-01 9.325321e+01 -6.520031e+01
    endloop
  endfacet
  facet normal 0.000000e+00 -9.992053e-01 -3.985885e-02
    outer loop
      vertex   -5.000000e-01 9.325321e+01 -6.520031e+01
      vertex   5.000000e-01 9.325321e+01 -6.520031e+01
      vertex   5.000000e-01 9.321489e+01 -6.423965e+01
    endloop
  endfacet
  facet normal 0.000000e+00 -9.992053e-01 -3.985885e-02
    outer loop
      vertex   -5.000000e-01 9.325321e+01 -6.520031e+01
      vertex   5.000000e-01 9.321489e+01 -6.423965e+01
      vertex   -5.000000e-01 9.321489e+01 -6.423965e+01
    endloop
  endfacet
  facet normal 0.000000e+00 -9.990483e-01 -4.361828e-02
    outer loop
      vertex   -5.000000e-01 9.321489e+01 -6.423965e+01
      vertex   5.000000e-01 9.321489e+01 -6.423965e+01
      vertex   5.000000e-01 9.319354e+01 -6.375058e+01
    endloop
  endfacet
  facet normal 0.000000e+00 -9.990483e-01 -4.361828e-02
    outer loop
      vertex   -5.000000e-01 9.321489e+01 -6.423965e+01
      vertex   5.000000e-01 9.319354e+01 -6.375058e+01
      vertex   -5.000000e-01 9.319354e+01 -6.375058e+01
    endloop
  endfacet
  facet normal 0.000000e+00 -9.991296e-01 -4.171426e-02
    outer loop
      vertex   -5.000000e-01 9.319354e+01 -6.375058e+01
      vertex   5.000000e-01 9.319354e+01 -6.375058e+01
      vertex   5.000000e-01 9.317581e+01 -6.332592e+01
    endloop
  endfacet
  facet normal 0.000000e+00 -9.991296e-01 -4.171426e-02
    outer loop
      vertex   -5.000000e-01 9.319354e+01 -6.375058e+01
      vertex   5.000000e-01 9.317581e+01 -6.332592e+01
      vertex   -5.000000e-01 9.317581e+01 -6.332592e+01
    endloop
  endfacet
  facet normal 0.000000e+00 -9.992108e-01 -3.972153e-02
    outer loop
      vertex   -5.000000e-01 9.317581e+01 -6.332592e+01
      vertex   5.000000e-01 9.317581e+01 -6.332592e+01
      vertex   5.000000e-01 9.316119e+01 -6.295834e+01
    endloop
  endfacet
  facet normal 0.000000e+00 -9.992108e-01 -3.972153e-02
    outer loop
      vertex   -5.000000e-01 9.317581e+01 -6.332592e+01
      vertex   5.000000e-01 9.316119e+01 -6.295834e+01
      vertex   -5.000000e-01 9.316119e+01 -6.295834e+01
    endloop
  endfacet
  facet normal 0.000000e+00 -9.992766e-01 -3.803016e-02
    outer loop
      vertex   -5.000000e-01 9.316119e+01 -6.295834e+01
      vertex   5.000000e-01 9.316119e+01 -6.295834e+01
      vertex   5.000000e-01 9.314899e+01 -6.263776e+01
    endloop
  endfacet
  facet normal 0.000000e+00 -9.992766e-01 -3.803016e-02
    outer loop
      vertex   -5.000000e-01 9.316119e+01 -6.295834e+01
      vertex   5.000000e-01 9.314899e+01 -6.263776e+01
      vertex   -5.000000e-01 9.314899e+01 -6.263776e+01
    endloop
  endfacet
  facet normal 0.000000e+00 -9.993169e-01 -3.695628e-02
    outer loop
      vertex   -5.000000e-01 9.314899e+01 -6.263776e+01
      vertex   5.000000e-01 9.314899e+01 -6.263776e+01
      vertex   5.000000e-01 9.312901e+01 -6.209732e+01
    endloop
  endfacet
  facet normal 0.000000e+00 -9.993169e-01 -3.695628e-02
    outer loop
      vertex   -5.000000e-01 9.314899e+01 -6.263776e+01
      vertex   5.000000e-01 9.312901e+01 -6.209732e+01
      vertex   -5.000000e-01 9.312901e+01 -6.209732e+01
    endloop
  endfacet
  facet normal 0.000000e+00 -9.990416e-01 -4.377106e-02
    outer loop
      vertex   -5.000000e-01 9.312901e+01 -6.209732e+01
      vertex   5.000000e-01 9.312901e+01 -6.209732e+01
      vertex   5.000000e-01 9.308695e+01 -6.113733e+01
    endloop
  endfacet
  facet normal 0.000000e+00 -9.990416e-01 -4.377106e-02
    outer loop
      vertex   -5.000000e-01 9.312901e+01 -6.209732e+01
      vertex   5.000000e-01 9.308695e+01 -6.113733e+01
      vertex   -5.000000e-01 9.308695e+01 -6.113733e+01
    endloop
  endfacet
  facet normal 0.000000e+00 -9.983031e-01 -5.823189e-02
    outer loop
      vertex   -5.000000e-01 9.308695e+01 -6.113733e+01
      vertex   5.000000e-01 9.308695e+01 -6.113733e+01
      vertex   5.000000e-01 9.305741e+01 -6.063092e+01
    endloop
  endfacet
  facet normal 0.000000e+00 -9.983031e-01 -5.823189e-02
    outer loop
      vertex   -5.000000e-01 9.308695e+01 -6.113733e+01
      vertex   5.000000e-01 9.305741e+01 -6.063092e+01
      vertex   -5.000000e-01 9.305741e+01 -6.063092e+01
    endloop
  endfacet
  facet normal 0.000000e+00 -9.974590e-01 -7.124290e-02
    outer loop
      vertex   -5.000000e-01 9.305741e+01 -6.063092e+01
      vertex   5.000000e-01 9.305741e+01 -6.063092e+01
      vertex   5.000000e-01 9.302532e+01 -6.018160e+01
    endloop
  endfacet
  facet normal 0.000000e+00 -9.974590e-01 -7.124290e-02
    outer loop
      vertex   -5.000000e-01 9.305741e+01 -6.063092e+01
      vertex   5.000000e-01 9.302532e+01 -6.018160e+01
      vertex   -5.000000e-01 9.302532e+01 -6.018160e+01
    endloop
  endfacet
  facet normal 0.000000e+00 -9.963273e-01 -8.562626e-02
    outer loop
      vertex   -5.000000e-01 9.302532e+01 -6.018160e+01
      vertex   5.000000e-01 9.302532e+01 -6.018160e+01
      vertex   5.000000e-01 9.299092e+01 -5.978144e+01
    endloop
  endfacet
  facet normal 0.000000e+00 -9.963273e-01 -8.562626e-02
    outer loop
      vertex   -5.000000e-01 9.302532e+01 -6.018160e+01
      vertex   5.000000e-01 9.299092e+01 -5.978144e+01
      vertex   -5.000000e-01 9.299092e+01 -5.978144e+01
    endloop
  endfacet
  facet normal 0.000000e+00 -9.949052e-01 -1.008144e-01
    outer loop
      vertex   -5.000000e-01 9.299092e+01 -5.978144e+01
      vertex   5.000000e-01 9.299092e+01 -5.978144e+01
      vertex   5.000000e-01 9.295443e+01 -5.942133e+01
    endloop
  endfacet
  facet normal 0.000000e+00 -9.949052e-01 -1.008144e-01
    outer loop
      vertex   -5.000000e-01 9.299092e+01 -5.978144e+01
      vertex   5.000000e-01 9.295443e+01 -5.942133e+01
      vertex   -5.000000e-01 9.295443e+01 -5.942133e+01
    endloop
  endfacet
  facet normal 0.000000e+00 -9.924828e-01 -1.223846e-01
    outer loop
      vertex   -5.000000e-01 9.295443e+01 -5.942133e+01
      vertex   5.000000e-01 9.295443e+01 -5.942133e+01
      vertex   5.000000e-01 9.287596e+01 -5.878492e+01
    endloop
  endfacet
  facet normal 0.000000e+00 -9.924828e-01 -1.223846e-01
    outer loop
      vertex   -5.000000e-01 9.295443e+01 -5.942133e+01
      vertex   5.000000e-01 9.287596e+01 -5.878492e+01
      vertex   -5.000000e-01 9.287596e+01 -5.878492e+01
    endloop
  endfacet
  facet normal 0.000000e+00 -9.895946e-01 -1.438835e-01
    outer loop
      vertex   -5.000000e-01 9.287596e+01 -5.878492e+01
      vertex   5.000000e-01 9.287596e+01 -5.878492e+01
      vertex   5.000000e-01 9.270261e+01 -5.759267e+01
    endloop
  endfacet
  facet normal 0.000000e+00 -9.895946e-01 -1.438835e-01
    outer loop
      vertex   -5.000000e-01 9.287596e+01 -5.878492e+01
      vertex   5.000000e-01 9.270261e+01 -5.759267e+01
      vertex   -5.000000e-01 9.270261e+01 -5.759267e+01
    endloop
  endfacet
  facet normal 0.000000e+00 -9.915323e-01 -1.298601e-01
    outer loop
      vertex   -5.000000e-01 9.270261e+01 -5.759267e+01
      vertex   5.000000e-01 9.270261e+01 -5.759267e+01
      vertex   5.000000e-01 9.261195e+01 -5.690044e+01
    endloop
  endfacet
  facet normal 0.000000e+00 -9.915323e-01 -1.298601e-01
    outer loop
      vertex   -5.000000e-01 9.270261e+01 -5.759267e+01
      vertex   5.000000e-01 9.261195e+01 -5.690044e+01
      vertex   -5.000000e-01 9.261195e+01 -5.690044e+01
    endloop
  endfacet
  facet normal 0.000000e+00 -9.935930e-01 -1.130176e-01
    outer loop
      vertex   -5.000000e-01 9.261195e+01 -5.690044e+01
      vertex   5.000000e-01 9.261195e+01 -5.690044e+01
      vertex   5.000000e-01 9.254028e+01 -5.627038e+01
    endloop
  endfacet
  facet normal 0.000000e+00 -9.935930e-01 -1.130176e-01
    outer loop
      vertex   -5.000000e-01 9.261195e+01 -5.690044e+01
      vertex   5.000000e-01 9.254028e+01 -5.627038e+01
      vertex   -5.000000e-01 9.254028e+01 -5.627038e+01
    endloop
  endfacet
  facet normal 0.000000e+00 -9.941518e-01 -1.079920e-01
    outer loop
      vertex   -5.000000e-01 9.254028e+01 -5.627038e+01
      vertex   5.000000e-01 9.254028e+01 -5.627038e+01
      vertex   5.000000e-01 9.248216e+01 -5.573533e+01
    endloop
  endfacet
  facet normal 0.000000e+00 -9.941518e-01 -1.079920e-01
    outer loop
      vertex   -5.000000e-01 9.254028e+01 -5.627038e+01
      vertex   5.000000e-01 9.248216e+01 -5.573533e+01
      vertex   -5.000000e-01 9.248216e+01 -5.573533e+01
    endloop
  endfacet
  facet normal 0.000000e+00 -9.923103e-01 -1.237751e-01
    outer loop
      vertex   -5.000000e-01 9.248216e+01 -5.573533e+01
      vertex   5.000000e-01 9.248216e+01 -5.573533e+01
      vertex   5.000000e-01 9.242018e+01 -5.523845e+01
    endloop
  endfacet
  facet normal 0.000000e+00 -9.923103e-01 -1.237751e-01
    outer loop
      vertex   -5.000000e-01 9.248216e+01 -5.573533e+01
      vertex   5.000000e-01 9.242018e+01 -5.523845e+01
      vertex   -5.000000e-01 9.242018e+01 -5.523845e+01
    endloop
  endfacet
  facet normal 0.000000e+00 -9.890512e-01 -1.475726e-01
    outer loop
      vertex   -5.000000e-01 9.242018e+01 -5.523845e+01
      vertex   5.000000e-01 9.242018e+01 -5.523845e+01
      vertex   5.000000e-01 9.234694e+01 -5.474758e+01
    endloop
  endfacet
  facet normal 0.000000e+00 -9.890512e-01 -1.475726e-01
    outer loop
      vertex   -5.000000e-01 9.242018e+01 -5.523845e+01
      vertex   5.000000e-01 9.234694e+01 -5.474758e+01
      vertex   -5.000000e-01 9.234694e+01 -5.474758e+01
    endloop
  endfacet
  facet normal 0.000000e+00 -9.894298e-01 -1.450125e-01
    outer loop
      vertex   -5.000000e-01 9.234694e+01 -5.474758e+01
      vertex   5.000000e-01 9.234694e+01 -5.474758e+01
      vertex   5.000000e-01 9.227026e+01 -5.422441e+01
    endloop
  endfacet
  facet normal 0.000000e+00 -9.894298e-01 -1.450125e-01
    outer loop
      vertex   -5.000000e-01 9.234694e+01 -5.474758e+01
      vertex   5.000000e-01 9.227026e+01 -5.422441e+01
      vertex   -5.000000e-01 9.227026e+01 -5.422441e+01
    endloop
  endfacet
  facet normal 0.000000e+00 -9.930958e-01 -1.173062e-01
    outer loop
      vertex   -5.000000e-01 9.227026e+01 -5.422441e+01
      vertex   5.000000e-01 9.227026e+01 -5.422441e+01
      vertex   5.000000e-01 9.219861e+01 -5.361781e+01
    endloop
  endfacet
  facet normal 0.000000e+00 -9.930958e-01 -1.173062e-01
    outer loop
      vertex   -5.000000e-01 9.227026e+01 -5.422441e+01
      vertex   5.000000e-01 9.219861e+01 -5.361781e+01
      vertex   -5.000000e-01 9.219861e+01 -5.361781e+01
    endloop
  endfacet
  facet normal 0.000000e+00 -9.960382e-01 -8.892648e-02
    outer loop
      vertex   -5.000000e-01 9.219861e+01 -5.361781e+01
      vertex   5.000000e-01 9.219861e+01 -5.361781e+01
      vertex   5.000000e-01 9.216731e+01 -5.326725e+01
    endloop
  endfacet
  facet normal 0.000000e+00 -9.960382e-01 -8.892648e-02
    outer loop
      vertex   -5.000000e-01 9.219861e+01 -5.361781e+01
      vertex   5.000000e-01 9.216731e+01 -5.326725e+01
      vertex   -5.000000e-01 9.216731e+01 -5.326725e+01
    endloop
  endfacet
  facet normal 0.000000e+00 -9.976422e-01 -6.862968e-02
    outer loop
      vertex   -5.000000e-01 9.216731e+01 -5.326725e+01
      vertex   5.000000e-01 9.216731e+01 -5.326725e+01
      vertex   5.000000e-01 9.214045e+01 -5.287667e+01
    endloop
  endfacet
  facet normal 0.000000e+00 -9.976422e-01 -6.862968e-02
    outer loop
      vertex   -5.000000e-01 9.216731e+01 -5.326725e+01
      vertex   5.000000e-01 9.214045e+01 -5.287667e+01
      vertex   -5.000000e-01 9.214045e+01 -5.287667e+01
    endloop
  endfacet
  facet normal 0.000000e+00 -9.988050e-01 -4.887221e-02
    outer loop
      vertex   -5.000000e-01 9.214045e+01 -5.287667e+01
      vertex   5.000000e-01 9.214045e+01 -5.287667e+01
      vertex   5.000000e-01 9.211906e+01 -5.243966e+01
    endloop
  endfacet
  facet normal 0.000000e+00 -9.988050e-01 -4.887221e-02
    outer loop
      vertex   -5.000000e-01 9.214045e+01 -5.287667e+01
      vertex   5.000000e-01 9.211906e+01 -5.243966e+01
      vertex   -5.000000e-01 9.211906e+01 -5.243966e+01
    endloop
  endfacet
  facet normal 0.000000e+00 -9.995342e-01 -3.051939e-02
    outer loop
      vertex   -5.000000e-01 9.211906e+01 -5.243966e+01
      vertex   5.000000e-01 9.211906e+01 -5.243966e+01
      vertex   5.000000e-01 9.210456e+01 -5.196471e+01
    endloop
  endfacet
  facet normal 0.000000e+00 -9.995342e-01 -3.051939e-02
    outer loop
      vertex   -5.000000e-01 9.211906e+01 -5.243966e+01
      vertex   5.000000e-01 9.210456e+01 -5.196471e+01
      vertex   -5.000000e-01 9.210456e+01 -5.196471e+01
    endloop
  endfacet
  facet normal 0.000000e+00 -9.999111e-01 -1.333656e-02
    outer loop
      vertex   -5.000000e-01 9.210456e+01 -5.196471e+01
      vertex   5.000000e-01 9.210456e+01 -5.196471e+01
      vertex   5.000000e-01 9.209942e+01 -5.157922e+01
    endloop
  endfacet
  facet normal 0.000000e+00 -9.999111e-01 -1.333656e-02
    outer loop
      vertex   -5.000000e-01 9.210456e+01 -5.196471e+01
      vertex   5.000000e-01 9.209942e+01 -5.157922e+01
      vertex   -5.000000e-01 9.209942e+01 -5.157922e+01
    endloop
  endfacet
  facet normal 0.000000e+00 -9.999943e-01 3.391133e-03
    outer loop
      vertex   -5.000000e-01 9.209942e+01 -5.157922e+01
      vertex   5.000000e-01 9.209942e+01 -5.157922e+01
      vertex   5.000000e-01 9.210039e+01 -5.129291e+01
    endloop
  endfacet
  facet normal 0.000000e+00 -9.999943e-01 3.391133e-03
    outer loop
      vertex   -5.000000e-01 9.209942e+01 -5.157922e+01
      vertex   5.000000e-01 9.210039e+01 -5.129291e+01
      vertex   -5.000000e-01 9.210039e+01 -5.129291e+01
    endloop
  endfacet
  facet normal 0.000000e+00 -9.999185e-01 1.276602e-02
    outer loop
      vertex   -5.000000e-01 9.210039e+01 -5.129291e+01
      vertex   5.000000e-01 9.210039e+01 -5.129291e+01
      vertex   5.000000e-01 9.210311e+01 -5.107974e+01
    endloop
  endfacet
  facet normal 0.000000e+00 -9.999185e-01 1.276602e-02
    outer loop
      vertex   -5.000000e-01 9.210039e+01 -5.129291e+01
      vertex   5.000000e-01 9.210311e+01 -5.107974e+01
      vertex   -5.000000e-01 9.210311e+01 -5.107974e+01
    endloop
  endfacet
  facet normal 0.000000e+00 -9.999997e-01 7.391682e-04
    outer loop
      vertex   -5.000000e-01 9.210311e+01 -5.107974e+01
      vertex   5.000000e-01 9.210311e+01 -5.107974e+01
      vertex   5.000000e-01 9.210324e+01 -5.091218e+01
    endloop
  endfacet
  facet normal 0.000000e+00 -9.999997e-01 7.391682e-04
    outer loop
      vertex   -5.000000e-01 9.210311e+01 -5.107974e+01
      vertex   5.000000e-01 9.210324e+01 -5.091218e+01
      vertex   -5.000000e-01 9.210324e+01 -5.091218e+01
    endloop
  endfacet
  facet normal 0.000000e+00 -9.994370e-01 -3.355115e-02
    outer loop
      vertex   -5.000000e-01 9.210324e+01 -5.091218e+01
      vertex   5.000000e-01 9.210324e+01 -5.091218e+01
      vertex   5.000000e-01 9.209749e+01 -5.074094e+01
    endloop
  endfacet
  facet normal 0.000000e+00 -9.994370e-01 -3.355115e-02
    outer loop
      vertex   -5.000000e-01 9.210324e+01 -5.091218e+01
      vertex   5.000000e-01 9.209749e+01 -5.074094e+01
      vertex   -5.000000e-01 9.209749e+01 -5.074094e+01
    endloop
  endfacet
  facet normal 0.000000e+00 -9.979992e-01 -6.322659e-02
    outer loop
      vertex   -5.000000e-01 9.209749e+01 -5.074094e+01
      vertex   5.000000e-01 9.209749e+01 -5.074094e+01
      vertex   5.000000e-01 9.208443e+01 -5.053486e+01
    endloop
  endfacet
  facet normal 0.000000e+00 -9.979992e-01 -6.322659e-02
    outer loop
      vertex   -5.000000e-01 9.209749e+01 -5.074094e+01
      vertex   5.000000e-01 9.208443e+01 -5.053486e+01
      vertex   -5.000000e-01 9.208443e+01 -5.053486e+01
    endloop
  endfacet
  facet normal 0.000000e+00 -9.966450e-01 -8.184586e-02
    outer loop
      vertex   -5.000000e-01 9.208443e+01 -5.053486e+01
      vertex   5.000000e-01 9.208443e+01 -5.053486e+01
      vertex   5.000000e-01 9.206281e+01 -5.027160e+01
    endloop
  endfacet
  facet normal 0.000000e+00 -9.966450e-01 -8.184586e-02
    outer loop
      vertex   -5.000000e-01 9.208443e+01 -5.053486e+01
      vertex   5.000000e-01 9.206281e+01 -5.027160e+01
      vertex   -5.000000e-01 9.206281e+01 -5.027160e+01
    endloop
  endfacet
  facet normal 0.000000e+00 -9.958201e-01 -9.133588e-02
    outer loop
      vertex   -5.000000e-01 9.206281e+01 -5.027160e+01
      vertex   5.000000e-01 9.206281e+01 -5.027160e+01
      vertex   5.000000e-01 9.203138e+01 -4.992886e+01
    endloop
  endfacet
  facet normal 0.000000e+00 -9.958201e-01 -9.133588e-02
    outer loop
      vertex   -5.000000e-01 9.206281e+01 -5.027160e+01
      vertex   5.000000e-01 9.203138e+01 -4.992886e+01
      vertex   -5.000000e-01 9.203138e+01 -4.992886e+01
    endloop
  endfacet
  facet normal 0.000000e+00 -9.954595e-01 -9.518616e-02
    outer loop
      vertex   -5.000000e-01 9.203138e+01 -4.992886e+01
      vertex   5.000000e-01 9.203138e+01 -4.992886e+01
      vertex   5.000000e-01 9.198887e+01 -4.948431e+01
    endloop
  endfacet
  facet normal 0.000000e+00 -9.954595e-01 -9.518616e-02
    outer loop
      vertex   -5.000000e-01 9.203138e+01 -4.992886e+01
      vertex   5.000000e-01 9.198887e+01 -4.948431e+01
      vertex   -5.000000e-01 9.198887e+01 -4.948431e+01
    endloop
  endfacet
  facet normal 0.000000e+00 -9.955130e-01 -9.462449e-02
    outer loop
      vertex   -5.000000e-01 9.198887e+01 -4.948431e+01
      vertex   5.000000e-01 9.198887e+01 -4.948431e+01
      vertex   5.000000e-01 9.197988e+01 -4.938974e+01
    endloop
  endfacet
  facet normal 0.000000e+00 -9.955130e-01 -9.462449e-02
    outer loop
      vertex   -5.000000e-01 9.198887e+01 -4.948431e+01
      vertex   5.000000e-01 9.197988e+01 -4.938974e+01
      vertex   -5.000000e-01 9.197988e+01 -4.938974e+01
    endloop
  endfacet
  facet normal 0.000000e+00 -9.956083e-01 -9.361645e-02
    outer loop
      vertex   -5.000000e-01 9.197988e+01 -4.938974e+01
      vertex   5.000000e-01 9.197988e+01 -4.938974e+01
      vertex   5.000000e-01 9.196382e+01 -4.921890e+01
    endloop
  endfacet
  facet normal 0.000000e+00 -9.956083e-01 -9.361645e-02
    outer loop
      vertex   -5.000000e-01 9.197988e+01 -4.938974e+01
      vertex   5.000000e-01 9.196382e+01 -4.921890e+01
      vertex   -5.000000e-01 9.196382e+01 -4.921890e+01
    endloop
  endfacet
  facet normal 0.000000e+00 -9.956205e-01 -9.348744e-02
    outer loop
      vertex   -5.000000e-01 9.196382e+01 -4.921890e+01
      vertex   5.000000e-01 9.196382e+01 -4.921890e+01
      vertex   5.000000e-01 9.194161e+01 -4.898244e+01
    endloop
  endfacet
  facet normal 0.000000e+00 -9.956205e-01 -9.348744e-02
    outer loop
      vertex   -5.000000e-01 9.196382e+01 -4.921890e+01
      vertex   5.000000e-01 9.194161e+01 -4.898244e+01
      vertex   -5.000000e-01 9.194161e+01 -4.898244e+01
    endloop
  endfacet
  facet normal 0.000000e+00 -9.956066e-01 -9.363466e-02
    outer loop
      vertex   -5.000000e-01 9.194161e+01 -4.898244e+01
      vertex   5.000000e-01 9.194161e+01 -4.898244e+01
      vertex   5.000000e-01 9.191427e+01 -4.869174e+01
    endloop
  endfacet
  facet normal 0.000000e+00 -9.956066e-01 -9.363466e-02
    outer loop
      vertex   -5.000000e-01 9.194161e+01 -4.898244e+01
      vertex   5.000000e-01 9.191427e+01 -4.869174e+01
      vertex   -5.000000e-01 9.191427e+01 -4.869174e+01
    endloop
  endfacet
  facet normal 0.000000e+00 -9.955566e-01 -9.416489e-02
    outer loop
      vertex   -5.000000e-01 9.191427e+01 -4.869174e+01
      vertex   5.000000e-01 9.191427e+01 -4.869174e+01
      vertex   5.000000e-01 9.184819e+01 -4.799308e+01
    endloop
  endfacet
  facet normal 0.000000e+00 -9.955566e-01 -9.416489e-02
    outer loop
      vertex   -5.000000e-01 9.191427e+01 -4.869174e+01
      vertex   5.000000e-01 9.184819e+01 -4.799308e+01
      vertex   -5.000000e-01 9.184819e+01 -4.799308e+01
    endloop
  endfacet
  facet normal 0.000000e+00 -9.954474e-01 -9.531288e-02
    outer loop
      vertex   -5.000000e-01 9.184819e+01 -4.799308e+01
      vertex   5.000000e-01 9.184819e+01 -4.799308e+01
      vertex   5.000000e-01 9.177359e+01 -4.721396e+01
    endloop
  endfacet
  facet normal 0.000000e+00 -9.954474e-01 -9.531288e-02
    outer loop
      vertex   -5.000000e-01 9.184819e+01 -4.799308e+01
      vertex   5.000000e-01 9.177359e+01 -4.721396e+01
      vertex   -5.000000e-01 9.177359e+01 -4.721396e+01
    endloop
  endfacet
  facet normal 0.000000e+00 -9.952603e-01 -9.724641e-02
    outer loop
      vertex   -5.000000e-01 9.177359e+01 -4.721396e+01
      vertex   5.000000e-01 9.177359e+01 -4.721396e+01
      vertex   5.000000e-01 9.169849e+01 -4.644539e+01
    endloop
  endfacet
  facet normal 0.000000e+00 -9.952603e-01 -9.724641e-02
    outer loop
      vertex   -5.000000e-01 9.177359e+01 -4.721396e+01
      vertex   5.000000e-01 9.169849e+01 -4.644539e+01
      vertex   -5.000000e-01 9.169849e+01 -4.644539e+01
    endloop
  endfacet
  facet normal 0.000000e+00 -9.950261e-01 -9.961441e-02
    outer loop
      vertex   -5.000000e-01 9.169849e+01 -4.644539e+01
      vertex   5.000000e-01 9.169849e+01 -4.644539e+01
      vertex   5.000000e-01 9.166326e+01 -4.609351e+01
    endloop
  endfacet
  facet normal 0.000000e+00 -9.950261e-01 -9.961441e-02
    outer loop
      vertex   -5.000000e-01 9.169849e+01 -4.644539e+01
      vertex   5.000000e-01 9.166326e+01 -4.609351e+01
      vertex   -5.000000e-01 9.166326e+01 -4.609351e+01
    endloop
  endfacet
  facet normal 0.000000e+00 -9.947735e-01 -1.021066e-01
    outer loop
      vertex   -5.000000e-01 9.166326e+01 -4.609351e+01
      vertex   5.000000e-01 9.166326e+01 -4.609351e+01
      vertex   5.000000e-01 9.163092e+01 -4.577840e+01
    endloop
  endfacet
  facet normal 0.000000e+00 -9.947735e-01 -1.021066e-01
    outer loop
      vertex   -5.000000e-01 9.166326e+01 -4.609351e+01
      vertex   5.000000e-01 9.163092e+01 -4.577840e+01
      vertex   -5.000000e-01 9.163092e+01 -4.577840e+01
    endloop
  endfacet
  facet normal 0.000000e+00 -9.943664e-01 -1.059970e-01
    outer loop
      vertex   -5.000000e-01 9.163092e+01 -4.577840e+01
      vertex   5.000000e-01 9.163092e+01 -4.577840e+01
      vertex   5.000000e-01 9.160246e+01 -4.551144e+01
    endloop
  endfacet
  facet normal 0.000000e+00 -9.943664e-01 -1.059970e-01
    outer loop
      vertex   -5.000000e-01 9.163092e+01 -4.577840e+01
      vertex   5.000000e-01 9.160246e+01 -4.551144e+01
      vertex   -5.000000e-01 9.160246e+01 -4.551144e+01
    endloop
  endfacet
  facet normal 0.000000e+00 -9.937948e-01 -1.112292e-01
    outer loop
      vertex   -5.000000e-01 9.160246e+01 -4.551144e+01
      vertex   5.000000e-01 9.160246e+01 -4.551144e+01
      vertex   5.000000e-01 9.157823e+01 -4.529491e+01
    endloop
  endfacet
  facet normal 0.000000e+00 -9.937948e-01 -1.112292e-01
    outer loop
      vertex   -5.000000e-01 9.160246e+01 -4.551144e+01
      vertex   5.000000e-01 9.157823e+01 -4.529491e+01
      vertex   -5.000000e-01 9.157823e+01 -4.529491e+01
    endloop
  endfacet
  facet normal 0.000000e+00 -9.937705e-01 -1.114462e-01
    outer loop
      vertex   -5.000000e-01 9.157823e+01 -4.529491e+01
      vertex   5.000000e-01 9.157823e+01 -4.529491e+01
      vertex   5.000000e-01 9.153469e+01 -4.490663e+01
    endloop
  endfacet
  facet normal 0.000000e+00 -9.937705e-01 -1.114462e-01
    outer loop
      vertex   -5.000000e-01 9.157823e+01 -4.529491e+01
      vertex   5.000000e-01 9.153469e+01 -4.490663e+01
      vertex   -5.000000e-01 9.153469e+01 -4.490663e+01
    endloop
  endfacet
  facet normal 0.000000e+00 -9.937202e-01 -1.118936e-01
    outer loop
      vertex   -5.000000e-01 9.153469e+01 -4.490663e+01
      vertex   5.000000e-01 9.153469e+01 -4.490663e+01
      vertex   5.000000e-01 9.149578e+01 -4.456108e+01
    endloop
  endfacet
  facet normal 0.000000e+00 -9.937202e-01 -1.118936e-01
    outer loop
      vertex   -5.000000e-01 9.153469e+01 -4.490663e+01
      vertex   5.000000e-01 9.149578e+01 -4.456108e+01
      vertex   -5.000000e-01 9.149578e+01 -4.456108e+01
    endloop
  endfacet
  facet normal 0.000000e+00 -9.934382e-01 -1.143702e-01
    outer loop
      vertex   -5.000000e-01 9.149578e+01 -4.456108e+01
      vertex   5.000000e-01 9.149578e+01 -4.456108e+01
      vertex   5.000000e-01 9.146019e+01 -4.425193e+01
    endloop
  endfacet
  facet normal 0.000000e+00 -9.934382e-01 -1.143702e-01
    outer loop
      vertex   -5.000000e-01 9.149578e+01 -4.456108e+01
      vertex   5.000000e-01 9.146019e+01 -4.425193e+01
      vertex   -5.000000e-01 9.146019e+01 -4.425193e+01
    endloop
  endfacet
  facet normal 0.000000e+00 -9.923485e-01 -1.234685e-01
    outer loop
      vertex   -5.000000e-01 9.146019e+01 -4.425193e+01
      vertex   5.000000e-01 9.146019e+01 -4.425193e+01
      vertex   5.000000e-01 9.139369e+01 -4.371749e+01
    endloop
  endfacet
  facet normal 0.000000e+00 -9.923485e-01 -1.234685e-01
    outer loop
      vertex   -5.000000e-01 9.146019e+01 -4.425193e+01
      vertex   5.000000e-01 9.139369e+01 -4.371749e+01
      vertex   -5.000000e-01 9.139369e+01 -4.371749e+01
    endloop
  endfacet
  facet normal 0.000000e+00 -9.865149e-01 -1.636716e-01
    outer loop
      vertex   -5.000000e-01 9.139369e+01 -4.371749e+01
      vertex   5.000000e-01 9.139369e+01 -4.371749e+01
      vertex   5.000000e-01 9.124257e+01 -4.280661e+01
    endloop
  endfacet
  facet normal 0.000000e+00 -9.865149e-01 -1.636716e-01
    outer loop
      vertex   -5.000000e-01 9.139369e+01 -4.371749e+01
      vertex   5.000000e-01 9.124257e+01 -4.280661e+01
      vertex   -5.000000e-01 9.124257e+01 -4.280661e+01
    endloop
  endfacet
  facet normal 0.000000e+00 -9.763945e-01 -2.159947e-01
    outer loop
      vertex   -5.000000e-01 9.124257e+01 -4.280661e+01
      vertex   5.000000e-01 9.124257e+01 -4.280661e+01
      vertex   5.000000e-01 9.113687e+01 -4.232881e+01
    endloop
  endfacet
  facet normal 0.000000e+00 -9.763945e-01 -2.159947e-01
    outer loop
      vertex   -5.000000e-01 9.124257e+01 -4.280661e+01
      vertex   5.000000e-01 9.113687e+01 -4.232881e+01
      vertex   -5.000000e-01 9.113687e+01 -4.232881e+01
    endloop
  endfacet
  facet normal 0.000000e+00 -9.702389e-01 -2.421498e-01
    outer loop
      vertex   -5.000000e-01 9.113687e+01 -4.232881e+01
      vertex   5.000000e-01 9.113687e+01 -4.232881e+01
      vertex   5.000000e-01 9.099703e+01 -4.176852e+01
    endloop
  endfacet
  facet normal 0.000000e+00 -9.702389e-01 -2.421498e-01
    outer loop
      vertex   -5.000000e-01 9.113687e+01 -4.232881e+01
      vertex   5.000000e-01 9.099703e+01 -4.176852e+01
      vertex   -5.000000e-01 9.099703e+01 -4.176852e+01
    endloop
  endfacet
  facet normal 0.000000e+00 -9.670882e-01 -2.544412e-01
    outer loop
      vertex   -5.000000e-01 9.099703e+01 -4.176852e+01
      vertex   5.000000e-01 9.099703e+01 -4.176852e+01
      vertex   5.000000e-01 9.091102e+01 -4.144160e+01
    endloop
  endfacet
  facet normal 0.000000e+00 -9.670882e-01 -2.544412e-01
    outer loop
      vertex   -5.000000e-01 9.099703e+01 -4.176852e+01
      vertex   5.000000e-01 9.091102e+01 -4.144160e+01
      vertex   -5.000000e-01 9.091102e+01 -4.144160e+01
    endloop
  endfacet
  facet normal 0.000000e+00 -9.657403e-01 -2.595103e-01
    outer loop
      vertex   -5.000000e-01 9.091102e+01 -4.144160e+01
      vertex   5.000000e-01 9.091102e+01 -4.144160e+01
      vertex   5.000000e-01 9.081252e+01 -4.107504e+01
    endloop
  endfacet
  facet normal 0.000000e+00 -9.657403e-01 -2.595103e-01
    outer loop
      vertex   -5.000000e-01 9.091102e+01 -4.144160e+01
      vertex   5.000000e-01 9.081252e+01 -4.107504e+01
      vertex   -5.000000e-01 9.081252e+01 -4.107504e+01
    endloop
  endfacet
  facet normal 0.000000e+00 -9.669258e-01 -2.550577e-01
    outer loop
      vertex   -5.000000e-01 9.081252e+01 -4.107504e+01
      vertex   5.000000e-01 9.081252e+01 -4.107504e+01
      vertex   5.000000e-01 9.075216e+01 -4.084623e+01
    endloop
  endfacet
  facet normal 0.000000e+00 -9.669258e-01 -2.550577e-01
    outer loop
      vertex   -5.000000e-01 9.081252e+01 -4.107504e+01
      vertex   5.000000e-01 9.075216e+01 -4.084623e+01
      vertex   -5.000000e-01 9.075216e+01 -4.084623e+01
    endloop
  endfacet
  facet normal 0.000000e+00 -9.689989e-01 -2.470652e-01
    outer loop
      vertex   -5.000000e-01 9.075216e+01 -4.084623e+01
      vertex   5.000000e-01 9.075216e+01 -4.084623e+01
      vertex   5.000000e-01 9.067819e+01 -4.055611e+01
    endloop
  endfacet
  facet normal 0.000000e+00 -9.689989e-01 -2.470652e-01
    outer loop
      vertex   -5.000000e-01 9.075216e+01 -4.084623e+01
      vertex   5.000000e-01 9.067819e+01 -4.055611e+01
      vertex   -5.000000e-01 9.067819e+01 -4.055611e+01
    endloop
  endfacet
  facet normal 0.000000e+00 -9.703461e-01 -2.417200e-01
    outer loop
      vertex   -5.000000e-01 9.067819e+01 -4.055611e+01
      vertex   5.000000e-01 9.067819e+01 -4.055611e+01
      vertex   5.000000e-01 9.059295e+01 -4.021393e+01
    endloop
  endfacet
  facet normal 0.000000e+00 -9.703461e-01 -2.417200e-01
    outer loop
      vertex   -5.000000e-01 9.067819e+01 -4.055611e+01
      vertex   5.000000e-01 9.059295e+01 -4.021393e+01
      vertex   -5.000000e-01 9.059295e+01 -4.021393e+01
    endloop
  endfacet
  facet normal 0.000000e+00 -9.713695e-01 -2.375737e-01
    outer loop
      vertex   -5.000000e-01 9.059295e+01 -4.021393e+01
      vertex   5.000000e-01 9.059295e+01 -4.021393e+01
      vertex   5.000000e-01 9.049879e+01 -3.982892e+01
    endloop
  endfacet
  facet normal 0.000000e+00 -9.713695e-01 -2.375737e-01
    outer loop
      vertex   -5.000000e-01 9.059295e+01 -4.021393e+01
      vertex   5.000000e-01 9.049879e+01 -3.982892e+01
      vertex   -5.000000e-01 9.049879e+01 -3.982892e+01
    endloop
  endfacet
  facet normal 0.000000e+00 -9.726557e-01 -2.322516e-01
    outer loop
      vertex   -5.000000e-01 9.049879e+01 -3.982892e+01
      vertex   5.000000e-01 9.049879e+01 -3.982892e+01
      vertex   5.000000e-01 9.029306e+01 -3.896733e+01
    endloop
  endfacet
  facet normal 0.000000e+00 -9.726557e-01 -2.322516e-01
    outer loop
      vertex   -5.000000e-01 9.049879e+01 -3.982892e+01
      vertex   5.000000e-01 9.029306e+01 -3.896733e+01
      vertex   -5.000000e-01 9.029306e+01 -3.896733e+01
    endloop
  endfacet
  facet normal 0.000000e+00 -9.742726e-01 -2.253727e-01
    outer loop
      vertex   -5.000000e-01 9.029306e+01 -3.896733e+01
      vertex   5.000000e-01 9.029306e+01 -3.896733e+01
      vertex   5.000000e-01 9.007974e+01 -3.804518e+01
    endloop
  endfacet
  facet normal 0.000000e+00 -9.742726e-01 -2.253727e-01
    outer loop
      vertex   -5.000000e-01 9.029306e+01 -3.896733e+01
      vertex   5.000000e-01 9.007974e+01 -3.804518e+01
      vertex   -5.000000e-01 9.007974e+01 -3.804518e+01
    endloop
  endfacet
  facet normal 0.000000e+00 -9.761450e-01 -2.171198e-01
    outer loop
      vertex   -5.000000e-01 9.007974e+01 -3.804518e+01
      vertex   5.000000e-01 9.007974e+01 -3.804518e+01
      vertex   5.000000e-01 8.987759e+01 -3.713632e+01
    endloop
  endfacet
  facet normal 0.000000e+00 -9.761450e-01 -2.171198e-01
    outer loop
      vertex   -5.000000e-01 9.007974e+01 -3.804518e+01
      vertex   5.000000e-01 8.987759e+01 -3.713632e+01
      vertex   -5.000000e-01 8.987759e+01 -3.713632e+01
    endloop
  endfacet
  facet normal 0.000000e+00 -9.779578e-01 -2.088026e-01
    outer loop
      vertex   -5.000000e-01 8.987759e+01 -3.713632e+01
      vertex   5.000000e-01 8.987759e+01 -3.713632e+01
      vertex   5.000000e-01 8.978655e+01 -3.670995e+01
    endloop
  endfacet
  facet normal 0.000000e+00 -9.779578e-01 -2.088026e-01
    outer loop
      vertex   -5.000000e-01 8.987759e+01 -3.713632e+01
      vertex   5.000000e-01 8.978655e+01 -3.670995e+01
      vertex   -5.000000e-01 8.978655e+01 -3.670995e+01
    endloop
  endfacet
  facet normal 0.000000e+00 -9.795464e-01 -2.012186e-01
    outer loop
      vertex   -5.000000e-01 8.978655e+01 -3.670995e+01
      vertex   5.000000e-01 8.978655e+01 -3.670995e+01
      vertex   5.000000e-01 8.970534e+01 -3.631460e+01
    endloop
  endfacet
  facet normal 0.000000e+00 -9.795464e-01 -2.012186e-01
    outer loop
      vertex   -5.000000e-01 8.978655e+01 -3.670995e+01
      vertex   5.000000e-01 8.970534e+01 -3.631460e+01
      vertex   -5.000000e-01 8.970534e+01 -3.631460e+01
    endloop
  endfacet
  facet normal 0.000000e+00 -9.816144e-01 -1.908748e-01
    outer loop
      vertex   -5.000000e-01 8.970534e+01 -3.631460e+01
      vertex   5.000000e-01 8.970534e+01 -3.631460e+01
      vertex   5.000000e-01 8.963629e+01 -3.595949e+01
    endloop
  endfacet
  facet normal 0.000000e+00 -9.816144e-01 -1.908748e-01
    outer loop
      vertex   -5.000000e-01 8.970534e+01 -3.631460e+01
      vertex   5.000000e-01 8.963629e+01 -3.595949e+01
      vertex   -5.000000e-01 8.963629e+01 -3.595949e+01
    endloop
  endfacet
  facet normal 0.000000e+00 -9.842943e-01 -1.765355e-01
    outer loop
      vertex   -5.000000e-01 8.963629e+01 -3.595949e+01
      vertex   5.000000e-01 8.963629e+01 -3.595949e+01
      vertex   5.000000e-01 8.958111e+01 -3.565181e+01
    endloop
  endfacet
  facet normal 0.000000e+00 -9.842943e-01 -1.765355e-01
    outer loop
      vertex   -5.000000e-01 8.963629e+01 -3.595949e+01
      vertex   5.000000e-01 8.958111e+01 -3.565181e+01
      vertex   -5.000000e-01 8.958111e+01 -3.565181e+01
    endloop
  endfacet
  facet normal 0.000000e+00 -9.864191e-01 -1.642480e-01
    outer loop
      vertex   -5.000000e-01 8.958111e+01 -3.565181e+01
      vertex   5.000000e-01 8.958111e+01 -3.565181e+01
      vertex   5.000000e-01 8.949087e+01 -3.510988e+01
    endloop
  endfacet
  facet normal 0.000000e+00 -9.864191e-01 -1.642480e-01
    outer loop
      vertex   -5.000000e-01 8.958111e+01 -3.565181e+01
      vertex   5.000000e-01 8.949087e+01 -3.510988e+01
      vertex   -5.000000e-01 8.949087e+01 -3.510988e+01
    endloop
  endfacet
  facet normal 0.000000e+00 -9.881170e-01 -1.537036e-01
    outer loop
      vertex   -5.000000e-01 8.949087e+01 -3.510988e+01
      vertex   5.000000e-01 8.949087e+01 -3.510988e+01
      vertex   5.000000e-01 8.932933e+01 -3.407138e+01
    endloop
  endfacet
  facet normal 0.000000e+00 -9.881170e-01 -1.537036e-01
    outer loop
      vertex   -5.000000e-01 8.949087e+01 -3.510988e+01
      vertex   5.000000e-01 8.932933e+01 -3.407138e+01
      vertex   -5.000000e-01 8.932933e+01 -3.407138e+01
    endloop
  endfacet
  facet normal 0.000000e+00 -9.873422e-01 -1.586042e-01
    outer loop
      vertex   -5.000000e-01 8.932933e+01 -3.407138e+01
      vertex   5.000000e-01 8.932933e+01 -3.407138e+01
      vertex   5.000000e-01 8.923060e+01 -3.345674e+01
    endloop
  endfacet
  facet normal 0.000000e+00 -9.873422e-01 -1.586042e-01
    outer loop
      vertex   -5.000000e-01 8.932933e+01 -3.407138e+01
      vertex   5.000000e-01 8.923060e+01 -3.345674e+01
      vertex   -5.000000e-01 8.923060e+01 -3.345674e+01
    endloop
  endfacet
  facet normal 0.000000e+00 -9.862326e-01 -1.653642e-01
    outer loop
      vertex   -5.000000e-01 8.923060e+01 -3.345674e+01
      vertex   5.000000e-01 8.923060e+01 -3.345674e+01
      vertex   5.000000e-01 8.917074e+01 -3.309973e+01
    endloop
  endfacet
  facet normal 0.000000e+00 -9.862326e-01 -1.653642e-01
    outer loop
      vertex   -5.000000e-01 8.923060e+01 -3.345674e+01
      vertex   5.000000e-01 8.917074e+01 -3.309973e+01
      vertex   -5.000000e-01 8.917074e+01 -3.309973e+01
    endloop
  endfacet
  facet normal 0.000000e+00 -9.853853e-01 -1.703402e-01
    outer loop
      vertex   -5.000000e-01 8.917074e+01 -3.309973e+01
      vertex   5.000000e-01 8.917074e+01 -3.309973e+01
      vertex   5.000000e-01 8.910160e+01 -3.269977e+01
    endloop
  endfacet
  facet normal 0.000000e+00 -9.853853e-01 -1.703402e-01
    outer loop
      vertex   -5.000000e-01 8.917074e+01 -3.309973e+01
      vertex   5.000000e-01 8.910160e+01 -3.269977e+01
      vertex   -5.000000e-01 8.910160e+01 -3.269977e+01
    endloop
  endfacet
  facet normal 0.000000e+00 -9.845318e-01 -1.752060e-01
    outer loop
      vertex   -5.000000e-01 8.910160e+01 -3.269977e+01
      vertex   5.000000e-01 8.910160e+01 -3.269977e+01
      vertex   5.000000e-01 8.902146e+01 -3.224947e+01
    endloop
  endfacet
  facet normal 0.000000e+00 -9.845318e-01 -1.752060e-01
    outer loop
      vertex   -5.000000e-01 8.910160e+01 -3.269977e+01
      vertex   5.000000e-01 8.902146e+01 -3.224947e+01
      vertex   -5.000000e-01 8.902146e+01 -3.224947e+01
    endloop
  endfacet
  facet normal 0.000000e+00 -9.837069e-01 -1.797796e-01
    outer loop
      vertex   -5.000000e-01 8.902146e+01 -3.224947e+01
      vertex   5.000000e-01 8.902146e+01 -3.224947e+01
      vertex   5.000000e-01 8.892862e+01 -3.174145e+01
    endloop
  endfacet
  facet normal 0.000000e+00 -9.837069e-01 -1.797796e-01
    outer loop
      vertex   -5.000000e-01 8.902146e+01 -3.224947e+01
      vertex   5.000000e-01 8.892862e+01 -3.174145e+01
      vertex   -5.000000e-01 8.892862e+01 -3.174145e+01
    endloop
  endfacet
  facet normal 0.000000e+00 -9.829317e-01 -1.839711e-01
    outer loop
      vertex   -5.000000e-01 8.892862e+01 -3.174145e+01
      vertex   5.000000e-01 8.892862e+01 -3.174145e+01
      vertex   5.000000e-01 8.882135e+01 -3.116832e+01
    endloop
  endfacet
  facet normal 0.000000e+00 -9.829317e-01 -1.839711e-01
    outer loop
      vertex   -5.000000e-01 8.892862e+01 -3.174145e+01
      vertex   5.000000e-01 8.882135e+01 -3.116832e+01
      vertex   -5.000000e-01 8.882135e+01 -3.116832e+01
    endloop
  endfacet
  facet normal 0.000000e+00 -9.822272e-01 -1.876960e-01
    outer loop
      vertex   -5.000000e-01 8.882135e+01 -3.116832e+01
      vertex   5.000000e-01 8.882135e+01 -3.116832e+01
      vertex   5.000000e-01 8.870009e+01 -3.053376e+01
    endloop
  endfacet
  facet normal 0.000000e+00 -9.822272e-01 -1.876960e-01
    outer loop
      vertex   -5.000000e-01 8.882135e+01 -3.116832e+01
      vertex   5.000000e-01 8.870009e+01 -3.053376e+01
      vertex   -5.000000e-01 8.870009e+01 -3.053376e+01
    endloop
  endfacet
  facet normal 0.000000e+00 -9.812912e-01 -1.925295e-01
    outer loop
      vertex   -5.000000e-01 8.870009e+01 -3.053376e+01
      vertex   5.000000e-01 8.870009e+01 -3.053376e+01
      vertex   5.000000e-01 8.846147e+01 -2.931757e+01
    endloop
  endfacet
  facet normal 0.000000e+00 -9.812912e-01 -1.925295e-01
    outer loop
      vertex   -5.000000e-01 8.870009e+01 -3.053376e+01
      vertex   5.000000e-01 8.846147e+01 -2.931757e+01
      vertex   -5.000000e-01 8.846147e+01 -2.931757e+01
    endloop
  endfacet
  facet normal 0.000000e+00 -9.799621e-01 -1.991840e-01
    outer loop
      vertex   -5.000000e-01 8.846147e+01 -2.931757e+01
      vertex   5.000000e-01 8.846147e+01 -2.931757e+01
      vertex   5.000000e-01 8.823620e+01 -2.820927e+01
    endloop
  endfacet
  facet normal 0.000000e+00 -9.799621e-01 -1.991840e-01
    outer loop
      vertex   -5.000000e-01 8.846147e+01 -2.931757e+01
      vertex   5.000000e-01 8.823620e+01 -2.820927e+01
      vertex   -5.000000e-01 8.823620e+01 -2.820927e+01
    endloop
  endfacet
  facet normal 0.000000e+00 -9.785270e-01 -2.061188e-01
    outer loop
      vertex   -5.000000e-01 8.823620e+01 -2.820927e+01
      vertex   5.000000e-01 8.823620e+01 -2.820927e+01
      vertex   5.000000e-01 8.802462e+01 -2.720482e+01
    endloop
  endfacet
  facet normal 0.000000e+00 -9.785270e-01 -2.061188e-01
    outer loop
      vertex   -5.000000e-01 8.823620e+01 -2.820927e+01
      vertex   5.000000e-01 8.802462e+01 -2.720482e+01
      vertex   -5.000000e-01 8.802462e+01 -2.720482e+01
    endloop
  endfacet
  facet normal 0.000000e+00 -9.769775e-01 -2.133425e-01
    outer loop
      vertex   -5.000000e-01 8.802462e+01 -2.720482e+01
      vertex   5.000000e-01 8.802462e+01 -2.720482e+01
      vertex   5.000000e-01 8.782708e+01 -2.630021e+01
    endloop
  endfacet
  facet normal 0.000000e+00 -9.769775e-01 -2.133425e-01
    outer loop
      vertex   -5.000000e-01 8.802462e+01 -2.720482e+01
      vertex   5.000000e-01 8.782708e+01 -2.630021e+01
      vertex   -5.000000e-01 8.782708e+01 -2.630021e+01
    endloop
  endfacet
  facet normal 0.000000e+00 -9.753055e-01 -2.208602e-01
    outer loop
      vertex   -5.000000e-01 8.782708e+01 -2.630021e+01
      vertex   5.000000e-01 8.782708e+01 -2.630021e+01
      vertex   5.000000e-01 8.764392e+01 -2.549140e+01
    endloop
  endfacet
  facet normal 0.000000e+00 -9.753055e-01 -2.208602e-01
    outer loop
      vertex   -5.000000e-01 8.782708e+01 -2.630021e+01
      vertex   5.000000e-01 8.764392e+01 -2.549140e+01
      vertex   -5.000000e-01 8.764392e+01 -2.549140e+01
    endloop
  endfacet
  facet normal 0.000000e+00 -9.735037e-01 -2.286711e-01
    outer loop
      vertex   -5.000000e-01 8.764392e+01 -2.549140e+01
      vertex   5.000000e-01 8.764392e+01 -2.549140e+01
      vertex   5.000000e-01 8.747549e+01 -2.477436e+01
    endloop
  endfacet
  facet normal 0.000000e+00 -9.735037e-01 -2.286711e-01
    outer loop
      vertex   -5.000000e-01 8.764392e+01 -2.549140e+01
      vertex   5.000000e-01 8.747549e+01 -2.477436e+01
      vertex   -5.000000e-01 8.747549e+01 -2.477436e+01
    endloop
  endfacet
  facet normal 0.000000e+00 -9.715671e-01 -2.367644e-01
    outer loop
      vertex   -5.000000e-01 8.747549e+01 -2.477436e+01
      vertex   5.000000e-01 8.747549e+01 -2.477436e+01
      vertex   5.000000e-01 8.732214e+01 -2.414506e+01
    endloop
  endfacet
  facet normal 0.000000e+00 -9.715671e-01 -2.367644e-01
    outer loop
      vertex   -5.000000e-01 8.747549e+01 -2.477436e+01
      vertex   5.000000e-01 8.732214e+01 -2.414506e+01
      vertex   -5.000000e-01 8.732214e+01 -2.414506e+01
    endloop
  endfacet
  facet normal 0.000000e+00 -9.694949e-01 -2.451116e-01
    outer loop
      vertex   -5.000000e-01 8.732214e+01 -2.414506e+01
      vertex   5.000000e-01 8.732214e+01 -2.414506e+01
      vertex   5.000000e-01 8.718420e+01 -2.359948e+01
    endloop
  endfacet
  facet normal 0.000000e+00 -9.694949e-01 -2.451116e-01
    outer loop
      vertex   -5.000000e-01 8.732214e+01 -2.414506e+01
      vertex   5.000000e-01 8.718420e+01 -2.359948e+01
      vertex   -5.000000e-01 8.718420e+01 -2.359948e+01
    endloop
  endfacet
  facet normal 0.000000e+00 -9.672952e-01 -2.536534e-01
    outer loop
      vertex   -5.000000e-01 8.718420e+01 -2.359948e+01
      vertex   5.000000e-01 8.718420e+01 -2.359948e+01
      vertex   5.000000e-01 8.706203e+01 -2.313359e+01
    endloop
  endfacet
  facet normal 0.000000e+00 -9.672952e-01 -2.536534e-01
    outer loop
      vertex   -5.000000e-01 8.718420e+01 -2.359948e+01
      vertex   5.000000e-01 8.706203e+01 -2.313359e+01
      vertex   -5.000000e-01 8.706203e+01 -2.313359e+01
    endloop
  endfacet
  facet normal 0.000000e+00 -9.649938e-01 -2.622727e-01
    outer loop
      vertex   -5.000000e-01 8.706203e+01 -2.313359e+01
      vertex   5.000000e-01 8.706203e+01 -2.313359e+01
      vertex   5.000000e-01 8.695597e+01 -2.274336e+01
    endloop
  endfacet
  facet normal 0.000000e+00 -9.649938e-01 -2.622727e-01
    outer loop
      vertex   -5.000000e-01 8.706203e+01 -2.313359e+01
      vertex   5.000000e-01 8.695597e+01 -2.274336e+01
      vertex   -5.000000e-01 8.695597e+01 -2.274336e+01
    endloop
  endfacet
  facet normal 0.000000e+00 -9.626530e-01 -2.707381e-01
    outer loop
      vertex   -5.000000e-01 8.695597e+01 -2.274336e+01
      vertex   5.000000e-01 8.695597e+01 -2.274336e+01
      vertex   5.000000e-01 8.686637e+01 -2.242476e+01
    endloop
  endfacet
  facet normal 0.000000e+00 -9.626530e-01 -2.707381e-01
    outer loop
      vertex   -5.000000e-01 8.695597e+01 -2.274336e+01
      vertex   5.000000e-01 8.686637e+01 -2.242476e+01
      vertex   -5.000000e-01 8.686637e+01 -2.242476e+01
    endloop
  endfacet
  facet normal 0.000000e+00 -9.604161e-01 -2.785694e-01
    outer loop
      vertex   -5.000000e-01 8.686637e+01 -2.242476e+01
      vertex   5.000000e-01 8.686637e+01 -2.242476e+01
      vertex   5.000000e-01 8.679357e+01 -2.217376e+01
    endloop
  endfacet
  facet normal 0.000000e+00 -9.604161e-01 -2.785694e-01
    outer loop
      vertex   -5.000000e-01 8.686637e+01 -2.242476e+01
      vertex   5.000000e-01 8.679357e+01 -2.217376e+01
      vertex   -5.000000e-01 8.679357e+01 -2.217376e+01
    endloop
  endfacet
  facet normal 0.000000e+00 -9.586279e-01 -2.846622e-01
    outer loop
      vertex   -5.000000e-01 8.679357e+01 -2.217376e+01
      vertex   5.000000e-01 8.679357e+01 -2.217376e+01
      vertex   5.000000e-01 8.673791e+01 -2.198633e+01
    endloop
  endfacet
  facet normal 0.000000e+00 -9.586279e-01 -2.846622e-01
    outer loop
      vertex   -5.000000e-01 8.679357e+01 -2.217376e+01
      vertex   5.000000e-01 8.673791e+01 -2.198633e+01
      vertex   -5.000000e-01 8.673791e+01 -2.198633e+01
    endloop
  endfacet
  facet normal 0.000000e+00 -9.579746e-01 -2.868531e-01
    outer loop
      vertex   -5.000000e-01 8.673791e+01 -2.198633e+01
      vertex   5.000000e-01 8.673791e+01 -2.198633e+01
      vertex   5.000000e-01 8.669646e+01 -2.184789e+01
    endloop
  endfacet
  facet normal 0.000000e+00 -9.579746e-01 -2.868531e-01
    outer loop
      vertex   -5.000000e-01 8.673791e+01 -2.198633e+01
      vertex   5.000000e-01 8.669646e+01 -2.184789e+01
      vertex   -5.000000e-01 8.669646e+01 -2.184789e+01
    endloop
  endfacet
  facet normal 0.000000e+00 -9.572971e-01 -2.891059e-01
    outer loop
      vertex   -5.000000e-01 8.669646e+01 -2.184789e+01
      vertex   5.000000e-01 8.669646e+01 -2.184789e+01
      vertex   5.000000e-01 8.664614e+01 -2.168128e+01
    endloop
  endfacet
  facet normal 0.000000e+00 -9.572971e-01 -2.891059e-01
    outer loop
      vertex   -5.000000e-01 8.669646e+01 -2.184789e+01
      vertex   5.000000e-01 8.664614e+01 -2.168128e+01
      vertex   -5.000000e-01 8.664614e+01 -2.168128e+01
    endloop
  endfacet
  facet normal 0.000000e+00 -9.566172e-01 -2.913476e-01
    outer loop
      vertex   -5.000000e-01 8.664614e+01 -2.168128e+01
      vertex   5.000000e-01 8.664614e+01 -2.168128e+01
      vertex   5.000000e-01 8.658351e+01 -2.147563e+01
    endloop
  endfacet
  facet normal 0.000000e+00 -9.566172e-01 -2.913476e-01
    outer loop
      vertex   -5.000000e-01 8.664614e+01 -2.168128e+01
      vertex   5.000000e-01 8.658351e+01 -2.147563e+01
      vertex   -5.000000e-01 8.658351e+01 -2.147563e+01
    endloop
  endfacet
  facet normal 0.000000e+00 -9.556944e-01 -2.943608e-01
    outer loop
      vertex   -5.000000e-01 8.658351e+01 -2.147563e+01
      vertex   5.000000e-01 8.658351e+01 -2.147563e+01
      vertex   5.000000e-01 8.642652e+01 -2.096594e+01
    endloop
  endfacet
  facet normal 0.000000e+00 -9.556944e-01 -2.943608e-01
    outer loop
      vertex   -5.000000e-01 8.658351e+01 -2.147563e+01
      vertex   5.000000e-01 8.642652e+01 -2.096594e+01
      vertex   -5.000000e-01 8.642652e+01 -2.096594e+01
    endloop
  endfacet
  facet normal 0.000000e+00 -9.544552e-01 -2.983543e-01
    outer loop
      vertex   -5.000000e-01 8.642652e+01 -2.096594e+01
      vertex   5.000000e-01 8.642652e+01 -2.096594e+01
      vertex   5.000000e-01 8.623593e+01 -2.035623e+01
    endloop
  endfacet
  facet normal 0.000000e+00 -9.544552e-01 -2.983543e-01
    outer loop
      vertex   -5.000000e-01 8.642652e+01 -2.096594e+01
      vertex   5.000000e-01 8.623593e+01 -2.035623e+01
      vertex   -5.000000e-01 8.623593e+01 -2.035623e+01
    endloop
  endfacet
  facet normal 0.000000e+00 -9.520423e-01 -3.059665e-01
    outer loop
      vertex   -5.000000e-01 8.623593e+01 -2.035623e+01
      vertex   5.000000e-01 8.623593e+01 -2.035623e+01
      vertex   5.000000e-01 8.579571e+01 -1.898646e+01
    endloop
  endfacet
  facet normal 0.000000e+00 -9.520423e-01 -3.059665e-01
    outer loop
      vertex   -5.000000e-01 8.623593e+01 -2.035623e+01
      vertex   5.000000e-01 8.579571e+01 -1.898646e+01
      vertex   -5.000000e-01 8.579571e+01 -1.898646e+01
    endloop
  endfacet
  facet normal 0.000000e+00 -9.485426e-01 -3.166495e-01
    outer loop
      vertex   -5.000000e-01 8.579571e+01 -1.898646e+01
      vertex   5.000000e-01 8.579571e+01 -1.898646e+01
      vertex   5.000000e-01 8.556697e+01 -1.830123e+01
    endloop
  endfacet
  facet normal 0.000000e+00 -9.485426e-01 -3.166495e-01
    outer loop
      vertex   -5.000000e-01 8.579571e+01 -1.898646e+01
      vertex   5.000000e-01 8.556697e+01 -1.830123e+01
      vertex   -5.000000e-01 8.556697e+01 -1.830123e+01
    endloop
  endfacet
  facet normal 0.000000e+00 -9.447169e-01 -3.278871e-01
    outer loop
      vertex   -5.000000e-01 8.556697e+01 -1.830123e+01
      vertex   5.000000e-01 8.556697e+01 -1.830123e+01
      vertex   5.000000e-01 8.534638e+01 -1.766567e+01
    endloop
  endfacet
  facet normal 0.000000e+00 -9.447169e-01 -3.278871e-01
    outer loop
      vertex   -5.000000e-01 8.556697e+01 -1.830123e+01
      vertex   5.000000e-01 8.534638e+01 -1.766567e+01
      vertex   -5.000000e-01 8.534638e+01 -1.766567e+01
    endloop
  endfacet
  facet normal 0.000000e+00 -9.383894e-01 -3.455796e-01
    outer loop
      vertex   -5.000000e-01 8.534638e+01 -1.766567e+01
      vertex   5.000000e-01 8.534638e+01 -1.766567e+01
      vertex   5.000000e-01 8.514439e+01 -1.711719e+01
    endloop
  endfacet
  facet normal 0.000000e+00 -9.383894e-01 -3.455796e-01
    outer loop
      vertex   -5.000000e-01 8.534638e+01 -1.766567e+01
      vertex   5.000000e-01 8.514439e+01 -1.711719e+01
      vertex   -5.000000e-01 8.514439e+01 -1.711719e+01
    endloop
  endfacet
  facet normal 0.000000e+00 -9.301406e-01 -3.672036e-01
    outer loop
      vertex   -5.000000e-01 8.514439e+01 -1.711719e+01
      vertex   5.000000e-01 8.514439e+01 -1.711719e+01
      vertex   5.000000e-01 8.505363e+01 -1.688730e+01
    endloop
  endfacet
  facet normal 0.000000e+00 -9.301406e-01 -3.672036e-01
    outer loop
      vertex   -5.000000e-01 8.514439e+01 -1.711719e+01
      vertex   5.000000e-01 8.505363e+01 -1.688730e+01
      vertex   -5.000000e-01 8.505363e+01 -1.688730e+01
    endloop
  endfacet
  facet normal 0.000000e+00 -9.236340e-01 -3.832758e-01
    outer loop
      vertex   -5.000000e-01 8.505363e+01 -1.688730e+01
      vertex   5.000000e-01 8.505363e+01 -1.688730e+01
      vertex   5.000000e-01 8.501138e+01 -1.678549e+01
    endloop
  endfacet
  facet normal 0.000000e+00 -9.236340e-01 -3.832758e-01
    outer loop
      vertex   -5.000000e-01 8.505363e+01 -1.688730e+01
      vertex   5.000000e-01 8.501138e+01 -1.678549e+01
      vertex   -5.000000e-01 8.501138e+01 -1.678549e+01
    endloop
  endfacet
  facet normal 0.000000e+00 -9.182307e-01 -3.960460e-01
    outer loop
      vertex   -5.000000e-01 8.501138e+01 -1.678549e+01
      vertex   5.000000e-01 8.501138e+01 -1.678549e+01
      vertex   5.000000e-01 8.498069e+01 -1.671432e+01
    endloop
  endfacet
  facet normal 0.000000e+00 -9.182307e-01 -3.960460e-01
    outer loop
      vertex   -5.000000e-01 8.501138e+01 -1.678549e+01
      vertex   5.000000e-01 8.498069e+01 -1.671432e+01
      vertex   -5.000000e-01 8.498069e+01 -1.671432e+01
    endloop
  endfacet
  facet normal 0.000000e+00 -9.155056e-01 -4.023053e-01
    outer loop
      vertex   -5.000000e-01 8.498069e+01 -1.671432e+01
      vertex   5.000000e-01 8.498069e+01 -1.671432e+01
      vertex   5.000000e-01 8.490598e+01 -1.654431e+01
    endloop
  endfacet
  facet normal 0.000000e+00 -9.155056e-01 -4.023053e-01
    outer loop
      vertex   -5.000000e-01 8.498069e+01 -1.671432e+01
      vertex   5.000000e-01 8.490598e+01 -1.654431e+01
      vertex   -5.000000e-01 8.490598e+01 -1.654431e+01
    endloop
  endfacet
  facet normal 0.000000e+00 -9.139910e-01 -4.057344e-01
    outer loop
      vertex   -5.000000e-01 8.490598e+01 -1.654431e+01
      vertex   5.000000e-01 8.490598e+01 -1.654431e+01
      vertex   5.000000e-01 8.479341e+01 -1.629071e+01
    endloop
  endfacet
  facet normal 0.000000e+00 -9.139910e-01 -4.057344e-01
    outer loop
      vertex   -5.000000e-01 8.490598e+01 -1.654431e+01
      vertex   5.000000e-01 8.479341e+01 -1.629071e+01
      vertex   -5.000000e-01 8.479341e+01 -1.629071e+01
    endloop
  endfacet
  facet normal 0.000000e+00 -9.124149e-01 -4.092664e-01
    outer loop
      vertex   -5.000000e-01 8.479341e+01 -1.629071e+01
      vertex   5.000000e-01 8.479341e+01 -1.629071e+01
      vertex   5.000000e-01 8.465295e+01 -1.597758e+01
    endloop
  endfacet
  facet normal 0.000000e+00 -9.124149e-01 -4.092664e-01
    outer loop
      vertex   -5.000000e-01 8.479341e+01 -1.629071e+01
      vertex   5.000000e-01 8.465295e+01 -1.597758e+01
      vertex   -5.000000e-01 8.465295e+01 -1.597758e+01
    endloop
  endfacet
  facet normal 0.000000e+00 -9.091590e-01 -4.164491e-01
    outer loop
      vertex   -5.000000e-01 8.465295e+01 -1.597758e+01
      vertex   5.000000e-01 8.465295e+01 -1.597758e+01
      vertex   5.000000e-01 8.432832e+01 -1.526888e+01
    endloop
  endfacet
  facet normal 0.000000e+00 -9.091590e-01 -4.164491e-01
    outer loop
      vertex   -5.000000e-01 8.465295e+01 -1.597758e+01
      vertex   5.000000e-01 8.432832e+01 -1.526888e+01
      vertex   -5.000000e-01 8.432832e+01 -1.526888e+01
    endloop
  endfacet
  facet normal 0.000000e+00 -9.041303e-01 -4.272568e-01
    outer loop
      vertex   -5.000000e-01 8.432832e+01 -1.526888e+01
      vertex   5.000000e-01 8.432832e+01 -1.526888e+01
      vertex   5.000000e-01 8.416413e+01 -1.492142e+01
    endloop
  endfacet
  facet normal 0.000000e+00 -9.041303e-01 -4.272568e-01
    outer loop
      vertex   -5.000000e-01 8.432832e+01 -1.526888e+01
      vertex   5.000000e-01 8.416413e+01 -1.492142e+01
      vertex   -5.000000e-01 8.416413e+01 -1.492142e+01
    endloop
  endfacet
  facet normal 0.000000e+00 -8.981668e-01 -4.396548e-01
    outer loop
      vertex   -5.000000e-01 8.416413e+01 -1.492142e+01
      vertex   5.000000e-01 8.416413e+01 -1.492142e+01
      vertex   5.000000e-01 8.401199e+01 -1.461063e+01
    endloop
  endfacet
  facet normal 0.000000e+00 -8.981668e-01 -4.396548e-01
    outer loop
      vertex   -5.000000e-01 8.416413e+01 -1.492142e+01
      vertex   5.000000e-01 8.401199e+01 -1.461063e+01
      vertex   -5.000000e-01 8.401199e+01 -1.461063e+01
    endloop
  endfacet
  facet normal 0.000000e+00 -8.849212e-01 -4.657407e-01
    outer loop
      vertex   -5.000000e-01 8.401199e+01 -1.461063e+01
      vertex   5.000000e-01 8.401199e+01 -1.461063e+01
      vertex   5.000000e-01 8.373194e+01 -1.407851e+01
    endloop
  endfacet
  facet normal 0.000000e+00 -8.849212e-01 -4.657407e-01
    outer loop
      vertex   -5.000000e-01 8.401199e+01 -1.461063e+01
      vertex   5.000000e-01 8.373194e+01 -1.407851e+01
      vertex   -5.000000e-01 8.373194e+01 -1.407851e+01
    endloop
  endfacet
  facet normal 0.000000e+00 -8.755859e-01 -4.830625e-01
    outer loop
      vertex   -5.000000e-01 8.373194e+01 -1.407851e+01
      vertex   5.000000e-01 8.373194e+01 -1.407851e+01
      vertex   5.000000e-01 8.339237e+01 -1.346303e+01
    endloop
  endfacet
  facet normal 0.000000e+00 -8.755859e-01 -4.830625e-01
    outer loop
      vertex   -5.000000e-01 8.373194e+01 -1.407851e+01
      vertex   5.000000e-01 8.339237e+01 -1.346303e+01
      vertex   -5.000000e-01 8.339237e+01 -1.346303e+01
    endloop
  endfacet
  facet normal 0.000000e+00 -8.644171e-01 -5.027754e-01
    outer loop
      vertex   -5.000000e-01 8.339237e+01 -1.346303e+01
      vertex   5.000000e-01 8.339237e+01 -1.346303e+01
      vertex   5.000000e-01 8.321794e+01 -1.316313e+01
    endloop
  endfacet
  facet normal 0.000000e+00 -8.644171e-01 -5.027754e-01
    outer loop
      vertex   -5.000000e-01 8.339237e+01 -1.346303e+01
      vertex   5.000000e-01 8.321794e+01 -1.316313e+01
      vertex   -5.000000e-01 8.321794e+01 -1.316313e+01
    endloop
  endfacet
  facet normal 0.000000e+00 -8.507818e-01 -5.255191e-01
    outer loop
      vertex   -5.000000e-01 8.321794e+01 -1.316313e+01
      vertex   5.000000e-01 8.321794e+01 -1.316313e+01
      vertex   5.000000e-01 8.305255e+01 -1.289538e+01
    endloop
  endfacet
  facet normal 0.000000e+00 -8.507818e-01 -5.255191e-01
    outer loop
      vertex   -5.000000e-01 8.321794e+01 -1.316313e+01
      vertex   5.000000e-01 8.305255e+01 -1.289538e+01
      vertex   -5.000000e-01 8.305255e+01 -1.289538e+01
    endloop
  endfacet
  facet normal 0.000000e+00 -8.251503e-01 -5.649132e-01
    outer loop
      vertex   -5.000000e-01 8.305255e+01 -1.289538e+01
      vertex   5.000000e-01 8.305255e+01 -1.289538e+01
      vertex   5.000000e-01 8.274369e+01 -1.244423e+01
    endloop
  endfacet
  facet normal 0.000000e+00 -8.251503e-01 -5.649132e-01
    outer loop
      vertex   -5.000000e-01 8.305255e+01 -1.289538e+01
      vertex   5.000000e-01 8.274369e+01 -1.244423e+01
      vertex   -5.000000e-01 8.274369e+01 -1.244423e+01
    endloop
  endfacet
  facet normal 0.000000e+00 -8.163445e-01 -5.775652e-01
    outer loop
      vertex   -5.000000e-01 8.274369e+01 -1.244423e+01
      vertex   5.000000e-01 8.274369e+01 -1.244423e+01
      vertex   5.000000e-01 8.238111e+01 -1.193176e+01
    endloop
  endfacet
  facet normal 0.000000e+00 -8.163445e-01 -5.775652e-01
    outer loop
      vertex   -5.000000e-01 8.274369e+01 -1.244423e+01
      vertex   5.000000e-01 8.238111e+01 -1.193176e+01
      vertex   -5.000000e-01 8.238111e+01 -1.193176e+01
    endloop
  endfacet
  facet normal 0.000000e+00 -7.929844e-01 -6.092420e-01
    outer loop
      vertex   -5.000000e-01 8.238111e+01 -1.193176e+01
      vertex   5.000000e-01 8.238111e+01 -1.193176e+01
      vertex   5.000000e-01 8.197359e+01 -1.140132e+01
    endloop
  endfacet
  facet normal 0.000000e+00 -7.929844e-01 -6.092420e-01
    outer loop
      vertex   -5.000000e-01 8.238111e+01 -1.193176e+01
      vertex   5.000000e-01 8.197359e+01 -1.140132e+01
      vertex   -5.000000e-01 8.197359e+01 -1.140132e+01
    endloop
  endfacet
  facet normal 0.000000e+00 -7.448998e-01 -6.671763e-01
    outer loop
      vertex   -5.000000e-01 8.197359e+01 -1.140132e+01
      vertex   5.000000e-01 8.197359e+01 -1.140132e+01
      vertex   5.000000e-01 8.152818e+01 -1.090403e+01
    endloop
  endfacet
  facet normal 0.000000e+00 -7.448998e-01 -6.671763e-01
    outer loop
      vertex   -5.000000e-01 8.197359e+01 -1.140132e+01
      vertex   5.000000e-01 8.152818e+01 -1.090403e+01
      vertex   -5.000000e-01 8.152818e+01 -1.090403e+01
    endloop
  endfacet
  facet normal 0.000000e+00 -6.925551e-01 -7.213650e-01
    outer loop
      vertex   -5.000000e-01 8.152818e+01 -1.090403e+01
      vertex   5.000000e-01 8.152818e+01 -1.090403e+01
      vertex   5.000000e-01 8.098323e+01 -1.038084e+01
    endloop
  endfacet
  facet normal 0.000000e+00 -6.925551e-01 -7.213650e-01
    outer loop
      vertex   -5.000000e-01 8.152818e+01 -1.090403e+01
      vertex   5.000000e-01 8.098323e+01 -1.038084e+01
      vertex   -5.000000e-01 8.098323e+01 -1.038084e+01
    endloop
  endfacet
  facet normal 0.000000e+00 -6.670855e-01 -7.449811e-01
    outer loop
      vertex   -5.000000e-01 8.098323e+01 -1.038084e+01
      vertex   5.000000e-01 8.098323e+01 -1.038084e+01
      vertex   5.000000e-01 8.070617e+01 -1.013276e+01
    endloop
  endfacet
  facet normal 0.000000e+00 -6.670855e-01 -7.449811e-01
    outer loop
      vertex   -5.000000e-01 8.098323e+01 -1.038084e+01
      vertex   5.000000e-01 8.070617e+01 -1.013276e+01
      vertex   -5.000000e-01 8.070617e+01 -1.013276e+01
    endloop
  endfacet
  facet normal 0.000000e+00 -6.511108e-01 -7.589827e-01
    outer loop
      vertex   -5.000000e-01 8.070617e+01 -1.013276e+01
      vertex   5.000000e-01 8.070617e+01 -1.013276e+01
      vertex   5.000000e-01 8.045258e+01 -9.915208e+00
    endloop
  endfacet
  facet normal 0.000000e+00 -6.511108e-01 -7.589827e-01
    outer loop
      vertex   -5.000000e-01 8.070617e+01 -1.013276e+01
      vertex   5.000000e-01 8.045258e+01 -9.915208e+00
      vertex   -5.000000e-01 8.045258e+01 -9.915208e+00
    endloop
  endfacet
  facet normal 0.000000e+00 -6.306890e-01 -7.760357e-01
    outer loop
      vertex   -5.000000e-01 8.045258e+01 -9.915208e+00
      vertex   5.000000e-01 8.045258e+01 -9.915208e+00
      vertex   5.000000e-01 8.024235e+01 -9.744347e+00
    endloop
  endfacet
  facet normal 0.000000e+00 -6.306890e-01 -7.760357e-01
    outer loop
      vertex   -5.000000e-01 8.045258e+01 -9.915208e+00
      vertex   5.000000e-01 8.024235e+01 -9.744347e+00
      vertex   -5.000000e-01 8.024235e+01 -9.744347e+00
    endloop
  endfacet
  facet normal 0.000000e+00 -5.941535e-01 -8.043517e-01
    outer loop
      vertex   -5.000000e-01 8.024235e+01 -9.744347e+00
      vertex   5.000000e-01 8.024235e+01 -9.744347e+00
      vertex   5.000000e-01 8.009102e+01 -9.632566e+00
    endloop
  endfacet
  facet normal 0.000000e+00 -5.941535e-01 -8.043517e-01
    outer loop
      vertex   -5.000000e-01 8.024235e+01 -9.744347e+00
      vertex   5.000000e-01 8.009102e+01 -9.632566e+00
      vertex   -5.000000e-01 8.009102e+01 -9.632566e+00
    endloop
  endfacet
  facet normal 0.000000e+00 -5.504789e-01 -8.348491e-01
    outer loop
      vertex   -5.000000e-01 8.009102e+01 -9.632566e+00
      vertex   5.000000e-01 8.009102e+01 -9.632566e+00
      vertex   5.000000e-01 7.982164e+01 -9.454940e+00
    endloop
  endfacet
  facet normal 0.000000e+00 -5.504789e-01 -8.348491e-01
    outer loop
      vertex   -5.000000e-01 8.009102e+01 -9.632566e+00
      vertex   5.000000e-01 7.982164e+01 -9.454940e+00
      vertex   -5.000000e-01 7.982164e+01 -9.454940e+00
    endloop
  endfacet
  facet normal 0.000000e+00 -5.544864e-01 -8.321928e-01
    outer loop
      vertex   -5.000000e-01 7.982164e+01 -9.454940e+00
      vertex   5.000000e-01 7.982164e+01 -9.454940e+00
      vertex   5.000000e-01 7.925248e+01 -9.075716e+00
    endloop
  endfacet
  facet normal 0.000000e+00 -5.544864e-01 -8.321928e-01
    outer loop
      vertex   -5.000000e-01 7.982164e+01 -9.454940e+00
      vertex   5.000000e-01 7.925248e+01 -9.075716e+00
      vertex   -5.000000e-01 7.925248e+01 -9.075716e+00
    endloop
  endfacet
  facet normal 0.000000e+00 -5.525444e-01 -8.334835e-01
    outer loop
      vertex   -5.000000e-01 7.925248e+01 -9.075716e+00
      vertex   5.000000e-01 7.925248e+01 -9.075716e+00
      vertex   5.000000e-01 7.904014e+01 -8.934946e+00
    endloop
  endfacet
  facet normal 0.000000e+00 -5.525444e-01 -8.334835e-01
    outer loop
      vertex   -5.000000e-01 7.925248e+01 -9.075716e+00
      vertex   5.000000e-01 7.904014e+01 -8.934946e+00
      vertex   -5.000000e-01 7.904014e+01 -8.934946e+00
    endloop
  endfacet
  facet normal 0.000000e+00 -5.018266e-01 -8.649682e-01
    outer loop
      vertex   -5.000000e-01 7.904014e+01 -8.934946e+00
      vertex   5.000000e-01 7.904014e+01 -8.934946e+00
      vertex   5.000000e-01 7.886149e+01 -8.831297e+00
    endloop
  endfacet
  facet normal 0.000000e+00 -5.018266e-01 -8.649682e-01
    outer loop
      vertex   -5.000000e-01 7.904014e+01 -8.934946e+00
      vertex   5.000000e-01 7.886149e+01 -8.831297e+00
      vertex   -5.000000e-01 7.886149e+01 -8.831297e+00
    endloop
  endfacet
  facet normal 0.000000e+00 -4.353239e-01 -9.002739e-01
    outer loop
      vertex   -5.000000e-01 7.886149e+01 -8.831297e+00
      vertex   5.000000e-01 7.886149e+01 -8.831297e+00
      vertex   5.000000e-01 7.866455e+01 -8.736068e+00
    endloop
  endfacet
  facet normal 0.000000e+00 -4.353239e-01 -9.002739e-01
    outer loop
      vertex   -5.000000e-01 7.886149e+01 -8.831297e+00
      vertex   5.000000e-01 7.866455e+01 -8.736068e+00
      vertex   -5.000000e-01 7.866455e+01 -8.736068e+00
    endloop
  endfacet
  facet normal 0.000000e+00 -3.968092e-01 -9.179011e-01
    outer loop
      vertex   -5.000000e-01 7.866455e+01 -8.736068e+00
      vertex   5.000000e-01 7.866455e+01 -8.736068e+00
      vertex   5.000000e-01 7.839734e+01 -8.620555e+00
    endloop
  endfacet
  facet normal 0.000000e+00 -3.968092e-01 -9.179011e-01
    outer loop
      vertex   -5.000000e-01 7.866455e+01 -8.736068e+00
      vertex   5.000000e-01 7.839734e+01 -8.620555e+00
      vertex   -5.000000e-01 7.839734e+01 -8.620555e+00
    endloop
  endfacet
  facet normal 0.000000e+00 -3.855943e-01 -9.226684e-01
    outer loop
      vertex   -5.000000e-01 7.839734e+01 -8.620555e+00
      vertex   5.000000e-01 7.839734e+01 -8.620555e+00
      vertex   5.000000e-01 7.776806e+01 -8.357570e+00
    endloop
  endfacet
  facet normal 0.000000e+00 -3.855943e-01 -9.226684e-01
    outer loop
      vertex   -5.000000e-01 7.839734e+01 -8.620555e+00
      vertex   5.000000e-01 7.776806e+01 -8.357570e+00
      vertex   -5.000000e-01 7.776806e+01 -8.357570e+00
    endloop
  endfacet
  facet normal 0.000000e+00 -3.793352e-01 -9.252593e-01
    outer loop
      vertex   -5.000000e-01 7.776806e+01 -8.357570e+00
      vertex   5.000000e-01 7.776806e+01 -8.357570e+00
      vertex   5.000000e-01 7.720830e+01 -8.128080e+00
    endloop
  endfacet
  facet normal 0.000000e+00 -3.793352e-01 -9.252593e-01
    outer loop
      vertex   -5.000000e-01 7.776806e+01 -8.357570e+00
      vertex   5.000000e-01 7.720830e+01 -8.128080e+00
      vertex   -5.000000e-01 7.720830e+01 -8.128080e+00
    endloop
  endfacet
  facet normal 0.000000e+00 -3.871419e-01 -9.220201e-01
    outer loop
      vertex   -5.000000e-01 7.720830e+01 -8.128080e+00
      vertex   5.000000e-01 7.720830e+01 -8.128080e+00
      vertex   5.000000e-01 7.520822e+01 -7.288281e+00
    endloop
  endfacet
  facet normal 3.889719e-15 -3.871419e-01 -9.220201e-01
    outer loop
      vertex   -5.000000e-01 7.720830e+01 -8.128080e+00
      vertex   5.000000e-01 7.520822e+01 -7.288281e+00
      vertex   -5.000000e-01 7.520822e+01 -7.288281e+00
    endloop
  endfacet
  facet normal -1.000000e+00 -0.000000e+00 -0.000000e+00
    outer loop
      vertex   -5.000000e-01 9.557176e+01 -1.531009e+01
      vertex   -5.000000e-01 9.557176e+01 -2.068991e+01
      vertex   -5.000000e-01 9.500000e+01 -1.525000e+01
    endloop
  endfacet
  facet normal -1.000000e+00 0.000000e+00 0.000000e+00
    outer loop
      vertex   -5.000000e-01 9.500000e+01 -1.525000e+01
      vertex   -5.000000e-01 9.557176e+01 -2.068991e+01
      vertex   -5.000000e-01 9.500000e+01 -2.075000e+01
    endloop
  endfacet
  facet normal -1.000000e+00 0.000000e+00 -0.000000e+00
    outer loop
      vertex   -5.000000e-01 9.500000e+01 -1.525000e+01
      vertex   -5.000000e-01 9.500000e+01 -2.075000e+01
      vertex   -5.000000e-01 9.442824e+01 -1.531009e+01
    endloop
  endfacet
  facet normal -1.000000e+00 0.000000e+00 0.000000e+00
    outer loop
      vertex   -5.000000e-01 9.442824e+01 -1.531009e+01
      vertex   -5.000000e-01 9.500000e+01 -2.075000e+01
      vertex   -5.000000e-01 9.442824e+01 -2.068991e+01
    endloop
  endfacet
  facet normal -1.000000e+00 0.000000e+00 -0.000000e+00
    outer loop
      vertex   -5.000000e-01 9.442824e+01 -1.531009e+01
      vertex   -5.000000e-01 9.442824e+01 -2.068991e+01
      vertex   -5.000000e-01 9.388148e+01 -1.548775e+01
    endloop
  endfacet
  facet normal -1.000000e+00 0.000000e+00 0.000000e+00
    outer loop
      vertex   -5.000000e-01 9.388148e+01 -1.548775e+01
      vertex   -5.000000e-01 9.442824e+01 -2.068991e+01
      vertex   -5.000000e-01 9.388148e+01 -2.051225e+01
    endloop
  endfacet
  facet normal -1.000000e+00 0.000000e+00 -0.000000e+00
    outer loop
      vertex   -5.000000e-01 9.388148e+01 -1.548775e+01
      vertex   -5.000000e-01 9.388148e+01 -2.051225e+01
      vertex   -5.000000e-01 9.338359e+01 -1.577520e+01
    endloop
  endfacet
  facet normal -1.000000e+00 0.000000e+00 0.000000e+00
    outer loop
      vertex   -5.000000e-01 9.338359e+01 -1.577520e+01
      vertex   -5.000000e-01 9.388148e+01 -2.051225e+01
      vertex   -5.000000e-01 9.338359e+01 -2.022480e+01
    endloop
  endfacet
  facet normal -1.000000e+00 0.000000e+00 -0.000000e+00
    outer loop
      vertex   -5.000000e-01 9.338359e+01 -1.577520e+01
      vertex   -5.000000e-01 9.338359e+01 -2.022480e+01
      vertex   -5.000000e-01 9.295635e+01 -1.615989e+01
    endloop
  endfacet
  facet normal -1.000000e+00 0.000000e+00 0.000000e+00
    outer loop
      vertex   -5.000000e-01 9.295635e+01 -1.615989e+01
      vertex   -5.000000e-01 9.338359e+01 -2.022480e+01
      vertex   -5.000000e-01 9.295635e+01 -1.984011e+01
    endloop
  endfacet
  facet normal -1.000000e+00 0.000000e+00 -0.000000e+00
    outer loop
      vertex   -5.000000e-01 9.295635e+01 -1.615989e+01
      vertex   -5.000000e-01 9.295635e+01 -1.984011e+01
      vertex   -5.000000e-01 9.261843e+01 -1.662500e+01
    endloop
  endfacet
  facet normal -1.000000e+00 0.000000e+00 0.000000e+00
    outer loop
      vertex   -5.000000e-01 9.261843e+01 -1.662500e+01
      vertex   -5.000000e-01 9.295635e+01 -1.984011e+01
      vertex   -5.000000e-01 9.261843e+01 -1.937500e+01
    endloop
  endfacet
  facet normal -1.000000e+00 0.000000e+00 -0.000000e+00
    outer loop
      vertex   -5.000000e-01 9.261843e+01 -1.662500e+01
      vertex   -5.000000e-01 9.261843e+01 -1.937500e+01
      vertex   -5.000000e-01 9.238460e+01 -1.715020e+01
    endloop
  endfacet
  facet normal -1.000000e+00 0.000000e+00 0.000000e+00
    outer loop
      vertex   -5.000000e-01 9.238460e+01 -1.715020e+01
      vertex   -5.000000e-01 9.261843e+01 -1.937500e+01
      vertex   -5.000000e-01 9.238460e+01 -1.884980e+01
    endloop
  endfacet
  facet normal -1.000000e+00 0.000000e+00 -0.000000e+00
    outer loop
      vertex   -5.000000e-01 9.238460e+01 -1.715020e+01
      vertex   -5.000000e-01 9.238460e+01 -1.884980e+01
      vertex   -5.000000e-01 9.226507e+01 -1.771255e+01
    endloop
  endfacet
  facet normal -1.000000e+00 0.000000e+00 0.000000e+00
    outer loop
      vertex   -5.000000e-01 9.226507e+01 -1.771255e+01
      vertex   -5.000000e-01 9.238460e+01 -1.884980e+01
      vertex   -5.000000e-01 9.226507e+01 -1.828745e+01
    endloop
  endfacet
  facet normal -1.000000e+00 0.000000e+00 0.000000e+00
    outer loop
      vertex   -5.000000e-01 9.557176e+01 -2.068991e+01
      vertex   -5.000000e-01 9.557176e+01 -1.531009e+01
      vertex   -5.000000e-01 9.611853e+01 -2.051225e+01
    endloop
  endfacet
  facet normal -1.000000e+00 0.000000e+00 0.000000e+00
    outer loop
      vertex   -5.000000e-01 9.611853e+01 -2.051225e+01
      vertex   -5.000000e-01 9.557176e+01 -1.531009e+01
      vertex   -5.000000e-01 9.611853e+01 -1.548775e+01
    endloop
  endfacet
  facet normal -1.000000e+00 0.000000e+00 0.000000e+00
    outer loop
      vertex   -5.000000e-01 9.611853e+01 -2.051225e+01
      vertex   -5.000000e-01 9.611853e+01 -1.548775e+01
      vertex   -5.000000e-01 9.661641e+01 -2.022480e+01
    endloop
  endfacet
  facet normal -1.000000e+00 0.000000e+00 0.000000e+00
    outer loop
      vertex   -5.000000e-01 9.661641e+01 -2.022480e+01
      vertex   -5.000000e-01 9.611853e+01 -1.548775e+01
      vertex   -5.000000e-01 9.661641e+01 -1.577520e+01
    endloop
  endfacet
  facet normal -1.000000e+00 0.000000e+00 0.000000e+00
    outer loop
      vertex   -5.000000e-01 9.661641e+01 -2.022480e+01
      vertex   -5.000000e-01 9.661641e+01 -1.577520e+01
      vertex   -5.000000e-01 9.704365e+01 -1.984011e+01
    endloop
  endfacet
  facet normal -1.000000e+00 0.000000e+00 0.000000e+00
    outer loop
      vertex   -5.000000e-01 9.704365e+01 -1.984011e+01
      vertex   -5.000000e-01 9.661641e+01 -1.577520e+01
      vertex   -5.000000e-01 9.704365e+01 -1.615989e+01
    endloop
  endfacet
  facet normal -1.000000e+00 0.000000e+00 0.000000e+00
    outer loop
      vertex   -5.000000e-01 9.704365e+01 -1.984011e+01
      vertex   -5.000000e-01 9.704365e+01 -1.615989e+01
      vertex   -5.000000e-01 9.738157e+01 -1.937500e+01
    endloop
  endfacet
  facet normal -1.000000e+00 0.000000e+00 0.000000e+00
    outer loop
      vertex   -5.000000e-01 9.738157e+01 -1.937500e+01
      vertex   -5.000000e-01 9.704365e+01 -1.615989e+01
      vertex   -5.000000e-01 9.738157e+01 -1.662500e+01
    endloop
  endfacet
  facet normal -1.000000e+00 0.000000e+00 0.000000e+00
    outer loop
      vertex   -5.000000e-01 9.738157e+01 -1.937500e+01
      vertex   -5.000000e-01 9.738157e+01 -1.662500e+01
      vertex   -5.000000e-01 9.761541e+01 -1.884980e+01
    endloop
  endfacet
  facet normal -1.000000e+00 0.000000e+00 0.000000e+00
    outer loop
      vertex   -5.000000e-01 9.761541e+01 -1.884980e+01
      vertex   -5.000000e-01 9.738157e+01 -1.662500e+01
      vertex   -5.000000e-01 9.761541e+01 -1.715020e+01
    endloop
  endfacet
  facet normal -1.000000e+00 0.000000e+00 0.000000e+00
    outer loop
      vertex   -5.000000e-01 9.761541e+01 -1.884980e+01
      vertex   -5.000000e-01 9.761541e+01 -1.715020e+01
      vertex   -5.000000e-01 9.773494e+01 -1.828745e+01
    endloop
  endfacet
  facet normal -1.000000e+00 0.000000e+00 0.000000e+00
    outer loop
      vertex   -5.000000e-01 9.773494e+01 -1.828745e+01
      vertex   -5.000000e-01 9.761541e+01 -1.715020e+01
      vertex   -5.000000e-01 9.773494e+01 -1.771255e+01
    endloop
  endfacet
  facet normal 0.000000e+00 0.000000e+00 -1.000000e+00
    outer loop
      vertex   -2.500000e+00 1.034900e+02 -3.720000e+01
      vertex   -2.500000e+00 1.084900e+02 -3.720000e+01
      vertex   -5.000000e-01 1.034900e+02 -3.720000e+01
    endloop
  endfacet
  facet normal 0.000000e+00 0.000000e+00 -1.000000e+00
    outer loop
      vertex   -5.000000e-01 1.034900e+02 -3.720000e+01
      vertex   -2.500000e+00 1.084900e+02 -3.720000e+01
      vertex   -5.000000e-01 1.084900e+02 -3.720000e+01
    endloop
  endfacet
  facet normal 2.887286e-06 0.000000e+00 -1.000000e+00
    outer loop
      vertex   -5.000000e-01 1.034900e+02 -3.720000e+01
      vertex   -5.000000e-01 1.084900e+02 -3.720000e+01
      vertex   5.000000e-01 1.154135e+02 -3.720000e+01
    endloop
  endfacet
  facet normal 0.000000e+00 4.170270e-07 -1.000000e+00
    outer loop
      vertex   5.000000e-01 1.154135e+02 -3.720000e+01
      vertex   -5.000000e-01 1.084900e+02 -3.720000e+01
      vertex   -5.000000e-01 1.154135e+02 -3.720000e+01
    endloop
  endfacet
  facet normal 2.887286e-06 -3.717491e-16 -1.000000e+00
    outer loop
      vertex   5.000000e-01 1.154135e+02 -3.720000e+01
      vertex   5.000000e-01 9.630000e+01 -3.720000e+01
      vertex   -5.000000e-01 1.034900e+02 -3.720000e+01
    endloop
  endfacet
  facet normal 0.000000e+00 -4.015695e-07 -1.000000e+00
    outer loop
      vertex   -5.000000e-01 1.034900e+02 -3.720000e+01
      vertex   5.000000e-01 9.630000e+01 -3.720000e+01
      vertex   -5.000000e-01 9.630000e+01 -3.720000e+01
    endloop
  endfacet
  facet normal 3.958667e-12 4.917251e-16 -1.000000e+00
    outer loop
      vertex   1.480000e+01 1.242000e+02 -6.320000e+01
      vertex   1.480000e+01 9.530000e+01 -6.320000e+01
      vertex   5.000000e-01 1.242000e+02 -6.320000e+01
    endloop
  endfacet
  facet normal 3.959164e-12 7.375877e-16 -1.000000e+00
    outer loop
      vertex   5.000000e-01 1.242000e+02 -6.320000e+01
      vertex   1.480000e+01 9.530000e+01 -6.320000e+01
      vertex   5.000000e-01 9.530000e+01 -6.320000e+01
    endloop
  endfacet
  facet normal 3.958524e-12 2.458625e-16 -1.000000e+00
    outer loop
      vertex   -5.000000e-01 1.242000e+02 -6.320000e+01
      vertex   -5.000000e-01 9.530000e+01 -6.320000e+01
      vertex   -1.470000e+01 1.242000e+02 -6.320000e+01
    endloop
  endfacet
  facet normal 3.958524e-12 2.458626e-16 -1.000000e+00
    outer loop
      vertex   -1.470000e+01 1.242000e+02 -6.320000e+01
      vertex   -5.000000e-01 9.530000e+01 -6.320000e+01
      vertex   -1.470000e+01 9.530000e+01 -6.320000e+01
    endloop
  endfacet
  facet normal 1.000000e+00 1.059867e-08 3.961378e-12
    outer loop
      vertex   -1.370000e+01 1.242000e+02 -6.220000e+01
      vertex   -1.370000e+01 1.242000e+02 -5.077294e+01
      vertex   -1.370000e+01 9.530000e+01 -6.220000e+01
    endloop
  endfacet
  facet normal 1.000000e+00 5.624287e-09 1.258460e-08
    outer loop
      vertex   -1.370000e+01 9.530000e+01 -6.220000e+01
      vertex   -1.370000e+01 1.242000e+02 -5.077294e+01
      vertex   -1.370000e+01 1.218000e+02 -4.970000e+01
    endloop
  endfacet
  facet normal 1.000000e+00 1.156042e-08 -0.000000e+00
    outer loop
      vertex   -1.370000e+01 9.530000e+01 -6.220000e+01
      vertex   -1.370000e+01 1.218000e+02 -4.970000e+01
      vertex   -1.370000e+01 9.530000e+01 -4.970000e+01
    endloop
  endfacet
  facet normal -0.000000e+00 8.432507e-09 1.000000e+00
    outer loop
      vertex   -1.470000e+01 1.218000e+02 -4.970000e+01
      vertex   -1.470000e+01 9.530000e+01 -4.970000e+01
      vertex   -1.370000e+01 1.218000e+02 -4.970000e+01
    endloop
  endfacet
  facet normal 2.234613e-07 2.583307e-15 1.000000e+00
    outer loop
      vertex   -1.370000e+01 1.218000e+02 -4.970000e+01
      vertex   -1.470000e+01 9.530000e+01 -4.970000e+01
      vertex   -1.370000e+01 9.530000e+01 -4.970000e+01
    endloop
  endfacet
  facet normal 0.000000e+00 -1.000000e+00 0.000000e+00
    outer loop
      vertex   -2.500000e+00 1.034900e+02 -3.220000e+01
      vertex   -2.500000e+00 1.034900e+02 -3.720000e+01
      vertex   -5.000000e-01 1.034900e+02 -3.220000e+01
    endloop
  endfacet
  facet normal 0.000000e+00 -1.000000e+00 -0.000000e+00
    outer loop
      vertex   -5.000000e-01 1.034900e+02 -3.220000e+01
      vertex   -2.500000e+00 1.034900e+02 -3.720000e+01
      vertex   -5.000000e-01 1.034900e+02 -3.720000e+01
    endloop
  endfacet
  facet normal -2.637508e-07 1.000000e+00 0.000000e+00
    outer loop
      vertex   5.800000e+00 9.630000e+01 -6.220000e+01
      vertex   3.300000e+00 9.630000e+01 -6.220000e+01
      vertex   5.800000e+00 9.630000e+01 -4.970000e+01
    endloop
  endfacet
  facet normal -2.637508e-07 1.000000e+00 -1.044792e-18
    outer loop
      vertex   5.800000e+00 9.630000e+01 -4.970000e+01
      vertex   3.300000e+00 9.630000e+01 -6.220000e+01
      vertex   3.300000e+00 9.630000e+01 -4.970000e+01
    endloop
  endfacet
  facet normal -1.000000e+00 -5.862758e-13 -4.453207e-12
    outer loop
      vertex   -8.700000e+00 9.890882e+01 -5.498407e+01
      vertex   -8.700000e+00 9.865000e+01 -5.495000e+01
      vertex   -8.700000e+00 1.010000e+02 -4.970000e+01
    endloop
  endfacet
  facet normal -1.000000e+00 6.597015e-13 -5.010930e-12
    outer loop
      vertex   -8.700000e+00 1.010000e+02 -4.970000e+01
      vertex   -8.700000e+00 9.865000e+01 -5.495000e+01
      vertex   -8.700000e+00 9.839118e+01 -5.498407e+01
    endloop
  endfacet
  facet normal -1.000000e+00 -3.413902e-08 1.685022e-08
    outer loop
      vertex   -8.700000e+00 1.010000e+02 -4.970000e+01
      vertex   -8.700000e+00 9.839118e+01 -5.498407e+01
      vertex   -8.700000e+00 9.530000e+01 -4.970000e+01
    endloop
  endfacet
  facet normal -1.000000e+00 -1.227706e-08 2.963945e-08
    outer loop
      vertex   -8.700000e+00 9.530000e+01 -4.970000e+01
      vertex   -8.700000e+00 9.839118e+01 -5.498407e+01
      vertex   -8.700000e+00 9.815000e+01 -5.508397e+01
    endloop
  endfacet
  facet normal -1.000000e+00 -1.971997e-08 2.569956e-08
    outer loop
      vertex   -8.700000e+00 9.530000e+01 -4.970000e+01
      vertex   -8.700000e+00 9.815000e+01 -5.508397e+01
      vertex   -8.700000e+00 9.794289e+01 -5.524289e+01
    endloop
  endfacet
  facet normal -1.000000e+00 -2.821414e-08 2.164947e-08
    outer loop
      vertex   -8.700000e+00 9.794289e+01 -5.524289e+01
      vertex   -8.700000e+00 9.778397e+01 -5.545000e+01
      vertex   -8.700000e+00 9.530000e+01 -4.970000e+01
    endloop
  endfacet
  facet normal -1.000000e+00 -3.998759e-08 1.656340e-08
    outer loop
      vertex   -8.700000e+00 9.530000e+01 -4.970000e+01
      vertex   -8.700000e+00 9.778397e+01 -5.545000e+01
      vertex   -8.700000e+00 9.768407e+01 -5.569118e+01
    endloop
  endfacet
  facet normal -1.000000e+00 -6.132314e-08 8.073344e-09
    outer loop
      vertex   -8.700000e+00 9.530000e+01 -4.970000e+01
      vertex   -8.700000e+00 9.768407e+01 -5.569118e+01
      vertex   -8.700000e+00 9.765000e+01 -5.595000e+01
    endloop
  endfacet
  facet normal -1.000000e+00 -8.279481e-08 -0.000000e+00
    outer loop
      vertex   -8.700000e+00 9.530000e+01 -4.970000e+01
      vertex   -8.700000e+00 9.765000e+01 -5.595000e+01
      vertex   -8.700000e+00 9.530000e+01 -6.220000e+01
    endloop
  endfacet
  facet normal -1.000000e+00 -6.132314e-08 -8.073344e-09
    outer loop
      vertex   -8.700000e+00 9.530000e+01 -6.220000e+01
      vertex   -8.700000e+00 9.765000e+01 -5.595000e+01
      vertex   -8.700000e+00 9.768407e+01 -5.620882e+01
    endloop
  endfacet
  facet normal -1.000000e+00 -3.998759e-08 -1.656340e-08
    outer loop
      vertex   -8.700000e+00 9.530000e+01 -6.220000e+01
      vertex   -8.700000e+00 9.768407e+01 -5.620882e+01
      vertex   -8.700000e+00 9.778397e+01 -5.645000e+01
    endloop
  endfacet
  facet normal -1.000000e+00 -2.821414e-08 -2.164947e-08
    outer loop
      vertex   -8.700000e+00 9.778397e+01 -5.645000e+01
      vertex   -8.700000e+00 9.794289e+01 -5.665711e+01
      vertex   -8.700000e+00 9.530000e+01 -6.220000e+01
    endloop
  endfacet
  facet normal -1.000000e+00 -1.971997e-08 -2.569956e-08
    outer loop
      vertex   -8.700000e+00 9.530000e+01 -6.220000e+01
      vertex   -8.700000e+00 9.794289e+01 -5.665711e+01
      vertex   -8.700000e+00 9.815000e+01 -5.681602e+01
    endloop
  endfacet
  facet normal -1.000000e+00 -1.227706e-08 -2.963945e-08
    outer loop
      vertex   -8.700000e+00 9.530000e+01 -6.220000e+01
      vertex   -8.700000e+00 9.815000e+01 -5.681602e+01
      vertex   -8.700000e+00 9.839118e+01 -5.691592e+01
    endloop
  endfacet
  facet normal -1.000000e+00 -3.413033e-08 -1.685530e-08
    outer loop
      vertex   -8.700000e+00 9.530000e+01 -6.220000e+01
      vertex   -8.700000e+00 9.839118e+01 -5.691592e+01
      vertex   -8.700000e+00 1.010000e+02 -6.220000e+01
    endloop
  endfacet
  facet normal -1.000000e+00 -6.597489e-13 -5.011290e-12
    outer loop
      vertex   -8.700000e+00 1.010000e+02 -6.220000e+01
      vertex   -8.700000e+00 9.839118e+01 -5.691592e+01
      vertex   -8.700000e+00 9.865000e+01 -5.695000e+01
    endloop
  endfacet
  facet normal -1.000000e+00 5.863179e-13 -4.453527e-12
    outer loop
      vertex   -8.700000e+00 1.010000e+02 -6.220000e+01
      vertex   -8.700000e+00 9.865000e+01 -5.695000e+01
      vertex   -8.700000e+00 9.890882e+01 -5.691592e+01
    endloop
  endfacet
  facet normal -1.000000e+00 1.667481e-12 -4.025654e-12
    outer loop
      vertex   -8.700000e+00 9.890882e+01 -5.691592e+01
      vertex   -8.700000e+00 9.915000e+01 -5.681602e+01
      vertex   -8.700000e+00 1.010000e+02 -6.220000e+01
    endloop
  endfacet
  facet normal -1.000000e+00 2.792395e-12 -3.639120e-12
    outer loop
      vertex   -8.700000e+00 1.010000e+02 -6.220000e+01
      vertex   -8.700000e+00 9.915000e+01 -5.681602e+01
      vertex   -8.700000e+00 9.935710e+01 -5.665711e+01
    endloop
  endfacet
  facet normal -1.000000e+00 4.199189e-12 -3.222151e-12
    outer loop
      vertex   -8.700000e+00 1.010000e+02 -6.220000e+01
      vertex   -8.700000e+00 9.935710e+01 -5.665711e+01
      vertex   -8.700000e+00 9.951602e+01 -5.645000e+01
    endloop
  endfacet
  facet normal -1.000000e+00 6.404749e-12 -2.652934e-12
    outer loop
      vertex   -8.700000e+00 9.951602e+01 -5.645000e+01
      vertex   -8.700000e+00 9.961592e+01 -5.620882e+01
      vertex   -8.700000e+00 1.010000e+02 -6.220000e+01
    endloop
  endfacet
  facet normal -1.000000e+00 1.139476e-11 -1.500148e-12
    outer loop
      vertex   -8.700000e+00 1.010000e+02 -6.220000e+01
      vertex   -8.700000e+00 9.961592e+01 -5.620882e+01
      vertex   -8.700000e+00 9.965000e+01 -5.595000e+01
    endloop
  endfacet
  facet normal -1.000000e+00 6.585486e-16 -3.961276e-12
    outer loop
      vertex   -8.700000e+00 1.010000e+02 -6.220000e+01
      vertex   -8.700000e+00 9.965000e+01 -5.595000e+01
      vertex   -8.700000e+00 1.010000e+02 -4.970000e+01
    endloop
  endfacet
  facet normal -1.000000e+00 -1.139394e-11 -1.500040e-12
    outer loop
      vertex   -8.700000e+00 1.010000e+02 -4.970000e+01
      vertex   -8.700000e+00 9.965000e+01 -5.595000e+01
      vertex   -8.700000e+00 9.961592e+01 -5.569118e+01
    endloop
  endfacet
  facet normal -1.000000e+00 -6.404289e-12 -2.652743e-12
    outer loop
      vertex   -8.700000e+00 1.010000e+02 -4.970000e+01
      vertex   -8.700000e+00 9.961592e+01 -5.569118e+01
      vertex   -8.700000e+00 9.951602e+01 -5.545000e+01
    endloop
  endfacet
  facet normal -1.000000e+00 -4.198887e-12 -3.221919e-12
    outer loop
      vertex   -8.700000e+00 9.951602e+01 -5.545000e+01
      vertex   -8.700000e+00 9.935710e+01 -5.524289e+01
      vertex   -8.700000e+00 1.010000e+02 -4.970000e+01
    endloop
  endfacet
  facet normal -1.000000e+00 -2.792194e-12 -3.638858e-12
    outer loop
      vertex   -8.700000e+00 1.010000e+02 -4.970000e+01
      vertex   -8.700000e+00 9.935710e+01 -5.524289e+01
      vertex   -8.700000e+00 9.915000e+01 -5.508397e+01
    endloop
  endfacet
  facet normal -1.000000e+00 -1.667361e-12 -4.025365e-12
    outer loop
      vertex   -8.700000e+00 1.010000e+02 -4.970000e+01
      vertex   -8.700000e+00 9.915000e+01 -5.508397e+01
      vertex   -8.700000e+00 9.890882e+01 -5.498407e+01
    endloop
  endfacet
  facet normal 1.000000e+00 5.083167e-13 3.861049e-12
    outer loop
      vertex   3.300000e+00 9.890882e+01 -5.498407e+01
      vertex   3.300000e+00 1.010000e+02 -4.970000e+01
      vertex   3.300000e+00 9.865000e+01 -5.495000e+01
    endloop
  endfacet
  facet normal 1.000000e+00 0.000000e+00 4.088581e-12
    outer loop
      vertex   3.300000e+00 9.865000e+01 -5.495000e+01
      vertex   3.300000e+00 1.010000e+02 -4.970000e+01
      vertex   3.300000e+00 9.630000e+01 -4.970000e+01
    endloop
  endfacet
  facet normal 1.000000e+00 -5.083168e-13 3.861049e-12
    outer loop
      vertex   3.300000e+00 9.865000e+01 -5.495000e+01
      vertex   3.300000e+00 9.630000e+01 -4.970000e+01
      vertex   3.300000e+00 9.839118e+01 -5.498407e+01
    endloop
  endfacet
  facet normal 1.000000e+00 -1.445647e-12 3.490100e-12
    outer loop
      vertex   3.300000e+00 9.839118e+01 -5.498407e+01
      vertex   3.300000e+00 9.630000e+01 -4.970000e+01
      vertex   3.300000e+00 9.815000e+01 -5.508397e+01
    endloop
  endfacet
  facet normal 1.000000e+00 -2.420908e-12 3.154988e-12
    outer loop
      vertex   3.300000e+00 9.815000e+01 -5.508397e+01
      vertex   3.300000e+00 9.630000e+01 -4.970000e+01
      vertex   3.300000e+00 9.794289e+01 -5.524289e+01
    endloop
  endfacet
  facet normal 1.000000e+00 -3.640549e-12 2.793491e-12
    outer loop
      vertex   3.300000e+00 9.794289e+01 -5.524289e+01
      vertex   3.300000e+00 9.630000e+01 -4.970000e+01
      vertex   3.300000e+00 9.778397e+01 -5.545000e+01
    endloop
  endfacet
  facet normal 1.000000e+00 -5.552693e-12 2.300001e-12
    outer loop
      vertex   3.300000e+00 9.778397e+01 -5.545000e+01
      vertex   3.300000e+00 9.630000e+01 -4.970000e+01
      vertex   3.300000e+00 9.768407e+01 -5.569118e+01
    endloop
  endfacet
  facet normal 1.000000e+00 -9.878861e-12 1.300577e-12
    outer loop
      vertex   3.300000e+00 9.768407e+01 -5.569118e+01
      vertex   3.300000e+00 9.630000e+01 -4.970000e+01
      vertex   3.300000e+00 9.765000e+01 -5.595000e+01
    endloop
  endfacet
  facet normal 1.000000e+00 2.439205e-12 3.961276e-12
    outer loop
      vertex   3.300000e+00 9.765000e+01 -5.595000e+01
      vertex   3.300000e+00 9.630000e+01 -4.970000e+01
      vertex   3.300000e+00 9.630000e+01 -6.220000e+01
    endloop
  endfacet
  facet normal 1.000000e+00 1.290986e-11 1.699616e-12
    outer loop
      vertex   3.300000e+00 9.765000e+01 -5.595000e+01
      vertex   3.300000e+00 9.630000e+01 -6.220000e+01
      vertex   3.300000e+00 9.768407e+01 -5.620882e+01
    endloop
  endfacet
  facet normal 1.000000e+00 7.256354e-12 3.005680e-12
    outer loop
      vertex   3.300000e+00 9.768407e+01 -5.620882e+01
      vertex   3.300000e+00 9.630000e+01 -6.220000e+01
      vertex   3.300000e+00 9.778397e+01 -5.645000e+01
    endloop
  endfacet
  facet normal 1.000000e+00 4.757531e-12 3.650582e-12
    outer loop
      vertex   3.300000e+00 9.778397e+01 -5.645000e+01
      vertex   3.300000e+00 9.630000e+01 -6.220000e+01
      vertex   3.300000e+00 9.794289e+01 -5.665711e+01
    endloop
  endfacet
  facet normal 1.000000e+00 3.163683e-12 4.122993e-12
    outer loop
      vertex   3.300000e+00 9.794289e+01 -5.665711e+01
      vertex   3.300000e+00 9.630000e+01 -6.220000e+01
      vertex   3.300000e+00 9.815000e+01 -5.681602e+01
    endloop
  endfacet
  facet normal 1.000000e+00 1.889196e-12 4.560922e-12
    outer loop
      vertex   3.300000e+00 9.815000e+01 -5.681602e+01
      vertex   3.300000e+00 9.630000e+01 -6.220000e+01
      vertex   3.300000e+00 9.839118e+01 -5.691592e+01
    endloop
  endfacet
  facet normal 1.000000e+00 6.642770e-13 5.045685e-12
    outer loop
      vertex   3.300000e+00 9.839118e+01 -5.691592e+01
      vertex   3.300000e+00 9.630000e+01 -6.220000e+01
      vertex   3.300000e+00 9.865000e+01 -5.695000e+01
    endloop
  endfacet
  facet normal 1.000000e+00 0.000000e+00 5.343028e-12
    outer loop
      vertex   3.300000e+00 9.865000e+01 -5.695000e+01
      vertex   3.300000e+00 9.630000e+01 -6.220000e+01
      vertex   3.300000e+00 1.010000e+02 -6.220000e+01
    endloop
  endfacet
  facet normal 1.000000e+00 -6.642770e-13 5.045685e-12
    outer loop
      vertex   3.300000e+00 9.865000e+01 -5.695000e+01
      vertex   3.300000e+00 1.010000e+02 -6.220000e+01
      vertex   3.300000e+00 9.890882e+01 -5.691592e+01
    endloop
  endfacet
  facet normal 1.000000e+00 -1.889195e-12 4.560921e-12
    outer loop
      vertex   3.300000e+00 9.890882e+01 -5.691592e+01
      vertex   3.300000e+00 1.010000e+02 -6.220000e+01
      vertex   3.300000e+00 9.915000e+01 -5.681602e+01
    endloop
  endfacet
  facet normal 1.000000e+00 -3.163682e-12 4.122991e-12
    outer loop
      vertex   3.300000e+00 9.915000e+01 -5.681602e+01
      vertex   3.300000e+00 1.010000e+02 -6.220000e+01
      vertex   3.300000e+00 9.935710e+01 -5.665711e+01
    endloop
  endfacet
  facet normal 1.000000e+00 -4.757529e-12 3.650580e-12
    outer loop
      vertex   3.300000e+00 9.935710e+01 -5.665711e+01
      vertex   3.300000e+00 1.010000e+02 -6.220000e+01
      vertex   3.300000e+00 9.951602e+01 -5.645000e+01
    endloop
  endfacet
  facet normal 1.000000e+00 -7.256349e-12 3.005678e-12
    outer loop
      vertex   3.300000e+00 9.951602e+01 -5.645000e+01
      vertex   3.300000e+00 1.010000e+02 -6.220000e+01
      vertex   3.300000e+00 9.961592e+01 -5.620882e+01
    endloop
  endfacet
  facet normal 1.000000e+00 -1.290985e-11 1.699614e-12
    outer loop
      vertex   3.300000e+00 9.961592e+01 -5.620882e+01
      vertex   3.300000e+00 1.010000e+02 -6.220000e+01
      vertex   3.300000e+00 9.965000e+01 -5.595000e+01
    endloop
  endfacet
  facet normal 1.000000e+00 -2.439199e-12 3.961276e-12
    outer loop
      vertex   3.300000e+00 9.965000e+01 -5.595000e+01
      vertex   3.300000e+00 1.010000e+02 -6.220000e+01
      vertex   3.300000e+00 1.010000e+02 -4.970000e+01
    endloop
  endfacet
  facet normal 1.000000e+00 9.878848e-12 1.300575e-12
    outer loop
      vertex   3.300000e+00 9.965000e+01 -5.595000e+01
      vertex   3.300000e+00 1.010000e+02 -4.970000e+01
      vertex   3.300000e+00 9.961592e+01 -5.569118e+01
    endloop
  endfacet
  facet normal 1.000000e+00 5.552689e-12 2.299999e-12
    outer loop
      vertex   3.300000e+00 9.961592e+01 -5.569118e+01
      vertex   3.300000e+00 1.010000e+02 -4.970000e+01
      vertex   3.300000e+00 9.951602e+01 -5.545000e+01
    endloop
  endfacet
  facet normal 1.000000e+00 3.640547e-12 2.793490e-12
    outer loop
      vertex   3.300000e+00 9.951602e+01 -5.545000e+01
      vertex   3.300000e+00 1.010000e+02 -4.970000e+01
      vertex   3.300000e+00 9.935710e+01 -5.524289e+01
    endloop
  endfacet
  facet normal 1.000000e+00 2.420907e-12 3.154987e-12
    outer loop
      vertex   3.300000e+00 9.935710e+01 -5.524289e+01
      vertex   3.300000e+00 1.010000e+02 -4.970000e+01
      vertex   3.300000e+00 9.915000e+01 -5.508397e+01
    endloop
  endfacet
  facet normal 1.000000e+00 1.445646e-12 3.490099e-12
    outer loop
      vertex   3.300000e+00 9.915000e+01 -5.508397e+01
      vertex   3.300000e+00 1.010000e+02 -4.970000e+01
      vertex   3.300000e+00 9.890882e+01 -5.498407e+01
    endloop
  endfacet
  facet normal -0.000000e+00 -9.997808e-01 -2.093847e-02
    outer loop
      vertex   -5.000000e-01 9.332197e+01 -6.101233e+01
      vertex   -5.000000e-01 9.326809e+01 -5.843982e+01
      vertex   -7.000000e-01 9.332197e+01 -6.101233e+01
    endloop
  endfacet
  facet normal 5.169010e-02 -9.983520e-01 -2.492720e-02
    outer loop
      vertex   -7.000000e-01 9.332197e+01 -6.101233e+01
      vertex   -5.000000e-01 9.326809e+01 -5.843982e+01
      vertex   -7.000000e-01 9.319272e+01 -5.583578e+01
    endloop
  endfacet
  facet normal 0.000000e+00 -9.995814e-01 -2.893278e-02
    outer loop
      vertex   -7.000000e-01 9.319272e+01 -5.583578e+01
      vertex   -5.000000e-01 9.326809e+01 -5.843982e+01
      vertex   -5.000000e-01 9.319272e+01 -5.583578e+01
    endloop
  endfacet
  facet normal 0.000000e+00 3.592169e-15 -1.000000e+00
    outer loop
      vertex   -2.700000e+00 9.332197e+01 -6.101233e+01
      vertex   -2.700000e+00 9.530000e+01 -6.101233e+01
      vertex   -7.000000e-01 9.332197e+01 -6.101233e+01
    endloop
  endfacet
  facet normal -9.689219e-15 -6.204655e-15 -1.000000e+00
    outer loop
      vertex   -7.000000e-01 9.332197e+01 -6.101233e+01
      vertex   -2.700000e+00 9.530000e+01 -6.101233e+01
      vertex   -5.000000e-01 9.530000e+01 -6.101233e+01
    endloop
  endfacet
  facet normal 0.000000e+00 -7.184337e-15 -1.000000e+00
    outer loop
      vertex   -7.000000e-01 9.332197e+01 -6.101233e+01
      vertex   -5.000000e-01 9.530000e+01 -6.101233e+01
      vertex   -5.000000e-01 9.332197e+01 -6.101233e+01
    endloop
  endfacet
  facet normal 0.000000e+00 -1.135854e-03 -9.999994e-01
    outer loop
      vertex   -2.700000e+00 8.746328e+01 -6.100567e+01
      vertex   -2.700000e+00 9.332197e+01 -6.101233e+01
      vertex   -7.000000e-01 8.746328e+01 -6.100567e+01
    endloop
  endfacet
  facet normal 0.000000e+00 -1.135854e-03 -9.999994e-01
    outer loop
      vertex   -7.000000e-01 8.746328e+01 -6.100567e+01
      vertex   -2.700000e+00 9.332197e+01 -6.101233e+01
      vertex   -7.000000e-01 9.332197e+01 -6.101233e+01
    endloop
  endfacet
  facet normal 0.000000e+00 9.992069e-01 3.982036e-02
    outer loop
      vertex   -7.000000e-01 9.318994e+01 -5.576603e+01
      vertex   -7.000000e-01 9.319272e+01 -5.583578e+01
      vertex   -2.700000e+00 9.318994e+01 -5.576603e+01
    endloop
  endfacet
  facet normal 0.000000e+00 9.992069e-01 3.982036e-02
    outer loop
      vertex   -2.700000e+00 9.318994e+01 -5.576603e+01
      vertex   -7.000000e-01 9.319272e+01 -5.583578e+01
      vertex   -2.700000e+00 9.319272e+01 -5.583578e+01
    endloop
  endfacet
  facet normal 1.000000e+00 0.000000e+00 -0.000000e+00
    outer loop
      vertex   -7.000000e-01 8.758203e+01 -5.542044e+01
      vertex   -7.000000e-01 8.773732e+01 -5.540000e+01
      vertex   -7.000000e-01 8.746897e+01 -5.100000e+01
    endloop
  endfacet
  facet normal 1.000000e+00 0.000000e+00 0.000000e+00
    outer loop
      vertex   -7.000000e-01 8.746897e+01 -5.100000e+01
      vertex   -7.000000e-01 8.773732e+01 -5.540000e+01
      vertex   -7.000000e-01 8.789261e+01 -5.542044e+01
    endloop
  endfacet
  facet normal 1.000000e+00 0.000000e+00 0.000000e+00
    outer loop
      vertex   -7.000000e-01 8.746897e+01 -5.100000e+01
      vertex   -7.000000e-01 8.789261e+01 -5.542044e+01
      vertex   -7.000000e-01 8.803732e+01 -5.548038e+01
    endloop
  endfacet
  facet normal 1.000000e+00 -0.000000e+00 0.000000e+00
    outer loop
      vertex   -7.000000e-01 8.746897e+01 -5.100000e+01
      vertex   -7.000000e-01 8.803732e+01 -5.548038e+01
      vertex   -7.000000e-01 9.300000e+01 -5.100000e+01
    endloop
  endfacet
  facet normal 1.000000e+00 0.000000e+00 0.000000e+00
    outer loop
      vertex   -7.000000e-01 9.300000e+01 -5.100000e+01
      vertex   -7.000000e-01 8.803732e+01 -5.548038e+01
      vertex   -7.000000e-01 8.816159e+01 -5.557573e+01
    endloop
  endfacet
  facet normal 1.000000e+00 0.000000e+00 0.000000e+00
    outer loop
      vertex   -7.000000e-01 9.300000e+01 -5.100000e+01
      vertex   -7.000000e-01 8.816159e+01 -5.557573e+01
      vertex   -7.000000e-01 9.318994e+01 -5.576603e+01
    endloop
  endfacet
  facet normal 1.000000e+00 0.000000e+00 0.000000e+00
    outer loop
      vertex   -7.000000e-01 9.318994e+01 -5.576603e+01
      vertex   -7.000000e-01 8.816159e+01 -5.557573e+01
      vertex   -7.000000e-01 8.825694e+01 -5.570000e+01
    endloop
  endfacet
  facet normal 1.000000e+00 0.000000e+00 0.000000e+00
    outer loop
      vertex   -7.000000e-01 9.318994e+01 -5.576603e+01
      vertex   -7.000000e-01 8.825694e+01 -5.570000e+01
      vertex   -7.000000e-01 8.831688e+01 -5.584471e+01
    endloop
  endfacet
  facet normal 1.000000e+00 -0.000000e+00 0.000000e+00
    outer loop
      vertex   -7.000000e-01 8.831688e+01 -5.584471e+01
      vertex   -7.000000e-01 8.833732e+01 -5.600000e+01
      vertex   -7.000000e-01 9.318994e+01 -5.576603e+01
    endloop
  endfacet
  facet normal 1.000000e+00 0.000000e+00 0.000000e+00
    outer loop
      vertex   -7.000000e-01 9.318994e+01 -5.576603e+01
      vertex   -7.000000e-01 8.833732e+01 -5.600000e+01
      vertex   -7.000000e-01 9.319272e+01 -5.583578e+01
    endloop
  endfacet
  facet normal 1.000000e+00 0.000000e+00 0.000000e+00
    outer loop
      vertex   -7.000000e-01 9.319272e+01 -5.583578e+01
      vertex   -7.000000e-01 8.833732e+01 -5.600000e+01
      vertex   -7.000000e-01 8.831688e+01 -5.615529e+01
    endloop
  endfacet
  facet normal 1.000000e+00 0.000000e+00 0.000000e+00
    outer loop
      vertex   -7.000000e-01 9.319272e+01 -5.583578e+01
      vertex   -7.000000e-01 8.831688e+01 -5.615529e+01
      vertex   -7.000000e-01 8.825694e+01 -5.630000e+01
    endloop
  endfacet
  facet normal 1.000000e+00 -0.000000e+00 0.000000e+00
    outer loop
      vertex   -7.000000e-01 8.825694e+01 -5.630000e+01
      vertex   -7.000000e-01 8.816159e+01 -5.642426e+01
      vertex   -7.000000e-01 9.319272e+01 -5.583578e+01
    endloop
  endfacet
  facet normal 1.000000e+00 0.000000e+00 0.000000e+00
    outer loop
      vertex   -7.000000e-01 9.319272e+01 -5.583578e+01
      vertex   -7.000000e-01 8.816159e+01 -5.642426e+01
      vertex   -7.000000e-01 9.332197e+01 -6.101233e+01
    endloop
  endfacet
  facet normal 1.000000e+00 0.000000e+00 0.000000e+00
    outer loop
      vertex   -7.000000e-01 9.332197e+01 -6.101233e+01
      vertex   -7.000000e-01 8.816159e+01 -5.642426e+01
      vertex   -7.000000e-01 8.803732e+01 -5.651961e+01
    endloop
  endfacet
  facet normal 1.000000e+00 0.000000e+00 0.000000e+00
    outer loop
      vertex   -7.000000e-01 9.332197e+01 -6.101233e+01
      vertex   -7.000000e-01 8.803732e+01 -5.651961e+01
      vertex   -7.000000e-01 8.746328e+01 -6.100567e+01
    endloop
  endfacet
  facet normal 1.000000e+00 0.000000e+00 0.000000e+00
    outer loop
      vertex   -7.000000e-01 8.746328e+01 -6.100567e+01
      vertex   -7.000000e-01 8.803732e+01 -5.651961e+01
      vertex   -7.000000e-01 8.789261e+01 -5.657955e+01
    endloop
  endfacet
  facet normal 1.000000e+00 0.000000e+00 0.000000e+00
    outer loop
      vertex   -7.000000e-01 8.746328e+01 -6.100567e+01
      vertex   -7.000000e-01 8.789261e+01 -5.657955e+01
      vertex   -7.000000e-01 8.773732e+01 -5.660000e+01
    endloop
  endfacet
  facet normal 1.000000e+00 0.000000e+00 0.000000e+00
    outer loop
      vertex   -7.000000e-01 8.773732e+01 -5.660000e+01
      vertex   -7.000000e-01 8.758203e+01 -5.657955e+01
      vertex   -7.000000e-01 8.746328e+01 -6.100567e+01
    endloop
  endfacet
  facet normal 1.000000e+00 0.000000e+00 -0.000000e+00
    outer loop
      vertex   -7.000000e-01 8.746328e+01 -6.100567e+01
      vertex   -7.000000e-01 8.758203e+01 -5.657955e+01
      vertex   -7.000000e-01 8.668118e+01 -6.094323e+01
    endloop
  endfacet
  facet normal 1.000000e+00 0.000000e+00 -0.000000e+00
    outer loop
      vertex   -7.000000e-01 8.668118e+01 -6.094323e+01
      vertex   -7.000000e-01 8.758203e+01 -5.657955e+01
      vertex   -7.000000e-01 8.591847e+01 -6.075920e+01
    endloop
  endfacet
  facet normal 1.000000e+00 0.000000e+00 -0.000000e+00
    outer loop
      vertex   -7.000000e-01 8.591847e+01 -6.075920e+01
      vertex   -7.000000e-01 8.758203e+01 -5.657955e+01
      vertex   -7.000000e-01 8.519395e+01 -6.045813e+01
    endloop
  endfacet
  facet normal 1.000000e+00 0.000000e+00 0.000000e+00
    outer loop
      vertex   -7.000000e-01 8.519395e+01 -6.045813e+01
      vertex   -7.000000e-01 8.758203e+01 -5.657955e+01
      vertex   -7.000000e-01 8.743732e+01 -5.651961e+01
    endloop
  endfacet
  facet normal 1.000000e+00 0.000000e+00 -0.000000e+00
    outer loop
      vertex   -7.000000e-01 8.519395e+01 -6.045813e+01
      vertex   -7.000000e-01 8.743732e+01 -5.651961e+01
      vertex   -7.000000e-01 8.452544e+01 -6.004742e+01
    endloop
  endfacet
  facet normal 1.000000e+00 0.000000e+00 -0.000000e+00
    outer loop
      vertex   -7.000000e-01 8.452544e+01 -6.004742e+01
      vertex   -7.000000e-01 8.743732e+01 -5.651961e+01
      vertex   -7.000000e-01 8.392941e+01 -5.953719e+01
    endloop
  endfacet
  facet normal 1.000000e+00 0.000000e+00 0.000000e+00
    outer loop
      vertex   -7.000000e-01 8.392941e+01 -5.953719e+01
      vertex   -7.000000e-01 8.743732e+01 -5.651961e+01
      vertex   -7.000000e-01 8.731306e+01 -5.642426e+01
    endloop
  endfacet
  facet normal 1.000000e+00 0.000000e+00 -0.000000e+00
    outer loop
      vertex   -7.000000e-01 8.392941e+01 -5.953719e+01
      vertex   -7.000000e-01 8.731306e+01 -5.642426e+01
      vertex   -7.000000e-01 8.342054e+01 -5.894001e+01
    endloop
  endfacet
  facet normal 1.000000e+00 0.000000e+00 0.000000e+00
    outer loop
      vertex   -7.000000e-01 8.342054e+01 -5.894001e+01
      vertex   -7.000000e-01 8.731306e+01 -5.642426e+01
      vertex   -7.000000e-01 8.721771e+01 -5.630000e+01
    endloop
  endfacet
  facet normal 1.000000e+00 0.000000e+00 -0.000000e+00
    outer loop
      vertex   -7.000000e-01 8.342054e+01 -5.894001e+01
      vertex   -7.000000e-01 8.721771e+01 -5.630000e+01
      vertex   -7.000000e-01 8.301135e+01 -5.827057e+01
    endloop
  endfacet
  facet normal 1.000000e+00 0.000000e+00 -0.000000e+00
    outer loop
      vertex   -7.000000e-01 8.301135e+01 -5.827057e+01
      vertex   -7.000000e-01 8.721771e+01 -5.630000e+01
      vertex   -7.000000e-01 8.271193e+01 -5.754536e+01
    endloop
  endfacet
  facet normal 1.000000e+00 0.000000e+00 0.000000e+00
    outer loop
      vertex   -7.000000e-01 8.271193e+01 -5.754536e+01
      vertex   -7.000000e-01 8.721771e+01 -5.630000e+01
      vertex   -7.000000e-01 8.715777e+01 -5.615529e+01
    endloop
  endfacet
  facet normal 1.000000e+00 0.000000e+00 -0.000000e+00
    outer loop
      vertex   -7.000000e-01 8.271193e+01 -5.754536e+01
      vertex   -7.000000e-01 8.715777e+01 -5.615529e+01
      vertex   -7.000000e-01 8.252963e+01 -5.678224e+01
    endloop
  endfacet
  facet normal 1.000000e+00 0.000000e+00 0.000000e+00
    outer loop
      vertex   -7.000000e-01 8.252963e+01 -5.678224e+01
      vertex   -7.000000e-01 8.715777e+01 -5.615529e+01
      vertex   -7.000000e-01 8.713732e+01 -5.600000e+01
    endloop
  endfacet
  facet normal 1.000000e+00 0.000000e+00 -0.000000e+00
    outer loop
      vertex   -7.000000e-01 8.252963e+01 -5.678224e+01
      vertex   -7.000000e-01 8.713732e+01 -5.600000e+01
      vertex   -7.000000e-01 8.246896e+01 -5.600000e+01
    endloop
  endfacet
  facet normal 1.000000e+00 0.000000e+00 0.000000e+00
    outer loop
      vertex   -7.000000e-01 8.246896e+01 -5.600000e+01
      vertex   -7.000000e-01 8.713732e+01 -5.600000e+01
      vertex   -7.000000e-01 8.246897e+01 -5.599432e+01
    endloop
  endfacet
  facet normal 1.000000e+00 -0.000000e+00 0.000000e+00
    outer loop
      vertex   -7.000000e-01 8.246897e+01 -5.599432e+01
      vertex   -7.000000e-01 8.713732e+01 -5.600000e+01
      vertex   -7.000000e-01 8.253133e+01 -5.521278e+01
    endloop
  endfacet
  facet normal 1.000000e+00 0.000000e+00 0.000000e+00
    outer loop
      vertex   -7.000000e-01 8.253133e+01 -5.521278e+01
      vertex   -7.000000e-01 8.713732e+01 -5.600000e+01
      vertex   -7.000000e-01 8.715777e+01 -5.584471e+01
    endloop
  endfacet
  facet normal 1.000000e+00 -0.000000e+00 0.000000e+00
    outer loop
      vertex   -7.000000e-01 8.253133e+01 -5.521278e+01
      vertex   -7.000000e-01 8.715777e+01 -5.584471e+01
      vertex   -7.000000e-01 8.271509e+01 -5.445060e+01
    endloop
  endfacet
  facet normal 1.000000e+00 0.000000e+00 0.000000e+00
    outer loop
      vertex   -7.000000e-01 8.271509e+01 -5.445060e+01
      vertex   -7.000000e-01 8.715777e+01 -5.584471e+01
      vertex   -7.000000e-01 8.721771e+01 -5.570000e+01
    endloop
  endfacet
  facet normal 1.000000e+00 -0.000000e+00 0.000000e+00
    outer loop
      vertex   -7.000000e-01 8.271509e+01 -5.445060e+01
      vertex   -7.000000e-01 8.721771e+01 -5.570000e+01
      vertex   -7.000000e-01 8.301574e+01 -5.372651e+01
    endloop
  endfacet
  facet normal 1.000000e+00 -0.000000e+00 0.000000e+00
    outer loop
      vertex   -7.000000e-01 8.301574e+01 -5.372651e+01
      vertex   -7.000000e-01 8.721771e+01 -5.570000e+01
      vertex   -7.000000e-01 8.342588e+01 -5.305832e+01
    endloop
  endfacet
  facet normal 1.000000e+00 0.000000e+00 0.000000e+00
    outer loop
      vertex   -7.000000e-01 8.342588e+01 -5.305832e+01
      vertex   -7.000000e-01 8.721771e+01 -5.570000e+01
      vertex   -7.000000e-01 8.731306e+01 -5.557573e+01
    endloop
  endfacet
  facet normal 1.000000e+00 -0.000000e+00 0.000000e+00
    outer loop
      vertex   -7.000000e-01 8.342588e+01 -5.305832e+01
      vertex   -7.000000e-01 8.731306e+01 -5.557573e+01
      vertex   -7.000000e-01 8.393544e+01 -5.246246e+01
    endloop
  endfacet
  facet normal 1.000000e+00 0.000000e+00 0.000000e+00
    outer loop
      vertex   -7.000000e-01 8.393544e+01 -5.246246e+01
      vertex   -7.000000e-01 8.731306e+01 -5.557573e+01
      vertex   -7.000000e-01 8.743732e+01 -5.548038e+01
    endloop
  endfacet
  facet normal 1.000000e+00 -0.000000e+00 0.000000e+00
    outer loop
      vertex   -7.000000e-01 8.393544e+01 -5.246246e+01
      vertex   -7.000000e-01 8.743732e+01 -5.548038e+01
      vertex   -7.000000e-01 8.453188e+01 -5.195358e+01
    endloop
  endfacet
  facet normal 1.000000e+00 -0.000000e+00 0.000000e+00
    outer loop
      vertex   -7.000000e-01 8.453188e+01 -5.195358e+01
      vertex   -7.000000e-01 8.743732e+01 -5.548038e+01
      vertex   -7.000000e-01 8.520053e+01 -5.154419e+01
    endloop
  endfacet
  facet normal 1.000000e+00 0.000000e+00 0.000000e+00
    outer loop
      vertex   -7.000000e-01 8.520053e+01 -5.154419e+01
      vertex   -7.000000e-01 8.743732e+01 -5.548038e+01
      vertex   -7.000000e-01 8.758203e+01 -5.542044e+01
    endloop
  endfacet
  facet normal 1.000000e+00 -0.000000e+00 0.000000e+00
    outer loop
      vertex   -7.000000e-01 8.520053e+01 -5.154419e+01
      vertex   -7.000000e-01 8.758203e+01 -5.542044e+01
      vertex   -7.000000e-01 8.592496e+01 -5.124437e+01
    endloop
  endfacet
  facet normal 1.000000e+00 -0.000000e+00 0.000000e+00
    outer loop
      vertex   -7.000000e-01 8.592496e+01 -5.124437e+01
      vertex   -7.000000e-01 8.758203e+01 -5.542044e+01
      vertex   -7.000000e-01 8.668735e+01 -5.106147e+01
    endloop
  endfacet
  facet normal 1.000000e+00 -0.000000e+00 0.000000e+00
    outer loop
      vertex   -7.000000e-01 8.668735e+01 -5.106147e+01
      vertex   -7.000000e-01 8.758203e+01 -5.542044e+01
      vertex   -7.000000e-01 8.746897e+01 -5.100000e+01
    endloop
  endfacet
  facet normal 0.000000e+00 -1.000000e+00 0.000000e+00
    outer loop
      vertex   5.000000e-01 1.220000e+02 -6.530000e+01
      vertex   5.000000e-01 1.220000e+02 -6.670000e+01
      vertex   2.000000e+00 1.220000e+02 -6.530000e+01
    endloop
  endfacet
  facet normal 0.000000e+00 -1.000000e+00 -0.000000e+00
    outer loop
      vertex   2.000000e+00 1.220000e+02 -6.530000e+01
      vertex   5.000000e-01 1.220000e+02 -6.670000e+01
      vertex   2.000000e+00 1.220000e+02 -6.670000e+01
    endloop
  endfacet
  facet normal 0.000000e+00 -1.000000e+00 0.000000e+00
    outer loop
      vertex   -5.000000e-01 1.220000e+02 -6.670000e+01
      vertex   -5.000000e-01 1.220000e+02 -6.530000e+01
      vertex   -2.000000e+00 1.220000e+02 -6.670000e+01
    endloop
  endfacet
  facet normal 0.000000e+00 -1.000000e+00 0.000000e+00
    outer loop
      vertex   -2.000000e+00 1.220000e+02 -6.670000e+01
      vertex   -5.000000e-01 1.220000e+02 -6.530000e+01
      vertex   -2.000000e+00 1.220000e+02 -6.530000e+01
    endloop
  endfacet
  facet normal -0.000000e+00 3.437427e-07 1.000000e+00
    outer loop
      vertex   5.000000e-01 1.240000e+02 -6.530000e+01
      vertex   5.000000e-01 1.220000e+02 -6.530000e+01
      vertex   2.000000e+00 1.240000e+02 -6.530000e+01
    endloop
  endfacet
  facet normal 0.000000e+00 3.437427e-07 1.000000e+00
    outer loop
      vertex   2.000000e+00 1.240000e+02 -6.530000e+01
      vertex   5.000000e-01 1.220000e+02 -6.530000e+01
      vertex   2.000000e+00 1.220000e+02 -6.530000e+01
    endloop
  endfacet
  facet normal 0.000000e+00 3.437427e-07 1.000000e+00
    outer loop
      vertex   -5.000000e-01 1.220000e+02 -6.530000e+01
      vertex   -5.000000e-01 1.240000e+02 -6.530000e+01
      vertex   -2.000000e+00 1.220000e+02 -6.530000e+01
    endloop
  endfacet
  facet normal 0.000000e+00 3.437427e-07 1.000000e+00
    outer loop
      vertex   -2.000000e+00 1.220000e+02 -6.530000e+01
      vertex   -5.000000e-01 1.240000e+02 -6.530000e+01
      vertex   -2.000000e+00 1.240000e+02 -6.530000e+01
    endloop
  endfacet
  facet normal 0.000000e+00 1.000000e+00 -6.874854e-07
    outer loop
      vertex   5.000000e-01 1.240000e+02 -7.190000e+01
      vertex   5.000000e-01 1.240000e+02 -6.530000e+01
      vertex   2.000000e+00 1.240000e+02 -7.190000e+01
    endloop
  endfacet
  facet normal 0.000000e+00 1.000000e+00 -6.874854e-07
    outer loop
      vertex   2.000000e+00 1.240000e+02 -7.190000e+01
      vertex   5.000000e-01 1.240000e+02 -6.530000e+01
      vertex   2.000000e+00 1.240000e+02 -6.530000e+01
    endloop
  endfacet
  facet normal 0.000000e+00 1.000000e+00 -6.874854e-07
    outer loop
      vertex   -5.000000e-01 1.240000e+02 -6.530000e+01
      vertex   -5.000000e-01 1.240000e+02 -7.190000e+01
      vertex   -2.000000e+00 1.240000e+02 -6.530000e+01
    endloop
  endfacet
  facet normal 0.000000e+00 1.000000e+00 -6.874854e-07
    outer loop
      vertex   -2.000000e+00 1.240000e+02 -6.530000e+01
      vertex   -5.000000e-01 1.240000e+02 -7.190000e+01
      vertex   -2.000000e+00 1.240000e+02 -7.190000e+01
    endloop
  endfacet
  facet normal 0.000000e+00 0.000000e+00 -1.000000e+00
    outer loop
      vertex   5.000000e-01 1.220000e+02 -7.190000e+01
      vertex   5.000000e-01 1.240000e+02 -7.190000e+01
      vertex   2.000000e+00 1.220000e+02 -7.190000e+01
    endloop
  endfacet
  facet normal 0.000000e+00 0.000000e+00 -1.000000e+00
    outer loop
      vertex   2.000000e+00 1.220000e+02 -7.190000e+01
      vertex   5.000000e-01 1.240000e+02 -7.190000e+01
      vertex   2.000000e+00 1.240000e+02 -7.190000e+01
    endloop
  endfacet
  facet normal -0.000000e+00 -0.000000e+00 -1.000000e+00
    outer loop
      vertex   -5.000000e-01 1.240000e+02 -7.190000e+01
      vertex   -5.000000e-01 1.220000e+02 -7.190000e+01
      vertex   -2.000000e+00 1.240000e+02 -7.190000e+01
    endloop
  endfacet
  facet normal 0.000000e+00 0.000000e+00 -1.000000e+00
    outer loop
      vertex   -2.000000e+00 1.240000e+02 -7.190000e+01
      vertex   -5.000000e-01 1.220000e+02 -7.190000e+01
      vertex   -2.000000e+00 1.220000e+02 -7.190000e+01
    endloop
  endfacet
  facet normal 0.000000e+00 -1.000000e+00 0.000000e+00
    outer loop
      vertex   5.000000e-01 1.220000e+02 -7.070000e+01
      vertex   5.000000e-01 1.220000e+02 -7.190000e+01
      vertex   2.000000e+00 1.220000e+02 -7.070000e+01
    endloop
  endfacet
  facet normal 0.000000e+00 -1.000000e+00 -0.000000e+00
    outer loop
      vertex   2.000000e+00 1.220000e+02 -7.070000e+01
      vertex   5.000000e-01 1.220000e+02 -7.190000e+01
      vertex   2.000000e+00 1.220000e+02 -7.190000e+01
    endloop
  endfacet
  facet normal 0.000000e+00 -1.000000e+00 0.000000e+00
    outer loop
      vertex   -5.000000e-01 1.220000e+02 -7.190000e+01
      vertex   -5.000000e-01 1.220000e+02 -7.070000e+01
      vertex   -2.000000e+00 1.220000e+02 -7.190000e+01
    endloop
  endfacet
  facet normal 0.000000e+00 -1.000000e+00 0.000000e+00
    outer loop
      vertex   -2.000000e+00 1.220000e+02 -7.190000e+01
      vertex   -5.000000e-01 1.220000e+02 -7.070000e+01
      vertex   -2.000000e+00 1.220000e+02 -7.070000e+01
    endloop
  endfacet
  facet normal 1.000000e+00 -0.000000e+00 0.000000e+00
    outer loop
      vertex   5.000000e-01 1.424282e+02 -7.131010e+01
      vertex   5.000000e-01 1.424282e+02 -7.668991e+01
      vertex   5.000000e-01 1.430000e+02 -7.125000e+01
    endloop
  endfacet
  facet normal 1.000000e+00 0.000000e+00 0.000000e+00
    outer loop
      vertex   5.000000e-01 1.430000e+02 -7.125000e+01
      vertex   5.000000e-01 1.424282e+02 -7.668991e+01
      vertex   5.000000e-01 1.430000e+02 -7.675000e+01
    endloop
  endfacet
  facet normal 1.000000e+00 0.000000e+00 0.000000e+00
    outer loop
      vertex   5.000000e-01 1.430000e+02 -7.125000e+01
      vertex   5.000000e-01 1.430000e+02 -7.675000e+01
      vertex   5.000000e-01 1.435718e+02 -7.131010e+01
    endloop
  endfacet
  facet normal 1.000000e+00 0.000000e+00 0.000000e+00
    outer loop
      vertex   5.000000e-01 1.435718e+02 -7.131010e+01
      vertex   5.000000e-01 1.430000e+02 -7.675000e+01
      vertex   5.000000e-01 1.435718e+02 -7.668991e+01
    endloop
  endfacet
  facet normal 1.000000e+00 0.000000e+00 0.000000e+00
    outer loop
      vertex   5.000000e-01 1.435718e+02 -7.131010e+01
      vertex   5.000000e-01 1.435718e+02 -7.668991e+01
      vertex   5.000000e-01 1.441185e+02 -7.148775e+01
    endloop
  endfacet
  facet normal 1.000000e+00 0.000000e+00 0.000000e+00
    outer loop
      vertex   5.000000e-01 1.441185e+02 -7.148775e+01
      vertex   5.000000e-01 1.435718e+02 -7.668991e+01
      vertex   5.000000e-01 1.441185e+02 -7.651225e+01
    endloop
  endfacet
  facet normal 1.000000e+00 0.000000e+00 0.000000e+00
    outer loop
      vertex   5.000000e-01 1.441185e+02 -7.148775e+01
      vertex   5.000000e-01 1.441185e+02 -7.651225e+01
      vertex   5.000000e-01 1.446164e+02 -7.177520e+01
    endloop
  endfacet
  facet normal 1.000000e+00 0.000000e+00 0.000000e+00
    outer loop
      vertex   5.000000e-01 1.446164e+02 -7.177520e+01
      vertex   5.000000e-01 1.441185e+02 -7.651225e+01
      vertex   5.000000e-01 1.446164e+02 -7.622480e+01
    endloop
  endfacet
  facet normal 1.000000e+00 0.000000e+00 0.000000e+00
    outer loop
      vertex   5.000000e-01 1.446164e+02 -7.177520e+01
      vertex   5.000000e-01 1.446164e+02 -7.622480e+01
      vertex   5.000000e-01 1.450437e+02 -7.215989e+01
    endloop
  endfacet
  facet normal 1.000000e+00 0.000000e+00 0.000000e+00
    outer loop
      vertex   5.000000e-01 1.450437e+02 -7.215989e+01
      vertex   5.000000e-01 1.446164e+02 -7.622480e+01
      vertex   5.000000e-01 1.450437e+02 -7.584011e+01
    endloop
  endfacet
  facet normal 1.000000e+00 0.000000e+00 0.000000e+00
    outer loop
      vertex   5.000000e-01 1.450437e+02 -7.215989e+01
      vertex   5.000000e-01 1.450437e+02 -7.584011e+01
      vertex   5.000000e-01 1.453816e+02 -7.262500e+01
    endloop
  endfacet
  facet normal 1.000000e+00 0.000000e+00 0.000000e+00
    outer loop
      vertex   5.000000e-01 1.453816e+02 -7.262500e+01
      vertex   5.000000e-01 1.450437e+02 -7.584011e+01
      vertex   5.000000e-01 1.453816e+02 -7.537500e+01
    endloop
  endfacet
  facet normal 1.000000e+00 0.000000e+00 0.000000e+00
    outer loop
      vertex   5.000000e-01 1.453816e+02 -7.262500e+01
      vertex   5.000000e-01 1.453816e+02 -7.537500e+01
      vertex   5.000000e-01 1.456154e+02 -7.315020e+01
    endloop
  endfacet
  facet normal 1.000000e+00 0.000000e+00 0.000000e+00
    outer loop
      vertex   5.000000e-01 1.456154e+02 -7.315020e+01
      vertex   5.000000e-01 1.453816e+02 -7.537500e+01
      vertex   5.000000e-01 1.456154e+02 -7.484980e+01
    endloop
  endfacet
  facet normal 1.000000e+00 0.000000e+00 0.000000e+00
    outer loop
      vertex   5.000000e-01 1.456154e+02 -7.315020e+01
      vertex   5.000000e-01 1.456154e+02 -7.484980e+01
      vertex   5.000000e-01 1.457349e+02 -7.371255e+01
    endloop
  endfacet
  facet normal 1.000000e+00 0.000000e+00 0.000000e+00
    outer loop
      vertex   5.000000e-01 1.457349e+02 -7.371255e+01
      vertex   5.000000e-01 1.456154e+02 -7.484980e+01
      vertex   5.000000e-01 1.457349e+02 -7.428745e+01
    endloop
  endfacet
  facet normal 1.000000e+00 0.000000e+00 -0.000000e+00
    outer loop
      vertex   5.000000e-01 1.424282e+02 -7.668991e+01
      vertex   5.000000e-01 1.424282e+02 -7.131010e+01
      vertex   5.000000e-01 1.418815e+02 -7.651225e+01
    endloop
  endfacet
  facet normal 1.000000e+00 0.000000e+00 0.000000e+00
    outer loop
      vertex   5.000000e-01 1.418815e+02 -7.651225e+01
      vertex   5.000000e-01 1.424282e+02 -7.131010e+01
      vertex   5.000000e-01 1.418815e+02 -7.148775e+01
    endloop
  endfacet
  facet normal 1.000000e+00 0.000000e+00 -0.000000e+00
    outer loop
      vertex   5.000000e-01 1.418815e+02 -7.651225e+01
      vertex   5.000000e-01 1.418815e+02 -7.148775e+01
      vertex   5.000000e-01 1.413836e+02 -7.622480e+01
    endloop
  endfacet
  facet normal 1.000000e+00 0.000000e+00 0.000000e+00
    outer loop
      vertex   5.000000e-01 1.413836e+02 -7.622480e+01
      vertex   5.000000e-01 1.418815e+02 -7.148775e+01
      vertex   5.000000e-01 1.413836e+02 -7.177520e+01
    endloop
  endfacet
  facet normal 1.000000e+00 0.000000e+00 -0.000000e+00
    outer loop
      vertex   5.000000e-01 1.413836e+02 -7.622480e+01
      vertex   5.000000e-01 1.413836e+02 -7.177520e+01
      vertex   5.000000e-01 1.409564e+02 -7.584011e+01
    endloop
  endfacet
  facet normal 1.000000e+00 0.000000e+00 0.000000e+00
    outer loop
      vertex   5.000000e-01 1.409564e+02 -7.584011e+01
      vertex   5.000000e-01 1.413836e+02 -7.177520e+01
      vertex   5.000000e-01 1.409564e+02 -7.215989e+01
    endloop
  endfacet
  facet normal 1.000000e+00 0.000000e+00 -0.000000e+00
    outer loop
      vertex   5.000000e-01 1.409564e+02 -7.584011e+01
      vertex   5.000000e-01 1.409564e+02 -7.215989e+01
      vertex   5.000000e-01 1.406184e+02 -7.537500e+01
    endloop
  endfacet
  facet normal 1.000000e+00 0.000000e+00 0.000000e+00
    outer loop
      vertex   5.000000e-01 1.406184e+02 -7.537500e+01
      vertex   5.000000e-01 1.409564e+02 -7.215989e+01
      vertex   5.000000e-01 1.406184e+02 -7.262500e+01
    endloop
  endfacet
  facet normal 1.000000e+00 0.000000e+00 -0.000000e+00
    outer loop
      vertex   5.000000e-01 1.406184e+02 -7.537500e+01
      vertex   5.000000e-01 1.406184e+02 -7.262500e+01
      vertex   5.000000e-01 1.403846e+02 -7.484980e+01
    endloop
  endfacet
  facet normal 1.000000e+00 0.000000e+00 0.000000e+00
    outer loop
      vertex   5.000000e-01 1.403846e+02 -7.484980e+01
      vertex   5.000000e-01 1.406184e+02 -7.262500e+01
      vertex   5.000000e-01 1.403846e+02 -7.315020e+01
    endloop
  endfacet
  facet normal 1.000000e+00 0.000000e+00 -0.000000e+00
    outer loop
      vertex   5.000000e-01 1.403846e+02 -7.484980e+01
      vertex   5.000000e-01 1.403846e+02 -7.315020e+01
      vertex   5.000000e-01 1.402651e+02 -7.428745e+01
    endloop
  endfacet
  facet normal 1.000000e+00 0.000000e+00 0.000000e+00
    outer loop
      vertex   5.000000e-01 1.402651e+02 -7.428745e+01
      vertex   5.000000e-01 1.403846e+02 -7.315020e+01
      vertex   5.000000e-01 1.402651e+02 -7.371255e+01
    endloop
  endfacet
  facet normal 1.000000e+00 0.000000e+00 0.000000e+00
    outer loop
      vertex   2.000000e+00 1.135479e+02 -9.830000e+01
      vertex   2.000000e+00 1.220000e+02 -9.830000e+01
      vertex   2.000000e+00 1.135479e+02 -9.430000e+01
    endloop
  endfacet
  facet normal 1.000000e+00 -0.000000e+00 0.000000e+00
    outer loop
      vertex   2.000000e+00 1.135479e+02 -9.430000e+01
      vertex   2.000000e+00 1.220000e+02 -9.830000e+01
      vertex   2.000000e+00 1.220000e+02 -9.430000e+01
    endloop
  endfacet
  facet normal 1.000000e+00 0.000000e+00 0.000000e+00
    outer loop
      vertex   2.000000e+00 1.220000e+02 -9.430000e+01
      vertex   2.000000e+00 1.220000e+02 -9.830000e+01
      vertex   2.000000e+00 1.240000e+02 -9.930000e+01
    endloop
  endfacet
  facet normal 1.000000e+00 -0.000000e+00 0.000000e+00
    outer loop
      vertex   2.000000e+00 1.220000e+02 -9.430000e+01
      vertex   2.000000e+00 1.240000e+02 -9.930000e+01
      vertex   2.000000e+00 1.240000e+02 -9.330000e+01
    endloop
  endfacet
  facet normal 1.000000e+00 0.000000e+00 0.000000e+00
    outer loop
      vertex   2.000000e+00 1.220000e+02 -9.830000e+01
      vertex   2.000000e+00 1.220000e+02 -9.930000e+01
      vertex   2.000000e+00 1.240000e+02 -9.930000e+01
    endloop
  endfacet
  facet normal 1.000000e+00 0.000000e+00 0.000000e+00
    outer loop
      vertex   2.000000e+00 1.240000e+02 -9.330000e+01
      vertex   2.000000e+00 1.220000e+02 -9.330000e+01
      vertex   2.000000e+00 1.220000e+02 -9.430000e+01
    endloop
  endfacet
  facet normal -1.000000e+00 0.000000e+00 0.000000e+00
    outer loop
      vertex   -2.000000e+00 1.135479e+02 -9.830000e+01
      vertex   -2.000000e+00 1.135479e+02 -9.430000e+01
      vertex   -2.000000e+00 1.220000e+02 -9.830000e+01
    endloop
  endfacet
  facet normal -1.000000e+00 0.000000e+00 0.000000e+00
    outer loop
      vertex   -2.000000e+00 1.220000e+02 -9.830000e+01
      vertex   -2.000000e+00 1.135479e+02 -9.430000e+01
      vertex   -2.000000e+00 1.220000e+02 -9.430000e+01
    endloop
  endfacet
  facet normal -1.000000e+00 0.000000e+00 0.000000e+00
    outer loop
      vertex   -2.000000e+00 1.220000e+02 -9.830000e+01
      vertex   -2.000000e+00 1.220000e+02 -9.430000e+01
      vertex   -2.000000e+00 1.240000e+02 -9.930000e+01
    endloop
  endfacet
  facet normal -1.000000e+00 0.000000e+00 0.000000e+00
    outer loop
      vertex   -2.000000e+00 1.240000e+02 -9.930000e+01
      vertex   -2.000000e+00 1.220000e+02 -9.430000e+01
      vertex   -2.000000e+00 1.240000e+02 -9.330000e+01
    endloop
  endfacet
  facet normal -1.000000e+00 0.000000e+00 0.000000e+00
    outer loop
      vertex   -2.000000e+00 1.240000e+02 -9.330000e+01
      vertex   -2.000000e+00 1.220000e+02 -9.430000e+01
      vertex   -2.000000e+00 1.220000e+02 -9.330000e+01
    endloop
  endfacet
  facet normal -1.000000e+00 0.000000e+00 0.000000e+00
    outer loop
      vertex   -2.000000e+00 1.240000e+02 -9.930000e+01
      vertex   -2.000000e+00 1.220000e+02 -9.930000e+01
      vertex   -2.000000e+00 1.220000e+02 -9.830000e+01
    endloop
  endfacet
  facet normal 0.000000e+00 -1.000000e+00 -9.552181e-09
    outer loop
      vertex   5.000000e-01 1.220000e+02 -9.330000e+01
      vertex   5.000000e-01 1.220000e+02 -9.430000e+01
      vertex   2.000000e+00 1.220000e+02 -9.330000e+01
    endloop
  endfacet
  facet normal 1.515825e-13 -1.000000e+00 -9.552409e-09
    outer loop
      vertex   2.000000e+00 1.220000e+02 -9.330000e+01
      vertex   5.000000e-01 1.220000e+02 -9.430000e+01
      vertex   2.000000e+00 1.220000e+02 -9.430000e+01
    endloop
  endfacet
  facet normal -0.000000e+00 -1.000000e+00 -9.552409e-09
    outer loop
      vertex   -5.000000e-01 1.220000e+02 -9.430000e+01
      vertex   -5.000000e-01 1.220000e+02 -9.330000e+01
      vertex   -2.000000e+00 1.220000e+02 -9.430000e+01
    endloop
  endfacet
  facet normal 0.000000e+00 -1.000000e+00 -9.552409e-09
    outer loop
      vertex   -2.000000e+00 1.220000e+02 -9.430000e+01
      vertex   -5.000000e-01 1.220000e+02 -9.330000e+01
      vertex   -2.000000e+00 1.220000e+02 -9.330000e+01
    endloop
  endfacet
  facet normal 0.000000e+00 -9.552409e-09 1.000000e+00
    outer loop
      vertex   5.000000e-01 1.240000e+02 -9.330000e+01
      vertex   5.000000e-01 1.220000e+02 -9.330000e+01
      vertex   2.000000e+00 1.240000e+02 -9.330000e+01
    endloop
  endfacet
  facet normal 0.000000e+00 -9.552409e-09 1.000000e+00
    outer loop
      vertex   2.000000e+00 1.240000e+02 -9.330000e+01
      vertex   5.000000e-01 1.220000e+02 -9.330000e+01
      vertex   2.000000e+00 1.220000e+02 -9.330000e+01
    endloop
  endfacet
  facet normal 0.000000e+00 -9.552409e-09 1.000000e+00
    outer loop
      vertex   -5.000000e-01 1.220000e+02 -9.330000e+01
      vertex   -5.000000e-01 1.240000e+02 -9.330000e+01
      vertex   -2.000000e+00 1.220000e+02 -9.330000e+01
    endloop
  endfacet
  facet normal 0.000000e+00 -9.552409e-09 1.000000e+00
    outer loop
      vertex   -2.000000e+00 1.220000e+02 -9.330000e+01
      vertex   -5.000000e-01 1.240000e+02 -9.330000e+01
      vertex   -2.000000e+00 1.240000e+02 -9.330000e+01
    endloop
  endfacet
  facet normal -0.000000e+00 1.000000e+00 9.552413e-09
    outer loop
      vertex   5.000000e-01 1.240000e+02 -9.930000e+01
      vertex   5.000000e-01 1.240000e+02 -9.330000e+01
      vertex   2.000000e+00 1.240000e+02 -9.930000e+01
    endloop
  endfacet
  facet normal 0.000000e+00 1.000000e+00 9.552413e-09
    outer loop
      vertex   2.000000e+00 1.240000e+02 -9.930000e+01
      vertex   5.000000e-01 1.240000e+02 -9.330000e+01
      vertex   2.000000e+00 1.240000e+02 -9.330000e+01
    endloop
  endfacet
  facet normal 0.000000e+00 1.000000e+00 9.552413e-09
    outer loop
      vertex   -5.000000e-01 1.240000e+02 -9.330000e+01
      vertex   -5.000000e-01 1.240000e+02 -9.930000e+01
      vertex   -2.000000e+00 1.240000e+02 -9.330000e+01
    endloop
  endfacet
  facet normal 0.000000e+00 1.000000e+00 9.552413e-09
    outer loop
      vertex   -2.000000e+00 1.240000e+02 -9.330000e+01
      vertex   -5.000000e-01 1.240000e+02 -9.930000e+01
      vertex   -2.000000e+00 1.240000e+02 -9.930000e+01
    endloop
  endfacet
  facet normal 0.000000e+00 0.000000e+00 -1.000000e+00
    outer loop
      vertex   5.000000e-01 1.220000e+02 -9.930000e+01
      vertex   5.000000e-01 1.240000e+02 -9.930000e+01
      vertex   2.000000e+00 1.220000e+02 -9.930000e+01
    endloop
  endfacet
  facet normal 0.000000e+00 0.000000e+00 -1.000000e+00
    outer loop
      vertex   2.000000e+00 1.220000e+02 -9.930000e+01
      vertex   5.000000e-01 1.240000e+02 -9.930000e+01
      vertex   2.000000e+00 1.240000e+02 -9.930000e+01
    endloop
  endfacet
  facet normal -0.000000e+00 -0.000000e+00 -1.000000e+00
    outer loop
      vertex   -5.000000e-01 1.240000e+02 -9.930000e+01
      vertex   -5.000000e-01 1.220000e+02 -9.930000e+01
      vertex   -2.000000e+00 1.240000e+02 -9.930000e+01
    endloop
  endfacet
  facet normal 0.000000e+00 0.000000e+00 -1.000000e+00
    outer loop
      vertex   -2.000000e+00 1.240000e+02 -9.930000e+01
      vertex   -5.000000e-01 1.220000e+02 -9.930000e+01
      vertex   -2.000000e+00 1.220000e+02 -9.930000e+01
    endloop
  endfacet
  facet normal 0.000000e+00 -1.000000e+00 -9.552394e-09
    outer loop
      vertex   5.000000e-01 1.220000e+02 -9.830000e+01
      vertex   5.000000e-01 1.220000e+02 -9.930000e+01
      vertex   2.000000e+00 1.220000e+02 -9.830000e+01
    endloop
  endfacet
  facet normal 9.473903e-15 -1.000000e+00 -9.552409e-09
    outer loop
      vertex   2.000000e+00 1.220000e+02 -9.830000e+01
      vertex   5.000000e-01 1.220000e+02 -9.930000e+01
      vertex   2.000000e+00 1.220000e+02 -9.930000e+01
    endloop
  endfacet
  facet normal -0.000000e+00 -1.000000e+00 -9.552409e-09
    outer loop
      vertex   -5.000000e-01 1.220000e+02 -9.930000e+01
      vertex   -5.000000e-01 1.220000e+02 -9.830000e+01
      vertex   -2.000000e+00 1.220000e+02 -9.930000e+01
    endloop
  endfacet
  facet normal 0.000000e+00 -1.000000e+00 -9.552409e-09
    outer loop
      vertex   -2.000000e+00 1.220000e+02 -9.930000e+01
      vertex   -5.000000e-01 1.220000e+02 -9.830000e+01
      vertex   -2.000000e+00 1.220000e+02 -9.830000e+01
    endloop
  endfacet
  facet normal 3.546346e-01 -9.350050e-01 9.301054e-14
    outer loop
      vertex   5.000000e-01 1.116114e+02 -9.830000e+01
      vertex   9.099894e-01 1.117669e+02 -9.830000e+01
      vertex   5.000000e-01 1.116114e+02 -9.430000e+01
    endloop
  endfacet
  facet normal 3.546346e-01 -9.350050e-01 8.969358e-14
    outer loop
      vertex   5.000000e-01 1.116114e+02 -9.430000e+01
      vertex   9.099894e-01 1.117669e+02 -9.830000e+01
      vertex   9.099894e-01 1.117669e+02 -9.430000e+01
    endloop
  endfacet
  facet normal 5.498706e-01 -8.352499e-01 8.011990e-14
    outer loop
      vertex   9.099894e-01 1.117669e+02 -9.430000e+01
      vertex   9.099894e-01 1.117669e+02 -9.830000e+01
      vertex   1.276237e+00 1.120080e+02 -9.830000e+01
    endloop
  endfacet
  facet normal 5.498706e-01 -8.352499e-01 8.011973e-14
    outer loop
      vertex   9.099894e-01 1.117669e+02 -9.430000e+01
      vertex   1.276237e+00 1.120080e+02 -9.830000e+01
      vertex   1.276237e+00 1.120080e+02 -9.430000e+01
    endloop
  endfacet
  facet normal 7.186753e-01 -6.953459e-01 6.669985e-14
    outer loop
      vertex   1.276237e+00 1.120080e+02 -9.430000e+01
      vertex   1.276237e+00 1.120080e+02 -9.830000e+01
      vertex   1.581139e+00 1.123231e+02 -9.830000e+01
    endloop
  endfacet
  facet normal 7.186753e-01 -6.953459e-01 6.670050e-14
    outer loop
      vertex   1.276237e+00 1.120080e+02 -9.430000e+01
      vertex   1.581139e+00 1.123231e+02 -9.830000e+01
      vertex   1.581139e+00 1.123231e+02 -9.430000e+01
    endloop
  endfacet
  facet normal 8.529346e-01 -5.220179e-01 5.007366e-14
    outer loop
      vertex   1.581139e+00 1.123231e+02 -9.430000e+01
      vertex   1.581139e+00 1.123231e+02 -9.830000e+01
      vertex   1.810038e+00 1.126971e+02 -9.830000e+01
    endloop
  endfacet
  facet normal 8.529346e-01 -5.220179e-01 5.007681e-14
    outer loop
      vertex   1.581139e+00 1.123231e+02 -9.430000e+01
      vertex   1.810038e+00 1.126971e+02 -9.830000e+01
      vertex   1.810038e+00 1.126971e+02 -9.430000e+01
    endloop
  endfacet
  facet normal 9.461949e-01 -3.235974e-01 3.104052e-14
    outer loop
      vertex   1.810038e+00 1.126971e+02 -9.430000e+01
      vertex   1.810038e+00 1.126971e+02 -9.830000e+01
      vertex   1.951932e+00 1.131120e+02 -9.830000e+01
    endloop
  endfacet
  facet normal 9.461949e-01 -3.235974e-01 3.218715e-14
    outer loop
      vertex   1.810038e+00 1.126971e+02 -9.430000e+01
      vertex   1.951932e+00 1.131120e+02 -9.830000e+01
      vertex   1.951932e+00 1.131120e+02 -9.430000e+01
    endloop
  endfacet
  facet normal 9.939733e-01 -1.096223e-01 1.090478e-14
    outer loop
      vertex   1.951932e+00 1.131120e+02 -9.430000e+01
      vertex   1.951932e+00 1.131120e+02 -9.830000e+01
      vertex   2.000000e+00 1.135479e+02 -9.830000e+01
    endloop
  endfacet
  facet normal 9.939733e-01 -1.096223e-01 1.051542e-14
    outer loop
      vertex   1.951932e+00 1.131120e+02 -9.430000e+01
      vertex   2.000000e+00 1.135479e+02 -9.830000e+01
      vertex   2.000000e+00 1.135479e+02 -9.430000e+01
    endloop
  endfacet
  facet normal -0.000000e+00 -1.000000e+00 0.000000e+00
    outer loop
      vertex   -5.000000e-01 9.530000e+01 -6.101233e+01
      vertex   -2.700000e+00 9.530000e+01 -6.101233e+01
      vertex   -5.000000e-01 9.530000e+01 -6.320000e+01
    endloop
  endfacet
  facet normal -8.854461e-08 -1.000000e+00 -8.904366e-08
    outer loop
      vertex   -5.000000e-01 9.530000e+01 -6.320000e+01
      vertex   -2.700000e+00 9.530000e+01 -6.101233e+01
      vertex   -8.700000e+00 9.530000e+01 -6.220000e+01
    endloop
  endfacet
  facet normal -2.521668e-18 -1.000000e+00 6.370223e-07
    outer loop
      vertex   -5.000000e-01 9.530000e+01 -6.320000e+01
      vertex   -8.700000e+00 9.530000e+01 -6.220000e+01
      vertex   -1.470000e+01 9.530000e+01 -6.320000e+01
    endloop
  endfacet
  facet normal 0.000000e+00 -1.000000e+00 6.370223e-07
    outer loop
      vertex   -1.470000e+01 9.530000e+01 -6.320000e+01
      vertex   -8.700000e+00 9.530000e+01 -6.220000e+01
      vertex   -1.370000e+01 9.530000e+01 -6.220000e+01
    endloop
  endfacet
  facet normal 6.370220e-07 -1.000000e+00 -1.916064e-17
    outer loop
      vertex   -1.470000e+01 9.530000e+01 -6.320000e+01
      vertex   -1.370000e+01 9.530000e+01 -6.220000e+01
      vertex   -1.470000e+01 9.530000e+01 -4.970000e+01
    endloop
  endfacet
  facet normal 6.370220e-07 -1.000000e+00 0.000000e+00
    outer loop
      vertex   -1.470000e+01 9.530000e+01 -4.970000e+01
      vertex   -1.370000e+01 9.530000e+01 -6.220000e+01
      vertex   -1.370000e+01 9.530000e+01 -4.970000e+01
    endloop
  endfacet
  facet normal -1.061704e-07 -1.000000e+00 0.000000e+00
    outer loop
      vertex   -2.700000e+00 9.530000e+01 -6.101233e+01
      vertex   -2.700000e+00 9.530000e+01 -5.100000e+01
      vertex   -8.700000e+00 9.530000e+01 -6.220000e+01
    endloop
  endfacet
  facet normal -1.061704e-07 -1.000000e+00 0.000000e+00
    outer loop
      vertex   -8.700000e+00 9.530000e+01 -6.220000e+01
      vertex   -2.700000e+00 9.530000e+01 -5.100000e+01
      vertex   -8.700000e+00 9.530000e+01 -4.970000e+01
    endloop
  endfacet
  facet normal -7.768564e-08 -1.000000e+00 1.314678e-07
    outer loop
      vertex   -8.700000e+00 9.530000e+01 -4.970000e+01
      vertex   -2.700000e+00 9.530000e+01 -5.100000e+01
      vertex   -5.000000e-01 9.530000e+01 -4.970000e+01
    endloop
  endfacet
  facet normal 0.000000e+00 -1.000000e+00 -0.000000e+00
    outer loop
      vertex   -5.000000e-01 9.530000e+01 -4.970000e+01
      vertex   -2.700000e+00 9.530000e+01 -5.100000e+01
      vertex   -5.000000e-01 9.530000e+01 -5.100000e+01
    endloop
  endfacet
  facet normal -0.000000e+00 0.000000e+00 1.000000e+00
    outer loop
      vertex   -2.500000e+00 1.084900e+02 -3.220000e+01
      vertex   -2.500000e+00 1.034900e+02 -3.220000e+01
      vertex   -5.000000e-01 1.084900e+02 -3.220000e+01
    endloop
  endfacet
  facet normal 0.000000e+00 0.000000e+00 1.000000e+00
    outer loop
      vertex   -5.000000e-01 1.084900e+02 -3.220000e+01
      vertex   -2.500000e+00 1.034900e+02 -3.220000e+01
      vertex   -5.000000e-01 1.034900e+02 -3.220000e+01
    endloop
  endfacet
  facet normal 0.000000e+00 1.000000e+00 0.000000e+00
    outer loop
      vertex   -2.500000e+00 1.084900e+02 -3.720000e+01
      vertex   -2.500000e+00 1.084900e+02 -3.220000e+01
      vertex   -5.000000e-01 1.084900e+02 -3.720000e+01
    endloop
  endfacet
  facet normal 0.000000e+00 1.000000e+00 -0.000000e+00
    outer loop
      vertex   -5.000000e-01 1.084900e+02 -3.720000e+01
      vertex   -2.500000e+00 1.084900e+02 -3.220000e+01
      vertex   -5.000000e-01 1.084900e+02 -3.220000e+01
    endloop
  endfacet
  facet normal -1.000000e+00 0.000000e+00 0.000000e+00
    outer loop
      vertex   -2.500000e+00 1.057829e+02 -3.392726e+01
      vertex   -2.500000e+00 1.034900e+02 -3.220000e+01
      vertex   -2.500000e+00 1.059900e+02 -3.390000e+01
    endloop
  endfacet
  facet normal -1.000000e+00 0.000000e+00 0.000000e+00
    outer loop
      vertex   -2.500000e+00 1.059900e+02 -3.390000e+01
      vertex   -2.500000e+00 1.034900e+02 -3.220000e+01
      vertex   -2.500000e+00 1.084900e+02 -3.220000e+01
    endloop
  endfacet
  facet normal -1.000000e+00 0.000000e+00 0.000000e+00
    outer loop
      vertex   -2.500000e+00 1.059900e+02 -3.390000e+01
      vertex   -2.500000e+00 1.084900e+02 -3.220000e+01
      vertex   -2.500000e+00 1.061971e+02 -3.392726e+01
    endloop
  endfacet
  facet normal -1.000000e+00 0.000000e+00 0.000000e+00
    outer loop
      vertex   -2.500000e+00 1.061971e+02 -3.392726e+01
      vertex   -2.500000e+00 1.084900e+02 -3.220000e+01
      vertex   -2.500000e+00 1.063900e+02 -3.400718e+01
    endloop
  endfacet
  facet normal -1.000000e+00 0.000000e+00 0.000000e+00
    outer loop
      vertex   -2.500000e+00 1.063900e+02 -3.400718e+01
      vertex   -2.500000e+00 1.084900e+02 -3.220000e+01
      vertex   -2.500000e+00 1.065557e+02 -3.413432e+01
    endloop
  endfacet
  facet normal -1.000000e+00 0.000000e+00 0.000000e+00
    outer loop
      vertex   -2.500000e+00 1.065557e+02 -3.413432e+01
      vertex   -2.500000e+00 1.084900e+02 -3.220000e+01
      vertex   -2.500000e+00 1.066828e+02 -3.430000e+01
    endloop
  endfacet
  facet normal -1.000000e+00 0.000000e+00 0.000000e+00
    outer loop
      vertex   -2.500000e+00 1.066828e+02 -3.430000e+01
      vertex   -2.500000e+00 1.084900e+02 -3.220000e+01
      vertex   -2.500000e+00 1.067627e+02 -3.449295e+01
    endloop
  endfacet
  facet normal -1.000000e+00 0.000000e+00 0.000000e+00
    outer loop
      vertex   -2.500000e+00 1.067627e+02 -3.449295e+01
      vertex   -2.500000e+00 1.084900e+02 -3.220000e+01
      vertex   -2.500000e+00 1.067900e+02 -3.470000e+01
    endloop
  endfacet
  facet normal -1.000000e+00 0.000000e+00 0.000000e+00
    outer loop
      vertex   -2.500000e+00 1.067900e+02 -3.470000e+01
      vertex   -2.500000e+00 1.084900e+02 -3.220000e+01
      vertex   -2.500000e+00 1.084900e+02 -3.720000e+01
    endloop
  endfacet
  facet normal -1.000000e+00 0.000000e+00 -0.000000e+00
    outer loop
      vertex   -2.500000e+00 1.067900e+02 -3.470000e+01
      vertex   -2.500000e+00 1.084900e+02 -3.720000e+01
      vertex   -2.500000e+00 1.067627e+02 -3.490706e+01
    endloop
  endfacet
  facet normal -1.000000e+00 0.000000e+00 -0.000000e+00
    outer loop
      vertex   -2.500000e+00 1.067627e+02 -3.490706e+01
      vertex   -2.500000e+00 1.084900e+02 -3.720000e+01
      vertex   -2.500000e+00 1.066828e+02 -3.510000e+01
    endloop
  endfacet
  facet normal -1.000000e+00 0.000000e+00 -0.000000e+00
    outer loop
      vertex   -2.500000e+00 1.066828e+02 -3.510000e+01
      vertex   -2.500000e+00 1.084900e+02 -3.720000e+01
      vertex   -2.500000e+00 1.065557e+02 -3.526569e+01
    endloop
  endfacet
  facet normal -1.000000e+00 0.000000e+00 -0.000000e+00
    outer loop
      vertex   -2.500000e+00 1.065557e+02 -3.526569e+01
      vertex   -2.500000e+00 1.084900e+02 -3.720000e+01
      vertex   -2.500000e+00 1.063900e+02 -3.539282e+01
    endloop
  endfacet
  facet normal -1.000000e+00 0.000000e+00 -0.000000e+00
    outer loop
      vertex   -2.500000e+00 1.063900e+02 -3.539282e+01
      vertex   -2.500000e+00 1.084900e+02 -3.720000e+01
      vertex   -2.500000e+00 1.061971e+02 -3.547274e+01
    endloop
  endfacet
  facet normal -1.000000e+00 0.000000e+00 -0.000000e+00
    outer loop
      vertex   -2.500000e+00 1.061971e+02 -3.547274e+01
      vertex   -2.500000e+00 1.084900e+02 -3.720000e+01
      vertex   -2.500000e+00 1.059900e+02 -3.550000e+01
    endloop
  endfacet
  facet normal -1.000000e+00 0.000000e+00 -0.000000e+00
    outer loop
      vertex   -2.500000e+00 1.059900e+02 -3.550000e+01
      vertex   -2.500000e+00 1.084900e+02 -3.720000e+01
      vertex   -2.500000e+00 1.034900e+02 -3.720000e+01
    endloop
  endfacet
  facet normal -1.000000e+00 -0.000000e+00 0.000000e+00
    outer loop
      vertex   -2.500000e+00 1.059900e+02 -3.550000e+01
      vertex   -2.500000e+00 1.034900e+02 -3.720000e+01
      vertex   -2.500000e+00 1.057829e+02 -3.547274e+01
    endloop
  endfacet
  facet normal -1.000000e+00 -0.000000e+00 0.000000e+00
    outer loop
      vertex   -2.500000e+00 1.057829e+02 -3.547274e+01
      vertex   -2.500000e+00 1.034900e+02 -3.720000e+01
      vertex   -2.500000e+00 1.055900e+02 -3.539282e+01
    endloop
  endfacet
  facet normal -1.000000e+00 -0.000000e+00 0.000000e+00
    outer loop
      vertex   -2.500000e+00 1.055900e+02 -3.539282e+01
      vertex   -2.500000e+00 1.034900e+02 -3.720000e+01
      vertex   -2.500000e+00 1.054243e+02 -3.526569e+01
    endloop
  endfacet
  facet normal -1.000000e+00 -0.000000e+00 0.000000e+00
    outer loop
      vertex   -2.500000e+00 1.054243e+02 -3.526569e+01
      vertex   -2.500000e+00 1.034900e+02 -3.720000e+01
      vertex   -2.500000e+00 1.052972e+02 -3.510000e+01
    endloop
  endfacet
  facet normal -1.000000e+00 -0.000000e+00 0.000000e+00
    outer loop
      vertex   -2.500000e+00 1.052972e+02 -3.510000e+01
      vertex   -2.500000e+00 1.034900e+02 -3.720000e+01
      vertex   -2.500000e+00 1.052173e+02 -3.490706e+01
    endloop
  endfacet
  facet normal -1.000000e+00 -0.000000e+00 0.000000e+00
    outer loop
      vertex   -2.500000e+00 1.052173e+02 -3.490706e+01
      vertex   -2.500000e+00 1.034900e+02 -3.720000e+01
      vertex   -2.500000e+00 1.051900e+02 -3.470000e+01
    endloop
  endfacet
  facet normal -1.000000e+00 -0.000000e+00 0.000000e+00
    outer loop
      vertex   -2.500000e+00 1.051900e+02 -3.470000e+01
      vertex   -2.500000e+00 1.034900e+02 -3.720000e+01
      vertex   -2.500000e+00 1.034900e+02 -3.220000e+01
    endloop
  endfacet
  facet normal -1.000000e+00 0.000000e+00 0.000000e+00
    outer loop
      vertex   -2.500000e+00 1.051900e+02 -3.470000e+01
      vertex   -2.500000e+00 1.034900e+02 -3.220000e+01
      vertex   -2.500000e+00 1.052173e+02 -3.449295e+01
    endloop
  endfacet
  facet normal -1.000000e+00 0.000000e+00 0.000000e+00
    outer loop
      vertex   -2.500000e+00 1.052173e+02 -3.449295e+01
      vertex   -2.500000e+00 1.034900e+02 -3.220000e+01
      vertex   -2.500000e+00 1.052972e+02 -3.430000e+01
    endloop
  endfacet
  facet normal -1.000000e+00 0.000000e+00 0.000000e+00
    outer loop
      vertex   -2.500000e+00 1.052972e+02 -3.430000e+01
      vertex   -2.500000e+00 1.034900e+02 -3.220000e+01
      vertex   -2.500000e+00 1.054243e+02 -3.413432e+01
    endloop
  endfacet
  facet normal -1.000000e+00 0.000000e+00 0.000000e+00
    outer loop
      vertex   -2.500000e+00 1.054243e+02 -3.413432e+01
      vertex   -2.500000e+00 1.034900e+02 -3.220000e+01
      vertex   -2.500000e+00 1.055900e+02 -3.400718e+01
    endloop
  endfacet
  facet normal -1.000000e+00 0.000000e+00 0.000000e+00
    outer loop
      vertex   -2.500000e+00 1.055900e+02 -3.400718e+01
      vertex   -2.500000e+00 1.034900e+02 -3.220000e+01
      vertex   -2.500000e+00 1.057829e+02 -3.392726e+01
    endloop
  endfacet
  facet normal -1.000000e+00 0.000000e+00 -0.000000e+00
    outer loop
      vertex   -2.500000e+00 1.371971e+02 -6.667274e+01
      vertex   -2.500000e+00 1.394900e+02 -6.840000e+01
      vertex   -2.500000e+00 1.369900e+02 -6.670000e+01
    endloop
  endfacet
  facet normal -1.000000e+00 0.000000e+00 -0.000000e+00
    outer loop
      vertex   -2.500000e+00 1.369900e+02 -6.670000e+01
      vertex   -2.500000e+00 1.394900e+02 -6.840000e+01
      vertex   -2.500000e+00 1.344900e+02 -6.840000e+01
    endloop
  endfacet
  facet normal -1.000000e+00 -0.000000e+00 0.000000e+00
    outer loop
      vertex   -2.500000e+00 1.369900e+02 -6.670000e+01
      vertex   -2.500000e+00 1.344900e+02 -6.840000e+01
      vertex   -2.500000e+00 1.367829e+02 -6.667274e+01
    endloop
  endfacet
  facet normal -1.000000e+00 -0.000000e+00 0.000000e+00
    outer loop
      vertex   -2.500000e+00 1.367829e+02 -6.667274e+01
      vertex   -2.500000e+00 1.344900e+02 -6.840000e+01
      vertex   -2.500000e+00 1.365900e+02 -6.659282e+01
    endloop
  endfacet
  facet normal -1.000000e+00 -0.000000e+00 0.000000e+00
    outer loop
      vertex   -2.500000e+00 1.365900e+02 -6.659282e+01
      vertex   -2.500000e+00 1.344900e+02 -6.840000e+01
      vertex   -2.500000e+00 1.364243e+02 -6.646569e+01
    endloop
  endfacet
  facet normal -1.000000e+00 -0.000000e+00 0.000000e+00
    outer loop
      vertex   -2.500000e+00 1.364243e+02 -6.646569e+01
      vertex   -2.500000e+00 1.344900e+02 -6.840000e+01
      vertex   -2.500000e+00 1.362972e+02 -6.630000e+01
    endloop
  endfacet
  facet normal -1.000000e+00 -0.000000e+00 0.000000e+00
    outer loop
      vertex   -2.500000e+00 1.362972e+02 -6.630000e+01
      vertex   -2.500000e+00 1.344900e+02 -6.840000e+01
      vertex   -2.500000e+00 1.362173e+02 -6.610706e+01
    endloop
  endfacet
  facet normal -1.000000e+00 -0.000000e+00 0.000000e+00
    outer loop
      vertex   -2.500000e+00 1.362173e+02 -6.610706e+01
      vertex   -2.500000e+00 1.344900e+02 -6.840000e+01
      vertex   -2.500000e+00 1.361900e+02 -6.590000e+01
    endloop
  endfacet
  facet normal -1.000000e+00 -0.000000e+00 0.000000e+00
    outer loop
      vertex   -2.500000e+00 1.361900e+02 -6.590000e+01
      vertex   -2.500000e+00 1.344900e+02 -6.840000e+01
      vertex   -2.500000e+00 1.344900e+02 -6.340000e+01
    endloop
  endfacet
  facet normal -1.000000e+00 0.000000e+00 0.000000e+00
    outer loop
      vertex   -2.500000e+00 1.361900e+02 -6.590000e+01
      vertex   -2.500000e+00 1.344900e+02 -6.340000e+01
      vertex   -2.500000e+00 1.362173e+02 -6.569295e+01
    endloop
  endfacet
  facet normal -1.000000e+00 0.000000e+00 0.000000e+00
    outer loop
      vertex   -2.500000e+00 1.362173e+02 -6.569295e+01
      vertex   -2.500000e+00 1.344900e+02 -6.340000e+01
      vertex   -2.500000e+00 1.362972e+02 -6.550000e+01
    endloop
  endfacet
  facet normal -1.000000e+00 0.000000e+00 0.000000e+00
    outer loop
      vertex   -2.500000e+00 1.362972e+02 -6.550000e+01
      vertex   -2.500000e+00 1.344900e+02 -6.340000e+01
      vertex   -2.500000e+00 1.364243e+02 -6.533432e+01
    endloop
  endfacet
  facet normal -1.000000e+00 0.000000e+00 0.000000e+00
    outer loop
      vertex   -2.500000e+00 1.364243e+02 -6.533432e+01
      vertex   -2.500000e+00 1.344900e+02 -6.340000e+01
      vertex   -2.500000e+00 1.365900e+02 -6.520718e+01
    endloop
  endfacet
  facet normal -1.000000e+00 0.000000e+00 0.000000e+00
    outer loop
      vertex   -2.500000e+00 1.365900e+02 -6.520718e+01
      vertex   -2.500000e+00 1.344900e+02 -6.340000e+01
      vertex   -2.500000e+00 1.367829e+02 -6.512726e+01
    endloop
  endfacet
  facet normal -1.000000e+00 0.000000e+00 0.000000e+00
    outer loop
      vertex   -2.500000e+00 1.367829e+02 -6.512726e+01
      vertex   -2.500000e+00 1.344900e+02 -6.340000e+01
      vertex   -2.500000e+00 1.369900e+02 -6.510000e+01
    endloop
  endfacet
  facet normal -1.000000e+00 0.000000e+00 0.000000e+00
    outer loop
      vertex   -2.500000e+00 1.369900e+02 -6.510000e+01
      vertex   -2.500000e+00 1.344900e+02 -6.340000e+01
      vertex   -2.500000e+00 1.394900e+02 -6.340000e+01
    endloop
  endfacet
  facet normal -1.000000e+00 0.000000e+00 0.000000e+00
    outer loop
      vertex   -2.500000e+00 1.369900e+02 -6.510000e+01
      vertex   -2.500000e+00 1.394900e+02 -6.340000e+01
      vertex   -2.500000e+00 1.371971e+02 -6.512726e+01
    endloop
  endfacet
  facet normal -1.000000e+00 0.000000e+00 0.000000e+00
    outer loop
      vertex   -2.500000e+00 1.371971e+02 -6.512726e+01
      vertex   -2.500000e+00 1.394900e+02 -6.340000e+01
      vertex   -2.500000e+00 1.373900e+02 -6.520718e+01
    endloop
  endfacet
  facet normal -1.000000e+00 0.000000e+00 0.000000e+00
    outer loop
      vertex   -2.500000e+00 1.373900e+02 -6.520718e+01
      vertex   -2.500000e+00 1.394900e+02 -6.340000e+01
      vertex   -2.500000e+00 1.375557e+02 -6.533432e+01
    endloop
  endfacet
  facet normal -1.000000e+00 0.000000e+00 0.000000e+00
    outer loop
      vertex   -2.500000e+00 1.375557e+02 -6.533432e+01
      vertex   -2.500000e+00 1.394900e+02 -6.340000e+01
      vertex   -2.500000e+00 1.376828e+02 -6.550000e+01
    endloop
  endfacet
  facet normal -1.000000e+00 0.000000e+00 0.000000e+00
    outer loop
      vertex   -2.500000e+00 1.376828e+02 -6.550000e+01
      vertex   -2.500000e+00 1.394900e+02 -6.340000e+01
      vertex   -2.500000e+00 1.377627e+02 -6.569295e+01
    endloop
  endfacet
  facet normal -1.000000e+00 0.000000e+00 0.000000e+00
    outer loop
      vertex   -2.500000e+00 1.377627e+02 -6.569295e+01
      vertex   -2.500000e+00 1.394900e+02 -6.340000e+01
      vertex   -2.500000e+00 1.377900e+02 -6.590000e+01
    endloop
  endfacet
  facet normal -1.000000e+00 0.000000e+00 0.000000e+00
    outer loop
      vertex   -2.500000e+00 1.377900e+02 -6.590000e+01
      vertex   -2.500000e+00 1.394900e+02 -6.340000e+01
      vertex   -2.500000e+00 1.394900e+02 -6.840000e+01
    endloop
  endfacet
  facet normal -1.000000e+00 0.000000e+00 -0.000000e+00
    outer loop
      vertex   -2.500000e+00 1.377900e+02 -6.590000e+01
      vertex   -2.500000e+00 1.394900e+02 -6.840000e+01
      vertex   -2.500000e+00 1.377627e+02 -6.610706e+01
    endloop
  endfacet
  facet normal -1.000000e+00 0.000000e+00 -0.000000e+00
    outer loop
      vertex   -2.500000e+00 1.377627e+02 -6.610706e+01
      vertex   -2.500000e+00 1.394900e+02 -6.840000e+01
      vertex   -2.500000e+00 1.376828e+02 -6.630000e+01
    endloop
  endfacet
  facet normal -1.000000e+00 0.000000e+00 -0.000000e+00
    outer loop
      vertex   -2.500000e+00 1.376828e+02 -6.630000e+01
      vertex   -2.500000e+00 1.394900e+02 -6.840000e+01
      vertex   -2.500000e+00 1.375557e+02 -6.646569e+01
    endloop
  endfacet
  facet normal -1.000000e+00 0.000000e+00 -0.000000e+00
    outer loop
      vertex   -2.500000e+00 1.375557e+02 -6.646569e+01
      vertex   -2.500000e+00 1.394900e+02 -6.840000e+01
      vertex   -2.500000e+00 1.373900e+02 -6.659282e+01
    endloop
  endfacet
  facet normal -1.000000e+00 0.000000e+00 -0.000000e+00
    outer loop
      vertex   -2.500000e+00 1.373900e+02 -6.659282e+01
      vertex   -2.500000e+00 1.394900e+02 -6.840000e+01
      vertex   -2.500000e+00 1.371971e+02 -6.667274e+01
    endloop
  endfacet
  facet normal 0.000000e+00 0.000000e+00 -1.000000e+00
    outer loop
      vertex   -2.500000e+00 1.344900e+02 -6.840000e+01
      vertex   -2.500000e+00 1.394900e+02 -6.840000e+01
      vertex   -5.000000e-01 1.344900e+02 -6.840000e+01
    endloop
  endfacet
  facet normal 0.000000e+00 0.000000e+00 -1.000000e+00
    outer loop
      vertex   -5.000000e-01 1.344900e+02 -6.840000e+01
      vertex   -2.500000e+00 1.394900e+02 -6.840000e+01
      vertex   -5.000000e-01 1.394900e+02 -6.840000e+01
    endloop
  endfacet
  facet normal 0.000000e+00 -1.000000e+00 0.000000e+00
    outer loop
      vertex   -2.500000e+00 1.344900e+02 -6.340000e+01
      vertex   -2.500000e+00 1.344900e+02 -6.840000e+01
      vertex   -5.000000e-01 1.344900e+02 -6.340000e+01
    endloop
  endfacet
  facet normal 0.000000e+00 -1.000000e+00 -0.000000e+00
    outer loop
      vertex   -5.000000e-01 1.344900e+02 -6.340000e+01
      vertex   -2.500000e+00 1.344900e+02 -6.840000e+01
      vertex   -5.000000e-01 1.344900e+02 -6.840000e+01
    endloop
  endfacet
  facet normal 0.000000e+00 1.000000e+00 -9.908809e-07
    outer loop
      vertex   -2.500000e+00 1.394900e+02 -6.840000e+01
      vertex   -2.500000e+00 1.394900e+02 -6.340000e+01
      vertex   -5.000000e-01 1.394900e+02 -6.840000e+01
    endloop
  endfacet
  facet normal 0.000000e+00 1.000000e+00 -9.908809e-07
    outer loop
      vertex   -5.000000e-01 1.394900e+02 -6.840000e+01
      vertex   -2.500000e+00 1.394900e+02 -6.340000e+01
      vertex   -5.000000e-01 1.394900e+02 -6.340000e+01
    endloop
  endfacet
  facet normal -3.292225e-06 0.000000e+00 -1.000000e+00
    outer loop
      vertex   5.000000e-01 1.210000e+02 -7.070000e+01
      vertex   5.000000e-01 1.220000e+02 -7.070000e+01
      vertex   2.000000e+00 1.210000e+02 -7.070000e+01
    endloop
  endfacet
  facet normal 0.000000e+00 4.938380e-06 -1.000000e+00
    outer loop
      vertex   2.000000e+00 1.210000e+02 -7.070000e+01
      vertex   5.000000e-01 1.220000e+02 -7.070000e+01
      vertex   2.000000e+00 1.220000e+02 -7.070000e+01
    endloop
  endfacet
  facet normal 3.292225e-06 0.000000e+00 -1.000000e+00
    outer loop
      vertex   -5.000000e-01 1.210000e+02 -7.070000e+01
      vertex   -2.000000e+00 1.210000e+02 -7.070000e+01
      vertex   -5.000000e-01 1.220000e+02 -7.070000e+01
    endloop
  endfacet
  facet normal 0.000000e+00 4.938380e-06 -1.000000e+00
    outer loop
      vertex   -5.000000e-01 1.220000e+02 -7.070000e+01
      vertex   -2.000000e+00 1.210000e+02 -7.070000e+01
      vertex   -2.000000e+00 1.220000e+02 -7.070000e+01
    endloop
  endfacet
  facet normal -1.000000e+00 0.000000e+00 0.000000e+00
    outer loop
      vertex   -2.000000e+00 1.210000e+02 -7.070000e+01
      vertex   -2.000000e+00 1.210000e+02 -6.670000e+01
      vertex   -2.000000e+00 1.220000e+02 -7.070000e+01
    endloop
  endfacet
  facet normal -1.000000e+00 0.000000e+00 0.000000e+00
    outer loop
      vertex   -2.000000e+00 1.220000e+02 -7.070000e+01
      vertex   -2.000000e+00 1.210000e+02 -6.670000e+01
      vertex   -2.000000e+00 1.220000e+02 -6.670000e+01
    endloop
  endfacet
  facet normal -1.000000e+00 0.000000e+00 0.000000e+00
    outer loop
      vertex   -2.000000e+00 1.220000e+02 -7.070000e+01
      vertex   -2.000000e+00 1.220000e+02 -6.670000e+01
      vertex   -2.000000e+00 1.240000e+02 -7.190000e+01
    endloop
  endfacet
  facet normal -1.000000e+00 0.000000e+00 0.000000e+00
    outer loop
      vertex   -2.000000e+00 1.240000e+02 -7.190000e+01
      vertex   -2.000000e+00 1.220000e+02 -6.670000e+01
      vertex   -2.000000e+00 1.240000e+02 -6.530000e+01
    endloop
  endfacet
  facet normal -1.000000e+00 -0.000000e+00 0.000000e+00
    outer loop
      vertex   -2.000000e+00 1.240000e+02 -6.530000e+01
      vertex   -2.000000e+00 1.220000e+02 -6.670000e+01
      vertex   -2.000000e+00 1.220000e+02 -6.530000e+01
    endloop
  endfacet
  facet normal -1.000000e+00 0.000000e+00 0.000000e+00
    outer loop
      vertex   -2.000000e+00 1.240000e+02 -7.190000e+01
      vertex   -2.000000e+00 1.220000e+02 -7.190000e+01
      vertex   -2.000000e+00 1.220000e+02 -7.070000e+01
    endloop
  endfacet
  facet normal 1.000000e+00 0.000000e+00 0.000000e+00
    outer loop
      vertex   2.000000e+00 1.210000e+02 -7.070000e+01
      vertex   2.000000e+00 1.220000e+02 -7.070000e+01
      vertex   2.000000e+00 1.210000e+02 -6.670000e+01
    endloop
  endfacet
  facet normal 1.000000e+00 -0.000000e+00 0.000000e+00
    outer loop
      vertex   2.000000e+00 1.210000e+02 -6.670000e+01
      vertex   2.000000e+00 1.220000e+02 -7.070000e+01
      vertex   2.000000e+00 1.220000e+02 -6.670000e+01
    endloop
  endfacet
  facet normal 1.000000e+00 0.000000e+00 0.000000e+00
    outer loop
      vertex   2.000000e+00 1.220000e+02 -6.670000e+01
      vertex   2.000000e+00 1.220000e+02 -7.070000e+01
      vertex   2.000000e+00 1.240000e+02 -7.190000e+01
    endloop
  endfacet
  facet normal 1.000000e+00 -0.000000e+00 0.000000e+00
    outer loop
      vertex   2.000000e+00 1.220000e+02 -6.670000e+01
      vertex   2.000000e+00 1.240000e+02 -7.190000e+01
      vertex   2.000000e+00 1.240000e+02 -6.530000e+01
    endloop
  endfacet
  facet normal 1.000000e+00 0.000000e+00 0.000000e+00
    outer loop
      vertex   2.000000e+00 1.220000e+02 -7.070000e+01
      vertex   2.000000e+00 1.220000e+02 -7.190000e+01
      vertex   2.000000e+00 1.240000e+02 -7.190000e+01
    endloop
  endfacet
  facet normal 1.000000e+00 0.000000e+00 0.000000e+00
    outer loop
      vertex   2.000000e+00 1.240000e+02 -6.530000e+01
      vertex   2.000000e+00 1.220000e+02 -6.530000e+01
      vertex   2.000000e+00 1.220000e+02 -6.670000e+01
    endloop
  endfacet
  facet normal 3.105961e-06 -0.000000e+00 1.000000e+00
    outer loop
      vertex   5.000000e-01 1.210000e+02 -6.670000e+01
      vertex   2.000000e+00 1.210000e+02 -6.670000e+01
      vertex   5.000000e-01 1.220000e+02 -6.670000e+01
    endloop
  endfacet
  facet normal 0.000000e+00 -4.658960e-06 1.000000e+00
    outer loop
      vertex   5.000000e-01 1.220000e+02 -6.670000e+01
      vertex   2.000000e+00 1.210000e+02 -6.670000e+01
      vertex   2.000000e+00 1.220000e+02 -6.670000e+01
    endloop
  endfacet
  facet normal -3.105961e-06 0.000000e+00 1.000000e+00
    outer loop
      vertex   -5.000000e-01 1.210000e+02 -6.670000e+01
      vertex   -5.000000e-01 1.220000e+02 -6.670000e+01
      vertex   -2.000000e+00 1.210000e+02 -6.670000e+01
    endloop
  endfacet
  facet normal 0.000000e+00 -4.658960e-06 1.000000e+00
    outer loop
      vertex   -2.000000e+00 1.210000e+02 -6.670000e+01
      vertex   -5.000000e-01 1.220000e+02 -6.670000e+01
      vertex   -2.000000e+00 1.220000e+02 -6.670000e+01
    endloop
  endfacet
  facet normal 0.000000e+00 -1.000000e+00 0.000000e+00
    outer loop
      vertex   -5.000000e-01 1.210000e+02 -9.830000e+01
      vertex   -5.000000e-01 1.210000e+02 -1.068000e+02
      vertex   5.000000e-01 1.210000e+02 -9.830000e+01
    endloop
  endfacet
  facet normal 0.000000e+00 -1.000000e+00 -0.000000e+00
    outer loop
      vertex   5.000000e-01 1.210000e+02 -9.830000e+01
      vertex   -5.000000e-01 1.210000e+02 -1.068000e+02
      vertex   5.000000e-01 1.210000e+02 -1.068000e+02
    endloop
  endfacet
  facet normal 0.000000e+00 -1.000000e+00 6.370223e-07
    outer loop
      vertex   1.480000e+01 9.530000e+01 -6.220000e+01
      vertex   5.800000e+00 9.530000e+01 -6.220000e+01
      vertex   1.480000e+01 9.530000e+01 -6.320000e+01
    endloop
  endfacet
  facet normal -2.522076e-18 -1.000000e+00 6.370223e-07
    outer loop
      vertex   1.480000e+01 9.530000e+01 -6.320000e+01
      vertex   5.800000e+00 9.530000e+01 -6.220000e+01
      vertex   5.000000e-01 9.530000e+01 -6.320000e+01
    endloop
  endfacet
  facet normal 1.201929e-07 -1.000000e+00 0.000000e+00
    outer loop
      vertex   5.000000e-01 9.530000e+01 -6.320000e+01
      vertex   5.800000e+00 9.530000e+01 -6.220000e+01
      vertex   5.000000e-01 9.530000e+01 -4.970000e+01
    endloop
  endfacet
  facet normal 1.201929e-07 -1.000000e+00 0.000000e+00
    outer loop
      vertex   5.000000e-01 9.530000e+01 -4.970000e+01
      vertex   5.800000e+00 9.530000e+01 -6.220000e+01
      vertex   5.800000e+00 9.530000e+01 -4.970000e+01
    endloop
  endfacet
  facet normal 1.000000e+00 -1.144657e-08 0.000000e+00
    outer loop
      vertex   1.480000e+01 1.242000e+02 -6.220000e+01
      vertex   1.480000e+01 9.530000e+01 -6.220000e+01
      vertex   1.480000e+01 1.242000e+02 -6.320000e+01
    endloop
  endfacet
  facet normal 1.000000e+00 -1.626655e-22 3.308059e-07
    outer loop
      vertex   1.480000e+01 1.242000e+02 -6.320000e+01
      vertex   1.480000e+01 9.530000e+01 -6.220000e+01
      vertex   1.480000e+01 9.530000e+01 -6.320000e+01
    endloop
  endfacet
  facet normal 1.000000e+00 0.000000e+00 -0.000000e+00
    outer loop
      vertex   5.800000e+00 9.630000e+01 -6.220000e+01
      vertex   5.800000e+00 9.630000e+01 -4.970000e+01
      vertex   5.800000e+00 9.530000e+01 -6.220000e+01
    endloop
  endfacet
  facet normal 1.000000e+00 0.000000e+00 0.000000e+00
    outer loop
      vertex   5.800000e+00 9.530000e+01 -6.220000e+01
      vertex   5.800000e+00 9.630000e+01 -4.970000e+01
      vertex   5.800000e+00 9.530000e+01 -4.970000e+01
    endloop
  endfacet
  facet normal 0.000000e+00 1.853591e-14 1.000000e+00
    outer loop
      vertex   -5.000000e-01 9.300000e+01 -5.100000e+01
      vertex   -5.000000e-01 9.530000e+01 -5.100000e+01
      vertex   -7.000000e-01 9.300000e+01 -5.100000e+01
    endloop
  endfacet
  facet normal 0.000000e+00 1.853591e-14 1.000000e+00
    outer loop
      vertex   -7.000000e-01 9.300000e+01 -5.100000e+01
      vertex   -5.000000e-01 9.530000e+01 -5.100000e+01
      vertex   -2.700000e+00 9.530000e+01 -5.100000e+01
    endloop
  endfacet
  facet normal -1.505563e-14 5.444053e-15 1.000000e+00
    outer loop
      vertex   -7.000000e-01 9.300000e+01 -5.100000e+01
      vertex   -2.700000e+00 9.530000e+01 -5.100000e+01
      vertex   -2.700000e+00 8.746897e+01 -5.100000e+01
    endloop
  endfacet
  facet normal 0.000000e+00 0.000000e+00 1.000000e+00
    outer loop
      vertex   -2.700000e+00 8.746897e+01 -5.100000e+01
      vertex   -7.000000e-01 8.746897e+01 -5.100000e+01
      vertex   -7.000000e-01 9.300000e+01 -5.100000e+01
    endloop
  endfacet
  facet normal -1.000000e+00 0.000000e+00 0.000000e+00
    outer loop
      vertex   -2.700000e+00 8.758203e+01 -5.542044e+01
      vertex   -2.700000e+00 8.668735e+01 -5.106147e+01
      vertex   -2.700000e+00 8.773732e+01 -5.540000e+01
    endloop
  endfacet
  facet normal -1.000000e+00 0.000000e+00 0.000000e+00
    outer loop
      vertex   -2.700000e+00 8.773732e+01 -5.540000e+01
      vertex   -2.700000e+00 8.668735e+01 -5.106147e+01
      vertex   -2.700000e+00 8.746897e+01 -5.100000e+01
    endloop
  endfacet
  facet normal -1.000000e+00 0.000000e+00 0.000000e+00
    outer loop
      vertex   -2.700000e+00 8.773732e+01 -5.540000e+01
      vertex   -2.700000e+00 8.746897e+01 -5.100000e+01
      vertex   -2.700000e+00 8.789261e+01 -5.542044e+01
    endloop
  endfacet
  facet normal -1.000000e+00 0.000000e+00 0.000000e+00
    outer loop
      vertex   -2.700000e+00 8.789261e+01 -5.542044e+01
      vertex   -2.700000e+00 8.746897e+01 -5.100000e+01
      vertex   -2.700000e+00 8.803732e+01 -5.548038e+01
    endloop
  endfacet
  facet normal -1.000000e+00 0.000000e+00 0.000000e+00
    outer loop
      vertex   -2.700000e+00 8.803732e+01 -5.548038e+01
      vertex   -2.700000e+00 8.746897e+01 -5.100000e+01
      vertex   -2.700000e+00 9.318994e+01 -5.576603e+01
    endloop
  endfacet
  facet normal -1.000000e+00 0.000000e+00 0.000000e+00
    outer loop
      vertex   -2.700000e+00 8.803732e+01 -5.548038e+01
      vertex   -2.700000e+00 9.318994e+01 -5.576603e+01
      vertex   -2.700000e+00 8.816159e+01 -5.557573e+01
    endloop
  endfacet
  facet normal -1.000000e+00 0.000000e+00 0.000000e+00
    outer loop
      vertex   -2.700000e+00 8.816159e+01 -5.557573e+01
      vertex   -2.700000e+00 9.318994e+01 -5.576603e+01
      vertex   -2.700000e+00 8.825694e+01 -5.570000e+01
    endloop
  endfacet
  facet normal -1.000000e+00 0.000000e+00 0.000000e+00
    outer loop
      vertex   -2.700000e+00 8.825694e+01 -5.570000e+01
      vertex   -2.700000e+00 9.318994e+01 -5.576603e+01
      vertex   -2.700000e+00 8.831688e+01 -5.584471e+01
    endloop
  endfacet
  facet normal -1.000000e+00 0.000000e+00 0.000000e+00
    outer loop
      vertex   -2.700000e+00 8.831688e+01 -5.584471e+01
      vertex   -2.700000e+00 9.318994e+01 -5.576603e+01
      vertex   -2.700000e+00 8.833732e+01 -5.600000e+01
    endloop
  endfacet
  facet normal -1.000000e+00 0.000000e+00 0.000000e+00
    outer loop
      vertex   -2.700000e+00 8.833732e+01 -5.600000e+01
      vertex   -2.700000e+00 9.318994e+01 -5.576603e+01
      vertex   -2.700000e+00 9.319272e+01 -5.583578e+01
    endloop
  endfacet
  facet normal -1.000000e+00 0.000000e+00 -0.000000e+00
    outer loop
      vertex   -2.700000e+00 8.833732e+01 -5.600000e+01
      vertex   -2.700000e+00 9.319272e+01 -5.583578e+01
      vertex   -2.700000e+00 8.831688e+01 -5.615529e+01
    endloop
  endfacet
  facet normal -1.000000e+00 0.000000e+00 -0.000000e+00
    outer loop
      vertex   -2.700000e+00 8.831688e+01 -5.615529e+01
      vertex   -2.700000e+00 9.319272e+01 -5.583578e+01
      vertex   -2.700000e+00 8.825694e+01 -5.630000e+01
    endloop
  endfacet
  facet normal -1.000000e+00 0.000000e+00 -0.000000e+00
    outer loop
      vertex   -2.700000e+00 8.825694e+01 -5.630000e+01
      vertex   -2.700000e+00 9.319272e+01 -5.583578e+01
      vertex   -2.700000e+00 8.816159e+01 -5.642426e+01
    endloop
  endfacet
  facet normal -1.000000e+00 0.000000e+00 0.000000e+00
    outer loop
      vertex   -2.700000e+00 8.816159e+01 -5.642426e+01
      vertex   -2.700000e+00 9.319272e+01 -5.583578e+01
      vertex   -2.700000e+00 9.332197e+01 -6.101233e+01
    endloop
  endfacet
  facet normal -1.000000e+00 0.000000e+00 -0.000000e+00
    outer loop
      vertex   -2.700000e+00 8.816159e+01 -5.642426e+01
      vertex   -2.700000e+00 9.332197e+01 -6.101233e+01
      vertex   -2.700000e+00 8.803732e+01 -5.651961e+01
    endloop
  endfacet
  facet normal -1.000000e+00 0.000000e+00 -0.000000e+00
    outer loop
      vertex   -2.700000e+00 8.803732e+01 -5.651961e+01
      vertex   -2.700000e+00 9.332197e+01 -6.101233e+01
      vertex   -2.700000e+00 8.746328e+01 -6.100567e+01
    endloop
  endfacet
  facet normal -1.000000e+00 0.000000e+00 0.000000e+00
    outer loop
      vertex   -2.700000e+00 8.803732e+01 -5.651961e+01
      vertex   -2.700000e+00 8.746328e+01 -6.100567e+01
      vertex   -2.700000e+00 8.789261e+01 -5.657955e+01
    endloop
  endfacet
  facet normal -1.000000e+00 0.000000e+00 0.000000e+00
    outer loop
      vertex   -2.700000e+00 8.789261e+01 -5.657955e+01
      vertex   -2.700000e+00 8.746328e+01 -6.100567e+01
      vertex   -2.700000e+00 8.773732e+01 -5.660000e+01
    endloop
  endfacet
  facet normal -1.000000e+00 0.000000e+00 0.000000e+00
    outer loop
      vertex   -2.700000e+00 8.773732e+01 -5.660000e+01
      vertex   -2.700000e+00 8.746328e+01 -6.100567e+01
      vertex   -2.700000e+00 8.668118e+01 -6.094323e+01
    endloop
  endfacet
  facet normal -1.000000e+00 -0.000000e+00 0.000000e+00
    outer loop
      vertex   -2.700000e+00 8.773732e+01 -5.660000e+01
      vertex   -2.700000e+00 8.668118e+01 -6.094323e+01
      vertex   -2.700000e+00 8.758203e+01 -5.657955e+01
    endloop
  endfacet
  facet normal -1.000000e+00 0.000000e+00 0.000000e+00
    outer loop
      vertex   -2.700000e+00 8.758203e+01 -5.657955e+01
      vertex   -2.700000e+00 8.668118e+01 -6.094323e+01
      vertex   -2.700000e+00 8.591847e+01 -6.075920e+01
    endloop
  endfacet
  facet normal -1.000000e+00 0.000000e+00 0.000000e+00
    outer loop
      vertex   -2.700000e+00 8.758203e+01 -5.657955e+01
      vertex   -2.700000e+00 8.591847e+01 -6.075920e+01
      vertex   -2.700000e+00 8.519395e+01 -6.045813e+01
    endloop
  endfacet
  facet normal -1.000000e+00 0.000000e+00 0.000000e+00
    outer loop
      vertex   -2.700000e+00 8.743732e+01 -5.548038e+01
      vertex   -2.700000e+00 8.453188e+01 -5.195358e+01
      vertex   -2.700000e+00 8.758203e+01 -5.542044e+01
    endloop
  endfacet
  facet normal -1.000000e+00 0.000000e+00 0.000000e+00
    outer loop
      vertex   -2.700000e+00 8.758203e+01 -5.542044e+01
      vertex   -2.700000e+00 8.453188e+01 -5.195358e+01
      vertex   -2.700000e+00 8.520053e+01 -5.154419e+01
    endloop
  endfacet
  facet normal -1.000000e+00 0.000000e+00 0.000000e+00
    outer loop
      vertex   -2.700000e+00 8.758203e+01 -5.542044e+01
      vertex   -2.700000e+00 8.520053e+01 -5.154419e+01
      vertex   -2.700000e+00 8.592496e+01 -5.124437e+01
    endloop
  endfacet
  facet normal -1.000000e+00 0.000000e+00 0.000000e+00
    outer loop
      vertex   -2.700000e+00 8.731306e+01 -5.557573e+01
      vertex   -2.700000e+00 8.342588e+01 -5.305832e+01
      vertex   -2.700000e+00 8.743732e+01 -5.548038e+01
    endloop
  endfacet
  facet normal -1.000000e+00 0.000000e+00 0.000000e+00
    outer loop
      vertex   -2.700000e+00 8.743732e+01 -5.548038e+01
      vertex   -2.700000e+00 8.342588e+01 -5.305832e+01
      vertex   -2.700000e+00 8.393544e+01 -5.246246e+01
    endloop
  endfacet
  facet normal -1.000000e+00 0.000000e+00 0.000000e+00
    outer loop
      vertex   -2.700000e+00 8.743732e+01 -5.548038e+01
      vertex   -2.700000e+00 8.393544e+01 -5.246246e+01
      vertex   -2.700000e+00 8.453188e+01 -5.195358e+01
    endloop
  endfacet
  facet normal -1.000000e+00 0.000000e+00 -0.000000e+00
    outer loop
      vertex   -2.700000e+00 8.342588e+01 -5.305832e+01
      vertex   -2.700000e+00 8.731306e+01 -5.557573e+01
      vertex   -2.700000e+00 8.301574e+01 -5.372651e+01
    endloop
  endfacet
  facet normal -1.000000e+00 0.000000e+00 0.000000e+00
    outer loop
      vertex   -2.700000e+00 8.301574e+01 -5.372651e+01
      vertex   -2.700000e+00 8.731306e+01 -5.557573e+01
      vertex   -2.700000e+00 8.721771e+01 -5.570000e+01
    endloop
  endfacet
  facet normal -1.000000e+00 0.000000e+00 -0.000000e+00
    outer loop
      vertex   -2.700000e+00 8.301574e+01 -5.372651e+01
      vertex   -2.700000e+00 8.721771e+01 -5.570000e+01
      vertex   -2.700000e+00 8.271509e+01 -5.445060e+01
    endloop
  endfacet
  facet normal -1.000000e+00 0.000000e+00 -0.000000e+00
    outer loop
      vertex   -2.700000e+00 8.271509e+01 -5.445060e+01
      vertex   -2.700000e+00 8.721771e+01 -5.570000e+01
      vertex   -2.700000e+00 8.253133e+01 -5.521278e+01
    endloop
  endfacet
  facet normal -1.000000e+00 0.000000e+00 0.000000e+00
    outer loop
      vertex   -2.700000e+00 8.253133e+01 -5.521278e+01
      vertex   -2.700000e+00 8.721771e+01 -5.570000e+01
      vertex   -2.700000e+00 8.715777e+01 -5.584471e+01
    endloop
  endfacet
  facet normal -1.000000e+00 0.000000e+00 -0.000000e+00
    outer loop
      vertex   -2.700000e+00 8.253133e+01 -5.521278e+01
      vertex   -2.700000e+00 8.715777e+01 -5.584471e+01
      vertex   -2.700000e+00 8.246897e+01 -5.599432e+01
    endloop
  endfacet
  facet normal -1.000000e+00 0.000000e+00 0.000000e+00
    outer loop
      vertex   -2.700000e+00 8.246897e+01 -5.599432e+01
      vertex   -2.700000e+00 8.715777e+01 -5.584471e+01
      vertex   -2.700000e+00 8.713732e+01 -5.600000e+01
    endloop
  endfacet
  facet normal -1.000000e+00 0.000000e+00 -0.000000e+00
    outer loop
      vertex   -2.700000e+00 8.246897e+01 -5.599432e+01
      vertex   -2.700000e+00 8.713732e+01 -5.600000e+01
      vertex   -2.700000e+00 8.246896e+01 -5.600000e+01
    endloop
  endfacet
  facet normal -1.000000e+00 0.000000e+00 0.000000e+00
    outer loop
      vertex   -2.700000e+00 8.246896e+01 -5.600000e+01
      vertex   -2.700000e+00 8.713732e+01 -5.600000e+01
      vertex   -2.700000e+00 8.715777e+01 -5.615529e+01
    endloop
  endfacet
  facet normal -1.000000e+00 0.000000e+00 0.000000e+00
    outer loop
      vertex   -2.700000e+00 8.246896e+01 -5.600000e+01
      vertex   -2.700000e+00 8.715777e+01 -5.615529e+01
      vertex   -2.700000e+00 8.252963e+01 -5.678224e+01
    endloop
  endfacet
  facet normal -1.000000e+00 0.000000e+00 0.000000e+00
    outer loop
      vertex   -2.700000e+00 8.252963e+01 -5.678224e+01
      vertex   -2.700000e+00 8.715777e+01 -5.615529e+01
      vertex   -2.700000e+00 8.721771e+01 -5.630000e+01
    endloop
  endfacet
  facet normal -1.000000e+00 0.000000e+00 0.000000e+00
    outer loop
      vertex   -2.700000e+00 8.252963e+01 -5.678224e+01
      vertex   -2.700000e+00 8.721771e+01 -5.630000e+01
      vertex   -2.700000e+00 8.271193e+01 -5.754536e+01
    endloop
  endfacet
  facet normal -1.000000e+00 0.000000e+00 0.000000e+00
    outer loop
      vertex   -2.700000e+00 8.271193e+01 -5.754536e+01
      vertex   -2.700000e+00 8.721771e+01 -5.630000e+01
      vertex   -2.700000e+00 8.301135e+01 -5.827057e+01
    endloop
  endfacet
  facet normal -1.000000e+00 0.000000e+00 0.000000e+00
    outer loop
      vertex   -2.700000e+00 8.301135e+01 -5.827057e+01
      vertex   -2.700000e+00 8.721771e+01 -5.630000e+01
      vertex   -2.700000e+00 8.731306e+01 -5.642426e+01
    endloop
  endfacet
  facet normal -1.000000e+00 0.000000e+00 0.000000e+00
    outer loop
      vertex   -2.700000e+00 8.301135e+01 -5.827057e+01
      vertex   -2.700000e+00 8.731306e+01 -5.642426e+01
      vertex   -2.700000e+00 8.342054e+01 -5.894001e+01
    endloop
  endfacet
  facet normal -1.000000e+00 0.000000e+00 0.000000e+00
    outer loop
      vertex   -2.700000e+00 8.342054e+01 -5.894001e+01
      vertex   -2.700000e+00 8.731306e+01 -5.642426e+01
      vertex   -2.700000e+00 8.743732e+01 -5.651961e+01
    endloop
  endfacet
  facet normal -1.000000e+00 0.000000e+00 0.000000e+00
    outer loop
      vertex   -2.700000e+00 8.342054e+01 -5.894001e+01
      vertex   -2.700000e+00 8.743732e+01 -5.651961e+01
      vertex   -2.700000e+00 8.392941e+01 -5.953719e+01
    endloop
  endfacet
  facet normal -1.000000e+00 0.000000e+00 0.000000e+00
    outer loop
      vertex   -2.700000e+00 8.392941e+01 -5.953719e+01
      vertex   -2.700000e+00 8.743732e+01 -5.651961e+01
      vertex   -2.700000e+00 8.452544e+01 -6.004742e+01
    endloop
  endfacet
  facet normal -1.000000e+00 0.000000e+00 0.000000e+00
    outer loop
      vertex   -2.700000e+00 8.452544e+01 -6.004742e+01
      vertex   -2.700000e+00 8.743732e+01 -5.651961e+01
      vertex   -2.700000e+00 8.758203e+01 -5.657955e+01
    endloop
  endfacet
  facet normal -1.000000e+00 0.000000e+00 0.000000e+00
    outer loop
      vertex   -2.700000e+00 8.452544e+01 -6.004742e+01
      vertex   -2.700000e+00 8.758203e+01 -5.657955e+01
      vertex   -2.700000e+00 8.519395e+01 -6.045813e+01
    endloop
  endfacet
  facet normal -1.000000e+00 0.000000e+00 0.000000e+00
    outer loop
      vertex   -2.700000e+00 9.319190e+01 -5.581253e+01
      vertex   -2.700000e+00 9.530000e+01 -5.100000e+01
      vertex   -2.700000e+00 9.319272e+01 -5.583578e+01
    endloop
  endfacet
  facet normal -1.000000e+00 0.000000e+00 0.000000e+00
    outer loop
      vertex   -2.700000e+00 9.319272e+01 -5.583578e+01
      vertex   -2.700000e+00 9.530000e+01 -5.100000e+01
      vertex   -2.700000e+00 9.530000e+01 -6.101233e+01
    endloop
  endfacet
  facet normal -1.000000e+00 0.000000e+00 0.000000e+00
    outer loop
      vertex   -2.700000e+00 9.319272e+01 -5.583578e+01
      vertex   -2.700000e+00 9.530000e+01 -6.101233e+01
      vertex   -2.700000e+00 9.332197e+01 -6.101233e+01
    endloop
  endfacet
  facet normal -1.000000e+00 0.000000e+00 0.000000e+00
    outer loop
      vertex   -2.700000e+00 9.319190e+01 -5.581253e+01
      vertex   -2.700000e+00 9.319097e+01 -5.578927e+01
      vertex   -2.700000e+00 9.530000e+01 -5.100000e+01
    endloop
  endfacet
  facet normal -1.000000e+00 0.000000e+00 0.000000e+00
    outer loop
      vertex   -2.700000e+00 9.530000e+01 -5.100000e+01
      vertex   -2.700000e+00 9.319097e+01 -5.578927e+01
      vertex   -2.700000e+00 9.318994e+01 -5.576603e+01
    endloop
  endfacet
  facet normal -1.000000e+00 -0.000000e+00 0.000000e+00
    outer loop
      vertex   -2.700000e+00 9.530000e+01 -5.100000e+01
      vertex   -2.700000e+00 9.318994e+01 -5.576603e+01
      vertex   -2.700000e+00 8.746897e+01 -5.100000e+01
    endloop
  endfacet
  facet normal -1.000000e+00 0.000000e+00 0.000000e+00
    outer loop
      vertex   -2.700000e+00 8.592496e+01 -5.124437e+01
      vertex   -2.700000e+00 8.668735e+01 -5.106147e+01
      vertex   -2.700000e+00 8.758203e+01 -5.542044e+01
    endloop
  endfacet
  facet normal 0.000000e+00 -9.199312e-01 3.920798e-01
    outer loop
      vertex   5.000000e-01 7.155785e+01 -4.269648e+00
      vertex   5.000000e-01 7.164767e+01 -4.058912e+00
      vertex   -5.000000e-01 7.164767e+01 -4.058912e+00
    endloop
  endfacet
  facet normal 0.000000e+00 -8.524519e-01 5.228057e-01
    outer loop
      vertex   -5.000000e-01 7.164767e+01 -4.058912e+00
      vertex   5.000000e-01 7.164767e+01 -4.058912e+00
      vertex   5.000000e-01 7.177198e+01 -3.856218e+00
    endloop
  endfacet
  facet normal -9.457907e-03 -8.309438e-01 5.562760e-01
    outer loop
      vertex   -5.000000e-01 7.164767e+01 -4.058912e+00
      vertex   5.000000e-01 7.177198e+01 -3.856218e+00
      vertex   -5.000000e-01 7.185749e+01 -3.745491e+00
    endloop
  endfacet
  facet normal 3.587190e-05 -7.913127e-01 6.114117e-01
    outer loop
      vertex   -5.000000e-01 7.185749e+01 -3.745491e+00
      vertex   5.000000e-01 7.177198e+01 -3.856218e+00
      vertex   5.000000e-01 7.185726e+01 -3.745845e+00
    endloop
  endfacet
  facet normal 6.915604e-05 -7.401482e-01 6.724438e-01
    outer loop
      vertex   -5.000000e-01 7.185749e+01 -3.745491e+00
      vertex   5.000000e-01 7.185726e+01 -3.745845e+00
      vertex   5.000000e-01 7.197243e+01 -3.619082e+00
    endloop
  endfacet
  facet normal 3.379931e-03 -6.880336e-01 7.256709e-01
    outer loop
      vertex   5.000000e-01 7.213060e+01 -3.469117e+00
      vertex   -5.000000e-01 7.205238e+01 -3.538620e+00
      vertex   5.000000e-01 7.197243e+01 -3.619082e+00
    endloop
  endfacet
  facet normal 1.272160e-03 -7.014051e-01 7.127617e-01
    outer loop
      vertex   5.000000e-01 7.197243e+01 -3.619082e+00
      vertex   -5.000000e-01 7.205238e+01 -3.538620e+00
      vertex   -5.000000e-01 7.198436e+01 -3.605555e+00
    endloop
  endfacet
  facet normal 2.458748e-04 -7.408433e-01 6.716778e-01
    outer loop
      vertex   5.000000e-01 7.197243e+01 -3.619082e+00
      vertex   -5.000000e-01 7.198436e+01 -3.605555e+00
      vertex   -5.000000e-01 7.185749e+01 -3.745491e+00
    endloop
  endfacet
  facet normal 2.454541e-03 -6.430641e-01 7.658084e-01
    outer loop
      vertex   5.000000e-01 7.234483e+01 -3.289220e+00
      vertex   -5.000000e-01 7.223525e+01 -3.378034e+00
      vertex   5.000000e-01 7.213060e+01 -3.469117e+00
    endloop
  endfacet
  facet normal 8.729406e-04 -6.517547e-01 7.584293e-01
    outer loop
      vertex   5.000000e-01 7.213060e+01 -3.469117e+00
      vertex   -5.000000e-01 7.223525e+01 -3.378034e+00
      vertex   -5.000000e-01 7.210335e+01 -3.491381e+00
    endloop
  endfacet
  facet normal 2.192094e-03 -6.797507e-01 7.334400e-01
    outer loop
      vertex   5.000000e-01 7.213060e+01 -3.469117e+00
      vertex   -5.000000e-01 7.210335e+01 -3.491381e+00
      vertex   -5.000000e-01 7.205238e+01 -3.538620e+00
    endloop
  endfacet
  facet normal 1.268462e-03 -6.072158e-01 7.945360e-01
    outer loop
      vertex   5.000000e-01 7.262820e+01 -3.072657e+00
      vertex   -5.000000e-01 7.246945e+01 -3.192384e+00
      vertex   5.000000e-01 7.234483e+01 -3.289220e+00
    endloop
  endfacet
  facet normal -1.697005e-04 -6.144313e-01 7.889703e-01
    outer loop
      vertex   5.000000e-01 7.234483e+01 -3.289220e+00
      vertex   -5.000000e-01 7.246945e+01 -3.192384e+00
      vertex   -5.000000e-01 7.233852e+01 -3.294351e+00
    endloop
  endfacet
  facet normal -1.238153e-05 -6.295743e-01 7.769403e-01
    outer loop
      vertex   5.000000e-01 7.234483e+01 -3.289220e+00
      vertex   -5.000000e-01 7.233852e+01 -3.294351e+00
      vertex   -5.000000e-01 7.223525e+01 -3.378034e+00
    endloop
  endfacet
  facet normal 1.324422e-03 -5.795191e-01 8.149576e-01
    outer loop
      vertex   5.000000e-01 7.299378e+01 -2.812698e+00
      vertex   -5.000000e-01 7.282264e+01 -2.932766e+00
      vertex   5.000000e-01 7.262820e+01 -3.072657e+00
    endloop
  endfacet
  facet normal -5.363674e-04 -5.858329e-01 8.104317e-01
    outer loop
      vertex   5.000000e-01 7.262820e+01 -3.072657e+00
      vertex   -5.000000e-01 7.282264e+01 -2.932766e+00
      vertex   -5.000000e-01 7.263013e+01 -3.071925e+00
    endloop
  endfacet
  facet normal -5.709250e-04 -5.998402e-01 8.001196e-01
    outer loop
      vertex   5.000000e-01 7.262820e+01 -3.072657e+00
      vertex   -5.000000e-01 7.263013e+01 -3.071925e+00
      vertex   -5.000000e-01 7.246945e+01 -3.192384e+00
    endloop
  endfacet
  facet normal 1.203593e-03 -5.580555e-01 8.298027e-01
    outer loop
      vertex   5.000000e-01 7.341524e+01 -2.529257e+00
      vertex   -5.000000e-01 7.330999e+01 -2.598589e+00
      vertex   5.000000e-01 7.299378e+01 -2.812698e+00
    endloop
  endfacet
  facet normal 5.619456e-04 -5.594493e-01 8.288644e-01
    outer loop
      vertex   5.000000e-01 7.299378e+01 -2.812698e+00
      vertex   -5.000000e-01 7.330999e+01 -2.598589e+00
      vertex   -5.000000e-01 7.304907e+01 -2.774698e+00
    endloop
  endfacet
  facet normal -4.930246e-04 -5.724126e-01 8.199656e-01
    outer loop
      vertex   5.000000e-01 7.299378e+01 -2.812698e+00
      vertex   -5.000000e-01 7.304907e+01 -2.774698e+00
      vertex   -5.000000e-01 7.282264e+01 -2.932766e+00
    endloop
  endfacet
  facet normal -2.031789e-03 -5.365708e-01 8.438529e-01
    outer loop
      vertex   -5.000000e-01 7.330999e+01 -2.598589e+00
      vertex   5.000000e-01 7.341524e+01 -2.529257e+00
      vertex   -5.000000e-01 7.384827e+01 -2.256316e+00
    endloop
  endfacet
  facet normal -2.383511e-03 -5.371501e-01 8.434833e-01
    outer loop
      vertex   -5.000000e-01 7.384827e+01 -2.256316e+00
      vertex   5.000000e-01 7.341524e+01 -2.529257e+00
      vertex   5.000000e-01 7.381534e+01 -2.274463e+00
    endloop
  endfacet
  facet normal -1.441062e-03 -5.158158e-01 8.566983e-01
    outer loop
      vertex   -5.000000e-01 7.384827e+01 -2.256316e+00
      vertex   5.000000e-01 7.381534e+01 -2.274463e+00
      vertex   5.000000e-01 7.419152e+01 -2.047965e+00
    endloop
  endfacet
  facet normal -1.143646e-02 -4.942956e-01 8.692186e-01
    outer loop
      vertex   5.000000e-01 7.419152e+01 -2.047965e+00
      vertex   5.000000e-01 7.454384e+01 -1.847614e+00
      vertex   -5.000000e-01 7.384827e+01 -2.256316e+00
    endloop
  endfacet
  facet normal -1.544910e-02 -4.899379e-01 8.716204e-01
    outer loop
      vertex   -5.000000e-01 7.384827e+01 -2.256316e+00
      vertex   5.000000e-01 7.454384e+01 -1.847614e+00
      vertex   -5.000000e-01 7.490326e+01 -1.663306e+00
    endloop
  endfacet
  facet normal -7.613792e-03 -4.729711e-01 8.810450e-01
    outer loop
      vertex   -5.000000e-01 7.490326e+01 -1.663306e+00
      vertex   5.000000e-01 7.454384e+01 -1.847614e+00
      vertex   5.000000e-01 7.487234e+01 -1.671264e+00
    endloop
  endfacet
  facet normal -6.884300e-03 -4.521741e-01 8.919031e-01
    outer loop
      vertex   -5.000000e-01 7.490326e+01 -1.663306e+00
      vertex   5.000000e-01 7.487234e+01 -1.671264e+00
      vertex   5.000000e-01 7.517708e+01 -1.516768e+00
    endloop
  endfacet
  facet normal -1.452165e-02 -4.300531e-01 9.026868e-01
    outer loop
      vertex   -5.000000e-01 7.490326e+01 -1.663306e+00
      vertex   5.000000e-01 7.517708e+01 -1.516768e+00
      vertex   -5.000000e-01 7.591215e+01 -1.182657e+00
    endloop
  endfacet
  facet normal -9.027146e-03 -4.239260e-01 9.056518e-01
    outer loop
      vertex   -5.000000e-01 7.591215e+01 -1.182657e+00
      vertex   5.000000e-01 7.517708e+01 -1.516768e+00
      vertex   5.000000e-01 7.571549e+01 -1.264747e+00
    endloop
  endfacet
  facet normal 8.593604e-04 -3.814727e-01 9.243797e-01
    outer loop
      vertex   -5.000000e-01 7.591215e+01 -1.182657e+00
      vertex   5.000000e-01 7.571549e+01 -1.264747e+00
      vertex   5.000000e-01 7.665787e+01 -8.758451e-01
    endloop
  endfacet
  facet normal 4.734953e-03 -3.322035e-01 9.431958e-01
    outer loop
      vertex   5.000000e-01 7.753872e+01 -5.655983e-01
      vertex   -5.000000e-01 7.729358e+01 -6.469222e-01
      vertex   5.000000e-01 7.665787e+01 -8.758451e-01
    endloop
  endfacet
  facet normal 3.301328e-03 -3.342061e-01 9.424942e-01
    outer loop
      vertex   5.000000e-01 7.665787e+01 -8.758451e-01
      vertex   -5.000000e-01 7.729358e+01 -6.469222e-01
      vertex   -5.000000e-01 7.685415e+01 -8.027400e-01
    endloop
  endfacet
  facet normal -5.618677e-03 -3.740284e-01 9.274002e-01
    outer loop
      vertex   5.000000e-01 7.665787e+01 -8.758451e-01
      vertex   -5.000000e-01 7.685415e+01 -8.027400e-01
      vertex   -5.000000e-01 7.591215e+01 -1.182657e+00
    endloop
  endfacet
  facet normal 4.347660e-03 -2.833990e-01 9.589922e-01
    outer loop
      vertex   5.000000e-01 7.835006e+01 -3.258344e-01
      vertex   -5.000000e-01 7.809627e+01 -3.963004e-01
      vertex   5.000000e-01 7.753872e+01 -5.655983e-01
    endloop
  endfacet
  facet normal 2.928271e-03 -2.857358e-01 9.583040e-01
    outer loop
      vertex   5.000000e-01 7.753872e+01 -5.655983e-01
      vertex   -5.000000e-01 7.809627e+01 -3.963004e-01
      vertex   -5.000000e-01 7.770848e+01 -5.119268e-01
    endloop
  endfacet
  facet normal -1.484498e-03 -3.093995e-01 9.509310e-01
    outer loop
      vertex   5.000000e-01 7.753872e+01 -5.655983e-01
      vertex   -5.000000e-01 7.770848e+01 -5.119268e-01
      vertex   -5.000000e-01 7.729358e+01 -6.469222e-01
    endloop
  endfacet
  facet normal -1.169311e-03 -2.632527e-01 9.647262e-01
    outer loop
      vertex   -5.000000e-01 7.809627e+01 -3.963004e-01
      vertex   5.000000e-01 7.835006e+01 -3.258344e-01
      vertex   -5.000000e-01 7.845434e+01 -2.985894e-01
    endloop
  endfacet
  facet normal 1.977633e-03 -2.349763e-01 9.719991e-01
    outer loop
      vertex   -5.000000e-01 7.845434e+01 -2.985894e-01
      vertex   5.000000e-01 7.835006e+01 -3.258344e-01
      vertex   5.000000e-01 7.908365e+01 -1.484918e-01
    endloop
  endfacet
  facet normal -6.478131e-15 -2.320045e-01 9.727147e-01
    outer loop
      vertex   -5.000000e-01 7.845434e+01 -2.985894e-01
      vertex   5.000000e-01 7.908365e+01 -1.484918e-01
      vertex   -5.000000e-01 7.908365e+01 -1.484918e-01
    endloop
  endfacet
  facet normal -3.571467e-03 -9.259263e-01 3.776873e-01
    outer loop
      vertex   -5.000000e-01 7.164767e+01 -4.058912e+00
      vertex   -5.000000e-01 7.154406e+01 -4.312934e+00
      vertex   5.000000e-01 7.155785e+01 -4.269648e+00
    endloop
  endfacet
  facet normal 2.293422e-03 -9.668723e-01 2.552502e-01
    outer loop
      vertex   5.000000e-01 7.155785e+01 -4.269648e+00
      vertex   -5.000000e-01 7.154406e+01 -4.312934e+00
      vertex   5.000000e-01 7.151023e+01 -4.450040e+00
    endloop
  endfacet
  facet normal -5.659035e-03 -9.796955e-01 2.004114e-01
    outer loop
      vertex   5.000000e-01 7.151023e+01 -4.450040e+00
      vertex   -5.000000e-01 7.154406e+01 -4.312934e+00
      vertex   -5.000000e-01 7.149539e+01 -4.550810e+00
    endloop
  endfacet
  facet normal 3.057752e-03 -9.932555e-01 1.159057e-01
    outer loop
      vertex   5.000000e-01 7.151023e+01 -4.450040e+00
      vertex   -5.000000e-01 7.149539e+01 -4.550810e+00
      vertex   5.000000e-01 7.149039e+01 -4.620031e+00
    endloop
  endfacet
  facet normal -2.045098e-03 -9.990897e-01 4.260890e-02
    outer loop
      vertex   5.000000e-01 7.149039e+01 -4.620031e+00
      vertex   -5.000000e-01 7.149539e+01 -4.550810e+00
      vertex   -5.000000e-01 7.148980e+01 -4.682053e+00
    endloop
  endfacet
  facet normal 3.365463e-03 -9.989980e-01 -4.462835e-02
    outer loop
      vertex   5.000000e-01 7.149039e+01 -4.620031e+00
      vertex   -5.000000e-01 7.148980e+01 -4.682053e+00
      vertex   5.000000e-01 7.149772e+01 -4.784053e+00
    endloop
  endfacet
  facet normal -2.476488e-03 -9.948245e-01 -1.015780e-01
    outer loop
      vertex   5.000000e-01 7.149772e+01 -4.784053e+00
      vertex   -5.000000e-01 7.148980e+01 -4.682053e+00
      vertex   -5.000000e-01 7.150467e+01 -4.827713e+00
    endloop
  endfacet
  facet normal 2.923154e-03 -9.750192e-01 -2.221015e-01
    outer loop
      vertex   5.000000e-01 7.149772e+01 -4.784053e+00
      vertex   -5.000000e-01 7.150467e+01 -4.827713e+00
      vertex   5.000000e-01 7.153265e+01 -4.937387e+00
    endloop
  endfacet
  facet normal -2.726866e-03 -9.627217e-01 -2.704803e-01
    outer loop
      vertex   5.000000e-01 7.153265e+01 -4.937387e+00
      vertex   -5.000000e-01 7.150467e+01 -4.827713e+00
      vertex   -5.000000e-01 7.154627e+01 -4.975770e+00
    endloop
  endfacet
  facet normal 2.513683e-03 -9.200192e-01 -3.918652e-01
    outer loop
      vertex   5.000000e-01 7.153265e+01 -4.937387e+00
      vertex   -5.000000e-01 7.154627e+01 -4.975770e+00
      vertex   5.000000e-01 7.159306e+01 -5.079211e+00
    endloop
  endfacet
  facet normal -2.324858e-03 -9.024871e-01 -4.307105e-01
    outer loop
      vertex   5.000000e-01 7.159306e+01 -5.079211e+00
      vertex   -5.000000e-01 7.154627e+01 -4.975770e+00
      vertex   -5.000000e-01 7.161279e+01 -5.115153e+00
    endloop
  endfacet
  facet normal 3.946465e-03 -8.262199e-01 -5.633339e-01
    outer loop
      vertex   5.000000e-01 7.159306e+01 -5.079211e+00
      vertex   -5.000000e-01 7.161279e+01 -5.115153e+00
      vertex   5.000000e-01 7.176789e+01 -5.335635e+00
    endloop
  endfacet
  facet normal -4.717976e-03 -8.076864e-01 -5.895935e-01
    outer loop
      vertex   5.000000e-01 7.176789e+01 -5.335635e+00
      vertex   -5.000000e-01 7.161279e+01 -5.115153e+00
      vertex   -5.000000e-01 7.181015e+01 -5.385528e+00
    endloop
  endfacet
  facet normal 2.074230e-03 -7.421566e-01 -6.702233e-01
    outer loop
      vertex   5.000000e-01 7.176789e+01 -5.335635e+00
      vertex   -5.000000e-01 7.181015e+01 -5.385528e+00
      vertex   5.000000e-01 7.194114e+01 -5.527473e+00
    endloop
  endfacet
  facet normal -3.723351e-03 -7.217029e-01 -6.921930e-01
    outer loop
      vertex   5.000000e-01 7.194114e+01 -5.527473e+00
      vertex   -5.000000e-01 7.181015e+01 -5.385528e+00
      vertex   -5.000000e-01 7.203299e+01 -5.617859e+00
    endloop
  endfacet
  facet normal 2.513220e-03 -6.873697e-01 -7.263034e-01
    outer loop
      vertex   5.000000e-01 7.194114e+01 -5.527473e+00
      vertex   -5.000000e-01 7.203299e+01 -5.617859e+00
      vertex   5.000000e-01 7.209051e+01 -5.668840e+00
    endloop
  endfacet
  facet normal -1.350923e-03 -6.500003e-01 -7.599328e-01
    outer loop
      vertex   5.000000e-01 7.209051e+01 -5.668840e+00
      vertex   -5.000000e-01 7.203299e+01 -5.617859e+00
      vertex   -5.000000e-01 7.214428e+01 -5.713049e+00
    endloop
  endfacet
  facet normal 4.519369e-03 -5.836323e-01 -8.120055e-01
    outer loop
      vertex   5.000000e-01 7.209051e+01 -5.668840e+00
      vertex   -5.000000e-01 7.214428e+01 -5.713049e+00
      vertex   -5.000000e-01 7.229007e+01 -5.817838e+00
    endloop
  endfacet
  facet normal 1.276267e-03 -5.941630e-01 -8.043436e-01
    outer loop
      vertex   5.000000e-01 7.209051e+01 -5.668840e+00
      vertex   -5.000000e-01 7.229007e+01 -5.817838e+00
      vertex   5.000000e-01 7.235660e+01 -5.865397e+00
    endloop
  endfacet
  facet normal -4.892925e-03 -5.318177e-01 -8.468447e-01
    outer loop
      vertex   5.000000e-01 7.235660e+01 -5.865397e+00
      vertex   -5.000000e-01 7.229007e+01 -5.817838e+00
      vertex   -5.000000e-01 7.263778e+01 -6.036199e+00
    endloop
  endfacet
  facet normal 8.881444e-03 -4.958877e-01 -8.683413e-01
    outer loop
      vertex   5.000000e-01 7.235660e+01 -5.865397e+00
      vertex   -5.000000e-01 7.263778e+01 -6.036199e+00
      vertex   -5.000000e-01 7.297293e+01 -6.227595e+00
    endloop
  endfacet
  facet normal 2.231833e-02 -4.793685e-01 -8.773299e-01
    outer loop
      vertex   -5.000000e-01 7.297293e+01 -6.227595e+00
      vertex   -5.000000e-01 7.310302e+01 -6.298679e+00
      vertex   5.000000e-01 7.235660e+01 -5.865397e+00
    endloop
  endfacet
  facet normal 1.532594e-02 -4.865302e-01 -8.735293e-01
    outer loop
      vertex   5.000000e-01 7.235660e+01 -5.865397e+00
      vertex   -5.000000e-01 7.310302e+01 -6.298679e+00
      vertex   5.000000e-01 7.340268e+01 -6.448033e+00
    endloop
  endfacet
  facet normal 9.804613e-03 -4.720785e-01 -8.815020e-01
    outer loop
      vertex   5.000000e-01 7.340268e+01 -6.448033e+00
      vertex   -5.000000e-01 7.310302e+01 -6.298679e+00
      vertex   -5.000000e-01 7.319108e+01 -6.345836e+00
    endloop
  endfacet
  facet normal 1.417257e-03 -4.403292e-01 -8.978353e-01
    outer loop
      vertex   5.000000e-01 7.340268e+01 -6.448033e+00
      vertex   -5.000000e-01 7.319108e+01 -6.345836e+00
      vertex   -5.000000e-01 7.345717e+01 -6.476338e+00
    endloop
  endfacet
  facet normal 3.009216e-03 -4.168905e-01 -9.089517e-01
    outer loop
      vertex   -5.000000e-01 7.345717e+01 -6.476338e+00
      vertex   -5.000000e-01 7.363290e+01 -6.556933e+00
      vertex   5.000000e-01 7.340268e+01 -6.448033e+00
    endloop
  endfacet
  facet normal 2.285992e-03 -4.194710e-01 -9.077659e-01
    outer loop
      vertex   5.000000e-01 7.340268e+01 -6.448033e+00
      vertex   -5.000000e-01 7.363290e+01 -6.556933e+00
      vertex   -5.000000e-01 7.388222e+01 -6.672144e+00
    endloop
  endfacet
  facet normal -6.601310e-03 -4.346446e-01 -9.005779e-01
    outer loop
      vertex   5.000000e-01 7.340268e+01 -6.448033e+00
      vertex   -5.000000e-01 7.388222e+01 -6.672144e+00
      vertex   -5.000000e-01 7.409942e+01 -6.776970e+00
    endloop
  endfacet
  facet normal -5.540015e-03 -4.334064e-01 -9.011816e-01
    outer loop
      vertex   -5.000000e-01 7.409942e+01 -6.776970e+00
      vertex   -5.000000e-01 7.440613e+01 -6.924474e+00
      vertex   5.000000e-01 7.340268e+01 -6.448033e+00
    endloop
  endfacet
  facet normal 7.450366e-03 -4.228326e-01 -9.061772e-01
    outer loop
      vertex   5.000000e-01 7.340268e+01 -6.448033e+00
      vertex   -5.000000e-01 7.440613e+01 -6.924474e+00
      vertex   5.000000e-01 7.392827e+01 -6.693279e+00
    endloop
  endfacet
  facet normal 5.050070e-03 -4.269326e-01 -9.042694e-01
    outer loop
      vertex   5.000000e-01 7.392827e+01 -6.693279e+00
      vertex   -5.000000e-01 7.440613e+01 -6.924474e+00
      vertex   5.000000e-01 7.439579e+01 -6.914008e+00
    endloop
  endfacet
  facet normal 5.118258e-03 -4.224609e-01 -9.063667e-01
    outer loop
      vertex   5.000000e-01 7.439579e+01 -6.914008e+00
      vertex   -5.000000e-01 7.440613e+01 -6.924474e+00
      vertex   -5.000000e-01 7.478238e+01 -7.099848e+00
    endloop
  endfacet
  facet normal 3.035135e-03 -4.268615e-01 -9.043119e-01
    outer loop
      vertex   5.000000e-01 7.439579e+01 -6.914008e+00
      vertex   -5.000000e-01 7.478238e+01 -7.099848e+00
      vertex   5.000000e-01 7.481635e+01 -7.112526e+00
    endloop
  endfacet
  facet normal 2.151753e-03 -4.046477e-01 -9.144701e-01
    outer loop
      vertex   5.000000e-01 7.481635e+01 -7.112526e+00
      vertex   -5.000000e-01 7.478238e+01 -7.099848e+00
      vertex   -5.000000e-01 7.520822e+01 -7.288281e+00
    endloop
  endfacet
  facet normal 4.200675e-15 -4.092251e-01 -9.124334e-01
    outer loop
      vertex   5.000000e-01 7.481635e+01 -7.112526e+00
      vertex   -5.000000e-01 7.520822e+01 -7.288281e+00
      vertex   5.000000e-01 7.520822e+01 -7.288281e+00
    endloop
  endfacet
  facet normal 2.282461e-14 8.030696e-01 5.958852e-01
    outer loop
      vertex   -5.000000e-01 1.448877e+02 -6.340000e+01
      vertex   5.000000e-01 1.448877e+02 -6.340000e+01
      vertex   -5.000000e-01 1.451354e+02 -6.373381e+01
    endloop
  endfacet
  facet normal 1.023716e-02 8.174597e-01 5.758948e-01
    outer loop
      vertex   -5.000000e-01 1.451354e+02 -6.373381e+01
      vertex   5.000000e-01 1.448877e+02 -6.340000e+01
      vertex   5.000000e-01 1.455247e+02 -6.430415e+01
    endloop
  endfacet
  facet normal 5.700569e-03 8.212558e-01 5.705317e-01
    outer loop
      vertex   -5.000000e-01 1.451354e+02 -6.373381e+01
      vertex   5.000000e-01 1.455247e+02 -6.430415e+01
      vertex   -5.000000e-01 1.454134e+02 -6.413403e+01
    endloop
  endfacet
  facet normal -9.428709e-06 8.369723e-01 5.472453e-01
    outer loop
      vertex   -5.000000e-01 1.454134e+02 -6.413403e+01
      vertex   5.000000e-01 1.455247e+02 -6.430415e+01
      vertex   -5.000000e-01 1.457355e+02 -6.462666e+01
    endloop
  endfacet
  facet normal 4.186462e-03 8.428746e-01 5.380938e-01
    outer loop
      vertex   -5.000000e-01 1.457355e+02 -6.462666e+01
      vertex   5.000000e-01 1.455247e+02 -6.430415e+01
      vertex   5.000000e-01 1.458609e+02 -6.483085e+01
    endloop
  endfacet
  facet normal 1.939778e-03 8.478889e-01 5.301704e-01
    outer loop
      vertex   -5.000000e-01 1.457355e+02 -6.462666e+01
      vertex   5.000000e-01 1.458609e+02 -6.483085e+01
      vertex   -5.000000e-01 1.461012e+02 -6.521144e+01
    endloop
  endfacet
  facet normal 1.294862e-03 8.471292e-01 5.313854e-01
    outer loop
      vertex   -5.000000e-01 1.461012e+02 -6.521144e+01
      vertex   5.000000e-01 1.458609e+02 -6.483085e+01
      vertex   5.000000e-01 1.460538e+02 -6.513834e+01
    endloop
  endfacet
  facet normal 1.349510e-03 8.474624e-01 5.308537e-01
    outer loop
      vertex   -5.000000e-01 1.461012e+02 -6.521144e+01
      vertex   5.000000e-01 1.460538e+02 -6.513834e+01
      vertex   5.000000e-01 1.462709e+02 -6.548497e+01
    endloop
  endfacet
  facet normal -1.175909e-03 8.449683e-01 5.348150e-01
    outer loop
      vertex   5.000000e-01 1.467465e+02 -6.623636e+01
      vertex   -5.000000e-01 1.465520e+02 -6.593129e+01
      vertex   5.000000e-01 1.462709e+02 -6.548497e+01
    endloop
  endfacet
  facet normal -1.496252e-05 8.461440e-01 5.329544e-01
    outer loop
      vertex   5.000000e-01 1.462709e+02 -6.548497e+01
      vertex   -5.000000e-01 1.465520e+02 -6.593129e+01
      vertex   -5.000000e-01 1.463079e+02 -6.554365e+01
    endloop
  endfacet
  facet normal 3.683792e-04 8.490771e-01 5.282688e-01
    outer loop
      vertex   5.000000e-01 1.462709e+02 -6.548497e+01
      vertex   -5.000000e-01 1.463079e+02 -6.554365e+01
      vertex   -5.000000e-01 1.461012e+02 -6.521144e+01
    endloop
  endfacet
  facet normal 3.751783e-04 8.426681e-01 5.384332e-01
    outer loop
      vertex   -5.000000e-01 1.465520e+02 -6.593129e+01
      vertex   5.000000e-01 1.467465e+02 -6.623636e+01
      vertex   -5.000000e-01 1.468223e+02 -6.635427e+01
    endloop
  endfacet
  facet normal 7.119817e-05 8.414985e-01 5.402594e-01
    outer loop
      vertex   -5.000000e-01 1.468223e+02 -6.635427e+01
      vertex   5.000000e-01 1.467465e+02 -6.623636e+01
      vertex   5.000000e-01 1.469553e+02 -6.656161e+01
    endloop
  endfacet
  facet normal -3.306486e-05 8.417271e-01 5.399033e-01
    outer loop
      vertex   -5.000000e-01 1.468223e+02 -6.635427e+01
      vertex   5.000000e-01 1.469553e+02 -6.656161e+01
      vertex   -5.000000e-01 1.470587e+02 -6.672284e+01
    endloop
  endfacet
  facet normal 1.374282e-04 8.422073e-01 5.391538e-01
    outer loop
      vertex   -5.000000e-01 1.470587e+02 -6.672284e+01
      vertex   5.000000e-01 1.469553e+02 -6.656161e+01
      vertex   5.000000e-01 1.471452e+02 -6.685823e+01
    endloop
  endfacet
  facet normal -5.094542e-04 8.443712e-01 5.357584e-01
    outer loop
      vertex   -5.000000e-01 1.470587e+02 -6.672284e+01
      vertex   5.000000e-01 1.471452e+02 -6.685823e+01
      vertex   -5.000000e-01 1.472658e+02 -6.704925e+01
    endloop
  endfacet
  facet normal 2.554711e-03 8.515577e-01 5.242546e-01
    outer loop
      vertex   -5.000000e-01 1.472658e+02 -6.704925e+01
      vertex   5.000000e-01 1.471452e+02 -6.685823e+01
      vertex   -5.000000e-01 1.474517e+02 -6.735119e+01
    endloop
  endfacet
  facet normal 1.294426e-02 8.607369e-01 5.088855e-01
    outer loop
      vertex   -5.000000e-01 1.474517e+02 -6.735119e+01
      vertex   5.000000e-01 1.471452e+02 -6.685823e+01
      vertex   5.000000e-01 1.477921e+02 -6.795241e+01
    endloop
  endfacet
  facet normal -3.085285e-14 8.701936e-01 4.927099e-01
    outer loop
      vertex   -5.000000e-01 1.474517e+02 -6.735119e+01
      vertex   5.000000e-01 1.477921e+02 -6.795241e+01
      vertex   -5.000000e-01 1.477921e+02 -6.795241e+01
    endloop
  endfacet
  facet normal 2.450930e-14 5.975760e-01 -8.018123e-01
    outer loop
      vertex   5.000000e-01 1.399106e+02 -1.085450e+02
      vertex   5.000000e-01 1.393929e+02 -1.089309e+02
      vertex   -5.000000e-01 1.399106e+02 -1.085450e+02
    endloop
  endfacet
  facet normal -1.245392e-02 5.819537e-01 -8.131265e-01
    outer loop
      vertex   -5.000000e-01 1.399106e+02 -1.085450e+02
      vertex   5.000000e-01 1.393929e+02 -1.089309e+02
      vertex   -5.000000e-01 1.387836e+02 -1.093516e+02
    endloop
  endfacet
  facet normal -1.006944e-03 5.693552e-01 -8.220910e-01
    outer loop
      vertex   -5.000000e-01 1.387836e+02 -1.093516e+02
      vertex   5.000000e-01 1.393929e+02 -1.089309e+02
      vertex   5.000000e-01 1.388818e+02 -1.092848e+02
    endloop
  endfacet
  facet normal 2.805758e-03 5.426634e-01 -8.399456e-01
    outer loop
      vertex   -5.000000e-01 1.387836e+02 -1.093516e+02
      vertex   5.000000e-01 1.388818e+02 -1.092848e+02
      vertex   5.000000e-01 1.383811e+02 -1.096083e+02
    endloop
  endfacet
  facet normal -1.015252e-02 5.196385e-01 -8.543259e-01
    outer loop
      vertex   -5.000000e-01 1.387836e+02 -1.093516e+02
      vertex   5.000000e-01 1.383811e+02 -1.096083e+02
      vertex   -5.000000e-01 1.375643e+02 -1.100932e+02
    endloop
  endfacet
  facet normal -7.977825e-03 5.176911e-01 -8.555304e-01
    outer loop
      vertex   -5.000000e-01 1.375643e+02 -1.100932e+02
      vertex   5.000000e-01 1.383811e+02 -1.096083e+02
      vertex   5.000000e-01 1.378946e+02 -1.099027e+02
    endloop
  endfacet
  facet normal 2.198724e-03 4.946887e-01 -8.690675e-01
    outer loop
      vertex   -5.000000e-01 1.375643e+02 -1.100932e+02
      vertex   5.000000e-01 1.378946e+02 -1.099027e+02
      vertex   5.000000e-01 1.374260e+02 -1.101694e+02
    endloop
  endfacet
  facet normal -1.411300e-03 4.747027e-01 -8.801451e-01
    outer loop
      vertex   -5.000000e-01 1.375643e+02 -1.100932e+02
      vertex   5.000000e-01 1.374260e+02 -1.101694e+02
      vertex   -5.000000e-01 1.369053e+02 -1.104487e+02
    endloop
  endfacet
  facet normal -8.398004e-04 4.738514e-01 -8.806044e-01
    outer loop
      vertex   -5.000000e-01 1.369053e+02 -1.104487e+02
      vertex   5.000000e-01 1.374260e+02 -1.101694e+02
      vertex   5.000000e-01 1.369789e+02 -1.104100e+02
    endloop
  endfacet
  facet normal 8.841154e-04 4.554979e-01 -8.902364e-01
    outer loop
      vertex   -5.000000e-01 1.369053e+02 -1.104487e+02
      vertex   5.000000e-01 1.369789e+02 -1.104100e+02
      vertex   5.000000e-01 1.365572e+02 -1.106258e+02
    endloop
  endfacet
  facet normal -2.704628e-03 4.472973e-01 -8.943812e-01
    outer loop
      vertex   -5.000000e-01 1.369053e+02 -1.104487e+02
      vertex   5.000000e-01 1.365572e+02 -1.106258e+02
      vertex   -5.000000e-01 1.362054e+02 -1.107987e+02
    endloop
  endfacet
  facet normal 4.641908e-04 4.400547e-01 -8.979708e-01
    outer loop
      vertex   -5.000000e-01 1.362054e+02 -1.107987e+02
      vertex   5.000000e-01 1.365572e+02 -1.106258e+02
      vertex   5.000000e-01 1.361645e+02 -1.108182e+02
    endloop
  endfacet
  facet normal -1.036736e-04 4.287583e-01 -9.034192e-01
    outer loop
      vertex   -5.000000e-01 1.362054e+02 -1.107987e+02
      vertex   5.000000e-01 1.361645e+02 -1.108182e+02
      vertex   -5.000000e-01 1.358236e+02 -1.109799e+02
    endloop
  endfacet
  facet normal 1.407047e-04 4.281730e-01 -9.036968e-01
    outer loop
      vertex   -5.000000e-01 1.358236e+02 -1.109799e+02
      vertex   5.000000e-01 1.361645e+02 -1.108182e+02
      vertex   5.000000e-01 1.358041e+02 -1.109890e+02
    endloop
  endfacet
  facet normal 1.404050e-05 4.228353e-01 -9.062065e-01
    outer loop
      vertex   -5.000000e-01 1.358236e+02 -1.109799e+02
      vertex   5.000000e-01 1.358041e+02 -1.109890e+02
      vertex   -5.000000e-01 1.355825e+02 -1.110924e+02
    endloop
  endfacet
  facet normal 2.602123e-05 4.227909e-01 -9.062273e-01
    outer loop
      vertex   -5.000000e-01 1.355825e+02 -1.110924e+02
      vertex   5.000000e-01 1.358041e+02 -1.109890e+02
      vertex   5.000000e-01 1.353954e+02 -1.111797e+02
    endloop
  endfacet
  facet normal -6.724871e-04 4.197229e-01 -9.076520e-01
    outer loop
      vertex   -5.000000e-01 1.355825e+02 -1.110924e+02
      vertex   5.000000e-01 1.353954e+02 -1.111797e+02
      vertex   -5.000000e-01 1.353055e+02 -1.112205e+02
    endloop
  endfacet
  facet normal -5.401626e-04 4.185056e-01 -9.082140e-01
    outer loop
      vertex   -5.000000e-01 1.353055e+02 -1.112205e+02
      vertex   5.000000e-01 1.353954e+02 -1.111797e+02
      vertex   5.000000e-01 1.348921e+02 -1.114116e+02
    endloop
  endfacet
  facet normal -2.366863e-03 4.148585e-01 -9.098829e-01
    outer loop
      vertex   -5.000000e-01 1.353055e+02 -1.112205e+02
      vertex   5.000000e-01 1.348921e+02 -1.114116e+02
      vertex   -5.000000e-01 1.346681e+02 -1.115111e+02
    endloop
  endfacet
  facet normal -1.596834e-03 4.119978e-01 -9.111834e-01
    outer loop
      vertex   -5.000000e-01 1.346681e+02 -1.115111e+02
      vertex   5.000000e-01 1.348921e+02 -1.114116e+02
      vertex   5.000000e-01 1.343160e+02 -1.116721e+02
    endloop
  endfacet
  facet normal -3.518389e-03 4.074691e-01 -9.132122e-01
    outer loop
      vertex   -5.000000e-01 1.346681e+02 -1.115111e+02
      vertex   5.000000e-01 1.343160e+02 -1.116721e+02
      vertex   -5.000000e-01 1.339603e+02 -1.118269e+02
    endloop
  endfacet
  facet normal 7.036793e-04 3.975076e-01 -9.175986e-01
    outer loop
      vertex   -5.000000e-01 1.339603e+02 -1.118269e+02
      vertex   5.000000e-01 1.343160e+02 -1.116721e+02
      vertex   5.000000e-01 1.330319e+02 -1.122283e+02
    endloop
  endfacet
  facet normal 9.862195e-04 3.977638e-01 -9.174873e-01
    outer loop
      vertex   -5.000000e-01 1.339603e+02 -1.118269e+02
      vertex   5.000000e-01 1.330319e+02 -1.122283e+02
      vertex   -5.000000e-01 1.332308e+02 -1.121432e+02
    endloop
  endfacet
  facet normal -2.310823e-03 3.837337e-01 -9.234409e-01
    outer loop
      vertex   -5.000000e-01 1.332308e+02 -1.121432e+02
      vertex   5.000000e-01 1.330319e+02 -1.122283e+02
      vertex   -5.000000e-01 1.325276e+02 -1.124354e+02
    endloop
  endfacet
  facet normal 7.459152e-03 3.671139e-01 -9.301461e-01
    outer loop
      vertex   -5.000000e-01 1.325276e+02 -1.124354e+02
      vertex   5.000000e-01 1.330319e+02 -1.122283e+02
      vertex   5.000000e-01 1.317166e+02 -1.127475e+02
    endloop
  endfacet
  facet normal 3.946043e-06 3.591299e-01 -9.332876e-01
    outer loop
      vertex   -5.000000e-01 1.325276e+02 -1.124354e+02
      vertex   5.000000e-01 1.317166e+02 -1.127475e+02
      vertex   -5.000000e-01 1.318105e+02 -1.127113e+02
    endloop
  endfacet
  facet normal -3.152488e-03 3.296581e-01 -9.440951e-01
    outer loop
      vertex   -5.000000e-01 1.318105e+02 -1.127113e+02
      vertex   5.000000e-01 1.317166e+02 -1.127475e+02
      vertex   -5.000000e-01 1.310335e+02 -1.129826e+02
    endloop
  endfacet
  facet normal 5.750487e-03 3.179951e-01 -9.480749e-01
    outer loop
      vertex   -5.000000e-01 1.310335e+02 -1.129826e+02
      vertex   5.000000e-01 1.317166e+02 -1.127475e+02
      vertex   5.000000e-01 1.304846e+02 -1.131607e+02
    endloop
  endfacet
  facet normal -5.874131e-03 2.988309e-01 -9.542880e-01
    outer loop
      vertex   -5.000000e-01 1.310335e+02 -1.129826e+02
      vertex   5.000000e-01 1.304846e+02 -1.131607e+02
      vertex   -5.000000e-01 1.301978e+02 -1.132443e+02
    endloop
  endfacet
  facet normal 2.755542e-03 2.711535e-01 -9.625322e-01
    outer loop
      vertex   -5.000000e-01 1.301978e+02 -1.132443e+02
      vertex   5.000000e-01 1.304846e+02 -1.131607e+02
      vertex   5.000000e-01 1.292871e+02 -1.134980e+02
    endloop
  endfacet
  facet normal -1.677514e-03 2.666373e-01 -9.637955e-01
    outer loop
      vertex   -5.000000e-01 1.301978e+02 -1.132443e+02
      vertex   5.000000e-01 1.292871e+02 -1.134980e+02
      vertex   -5.000000e-01 1.293043e+02 -1.134915e+02
    endloop
  endfacet
  facet normal -2.310765e-03 2.330636e-01 -9.724588e-01
    outer loop
      vertex   -5.000000e-01 1.293043e+02 -1.134915e+02
      vertex   5.000000e-01 1.292871e+02 -1.134980e+02
      vertex   -5.000000e-01 1.283542e+02 -1.137192e+02
    endloop
  endfacet
  facet normal 3.022646e-03 2.276500e-01 -9.737383e-01
    outer loop
      vertex   -5.000000e-01 1.283542e+02 -1.137192e+02
      vertex   5.000000e-01 1.292871e+02 -1.134980e+02
      vertex   5.000000e-01 1.281285e+02 -1.137689e+02
    endloop
  endfacet
  facet normal -3.958034e-03 1.981355e-01 -9.801666e-01
    outer loop
      vertex   -5.000000e-01 1.283542e+02 -1.137192e+02
      vertex   5.000000e-01 1.281285e+02 -1.137689e+02
      vertex   -5.000000e-01 1.273486e+02 -1.139225e+02
    endloop
  endfacet
  facet normal 4.916461e-03 1.871805e-01 -9.823132e-01
    outer loop
      vertex   -5.000000e-01 1.273486e+02 -1.139225e+02
      vertex   5.000000e-01 1.281285e+02 -1.137689e+02
      vertex   5.000000e-01 1.270173e+02 -1.139806e+02
    endloop
  endfacet
  facet normal -3.719310e-03 1.619001e-01 -9.868001e-01
    outer loop
      vertex   -5.000000e-01 1.273486e+02 -1.139225e+02
      vertex   5.000000e-01 1.270173e+02 -1.139806e+02
      vertex   -5.000000e-01 1.262883e+02 -1.140965e+02
    endloop
  endfacet
  facet normal 5.269930e-03 1.498685e-01 -9.886919e-01
    outer loop
      vertex   -5.000000e-01 1.262883e+02 -1.140965e+02
      vertex   5.000000e-01 1.270173e+02 -1.139806e+02
      vertex   5.000000e-01 1.259618e+02 -1.141406e+02
    endloop
  endfacet
  facet normal -3.194337e-03 1.244254e-01 -9.922238e-01
    outer loop
      vertex   -5.000000e-01 1.262883e+02 -1.140965e+02
      vertex   5.000000e-01 1.259618e+02 -1.141406e+02
      vertex   -5.000000e-01 1.251747e+02 -1.142361e+02
    endloop
  endfacet
  facet normal 3.675201e-03 1.158242e-01 -9.932629e-01
    outer loop
      vertex   -5.000000e-01 1.251747e+02 -1.142361e+02
      vertex   5.000000e-01 1.259618e+02 -1.141406e+02
      vertex   5.000000e-01 1.249706e+02 -1.142562e+02
    endloop
  endfacet
  facet normal -2.512117e-03 8.580733e-02 -9.963086e-01
    outer loop
      vertex   -5.000000e-01 1.251747e+02 -1.142361e+02
      vertex   5.000000e-01 1.249706e+02 -1.142562e+02
      vertex   -5.000000e-01 1.240086e+02 -1.143365e+02
    endloop
  endfacet
  facet normal -1.917933e-03 8.519419e-02 -9.963625e-01
    outer loop
      vertex   -5.000000e-01 1.240086e+02 -1.143365e+02
      vertex   5.000000e-01 1.249706e+02 -1.142562e+02
      vertex   5.000000e-01 1.240521e+02 -1.143348e+02
    endloop
  endfacet
  facet normal -7.418589e-04 5.823544e-02 -9.983026e-01
    outer loop
      vertex   -5.000000e-01 1.240086e+02 -1.143365e+02
      vertex   5.000000e-01 1.240521e+02 -1.143348e+02
      vertex   5.000000e-01 1.232147e+02 -1.143836e+02
    endloop
  endfacet
  facet normal -8.199378e-03 4.886947e-02 -9.987715e-01
    outer loop
      vertex   -5.000000e-01 1.240086e+02 -1.143365e+02
      vertex   5.000000e-01 1.232147e+02 -1.143836e+02
      vertex   -5.000000e-01 1.227763e+02 -1.143968e+02
    endloop
  endfacet
  facet normal -2.301398e-03 3.543463e-02 -9.993693e-01
    outer loop
      vertex   -5.000000e-01 1.227763e+02 -1.143968e+02
      vertex   5.000000e-01 1.232147e+02 -1.143836e+02
      vertex   5.000000e-01 1.224669e+02 -1.144101e+02
    endloop
  endfacet
  facet normal -7.777221e-03 1.775292e-02 -9.998122e-01
    outer loop
      vertex   -5.000000e-01 1.227763e+02 -1.143968e+02
      vertex   5.000000e-01 1.224669e+02 -1.144101e+02
      vertex   5.000000e-01 1.218172e+02 -1.144217e+02
    endloop
  endfacet
  facet normal -6.433403e-03 1.915366e-02 -9.997959e-01
    outer loop
      vertex   -5.000000e-01 1.227763e+02 -1.143968e+02
      vertex   5.000000e-01 1.218172e+02 -1.144217e+02
      vertex   -5.000000e-01 1.214818e+02 -1.144216e+02
    endloop
  endfacet
  facet normal -2.386263e-03 7.085947e-03 -9.999720e-01
    outer loop
      vertex   -5.000000e-01 1.214818e+02 -1.144216e+02
      vertex   5.000000e-01 1.218172e+02 -1.144217e+02
      vertex   5.000000e-01 1.212722e+02 -1.144255e+02
    endloop
  endfacet
  facet normal -4.017512e-03 -6.977010e-04 -9.999917e-01
    outer loop
      vertex   -5.000000e-01 1.214818e+02 -1.144216e+02
      vertex   5.000000e-01 1.212722e+02 -1.144255e+02
      vertex   5.000000e-01 1.207672e+02 -1.144252e+02
    endloop
  endfacet
  facet normal -7.166638e-03 -5.104817e-03 -9.999613e-01
    outer loop
      vertex   -5.000000e-01 1.214818e+02 -1.144216e+02
      vertex   5.000000e-01 1.207672e+02 -1.144252e+02
      vertex   -5.000000e-01 1.201491e+02 -1.144148e+02
    endloop
  endfacet
  facet normal 2.463604e-03 -2.068108e-02 -9.997831e-01
    outer loop
      vertex   -5.000000e-01 1.201491e+02 -1.144148e+02
      vertex   5.000000e-01 1.207672e+02 -1.144252e+02
      vertex   5.000000e-01 1.188019e+02 -1.143845e+02
    endloop
  endfacet
  facet normal -1.623736e-02 -3.455132e-02 -9.992710e-01
    outer loop
      vertex   -5.000000e-01 1.201491e+02 -1.144148e+02
      vertex   5.000000e-01 1.188019e+02 -1.143845e+02
      vertex   -5.000000e-01 1.174643e+02 -1.143220e+02
    endloop
  endfacet
  facet normal -6.559755e-03 -4.177831e-02 -9.991054e-01
    outer loop
      vertex   -5.000000e-01 1.174643e+02 -1.143220e+02
      vertex   5.000000e-01 1.188019e+02 -1.143845e+02
      vertex   5.000000e-01 1.178693e+02 -1.143455e+02
    endloop
  endfacet
  facet normal -1.683736e-03 -5.378444e-02 -9.985512e-01
    outer loop
      vertex   -5.000000e-01 1.174643e+02 -1.143220e+02
      vertex   5.000000e-01 1.178693e+02 -1.143455e+02
      vertex   5.000000e-01 1.169831e+02 -1.142978e+02
    endloop
  endfacet
  facet normal -4.621865e-03 -5.987328e-02 -9.981953e-01
    outer loop
      vertex   -5.000000e-01 1.174643e+02 -1.143220e+02
      vertex   5.000000e-01 1.169831e+02 -1.142978e+02
      vertex   -5.000000e-01 1.161599e+02 -1.142438e+02
    endloop
  endfacet
  facet normal -7.601011e-04 -6.454584e-02 -9.979145e-01
    outer loop
      vertex   -5.000000e-01 1.161599e+02 -1.142438e+02
      vertex   5.000000e-01 1.169831e+02 -1.142978e+02
      vertex   5.000000e-01 1.161532e+02 -1.142441e+02
    endloop
  endfacet
  facet normal -8.243539e-04 -7.421096e-02 -9.972422e-01
    outer loop
      vertex   -5.000000e-01 1.161599e+02 -1.142438e+02
      vertex   5.000000e-01 1.161532e+02 -1.142441e+02
      vertex   5.000000e-01 1.153894e+02 -1.141873e+02
    endloop
  endfacet
  facet normal -1.716634e-03 -7.536261e-02 -9.971547e-01
    outer loop
      vertex   -5.000000e-01 1.161599e+02 -1.142438e+02
      vertex   5.000000e-01 1.153894e+02 -1.141873e+02
      vertex   -5.000000e-01 1.149127e+02 -1.141495e+02
    endloop
  endfacet
  facet normal 1.892765e-03 -8.288726e-02 -9.965571e-01
    outer loop
      vertex   -5.000000e-01 1.149127e+02 -1.141495e+02
      vertex   5.000000e-01 1.153894e+02 -1.141873e+02
      vertex   5.000000e-01 1.147015e+02 -1.141300e+02
    endloop
  endfacet
  facet normal 2.426488e-04 -9.063696e-02 -9.958840e-01
    outer loop
      vertex   -5.000000e-01 1.149127e+02 -1.141495e+02
      vertex   5.000000e-01 1.147015e+02 -1.141300e+02
      vertex   5.000000e-01 1.140993e+02 -1.140752e+02
    endloop
  endfacet
  facet normal 6.632485e-05 -9.085194e-02 -9.958644e-01
    outer loop
      vertex   -5.000000e-01 1.149127e+02 -1.141495e+02
      vertex   5.000000e-01 1.140993e+02 -1.140752e+02
      vertex   -5.000000e-01 1.137466e+02 -1.140431e+02
    endloop
  endfacet
  facet normal 2.414404e-03 -9.745263e-02 -9.952372e-01
    outer loop
      vertex   -5.000000e-01 1.137466e+02 -1.140431e+02
      vertex   5.000000e-01 1.140993e+02 -1.140752e+02
      vertex   5.000000e-01 1.135927e+02 -1.140256e+02
    endloop
  endfacet
  facet normal 1.521782e-03 -1.031845e-01 -9.946611e-01
    outer loop
      vertex   -5.000000e-01 1.137466e+02 -1.140431e+02
      vertex   5.000000e-01 1.135927e+02 -1.140256e+02
      vertex   5.000000e-01 1.131914e+02 -1.139840e+02
    endloop
  endfacet
  facet normal -8.343605e-04 -1.073805e-01 -9.942176e-01
    outer loop
      vertex   -5.000000e-01 1.137466e+02 -1.140431e+02
      vertex   5.000000e-01 1.131914e+02 -1.139840e+02
      vertex   -5.000000e-01 1.126855e+02 -1.139285e+02
    endloop
  endfacet
  facet normal 4.250602e-03 -1.173075e-01 -9.930865e-01
    outer loop
      vertex   -5.000000e-01 1.126855e+02 -1.139285e+02
      vertex   5.000000e-01 1.131914e+02 -1.139840e+02
      vertex   5.000000e-01 1.120755e+02 -1.138522e+02
    endloop
  endfacet
  facet normal 1.709576e-03 -1.214125e-01 -9.926007e-01
    outer loop
      vertex   -5.000000e-01 1.126855e+02 -1.139285e+02
      vertex   5.000000e-01 1.120755e+02 -1.138522e+02
      vertex   -5.000000e-01 1.122017e+02 -1.138693e+02
    endloop
  endfacet
  facet normal 3.410799e-04 -1.320734e-01 -9.912399e-01
    outer loop
      vertex   -5.000000e-01 1.122017e+02 -1.138693e+02
      vertex   5.000000e-01 1.120755e+02 -1.138522e+02
      vertex   -5.000000e-01 1.117531e+02 -1.138096e+02
    endloop
  endfacet
  facet normal 2.921974e-03 -1.399348e-01 -9.901564e-01
    outer loop
      vertex   -5.000000e-01 1.117531e+02 -1.138096e+02
      vertex   5.000000e-01 1.120755e+02 -1.138522e+02
      vertex   5.000000e-01 1.109763e+02 -1.136968e+02
    endloop
  endfacet
  facet normal -2.819489e-03 -1.471738e-01 -9.891066e-01
    outer loop
      vertex   -5.000000e-01 1.117531e+02 -1.138096e+02
      vertex   5.000000e-01 1.109763e+02 -1.136968e+02
      vertex   -5.000000e-01 1.108418e+02 -1.136740e+02
    endloop
  endfacet
  facet normal -1.614620e-03 -1.559082e-01 -9.877702e-01
    outer loop
      vertex   -5.000000e-01 1.108418e+02 -1.136740e+02
      vertex   5.000000e-01 1.109763e+02 -1.136968e+02
      vertex   5.000000e-01 1.099273e+02 -1.135313e+02
    endloop
  endfacet
  facet normal -4.813749e-03 -1.593197e-01 -9.872153e-01
    outer loop
      vertex   -5.000000e-01 1.108418e+02 -1.136740e+02
      vertex   5.000000e-01 1.099273e+02 -1.135313e+02
      vertex   -5.000000e-01 1.098773e+02 -1.135183e+02
    endloop
  endfacet
  facet normal -4.516383e-03 -1.650279e-01 -9.862786e-01
    outer loop
      vertex   -5.000000e-01 1.098773e+02 -1.135183e+02
      vertex   5.000000e-01 1.099273e+02 -1.135313e+02
      vertex   5.000000e-01 1.094401e+02 -1.134497e+02
    endloop
  endfacet
  facet normal -6.650067e-03 -1.697796e-01 -9.854596e-01
    outer loop
      vertex   -5.000000e-01 1.098773e+02 -1.135183e+02
      vertex   5.000000e-01 1.094401e+02 -1.134497e+02
      vertex   5.000000e-01 1.089876e+02 -1.133718e+02
    endloop
  endfacet
  facet normal -1.016718e-02 -1.736177e-01 -9.847606e-01
    outer loop
      vertex   5.000000e-01 1.089876e+02 -1.133718e+02
      vertex   5.000000e-01 1.085773e+02 -1.132995e+02
      vertex   -5.000000e-01 1.098773e+02 -1.135183e+02
    endloop
  endfacet
  facet normal -1.036361e-03 -1.668011e-01 -9.859900e-01
    outer loop
      vertex   -5.000000e-01 1.098773e+02 -1.135183e+02
      vertex   5.000000e-01 1.085773e+02 -1.132995e+02
      vertex   -5.000000e-01 1.089649e+02 -1.133640e+02
    endloop
  endfacet
  facet normal -4.898693e-03 -1.764842e-01 -9.842913e-01
    outer loop
      vertex   -5.000000e-01 1.089649e+02 -1.133640e+02
      vertex   5.000000e-01 1.085773e+02 -1.132995e+02
      vertex   5.000000e-01 1.082165e+02 -1.132348e+02
    endloop
  endfacet
  facet normal -5.608337e-04 -1.708611e-01 -9.852950e-01
    outer loop
      vertex   -5.000000e-01 1.089649e+02 -1.133640e+02
      vertex   5.000000e-01 1.082165e+02 -1.132348e+02
      vertex   -5.000000e-01 1.085611e+02 -1.132940e+02
    endloop
  endfacet
  facet normal -1.309630e-03 -1.729704e-01 -9.849262e-01
    outer loop
      vertex   -5.000000e-01 1.085611e+02 -1.132940e+02
      vertex   5.000000e-01 1.082165e+02 -1.132348e+02
      vertex   -5.000000e-01 1.082100e+02 -1.132323e+02
    endloop
  endfacet
  facet normal -1.274175e-03 -1.780982e-01 -9.840119e-01
    outer loop
      vertex   -5.000000e-01 1.082100e+02 -1.132323e+02
      vertex   5.000000e-01 1.082165e+02 -1.132348e+02
      vertex   5.000000e-01 1.079126e+02 -1.131798e+02
    endloop
  endfacet
  facet normal -2.488665e-04 -1.747570e-01 -9.846116e-01
    outer loop
      vertex   -5.000000e-01 1.082100e+02 -1.132323e+02
      vertex   5.000000e-01 1.079126e+02 -1.131798e+02
      vertex   -5.000000e-01 1.079247e+02 -1.131816e+02
    endloop
  endfacet
  facet normal -2.675263e-04 -1.762573e-01 -9.843441e-01
    outer loop
      vertex   -5.000000e-01 1.079247e+02 -1.131816e+02
      vertex   5.000000e-01 1.079126e+02 -1.131798e+02
      vertex   -5.000000e-01 1.077183e+02 -1.131447e+02
    endloop
  endfacet
  facet normal 2.766048e-05 -1.777291e-01 -9.840795e-01
    outer loop
      vertex   -5.000000e-01 1.077183e+02 -1.131447e+02
      vertex   5.000000e-01 1.079126e+02 -1.131798e+02
      vertex   5.000000e-01 1.076730e+02 -1.131365e+02
    endloop
  endfacet
  facet normal 4.298498e-05 -1.774019e-01 -9.841385e-01
    outer loop
      vertex   -5.000000e-01 1.077183e+02 -1.131447e+02
      vertex   5.000000e-01 1.076730e+02 -1.131365e+02
      vertex   -5.000000e-01 1.076041e+02 -1.131241e+02
    endloop
  endfacet
  facet normal 8.658386e-05 -1.780154e-01 -9.840277e-01
    outer loop
      vertex   -5.000000e-01 1.076041e+02 -1.131241e+02
      vertex   5.000000e-01 1.076730e+02 -1.131365e+02
      vertex   -5.000000e-01 1.075581e+02 -1.131158e+02
    endloop
  endfacet
  facet normal 2.749723e-04 -1.796035e-01 -9.837390e-01
    outer loop
      vertex   -5.000000e-01 1.075581e+02 -1.131158e+02
      vertex   5.000000e-01 1.076730e+02 -1.131365e+02
      vertex   -5.000000e-01 1.074709e+02 -1.130999e+02
    endloop
  endfacet
  facet normal 5.270677e-04 -1.808111e-01 -9.835177e-01
    outer loop
      vertex   -5.000000e-01 1.074709e+02 -1.130999e+02
      vertex   5.000000e-01 1.076730e+02 -1.131365e+02
      vertex   5.000000e-01 1.072848e+02 -1.130651e+02
    endloop
  endfacet
  facet normal -3.085438e-04 -1.851508e-01 -9.827101e-01
    outer loop
      vertex   -5.000000e-01 1.074709e+02 -1.130999e+02
      vertex   5.000000e-01 1.072848e+02 -1.130651e+02
      vertex   -5.000000e-01 1.071396e+02 -1.130375e+02
    endloop
  endfacet
  facet normal 1.343736e-03 -1.961248e-01 -9.805780e-01
    outer loop
      vertex   -5.000000e-01 1.071396e+02 -1.130375e+02
      vertex   5.000000e-01 1.072848e+02 -1.130651e+02
      vertex   5.000000e-01 1.066082e+02 -1.129298e+02
    endloop
  endfacet
  facet normal -5.236778e-04 -1.995010e-01 -9.798975e-01
    outer loop
      vertex   -5.000000e-01 1.071396e+02 -1.130375e+02
      vertex   5.000000e-01 1.066082e+02 -1.129298e+02
      vertex   -5.000000e-01 1.065487e+02 -1.129171e+02
    endloop
  endfacet
  facet normal 6.751996e-04 -2.187657e-01 -9.757772e-01
    outer loop
      vertex   -5.000000e-01 1.065487e+02 -1.129171e+02
      vertex   5.000000e-01 1.066082e+02 -1.129298e+02
      vertex   5.000000e-01 1.060285e+02 -1.127998e+02
    endloop
  endfacet
  facet normal 0.000000e+00 -2.200011e-01 -9.754996e-01
    outer loop
      vertex   -5.000000e-01 1.065487e+02 -1.129171e+02
      vertex   5.000000e-01 1.060285e+02 -1.127998e+02
      vertex   -5.000000e-01 1.060285e+02 -1.127998e+02
    endloop
  endfacet
  facet normal 2.833941e-14 9.350479e-01 -3.545215e-01
    outer loop
      vertex   -5.000000e-01 1.501966e+02 -9.276597e+01
      vertex   5.000000e-01 1.501966e+02 -9.276597e+01
      vertex   -5.000000e-01 1.500209e+02 -9.322938e+01
    endloop
  endfacet
  facet normal 2.771424e-03 9.330472e-01 -3.597434e-01
    outer loop
      vertex   -5.000000e-01 1.500209e+02 -9.322938e+01
      vertex   5.000000e-01 1.501966e+02 -9.276597e+01
      vertex   5.000000e-01 1.495220e+02 -9.451573e+01
    endloop
  endfacet
  facet normal 1.260154e-03 9.326554e-01 -3.607663e-01
    outer loop
      vertex   -5.000000e-01 1.500209e+02 -9.322938e+01
      vertex   5.000000e-01 1.495220e+02 -9.451573e+01
      vertex   -5.000000e-01 1.499761e+02 -9.334542e+01
    endloop
  endfacet
  facet normal 3.493515e-03 9.332908e-01 -3.591045e-01
    outer loop
      vertex   -5.000000e-01 1.499761e+02 -9.334542e+01
      vertex   5.000000e-01 1.495220e+02 -9.451573e+01
      vertex   -5.000000e-01 1.499181e+02 -9.349601e+01
    endloop
  endfacet
  facet normal 4.846811e-03 9.337291e-01 -3.579476e-01
    outer loop
      vertex   -5.000000e-01 1.499181e+02 -9.349601e+01
      vertex   5.000000e-01 1.495220e+02 -9.451573e+01
      vertex   -5.000000e-01 1.498426e+02 -9.369302e+01
    endloop
  endfacet
  facet normal 4.697012e-03 9.336690e-01 -3.581063e-01
    outer loop
      vertex   -5.000000e-01 1.498426e+02 -9.369302e+01
      vertex   5.000000e-01 1.495220e+02 -9.451573e+01
      vertex   -5.000000e-01 1.497518e+02 -9.392982e+01
    endloop
  endfacet
  facet normal 3.574679e-03 9.330332e-01 -3.597725e-01
    outer loop
      vertex   -5.000000e-01 1.497518e+02 -9.392982e+01
      vertex   5.000000e-01 1.495220e+02 -9.451573e+01
      vertex   -5.000000e-01 1.495333e+02 -9.449628e+01
    endloop
  endfacet
  facet normal 3.481265e-03 9.315132e-01 -3.636907e-01
    outer loop
      vertex   -5.000000e-01 1.495333e+02 -9.449628e+01
      vertex   5.000000e-01 1.495220e+02 -9.451573e+01
      vertex   -5.000000e-01 1.492811e+02 -9.514238e+01
    endloop
  endfacet
  facet normal 4.928503e-03 9.307214e-01 -3.656958e-01
    outer loop
      vertex   -5.000000e-01 1.492811e+02 -9.514238e+01
      vertex   5.000000e-01 1.495220e+02 -9.451573e+01
      vertex   5.000000e-01 1.488189e+02 -9.630508e+01
    endloop
  endfacet
  facet normal -7.148052e-03 9.271358e-01 -3.746573e-01
    outer loop
      vertex   -5.000000e-01 1.492811e+02 -9.514238e+01
      vertex   5.000000e-01 1.488189e+02 -9.630508e+01
      vertex   -5.000000e-01 1.487481e+02 -9.646144e+01
    endloop
  endfacet
  facet normal -3.232762e-03 9.183651e-01 -3.957209e-01
    outer loop
      vertex   -5.000000e-01 1.487481e+02 -9.646144e+01
      vertex   5.000000e-01 1.488189e+02 -9.630508e+01
      vertex   -5.000000e-01 1.485038e+02 -9.702837e+01
    endloop
  endfacet
  facet normal 2.241110e-03 9.156000e-01 -4.020840e-01
    outer loop
      vertex   -5.000000e-01 1.485038e+02 -9.702837e+01
      vertex   5.000000e-01 1.488189e+02 -9.630508e+01
      vertex   5.000000e-01 1.484287e+02 -9.719365e+01
    endloop
  endfacet
  facet normal -2.281162e-03 9.052990e-01 -4.247687e-01
    outer loop
      vertex   -5.000000e-01 1.485038e+02 -9.702837e+01
      vertex   5.000000e-01 1.484287e+02 -9.719365e+01
      vertex   -5.000000e-01 1.482853e+02 -9.749399e+01
    endloop
  endfacet
  facet normal 1.577635e-03 9.003149e-01 -4.352363e-01
    outer loop
      vertex   -5.000000e-01 1.482853e+02 -9.749399e+01
      vertex   5.000000e-01 1.484287e+02 -9.719365e+01
      vertex   5.000000e-01 1.482063e+02 -9.765383e+01
    endloop
  endfacet
  facet normal -1.462277e-03 8.927642e-01 -4.505218e-01
    outer loop
      vertex   -5.000000e-01 1.482853e+02 -9.749399e+01
      vertex   5.000000e-01 1.482063e+02 -9.765383e+01
      vertex   -5.000000e-01 1.480366e+02 -9.798674e+01
    endloop
  endfacet
  facet normal 1.888820e-03 8.886870e-01 -4.585106e-01
    outer loop
      vertex   -5.000000e-01 1.480366e+02 -9.798674e+01
      vertex   5.000000e-01 1.482063e+02 -9.765383e+01
      vertex   5.000000e-01 1.479299e+02 -9.818949e+01
    endloop
  endfacet
  facet normal -1.652326e-04 8.845425e-01 -4.664596e-01
    outer loop
      vertex   -5.000000e-01 1.480366e+02 -9.798674e+01
      vertex   5.000000e-01 1.479299e+02 -9.818949e+01
      vertex   -5.000000e-01 1.477596e+02 -9.851200e+01
    endloop
  endfacet
  facet normal 2.336911e-03 8.813189e-01 -4.725162e-01
    outer loop
      vertex   -5.000000e-01 1.477596e+02 -9.851200e+01
      vertex   5.000000e-01 1.479299e+02 -9.818949e+01
      vertex   5.000000e-01 1.476143e+02 -9.877821e+01
    endloop
  endfacet
  facet normal -5.921326e-04 8.767172e-01 -4.810058e-01
    outer loop
      vertex   -5.000000e-01 1.477596e+02 -9.851200e+01
      vertex   5.000000e-01 1.476143e+02 -9.877821e+01
      vertex   -5.000000e-01 1.471702e+02 -9.958641e+01
    endloop
  endfacet
  facet normal -7.725604e-05 8.764487e-01 -4.814953e-01
    outer loop
      vertex   -5.000000e-01 1.471702e+02 -9.958641e+01
      vertex   5.000000e-01 1.476143e+02 -9.877821e+01
      vertex   5.000000e-01 1.472778e+02 -9.939071e+01
    endloop
  endfacet
  facet normal 1.457035e-03 8.731191e-01 -4.875049e-01
    outer loop
      vertex   -5.000000e-01 1.471702e+02 -9.958641e+01
      vertex   5.000000e-01 1.472778e+02 -9.939071e+01
      vertex   5.000000e-01 1.469389e+02 -9.999770e+01
    endloop
  endfacet
  facet normal 2.948736e-04 8.719166e-01 -4.896542e-01
    outer loop
      vertex   -5.000000e-01 1.471702e+02 -9.958641e+01
      vertex   5.000000e-01 1.469389e+02 -9.999770e+01
      vertex   -5.000000e-01 1.468825e+02 -1.000987e+02
    endloop
  endfacet
  facet normal 5.366831e-04 8.708912e-01 -4.914755e-01
    outer loop
      vertex   -5.000000e-01 1.468825e+02 -1.000987e+02
      vertex   5.000000e-01 1.469389e+02 -9.999770e+01
      vertex   5.000000e-01 1.466160e+02 -1.005699e+02
    endloop
  endfacet
  facet normal 1.276723e-14 8.704037e-01 -4.923387e-01
    outer loop
      vertex   -5.000000e-01 1.468825e+02 -1.000987e+02
      vertex   5.000000e-01 1.466160e+02 -1.005699e+02
      vertex   -5.000000e-01 1.466160e+02 -1.005699e+02
    endloop
  endfacet
  facet normal -2.883229e-16 1.609500e-01 9.869626e-01
    outer loop
      vertex   -5.000000e-01 8.676667e+01 -2.937772e-01
      vertex   -5.000000e-01 8.589205e+01 -1.511471e-01
      vertex   5.000000e-01 8.676667e+01 -2.937772e-01
    endloop
  endfacet
  facet normal -1.317031e-14 1.609500e-01 9.869626e-01
    outer loop
      vertex   5.000000e-01 8.676667e+01 -2.937772e-01
      vertex   -5.000000e-01 8.589205e+01 -1.511471e-01
      vertex   5.000000e-01 8.589205e+01 -1.511471e-01
    endloop
  endfacet
  facet normal -0.000000e+00 8.101984e-01 5.861557e-01
    outer loop
      vertex   -5.000000e-01 1.154135e+02 -3.720000e+01
      vertex   -5.000000e-01 1.149508e+02 -3.656044e+01
      vertex   5.000000e-01 1.154135e+02 -3.720000e+01
    endloop
  endfacet
  facet normal -3.485094e-03 8.127734e-01 5.825695e-01
    outer loop
      vertex   5.000000e-01 1.154135e+02 -3.720000e+01
      vertex   -5.000000e-01 1.149508e+02 -3.656044e+01
      vertex   5.000000e-01 1.147398e+02 -3.626005e+01
    endloop
  endfacet
  facet normal 4.372387e-04 8.189564e-01 5.738556e-01
    outer loop
      vertex   5.000000e-01 1.147398e+02 -3.626005e+01
      vertex   -5.000000e-01 1.149508e+02 -3.656044e+01
      vertex   -5.000000e-01 1.145593e+02 -3.600180e+01
    endloop
  endfacet
  facet normal -4.361676e-03 8.275950e-01 5.613087e-01
    outer loop
      vertex   5.000000e-01 1.147398e+02 -3.626005e+01
      vertex   -5.000000e-01 1.145593e+02 -3.600180e+01
      vertex   -5.000000e-01 1.142407e+02 -3.553200e+01
    endloop
  endfacet
  facet normal -6.310798e-03 8.288240e-01 5.594739e-01
    outer loop
      vertex   5.000000e-01 1.147398e+02 -3.626005e+01
      vertex   -5.000000e-01 1.142407e+02 -3.553200e+01
      vertex   5.000000e-01 1.140900e+02 -3.529751e+01
    endloop
  endfacet
  facet normal -2.665583e-03 8.360846e-01 5.485941e-01
    outer loop
      vertex   5.000000e-01 1.140900e+02 -3.529751e+01
      vertex   -5.000000e-01 1.142407e+02 -3.553200e+01
      vertex   -5.000000e-01 1.139882e+02 -3.514709e+01
    endloop
  endfacet
  facet normal -5.434047e-03 8.443398e-01 5.357806e-01
    outer loop
      vertex   5.000000e-01 1.140900e+02 -3.529751e+01
      vertex   -5.000000e-01 1.139882e+02 -3.514709e+01
      vertex   -5.000000e-01 1.138008e+02 -3.485184e+01
    endloop
  endfacet
  facet normal -1.153826e-02 8.503970e-01 5.260151e-01
    outer loop
      vertex   5.000000e-01 1.140900e+02 -3.529751e+01
      vertex   -5.000000e-01 1.138008e+02 -3.485184e+01
      vertex   5.000000e-01 1.135126e+02 -3.436403e+01
    endloop
  endfacet
  facet normal -9.585260e-03 8.522233e-01 5.230904e-01
    outer loop
      vertex   5.000000e-01 1.135126e+02 -3.436403e+01
      vertex   -5.000000e-01 1.138008e+02 -3.485184e+01
      vertex   -5.000000e-01 1.136724e+02 -3.464261e+01
    endloop
  endfacet
  facet normal -5.473553e-03 8.588798e-01 5.121480e-01
    outer loop
      vertex   5.000000e-01 1.135126e+02 -3.436403e+01
      vertex   -5.000000e-01 1.136724e+02 -3.464261e+01
      vertex   -5.000000e-01 1.136105e+02 -3.453887e+01
    endloop
  endfacet
  facet normal -3.942427e-03 8.627756e-01 5.055717e-01
    outer loop
      vertex   -5.000000e-01 1.136105e+02 -3.453887e+01
      vertex   -5.000000e-01 1.135713e+02 -3.447199e+01
      vertex   5.000000e-01 1.135126e+02 -3.436403e+01
    endloop
  endfacet
  facet normal -2.091630e-03 8.702988e-01 4.925197e-01
    outer loop
      vertex   5.000000e-01 1.135126e+02 -3.436403e+01
      vertex   -5.000000e-01 1.135713e+02 -3.447199e+01
      vertex   -5.000000e-01 1.133597e+02 -3.409806e+01
    endloop
  endfacet
  facet normal -3.342243e-03 8.722964e-01 4.889661e-01
    outer loop
      vertex   5.000000e-01 1.135126e+02 -3.436403e+01
      vertex   -5.000000e-01 1.133597e+02 -3.409806e+01
      vertex   5.000000e-01 1.132662e+02 -3.392431e+01
    endloop
  endfacet
  facet normal 3.444163e-03 8.885934e-01 4.586828e-01
    outer loop
      vertex   5.000000e-01 1.132662e+02 -3.392431e+01
      vertex   -5.000000e-01 1.133597e+02 -3.409806e+01
      vertex   -5.000000e-01 1.129973e+02 -3.339593e+01
    endloop
  endfacet
  facet normal 2.410921e-03 8.893942e-01 4.571348e-01
    outer loop
      vertex   5.000000e-01 1.132662e+02 -3.392431e+01
      vertex   -5.000000e-01 1.129973e+02 -3.339593e+01
      vertex   5.000000e-01 1.130522e+02 -3.350808e+01
    endloop
  endfacet
  facet normal -4.420913e-03 9.130576e-01 4.078067e-01
    outer loop
      vertex   5.000000e-01 1.130522e+02 -3.350808e+01
      vertex   -5.000000e-01 1.129973e+02 -3.339593e+01
      vertex   -5.000000e-01 1.123939e+02 -3.204502e+01
    endloop
  endfacet
  facet normal -2.427648e-03 9.125564e-01 4.089436e-01
    outer loop
      vertex   5.000000e-01 1.130522e+02 -3.350808e+01
      vertex   -5.000000e-01 1.123939e+02 -3.204502e+01
      vertex   5.000000e-01 1.123350e+02 -3.190760e+01
    endloop
  endfacet
  facet normal -9.705013e-05 9.188228e-01 3.946703e-01
    outer loop
      vertex   5.000000e-01 1.123350e+02 -3.190760e+01
      vertex   -5.000000e-01 1.123939e+02 -3.204502e+01
      vertex   -5.000000e-01 1.120834e+02 -3.132215e+01
    endloop
  endfacet
  facet normal 1.999574e-03 9.175174e-01 3.976906e-01
    outer loop
      vertex   5.000000e-01 1.123350e+02 -3.190760e+01
      vertex   -5.000000e-01 1.120834e+02 -3.132215e+01
      vertex   5.000000e-01 1.119616e+02 -3.104608e+01
    endloop
  endfacet
  facet normal -2.409140e-03 9.116085e-01 4.110524e-01
    outer loop
      vertex   5.000000e-01 1.119616e+02 -3.104608e+01
      vertex   -5.000000e-01 1.120834e+02 -3.132215e+01
      vertex   -5.000000e-01 1.117309e+02 -3.054040e+01
    endloop
  endfacet
  facet normal 2.648065e-03 9.078301e-01 4.193297e-01
    outer loop
      vertex   5.000000e-01 1.119616e+02 -3.104608e+01
      vertex   -5.000000e-01 1.117309e+02 -3.054040e+01
      vertex   5.000000e-01 1.115649e+02 -3.018728e+01
    endloop
  endfacet
  facet normal -3.179331e-03 9.014652e-01 4.328399e-01
    outer loop
      vertex   5.000000e-01 1.115649e+02 -3.018728e+01
      vertex   -5.000000e-01 1.117309e+02 -3.054040e+01
      vertex   -5.000000e-01 1.113782e+02 -2.980577e+01
    endloop
  endfacet
  facet normal 2.017517e-04 8.979957e-01 4.400042e-01
    outer loop
      vertex   5.000000e-01 1.115649e+02 -3.018728e+01
      vertex   -5.000000e-01 1.113782e+02 -2.980577e+01
      vertex   5.000000e-01 1.111933e+02 -2.942896e+01
    endloop
  endfacet
  facet normal -3.275876e-03 8.943143e-01 4.474274e-01
    outer loop
      vertex   5.000000e-01 1.111933e+02 -2.942896e+01
      vertex   -5.000000e-01 1.113782e+02 -2.980577e+01
      vertex   -5.000000e-01 1.110326e+02 -2.911507e+01
    endloop
  endfacet
  facet normal -1.654131e-03 8.922507e-01 4.515374e-01
    outer loop
      vertex   5.000000e-01 1.111933e+02 -2.942896e+01
      vertex   -5.000000e-01 1.110326e+02 -2.911507e+01
      vertex   5.000000e-01 1.108413e+02 -2.873334e+01
    endloop
  endfacet
  facet normal -1.565683e-03 8.923443e-01 4.513526e-01
    outer loop
      vertex   5.000000e-01 1.108413e+02 -2.873334e+01
      vertex   -5.000000e-01 1.110326e+02 -2.911507e+01
      vertex   -5.000000e-01 1.106918e+02 -2.844119e+01
    endloop
  endfacet
  facet normal -4.149074e-03 8.958631e-01 4.443109e-01
    outer loop
      vertex   5.000000e-01 1.108413e+02 -2.873334e+01
      vertex   -5.000000e-01 1.106918e+02 -2.844119e+01
      vertex   -5.000000e-01 1.103712e+02 -2.779483e+01
    endloop
  endfacet
  facet normal -6.320378e-03 8.967701e-01 4.424517e-01
    outer loop
      vertex   5.000000e-01 1.108413e+02 -2.873334e+01
      vertex   -5.000000e-01 1.103712e+02 -2.779483e+01
      vertex   5.000000e-01 1.101767e+02 -2.738631e+01
    endloop
  endfacet
  facet normal -1.838071e-04 9.027065e-01 4.302568e-01
    outer loop
      vertex   5.000000e-01 1.101767e+02 -2.738631e+01
      vertex   -5.000000e-01 1.103712e+02 -2.779483e+01
      vertex   -5.000000e-01 1.101075e+02 -2.724155e+01
    endloop
  endfacet
  facet normal -3.226636e-03 9.106992e-01 4.130577e-01
    outer loop
      vertex   5.000000e-01 1.101767e+02 -2.738631e+01
      vertex   -5.000000e-01 1.101075e+02 -2.724155e+01
      vertex   5.000000e-01 1.098933e+02 -2.676160e+01
    endloop
  endfacet
  facet normal -1.888437e-03 9.117511e-01 4.107388e-01
    outer loop
      vertex   5.000000e-01 1.098933e+02 -2.676160e+01
      vertex   -5.000000e-01 1.101075e+02 -2.724155e+01
      vertex   -5.000000e-01 1.098873e+02 -2.675280e+01
    endloop
  endfacet
  facet normal -2.122571e-03 9.207026e-01 3.902592e-01
    outer loop
      vertex   5.000000e-01 1.098933e+02 -2.676160e+01
      vertex   -5.000000e-01 1.098873e+02 -2.675280e+01
      vertex   5.000000e-01 1.096534e+02 -2.619557e+01
    endloop
  endfacet
  facet normal 6.937908e-03 9.264300e-01 3.764032e-01
    outer loop
      vertex   5.000000e-01 1.096534e+02 -2.619557e+01
      vertex   -5.000000e-01 1.098873e+02 -2.675280e+01
      vertex   -5.000000e-01 1.095147e+02 -2.583562e+01
    endloop
  endfacet
  facet normal 3.565445e-03 9.297020e-01 3.682954e-01
    outer loop
      vertex   5.000000e-01 1.096534e+02 -2.619557e+01
      vertex   -5.000000e-01 1.095147e+02 -2.583562e+01
      vertex   5.000000e-01 1.094468e+02 -2.567407e+01
    endloop
  endfacet
  facet normal 7.330345e-03 9.373852e-01 3.482172e-01
    outer loop
      vertex   5.000000e-01 1.094468e+02 -2.567407e+01
      vertex   -5.000000e-01 1.095147e+02 -2.583562e+01
      vertex   -5.000000e-01 1.093308e+02 -2.534055e+01
    endloop
  endfacet
  facet normal 7.899466e-03 9.368186e-01 3.497264e-01
    outer loop
      vertex   5.000000e-01 1.094468e+02 -2.567407e+01
      vertex   -5.000000e-01 1.093308e+02 -2.534055e+01
      vertex   5.000000e-01 1.092635e+02 -2.518289e+01
    endloop
  endfacet
  facet normal 9.831826e-03 9.406909e-01 3.391223e-01
    outer loop
      vertex   5.000000e-01 1.092635e+02 -2.518289e+01
      vertex   -5.000000e-01 1.093308e+02 -2.534055e+01
      vertex   -5.000000e-01 1.091275e+02 -2.477674e+01
    endloop
  endfacet
  facet normal 8.087529e-03 9.420794e-01 3.352925e-01
    outer loop
      vertex   5.000000e-01 1.092635e+02 -2.518289e+01
      vertex   -5.000000e-01 1.091275e+02 -2.477674e+01
      vertex   5.000000e-01 1.089261e+02 -2.423485e+01
    endloop
  endfacet
  facet normal 6.516211e-03 9.411752e-01 3.378561e-01
    outer loop
      vertex   5.000000e-01 1.089261e+02 -2.423485e+01
      vertex   -5.000000e-01 1.091275e+02 -2.477674e+01
      vertex   -5.000000e-01 1.089021e+02 -2.414881e+01
    endloop
  endfacet
  facet normal 7.351263e-03 9.379600e-01 3.466655e-01
    outer loop
      vertex   5.000000e-01 1.089261e+02 -2.423485e+01
      vertex   -5.000000e-01 1.089021e+02 -2.414881e+01
      vertex   -5.000000e-01 1.086574e+02 -2.348666e+01
    endloop
  endfacet
  facet normal 5.406894e-03 9.388168e-01 3.443745e-01
    outer loop
      vertex   5.000000e-01 1.089261e+02 -2.423485e+01
      vertex   -5.000000e-01 1.086574e+02 -2.348666e+01
      vertex   5.000000e-01 1.085604e+02 -2.323803e+01
    endloop
  endfacet
  facet normal -3.388269e-04 9.311982e-01 3.645132e-01
    outer loop
      vertex   5.000000e-01 1.085604e+02 -2.323803e+01
      vertex   -5.000000e-01 1.086574e+02 -2.348666e+01
      vertex   -5.000000e-01 1.083800e+02 -2.277814e+01
    endloop
  endfacet
  facet normal 1.614589e-03 9.297483e-01 3.681921e-01
    outer loop
      vertex   5.000000e-01 1.085604e+02 -2.323803e+01
      vertex   -5.000000e-01 1.083800e+02 -2.277814e+01
      vertex   5.000000e-01 1.083417e+02 -2.268588e+01
    endloop
  endfacet
  facet normal -5.609349e-04 9.215100e-01 3.883542e-01
    outer loop
      vertex   5.000000e-01 1.083417e+02 -2.268588e+01
      vertex   -5.000000e-01 1.083800e+02 -2.277814e+01
      vertex   -5.000000e-01 1.080567e+02 -2.201092e+01
    endloop
  endfacet
  facet normal -3.495676e-04 9.213980e-01 3.886201e-01
    outer loop
      vertex   5.000000e-01 1.083417e+02 -2.268588e+01
      vertex   -5.000000e-01 1.080567e+02 -2.201092e+01
      vertex   5.000000e-01 1.080869e+02 -2.208159e+01
    endloop
  endfacet
  facet normal 1.888862e-03 9.096867e-01 4.152909e-01
    outer loop
      vertex   5.000000e-01 1.080869e+02 -2.208159e+01
      vertex   -5.000000e-01 1.080567e+02 -2.201092e+01
      vertex   -5.000000e-01 1.076740e+02 -2.117262e+01
    endloop
  endfacet
  facet normal 5.080601e-03 9.083442e-01 4.181925e-01
    outer loop
      vertex   5.000000e-01 1.080869e+02 -2.208159e+01
      vertex   -5.000000e-01 1.076740e+02 -2.117262e+01
      vertex   5.000000e-01 1.075409e+02 -2.089564e+01
    endloop
  endfacet
  facet normal -3.361102e-03 8.965211e-01 4.429883e-01
    outer loop
      vertex   5.000000e-01 1.075409e+02 -2.089564e+01
      vertex   -5.000000e-01 1.076740e+02 -2.117262e+01
      vertex   -5.000000e-01 1.072185e+02 -2.025090e+01
    endloop
  endfacet
  facet normal 5.085555e-03 8.912621e-01 4.534600e-01
    outer loop
      vertex   5.000000e-01 1.075409e+02 -2.089564e+01
      vertex   -5.000000e-01 1.072185e+02 -2.025090e+01
      vertex   5.000000e-01 1.069784e+02 -1.979012e+01
    endloop
  endfacet
  facet normal -5.559777e-04 8.862974e-01 4.631161e-01
    outer loop
      vertex   5.000000e-01 1.069784e+02 -1.979012e+01
      vertex   -5.000000e-01 1.072185e+02 -2.025090e+01
      vertex   -5.000000e-01 1.069594e+02 -1.975489e+01
    endloop
  endfacet
  facet normal -6.869205e-05 8.805970e-01 4.738659e-01
    outer loop
      vertex   5.000000e-01 1.069784e+02 -1.979012e+01
      vertex   -5.000000e-01 1.069594e+02 -1.975489e+01
      vertex   -5.000000e-01 1.068168e+02 -1.948988e+01
    endloop
  endfacet
  facet normal 3.191940e-03 8.760210e-01 4.822624e-01
    outer loop
      vertex   -5.000000e-01 1.068168e+02 -1.948988e+01
      vertex   -5.000000e-01 1.066520e+02 -1.919052e+01
      vertex   5.000000e-01 1.069784e+02 -1.979012e+01
    endloop
  endfacet
  facet normal 2.464763e-03 8.765360e-01 4.813300e-01
    outer loop
      vertex   5.000000e-01 1.069784e+02 -1.979012e+01
      vertex   -5.000000e-01 1.066520e+02 -1.919052e+01
      vertex   5.000000e-01 1.064028e+02 -1.874191e+01
    endloop
  endfacet
  facet normal -3.145433e-03 8.712198e-01 4.908831e-01
    outer loop
      vertex   5.000000e-01 1.064028e+02 -1.874191e+01
      vertex   -5.000000e-01 1.066520e+02 -1.919052e+01
      vertex   -5.000000e-01 1.062646e+02 -1.850300e+01
    endloop
  endfacet
  facet normal -7.698566e-04 8.669664e-01 4.983659e-01
    outer loop
      vertex   5.000000e-01 1.064028e+02 -1.874191e+01
      vertex   -5.000000e-01 1.062646e+02 -1.850300e+01
      vertex   -5.000000e-01 1.058196e+02 -1.772898e+01
    endloop
  endfacet
  facet normal 6.952790e-03 8.636339e-01 5.040715e-01
    outer loop
      vertex   5.000000e-01 1.064028e+02 -1.874191e+01
      vertex   -5.000000e-01 1.058196e+02 -1.772898e+01
      vertex   5.000000e-01 1.052301e+02 -1.673264e+01
    endloop
  endfacet
  facet normal 5.158965e-03 8.628612e-01 5.054146e-01
    outer loop
      vertex   5.000000e-01 1.052301e+02 -1.673264e+01
      vertex   -5.000000e-01 1.058196e+02 -1.772898e+01
      vertex   -5.000000e-01 1.048505e+02 -1.607442e+01
    endloop
  endfacet
  facet normal 8.701349e-03 8.604741e-01 5.094199e-01
    outer loop
      vertex   5.000000e-01 1.052301e+02 -1.673264e+01
      vertex   -5.000000e-01 1.048505e+02 -1.607442e+01
      vertex   5.000000e-01 1.049547e+02 -1.626752e+01
    endloop
  endfacet
  facet normal 9.002636e-03 8.597709e-01 5.106006e-01
    outer loop
      vertex   5.000000e-01 1.049547e+02 -1.626752e+01
      vertex   -5.000000e-01 1.048505e+02 -1.607442e+01
      vertex   -5.000000e-01 1.043730e+02 -1.527036e+01
    endloop
  endfacet
  facet normal 8.199350e-03 8.601319e-01 5.100057e-01
    outer loop
      vertex   5.000000e-01 1.049547e+02 -1.626752e+01
      vertex   -5.000000e-01 1.043730e+02 -1.527036e+01
      vertex   5.000000e-01 1.046960e+02 -1.583114e+01
    endloop
  endfacet
  facet normal 1.100361e-02 8.578902e-01 5.137152e-01
    outer loop
      vertex   5.000000e-01 1.046960e+02 -1.583114e+01
      vertex   -5.000000e-01 1.043730e+02 -1.527036e+01
      vertex   -5.000000e-01 1.039313e+02 -1.453277e+01
    endloop
  endfacet
  facet normal 6.751613e-03 8.593691e-01 5.113113e-01
    outer loop
      vertex   5.000000e-01 1.046960e+02 -1.583114e+01
      vertex   -5.000000e-01 1.039313e+02 -1.453277e+01
      vertex   5.000000e-01 1.042244e+02 -1.503866e+01
    endloop
  endfacet
  facet normal 1.014450e-02 8.563623e-01 5.162757e-01
    outer loop
      vertex   5.000000e-01 1.042244e+02 -1.503866e+01
      vertex   -5.000000e-01 1.039313e+02 -1.453277e+01
      vertex   -5.000000e-01 1.037312e+02 -1.420085e+01
    endloop
  endfacet
  facet normal 7.522177e-03 8.577718e-01 5.139756e-01
    outer loop
      vertex   5.000000e-01 1.042244e+02 -1.503866e+01
      vertex   -5.000000e-01 1.037312e+02 -1.420085e+01
      vertex   5.000000e-01 1.038078e+02 -1.434330e+01
    endloop
  endfacet
  facet normal 8.330889e-03 8.551822e-01 5.182606e-01
    outer loop
      vertex   5.000000e-01 1.038078e+02 -1.434330e+01
      vertex   -5.000000e-01 1.037312e+02 -1.420085e+01
      vertex   -5.000000e-01 1.035488e+02 -1.389990e+01
    endloop
  endfacet
  facet normal 8.198269e-03 8.553170e-01 5.180402e-01
    outer loop
      vertex   5.000000e-01 1.038078e+02 -1.434330e+01
      vertex   -5.000000e-01 1.035488e+02 -1.389990e+01
      vertex   5.000000e-01 1.034382e+02 -1.373313e+01
    endloop
  endfacet
  facet normal 7.582513e-03 8.537216e-01 5.206745e-01
    outer loop
      vertex   5.000000e-01 1.034382e+02 -1.373313e+01
      vertex   -5.000000e-01 1.035488e+02 -1.389990e+01
      vertex   -5.000000e-01 1.033871e+02 -1.363469e+01
    endloop
  endfacet
  facet normal 7.997923e-03 8.517583e-01 5.238739e-01
    outer loop
      vertex   5.000000e-01 1.034382e+02 -1.373313e+01
      vertex   -5.000000e-01 1.033871e+02 -1.363469e+01
      vertex   -5.000000e-01 1.032489e+02 -1.340999e+01
    endloop
  endfacet
  facet normal 7.996390e-03 8.517604e-01 5.238704e-01
    outer loop
      vertex   5.000000e-01 1.034382e+02 -1.373313e+01
      vertex   -5.000000e-01 1.032489e+02 -1.340999e+01
      vertex   5.000000e-01 1.031080e+02 -1.319624e+01
    endloop
  endfacet
  facet normal 4.454656e-03 8.444471e-01 5.356204e-01
    outer loop
      vertex   5.000000e-01 1.031080e+02 -1.319624e+01
      vertex   -5.000000e-01 1.032489e+02 -1.340999e+01
      vertex   -5.000000e-01 1.028344e+02 -1.275648e+01
    endloop
  endfacet
  facet normal 2.110610e-03 8.468691e-01 5.317973e-01
    outer loop
      vertex   5.000000e-01 1.031080e+02 -1.319624e+01
      vertex   -5.000000e-01 1.028344e+02 -1.275648e+01
      vertex   5.000000e-01 1.028094e+02 -1.272071e+01
    endloop
  endfacet
  facet normal 1.586516e-03 8.404134e-01 5.419436e-01
    outer loop
      vertex   5.000000e-01 1.028094e+02 -1.272071e+01
      vertex   -5.000000e-01 1.028344e+02 -1.275648e+01
      vertex   5.000000e-01 1.025346e+02 -1.229462e+01
    endloop
  endfacet
  facet normal -1.084639e-02 8.279135e-01 5.607509e-01
    outer loop
      vertex   5.000000e-01 1.025346e+02 -1.229462e+01
      vertex   -5.000000e-01 1.028344e+02 -1.275648e+01
      vertex   -5.000000e-01 1.020161e+02 -1.154843e+01
    endloop
  endfacet
  facet normal -1.811114e-02 8.322847e-01 5.540525e-01
    outer loop
      vertex   5.000000e-01 1.025346e+02 -1.229462e+01
      vertex   -5.000000e-01 1.020161e+02 -1.154843e+01
      vertex   5.000000e-01 1.022760e+02 -1.190605e+01
    endloop
  endfacet
  facet normal -2.195230e-04 8.093064e-01 5.873866e-01
    outer loop
      vertex   5.000000e-01 1.022760e+02 -1.190605e+01
      vertex   -5.000000e-01 1.020161e+02 -1.154843e+01
      vertex   5.000000e-01 1.012473e+02 -1.048871e+01
    endloop
  endfacet
  facet normal -6.601730e-03 8.064159e-01 5.913120e-01
    outer loop
      vertex   5.000000e-01 1.012473e+02 -1.048871e+01
      vertex   -5.000000e-01 1.020161e+02 -1.154843e+01
      vertex   -5.000000e-01 1.011920e+02 -1.042454e+01
    endloop
  endfacet
  facet normal -3.943555e-03 7.874294e-01 6.163922e-01
    outer loop
      vertex   5.000000e-01 1.012473e+02 -1.048871e+01
      vertex   -5.000000e-01 1.011920e+02 -1.042454e+01
      vertex   5.000000e-01 1.006479e+02 -9.723065e+00
    endloop
  endfacet
  facet normal -7.222405e-03 7.851329e-01 6.192852e-01
    outer loop
      vertex   5.000000e-01 1.006479e+02 -9.723065e+00
      vertex   -5.000000e-01 1.011920e+02 -1.042454e+01
      vertex   -5.000000e-01 1.003751e+02 -9.388839e+00
    endloop
  endfacet
  facet normal 1.957019e-04 7.743889e-01 6.327098e-01
    outer loop
      vertex   5.000000e-01 1.006479e+02 -9.723065e+00
      vertex   -5.000000e-01 1.003751e+02 -9.388839e+00
      vertex   5.000000e-01 1.000572e+02 -9.000007e+00
    endloop
  endfacet
  facet normal -7.936005e-03 7.640197e-01 6.451441e-01
    outer loop
      vertex   5.000000e-01 1.000572e+02 -9.000007e+00
      vertex   -5.000000e-01 1.003751e+02 -9.388839e+00
      vertex   -5.000000e-01 9.957843e+01 -8.445363e+00
    endloop
  endfacet
  facet normal -3.337173e-03 7.599746e-01 6.499442e-01
    outer loop
      vertex   5.000000e-01 1.000572e+02 -9.000007e+00
      vertex   -5.000000e-01 9.957843e+01 -8.445363e+00
      vertex   5.000000e-01 9.949230e+01 -8.339510e+00
    endloop
  endfacet
  facet normal -6.466810e-03 7.448489e-01 6.672018e-01
    outer loop
      vertex   5.000000e-01 9.949230e+01 -8.339510e+00
      vertex   -5.000000e-01 9.957843e+01 -8.445363e+00
      vertex   5.000000e-01 9.895394e+01 -7.738504e+00
    endloop
  endfacet
  facet normal -9.218539e-03 7.428830e-01 6.693578e-01
    outer loop
      vertex   5.000000e-01 9.895394e+01 -7.738504e+00
      vertex   -5.000000e-01 9.957843e+01 -8.445363e+00
      vertex   -5.000000e-01 9.881506e+01 -7.598139e+00
    endloop
  endfacet
  facet normal -5.187714e-03 7.290758e-01 6.844133e-01
    outer loop
      vertex   5.000000e-01 9.895394e+01 -7.738504e+00
      vertex   -5.000000e-01 9.881506e+01 -7.598139e+00
      vertex   5.000000e-01 9.844272e+01 -7.193918e+00
    endloop
  endfacet
  facet normal -1.130772e-02 7.213711e-01 6.924564e-01
    outer loop
      vertex   5.000000e-01 9.844272e+01 -7.193918e+00
      vertex   -5.000000e-01 9.881506e+01 -7.598139e+00
      vertex   -5.000000e-01 9.809806e+01 -6.851196e+00
    endloop
  endfacet
  facet normal -5.236664e-03 7.126994e-01 7.014500e-01
    outer loop
      vertex   5.000000e-01 9.844272e+01 -7.193918e+00
      vertex   -5.000000e-01 9.809806e+01 -6.851196e+00
      vertex   5.000000e-01 9.795923e+01 -6.702680e+00
    endloop
  endfacet
  facet normal -9.186797e-03 6.989063e-01 7.151543e-01
    outer loop
      vertex   5.000000e-01 9.795923e+01 -6.702680e+00
      vertex   -5.000000e-01 9.809806e+01 -6.851196e+00
      vertex   -5.000000e-01 9.744048e+01 -6.208563e+00
    endloop
  endfacet
  facet normal -6.091733e-03 6.958261e-01 7.181844e-01
    outer loop
      vertex   5.000000e-01 9.795923e+01 -6.702680e+00
      vertex   -5.000000e-01 9.744048e+01 -6.208563e+00
      vertex   5.000000e-01 9.750410e+01 -6.261721e+00
    endloop
  endfacet
  facet normal -4.355239e-03 6.806065e-01 7.326363e-01
    outer loop
      vertex   5.000000e-01 9.750410e+01 -6.261721e+00
      vertex   -5.000000e-01 9.744048e+01 -6.208563e+00
      vertex   -5.000000e-01 9.713807e+01 -5.927622e+00
    endloop
  endfacet
  facet normal -3.014451e-03 6.786251e-01 7.344786e-01
    outer loop
      vertex   5.000000e-01 9.750410e+01 -6.261721e+00
      vertex   -5.000000e-01 9.713807e+01 -5.927622e+00
      vertex   5.000000e-01 9.707794e+01 -5.867968e+00
    endloop
  endfacet
  facet normal -4.293885e-03 6.674388e-01 7.446523e-01
    outer loop
      vertex   5.000000e-01 9.707794e+01 -5.867968e+00
      vertex   -5.000000e-01 9.713807e+01 -5.927622e+00
      vertex   -5.000000e-01 9.685540e+01 -5.674270e+00
    endloop
  endfacet
  facet normal -1.867103e-03 6.612957e-01 7.501230e-01
    outer loop
      vertex   5.000000e-01 9.707794e+01 -5.867968e+00
      vertex   -5.000000e-01 9.685540e+01 -5.674270e+00
      vertex   5.000000e-01 9.668137e+01 -5.518353e+00
    endloop
  endfacet
  facet normal -6.724279e-03 6.455442e-01 7.636933e-01
    outer loop
      vertex   5.000000e-01 9.668137e+01 -5.518353e+00
      vertex   -5.000000e-01 9.685540e+01 -5.674270e+00
      vertex   -5.000000e-01 9.632982e+01 -5.230001e+00
    endloop
  endfacet
  facet normal -5.891166e-03 6.441469e-01 7.648791e-01
    outer loop
      vertex   5.000000e-01 9.668137e+01 -5.518353e+00
      vertex   -5.000000e-01 9.632982e+01 -5.230001e+00
      vertex   5.000000e-01 9.631499e+01 -5.209804e+00
    endloop
  endfacet
  facet normal -6.410587e-03 6.276446e-01 7.784736e-01
    outer loop
      vertex   5.000000e-01 9.631499e+01 -5.209804e+00
      vertex   -5.000000e-01 9.632982e+01 -5.230001e+00
      vertex   5.000000e-01 9.597942e+01 -4.939249e+00
    endloop
  endfacet
  facet normal -1.079660e-02 6.200912e-01 7.844555e-01
    outer loop
      vertex   5.000000e-01 9.597942e+01 -4.939249e+00
      vertex   -5.000000e-01 9.632982e+01 -5.230001e+00
      vertex   -5.000000e-01 9.572690e+01 -4.753403e+00
    endloop
  endfacet
  facet normal -7.735445e-03 6.124158e-01 7.904980e-01
    outer loop
      vertex   5.000000e-01 9.597942e+01 -4.939249e+00
      vertex   -5.000000e-01 9.572690e+01 -4.753403e+00
      vertex   5.000000e-01 9.567527e+01 -4.703619e+00
    endloop
  endfacet
  facet normal -8.900598e-03 5.993980e-01 8.004017e-01
    outer loop
      vertex   5.000000e-01 9.567527e+01 -4.703619e+00
      vertex   -5.000000e-01 9.572690e+01 -4.753403e+00
      vertex   5.000000e-01 9.540316e+01 -4.499843e+00
    endloop
  endfacet
  facet normal -8.406819e-03 6.003615e-01 7.996846e-01
    outer loop
      vertex   5.000000e-01 9.540316e+01 -4.499843e+00
      vertex   -5.000000e-01 9.572690e+01 -4.753403e+00
      vertex   -5.000000e-01 9.504527e+01 -4.241672e+00
    endloop
  endfacet
  facet normal -2.718201e-03 5.900205e-01 8.073837e-01
    outer loop
      vertex   5.000000e-01 9.540316e+01 -4.499843e+00
      vertex   -5.000000e-01 9.504527e+01 -4.241672e+00
      vertex   5.000000e-01 9.516369e+01 -4.324849e+00
    endloop
  endfacet
  facet normal -2.028723e-03 5.861676e-01 8.101873e-01
    outer loop
      vertex   5.000000e-01 9.516369e+01 -4.324849e+00
      vertex   -5.000000e-01 9.504527e+01 -4.241672e+00
      vertex   5.000000e-01 9.477083e+01 -4.040615e+00
    endloop
  endfacet
  facet normal -3.582832e-03 5.824577e-01 8.128531e-01
    outer loop
      vertex   5.000000e-01 9.477083e+01 -4.040615e+00
      vertex   -5.000000e-01 9.504527e+01 -4.241672e+00
      vertex   -5.000000e-01 9.430940e+01 -3.714377e+00
    endloop
  endfacet
  facet normal -1.923630e-03 5.800712e-01 8.145635e-01
    outer loop
      vertex   5.000000e-01 9.477083e+01 -4.040615e+00
      vertex   -5.000000e-01 9.430940e+01 -3.714377e+00
      vertex   5.000000e-01 9.440665e+01 -3.781274e+00
    endloop
  endfacet
  facet normal -1.431513e-04 5.677197e-01 8.232219e-01
    outer loop
      vertex   5.000000e-01 9.440665e+01 -3.781274e+00
      vertex   -5.000000e-01 9.430940e+01 -3.714377e+00
      vertex   5.000000e-01 9.371358e+01 -3.303310e+00
    endloop
  endfacet
  facet normal -1.199043e-02 5.541293e-01 8.323443e-01
    outer loop
      vertex   5.000000e-01 9.371358e+01 -3.303310e+00
      vertex   -5.000000e-01 9.430940e+01 -3.714377e+00
      vertex   -5.000000e-01 9.277277e+01 -2.691374e+00
    endloop
  endfacet
  facet normal -5.811358e-03 5.495678e-01 8.354289e-01
    outer loop
      vertex   5.000000e-01 9.371358e+01 -3.303310e+00
      vertex   -5.000000e-01 9.277277e+01 -2.691374e+00
      vertex   5.000000e-01 9.306541e+01 -2.876926e+00
    endloop
  endfacet
  facet normal 2.492950e-03 5.293967e-01 8.483707e-01
    outer loop
      vertex   5.000000e-01 9.306541e+01 -2.876926e+00
      vertex   -5.000000e-01 9.277277e+01 -2.691374e+00
      vertex   5.000000e-01 9.245957e+01 -2.498871e+00
    endloop
  endfacet
  facet normal -1.971395e-03 5.190562e-01 8.547379e-01
    outer loop
      vertex   5.000000e-01 9.245957e+01 -2.498871e+00
      vertex   -5.000000e-01 9.277277e+01 -2.691374e+00
      vertex   -5.000000e-01 9.202093e+01 -2.234806e+00
    endloop
  endfacet
  facet normal 5.218401e-03 5.069963e-01 8.619325e-01
    outer loop
      vertex   5.000000e-01 9.245957e+01 -2.498871e+00
      vertex   -5.000000e-01 9.202093e+01 -2.234806e+00
      vertex   5.000000e-01 9.189348e+01 -2.165891e+00
    endloop
  endfacet
  facet normal 1.714682e-03 4.860060e-01 8.739538e-01
    outer loop
      vertex   5.000000e-01 9.189348e+01 -2.165891e+00
      vertex   -5.000000e-01 9.202093e+01 -2.234806e+00
      vertex   -5.000000e-01 9.131269e+01 -1.840953e+00
    endloop
  endfacet
  facet normal 4.578633e-03 4.822361e-01 8.760293e-01
    outer loop
      vertex   5.000000e-01 9.189348e+01 -2.165891e+00
      vertex   -5.000000e-01 9.131269e+01 -1.840953e+00
      vertex   5.000000e-01 9.136456e+01 -1.874733e+00
    endloop
  endfacet
  facet normal 6.478277e-03 4.550116e-01 8.904619e-01
    outer loop
      vertex   5.000000e-01 9.136456e+01 -1.874733e+00
      vertex   -5.000000e-01 9.131269e+01 -1.840953e+00
      vertex   5.000000e-01 9.087024e+01 -1.622143e+00
    endloop
  endfacet
  facet normal -2.764001e-04 4.427926e-01 8.966240e-01
    outer loop
      vertex   5.000000e-01 9.087024e+01 -1.622143e+00
      vertex   -5.000000e-01 9.131269e+01 -1.840953e+00
      vertex   -5.000000e-01 9.064345e+01 -1.510454e+00
    endloop
  endfacet
  facet normal 4.617849e-03 4.253461e-01 9.050190e-01
    outer loop
      vertex   5.000000e-01 9.087024e+01 -1.622143e+00
      vertex   -5.000000e-01 9.064345e+01 -1.510454e+00
      vertex   5.000000e-01 9.040794e+01 -1.404869e+00
    endloop
  endfacet
  facet normal -2.858195e-03 3.989578e-01 9.169648e-01
    outer loop
      vertex   5.000000e-01 9.040794e+01 -1.404869e+00
      vertex   -5.000000e-01 9.064345e+01 -1.510454e+00
      vertex   -5.000000e-01 8.997509e+01 -1.219658e+00
    endloop
  endfacet
  facet normal 9.874522e-15 3.933854e-01 9.193737e-01
    outer loop
      vertex   5.000000e-01 9.040794e+01 -1.404869e+00
      vertex   -5.000000e-01 8.997509e+01 -1.219658e+00
      vertex   5.000000e-01 8.997509e+01 -1.219658e+00
    endloop
  endfacet
  facet normal 0.000000e+00 1.305262e-01 -9.914449e-01
    outer loop
      vertex   5.000000e-01 1.057829e+02 -3.392726e+01
      vertex   -2.500000e+00 1.057829e+02 -3.392726e+01
      vertex   5.000000e-01 1.059900e+02 -3.390000e+01
    endloop
  endfacet
  facet normal 0.000000e+00 1.305262e-01 -9.914449e-01
    outer loop
      vertex   5.000000e-01 1.059900e+02 -3.390000e+01
      vertex   -2.500000e+00 1.057829e+02 -3.392726e+01
      vertex   -2.500000e+00 1.059900e+02 -3.390000e+01
    endloop
  endfacet
  facet normal -0.000000e+00 -1.305262e-01 -9.914449e-01
    outer loop
      vertex   5.000000e-01 1.059900e+02 -3.390000e+01
      vertex   -2.500000e+00 1.059900e+02 -3.390000e+01
      vertex   5.000000e-01 1.061971e+02 -3.392726e+01
    endloop
  endfacet
  facet normal -0.000000e+00 -1.305262e-01 -9.914449e-01
    outer loop
      vertex   5.000000e-01 1.061971e+02 -3.392726e+01
      vertex   -2.500000e+00 1.059900e+02 -3.390000e+01
      vertex   -2.500000e+00 1.061971e+02 -3.392726e+01
    endloop
  endfacet
  facet normal -0.000000e+00 -3.826834e-01 -9.238795e-01
    outer loop
      vertex   5.000000e-01 1.061971e+02 -3.392726e+01
      vertex   -2.500000e+00 1.061971e+02 -3.392726e+01
      vertex   5.000000e-01 1.063900e+02 -3.400718e+01
    endloop
  endfacet
  facet normal -0.000000e+00 -3.826834e-01 -9.238795e-01
    outer loop
      vertex   5.000000e-01 1.063900e+02 -3.400718e+01
      vertex   -2.500000e+00 1.061971e+02 -3.392726e+01
      vertex   -2.500000e+00 1.063900e+02 -3.400718e+01
    endloop
  endfacet
  facet normal -0.000000e+00 -6.087614e-01 -7.933533e-01
    outer loop
      vertex   5.000000e-01 1.063900e+02 -3.400718e+01
      vertex   -2.500000e+00 1.063900e+02 -3.400718e+01
      vertex   5.000000e-01 1.065557e+02 -3.413432e+01
    endloop
  endfacet
  facet normal -0.000000e+00 -6.087614e-01 -7.933533e-01
    outer loop
      vertex   5.000000e-01 1.065557e+02 -3.413432e+01
      vertex   -2.500000e+00 1.063900e+02 -3.400718e+01
      vertex   -2.500000e+00 1.065557e+02 -3.413432e+01
    endloop
  endfacet
  facet normal -0.000000e+00 -7.933533e-01 -6.087614e-01
    outer loop
      vertex   5.000000e-01 1.065557e+02 -3.413432e+01
      vertex   -2.500000e+00 1.065557e+02 -3.413432e+01
      vertex   5.000000e-01 1.066828e+02 -3.430000e+01
    endloop
  endfacet
  facet normal -0.000000e+00 -7.933533e-01 -6.087614e-01
    outer loop
      vertex   5.000000e-01 1.066828e+02 -3.430000e+01
      vertex   -2.500000e+00 1.065557e+02 -3.413432e+01
      vertex   -2.500000e+00 1.066828e+02 -3.430000e+01
    endloop
  endfacet
  facet normal -0.000000e+00 -9.238795e-01 -3.826834e-01
    outer loop
      vertex   5.000000e-01 1.066828e+02 -3.430000e+01
      vertex   -2.500000e+00 1.066828e+02 -3.430000e+01
      vertex   5.000000e-01 1.067627e+02 -3.449295e+01
    endloop
  endfacet
  facet normal -0.000000e+00 -9.238795e-01 -3.826834e-01
    outer loop
      vertex   5.000000e-01 1.067627e+02 -3.449295e+01
      vertex   -2.500000e+00 1.066828e+02 -3.430000e+01
      vertex   -2.500000e+00 1.067627e+02 -3.449295e+01
    endloop
  endfacet
  facet normal -0.000000e+00 -9.914449e-01 -1.305262e-01
    outer loop
      vertex   5.000000e-01 1.067627e+02 -3.449295e+01
      vertex   -2.500000e+00 1.067627e+02 -3.449295e+01
      vertex   5.000000e-01 1.067900e+02 -3.470000e+01
    endloop
  endfacet
  facet normal -0.000000e+00 -9.914449e-01 -1.305262e-01
    outer loop
      vertex   5.000000e-01 1.067900e+02 -3.470000e+01
      vertex   -2.500000e+00 1.067627e+02 -3.449295e+01
      vertex   -2.500000e+00 1.067900e+02 -3.470000e+01
    endloop
  endfacet
  facet normal 0.000000e+00 -9.914449e-01 1.305262e-01
    outer loop
      vertex   5.000000e-01 1.067900e+02 -3.470000e+01
      vertex   -2.500000e+00 1.067900e+02 -3.470000e+01
      vertex   5.000000e-01 1.067627e+02 -3.490706e+01
    endloop
  endfacet
  facet normal 0.000000e+00 -9.914449e-01 1.305262e-01
    outer loop
      vertex   5.000000e-01 1.067627e+02 -3.490706e+01
      vertex   -2.500000e+00 1.067900e+02 -3.470000e+01
      vertex   -2.500000e+00 1.067627e+02 -3.490706e+01
    endloop
  endfacet
  facet normal 0.000000e+00 -9.238795e-01 3.826834e-01
    outer loop
      vertex   5.000000e-01 1.067627e+02 -3.490706e+01
      vertex   -2.500000e+00 1.067627e+02 -3.490706e+01
      vertex   5.000000e-01 1.066828e+02 -3.510000e+01
    endloop
  endfacet
  facet normal 0.000000e+00 -9.238795e-01 3.826834e-01
    outer loop
      vertex   5.000000e-01 1.066828e+02 -3.510000e+01
      vertex   -2.500000e+00 1.067627e+02 -3.490706e+01
      vertex   -2.500000e+00 1.066828e+02 -3.510000e+01
    endloop
  endfacet
  facet normal 0.000000e+00 -7.933533e-01 6.087614e-01
    outer loop
      vertex   5.000000e-01 1.066828e+02 -3.510000e+01
      vertex   -2.500000e+00 1.066828e+02 -3.510000e+01
      vertex   5.000000e-01 1.065557e+02 -3.526569e+01
    endloop
  endfacet
  facet normal 0.000000e+00 -7.933533e-01 6.087614e-01
    outer loop
      vertex   5.000000e-01 1.065557e+02 -3.526569e+01
      vertex   -2.500000e+00 1.066828e+02 -3.510000e+01
      vertex   -2.500000e+00 1.065557e+02 -3.526569e+01
    endloop
  endfacet
  facet normal 0.000000e+00 -6.087614e-01 7.933533e-01
    outer loop
      vertex   5.000000e-01 1.065557e+02 -3.526569e+01
      vertex   -2.500000e+00 1.065557e+02 -3.526569e+01
      vertex   5.000000e-01 1.063900e+02 -3.539282e+01
    endloop
  endfacet
  facet normal 0.000000e+00 -6.087614e-01 7.933533e-01
    outer loop
      vertex   5.000000e-01 1.063900e+02 -3.539282e+01
      vertex   -2.500000e+00 1.065557e+02 -3.526569e+01
      vertex   -2.500000e+00 1.063900e+02 -3.539282e+01
    endloop
  endfacet
  facet normal 0.000000e+00 -3.826834e-01 9.238795e-01
    outer loop
      vertex   5.000000e-01 1.063900e+02 -3.539282e+01
      vertex   -2.500000e+00 1.063900e+02 -3.539282e+01
      vertex   5.000000e-01 1.061971e+02 -3.547274e+01
    endloop
  endfacet
  facet normal 0.000000e+00 -3.826834e-01 9.238795e-01
    outer loop
      vertex   5.000000e-01 1.061971e+02 -3.547274e+01
      vertex   -2.500000e+00 1.063900e+02 -3.539282e+01
      vertex   -2.500000e+00 1.061971e+02 -3.547274e+01
    endloop
  endfacet
  facet normal 0.000000e+00 -1.305262e-01 9.914449e-01
    outer loop
      vertex   5.000000e-01 1.061971e+02 -3.547274e+01
      vertex   -2.500000e+00 1.061971e+02 -3.547274e+01
      vertex   5.000000e-01 1.059900e+02 -3.550000e+01
    endloop
  endfacet
  facet normal 0.000000e+00 -1.305262e-01 9.914449e-01
    outer loop
      vertex   5.000000e-01 1.059900e+02 -3.550000e+01
      vertex   -2.500000e+00 1.061971e+02 -3.547274e+01
      vertex   -2.500000e+00 1.059900e+02 -3.550000e+01
    endloop
  endfacet
  facet normal 0.000000e+00 1.305262e-01 9.914449e-01
    outer loop
      vertex   5.000000e-01 1.059900e+02 -3.550000e+01
      vertex   -2.500000e+00 1.059900e+02 -3.550000e+01
      vertex   5.000000e-01 1.057829e+02 -3.547274e+01
    endloop
  endfacet
  facet normal 0.000000e+00 1.305262e-01 9.914449e-01
    outer loop
      vertex   5.000000e-01 1.057829e+02 -3.547274e+01
      vertex   -2.500000e+00 1.059900e+02 -3.550000e+01
      vertex   -2.500000e+00 1.057829e+02 -3.547274e+01
    endloop
  endfacet
  facet normal 0.000000e+00 3.826834e-01 9.238795e-01
    outer loop
      vertex   5.000000e-01 1.057829e+02 -3.547274e+01
      vertex   -2.500000e+00 1.057829e+02 -3.547274e+01
      vertex   5.000000e-01 1.055900e+02 -3.539282e+01
    endloop
  endfacet
  facet normal 0.000000e+00 3.826834e-01 9.238795e-01
    outer loop
      vertex   5.000000e-01 1.055900e+02 -3.539282e+01
      vertex   -2.500000e+00 1.057829e+02 -3.547274e+01
      vertex   -2.500000e+00 1.055900e+02 -3.539282e+01
    endloop
  endfacet
  facet normal 0.000000e+00 6.087614e-01 7.933533e-01
    outer loop
      vertex   5.000000e-01 1.055900e+02 -3.539282e+01
      vertex   -2.500000e+00 1.055900e+02 -3.539282e+01
      vertex   5.000000e-01 1.054243e+02 -3.526569e+01
    endloop
  endfacet
  facet normal 0.000000e+00 6.087614e-01 7.933533e-01
    outer loop
      vertex   5.000000e-01 1.054243e+02 -3.526569e+01
      vertex   -2.500000e+00 1.055900e+02 -3.539282e+01
      vertex   -2.500000e+00 1.054243e+02 -3.526569e+01
    endloop
  endfacet
  facet normal 0.000000e+00 7.933533e-01 6.087614e-01
    outer loop
      vertex   5.000000e-01 1.054243e+02 -3.526569e+01
      vertex   -2.500000e+00 1.054243e+02 -3.526569e+01
      vertex   5.000000e-01 1.052972e+02 -3.510000e+01
    endloop
  endfacet
  facet normal 0.000000e+00 7.933533e-01 6.087614e-01
    outer loop
      vertex   5.000000e-01 1.052972e+02 -3.510000e+01
      vertex   -2.500000e+00 1.054243e+02 -3.526569e+01
      vertex   -2.500000e+00 1.052972e+02 -3.510000e+01
    endloop
  endfacet
  facet normal 0.000000e+00 9.238795e-01 3.826834e-01
    outer loop
      vertex   5.000000e-01 1.052972e+02 -3.510000e+01
      vertex   -2.500000e+00 1.052972e+02 -3.510000e+01
      vertex   5.000000e-01 1.052173e+02 -3.490706e+01
    endloop
  endfacet
  facet normal 0.000000e+00 9.238795e-01 3.826834e-01
    outer loop
      vertex   5.000000e-01 1.052173e+02 -3.490706e+01
      vertex   -2.500000e+00 1.052972e+02 -3.510000e+01
      vertex   -2.500000e+00 1.052173e+02 -3.490706e+01
    endloop
  endfacet
  facet normal 0.000000e+00 9.914449e-01 1.305262e-01
    outer loop
      vertex   5.000000e-01 1.052173e+02 -3.490706e+01
      vertex   -2.500000e+00 1.052173e+02 -3.490706e+01
      vertex   5.000000e-01 1.051900e+02 -3.470000e+01
    endloop
  endfacet
  facet normal 0.000000e+00 9.914449e-01 1.305262e-01
    outer loop
      vertex   5.000000e-01 1.051900e+02 -3.470000e+01
      vertex   -2.500000e+00 1.052173e+02 -3.490706e+01
      vertex   -2.500000e+00 1.051900e+02 -3.470000e+01
    endloop
  endfacet
  facet normal 0.000000e+00 9.914449e-01 -1.305262e-01
    outer loop
      vertex   5.000000e-01 1.051900e+02 -3.470000e+01
      vertex   -2.500000e+00 1.051900e+02 -3.470000e+01
      vertex   5.000000e-01 1.052173e+02 -3.449295e+01
    endloop
  endfacet
  facet normal 0.000000e+00 9.914449e-01 -1.305262e-01
    outer loop
      vertex   5.000000e-01 1.052173e+02 -3.449295e+01
      vertex   -2.500000e+00 1.051900e+02 -3.470000e+01
      vertex   -2.500000e+00 1.052173e+02 -3.449295e+01
    endloop
  endfacet
  facet normal 0.000000e+00 9.238795e-01 -3.826834e-01
    outer loop
      vertex   5.000000e-01 1.052173e+02 -3.449295e+01
      vertex   -2.500000e+00 1.052173e+02 -3.449295e+01
      vertex   5.000000e-01 1.052972e+02 -3.430000e+01
    endloop
  endfacet
  facet normal 0.000000e+00 9.238795e-01 -3.826834e-01
    outer loop
      vertex   5.000000e-01 1.052972e+02 -3.430000e+01
      vertex   -2.500000e+00 1.052173e+02 -3.449295e+01
      vertex   -2.500000e+00 1.052972e+02 -3.430000e+01
    endloop
  endfacet
  facet normal 0.000000e+00 7.933533e-01 -6.087614e-01
    outer loop
      vertex   5.000000e-01 1.052972e+02 -3.430000e+01
      vertex   -2.500000e+00 1.052972e+02 -3.430000e+01
      vertex   5.000000e-01 1.054243e+02 -3.413432e+01
    endloop
  endfacet
  facet normal 0.000000e+00 7.933533e-01 -6.087614e-01
    outer loop
      vertex   5.000000e-01 1.054243e+02 -3.413432e+01
      vertex   -2.500000e+00 1.052972e+02 -3.430000e+01
      vertex   -2.500000e+00 1.054243e+02 -3.413432e+01
    endloop
  endfacet
  facet normal 0.000000e+00 6.087614e-01 -7.933533e-01
    outer loop
      vertex   5.000000e-01 1.054243e+02 -3.413432e+01
      vertex   -2.500000e+00 1.054243e+02 -3.413432e+01
      vertex   5.000000e-01 1.055900e+02 -3.400718e+01
    endloop
  endfacet
  facet normal 0.000000e+00 6.087614e-01 -7.933533e-01
    outer loop
      vertex   5.000000e-01 1.055900e+02 -3.400718e+01
      vertex   -2.500000e+00 1.054243e+02 -3.413432e+01
      vertex   -2.500000e+00 1.055900e+02 -3.400718e+01
    endloop
  endfacet
  facet normal 0.000000e+00 3.826834e-01 -9.238795e-01
    outer loop
      vertex   5.000000e-01 1.055900e+02 -3.400718e+01
      vertex   -2.500000e+00 1.055900e+02 -3.400718e+01
      vertex   5.000000e-01 1.057829e+02 -3.392726e+01
    endloop
  endfacet
  facet normal 0.000000e+00 3.826834e-01 -9.238795e-01
    outer loop
      vertex   5.000000e-01 1.057829e+02 -3.392726e+01
      vertex   -2.500000e+00 1.055900e+02 -3.400718e+01
      vertex   -2.500000e+00 1.057829e+02 -3.392726e+01
    endloop
  endfacet
  facet normal 0.000000e+00 -1.305262e-01 9.914449e-01
    outer loop
      vertex   5.000000e-01 1.371971e+02 -6.667274e+01
      vertex   -2.500000e+00 1.371971e+02 -6.667274e+01
      vertex   5.000000e-01 1.369900e+02 -6.670000e+01
    endloop
  endfacet
  facet normal 0.000000e+00 -1.305262e-01 9.914449e-01
    outer loop
      vertex   5.000000e-01 1.369900e+02 -6.670000e+01
      vertex   -2.500000e+00 1.371971e+02 -6.667274e+01
      vertex   -2.500000e+00 1.369900e+02 -6.670000e+01
    endloop
  endfacet
  facet normal 0.000000e+00 1.305262e-01 9.914449e-01
    outer loop
      vertex   5.000000e-01 1.369900e+02 -6.670000e+01
      vertex   -2.500000e+00 1.369900e+02 -6.670000e+01
      vertex   5.000000e-01 1.367829e+02 -6.667274e+01
    endloop
  endfacet
  facet normal 0.000000e+00 1.305262e-01 9.914449e-01
    outer loop
      vertex   5.000000e-01 1.367829e+02 -6.667274e+01
      vertex   -2.500000e+00 1.369900e+02 -6.670000e+01
      vertex   -2.500000e+00 1.367829e+02 -6.667274e+01
    endloop
  endfacet
  facet normal 0.000000e+00 3.826834e-01 9.238795e-01
    outer loop
      vertex   5.000000e-01 1.367829e+02 -6.667274e+01
      vertex   -2.500000e+00 1.367829e+02 -6.667274e+01
      vertex   5.000000e-01 1.365900e+02 -6.659282e+01
    endloop
  endfacet
  facet normal 0.000000e+00 3.826834e-01 9.238795e-01
    outer loop
      vertex   5.000000e-01 1.365900e+02 -6.659282e+01
      vertex   -2.500000e+00 1.367829e+02 -6.667274e+01
      vertex   -2.500000e+00 1.365900e+02 -6.659282e+01
    endloop
  endfacet
  facet normal 0.000000e+00 6.087614e-01 7.933533e-01
    outer loop
      vertex   5.000000e-01 1.365900e+02 -6.659282e+01
      vertex   -2.500000e+00 1.365900e+02 -6.659282e+01
      vertex   5.000000e-01 1.364243e+02 -6.646569e+01
    endloop
  endfacet
  facet normal 0.000000e+00 6.087614e-01 7.933533e-01
    outer loop
      vertex   5.000000e-01 1.364243e+02 -6.646569e+01
      vertex   -2.500000e+00 1.365900e+02 -6.659282e+01
      vertex   -2.500000e+00 1.364243e+02 -6.646569e+01
    endloop
  endfacet
  facet normal 0.000000e+00 7.933533e-01 6.087614e-01
    outer loop
      vertex   5.000000e-01 1.364243e+02 -6.646569e+01
      vertex   -2.500000e+00 1.364243e+02 -6.646569e+01
      vertex   5.000000e-01 1.362972e+02 -6.630000e+01
    endloop
  endfacet
  facet normal 0.000000e+00 7.933533e-01 6.087614e-01
    outer loop
      vertex   5.000000e-01 1.362972e+02 -6.630000e+01
      vertex   -2.500000e+00 1.364243e+02 -6.646569e+01
      vertex   -2.500000e+00 1.362972e+02 -6.630000e+01
    endloop
  endfacet
  facet normal 0.000000e+00 9.238795e-01 3.826834e-01
    outer loop
      vertex   5.000000e-01 1.362972e+02 -6.630000e+01
      vertex   -2.500000e+00 1.362972e+02 -6.630000e+01
      vertex   5.000000e-01 1.362173e+02 -6.610706e+01
    endloop
  endfacet
  facet normal 0.000000e+00 9.238795e-01 3.826834e-01
    outer loop
      vertex   5.000000e-01 1.362173e+02 -6.610706e+01
      vertex   -2.500000e+00 1.362972e+02 -6.630000e+01
      vertex   -2.500000e+00 1.362173e+02 -6.610706e+01
    endloop
  endfacet
  facet normal 0.000000e+00 9.914449e-01 1.305262e-01
    outer loop
      vertex   5.000000e-01 1.362173e+02 -6.610706e+01
      vertex   -2.500000e+00 1.362173e+02 -6.610706e+01
      vertex   5.000000e-01 1.361900e+02 -6.590000e+01
    endloop
  endfacet
  facet normal 0.000000e+00 9.914449e-01 1.305262e-01
    outer loop
      vertex   5.000000e-01 1.361900e+02 -6.590000e+01
      vertex   -2.500000e+00 1.362173e+02 -6.610706e+01
      vertex   -2.500000e+00 1.361900e+02 -6.590000e+01
    endloop
  endfacet
  facet normal 0.000000e+00 9.914449e-01 -1.305262e-01
    outer loop
      vertex   5.000000e-01 1.361900e+02 -6.590000e+01
      vertex   -2.500000e+00 1.361900e+02 -6.590000e+01
      vertex   5.000000e-01 1.362173e+02 -6.569295e+01
    endloop
  endfacet
  facet normal 0.000000e+00 9.914449e-01 -1.305262e-01
    outer loop
      vertex   5.000000e-01 1.362173e+02 -6.569295e+01
      vertex   -2.500000e+00 1.361900e+02 -6.590000e+01
      vertex   -2.500000e+00 1.362173e+02 -6.569295e+01
    endloop
  endfacet
  facet normal 0.000000e+00 9.238795e-01 -3.826834e-01
    outer loop
      vertex   5.000000e-01 1.362173e+02 -6.569295e+01
      vertex   -2.500000e+00 1.362173e+02 -6.569295e+01
      vertex   5.000000e-01 1.362972e+02 -6.550000e+01
    endloop
  endfacet
  facet normal 0.000000e+00 9.238795e-01 -3.826834e-01
    outer loop
      vertex   5.000000e-01 1.362972e+02 -6.550000e+01
      vertex   -2.500000e+00 1.362173e+02 -6.569295e+01
      vertex   -2.500000e+00 1.362972e+02 -6.550000e+01
    endloop
  endfacet
  facet normal 0.000000e+00 7.933533e-01 -6.087614e-01
    outer loop
      vertex   5.000000e-01 1.362972e+02 -6.550000e+01
      vertex   -2.500000e+00 1.362972e+02 -6.550000e+01
      vertex   5.000000e-01 1.364243e+02 -6.533432e+01
    endloop
  endfacet
  facet normal 0.000000e+00 7.933533e-01 -6.087614e-01
    outer loop
      vertex   5.000000e-01 1.364243e+02 -6.533432e+01
      vertex   -2.500000e+00 1.362972e+02 -6.550000e+01
      vertex   -2.500000e+00 1.364243e+02 -6.533432e+01
    endloop
  endfacet
  facet normal 0.000000e+00 6.087614e-01 -7.933533e-01
    outer loop
      vertex   5.000000e-01 1.364243e+02 -6.533432e+01
      vertex   -2.500000e+00 1.364243e+02 -6.533432e+01
      vertex   5.000000e-01 1.365900e+02 -6.520718e+01
    endloop
  endfacet
  facet normal 0.000000e+00 6.087614e-01 -7.933533e-01
    outer loop
      vertex   5.000000e-01 1.365900e+02 -6.520718e+01
      vertex   -2.500000e+00 1.364243e+02 -6.533432e+01
      vertex   -2.500000e+00 1.365900e+02 -6.520718e+01
    endloop
  endfacet
  facet normal 0.000000e+00 3.826834e-01 -9.238795e-01
    outer loop
      vertex   5.000000e-01 1.365900e+02 -6.520718e+01
      vertex   -2.500000e+00 1.365900e+02 -6.520718e+01
      vertex   5.000000e-01 1.367829e+02 -6.512726e+01
    endloop
  endfacet
  facet normal 0.000000e+00 3.826834e-01 -9.238795e-01
    outer loop
      vertex   5.000000e-01 1.367829e+02 -6.512726e+01
      vertex   -2.500000e+00 1.365900e+02 -6.520718e+01
      vertex   -2.500000e+00 1.367829e+02 -6.512726e+01
    endloop
  endfacet
  facet normal 0.000000e+00 1.305262e-01 -9.914449e-01
    outer loop
      vertex   5.000000e-01 1.367829e+02 -6.512726e+01
      vertex   -2.500000e+00 1.367829e+02 -6.512726e+01
      vertex   5.000000e-01 1.369900e+02 -6.510000e+01
    endloop
  endfacet
  facet normal 0.000000e+00 1.305262e-01 -9.914449e-01
    outer loop
      vertex   5.000000e-01 1.369900e+02 -6.510000e+01
      vertex   -2.500000e+00 1.367829e+02 -6.512726e+01
      vertex   -2.500000e+00 1.369900e+02 -6.510000e+01
    endloop
  endfacet
  facet normal -0.000000e+00 -1.305262e-01 -9.914449e-01
    outer loop
      vertex   5.000000e-01 1.369900e+02 -6.510000e+01
      vertex   -2.500000e+00 1.369900e+02 -6.510000e+01
      vertex   5.000000e-01 1.371971e+02 -6.512726e+01
    endloop
  endfacet
  facet normal -0.000000e+00 -1.305262e-01 -9.914449e-01
    outer loop
      vertex   5.000000e-01 1.371971e+02 -6.512726e+01
      vertex   -2.500000e+00 1.369900e+02 -6.510000e+01
      vertex   -2.500000e+00 1.371971e+02 -6.512726e+01
    endloop
  endfacet
  facet normal -0.000000e+00 -3.826834e-01 -9.238795e-01
    outer loop
      vertex   5.000000e-01 1.371971e+02 -6.512726e+01
      vertex   -2.500000e+00 1.371971e+02 -6.512726e+01
      vertex   5.000000e-01 1.373900e+02 -6.520718e+01
    endloop
  endfacet
  facet normal -0.000000e+00 -3.826834e-01 -9.238795e-01
    outer loop
      vertex   5.000000e-01 1.373900e+02 -6.520718e+01
      vertex   -2.500000e+00 1.371971e+02 -6.512726e+01
      vertex   -2.500000e+00 1.373900e+02 -6.520718e+01
    endloop
  endfacet
  facet normal -0.000000e+00 -6.087614e-01 -7.933533e-01
    outer loop
      vertex   5.000000e-01 1.373900e+02 -6.520718e+01
      vertex   -2.500000e+00 1.373900e+02 -6.520718e+01
      vertex   5.000000e-01 1.375557e+02 -6.533432e+01
    endloop
  endfacet
  facet normal -0.000000e+00 -6.087614e-01 -7.933533e-01
    outer loop
      vertex   5.000000e-01 1.375557e+02 -6.533432e+01
      vertex   -2.500000e+00 1.373900e+02 -6.520718e+01
      vertex   -2.500000e+00 1.375557e+02 -6.533432e+01
    endloop
  endfacet
  facet normal -0.000000e+00 -7.933533e-01 -6.087614e-01
    outer loop
      vertex   5.000000e-01 1.375557e+02 -6.533432e+01
      vertex   -2.500000e+00 1.375557e+02 -6.533432e+01
      vertex   5.000000e-01 1.376828e+02 -6.550000e+01
    endloop
  endfacet
  facet normal -0.000000e+00 -7.933533e-01 -6.087614e-01
    outer loop
      vertex   5.000000e-01 1.376828e+02 -6.550000e+01
      vertex   -2.500000e+00 1.375557e+02 -6.533432e+01
      vertex   -2.500000e+00 1.376828e+02 -6.550000e+01
    endloop
  endfacet
  facet normal -0.000000e+00 -9.238795e-01 -3.826834e-01
    outer loop
      vertex   5.000000e-01 1.376828e+02 -6.550000e+01
      vertex   -2.500000e+00 1.376828e+02 -6.550000e+01
      vertex   5.000000e-01 1.377627e+02 -6.569295e+01
    endloop
  endfacet
  facet normal -0.000000e+00 -9.238795e-01 -3.826834e-01
    outer loop
      vertex   5.000000e-01 1.377627e+02 -6.569295e+01
      vertex   -2.500000e+00 1.376828e+02 -6.550000e+01
      vertex   -2.500000e+00 1.377627e+02 -6.569295e+01
    endloop
  endfacet
  facet normal -0.000000e+00 -9.914449e-01 -1.305262e-01
    outer loop
      vertex   5.000000e-01 1.377627e+02 -6.569295e+01
      vertex   -2.500000e+00 1.377627e+02 -6.569295e+01
      vertex   5.000000e-01 1.377900e+02 -6.590000e+01
    endloop
  endfacet
  facet normal -0.000000e+00 -9.914449e-01 -1.305262e-01
    outer loop
      vertex   5.000000e-01 1.377900e+02 -6.590000e+01
      vertex   -2.500000e+00 1.377627e+02 -6.569295e+01
      vertex   -2.500000e+00 1.377900e+02 -6.590000e+01
    endloop
  endfacet
  facet normal 0.000000e+00 -9.914449e-01 1.305262e-01
    outer loop
      vertex   5.000000e-01 1.377900e+02 -6.590000e+01
      vertex   -2.500000e+00 1.377900e+02 -6.590000e+01
      vertex   5.000000e-01 1.377627e+02 -6.610706e+01
    endloop
  endfacet
  facet normal 0.000000e+00 -9.914449e-01 1.305262e-01
    outer loop
      vertex   5.000000e-01 1.377627e+02 -6.610706e+01
      vertex   -2.500000e+00 1.377900e+02 -6.590000e+01
      vertex   -2.500000e+00 1.377627e+02 -6.610706e+01
    endloop
  endfacet
  facet normal 0.000000e+00 -9.238795e-01 3.826834e-01
    outer loop
      vertex   5.000000e-01 1.377627e+02 -6.610706e+01
      vertex   -2.500000e+00 1.377627e+02 -6.610706e+01
      vertex   5.000000e-01 1.376828e+02 -6.630000e+01
    endloop
  endfacet
  facet normal 0.000000e+00 -9.238795e-01 3.826834e-01
    outer loop
      vertex   5.000000e-01 1.376828e+02 -6.630000e+01
      vertex   -2.500000e+00 1.377627e+02 -6.610706e+01
      vertex   -2.500000e+00 1.376828e+02 -6.630000e+01
    endloop
  endfacet
  facet normal 0.000000e+00 -7.933533e-01 6.087614e-01
    outer loop
      vertex   5.000000e-01 1.376828e+02 -6.630000e+01
      vertex   -2.500000e+00 1.376828e+02 -6.630000e+01
      vertex   5.000000e-01 1.375557e+02 -6.646569e+01
    endloop
  endfacet
  facet normal 0.000000e+00 -7.933533e-01 6.087614e-01
    outer loop
      vertex   5.000000e-01 1.375557e+02 -6.646569e+01
      vertex   -2.500000e+00 1.376828e+02 -6.630000e+01
      vertex   -2.500000e+00 1.375557e+02 -6.646569e+01
    endloop
  endfacet
  facet normal 0.000000e+00 -6.087614e-01 7.933533e-01
    outer loop
      vertex   5.000000e-01 1.375557e+02 -6.646569e+01
      vertex   -2.500000e+00 1.375557e+02 -6.646569e+01
      vertex   5.000000e-01 1.373900e+02 -6.659282e+01
    endloop
  endfacet
  facet normal 0.000000e+00 -6.087614e-01 7.933533e-01
    outer loop
      vertex   5.000000e-01 1.373900e+02 -6.659282e+01
      vertex   -2.500000e+00 1.375557e+02 -6.646569e+01
      vertex   -2.500000e+00 1.373900e+02 -6.659282e+01
    endloop
  endfacet
  facet normal 0.000000e+00 -3.826834e-01 9.238795e-01
    outer loop
      vertex   5.000000e-01 1.373900e+02 -6.659282e+01
      vertex   -2.500000e+00 1.373900e+02 -6.659282e+01
      vertex   5.000000e-01 1.371971e+02 -6.667274e+01
    endloop
  endfacet
  facet normal 0.000000e+00 -3.826834e-01 9.238795e-01
    outer loop
      vertex   5.000000e-01 1.371971e+02 -6.667274e+01
      vertex   -2.500000e+00 1.373900e+02 -6.659282e+01
      vertex   -2.500000e+00 1.371971e+02 -6.667274e+01
    endloop
  endfacet
  facet normal 0.000000e+00 1.305262e-01 -9.914449e-01
    outer loop
      vertex   3.300000e+00 9.839118e+01 -5.498407e+01
      vertex   -7.000000e-01 9.839118e+01 -5.498407e+01
      vertex   3.300000e+00 9.865000e+01 -5.495000e+01
    endloop
  endfacet
  facet normal 0.000000e+00 1.305262e-01 -9.914449e-01
    outer loop
      vertex   3.300000e+00 9.865000e+01 -5.495000e+01
      vertex   -7.000000e-01 9.839118e+01 -5.498407e+01
      vertex   -7.000000e-01 9.865000e+01 -5.495000e+01
    endloop
  endfacet
  facet normal -0.000000e+00 -1.305262e-01 -9.914449e-01
    outer loop
      vertex   3.300000e+00 9.865000e+01 -5.495000e+01
      vertex   -7.000000e-01 9.865000e+01 -5.495000e+01
      vertex   3.300000e+00 9.890882e+01 -5.498407e+01
    endloop
  endfacet
  facet normal -0.000000e+00 -1.305262e-01 -9.914449e-01
    outer loop
      vertex   3.300000e+00 9.890882e+01 -5.498407e+01
      vertex   -7.000000e-01 9.865000e+01 -5.495000e+01
      vertex   -7.000000e-01 9.890882e+01 -5.498407e+01
    endloop
  endfacet
  facet normal -0.000000e+00 -3.826834e-01 -9.238795e-01
    outer loop
      vertex   3.300000e+00 9.890882e+01 -5.498407e+01
      vertex   -7.000000e-01 9.890882e+01 -5.498407e+01
      vertex   3.300000e+00 9.915000e+01 -5.508397e+01
    endloop
  endfacet
  facet normal -0.000000e+00 -3.826834e-01 -9.238795e-01
    outer loop
      vertex   3.300000e+00 9.915000e+01 -5.508397e+01
      vertex   -7.000000e-01 9.890882e+01 -5.498407e+01
      vertex   -7.000000e-01 9.915000e+01 -5.508397e+01
    endloop
  endfacet
  facet normal -0.000000e+00 -6.087614e-01 -7.933533e-01
    outer loop
      vertex   3.300000e+00 9.915000e+01 -5.508397e+01
      vertex   -7.000000e-01 9.915000e+01 -5.508397e+01
      vertex   3.300000e+00 9.935710e+01 -5.524289e+01
    endloop
  endfacet
  facet normal -0.000000e+00 -6.087614e-01 -7.933533e-01
    outer loop
      vertex   3.300000e+00 9.935710e+01 -5.524289e+01
      vertex   -7.000000e-01 9.915000e+01 -5.508397e+01
      vertex   -7.000000e-01 9.935710e+01 -5.524289e+01
    endloop
  endfacet
  facet normal -0.000000e+00 -7.933533e-01 -6.087614e-01
    outer loop
      vertex   3.300000e+00 9.935710e+01 -5.524289e+01
      vertex   -7.000000e-01 9.935710e+01 -5.524289e+01
      vertex   3.300000e+00 9.951602e+01 -5.545000e+01
    endloop
  endfacet
  facet normal -0.000000e+00 -7.933533e-01 -6.087614e-01
    outer loop
      vertex   3.300000e+00 9.951602e+01 -5.545000e+01
      vertex   -7.000000e-01 9.935710e+01 -5.524289e+01
      vertex   -7.000000e-01 9.951602e+01 -5.545000e+01
    endloop
  endfacet
  facet normal -0.000000e+00 -9.238795e-01 -3.826834e-01
    outer loop
      vertex   3.300000e+00 9.951602e+01 -5.545000e+01
      vertex   -7.000000e-01 9.951602e+01 -5.545000e+01
      vertex   3.300000e+00 9.961592e+01 -5.569118e+01
    endloop
  endfacet
  facet normal -0.000000e+00 -9.238795e-01 -3.826834e-01
    outer loop
      vertex   3.300000e+00 9.961592e+01 -5.569118e+01
      vertex   -7.000000e-01 9.951602e+01 -5.545000e+01
      vertex   -7.000000e-01 9.961592e+01 -5.569118e+01
    endloop
  endfacet
  facet normal -0.000000e+00 -9.914449e-01 -1.305262e-01
    outer loop
      vertex   3.300000e+00 9.961592e+01 -5.569118e+01
      vertex   -7.000000e-01 9.961592e+01 -5.569118e+01
      vertex   3.300000e+00 9.965000e+01 -5.595000e+01
    endloop
  endfacet
  facet normal -0.000000e+00 -9.914449e-01 -1.305262e-01
    outer loop
      vertex   3.300000e+00 9.965000e+01 -5.595000e+01
      vertex   -7.000000e-01 9.961592e+01 -5.569118e+01
      vertex   -7.000000e-01 9.965000e+01 -5.595000e+01
    endloop
  endfacet
  facet normal 0.000000e+00 -9.914449e-01 1.305262e-01
    outer loop
      vertex   3.300000e+00 9.965000e+01 -5.595000e+01
      vertex   -7.000000e-01 9.965000e+01 -5.595000e+01
      vertex   3.300000e+00 9.961592e+01 -5.620882e+01
    endloop
  endfacet
  facet normal 0.000000e+00 -9.914449e-01 1.305262e-01
    outer loop
      vertex   3.300000e+00 9.961592e+01 -5.620882e+01
      vertex   -7.000000e-01 9.965000e+01 -5.595000e+01
      vertex   -7.000000e-01 9.961592e+01 -5.620882e+01
    endloop
  endfacet
  facet normal 0.000000e+00 -9.238795e-01 3.826834e-01
    outer loop
      vertex   3.300000e+00 9.961592e+01 -5.620882e+01
      vertex   -7.000000e-01 9.961592e+01 -5.620882e+01
      vertex   3.300000e+00 9.951602e+01 -5.645000e+01
    endloop
  endfacet
  facet normal 0.000000e+00 -9.238795e-01 3.826834e-01
    outer loop
      vertex   3.300000e+00 9.951602e+01 -5.645000e+01
      vertex   -7.000000e-01 9.961592e+01 -5.620882e+01
      vertex   -7.000000e-01 9.951602e+01 -5.645000e+01
    endloop
  endfacet
  facet normal 0.000000e+00 -7.933533e-01 6.087614e-01
    outer loop
      vertex   3.300000e+00 9.951602e+01 -5.645000e+01
      vertex   -7.000000e-01 9.951602e+01 -5.645000e+01
      vertex   3.300000e+00 9.935710e+01 -5.665711e+01
    endloop
  endfacet
  facet normal 0.000000e+00 -7.933533e-01 6.087614e-01
    outer loop
      vertex   3.300000e+00 9.935710e+01 -5.665711e+01
      vertex   -7.000000e-01 9.951602e+01 -5.645000e+01
      vertex   -7.000000e-01 9.935710e+01 -5.665711e+01
    endloop
  endfacet
  facet normal 0.000000e+00 -6.087614e-01 7.933533e-01
    outer loop
      vertex   3.300000e+00 9.935710e+01 -5.665711e+01
      vertex   -7.000000e-01 9.935710e+01 -5.665711e+01
      vertex   3.300000e+00 9.915000e+01 -5.681602e+01
    endloop
  endfacet
  facet normal 0.000000e+00 -6.087614e-01 7.933533e-01
    outer loop
      vertex   3.300000e+00 9.915000e+01 -5.681602e+01
      vertex   -7.000000e-01 9.935710e+01 -5.665711e+01
      vertex   -7.000000e-01 9.915000e+01 -5.681602e+01
    endloop
  endfacet
  facet normal 0.000000e+00 -3.826834e-01 9.238795e-01
    outer loop
      vertex   3.300000e+00 9.915000e+01 -5.681602e+01
      vertex   -7.000000e-01 9.915000e+01 -5.681602e+01
      vertex   3.300000e+00 9.890882e+01 -5.691592e+01
    endloop
  endfacet
  facet normal 0.000000e+00 -3.826834e-01 9.238795e-01
    outer loop
      vertex   3.300000e+00 9.890882e+01 -5.691592e+01
      vertex   -7.000000e-01 9.915000e+01 -5.681602e+01
      vertex   -7.000000e-01 9.890882e+01 -5.691592e+01
    endloop
  endfacet
  facet normal 0.000000e+00 -1.305262e-01 9.914449e-01
    outer loop
      vertex   3.300000e+00 9.890882e+01 -5.691592e+01
      vertex   -7.000000e-01 9.890882e+01 -5.691592e+01
      vertex   3.300000e+00 9.865000e+01 -5.695000e+01
    endloop
  endfacet
  facet normal 0.000000e+00 -1.305262e-01 9.914449e-01
    outer loop
      vertex   3.300000e+00 9.865000e+01 -5.695000e+01
      vertex   -7.000000e-01 9.890882e+01 -5.691592e+01
      vertex   -7.000000e-01 9.865000e+01 -5.695000e+01
    endloop
  endfacet
  facet normal 0.000000e+00 1.305262e-01 9.914449e-01
    outer loop
      vertex   3.300000e+00 9.865000e+01 -5.695000e+01
      vertex   -7.000000e-01 9.865000e+01 -5.695000e+01
      vertex   3.300000e+00 9.839118e+01 -5.691592e+01
    endloop
  endfacet
  facet normal 0.000000e+00 1.305262e-01 9.914449e-01
    outer loop
      vertex   3.300000e+00 9.839118e+01 -5.691592e+01
      vertex   -7.000000e-01 9.865000e+01 -5.695000e+01
      vertex   -7.000000e-01 9.839118e+01 -5.691592e+01
    endloop
  endfacet
  facet normal 0.000000e+00 3.826834e-01 9.238795e-01
    outer loop
      vertex   3.300000e+00 9.839118e+01 -5.691592e+01
      vertex   -7.000000e-01 9.839118e+01 -5.691592e+01
      vertex   3.300000e+00 9.815000e+01 -5.681602e+01
    endloop
  endfacet
  facet normal 0.000000e+00 3.826834e-01 9.238795e-01
    outer loop
      vertex   3.300000e+00 9.815000e+01 -5.681602e+01
      vertex   -7.000000e-01 9.839118e+01 -5.691592e+01
      vertex   -7.000000e-01 9.815000e+01 -5.681602e+01
    endloop
  endfacet
  facet normal 0.000000e+00 6.087614e-01 7.933533e-01
    outer loop
      vertex   3.300000e+00 9.815000e+01 -5.681602e+01
      vertex   -7.000000e-01 9.815000e+01 -5.681602e+01
      vertex   3.300000e+00 9.794289e+01 -5.665711e+01
    endloop
  endfacet
  facet normal 0.000000e+00 6.087614e-01 7.933533e-01
    outer loop
      vertex   3.300000e+00 9.794289e+01 -5.665711e+01
      vertex   -7.000000e-01 9.815000e+01 -5.681602e+01
      vertex   -7.000000e-01 9.794289e+01 -5.665711e+01
    endloop
  endfacet
  facet normal 0.000000e+00 7.933533e-01 6.087614e-01
    outer loop
      vertex   3.300000e+00 9.794289e+01 -5.665711e+01
      vertex   -7.000000e-01 9.794289e+01 -5.665711e+01
      vertex   3.300000e+00 9.778397e+01 -5.645000e+01
    endloop
  endfacet
  facet normal 0.000000e+00 7.933533e-01 6.087614e-01
    outer loop
      vertex   3.300000e+00 9.778397e+01 -5.645000e+01
      vertex   -7.000000e-01 9.794289e+01 -5.665711e+01
      vertex   -7.000000e-01 9.778397e+01 -5.645000e+01
    endloop
  endfacet
  facet normal 0.000000e+00 9.238795e-01 3.826834e-01
    outer loop
      vertex   3.300000e+00 9.778397e+01 -5.645000e+01
      vertex   -7.000000e-01 9.778397e+01 -5.645000e+01
      vertex   3.300000e+00 9.768407e+01 -5.620882e+01
    endloop
  endfacet
  facet normal 0.000000e+00 9.238795e-01 3.826834e-01
    outer loop
      vertex   3.300000e+00 9.768407e+01 -5.620882e+01
      vertex   -7.000000e-01 9.778397e+01 -5.645000e+01
      vertex   -7.000000e-01 9.768407e+01 -5.620882e+01
    endloop
  endfacet
  facet normal 0.000000e+00 9.914449e-01 1.305262e-01
    outer loop
      vertex   3.300000e+00 9.768407e+01 -5.620882e+01
      vertex   -7.000000e-01 9.768407e+01 -5.620882e+01
      vertex   3.300000e+00 9.765000e+01 -5.595000e+01
    endloop
  endfacet
  facet normal 0.000000e+00 9.914449e-01 1.305262e-01
    outer loop
      vertex   3.300000e+00 9.765000e+01 -5.595000e+01
      vertex   -7.000000e-01 9.768407e+01 -5.620882e+01
      vertex   -7.000000e-01 9.765000e+01 -5.595000e+01
    endloop
  endfacet
  facet normal 0.000000e+00 9.914449e-01 -1.305262e-01
    outer loop
      vertex   3.300000e+00 9.765000e+01 -5.595000e+01
      vertex   -7.000000e-01 9.765000e+01 -5.595000e+01
      vertex   3.300000e+00 9.768407e+01 -5.569118e+01
    endloop
  endfacet
  facet normal 0.000000e+00 9.914449e-01 -1.305262e-01
    outer loop
      vertex   3.300000e+00 9.768407e+01 -5.569118e+01
      vertex   -7.000000e-01 9.765000e+01 -5.595000e+01
      vertex   -7.000000e-01 9.768407e+01 -5.569118e+01
    endloop
  endfacet
  facet normal 0.000000e+00 9.238795e-01 -3.826834e-01
    outer loop
      vertex   3.300000e+00 9.768407e+01 -5.569118e+01
      vertex   -7.000000e-01 9.768407e+01 -5.569118e+01
      vertex   3.300000e+00 9.778397e+01 -5.545000e+01
    endloop
  endfacet
  facet normal 0.000000e+00 9.238795e-01 -3.826834e-01
    outer loop
      vertex   3.300000e+00 9.778397e+01 -5.545000e+01
      vertex   -7.000000e-01 9.768407e+01 -5.569118e+01
      vertex   -7.000000e-01 9.778397e+01 -5.545000e+01
    endloop
  endfacet
  facet normal 0.000000e+00 7.933533e-01 -6.087614e-01
    outer loop
      vertex   3.300000e+00 9.778397e+01 -5.545000e+01
      vertex   -7.000000e-01 9.778397e+01 -5.545000e+01
      vertex   3.300000e+00 9.794289e+01 -5.524289e+01
    endloop
  endfacet
  facet normal 0.000000e+00 7.933533e-01 -6.087614e-01
    outer loop
      vertex   3.300000e+00 9.794289e+01 -5.524289e+01
      vertex   -7.000000e-01 9.778397e+01 -5.545000e+01
      vertex   -7.000000e-01 9.794289e+01 -5.524289e+01
    endloop
  endfacet
  facet normal 0.000000e+00 6.087614e-01 -7.933533e-01
    outer loop
      vertex   3.300000e+00 9.794289e+01 -5.524289e+01
      vertex   -7.000000e-01 9.794289e+01 -5.524289e+01
      vertex   3.300000e+00 9.815000e+01 -5.508397e+01
    endloop
  endfacet
  facet normal 0.000000e+00 6.087614e-01 -7.933533e-01
    outer loop
      vertex   3.300000e+00 9.815000e+01 -5.508397e+01
      vertex   -7.000000e-01 9.794289e+01 -5.524289e+01
      vertex   -7.000000e-01 9.815000e+01 -5.508397e+01
    endloop
  endfacet
  facet normal 0.000000e+00 3.826834e-01 -9.238795e-01
    outer loop
      vertex   3.300000e+00 9.815000e+01 -5.508397e+01
      vertex   -7.000000e-01 9.815000e+01 -5.508397e+01
      vertex   3.300000e+00 9.839118e+01 -5.498407e+01
    endloop
  endfacet
  facet normal 0.000000e+00 3.826834e-01 -9.238795e-01
    outer loop
      vertex   3.300000e+00 9.839118e+01 -5.498407e+01
      vertex   -7.000000e-01 9.815000e+01 -5.508397e+01
      vertex   -7.000000e-01 9.839118e+01 -5.498407e+01
    endloop
  endfacet
  facet normal 0.000000e+00 -1.305262e-01 -9.914449e-01
    outer loop
      vertex   -8.700000e+00 9.890882e+01 -5.498407e+01
      vertex   -4.700000e+00 9.890882e+01 -5.498407e+01
      vertex   -8.700000e+00 9.865000e+01 -5.495000e+01
    endloop
  endfacet
  facet normal 0.000000e+00 -1.305262e-01 -9.914449e-01
    outer loop
      vertex   -8.700000e+00 9.865000e+01 -5.495000e+01
      vertex   -4.700000e+00 9.890882e+01 -5.498407e+01
      vertex   -4.700000e+00 9.865000e+01 -5.495000e+01
    endloop
  endfacet
  facet normal 0.000000e+00 1.305262e-01 -9.914449e-01
    outer loop
      vertex   -8.700000e+00 9.865000e+01 -5.495000e+01
      vertex   -4.700000e+00 9.865000e+01 -5.495000e+01
      vertex   -8.700000e+00 9.839118e+01 -5.498407e+01
    endloop
  endfacet
  facet normal 0.000000e+00 1.305262e-01 -9.914449e-01
    outer loop
      vertex   -8.700000e+00 9.839118e+01 -5.498407e+01
      vertex   -4.700000e+00 9.865000e+01 -5.495000e+01
      vertex   -4.700000e+00 9.839118e+01 -5.498407e+01
    endloop
  endfacet
  facet normal 0.000000e+00 3.826834e-01 -9.238795e-01
    outer loop
      vertex   -8.700000e+00 9.839118e+01 -5.498407e+01
      vertex   -4.700000e+00 9.839118e+01 -5.498407e+01
      vertex   -8.700000e+00 9.815000e+01 -5.508397e+01
    endloop
  endfacet
  facet normal 0.000000e+00 3.826834e-01 -9.238795e-01
    outer loop
      vertex   -8.700000e+00 9.815000e+01 -5.508397e+01
      vertex   -4.700000e+00 9.839118e+01 -5.498407e+01
      vertex   -4.700000e+00 9.815000e+01 -5.508397e+01
    endloop
  endfacet
  facet normal 0.000000e+00 6.087614e-01 -7.933533e-01
    outer loop
      vertex   -8.700000e+00 9.815000e+01 -5.508397e+01
      vertex   -4.700000e+00 9.815000e+01 -5.508397e+01
      vertex   -8.700000e+00 9.794289e+01 -5.524289e+01
    endloop
  endfacet
  facet normal 0.000000e+00 6.087614e-01 -7.933533e-01
    outer loop
      vertex   -8.700000e+00 9.794289e+01 -5.524289e+01
      vertex   -4.700000e+00 9.815000e+01 -5.508397e+01
      vertex   -4.700000e+00 9.794289e+01 -5.524289e+01
    endloop
  endfacet
  facet normal 0.000000e+00 7.933533e-01 -6.087614e-01
    outer loop
      vertex   -8.700000e+00 9.794289e+01 -5.524289e+01
      vertex   -4.700000e+00 9.794289e+01 -5.524289e+01
      vertex   -8.700000e+00 9.778397e+01 -5.545000e+01
    endloop
  endfacet
  facet normal 0.000000e+00 7.933533e-01 -6.087614e-01
    outer loop
      vertex   -8.700000e+00 9.778397e+01 -5.545000e+01
      vertex   -4.700000e+00 9.794289e+01 -5.524289e+01
      vertex   -4.700000e+00 9.778397e+01 -5.545000e+01
    endloop
  endfacet
  facet normal 0.000000e+00 9.238795e-01 -3.826834e-01
    outer loop
      vertex   -8.700000e+00 9.778397e+01 -5.545000e+01
      vertex   -4.700000e+00 9.778397e+01 -5.545000e+01
      vertex   -8.700000e+00 9.768407e+01 -5.569118e+01
    endloop
  endfacet
  facet normal 0.000000e+00 9.238795e-01 -3.826834e-01
    outer loop
      vertex   -8.700000e+00 9.768407e+01 -5.569118e+01
      vertex   -4.700000e+00 9.778397e+01 -5.545000e+01
      vertex   -4.700000e+00 9.768407e+01 -5.569118e+01
    endloop
  endfacet
  facet normal 0.000000e+00 9.914449e-01 -1.305262e-01
    outer loop
      vertex   -8.700000e+00 9.768407e+01 -5.569118e+01
      vertex   -4.700000e+00 9.768407e+01 -5.569118e+01
      vertex   -8.700000e+00 9.765000e+01 -5.595000e+01
    endloop
  endfacet
  facet normal 0.000000e+00 9.914449e-01 -1.305262e-01
    outer loop
      vertex   -8.700000e+00 9.765000e+01 -5.595000e+01
      vertex   -4.700000e+00 9.768407e+01 -5.569118e+01
      vertex   -4.700000e+00 9.765000e+01 -5.595000e+01
    endloop
  endfacet
  facet normal -0.000000e+00 9.914449e-01 1.305262e-01
    outer loop
      vertex   -8.700000e+00 9.765000e+01 -5.595000e+01
      vertex   -4.700000e+00 9.765000e+01 -5.595000e+01
      vertex   -8.700000e+00 9.768407e+01 -5.620882e+01
    endloop
  endfacet
  facet normal -0.000000e+00 9.914449e-01 1.305262e-01
    outer loop
      vertex   -8.700000e+00 9.768407e+01 -5.620882e+01
      vertex   -4.700000e+00 9.765000e+01 -5.595000e+01
      vertex   -4.700000e+00 9.768407e+01 -5.620882e+01
    endloop
  endfacet
  facet normal -0.000000e+00 9.238795e-01 3.826834e-01
    outer loop
      vertex   -8.700000e+00 9.768407e+01 -5.620882e+01
      vertex   -4.700000e+00 9.768407e+01 -5.620882e+01
      vertex   -8.700000e+00 9.778397e+01 -5.645000e+01
    endloop
  endfacet
  facet normal -0.000000e+00 9.238795e-01 3.826834e-01
    outer loop
      vertex   -8.700000e+00 9.778397e+01 -5.645000e+01
      vertex   -4.700000e+00 9.768407e+01 -5.620882e+01
      vertex   -4.700000e+00 9.778397e+01 -5.645000e+01
    endloop
  endfacet
  facet normal -0.000000e+00 7.933533e-01 6.087614e-01
    outer loop
      vertex   -8.700000e+00 9.778397e+01 -5.645000e+01
      vertex   -4.700000e+00 9.778397e+01 -5.645000e+01
      vertex   -8.700000e+00 9.794289e+01 -5.665711e+01
    endloop
  endfacet
  facet normal -0.000000e+00 7.933533e-01 6.087614e-01
    outer loop
      vertex   -8.700000e+00 9.794289e+01 -5.665711e+01
      vertex   -4.700000e+00 9.778397e+01 -5.645000e+01
      vertex   -4.700000e+00 9.794289e+01 -5.665711e+01
    endloop
  endfacet
  facet normal -0.000000e+00 6.087614e-01 7.933533e-01
    outer loop
      vertex   -8.700000e+00 9.794289e+01 -5.665711e+01
      vertex   -4.700000e+00 9.794289e+01 -5.665711e+01
      vertex   -8.700000e+00 9.815000e+01 -5.681602e+01
    endloop
  endfacet
  facet normal -0.000000e+00 6.087614e-01 7.933533e-01
    outer loop
      vertex   -8.700000e+00 9.815000e+01 -5.681602e+01
      vertex   -4.700000e+00 9.794289e+01 -5.665711e+01
      vertex   -4.700000e+00 9.815000e+01 -5.681602e+01
    endloop
  endfacet
  facet normal -0.000000e+00 3.826834e-01 9.238795e-01
    outer loop
      vertex   -8.700000e+00 9.815000e+01 -5.681602e+01
      vertex   -4.700000e+00 9.815000e+01 -5.681602e+01
      vertex   -8.700000e+00 9.839118e+01 -5.691592e+01
    endloop
  endfacet
  facet normal -0.000000e+00 3.826834e-01 9.238795e-01
    outer loop
      vertex   -8.700000e+00 9.839118e+01 -5.691592e+01
      vertex   -4.700000e+00 9.815000e+01 -5.681602e+01
      vertex   -4.700000e+00 9.839118e+01 -5.691592e+01
    endloop
  endfacet
  facet normal -0.000000e+00 1.305262e-01 9.914449e-01
    outer loop
      vertex   -8.700000e+00 9.839118e+01 -5.691592e+01
      vertex   -4.700000e+00 9.839118e+01 -5.691592e+01
      vertex   -8.700000e+00 9.865000e+01 -5.695000e+01
    endloop
  endfacet
  facet normal -0.000000e+00 1.305262e-01 9.914449e-01
    outer loop
      vertex   -8.700000e+00 9.865000e+01 -5.695000e+01
      vertex   -4.700000e+00 9.839118e+01 -5.691592e+01
      vertex   -4.700000e+00 9.865000e+01 -5.695000e+01
    endloop
  endfacet
  facet normal 0.000000e+00 -1.305262e-01 9.914449e-01
    outer loop
      vertex   -8.700000e+00 9.865000e+01 -5.695000e+01
      vertex   -4.700000e+00 9.865000e+01 -5.695000e+01
      vertex   -8.700000e+00 9.890882e+01 -5.691592e+01
    endloop
  endfacet
  facet normal 0.000000e+00 -1.305262e-01 9.914449e-01
    outer loop
      vertex   -8.700000e+00 9.890882e+01 -5.691592e+01
      vertex   -4.700000e+00 9.865000e+01 -5.695000e+01
      vertex   -4.700000e+00 9.890882e+01 -5.691592e+01
    endloop
  endfacet
  facet normal 0.000000e+00 -3.826834e-01 9.238795e-01
    outer loop
      vertex   -8.700000e+00 9.890882e+01 -5.691592e+01
      vertex   -4.700000e+00 9.890882e+01 -5.691592e+01
      vertex   -8.700000e+00 9.915000e+01 -5.681602e+01
    endloop
  endfacet
  facet normal 0.000000e+00 -3.826834e-01 9.238795e-01
    outer loop
      vertex   -8.700000e+00 9.915000e+01 -5.681602e+01
      vertex   -4.700000e+00 9.890882e+01 -5.691592e+01
      vertex   -4.700000e+00 9.915000e+01 -5.681602e+01
    endloop
  endfacet
  facet normal 0.000000e+00 -6.087614e-01 7.933533e-01
    outer loop
      vertex   -8.700000e+00 9.915000e+01 -5.681602e+01
      vertex   -4.700000e+00 9.915000e+01 -5.681602e+01
      vertex   -8.700000e+00 9.935710e+01 -5.665711e+01
    endloop
  endfacet
  facet normal 0.000000e+00 -6.087614e-01 7.933533e-01
    outer loop
      vertex   -8.700000e+00 9.935710e+01 -5.665711e+01
      vertex   -4.700000e+00 9.915000e+01 -5.681602e+01
      vertex   -4.700000e+00 9.935710e+01 -5.665711e+01
    endloop
  endfacet
  facet normal 0.000000e+00 -7.933533e-01 6.087614e-01
    outer loop
      vertex   -8.700000e+00 9.935710e+01 -5.665711e+01
      vertex   -4.700000e+00 9.935710e+01 -5.665711e+01
      vertex   -8.700000e+00 9.951602e+01 -5.645000e+01
    endloop
  endfacet
  facet normal 0.000000e+00 -7.933533e-01 6.087614e-01
    outer loop
      vertex   -8.700000e+00 9.951602e+01 -5.645000e+01
      vertex   -4.700000e+00 9.935710e+01 -5.665711e+01
      vertex   -4.700000e+00 9.951602e+01 -5.645000e+01
    endloop
  endfacet
  facet normal 0.000000e+00 -9.238795e-01 3.826834e-01
    outer loop
      vertex   -8.700000e+00 9.951602e+01 -5.645000e+01
      vertex   -4.700000e+00 9.951602e+01 -5.645000e+01
      vertex   -8.700000e+00 9.961592e+01 -5.620882e+01
    endloop
  endfacet
  facet normal 0.000000e+00 -9.238795e-01 3.826834e-01
    outer loop
      vertex   -8.700000e+00 9.961592e+01 -5.620882e+01
      vertex   -4.700000e+00 9.951602e+01 -5.645000e+01
      vertex   -4.700000e+00 9.961592e+01 -5.620882e+01
    endloop
  endfacet
  facet normal 0.000000e+00 -9.914449e-01 1.305262e-01
    outer loop
      vertex   -8.700000e+00 9.961592e+01 -5.620882e+01
      vertex   -4.700000e+00 9.961592e+01 -5.620882e+01
      vertex   -8.700000e+00 9.965000e+01 -5.595000e+01
    endloop
  endfacet
  facet normal 0.000000e+00 -9.914449e-01 1.305262e-01
    outer loop
      vertex   -8.700000e+00 9.965000e+01 -5.595000e+01
      vertex   -4.700000e+00 9.961592e+01 -5.620882e+01
      vertex   -4.700000e+00 9.965000e+01 -5.595000e+01
    endloop
  endfacet
  facet normal 0.000000e+00 -9.914449e-01 -1.305262e-01
    outer loop
      vertex   -8.700000e+00 9.965000e+01 -5.595000e+01
      vertex   -4.700000e+00 9.965000e+01 -5.595000e+01
      vertex   -8.700000e+00 9.961592e+01 -5.569118e+01
    endloop
  endfacet
  facet normal 0.000000e+00 -9.914449e-01 -1.305262e-01
    outer loop
      vertex   -8.700000e+00 9.961592e+01 -5.569118e+01
      vertex   -4.700000e+00 9.965000e+01 -5.595000e+01
      vertex   -4.700000e+00 9.961592e+01 -5.569118e+01
    endloop
  endfacet
  facet normal 0.000000e+00 -9.238795e-01 -3.826834e-01
    outer loop
      vertex   -8.700000e+00 9.961592e+01 -5.569118e+01
      vertex   -4.700000e+00 9.961592e+01 -5.569118e+01
      vertex   -8.700000e+00 9.951602e+01 -5.545000e+01
    endloop
  endfacet
  facet normal 0.000000e+00 -9.238795e-01 -3.826834e-01
    outer loop
      vertex   -8.700000e+00 9.951602e+01 -5.545000e+01
      vertex   -4.700000e+00 9.961592e+01 -5.569118e+01
      vertex   -4.700000e+00 9.951602e+01 -5.545000e+01
    endloop
  endfacet
  facet normal 0.000000e+00 -7.933533e-01 -6.087614e-01
    outer loop
      vertex   -8.700000e+00 9.951602e+01 -5.545000e+01
      vertex   -4.700000e+00 9.951602e+01 -5.545000e+01
      vertex   -8.700000e+00 9.935710e+01 -5.524289e+01
    endloop
  endfacet
  facet normal 0.000000e+00 -7.933533e-01 -6.087614e-01
    outer loop
      vertex   -8.700000e+00 9.935710e+01 -5.524289e+01
      vertex   -4.700000e+00 9.951602e+01 -5.545000e+01
      vertex   -4.700000e+00 9.935710e+01 -5.524289e+01
    endloop
  endfacet
  facet normal 0.000000e+00 -6.087614e-01 -7.933533e-01
    outer loop
      vertex   -8.700000e+00 9.935710e+01 -5.524289e+01
      vertex   -4.700000e+00 9.935710e+01 -5.524289e+01
      vertex   -8.700000e+00 9.915000e+01 -5.508397e+01
    endloop
  endfacet
  facet normal 0.000000e+00 -6.087614e-01 -7.933533e-01
    outer loop
      vertex   -8.700000e+00 9.915000e+01 -5.508397e+01
      vertex   -4.700000e+00 9.935710e+01 -5.524289e+01
      vertex   -4.700000e+00 9.915000e+01 -5.508397e+01
    endloop
  endfacet
  facet normal 0.000000e+00 -3.826834e-01 -9.238795e-01
    outer loop
      vertex   -8.700000e+00 9.915000e+01 -5.508397e+01
      vertex   -4.700000e+00 9.915000e+01 -5.508397e+01
      vertex   -8.700000e+00 9.890882e+01 -5.498407e+01
    endloop
  endfacet
  facet normal 0.000000e+00 -3.826834e-01 -9.238795e-01
    outer loop
      vertex   -8.700000e+00 9.890882e+01 -5.498407e+01
      vertex   -4.700000e+00 9.915000e+01 -5.508397e+01
      vertex   -4.700000e+00 9.890882e+01 -5.498407e+01
    endloop
  endfacet
  facet normal -0.000000e+00 -1.305262e-01 -9.914449e-01
    outer loop
      vertex   -7.000000e-01 9.865000e+01 -5.495000e+01
      vertex   -4.700000e+00 9.865000e+01 -5.495000e+01
      vertex   -7.000000e-01 9.890882e+01 -5.498407e+01
    endloop
  endfacet
  facet normal -0.000000e+00 -1.305262e-01 -9.914449e-01
    outer loop
      vertex   -7.000000e-01 9.890882e+01 -5.498407e+01
      vertex   -4.700000e+00 9.865000e+01 -5.495000e+01
      vertex   -4.700000e+00 9.890882e+01 -5.498407e+01
    endloop
  endfacet
  facet normal -0.000000e+00 -3.826834e-01 -9.238795e-01
    outer loop
      vertex   -7.000000e-01 9.890882e+01 -5.498407e+01
      vertex   -4.700000e+00 9.890882e+01 -5.498407e+01
      vertex   -7.000000e-01 9.915000e+01 -5.508397e+01
    endloop
  endfacet
  facet normal -1.359565e-15 -3.826834e-01 -9.238795e-01
    outer loop
      vertex   -7.000000e-01 9.915000e+01 -5.508397e+01
      vertex   -4.700000e+00 9.890882e+01 -5.498407e+01
      vertex   -4.700000e+00 9.915000e+01 -5.508397e+01
    endloop
  endfacet
  facet normal -2.162755e-15 -6.087614e-01 -7.933533e-01
    outer loop
      vertex   -7.000000e-01 9.915000e+01 -5.508397e+01
      vertex   -4.700000e+00 9.915000e+01 -5.508397e+01
      vertex   -7.000000e-01 9.935710e+01 -5.524289e+01
    endloop
  endfacet
  facet normal -0.000000e+00 -6.087614e-01 -7.933533e-01
    outer loop
      vertex   -7.000000e-01 9.935710e+01 -5.524289e+01
      vertex   -4.700000e+00 9.915000e+01 -5.508397e+01
      vertex   -4.700000e+00 9.935710e+01 -5.524289e+01
    endloop
  endfacet
  facet normal -0.000000e+00 -7.933533e-01 -6.087614e-01
    outer loop
      vertex   -7.000000e-01 9.935710e+01 -5.524289e+01
      vertex   -4.700000e+00 9.935710e+01 -5.524289e+01
      vertex   -7.000000e-01 9.951602e+01 -5.545000e+01
    endloop
  endfacet
  facet normal -0.000000e+00 -7.933533e-01 -6.087614e-01
    outer loop
      vertex   -7.000000e-01 9.951602e+01 -5.545000e+01
      vertex   -4.700000e+00 9.935710e+01 -5.524289e+01
      vertex   -4.700000e+00 9.951602e+01 -5.545000e+01
    endloop
  endfacet
  facet normal -0.000000e+00 -9.238795e-01 -3.826834e-01
    outer loop
      vertex   -7.000000e-01 9.951602e+01 -5.545000e+01
      vertex   -4.700000e+00 9.951602e+01 -5.545000e+01
      vertex   -7.000000e-01 9.961592e+01 -5.569118e+01
    endloop
  endfacet
  facet normal -0.000000e+00 -9.238795e-01 -3.826834e-01
    outer loop
      vertex   -7.000000e-01 9.961592e+01 -5.569118e+01
      vertex   -4.700000e+00 9.951602e+01 -5.545000e+01
      vertex   -4.700000e+00 9.961592e+01 -5.569118e+01
    endloop
  endfacet
  facet normal -0.000000e+00 -9.914449e-01 -1.305262e-01
    outer loop
      vertex   -7.000000e-01 9.961592e+01 -5.569118e+01
      vertex   -4.700000e+00 9.961592e+01 -5.569118e+01
      vertex   -7.000000e-01 9.965000e+01 -5.595000e+01
    endloop
  endfacet
  facet normal -0.000000e+00 -9.914449e-01 -1.305262e-01
    outer loop
      vertex   -7.000000e-01 9.965000e+01 -5.595000e+01
      vertex   -4.700000e+00 9.961592e+01 -5.569118e+01
      vertex   -4.700000e+00 9.965000e+01 -5.595000e+01
    endloop
  endfacet
  facet normal 0.000000e+00 -9.914449e-01 1.305262e-01
    outer loop
      vertex   -7.000000e-01 9.965000e+01 -5.595000e+01
      vertex   -4.700000e+00 9.965000e+01 -5.595000e+01
      vertex   -7.000000e-01 9.961592e+01 -5.620882e+01
    endloop
  endfacet
  facet normal 0.000000e+00 -9.914449e-01 1.305262e-01
    outer loop
      vertex   -7.000000e-01 9.961592e+01 -5.620882e+01
      vertex   -4.700000e+00 9.965000e+01 -5.595000e+01
      vertex   -4.700000e+00 9.961592e+01 -5.620882e+01
    endloop
  endfacet
  facet normal 0.000000e+00 -9.238795e-01 3.826834e-01
    outer loop
      vertex   -7.000000e-01 9.961592e+01 -5.620882e+01
      vertex   -4.700000e+00 9.961592e+01 -5.620882e+01
      vertex   -7.000000e-01 9.951602e+01 -5.645000e+01
    endloop
  endfacet
  facet normal 0.000000e+00 -9.238795e-01 3.826834e-01
    outer loop
      vertex   -7.000000e-01 9.951602e+01 -5.645000e+01
      vertex   -4.700000e+00 9.961592e+01 -5.620882e+01
      vertex   -4.700000e+00 9.951602e+01 -5.645000e+01
    endloop
  endfacet
  facet normal 0.000000e+00 -7.933533e-01 6.087614e-01
    outer loop
      vertex   -7.000000e-01 9.951602e+01 -5.645000e+01
      vertex   -4.700000e+00 9.951602e+01 -5.645000e+01
      vertex   -7.000000e-01 9.935710e+01 -5.665711e+01
    endloop
  endfacet
  facet normal 0.000000e+00 -7.933533e-01 6.087614e-01
    outer loop
      vertex   -7.000000e-01 9.935710e+01 -5.665711e+01
      vertex   -4.700000e+00 9.951602e+01 -5.645000e+01
      vertex   -4.700000e+00 9.935710e+01 -5.665711e+01
    endloop
  endfacet
  facet normal 0.000000e+00 -6.087614e-01 7.933533e-01
    outer loop
      vertex   -7.000000e-01 9.935710e+01 -5.665711e+01
      vertex   -4.700000e+00 9.935710e+01 -5.665711e+01
      vertex   -7.000000e-01 9.915000e+01 -5.681602e+01
    endloop
  endfacet
  facet normal 2.162755e-15 -6.087614e-01 7.933533e-01
    outer loop
      vertex   -7.000000e-01 9.915000e+01 -5.681602e+01
      vertex   -4.700000e+00 9.935710e+01 -5.665711e+01
      vertex   -4.700000e+00 9.915000e+01 -5.681602e+01
    endloop
  endfacet
  facet normal 1.359565e-15 -3.826834e-01 9.238795e-01
    outer loop
      vertex   -7.000000e-01 9.915000e+01 -5.681602e+01
      vertex   -4.700000e+00 9.915000e+01 -5.681602e+01
      vertex   -7.000000e-01 9.890882e+01 -5.691592e+01
    endloop
  endfacet
  facet normal 0.000000e+00 -3.826834e-01 9.238795e-01
    outer loop
      vertex   -7.000000e-01 9.890882e+01 -5.691592e+01
      vertex   -4.700000e+00 9.915000e+01 -5.681602e+01
      vertex   -4.700000e+00 9.890882e+01 -5.691592e+01
    endloop
  endfacet
  facet normal 0.000000e+00 -1.305262e-01 9.914449e-01
    outer loop
      vertex   -7.000000e-01 9.890882e+01 -5.691592e+01
      vertex   -4.700000e+00 9.890882e+01 -5.691592e+01
      vertex   -7.000000e-01 9.865000e+01 -5.695000e+01
    endloop
  endfacet
  facet normal 0.000000e+00 -1.305262e-01 9.914449e-01
    outer loop
      vertex   -7.000000e-01 9.865000e+01 -5.695000e+01
      vertex   -4.700000e+00 9.890882e+01 -5.691592e+01
      vertex   -4.700000e+00 9.865000e+01 -5.695000e+01
    endloop
  endfacet
  facet normal 0.000000e+00 1.305262e-01 9.914449e-01
    outer loop
      vertex   -7.000000e-01 9.865000e+01 -5.695000e+01
      vertex   -4.700000e+00 9.865000e+01 -5.695000e+01
      vertex   -7.000000e-01 9.839118e+01 -5.691592e+01
    endloop
  endfacet
  facet normal 0.000000e+00 1.305262e-01 9.914449e-01
    outer loop
      vertex   -7.000000e-01 9.839118e+01 -5.691592e+01
      vertex   -4.700000e+00 9.865000e+01 -5.695000e+01
      vertex   -4.700000e+00 9.839118e+01 -5.691592e+01
    endloop
  endfacet
  facet normal 0.000000e+00 3.826834e-01 9.238795e-01
    outer loop
      vertex   -7.000000e-01 9.839118e+01 -5.691592e+01
      vertex   -4.700000e+00 9.839118e+01 -5.691592e+01
      vertex   -7.000000e-01 9.815000e+01 -5.681602e+01
    endloop
  endfacet
  facet normal -1.359565e-15 3.826834e-01 9.238795e-01
    outer loop
      vertex   -7.000000e-01 9.815000e+01 -5.681602e+01
      vertex   -4.700000e+00 9.839118e+01 -5.691592e+01
      vertex   -4.700000e+00 9.815000e+01 -5.681602e+01
    endloop
  endfacet
  facet normal -2.162755e-15 6.087614e-01 7.933533e-01
    outer loop
      vertex   -7.000000e-01 9.815000e+01 -5.681602e+01
      vertex   -4.700000e+00 9.815000e+01 -5.681602e+01
      vertex   -7.000000e-01 9.794289e+01 -5.665711e+01
    endloop
  endfacet
  facet normal 0.000000e+00 6.087614e-01 7.933533e-01
    outer loop
      vertex   -7.000000e-01 9.794289e+01 -5.665711e+01
      vertex   -4.700000e+00 9.815000e+01 -5.681602e+01
      vertex   -4.700000e+00 9.794289e+01 -5.665711e+01
    endloop
  endfacet
  facet normal 0.000000e+00 7.933533e-01 6.087614e-01
    outer loop
      vertex   -7.000000e-01 9.794289e+01 -5.665711e+01
      vertex   -4.700000e+00 9.794289e+01 -5.665711e+01
      vertex   -7.000000e-01 9.778397e+01 -5.645000e+01
    endloop
  endfacet
  facet normal 0.000000e+00 7.933533e-01 6.087614e-01
    outer loop
      vertex   -7.000000e-01 9.778397e+01 -5.645000e+01
      vertex   -4.700000e+00 9.794289e+01 -5.665711e+01
      vertex   -4.700000e+00 9.778397e+01 -5.645000e+01
    endloop
  endfacet
  facet normal 0.000000e+00 9.238795e-01 3.826834e-01
    outer loop
      vertex   -7.000000e-01 9.778397e+01 -5.645000e+01
      vertex   -4.700000e+00 9.778397e+01 -5.645000e+01
      vertex   -7.000000e-01 9.768407e+01 -5.620882e+01
    endloop
  endfacet
  facet normal 0.000000e+00 9.238795e-01 3.826834e-01
    outer loop
      vertex   -7.000000e-01 9.768407e+01 -5.620882e+01
      vertex   -4.700000e+00 9.778397e+01 -5.645000e+01
      vertex   -4.700000e+00 9.768407e+01 -5.620882e+01
    endloop
  endfacet
  facet normal 0.000000e+00 9.914449e-01 1.305262e-01
    outer loop
      vertex   -7.000000e-01 9.768407e+01 -5.620882e+01
      vertex   -4.700000e+00 9.768407e+01 -5.620882e+01
      vertex   -7.000000e-01 9.765000e+01 -5.595000e+01
    endloop
  endfacet
  facet normal 0.000000e+00 9.914449e-01 1.305262e-01
    outer loop
      vertex   -7.000000e-01 9.765000e+01 -5.595000e+01
      vertex   -4.700000e+00 9.768407e+01 -5.620882e+01
      vertex   -4.700000e+00 9.765000e+01 -5.595000e+01
    endloop
  endfacet
  facet normal 0.000000e+00 9.914449e-01 -1.305262e-01
    outer loop
      vertex   -7.000000e-01 9.765000e+01 -5.595000e+01
      vertex   -4.700000e+00 9.765000e+01 -5.595000e+01
      vertex   -7.000000e-01 9.768407e+01 -5.569118e+01
    endloop
  endfacet
  facet normal 0.000000e+00 9.914449e-01 -1.305262e-01
    outer loop
      vertex   -7.000000e-01 9.768407e+01 -5.569118e+01
      vertex   -4.700000e+00 9.765000e+01 -5.595000e+01
      vertex   -4.700000e+00 9.768407e+01 -5.569118e+01
    endloop
  endfacet
  facet normal 0.000000e+00 9.238795e-01 -3.826834e-01
    outer loop
      vertex   -7.000000e-01 9.768407e+01 -5.569118e+01
      vertex   -4.700000e+00 9.768407e+01 -5.569118e+01
      vertex   -7.000000e-01 9.778397e+01 -5.545000e+01
    endloop
  endfacet
  facet normal 0.000000e+00 9.238795e-01 -3.826834e-01
    outer loop
      vertex   -7.000000e-01 9.778397e+01 -5.545000e+01
      vertex   -4.700000e+00 9.768407e+01 -5.569118e+01
      vertex   -4.700000e+00 9.778397e+01 -5.545000e+01
    endloop
  endfacet
  facet normal 0.000000e+00 7.933533e-01 -6.087614e-01
    outer loop
      vertex   -7.000000e-01 9.778397e+01 -5.545000e+01
      vertex   -4.700000e+00 9.778397e+01 -5.545000e+01
      vertex   -7.000000e-01 9.794289e+01 -5.524289e+01
    endloop
  endfacet
  facet normal 0.000000e+00 7.933533e-01 -6.087614e-01
    outer loop
      vertex   -7.000000e-01 9.794289e+01 -5.524289e+01
      vertex   -4.700000e+00 9.778397e+01 -5.545000e+01
      vertex   -4.700000e+00 9.794289e+01 -5.524289e+01
    endloop
  endfacet
  facet normal 0.000000e+00 6.087614e-01 -7.933533e-01
    outer loop
      vertex   -7.000000e-01 9.794289e+01 -5.524289e+01
      vertex   -4.700000e+00 9.794289e+01 -5.524289e+01
      vertex   -7.000000e-01 9.815000e+01 -5.508397e+01
    endloop
  endfacet
  facet normal 2.162755e-15 6.087614e-01 -7.933533e-01
    outer loop
      vertex   -7.000000e-01 9.815000e+01 -5.508397e+01
      vertex   -4.700000e+00 9.794289e+01 -5.524289e+01
      vertex   -4.700000e+00 9.815000e+01 -5.508397e+01
    endloop
  endfacet
  facet normal 1.359565e-15 3.826834e-01 -9.238795e-01
    outer loop
      vertex   -7.000000e-01 9.815000e+01 -5.508397e+01
      vertex   -4.700000e+00 9.815000e+01 -5.508397e+01
      vertex   -7.000000e-01 9.839118e+01 -5.498407e+01
    endloop
  endfacet
  facet normal 0.000000e+00 3.826834e-01 -9.238795e-01
    outer loop
      vertex   -7.000000e-01 9.839118e+01 -5.498407e+01
      vertex   -4.700000e+00 9.815000e+01 -5.508397e+01
      vertex   -4.700000e+00 9.839118e+01 -5.498407e+01
    endloop
  endfacet
  facet normal 0.000000e+00 1.305262e-01 -9.914449e-01
    outer loop
      vertex   -7.000000e-01 9.839118e+01 -5.498407e+01
      vertex   -4.700000e+00 9.839118e+01 -5.498407e+01
      vertex   -7.000000e-01 9.865000e+01 -5.495000e+01
    endloop
  endfacet
  facet normal 0.000000e+00 1.305262e-01 -9.914449e-01
    outer loop
      vertex   -7.000000e-01 9.865000e+01 -5.495000e+01
      vertex   -4.700000e+00 9.839118e+01 -5.498407e+01
      vertex   -4.700000e+00 9.865000e+01 -5.495000e+01
    endloop
  endfacet
  facet normal -0.000000e+00 0.000000e+00 1.000000e+00
    outer loop
      vertex   -2.500000e+00 1.394900e+02 -6.340000e+01
      vertex   -2.500000e+00 1.344900e+02 -6.340000e+01
      vertex   -5.000000e-01 1.394900e+02 -6.340000e+01
    endloop
  endfacet
  facet normal 0.000000e+00 0.000000e+00 1.000000e+00
    outer loop
      vertex   -5.000000e-01 1.394900e+02 -6.340000e+01
      vertex   -2.500000e+00 1.344900e+02 -6.340000e+01
      vertex   -5.000000e-01 1.344900e+02 -6.340000e+01
    endloop
  endfacet
  facet normal -4.401617e-06 0.000000e+00 1.000000e+00
    outer loop
      vertex   -5.000000e-01 1.394900e+02 -6.340000e+01
      vertex   -5.000000e-01 1.344900e+02 -6.340000e+01
      vertex   5.000000e-01 1.448877e+02 -6.340000e+01
    endloop
  endfacet
  facet normal -4.401617e-06 0.000000e+00 1.000000e+00
    outer loop
      vertex   5.000000e-01 1.448877e+02 -6.340000e+01
      vertex   -5.000000e-01 1.344900e+02 -6.340000e+01
      vertex   5.000000e-01 1.242000e+02 -6.340000e+01
    endloop
  endfacet
  facet normal 0.000000e+00 4.277565e-07 1.000000e+00
    outer loop
      vertex   5.000000e-01 1.242000e+02 -6.340000e+01
      vertex   -5.000000e-01 1.344900e+02 -6.340000e+01
      vertex   -5.000000e-01 1.242000e+02 -6.340000e+01
    endloop
  endfacet
  facet normal -2.317677e-20 -8.154603e-07 1.000000e+00
    outer loop
      vertex   5.000000e-01 1.448877e+02 -6.340000e+01
      vertex   -5.000000e-01 1.448877e+02 -6.340000e+01
      vertex   -5.000000e-01 1.394900e+02 -6.340000e+01
    endloop
  endfacet
  facet normal 0.000000e+00 1.000000e+00 0.000000e+00
    outer loop
      vertex   3.300000e+00 1.010000e+02 -4.970000e+01
      vertex   3.300000e+00 1.010000e+02 -6.220000e+01
      vertex   -8.700000e+00 1.010000e+02 -4.970000e+01
    endloop
  endfacet
  facet normal 0.000000e+00 1.000000e+00 0.000000e+00
    outer loop
      vertex   -8.700000e+00 1.010000e+02 -4.970000e+01
      vertex   3.300000e+00 1.010000e+02 -6.220000e+01
      vertex   -8.700000e+00 1.010000e+02 -6.220000e+01
    endloop
  endfacet
  facet normal -3.434290e-12 2.996326e-13 1.000000e+00
    outer loop
      vertex   3.300000e+00 1.010000e+02 -6.220000e+01
      vertex   -1.370000e+01 1.242000e+02 -6.220000e+01
      vertex   -8.700000e+00 1.010000e+02 -6.220000e+01
    endloop
  endfacet
  facet normal -3.408867e-08 -7.345657e-09 1.000000e+00
    outer loop
      vertex   -8.700000e+00 1.010000e+02 -6.220000e+01
      vertex   -1.370000e+01 1.242000e+02 -6.220000e+01
      vertex   -1.370000e+01 9.530000e+01 -6.220000e+01
    endloop
  endfacet
  facet normal 0.000000e+00 -3.724800e-08 1.000000e+00
    outer loop
      vertex   -8.700000e+00 1.010000e+02 -6.220000e+01
      vertex   -1.370000e+01 9.530000e+01 -6.220000e+01
      vertex   -8.700000e+00 9.530000e+01 -6.220000e+01
    endloop
  endfacet
  facet normal 8.494192e-08 -0.000000e+00 1.000000e+00
    outer loop
      vertex   3.300000e+00 9.630000e+01 -6.220000e+01
      vertex   5.800000e+00 9.630000e+01 -6.220000e+01
      vertex   3.300000e+00 1.010000e+02 -6.220000e+01
    endloop
  endfacet
  facet normal -5.335548e-09 -4.801993e-08 1.000000e+00
    outer loop
      vertex   3.300000e+00 1.010000e+02 -6.220000e+01
      vertex   5.800000e+00 9.630000e+01 -6.220000e+01
      vertex   1.480000e+01 9.530000e+01 -6.220000e+01
    endloop
  endfacet
  facet normal 1.482281e-08 -7.349562e-09 1.000000e+00
    outer loop
      vertex   3.300000e+00 1.010000e+02 -6.220000e+01
      vertex   1.480000e+01 9.530000e+01 -6.220000e+01
      vertex   1.480000e+01 1.242000e+02 -6.220000e+01
    endloop
  endfacet
  facet normal 0.000000e+00 0.000000e+00 1.000000e+00
    outer loop
      vertex   5.800000e+00 9.630000e+01 -6.220000e+01
      vertex   5.800000e+00 9.530000e+01 -6.220000e+01
      vertex   1.480000e+01 9.530000e+01 -6.220000e+01
    endloop
  endfacet
  facet normal -3.960092e-12 -8.565308e-14 1.000000e+00
    outer loop
      vertex   1.480000e+01 1.242000e+02 -6.220000e+01
      vertex   -1.370000e+01 1.242000e+02 -6.220000e+01
      vertex   3.300000e+00 1.010000e+02 -6.220000e+01
    endloop
  endfacet
  facet normal -0.000000e+00 -9.992069e-01 -3.982036e-02
    outer loop
      vertex   -5.000000e-01 9.318994e+01 -5.576603e+01
      vertex   -5.000000e-01 9.300000e+01 -5.100000e+01
      vertex   -7.000000e-01 9.318994e+01 -5.576603e+01
    endloop
  endfacet
  facet normal 0.000000e+00 -9.992069e-01 -3.982036e-02
    outer loop
      vertex   -7.000000e-01 9.318994e+01 -5.576603e+01
      vertex   -5.000000e-01 9.300000e+01 -5.100000e+01
      vertex   -7.000000e-01 9.300000e+01 -5.100000e+01
    endloop
  endfacet
  facet normal -0.000000e+00 -9.993814e-01 -3.516959e-02
    outer loop
      vertex   -5.000000e-01 9.319272e+01 -5.583578e+01
      vertex   -5.000000e-01 9.319190e+01 -5.581253e+01
      vertex   -7.000000e-01 9.319272e+01 -5.583578e+01
    endloop
  endfacet
  facet normal 0.000000e+00 -9.993814e-01 -3.516959e-02
    outer loop
      vertex   -7.000000e-01 9.319272e+01 -5.583578e+01
      vertex   -5.000000e-01 9.319190e+01 -5.581253e+01
      vertex   -2.700000e+00 9.319190e+01 -5.581253e+01
    endloop
  endfacet
  facet normal -0.000000e+00 -9.993814e-01 -3.516959e-02
    outer loop
      vertex   -7.000000e-01 9.319272e+01 -5.583578e+01
      vertex   -2.700000e+00 9.319190e+01 -5.581253e+01
      vertex   -2.700000e+00 9.319272e+01 -5.583578e+01
    endloop
  endfacet
  facet normal 0.000000e+00 -9.992069e-01 -3.982036e-02
    outer loop
      vertex   -2.700000e+00 9.319190e+01 -5.581253e+01
      vertex   -5.000000e-01 9.319190e+01 -5.581253e+01
      vertex   -2.700000e+00 9.319097e+01 -5.578927e+01
    endloop
  endfacet
  facet normal 0.000000e+00 -9.992069e-01 -3.982036e-02
    outer loop
      vertex   -2.700000e+00 9.319097e+01 -5.578927e+01
      vertex   -5.000000e-01 9.319190e+01 -5.581253e+01
      vertex   -5.000000e-01 9.319097e+01 -5.578927e+01
    endloop
  endfacet
  facet normal 0.000000e+00 -9.990107e-01 -4.447027e-02
    outer loop
      vertex   -2.700000e+00 9.319097e+01 -5.578927e+01
      vertex   -5.000000e-01 9.319097e+01 -5.578927e+01
      vertex   -7.000000e-01 9.318994e+01 -5.576603e+01
    endloop
  endfacet
  facet normal 0.000000e+00 -9.990107e-01 -4.447027e-02
    outer loop
      vertex   -7.000000e-01 9.318994e+01 -5.576603e+01
      vertex   -5.000000e-01 9.319097e+01 -5.578927e+01
      vertex   -5.000000e-01 9.318994e+01 -5.576603e+01
    endloop
  endfacet
  facet normal -0.000000e+00 -9.990107e-01 -4.447027e-02
    outer loop
      vertex   -7.000000e-01 9.318994e+01 -5.576603e+01
      vertex   -2.700000e+00 9.318994e+01 -5.576603e+01
      vertex   -2.700000e+00 9.319097e+01 -5.578927e+01
    endloop
  endfacet
  facet normal 6.811446e-14 9.552417e-09 -1.000000e+00
    outer loop
      vertex   5.695525e-01 1.132071e+02 -9.830000e+01
      vertex   9.099894e-01 1.117669e+02 -9.830000e+01
      vertex   5.000000e-01 1.130668e+02 -9.830000e+01
    endloop
  endfacet
  facet normal 6.706623e-14 9.552417e-09 -1.000000e+00
    outer loop
      vertex   5.000000e-01 1.130668e+02 -9.830000e+01
      vertex   9.099894e-01 1.117669e+02 -9.830000e+01
      vertex   5.000000e-01 1.116114e+02 -9.830000e+01
    endloop
  endfacet
  facet normal -1.042238e-13 9.552417e-09 -1.000000e+00
    outer loop
      vertex   5.000000e-01 1.130668e+02 -9.830000e+01
      vertex   5.000000e-01 1.116114e+02 -9.830000e+01
      vertex   3.964943e-01 1.129492e+02 -9.830000e+01
    endloop
  endfacet
  facet normal 3.090336e-14 9.552427e-09 -1.000000e+00
    outer loop
      vertex   3.964943e-01 1.129492e+02 -9.830000e+01
      vertex   5.000000e-01 1.116114e+02 -9.830000e+01
      vertex   2.660891e-01 1.128625e+02 -9.830000e+01
    endloop
  endfacet
  facet normal -3.448079e-15 9.552421e-09 -1.000000e+00
    outer loop
      vertex   2.660891e-01 1.128625e+02 -9.830000e+01
      vertex   5.000000e-01 1.116114e+02 -9.830000e+01
      vertex   1.176714e-01 1.128124e+02 -9.830000e+01
    endloop
  endfacet
  facet normal 5.295793e-14 9.552439e-09 -1.000000e+00
    outer loop
      vertex   1.176714e-01 1.128124e+02 -9.830000e+01
      vertex   5.000000e-01 1.116114e+02 -9.830000e+01
      vertex   -3.864456e-02 1.128025e+02 -9.830000e+01
    endloop
  endfacet
  facet normal 0.000000e+00 9.552415e-09 -1.000000e+00
    outer loop
      vertex   -3.864456e-02 1.128025e+02 -9.830000e+01
      vertex   5.000000e-01 1.116114e+02 -9.830000e+01
      vertex   -5.000000e-01 1.116114e+02 -9.830000e+01
    endloop
  endfacet
  facet normal -5.120912e-14 9.552435e-09 -1.000000e+00
    outer loop
      vertex   -3.864456e-02 1.128025e+02 -9.830000e+01
      vertex   -5.000000e-01 1.116114e+02 -9.830000e+01
      vertex   -1.922060e-01 1.128333e+02 -9.830000e+01
    endloop
  endfacet
  facet normal -3.482599e-14 9.552430e-09 -1.000000e+00
    outer loop
      vertex   -1.922060e-01 1.128333e+02 -9.830000e+01
      vertex   -5.000000e-01 1.116114e+02 -9.830000e+01
      vertex   -3.325479e-01 1.129029e+02 -9.830000e+01
    endloop
  endfacet
  facet normal -2.980155e-14 9.552430e-09 -1.000000e+00
    outer loop
      vertex   -3.325479e-01 1.129029e+02 -9.830000e+01
      vertex   -5.000000e-01 1.116114e+02 -9.830000e+01
      vertex   -4.501063e-01 1.130064e+02 -9.830000e+01
    endloop
  endfacet
  facet normal 2.132004e-13 9.552421e-09 -1.000000e+00
    outer loop
      vertex   -4.501063e-01 1.130064e+02 -9.830000e+01
      vertex   -5.000000e-01 1.116114e+02 -9.830000e+01
      vertex   -5.368697e-01 1.131368e+02 -9.830000e+01
    endloop
  endfacet
  facet normal -6.797323e-14 9.552414e-09 -1.000000e+00
    outer loop
      vertex   -5.368697e-01 1.131368e+02 -9.830000e+01
      vertex   -5.000000e-01 1.116114e+02 -9.830000e+01
      vertex   -9.099894e-01 1.117669e+02 -9.830000e+01
    endloop
  endfacet
  facet normal -8.071525e-15 9.552398e-09 -1.000000e+00
    outer loop
      vertex   -5.368697e-01 1.131368e+02 -9.830000e+01
      vertex   -9.099894e-01 1.117669e+02 -9.830000e+01
      vertex   -5.869254e-01 1.132852e+02 -9.830000e+01
    endloop
  endfacet
  facet normal 8.358136e-15 9.552394e-09 -1.000000e+00
    outer loop
      vertex   -5.869254e-01 1.132852e+02 -9.830000e+01
      vertex   -9.099894e-01 1.117669e+02 -9.830000e+01
      vertex   -1.276237e+00 1.120080e+02 -9.830000e+01
    endloop
  endfacet
  facet normal -1.436479e-13 9.552477e-09 -1.000000e+00
    outer loop
      vertex   -5.869254e-01 1.132852e+02 -9.830000e+01
      vertex   -1.276237e+00 1.120080e+02 -9.830000e+01
      vertex   -5.968622e-01 1.134415e+02 -9.830000e+01
    endloop
  endfacet
  facet normal 1.119604e-14 9.552403e-09 -1.000000e+00
    outer loop
      vertex   -5.968622e-01 1.134415e+02 -9.830000e+01
      vertex   -1.276237e+00 1.120080e+02 -9.830000e+01
      vertex   -1.581139e+00 1.123231e+02 -9.830000e+01
    endloop
  endfacet
  facet normal 4.708952e-15 9.552409e-09 -1.000000e+00
    outer loop
      vertex   -5.968622e-01 1.134415e+02 -9.830000e+01
      vertex   -1.581139e+00 1.123231e+02 -9.830000e+01
      vertex   -1.810038e+00 1.126971e+02 -9.830000e+01
    endloop
  endfacet
  facet normal -1.078075e-13 9.552375e-09 -1.000000e+00
    outer loop
      vertex   5.695525e-01 1.132071e+02 -9.830000e+01
      vertex   6.004118e-01 1.133607e+02 -9.830000e+01
      vertex   9.099894e-01 1.117669e+02 -9.830000e+01
    endloop
  endfacet
  facet normal -8.513644e-15 9.552395e-09 -1.000000e+00
    outer loop
      vertex   9.099894e-01 1.117669e+02 -9.830000e+01
      vertex   6.004118e-01 1.133607e+02 -9.830000e+01
      vertex   1.276237e+00 1.120080e+02 -9.830000e+01
    endloop
  endfacet
  facet normal -4.544680e-15 9.552397e-09 -1.000000e+00
    outer loop
      vertex   1.276237e+00 1.120080e+02 -9.830000e+01
      vertex   6.004118e-01 1.133607e+02 -9.830000e+01
      vertex   1.581139e+00 1.123231e+02 -9.830000e+01
    endloop
  endfacet
  facet normal 9.601641e-14 9.552492e-09 -1.000000e+00
    outer loop
      vertex   1.581139e+00 1.123231e+02 -9.830000e+01
      vertex   6.004118e-01 1.133607e+02 -9.830000e+01
      vertex   5.904751e-01 1.135170e+02 -9.830000e+01
    endloop
  endfacet
  facet normal -4.242843e-15 9.552409e-09 -1.000000e+00
    outer loop
      vertex   1.581139e+00 1.123231e+02 -9.830000e+01
      vertex   5.904751e-01 1.135170e+02 -9.830000e+01
      vertex   1.810038e+00 1.126971e+02 -9.830000e+01
    endloop
  endfacet
  facet normal -7.649670e-15 9.552404e-09 -1.000000e+00
    outer loop
      vertex   1.810038e+00 1.126971e+02 -9.830000e+01
      vertex   5.904751e-01 1.135170e+02 -9.830000e+01
      vertex   2.000000e+00 1.135479e+02 -9.830000e+01
    endloop
  endfacet
  facet normal 2.328621e-13 9.552350e-09 -1.000000e+00
    outer loop
      vertex   1.810038e+00 1.126971e+02 -9.830000e+01
      vertex   2.000000e+00 1.135479e+02 -9.830000e+01
      vertex   1.951932e+00 1.131120e+02 -9.830000e+01
    endloop
  endfacet
  facet normal -7.532776e-15 9.552398e-09 -1.000000e+00
    outer loop
      vertex   5.904751e-01 1.135170e+02 -9.830000e+01
      vertex   5.404194e-01 1.136654e+02 -9.830000e+01
      vertex   2.000000e+00 1.135479e+02 -9.830000e+01
    endloop
  endfacet
  facet normal -6.886863e-15 9.552406e-09 -1.000000e+00
    outer loop
      vertex   2.000000e+00 1.135479e+02 -9.830000e+01
      vertex   5.404194e-01 1.136654e+02 -9.830000e+01
      vertex   5.000000e-01 1.210000e+02 -9.830000e+01
    endloop
  endfacet
  facet normal -9.169188e-16 9.552407e-09 -1.000000e+00
    outer loop
      vertex   2.000000e+00 1.135479e+02 -9.830000e+01
      vertex   5.000000e-01 1.210000e+02 -9.830000e+01
      vertex   2.000000e+00 1.220000e+02 -9.830000e+01
    endloop
  endfacet
  facet normal 0.000000e+00 9.552406e-09 -1.000000e+00
    outer loop
      vertex   2.000000e+00 1.220000e+02 -9.830000e+01
      vertex   5.000000e-01 1.210000e+02 -9.830000e+01
      vertex   5.000000e-01 1.220000e+02 -9.830000e+01
    endloop
  endfacet
  facet normal 1.924444e-13 9.552407e-09 -1.000000e+00
    outer loop
      vertex   5.404194e-01 1.136654e+02 -9.830000e+01
      vertex   4.536559e-01 1.137958e+02 -9.830000e+01
      vertex   5.000000e-01 1.210000e+02 -9.830000e+01
    endloop
  endfacet
  facet normal -4.824961e-14 9.552409e-09 -1.000000e+00
    outer loop
      vertex   5.000000e-01 1.210000e+02 -9.830000e+01
      vertex   4.536559e-01 1.137958e+02 -9.830000e+01
      vertex   3.360976e-01 1.138993e+02 -9.830000e+01
    endloop
  endfacet
  facet normal -4.556359e-14 9.552409e-09 -1.000000e+00
    outer loop
      vertex   5.000000e-01 1.210000e+02 -9.830000e+01
      vertex   3.360976e-01 1.138993e+02 -9.830000e+01
      vertex   1.957556e-01 1.139689e+02 -9.830000e+01
    endloop
  endfacet
  facet normal -5.629907e-14 9.552409e-09 -1.000000e+00
    outer loop
      vertex   1.957556e-01 1.139689e+02 -9.830000e+01
      vertex   4.219422e-02 1.139997e+02 -9.830000e+01
      vertex   5.000000e-01 1.210000e+02 -9.830000e+01
    endloop
  endfacet
  facet normal 0.000000e+00 9.552406e-09 -1.000000e+00
    outer loop
      vertex   5.000000e-01 1.210000e+02 -9.830000e+01
      vertex   4.219422e-02 1.139997e+02 -9.830000e+01
      vertex   -5.000000e-01 1.210000e+02 -9.830000e+01
    endloop
  endfacet
  facet normal 5.479380e-14 9.552410e-09 -1.000000e+00
    outer loop
      vertex   -5.000000e-01 1.210000e+02 -9.830000e+01
      vertex   4.219422e-02 1.139997e+02 -9.830000e+01
      vertex   -1.141217e-01 1.139898e+02 -9.830000e+01
    endloop
  endfacet
  facet normal 1.230502e-15 9.552407e-09 -1.000000e+00
    outer loop
      vertex   -5.000000e-01 1.210000e+02 -9.830000e+01
      vertex   -1.141217e-01 1.139898e+02 -9.830000e+01
      vertex   -2.625395e-01 1.139397e+02 -9.830000e+01
    endloop
  endfacet
  facet normal 4.346132e-14 9.552408e-09 -1.000000e+00
    outer loop
      vertex   -2.625395e-01 1.139397e+02 -9.830000e+01
      vertex   -3.929446e-01 1.138530e+02 -9.830000e+01
      vertex   -5.000000e-01 1.210000e+02 -9.830000e+01
    endloop
  endfacet
  facet normal -9.235021e-14 9.552406e-09 -1.000000e+00
    outer loop
      vertex   -5.000000e-01 1.210000e+02 -9.830000e+01
      vertex   -3.929446e-01 1.138530e+02 -9.830000e+01
      vertex   -4.964503e-01 1.137354e+02 -9.830000e+01
    endloop
  endfacet
  facet normal 6.403129e-15 9.552406e-09 -1.000000e+00
    outer loop
      vertex   -5.000000e-01 1.210000e+02 -9.830000e+01
      vertex   -4.964503e-01 1.137354e+02 -9.830000e+01
      vertex   -2.000000e+00 1.135479e+02 -9.830000e+01
    endloop
  endfacet
  facet normal 9.098425e-16 9.552450e-09 -1.000000e+00
    outer loop
      vertex   -2.000000e+00 1.135479e+02 -9.830000e+01
      vertex   -4.964503e-01 1.137354e+02 -9.830000e+01
      vertex   -5.660028e-01 1.135951e+02 -9.830000e+01
    endloop
  endfacet
  facet normal 4.114498e-15 9.552353e-09 -1.000000e+00
    outer loop
      vertex   -2.000000e+00 1.135479e+02 -9.830000e+01
      vertex   -5.660028e-01 1.135951e+02 -9.830000e+01
      vertex   -5.968622e-01 1.134415e+02 -9.830000e+01
    endloop
  endfacet
  facet normal -2.328621e-13 9.552350e-09 -1.000000e+00
    outer loop
      vertex   -1.951932e+00 1.131120e+02 -9.830000e+01
      vertex   -2.000000e+00 1.135479e+02 -9.830000e+01
      vertex   -1.810038e+00 1.126971e+02 -9.830000e+01
    endloop
  endfacet
  facet normal 7.952033e-15 9.552404e-09 -1.000000e+00
    outer loop
      vertex   -1.810038e+00 1.126971e+02 -9.830000e+01
      vertex   -2.000000e+00 1.135479e+02 -9.830000e+01
      vertex   -5.968622e-01 1.134415e+02 -9.830000e+01
    endloop
  endfacet
  facet normal 9.169188e-16 9.552407e-09 -1.000000e+00
    outer loop
      vertex   -2.000000e+00 1.135479e+02 -9.830000e+01
      vertex   -2.000000e+00 1.220000e+02 -9.830000e+01
      vertex   -5.000000e-01 1.210000e+02 -9.830000e+01
    endloop
  endfacet
  facet normal 0.000000e+00 9.552406e-09 -1.000000e+00
    outer loop
      vertex   -5.000000e-01 1.210000e+02 -9.830000e+01
      vertex   -2.000000e+00 1.220000e+02 -9.830000e+01
      vertex   -5.000000e-01 1.220000e+02 -9.830000e+01
    endloop
  endfacet
  facet normal -8.959994e-01 4.440510e-01 -1.962227e-03
    outer loop
      vertex   5.695525e-01 1.132071e+02 -9.430000e+01
      vertex   5.213901e-01 1.131011e+02 -9.630000e+01
      vertex   5.000000e-01 1.130668e+02 -9.430000e+01
    endloop
  endfacet
  facet normal -7.933518e-01 6.087603e-01 1.962227e-03
    outer loop
      vertex   5.000000e-01 1.130668e+02 -9.430000e+01
      vertex   5.213901e-01 1.131011e+02 -9.630000e+01
      vertex   4.260389e-01 1.129768e+02 -9.630000e+01
    endloop
  endfacet
  facet normal -7.505401e-01 6.608220e-01 -1.962227e-03
    outer loop
      vertex   5.000000e-01 1.130668e+02 -9.430000e+01
      vertex   4.260389e-01 1.129768e+02 -9.630000e+01
      vertex   3.964943e-01 1.129492e+02 -9.430000e+01
    endloop
  endfacet
  facet normal -6.087603e-01 7.933518e-01 1.962227e-03
    outer loop
      vertex   3.964943e-01 1.129492e+02 -9.430000e+01
      vertex   4.260389e-01 1.129768e+02 -9.630000e+01
      vertex   3.017748e-01 1.128815e+02 -9.630000e+01
    endloop
  endfacet
  facet normal -5.539327e-01 8.325591e-01 -1.962227e-03
    outer loop
      vertex   3.964943e-01 1.129492e+02 -9.430000e+01
      vertex   3.017748e-01 1.128815e+02 -9.630000e+01
      vertex   2.660891e-01 1.128625e+02 -9.430000e+01
    endloop
  endfacet
  facet normal -3.826827e-01 9.238778e-01 1.962227e-03
    outer loop
      vertex   2.660891e-01 1.128625e+02 -9.430000e+01
      vertex   3.017748e-01 1.128815e+02 -9.630000e+01
      vertex   1.570663e-01 1.128215e+02 -9.630000e+01
    endloop
  endfacet
  facet normal -3.195758e-01 9.475587e-01 -1.962227e-03
    outer loop
      vertex   2.660891e-01 1.128625e+02 -9.430000e+01
      vertex   1.570663e-01 1.128215e+02 -9.630000e+01
      vertex   1.176714e-01 1.128124e+02 -9.430000e+01
    endloop
  endfacet
  facet normal -1.305259e-01 9.914430e-01 1.962227e-03
    outer loop
      vertex   1.176714e-01 1.128124e+02 -9.430000e+01
      vertex   1.570663e-01 1.128215e+02 -9.630000e+01
      vertex   1.774834e-03 1.128011e+02 -9.630000e+01
    endloop
  endfacet
  facet normal -6.344023e-02 9.979837e-01 -1.962227e-03
    outer loop
      vertex   1.176714e-01 1.128124e+02 -9.430000e+01
      vertex   1.774834e-03 1.128011e+02 -9.630000e+01
      vertex   -3.864456e-02 1.128025e+02 -9.430000e+01
    endloop
  endfacet
  facet normal 1.305259e-01 9.914430e-01 1.962227e-03
    outer loop
      vertex   -3.864456e-02 1.128025e+02 -9.430000e+01
      vertex   1.774834e-03 1.128011e+02 -9.630000e+01
      vertex   -1.535166e-01 1.128215e+02 -9.630000e+01
    endloop
  endfacet
  facet normal 1.970186e-01 9.803978e-01 -1.962227e-03
    outer loop
      vertex   -3.864456e-02 1.128025e+02 -9.430000e+01
      vertex   -1.535166e-01 1.128215e+02 -9.630000e+01
      vertex   -1.922060e-01 1.128333e+02 -9.430000e+01
    endloop
  endfacet
  facet normal 3.826827e-01 9.238778e-01 1.962227e-03
    outer loop
      vertex   -1.922060e-01 1.128333e+02 -9.430000e+01
      vertex   -1.535166e-01 1.128215e+02 -9.630000e+01
      vertex   -2.982252e-01 1.128815e+02 -9.630000e+01
    endloop
  endfacet
  facet normal 4.440510e-01 8.959994e-01 -1.962227e-03
    outer loop
      vertex   -1.922060e-01 1.128333e+02 -9.430000e+01
      vertex   -2.982252e-01 1.128815e+02 -9.630000e+01
      vertex   -3.325479e-01 1.129029e+02 -9.430000e+01
    endloop
  endfacet
  facet normal 6.087603e-01 7.933518e-01 1.962227e-03
    outer loop
      vertex   -3.325479e-01 1.129029e+02 -9.430000e+01
      vertex   -2.982252e-01 1.128815e+02 -9.630000e+01
      vertex   -4.224892e-01 1.129768e+02 -9.630000e+01
    endloop
  endfacet
  facet normal 6.608220e-01 7.505401e-01 -1.962227e-03
    outer loop
      vertex   -3.325479e-01 1.129029e+02 -9.430000e+01
      vertex   -4.224892e-01 1.129768e+02 -9.630000e+01
      vertex   -4.501063e-01 1.130064e+02 -9.430000e+01
    endloop
  endfacet
  facet normal 7.933518e-01 6.087603e-01 1.962227e-03
    outer loop
      vertex   -4.501063e-01 1.130064e+02 -9.430000e+01
      vertex   -4.224892e-01 1.129768e+02 -9.630000e+01
      vertex   -5.178404e-01 1.131011e+02 -9.630000e+01
    endloop
  endfacet
  facet normal 8.325591e-01 5.539327e-01 -1.962227e-03
    outer loop
      vertex   -4.501063e-01 1.130064e+02 -9.430000e+01
      vertex   -5.178404e-01 1.131011e+02 -9.630000e+01
      vertex   -5.368697e-01 1.131368e+02 -9.430000e+01
    endloop
  endfacet
  facet normal 9.238778e-01 3.826827e-01 1.962227e-03
    outer loop
      vertex   -5.368697e-01 1.131368e+02 -9.430000e+01
      vertex   -5.178404e-01 1.131011e+02 -9.630000e+01
      vertex   -5.777807e-01 1.132458e+02 -9.630000e+01
    endloop
  endfacet
  facet normal 9.475587e-01 3.195758e-01 -1.962227e-03
    outer loop
      vertex   -5.368697e-01 1.131368e+02 -9.430000e+01
      vertex   -5.777807e-01 1.132458e+02 -9.630000e+01
      vertex   -5.869254e-01 1.132852e+02 -9.430000e+01
    endloop
  endfacet
  facet normal 9.914430e-01 1.305259e-01 1.962227e-03
    outer loop
      vertex   -5.869254e-01 1.132852e+02 -9.430000e+01
      vertex   -5.777807e-01 1.132458e+02 -9.630000e+01
      vertex   -5.982252e-01 1.134011e+02 -9.630000e+01
    endloop
  endfacet
  facet normal 9.979837e-01 6.344023e-02 -1.962227e-03
    outer loop
      vertex   -5.869254e-01 1.132852e+02 -9.430000e+01
      vertex   -5.982252e-01 1.134011e+02 -9.630000e+01
      vertex   -5.968622e-01 1.134415e+02 -9.430000e+01
    endloop
  endfacet
  facet normal 9.914430e-01 -1.305259e-01 1.962227e-03
    outer loop
      vertex   -5.968622e-01 1.134415e+02 -9.430000e+01
      vertex   -5.982252e-01 1.134011e+02 -9.630000e+01
      vertex   -5.777807e-01 1.135564e+02 -9.630000e+01
    endloop
  endfacet
  facet normal 9.803978e-01 -1.970186e-01 -1.962227e-03
    outer loop
      vertex   -5.968622e-01 1.134415e+02 -9.430000e+01
      vertex   -5.777807e-01 1.135564e+02 -9.630000e+01
      vertex   -5.660028e-01 1.135951e+02 -9.430000e+01
    endloop
  endfacet
  facet normal 9.238778e-01 -3.826827e-01 1.962227e-03
    outer loop
      vertex   -5.660028e-01 1.135951e+02 -9.430000e+01
      vertex   -5.777807e-01 1.135564e+02 -9.630000e+01
      vertex   -5.178404e-01 1.137011e+02 -9.630000e+01
    endloop
  endfacet
  facet normal 8.959994e-01 -4.440510e-01 -1.962227e-03
    outer loop
      vertex   -5.660028e-01 1.135951e+02 -9.430000e+01
      vertex   -5.178404e-01 1.137011e+02 -9.630000e+01
      vertex   -4.964503e-01 1.137354e+02 -9.430000e+01
    endloop
  endfacet
  facet normal 7.933518e-01 -6.087603e-01 1.962227e-03
    outer loop
      vertex   -4.964503e-01 1.137354e+02 -9.430000e+01
      vertex   -5.178404e-01 1.137011e+02 -9.630000e+01
      vertex   -4.224892e-01 1.138254e+02 -9.630000e+01
    endloop
  endfacet
  facet normal 7.505401e-01 -6.608220e-01 -1.962227e-03
    outer loop
      vertex   -4.964503e-01 1.137354e+02 -9.430000e+01
      vertex   -4.224892e-01 1.138254e+02 -9.630000e+01
      vertex   -3.929446e-01 1.138530e+02 -9.430000e+01
    endloop
  endfacet
  facet normal 6.087603e-01 -7.933518e-01 1.962227e-03
    outer loop
      vertex   -3.929446e-01 1.138530e+02 -9.430000e+01
      vertex   -4.224892e-01 1.138254e+02 -9.630000e+01
      vertex   -2.982252e-01 1.139207e+02 -9.630000e+01
    endloop
  endfacet
  facet normal 5.539327e-01 -8.325591e-01 -1.962227e-03
    outer loop
      vertex   -3.929446e-01 1.138530e+02 -9.430000e+01
      vertex   -2.982252e-01 1.139207e+02 -9.630000e+01
      vertex   -2.625395e-01 1.139397e+02 -9.430000e+01
    endloop
  endfacet
  facet normal 3.826827e-01 -9.238778e-01 1.962227e-03
    outer loop
      vertex   -2.625395e-01 1.139397e+02 -9.430000e+01
      vertex   -2.982252e-01 1.139207e+02 -9.630000e+01
      vertex   -1.535166e-01 1.139807e+02 -9.630000e+01
    endloop
  endfacet
  facet normal 3.195758e-01 -9.475587e-01 -1.962227e-03
    outer loop
      vertex   -2.625395e-01 1.139397e+02 -9.430000e+01
      vertex   -1.535166e-01 1.139807e+02 -9.630000e+01
      vertex   -1.141217e-01 1.139898e+02 -9.430000e+01
    endloop
  endfacet
  facet normal 1.305259e-01 -9.914430e-01 1.962227e-03
    outer loop
      vertex   -1.141217e-01 1.139898e+02 -9.430000e+01
      vertex   -1.535166e-01 1.139807e+02 -9.630000e+01
      vertex   1.774834e-03 1.140011e+02 -9.630000e+01
    endloop
  endfacet
  facet normal 6.344023e-02 -9.979837e-01 -1.962227e-03
    outer loop
      vertex   -1.141217e-01 1.139898e+02 -9.430000e+01
      vertex   1.774834e-03 1.140011e+02 -9.630000e+01
      vertex   4.219422e-02 1.139997e+02 -9.430000e+01
    endloop
  endfacet
  facet normal -1.305259e-01 -9.914430e-01 1.962227e-03
    outer loop
      vertex   4.219422e-02 1.139997e+02 -9.430000e+01
      vertex   1.774834e-03 1.140011e+02 -9.630000e+01
      vertex   1.570663e-01 1.139807e+02 -9.630000e+01
    endloop
  endfacet
  facet normal -1.970186e-01 -9.803978e-01 -1.962227e-03
    outer loop
      vertex   4.219422e-02 1.139997e+02 -9.430000e+01
      vertex   1.570663e-01 1.139807e+02 -9.630000e+01
      vertex   1.957556e-01 1.139689e+02 -9.430000e+01
    endloop
  endfacet
  facet normal -3.826827e-01 -9.238778e-01 1.962227e-03
    outer loop
      vertex   1.957556e-01 1.139689e+02 -9.430000e+01
      vertex   1.570663e-01 1.139807e+02 -9.630000e+01
      vertex   3.017748e-01 1.139207e+02 -9.630000e+01
    endloop
  endfacet
  facet normal -4.440510e-01 -8.959994e-01 -1.962227e-03
    outer loop
      vertex   1.957556e-01 1.139689e+02 -9.430000e+01
      vertex   3.017748e-01 1.139207e+02 -9.630000e+01
      vertex   3.360976e-01 1.138993e+02 -9.430000e+01
    endloop
  endfacet
  facet normal -6.087603e-01 -7.933518e-01 1.962227e-03
    outer loop
      vertex   3.360976e-01 1.138993e+02 -9.430000e+01
      vertex   3.017748e-01 1.139207e+02 -9.630000e+01
      vertex   4.260389e-01 1.138254e+02 -9.630000e+01
    endloop
  endfacet
  facet normal -6.608220e-01 -7.505401e-01 -1.962227e-03
    outer loop
      vertex   3.360976e-01 1.138993e+02 -9.430000e+01
      vertex   4.260389e-01 1.138254e+02 -9.630000e+01
      vertex   4.536559e-01 1.137958e+02 -9.430000e+01
    endloop
  endfacet
  facet normal -7.933518e-01 -6.087603e-01 1.962227e-03
    outer loop
      vertex   4.536559e-01 1.137958e+02 -9.430000e+01
      vertex   4.260389e-01 1.138254e+02 -9.630000e+01
      vertex   5.213901e-01 1.137011e+02 -9.630000e+01
    endloop
  endfacet
  facet normal -8.325591e-01 -5.539327e-01 -1.962227e-03
    outer loop
      vertex   4.536559e-01 1.137958e+02 -9.430000e+01
      vertex   5.213901e-01 1.137011e+02 -9.630000e+01
      vertex   5.404194e-01 1.136654e+02 -9.430000e+01
    endloop
  endfacet
  facet normal -9.238778e-01 -3.826827e-01 1.962227e-03
    outer loop
      vertex   5.404194e-01 1.136654e+02 -9.430000e+01
      vertex   5.213901e-01 1.137011e+02 -9.630000e+01
      vertex   5.813303e-01 1.135564e+02 -9.630000e+01
    endloop
  endfacet
  facet normal -9.475587e-01 -3.195758e-01 -1.962227e-03
    outer loop
      vertex   5.404194e-01 1.136654e+02 -9.430000e+01
      vertex   5.813303e-01 1.135564e+02 -9.630000e+01
      vertex   5.904751e-01 1.135170e+02 -9.430000e+01
    endloop
  endfacet
  facet normal -9.914430e-01 -1.305259e-01 1.962227e-03
    outer loop
      vertex   5.904751e-01 1.135170e+02 -9.430000e+01
      vertex   5.813303e-01 1.135564e+02 -9.630000e+01
      vertex   6.017748e-01 1.134011e+02 -9.630000e+01
    endloop
  endfacet
  facet normal -9.979837e-01 -6.344023e-02 -1.962227e-03
    outer loop
      vertex   5.904751e-01 1.135170e+02 -9.430000e+01
      vertex   6.017748e-01 1.134011e+02 -9.630000e+01
      vertex   6.004118e-01 1.133607e+02 -9.430000e+01
    endloop
  endfacet
  facet normal -9.914430e-01 1.305259e-01 1.962227e-03
    outer loop
      vertex   6.004118e-01 1.133607e+02 -9.430000e+01
      vertex   6.017748e-01 1.134011e+02 -9.630000e+01
      vertex   5.813303e-01 1.132458e+02 -9.630000e+01
    endloop
  endfacet
  facet normal -9.803978e-01 1.970186e-01 -1.962227e-03
    outer loop
      vertex   6.004118e-01 1.133607e+02 -9.430000e+01
      vertex   5.813303e-01 1.132458e+02 -9.630000e+01
      vertex   5.695525e-01 1.132071e+02 -9.430000e+01
    endloop
  endfacet
  facet normal -9.238778e-01 3.826827e-01 1.962227e-03
    outer loop
      vertex   5.695525e-01 1.132071e+02 -9.430000e+01
      vertex   5.813303e-01 1.132458e+02 -9.630000e+01
      vertex   5.213901e-01 1.131011e+02 -9.630000e+01
    endloop
  endfacet
  facet normal -7.505401e-01 6.608220e-01 1.962227e-03
    outer loop
      vertex   3.964943e-01 1.129492e+02 -9.830000e+01
      vertex   4.260389e-01 1.129768e+02 -9.630000e+01
      vertex   5.000000e-01 1.130668e+02 -9.830000e+01
    endloop
  endfacet
  facet normal -7.933518e-01 6.087603e-01 -1.962227e-03
    outer loop
      vertex   5.000000e-01 1.130668e+02 -9.830000e+01
      vertex   4.260389e-01 1.129768e+02 -9.630000e+01
      vertex   5.213901e-01 1.131011e+02 -9.630000e+01
    endloop
  endfacet
  facet normal -8.959994e-01 4.440510e-01 1.962227e-03
    outer loop
      vertex   5.000000e-01 1.130668e+02 -9.830000e+01
      vertex   5.213901e-01 1.131011e+02 -9.630000e+01
      vertex   5.695525e-01 1.132071e+02 -9.830000e+01
    endloop
  endfacet
  facet normal -9.238778e-01 3.826827e-01 -1.962227e-03
    outer loop
      vertex   5.695525e-01 1.132071e+02 -9.830000e+01
      vertex   5.213901e-01 1.131011e+02 -9.630000e+01
      vertex   5.813303e-01 1.132458e+02 -9.630000e+01
    endloop
  endfacet
  facet normal -9.803978e-01 1.970186e-01 1.962227e-03
    outer loop
      vertex   5.695525e-01 1.132071e+02 -9.830000e+01
      vertex   5.813303e-01 1.132458e+02 -9.630000e+01
      vertex   6.004118e-01 1.133607e+02 -9.830000e+01
    endloop
  endfacet
  facet normal -9.914430e-01 1.305259e-01 -1.962227e-03
    outer loop
      vertex   6.004118e-01 1.133607e+02 -9.830000e+01
      vertex   5.813303e-01 1.132458e+02 -9.630000e+01
      vertex   6.017748e-01 1.134011e+02 -9.630000e+01
    endloop
  endfacet
  facet normal -9.979837e-01 -6.344023e-02 1.962227e-03
    outer loop
      vertex   6.004118e-01 1.133607e+02 -9.830000e+01
      vertex   6.017748e-01 1.134011e+02 -9.630000e+01
      vertex   5.904751e-01 1.135170e+02 -9.830000e+01
    endloop
  endfacet
  facet normal -9.914430e-01 -1.305259e-01 -1.962227e-03
    outer loop
      vertex   5.904751e-01 1.135170e+02 -9.830000e+01
      vertex   6.017748e-01 1.134011e+02 -9.630000e+01
      vertex   5.813303e-01 1.135564e+02 -9.630000e+01
    endloop
  endfacet
  facet normal -9.475587e-01 -3.195758e-01 1.962227e-03
    outer loop
      vertex   5.904751e-01 1.135170e+02 -9.830000e+01
      vertex   5.813303e-01 1.135564e+02 -9.630000e+01
      vertex   5.404194e-01 1.136654e+02 -9.830000e+01
    endloop
  endfacet
  facet normal -9.238778e-01 -3.826827e-01 -1.962227e-03
    outer loop
      vertex   5.404194e-01 1.136654e+02 -9.830000e+01
      vertex   5.813303e-01 1.135564e+02 -9.630000e+01
      vertex   5.213901e-01 1.137011e+02 -9.630000e+01
    endloop
  endfacet
  facet normal -8.325591e-01 -5.539327e-01 1.962227e-03
    outer loop
      vertex   5.404194e-01 1.136654e+02 -9.830000e+01
      vertex   5.213901e-01 1.137011e+02 -9.630000e+01
      vertex   4.536559e-01 1.137958e+02 -9.830000e+01
    endloop
  endfacet
  facet normal -7.933518e-01 -6.087603e-01 -1.962227e-03
    outer loop
      vertex   4.536559e-01 1.137958e+02 -9.830000e+01
      vertex   5.213901e-01 1.137011e+02 -9.630000e+01
      vertex   4.260389e-01 1.138254e+02 -9.630000e+01
    endloop
  endfacet
  facet normal -6.608220e-01 -7.505401e-01 1.962227e-03
    outer loop
      vertex   4.536559e-01 1.137958e+02 -9.830000e+01
      vertex   4.260389e-01 1.138254e+02 -9.630000e+01
      vertex   3.360976e-01 1.138993e+02 -9.830000e+01
    endloop
  endfacet
  facet normal -6.087603e-01 -7.933518e-01 -1.962227e-03
    outer loop
      vertex   3.360976e-01 1.138993e+02 -9.830000e+01
      vertex   4.260389e-01 1.138254e+02 -9.630000e+01
      vertex   3.017748e-01 1.139207e+02 -9.630000e+01
    endloop
  endfacet
  facet normal -4.440510e-01 -8.959994e-01 1.962227e-03
    outer loop
      vertex   3.360976e-01 1.138993e+02 -9.830000e+01
      vertex   3.017748e-01 1.139207e+02 -9.630000e+01
      vertex   1.957556e-01 1.139689e+02 -9.830000e+01
    endloop
  endfacet
  facet normal -3.826827e-01 -9.238778e-01 -1.962227e-03
    outer loop
      vertex   1.957556e-01 1.139689e+02 -9.830000e+01
      vertex   3.017748e-01 1.139207e+02 -9.630000e+01
      vertex   1.570663e-01 1.139807e+02 -9.630000e+01
    endloop
  endfacet
  facet normal -1.970186e-01 -9.803978e-01 1.962227e-03
    outer loop
      vertex   1.957556e-01 1.139689e+02 -9.830000e+01
      vertex   1.570663e-01 1.139807e+02 -9.630000e+01
      vertex   4.219422e-02 1.139997e+02 -9.830000e+01
    endloop
  endfacet
  facet normal -1.305259e-01 -9.914430e-01 -1.962227e-03
    outer loop
      vertex   4.219422e-02 1.139997e+02 -9.830000e+01
      vertex   1.570663e-01 1.139807e+02 -9.630000e+01
      vertex   1.774834e-03 1.140011e+02 -9.630000e+01
    endloop
  endfacet
  facet normal 6.344023e-02 -9.979837e-01 1.962227e-03
    outer loop
      vertex   4.219422e-02 1.139997e+02 -9.830000e+01
      vertex   1.774834e-03 1.140011e+02 -9.630000e+01
      vertex   -1.141217e-01 1.139898e+02 -9.830000e+01
    endloop
  endfacet
  facet normal 1.305259e-01 -9.914430e-01 -1.962227e-03
    outer loop
      vertex   -1.141217e-01 1.139898e+02 -9.830000e+01
      vertex   1.774834e-03 1.140011e+02 -9.630000e+01
      vertex   -1.535166e-01 1.139807e+02 -9.630000e+01
    endloop
  endfacet
  facet normal 3.195758e-01 -9.475587e-01 1.962227e-03
    outer loop
      vertex   -1.141217e-01 1.139898e+02 -9.830000e+01
      vertex   -1.535166e-01 1.139807e+02 -9.630000e+01
      vertex   -2.625395e-01 1.139397e+02 -9.830000e+01
    endloop
  endfacet
  facet normal 3.826827e-01 -9.238778e-01 -1.962227e-03
    outer loop
      vertex   -2.625395e-01 1.139397e+02 -9.830000e+01
      vertex   -1.535166e-01 1.139807e+02 -9.630000e+01
      vertex   -2.982252e-01 1.139207e+02 -9.630000e+01
    endloop
  endfacet
  facet normal 5.539327e-01 -8.325591e-01 1.962227e-03
    outer loop
      vertex   -2.625395e-01 1.139397e+02 -9.830000e+01
      vertex   -2.982252e-01 1.139207e+02 -9.630000e+01
      vertex   -3.929446e-01 1.138530e+02 -9.830000e+01
    endloop
  endfacet
  facet normal 6.087603e-01 -7.933518e-01 -1.962227e-03
    outer loop
      vertex   -3.929446e-01 1.138530e+02 -9.830000e+01
      vertex   -2.982252e-01 1.139207e+02 -9.630000e+01
      vertex   -4.224892e-01 1.138254e+02 -9.630000e+01
    endloop
  endfacet
  facet normal 7.505401e-01 -6.608220e-01 1.962227e-03
    outer loop
      vertex   -3.929446e-01 1.138530e+02 -9.830000e+01
      vertex   -4.224892e-01 1.138254e+02 -9.630000e+01
      vertex   -4.964503e-01 1.137354e+02 -9.830000e+01
    endloop
  endfacet
  facet normal 7.933518e-01 -6.087603e-01 -1.962227e-03
    outer loop
      vertex   -4.964503e-01 1.137354e+02 -9.830000e+01
      vertex   -4.224892e-01 1.138254e+02 -9.630000e+01
      vertex   -5.178404e-01 1.137011e+02 -9.630000e+01
    endloop
  endfacet
  facet normal 8.959994e-01 -4.440510e-01 1.962227e-03
    outer loop
      vertex   -4.964503e-01 1.137354e+02 -9.830000e+01
      vertex   -5.178404e-01 1.137011e+02 -9.630000e+01
      vertex   -5.660028e-01 1.135951e+02 -9.830000e+01
    endloop
  endfacet
  facet normal 9.238778e-01 -3.826827e-01 -1.962227e-03
    outer loop
      vertex   -5.660028e-01 1.135951e+02 -9.830000e+01
      vertex   -5.178404e-01 1.137011e+02 -9.630000e+01
      vertex   -5.777807e-01 1.135564e+02 -9.630000e+01
    endloop
  endfacet
  facet normal 9.803978e-01 -1.970186e-01 1.962227e-03
    outer loop
      vertex   -5.660028e-01 1.135951e+02 -9.830000e+01
      vertex   -5.777807e-01 1.135564e+02 -9.630000e+01
      vertex   -5.968622e-01 1.134415e+02 -9.830000e+01
    endloop
  endfacet
  facet normal 9.914430e-01 -1.305259e-01 -1.962227e-03
    outer loop
      vertex   -5.968622e-01 1.134415e+02 -9.830000e+01
      vertex   -5.777807e-01 1.135564e+02 -9.630000e+01
      vertex   -5.982252e-01 1.134011e+02 -9.630000e+01
    endloop
  endfacet
  facet normal 9.979837e-01 6.344023e-02 1.962227e-03
    outer loop
      vertex   -5.968622e-01 1.134415e+02 -9.830000e+01
      vertex   -5.982252e-01 1.134011e+02 -9.630000e+01
      vertex   -5.869254e-01 1.132852e+02 -9.830000e+01
    endloop
  endfacet
  facet normal 9.914430e-01 1.305259e-01 -1.962227e-03
    outer loop
      vertex   -5.869254e-01 1.132852e+02 -9.830000e+01
      vertex   -5.982252e-01 1.134011e+02 -9.630000e+01
      vertex   -5.777807e-01 1.132458e+02 -9.630000e+01
    endloop
  endfacet
  facet normal 9.475587e-01 3.195758e-01 1.962227e-03
    outer loop
      vertex   -5.869254e-01 1.132852e+02 -9.830000e+01
      vertex   -5.777807e-01 1.132458e+02 -9.630000e+01
      vertex   -5.368697e-01 1.131368e+02 -9.830000e+01
    endloop
  endfacet
  facet normal 9.238778e-01 3.826827e-01 -1.962227e-03
    outer loop
      vertex   -5.368697e-01 1.131368e+02 -9.830000e+01
      vertex   -5.777807e-01 1.132458e+02 -9.630000e+01
      vertex   -5.178404e-01 1.131011e+02 -9.630000e+01
    endloop
  endfacet
  facet normal 8.325591e-01 5.539327e-01 1.962227e-03
    outer loop
      vertex   -5.368697e-01 1.131368e+02 -9.830000e+01
      vertex   -5.178404e-01 1.131011e+02 -9.630000e+01
      vertex   -4.501063e-01 1.130064e+02 -9.830000e+01
    endloop
  endfacet
  facet normal 7.933518e-01 6.087603e-01 -1.962227e-03
    outer loop
      vertex   -4.501063e-01 1.130064e+02 -9.830000e+01
      vertex   -5.178404e-01 1.131011e+02 -9.630000e+01
      vertex   -4.224892e-01 1.129768e+02 -9.630000e+01
    endloop
  endfacet
  facet normal 6.608220e-01 7.505401e-01 1.962227e-03
    outer loop
      vertex   -4.501063e-01 1.130064e+02 -9.830000e+01
      vertex   -4.224892e-01 1.129768e+02 -9.630000e+01
      vertex   -3.325479e-01 1.129029e+02 -9.830000e+01
    endloop
  endfacet
  facet normal 6.087603e-01 7.933518e-01 -1.962227e-03
    outer loop
      vertex   -3.325479e-01 1.129029e+02 -9.830000e+01
      vertex   -4.224892e-01 1.129768e+02 -9.630000e+01
      vertex   -2.982252e-01 1.128815e+02 -9.630000e+01
    endloop
  endfacet
  facet normal 4.440510e-01 8.959994e-01 1.962227e-03
    outer loop
      vertex   -3.325479e-01 1.129029e+02 -9.830000e+01
      vertex   -2.982252e-01 1.128815e+02 -9.630000e+01
      vertex   -1.922060e-01 1.128333e+02 -9.830000e+01
    endloop
  endfacet
  facet normal 3.826827e-01 9.238778e-01 -1.962227e-03
    outer loop
      vertex   -1.922060e-01 1.128333e+02 -9.830000e+01
      vertex   -2.982252e-01 1.128815e+02 -9.630000e+01
      vertex   -1.535166e-01 1.128215e+02 -9.630000e+01
    endloop
  endfacet
  facet normal 1.970186e-01 9.803978e-01 1.962227e-03
    outer loop
      vertex   -1.922060e-01 1.128333e+02 -9.830000e+01
      vertex   -1.535166e-01 1.128215e+02 -9.630000e+01
      vertex   -3.864456e-02 1.128025e+02 -9.830000e+01
    endloop
  endfacet
  facet normal 1.305259e-01 9.914430e-01 -1.962227e-03
    outer loop
      vertex   -3.864456e-02 1.128025e+02 -9.830000e+01
      vertex   -1.535166e-01 1.128215e+02 -9.630000e+01
      vertex   1.774834e-03 1.128011e+02 -9.630000e+01
    endloop
  endfacet
  facet normal -6.344023e-02 9.979837e-01 1.962227e-03
    outer loop
      vertex   -3.864456e-02 1.128025e+02 -9.830000e+01
      vertex   1.774834e-03 1.128011e+02 -9.630000e+01
      vertex   1.176714e-01 1.128124e+02 -9.830000e+01
    endloop
  endfacet
  facet normal -1.305259e-01 9.914430e-01 -1.962227e-03
    outer loop
      vertex   1.176714e-01 1.128124e+02 -9.830000e+01
      vertex   1.774834e-03 1.128011e+02 -9.630000e+01
      vertex   1.570663e-01 1.128215e+02 -9.630000e+01
    endloop
  endfacet
  facet normal -3.195758e-01 9.475587e-01 1.962227e-03
    outer loop
      vertex   1.176714e-01 1.128124e+02 -9.830000e+01
      vertex   1.570663e-01 1.128215e+02 -9.630000e+01
      vertex   2.660891e-01 1.128625e+02 -9.830000e+01
    endloop
  endfacet
  facet normal -3.826827e-01 9.238778e-01 -1.962227e-03
    outer loop
      vertex   2.660891e-01 1.128625e+02 -9.830000e+01
      vertex   1.570663e-01 1.128215e+02 -9.630000e+01
      vertex   3.017748e-01 1.128815e+02 -9.630000e+01
    endloop
  endfacet
  facet normal -5.539327e-01 8.325591e-01 1.962227e-03
    outer loop
      vertex   2.660891e-01 1.128625e+02 -9.830000e+01
      vertex   3.017748e-01 1.128815e+02 -9.630000e+01
      vertex   3.964943e-01 1.129492e+02 -9.830000e+01
    endloop
  endfacet
  facet normal -6.087603e-01 7.933518e-01 -1.962227e-03
    outer loop
      vertex   3.964943e-01 1.129492e+02 -9.830000e+01
      vertex   3.017748e-01 1.128815e+02 -9.630000e+01
      vertex   4.260389e-01 1.129768e+02 -9.630000e+01
    endloop
  endfacet
  facet normal -3.546346e-01 -9.350050e-01 9.301054e-14
    outer loop
      vertex   -5.000000e-01 1.116114e+02 -9.830000e+01
      vertex   -5.000000e-01 1.116114e+02 -9.430000e+01
      vertex   -9.099894e-01 1.117669e+02 -9.830000e+01
    endloop
  endfacet
  facet normal -3.546346e-01 -9.350050e-01 8.968873e-14
    outer loop
      vertex   -9.099894e-01 1.117669e+02 -9.830000e+01
      vertex   -5.000000e-01 1.116114e+02 -9.430000e+01
      vertex   -9.099894e-01 1.117669e+02 -9.430000e+01
    endloop
  endfacet
  facet normal -5.498706e-01 -8.352499e-01 8.011990e-14
    outer loop
      vertex   -9.099894e-01 1.117669e+02 -9.830000e+01
      vertex   -9.099894e-01 1.117669e+02 -9.430000e+01
      vertex   -1.276237e+00 1.120080e+02 -9.830000e+01
    endloop
  endfacet
  facet normal -5.498706e-01 -8.352499e-01 8.011990e-14
    outer loop
      vertex   -1.276237e+00 1.120080e+02 -9.830000e+01
      vertex   -9.099894e-01 1.117669e+02 -9.430000e+01
      vertex   -1.276237e+00 1.120080e+02 -9.430000e+01
    endloop
  endfacet
  facet normal -7.186753e-01 -6.953459e-01 6.669985e-14
    outer loop
      vertex   -1.276237e+00 1.120080e+02 -9.830000e+01
      vertex   -1.276237e+00 1.120080e+02 -9.430000e+01
      vertex   -1.581139e+00 1.123231e+02 -9.830000e+01
    endloop
  endfacet
  facet normal -7.186753e-01 -6.953459e-01 6.669985e-14
    outer loop
      vertex   -1.581139e+00 1.123231e+02 -9.830000e+01
      vertex   -1.276237e+00 1.120080e+02 -9.430000e+01
      vertex   -1.581139e+00 1.123231e+02 -9.430000e+01
    endloop
  endfacet
  facet normal -8.529346e-01 -5.220179e-01 5.007366e-14
    outer loop
      vertex   -1.581139e+00 1.123231e+02 -9.830000e+01
      vertex   -1.581139e+00 1.123231e+02 -9.430000e+01
      vertex   -1.810038e+00 1.126971e+02 -9.830000e+01
    endloop
  endfacet
  facet normal -8.529346e-01 -5.220179e-01 5.007366e-14
    outer loop
      vertex   -1.810038e+00 1.126971e+02 -9.830000e+01
      vertex   -1.581139e+00 1.123231e+02 -9.430000e+01
      vertex   -1.810038e+00 1.126971e+02 -9.430000e+01
    endloop
  endfacet
  facet normal -9.461949e-01 -3.235974e-01 3.104052e-14
    outer loop
      vertex   -1.810038e+00 1.126971e+02 -9.830000e+01
      vertex   -1.810038e+00 1.126971e+02 -9.430000e+01
      vertex   -1.951932e+00 1.131120e+02 -9.830000e+01
    endloop
  endfacet
  facet normal -9.461949e-01 -3.235974e-01 3.219017e-14
    outer loop
      vertex   -1.951932e+00 1.131120e+02 -9.830000e+01
      vertex   -1.810038e+00 1.126971e+02 -9.430000e+01
      vertex   -1.951932e+00 1.131120e+02 -9.430000e+01
    endloop
  endfacet
  facet normal -9.939733e-01 -1.096223e-01 1.090478e-14
    outer loop
      vertex   -1.951932e+00 1.131120e+02 -9.830000e+01
      vertex   -1.951932e+00 1.131120e+02 -9.430000e+01
      vertex   -2.000000e+00 1.135479e+02 -9.830000e+01
    endloop
  endfacet
  facet normal -9.939733e-01 -1.096223e-01 1.051533e-14
    outer loop
      vertex   -2.000000e+00 1.135479e+02 -9.830000e+01
      vertex   -1.951932e+00 1.131120e+02 -9.430000e+01
      vertex   -2.000000e+00 1.135479e+02 -9.430000e+01
    endloop
  endfacet
  facet normal 2.416995e-15 6.273857e-01 -7.787086e-01
    outer loop
      vertex   -5.000000e-01 1.399106e+02 -1.085450e+02
      vertex   -5.000000e-01 1.404140e+02 -1.081394e+02
      vertex   5.000000e-01 1.399106e+02 -1.085450e+02
    endloop
  endfacet
  facet normal 2.026418e-14 6.273857e-01 -7.787086e-01
    outer loop
      vertex   5.000000e-01 1.399106e+02 -1.085450e+02
      vertex   -5.000000e-01 1.404140e+02 -1.081394e+02
      vertex   5.000000e-01 1.404140e+02 -1.081394e+02
    endloop
  endfacet
  facet normal 5.128063e-15 6.480344e-01 -7.616111e-01
    outer loop
      vertex   5.000000e-01 1.404140e+02 -1.081394e+02
      vertex   -5.000000e-01 1.404140e+02 -1.081394e+02
      vertex   -5.000000e-01 1.406158e+02 -1.079677e+02
    endloop
  endfacet
  facet normal 1.689602e-14 6.480344e-01 -7.616111e-01
    outer loop
      vertex   5.000000e-01 1.404140e+02 -1.081394e+02
      vertex   -5.000000e-01 1.406158e+02 -1.079677e+02
      vertex   5.000000e-01 1.406158e+02 -1.079677e+02
    endloop
  endfacet
  facet normal 6.435560e-15 6.575239e-01 -7.534337e-01
    outer loop
      vertex   5.000000e-01 1.406158e+02 -1.079677e+02
      vertex   -5.000000e-01 1.406158e+02 -1.079677e+02
      vertex   -5.000000e-01 1.408877e+02 -1.077305e+02
    endloop
  endfacet
  facet normal -1.476704e-14 6.575239e-01 -7.534337e-01
    outer loop
      vertex   5.000000e-01 1.406158e+02 -1.079677e+02
      vertex   -5.000000e-01 1.408877e+02 -1.077305e+02
      vertex   5.000000e-01 1.408877e+02 -1.077305e+02
    endloop
  endfacet
  facet normal -2.803214e-14 6.677779e-01 -7.443606e-01
    outer loop
      vertex   5.000000e-01 1.408877e+02 -1.077305e+02
      vertex   -5.000000e-01 1.408877e+02 -1.077305e+02
      vertex   -5.000000e-01 1.412173e+02 -1.074347e+02
    endloop
  endfacet
  facet normal -2.585184e-14 6.677779e-01 -7.443606e-01
    outer loop
      vertex   5.000000e-01 1.408877e+02 -1.077305e+02
      vertex   -5.000000e-01 1.412173e+02 -1.074347e+02
      vertex   5.000000e-01 1.412173e+02 -1.074347e+02
    endloop
  endfacet
  facet normal -4.139072e-14 6.791758e-01 -7.339756e-01
    outer loop
      vertex   5.000000e-01 1.412173e+02 -1.074347e+02
      vertex   -5.000000e-01 1.412173e+02 -1.074347e+02
      vertex   -5.000000e-01 1.415924e+02 -1.070877e+02
    endloop
  endfacet
  facet normal 3.894753e-14 6.791758e-01 -7.339756e-01
    outer loop
      vertex   5.000000e-01 1.412173e+02 -1.074347e+02
      vertex   -5.000000e-01 1.415924e+02 -1.070877e+02
      vertex   5.000000e-01 1.415924e+02 -1.070877e+02
    endloop
  endfacet
  facet normal 2.119911e-14 6.920319e-01 -7.218670e-01
    outer loop
      vertex   5.000000e-01 1.415924e+02 -1.070877e+02
      vertex   -5.000000e-01 1.415924e+02 -1.070877e+02
      vertex   -5.000000e-01 1.420004e+02 -1.066965e+02
    endloop
  endfacet
  facet normal -3.005230e-14 6.920319e-01 -7.218670e-01
    outer loop
      vertex   5.000000e-01 1.415924e+02 -1.070877e+02
      vertex   -5.000000e-01 1.420004e+02 -1.066965e+02
      vertex   5.000000e-01 1.420004e+02 -1.066965e+02
    endloop
  endfacet
  facet normal -4.967970e-14 7.066894e-01 -7.075239e-01
    outer loop
      vertex   5.000000e-01 1.420004e+02 -1.066965e+02
      vertex   -5.000000e-01 1.420004e+02 -1.066965e+02
      vertex   -5.000000e-01 1.424290e+02 -1.062684e+02
    endloop
  endfacet
  facet normal 1.053783e-14 7.066894e-01 -7.075239e-01
    outer loop
      vertex   5.000000e-01 1.420004e+02 -1.066965e+02
      vertex   -5.000000e-01 1.424290e+02 -1.062684e+02
      vertex   5.000000e-01 1.424290e+02 -1.062684e+02
    endloop
  endfacet
  facet normal -2.250946e-14 7.335408e-01 -6.796454e-01
    outer loop
      vertex   5.000000e-01 1.424290e+02 -1.062684e+02
      vertex   -5.000000e-01 1.424290e+02 -1.062684e+02
      vertex   -5.000000e-01 1.432985e+02 -1.053300e+02
    endloop
  endfacet
  facet normal 2.681637e-14 7.335408e-01 -6.796454e-01
    outer loop
      vertex   5.000000e-01 1.424290e+02 -1.062684e+02
      vertex   -5.000000e-01 1.432985e+02 -1.053300e+02
      vertex   5.000000e-01 1.432985e+02 -1.053300e+02
    endloop
  endfacet
  facet normal -3.521991e-15 7.662016e-01 -6.426002e-01
    outer loop
      vertex   5.000000e-01 1.432985e+02 -1.053300e+02
      vertex   -5.000000e-01 1.432985e+02 -1.053300e+02
      vertex   -5.000000e-01 1.437283e+02 -1.048175e+02
    endloop
  endfacet
  facet normal 5.618578e-14 7.662016e-01 -6.426002e-01
    outer loop
      vertex   5.000000e-01 1.432985e+02 -1.053300e+02
      vertex   -5.000000e-01 1.437283e+02 -1.048175e+02
      vertex   5.000000e-01 1.437283e+02 -1.048175e+02
    endloop
  endfacet
  facet normal 4.572369e-14 7.792304e-01 -6.267376e-01
    outer loop
      vertex   5.000000e-01 1.437283e+02 -1.048175e+02
      vertex   -5.000000e-01 1.437283e+02 -1.048175e+02
      vertex   -5.000000e-01 1.438753e+02 -1.046347e+02
    endloop
  endfacet
  facet normal -2.913488e-15 7.792304e-01 -6.267376e-01
    outer loop
      vertex   5.000000e-01 1.437283e+02 -1.048175e+02
      vertex   -5.000000e-01 1.438753e+02 -1.046347e+02
      vertex   5.000000e-01 1.438753e+02 -1.046347e+02
    endloop
  endfacet
  facet normal -7.482294e-15 7.841034e-01 -6.206302e-01
    outer loop
      vertex   5.000000e-01 1.438753e+02 -1.046347e+02
      vertex   -5.000000e-01 1.438753e+02 -1.046347e+02
      vertex   -5.000000e-01 1.440499e+02 -1.044141e+02
    endloop
  endfacet
  facet normal 1.899153e-14 7.841034e-01 -6.206302e-01
    outer loop
      vertex   5.000000e-01 1.438753e+02 -1.046347e+02
      vertex   -5.000000e-01 1.440499e+02 -1.044141e+02
      vertex   5.000000e-01 1.440499e+02 -1.044141e+02
    endloop
  endfacet
  facet normal 1.362673e-14 7.894349e-01 -6.138343e-01
    outer loop
      vertex   5.000000e-01 1.440499e+02 -1.044141e+02
      vertex   -5.000000e-01 1.440499e+02 -1.044141e+02
      vertex   -5.000000e-01 1.442479e+02 -1.041595e+02
    endloop
  endfacet
  facet normal 4.905420e-15 7.894349e-01 -6.138343e-01
    outer loop
      vertex   5.000000e-01 1.440499e+02 -1.044141e+02
      vertex   -5.000000e-01 1.442479e+02 -1.041595e+02
      vertex   5.000000e-01 1.442479e+02 -1.041595e+02
    endloop
  endfacet
  facet normal -9.234059e-16 7.952791e-01 -6.062435e-01
    outer loop
      vertex   5.000000e-01 1.442479e+02 -1.041595e+02
      vertex   -5.000000e-01 1.442479e+02 -1.041595e+02
      vertex   -5.000000e-01 1.444650e+02 -1.038747e+02
    endloop
  endfacet
  facet normal 1.307759e-14 7.952791e-01 -6.062435e-01
    outer loop
      vertex   5.000000e-01 1.442479e+02 -1.041595e+02
      vertex   -5.000000e-01 1.444650e+02 -1.038747e+02
      vertex   5.000000e-01 1.444650e+02 -1.038747e+02
    endloop
  endfacet
  facet normal 3.303610e-15 8.053720e-01 -5.927697e-01
    outer loop
      vertex   5.000000e-01 1.444650e+02 -1.038747e+02
      vertex   -5.000000e-01 1.444650e+02 -1.038747e+02
      vertex   -5.000000e-01 1.449399e+02 -1.032295e+02
    endloop
  endfacet
  facet normal 1.302677e-14 8.053720e-01 -5.927697e-01
    outer loop
      vertex   5.000000e-01 1.444650e+02 -1.038747e+02
      vertex   -5.000000e-01 1.449399e+02 -1.032295e+02
      vertex   5.000000e-01 1.449399e+02 -1.032295e+02
    endloop
  endfacet
  facet normal 8.583801e-16 8.211034e-01 -5.707794e-01
    outer loop
      vertex   5.000000e-01 1.449399e+02 -1.032295e+02
      vertex   -5.000000e-01 1.449399e+02 -1.032295e+02
      vertex   -5.000000e-01 1.454409e+02 -1.025088e+02
    endloop
  endfacet
  facet normal 4.996266e-15 8.211034e-01 -5.707794e-01
    outer loop
      vertex   5.000000e-01 1.449399e+02 -1.032295e+02
      vertex   -5.000000e-01 1.454409e+02 -1.025088e+02
      vertex   5.000000e-01 1.454409e+02 -1.025088e+02
    endloop
  endfacet
  facet normal -4.026388e-15 8.406654e-01 -5.415548e-01
    outer loop
      vertex   5.000000e-01 1.454409e+02 -1.025088e+02
      vertex   -5.000000e-01 1.454409e+02 -1.025088e+02
      vertex   -5.000000e-01 1.459343e+02 -1.017428e+02
    endloop
  endfacet
  facet normal 1.541441e-14 8.406654e-01 -5.415548e-01
    outer loop
      vertex   5.000000e-01 1.454409e+02 -1.025088e+02
      vertex   -5.000000e-01 1.459343e+02 -1.017428e+02
      vertex   5.000000e-01 1.459343e+02 -1.017428e+02
    endloop
  endfacet
  facet normal 1.458473e-14 8.582962e-01 -5.131546e-01
    outer loop
      vertex   5.000000e-01 1.459343e+02 -1.017428e+02
      vertex   -5.000000e-01 1.459343e+02 -1.017428e+02
      vertex   -5.000000e-01 1.461733e+02 -1.013430e+02
    endloop
  endfacet
  facet normal -1.206539e-14 8.582962e-01 -5.131546e-01
    outer loop
      vertex   5.000000e-01 1.459343e+02 -1.017428e+02
      vertex   -5.000000e-01 1.461733e+02 -1.013430e+02
      vertex   5.000000e-01 1.461733e+02 -1.013430e+02
    endloop
  endfacet
  facet normal -1.138411e-14 8.628988e-01 -5.053767e-01
    outer loop
      vertex   5.000000e-01 1.461733e+02 -1.013430e+02
      vertex   -5.000000e-01 1.461733e+02 -1.013430e+02
      vertex   -5.000000e-01 1.462575e+02 -1.011992e+02
    endloop
  endfacet
  facet normal 1.759762e-15 8.628988e-01 -5.053767e-01
    outer loop
      vertex   5.000000e-01 1.461733e+02 -1.013430e+02
      vertex   -5.000000e-01 1.462575e+02 -1.011992e+02
      vertex   5.000000e-01 1.462575e+02 -1.011992e+02
    endloop
  endfacet
  facet normal 1.998639e-15 8.636353e-01 -5.041170e-01
    outer loop
      vertex   5.000000e-01 1.462575e+02 -1.011992e+02
      vertex   -5.000000e-01 1.462575e+02 -1.011992e+02
      vertex   -5.000000e-01 1.463619e+02 -1.010205e+02
    endloop
  endfacet
  facet normal 9.385583e-16 8.636353e-01 -5.041170e-01
    outer loop
      vertex   5.000000e-01 1.462575e+02 -1.011992e+02
      vertex   -5.000000e-01 1.463619e+02 -1.010205e+02
      vertex   5.000000e-01 1.463619e+02 -1.010205e+02
    endloop
  endfacet
  facet normal 5.134119e-15 8.710770e-01 -4.911464e-01
    outer loop
      vertex   5.000000e-01 1.463619e+02 -1.010205e+02
      vertex   -5.000000e-01 1.463619e+02 -1.010205e+02
      vertex   -5.000000e-01 1.466160e+02 -1.005699e+02
    endloop
  endfacet
  facet normal 1.341442e-14 8.710770e-01 -4.911464e-01
    outer loop
      vertex   5.000000e-01 1.463619e+02 -1.010205e+02
      vertex   -5.000000e-01 1.466160e+02 -1.005699e+02
      vertex   5.000000e-01 1.466160e+02 -1.005699e+02
    endloop
  endfacet
  facet normal -6.465190e-16 -1.658419e-01 9.861523e-01
    outer loop
      vertex   5.000000e-01 7.908365e+01 -1.484918e-01
      vertex   5.000000e-01 8.020264e+01 3.968881e-02
      vertex   -5.000000e-01 7.908365e+01 -1.484918e-01
    endloop
  endfacet
  facet normal 5.772736e-15 -1.658419e-01 9.861523e-01
    outer loop
      vertex   -5.000000e-01 7.908365e+01 -1.484918e-01
      vertex   5.000000e-01 8.020264e+01 3.968881e-02
      vertex   -5.000000e-01 8.020264e+01 3.968881e-02
    endloop
  endfacet
  facet normal -1.092051e-14 -7.693883e-02 9.970358e-01
    outer loop
      vertex   -5.000000e-01 8.020264e+01 3.968881e-02
      vertex   5.000000e-01 8.020264e+01 3.968881e-02
      vertex   5.000000e-01 8.135300e+01 1.284592e-01
    endloop
  endfacet
  facet normal 2.163858e-14 -7.693883e-02 9.970358e-01
    outer loop
      vertex   -5.000000e-01 8.020264e+01 3.968881e-02
      vertex   5.000000e-01 8.135300e+01 1.284592e-01
      vertex   -5.000000e-01 8.135300e+01 1.284592e-01
    endloop
  endfacet
  facet normal -1.602286e-14 -1.323396e-03 9.999991e-01
    outer loop
      vertex   -5.000000e-01 8.135300e+01 1.284592e-01
      vertex   5.000000e-01 8.135300e+01 1.284592e-01
      vertex   5.000000e-01 8.254302e+01 1.300341e-01
    endloop
  endfacet
  facet normal 2.216619e-14 -1.323396e-03 9.999991e-01
    outer loop
      vertex   -5.000000e-01 8.135300e+01 1.284592e-01
      vertex   5.000000e-01 8.254302e+01 1.300341e-01
      vertex   -5.000000e-01 8.254302e+01 1.300341e-01
    endloop
  endfacet
  facet normal -1.782284e-14 4.801462e-02 9.988466e-01
    outer loop
      vertex   -5.000000e-01 8.254302e+01 1.300341e-01
      vertex   5.000000e-01 8.254302e+01 1.300341e-01
      vertex   5.000000e-01 8.367626e+01 7.555899e-02
    endloop
  endfacet
  facet normal 1.943046e-14 4.801462e-02 9.988466e-01
    outer loop
      vertex   -5.000000e-01 8.254302e+01 1.300341e-01
      vertex   5.000000e-01 8.367626e+01 7.555899e-02
      vertex   -5.000000e-01 8.367626e+01 7.555899e-02
    endloop
  endfacet
  facet normal -7.660745e-15 7.552524e-02 9.971439e-01
    outer loop
      vertex   -5.000000e-01 8.367626e+01 7.555899e-02
      vertex   5.000000e-01 8.367626e+01 7.555899e-02
      vertex   5.000000e-01 8.418844e+01 3.676549e-02
    endloop
  endfacet
  facet normal 8.537690e-15 7.552524e-02 9.971439e-01
    outer loop
      vertex   -5.000000e-01 8.367626e+01 7.555899e-02
      vertex   5.000000e-01 8.418844e+01 3.676549e-02
      vertex   -5.000000e-01 8.418844e+01 3.676549e-02
    endloop
  endfacet
  facet normal -6.260431e-15 9.009417e-02 9.959333e-01
    outer loop
      vertex   -5.000000e-01 8.418844e+01 3.676549e-02
      vertex   5.000000e-01 8.418844e+01 3.676549e-02
      vertex   5.000000e-01 8.464665e+01 -4.685192e-03
    endloop
  endfacet
  facet normal 7.043235e-15 9.009417e-02 9.959333e-01
    outer loop
      vertex   -5.000000e-01 8.418844e+01 3.676549e-02
      vertex   5.000000e-01 8.464665e+01 -4.685192e-03
      vertex   -5.000000e-01 8.464665e+01 -4.685192e-03
    endloop
  endfacet
  facet normal -5.500941e-15 1.025885e-01 9.947239e-01
    outer loop
      vertex   -5.000000e-01 8.464665e+01 -4.685192e-03
      vertex   5.000000e-01 8.464665e+01 -4.685192e-03
      vertex   5.000000e-01 8.503763e+01 -4.500793e-02
    endloop
  endfacet
  facet normal 5.887553e-15 1.025885e-01 9.947239e-01
    outer loop
      vertex   -5.000000e-01 8.464665e+01 -4.685192e-03
      vertex   5.000000e-01 8.503763e+01 -4.500793e-02
      vertex   -5.000000e-01 8.503763e+01 -4.500793e-02
    endloop
  endfacet
  facet normal -3.985640e-15 1.133106e-01 9.935596e-01
    outer loop
      vertex   -5.000000e-01 8.503763e+01 -4.500793e-02
      vertex   5.000000e-01 8.503763e+01 -4.500793e-02
      vertex   5.000000e-01 8.534812e+01 -8.041763e-02
    endloop
  endfacet
  facet normal 2.331459e-15 1.133106e-01 9.935596e-01
    outer loop
      vertex   -5.000000e-01 8.503763e+01 -4.500793e-02
      vertex   5.000000e-01 8.534812e+01 -8.041763e-02
      vertex   -5.000000e-01 8.534812e+01 -8.041763e-02
    endloop
  endfacet
  facet normal -4.681000e-15 1.223177e-01 9.924910e-01
    outer loop
      vertex   -5.000000e-01 8.534812e+01 -8.041763e-02
      vertex   5.000000e-01 8.534812e+01 -8.041763e-02
      vertex   5.000000e-01 8.556486e+01 -1.071292e-01
    endloop
  endfacet
  facet normal 2.005774e-15 1.223177e-01 9.924910e-01
    outer loop
      vertex   -5.000000e-01 8.534812e+01 -8.041763e-02
      vertex   5.000000e-01 8.556486e+01 -1.071292e-01
      vertex   -5.000000e-01 8.556486e+01 -1.071292e-01
    endloop
  endfacet
  facet normal -1.466838e-15 1.290017e-01 9.916444e-01
    outer loop
      vertex   -5.000000e-01 8.556486e+01 -1.071292e-01
      vertex   5.000000e-01 8.556486e+01 -1.071292e-01
      vertex   5.000000e-01 8.568613e+01 -1.229053e-01
    endloop
  endfacet
  facet normal -3.758979e-16 1.290017e-01 9.916444e-01
    outer loop
      vertex   -5.000000e-01 8.556486e+01 -1.071292e-01
      vertex   5.000000e-01 8.568613e+01 -1.229053e-01
      vertex   -5.000000e-01 8.568613e+01 -1.229053e-01
    endloop
  endfacet
  facet normal -2.860280e-15 1.358778e-01 9.907256e-01
    outer loop
      vertex   -5.000000e-01 8.568613e+01 -1.229053e-01
      vertex   5.000000e-01 8.568613e+01 -1.229053e-01
      vertex   5.000000e-01 8.589205e+01 -1.511471e-01
    endloop
  endfacet
  facet normal -3.000443e-15 1.358778e-01 9.907256e-01
    outer loop
      vertex   -5.000000e-01 8.568613e+01 -1.229053e-01
      vertex   5.000000e-01 8.589205e+01 -1.511471e-01
      vertex   -5.000000e-01 8.589205e+01 -1.511471e-01
    endloop
  endfacet
  facet normal 1.190012e-14 9.467320e-01 -3.220224e-01
    outer loop
      vertex   -5.000000e-01 1.501966e+02 -9.276597e+01
      vertex   -5.000000e-01 1.506650e+02 -9.138896e+01
      vertex   5.000000e-01 1.501966e+02 -9.276597e+01
    endloop
  endfacet
  facet normal 1.183134e-14 9.467320e-01 -3.220224e-01
    outer loop
      vertex   5.000000e-01 1.501966e+02 -9.276597e+01
      vertex   -5.000000e-01 1.506650e+02 -9.138896e+01
      vertex   5.000000e-01 1.506650e+02 -9.138896e+01
    endloop
  endfacet
  facet normal -1.633742e-14 9.641468e-01 -2.653695e-01
    outer loop
      vertex   5.000000e-01 1.506650e+02 -9.138896e+01
      vertex   -5.000000e-01 1.506650e+02 -9.138896e+01
      vertex   -5.000000e-01 1.508672e+02 -9.065444e+01
    endloop
  endfacet
  facet normal 1.482792e-14 9.641468e-01 -2.653695e-01
    outer loop
      vertex   5.000000e-01 1.506650e+02 -9.138896e+01
      vertex   -5.000000e-01 1.508672e+02 -9.065444e+01
      vertex   5.000000e-01 1.508672e+02 -9.065444e+01
    endloop
  endfacet
  facet normal -7.300563e-15 9.753034e-01 -2.208696e-01
    outer loop
      vertex   5.000000e-01 1.508672e+02 -9.065444e+01
      vertex   -5.000000e-01 1.508672e+02 -9.065444e+01
      vertex   -5.000000e-01 1.510481e+02 -8.985547e+01
    endloop
  endfacet
  facet normal 3.611760e-14 9.753034e-01 -2.208696e-01
    outer loop
      vertex   5.000000e-01 1.508672e+02 -9.065444e+01
      vertex   -5.000000e-01 1.510481e+02 -8.985547e+01
      vertex   5.000000e-01 1.510481e+02 -8.985547e+01
    endloop
  endfacet
  facet normal 1.155840e-14 9.842448e-01 -1.768110e-01
    outer loop
      vertex   5.000000e-01 1.510481e+02 -8.985547e+01
      vertex   -5.000000e-01 1.510481e+02 -8.985547e+01
      vertex   -5.000000e-01 1.512078e+02 -8.896670e+01
    endloop
  endfacet
  facet normal -1.137277e-14 9.842448e-01 -1.768110e-01
    outer loop
      vertex   5.000000e-01 1.510481e+02 -8.985547e+01
      vertex   -5.000000e-01 1.512078e+02 -8.896670e+01
      vertex   5.000000e-01 1.512078e+02 -8.896670e+01
    endloop
  endfacet
  facet normal -2.934273e-14 9.892506e-01 -1.462299e-01
    outer loop
      vertex   5.000000e-01 1.512078e+02 -8.896670e+01
      vertex   -5.000000e-01 1.512078e+02 -8.896670e+01
      vertex   -5.000000e-01 1.512796e+02 -8.848072e+01
    endloop
  endfacet
  facet normal 3.104559e-14 9.892506e-01 -1.462299e-01
    outer loop
      vertex   5.000000e-01 1.512078e+02 -8.896670e+01
      vertex   -5.000000e-01 1.512796e+02 -8.848072e+01
      vertex   5.000000e-01 1.512796e+02 -8.848072e+01
    endloop
  endfacet
  facet normal 1.962987e-14 9.918577e-01 -1.273514e-01
    outer loop
      vertex   5.000000e-01 1.512796e+02 -8.848072e+01
      vertex   -5.000000e-01 1.512796e+02 -8.848072e+01
      vertex   -5.000000e-01 1.513461e+02 -8.796277e+01
    endloop
  endfacet
  facet normal -4.943057e-15 9.918577e-01 -1.273514e-01
    outer loop
      vertex   5.000000e-01 1.512796e+02 -8.848072e+01
      vertex   -5.000000e-01 1.513461e+02 -8.796277e+01
      vertex   5.000000e-01 1.513461e+02 -8.796277e+01
    endloop
  endfacet
  facet normal -1.196209e-14 9.932133e-01 -1.163073e-01
    outer loop
      vertex   5.000000e-01 1.513461e+02 -8.796277e+01
      vertex   -5.000000e-01 1.513461e+02 -8.796277e+01
      vertex   -5.000000e-01 1.513619e+02 -8.782791e+01
    endloop
  endfacet
  facet normal 1.296178e-14 9.932133e-01 -1.163073e-01
    outer loop
      vertex   5.000000e-01 1.513461e+02 -8.796277e+01
      vertex   -5.000000e-01 1.513619e+02 -8.782791e+01
      vertex   5.000000e-01 1.513619e+02 -8.782791e+01
    endloop
  endfacet
  facet normal 1.140015e-14 9.935128e-01 -1.137206e-01
    outer loop
      vertex   5.000000e-01 1.513619e+02 -8.782791e+01
      vertex   -5.000000e-01 1.513619e+02 -8.782791e+01
      vertex   -5.000000e-01 1.513710e+02 -8.774879e+01
    endloop
  endfacet
  facet normal -4.672218e-15 9.935128e-01 -1.137206e-01
    outer loop
      vertex   5.000000e-01 1.513619e+02 -8.782791e+01
      vertex   -5.000000e-01 1.513710e+02 -8.774879e+01
      vertex   5.000000e-01 1.513710e+02 -8.774879e+01
    endloop
  endfacet
  facet normal -4.865951e-15 9.935357e-01 -1.135205e-01
    outer loop
      vertex   5.000000e-01 1.513710e+02 -8.774879e+01
      vertex   -5.000000e-01 1.513710e+02 -8.774879e+01
      vertex   -5.000000e-01 1.513859e+02 -8.761813e+01
    endloop
  endfacet
  facet normal -3.957255e-17 9.935357e-01 -1.135205e-01
    outer loop
      vertex   5.000000e-01 1.513710e+02 -8.774879e+01
      vertex   -5.000000e-01 1.513859e+02 -8.761813e+01
      vertex   5.000000e-01 1.513859e+02 -8.761813e+01
    endloop
  endfacet
  facet normal -1.760958e-15 9.936651e-01 -1.123816e-01
    outer loop
      vertex   5.000000e-01 1.513859e+02 -8.761813e+01
      vertex   -5.000000e-01 1.513859e+02 -8.761813e+01
      vertex   -5.000000e-01 1.514063e+02 -8.743802e+01
    endloop
  endfacet
  facet normal -4.017004e-14 9.936651e-01 -1.123816e-01
    outer loop
      vertex   5.000000e-01 1.513859e+02 -8.761813e+01
      vertex   -5.000000e-01 1.514063e+02 -8.743802e+01
      vertex   5.000000e-01 1.514063e+02 -8.743802e+01
    endloop
  endfacet
  facet normal -4.337583e-14 9.938512e-01 -1.107240e-01
    outer loop
      vertex   5.000000e-01 1.514063e+02 -8.743802e+01
      vertex   -5.000000e-01 1.514063e+02 -8.743802e+01
      vertex   -5.000000e-01 1.514311e+02 -8.721514e+01
    endloop
  endfacet
  facet normal 5.717639e-14 9.938512e-01 -1.107240e-01
    outer loop
      vertex   5.000000e-01 1.514063e+02 -8.743802e+01
      vertex   -5.000000e-01 1.514311e+02 -8.721514e+01
      vertex   5.000000e-01 1.514311e+02 -8.721514e+01
    endloop
  endfacet
  facet normal 4.943284e-14 9.942167e-01 -1.073924e-01
    outer loop
      vertex   5.000000e-01 1.514311e+02 -8.721514e+01
      vertex   -5.000000e-01 1.514311e+02 -8.721514e+01
      vertex   -5.000000e-01 1.514902e+02 -8.666779e+01
    endloop
  endfacet
  facet normal -1.018391e-14 9.942167e-01 -1.073924e-01
    outer loop
      vertex   5.000000e-01 1.514311e+02 -8.721514e+01
      vertex   -5.000000e-01 1.514902e+02 -8.666779e+01
      vertex   5.000000e-01 1.514902e+02 -8.666779e+01
    endloop
  endfacet
  facet normal -2.650832e-14 9.948225e-01 -1.016281e-01
    outer loop
      vertex   5.000000e-01 1.514902e+02 -8.666779e+01
      vertex   -5.000000e-01 1.514902e+02 -8.666779e+01
      vertex   -5.000000e-01 1.515554e+02 -8.602950e+01
    endloop
  endfacet
  facet normal 3.786224e-14 9.948225e-01 -1.016281e-01
    outer loop
      vertex   5.000000e-01 1.514902e+02 -8.666779e+01
      vertex   -5.000000e-01 1.515554e+02 -8.602950e+01
      vertex   5.000000e-01 1.515554e+02 -8.602950e+01
    endloop
  endfacet
  facet normal 1.192192e-14 9.956217e-01 -9.347461e-02
    outer loop
      vertex   5.000000e-01 1.515554e+02 -8.602950e+01
      vertex   -5.000000e-01 1.515554e+02 -8.602950e+01
      vertex   -5.000000e-01 1.516189e+02 -8.535369e+01
    endloop
  endfacet
  facet normal 6.452477e-14 9.956217e-01 -9.347461e-02
    outer loop
      vertex   5.000000e-01 1.515554e+02 -8.602950e+01
      vertex   -5.000000e-01 1.516189e+02 -8.535369e+01
      vertex   5.000000e-01 1.516189e+02 -8.535369e+01
    endloop
  endfacet
  facet normal 2.650826e-14 9.966868e-01 -8.133490e-02
    outer loop
      vertex   5.000000e-01 1.516189e+02 -8.535369e+01
      vertex   -5.000000e-01 1.516189e+02 -8.535369e+01
      vertex   -5.000000e-01 1.516727e+02 -8.469378e+01
    endloop
  endfacet
  facet normal 3.980391e-14 9.966868e-01 -8.133490e-02
    outer loop
      vertex   5.000000e-01 1.516189e+02 -8.535369e+01
      vertex   -5.000000e-01 1.516727e+02 -8.469378e+01
      vertex   5.000000e-01 1.516727e+02 -8.469378e+01
    endloop
  endfacet
  facet normal -1.856780e-14 9.981077e-01 -6.148988e-02
    outer loop
      vertex   5.000000e-01 1.516727e+02 -8.469378e+01
      vertex   -5.000000e-01 1.516727e+02 -8.469378e+01
      vertex   -5.000000e-01 1.517094e+02 -8.409906e+01
    endloop
  endfacet
  facet normal 4.643574e-14 9.981077e-01 -6.148988e-02
    outer loop
      vertex   5.000000e-01 1.516727e+02 -8.469378e+01
      vertex   -5.000000e-01 1.517094e+02 -8.409906e+01
      vertex   5.000000e-01 1.517094e+02 -8.409906e+01
    endloop
  endfacet
  facet normal -3.373191e-14 9.995279e-01 -3.072432e-02
    outer loop
      vertex   5.000000e-01 1.517094e+02 -8.409906e+01
      vertex   -5.000000e-01 1.517094e+02 -8.409906e+01
      vertex   -5.000000e-01 1.517261e+02 -8.355625e+01
    endloop
  endfacet
  facet normal 7.466097e-14 9.995279e-01 -3.072432e-02
    outer loop
      vertex   5.000000e-01 1.517094e+02 -8.409906e+01
      vertex   -5.000000e-01 1.517261e+02 -8.355625e+01
      vertex   5.000000e-01 1.517261e+02 -8.355625e+01
    endloop
  endfacet
  facet normal -1.209708e-14 9.999876e-01 4.978106e-03
    outer loop
      vertex   5.000000e-01 1.517261e+02 -8.355625e+01
      vertex   -5.000000e-01 1.517261e+02 -8.355625e+01
      vertex   -5.000000e-01 1.517235e+02 -8.304334e+01
    endloop
  endfacet
  facet normal 1.022250e-13 9.999876e-01 4.978106e-03
    outer loop
      vertex   5.000000e-01 1.517261e+02 -8.355625e+01
      vertex   -5.000000e-01 1.517235e+02 -8.304334e+01
      vertex   5.000000e-01 1.517235e+02 -8.304334e+01
    endloop
  endfacet
  facet normal -2.651443e-14 9.981494e-01 6.080854e-02
    outer loop
      vertex   5.000000e-01 1.517235e+02 -8.304334e+01
      vertex   -5.000000e-01 1.517235e+02 -8.304334e+01
      vertex   -5.000000e-01 1.516631e+02 -8.205144e+01
    endloop
  endfacet
  facet normal 3.022789e-14 9.981494e-01 6.080854e-02
    outer loop
      vertex   5.000000e-01 1.517235e+02 -8.304334e+01
      vertex   -5.000000e-01 1.516631e+02 -8.205144e+01
      vertex   5.000000e-01 1.516631e+02 -8.205144e+01
    endloop
  endfacet
  facet normal -1.168900e-13 9.922479e-01 1.242740e-01
    outer loop
      vertex   5.000000e-01 1.516631e+02 -8.205144e+01
      vertex   -5.000000e-01 1.516631e+02 -8.205144e+01
      vertex   -5.000000e-01 1.515329e+02 -8.101191e+01
    endloop
  endfacet
  facet normal 8.223435e-14 9.922479e-01 1.242740e-01
    outer loop
      vertex   5.000000e-01 1.516631e+02 -8.205144e+01
      vertex   -5.000000e-01 1.515329e+02 -8.101191e+01
      vertex   5.000000e-01 1.515329e+02 -8.101191e+01
    endloop
  endfacet
  facet normal 1.300369e-14 9.885027e-01 1.512035e-01
    outer loop
      vertex   5.000000e-01 1.515329e+02 -8.101191e+01
      vertex   -5.000000e-01 1.515329e+02 -8.101191e+01
      vertex   -5.000000e-01 1.514900e+02 -8.073152e+01
    endloop
  endfacet
  facet normal -2.036524e-15 9.885027e-01 1.512035e-01
    outer loop
      vertex   5.000000e-01 1.515329e+02 -8.101191e+01
      vertex   -5.000000e-01 1.514900e+02 -8.073152e+01
      vertex   5.000000e-01 1.514900e+02 -8.073152e+01
    endloop
  endfacet
  facet normal -2.200838e-14 9.873328e-01 1.586632e-01
    outer loop
      vertex   5.000000e-01 1.514900e+02 -8.073152e+01
      vertex   -5.000000e-01 1.514900e+02 -8.073152e+01
      vertex   -5.000000e-01 1.514381e+02 -8.040879e+01
    endloop
  endfacet
  facet normal 2.009291e-14 9.873328e-01 1.586632e-01
    outer loop
      vertex   5.000000e-01 1.514900e+02 -8.073152e+01
      vertex   -5.000000e-01 1.514381e+02 -8.040879e+01
      vertex   5.000000e-01 1.514381e+02 -8.040879e+01
    endloop
  endfacet
  facet normal 5.100566e-15 9.866354e-01 1.629437e-01
    outer loop
      vertex   5.000000e-01 1.514381e+02 -8.040879e+01
      vertex   -5.000000e-01 1.514381e+02 -8.040879e+01
      vertex   -5.000000e-01 1.513701e+02 -7.999714e+01
    endloop
  endfacet
  facet normal -1.728779e-14 9.866354e-01 1.629437e-01
    outer loop
      vertex   5.000000e-01 1.514381e+02 -8.040879e+01
      vertex   -5.000000e-01 1.513701e+02 -7.999714e+01
      vertex   5.000000e-01 1.513701e+02 -7.999714e+01
    endloop
  endfacet
  facet normal -2.637028e-14 9.862735e-01 1.651197e-01
    outer loop
      vertex   5.000000e-01 1.513701e+02 -7.999714e+01
      vertex   -5.000000e-01 1.513701e+02 -7.999714e+01
      vertex   -5.000000e-01 1.512931e+02 -7.953666e+01
    endloop
  endfacet
  facet normal -1.723982e-14 9.862735e-01 1.651197e-01
    outer loop
      vertex   5.000000e-01 1.513701e+02 -7.999714e+01
      vertex   -5.000000e-01 1.512931e+02 -7.953666e+01
      vertex   5.000000e-01 1.512931e+02 -7.953666e+01
    endloop
  endfacet
  facet normal -2.315180e-14 9.860510e-01 1.664435e-01
    outer loop
      vertex   5.000000e-01 1.512931e+02 -7.953666e+01
      vertex   -5.000000e-01 1.512931e+02 -7.953666e+01
      vertex   -5.000000e-01 1.512143e+02 -7.907035e+01
    endloop
  endfacet
  facet normal 3.324880e-14 9.860510e-01 1.664435e-01
    outer loop
      vertex   5.000000e-01 1.512931e+02 -7.953666e+01
      vertex   -5.000000e-01 1.512143e+02 -7.907035e+01
      vertex   5.000000e-01 1.512143e+02 -7.907035e+01
    endloop
  endfacet
  facet normal 2.935966e-14 9.858977e-01 1.673492e-01
    outer loop
      vertex   5.000000e-01 1.512143e+02 -7.907035e+01
      vertex   -5.000000e-01 1.512143e+02 -7.907035e+01
      vertex   -5.000000e-01 1.511415e+02 -7.864121e+01
    endloop
  endfacet
  facet normal -1.799798e-14 9.858977e-01 1.673492e-01
    outer loop
      vertex   5.000000e-01 1.512143e+02 -7.907035e+01
      vertex   -5.000000e-01 1.511415e+02 -7.864121e+01
      vertex   5.000000e-01 1.511415e+02 -7.864121e+01
    endloop
  endfacet
  facet normal -2.056484e-14 9.857804e-01 1.680388e-01
    outer loop
      vertex   5.000000e-01 1.511415e+02 -7.864121e+01
      vertex   -5.000000e-01 1.511415e+02 -7.864121e+01
      vertex   -5.000000e-01 1.510820e+02 -7.829226e+01
    endloop
  endfacet
  facet normal -5.429749e-15 9.857804e-01 1.680388e-01
    outer loop
      vertex   5.000000e-01 1.511415e+02 -7.864121e+01
      vertex   -5.000000e-01 1.510820e+02 -7.829226e+01
      vertex   5.000000e-01 1.510820e+02 -7.829226e+01
    endloop
  endfacet
  facet normal -6.780632e-15 9.856976e-01 1.685235e-01
    outer loop
      vertex   5.000000e-01 1.510820e+02 -7.829226e+01
      vertex   -5.000000e-01 1.510820e+02 -7.829226e+01
      vertex   -5.000000e-01 1.510596e+02 -7.816129e+01
    endloop
  endfacet
  facet normal 9.758942e-15 9.856976e-01 1.685235e-01
    outer loop
      vertex   5.000000e-01 1.510820e+02 -7.829226e+01
      vertex   -5.000000e-01 1.510596e+02 -7.816129e+01
      vertex   5.000000e-01 1.510596e+02 -7.816129e+01
    endloop
  endfacet
  facet normal 8.968720e-15 9.856353e-01 1.688878e-01
    outer loop
      vertex   5.000000e-01 1.510596e+02 -7.816129e+01
      vertex   -5.000000e-01 1.510596e+02 -7.816129e+01
      vertex   -5.000000e-01 1.510434e+02 -7.806648e+01
    endloop
  endfacet
  facet normal -1.109624e-14 9.856353e-01 1.688878e-01
    outer loop
      vertex   5.000000e-01 1.510596e+02 -7.816129e+01
      vertex   -5.000000e-01 1.510434e+02 -7.806648e+01
      vertex   5.000000e-01 1.510434e+02 -7.806648e+01
    endloop
  endfacet
  facet normal -1.447471e-14 9.852281e-01 1.712471e-01
    outer loop
      vertex   5.000000e-01 1.510434e+02 -7.806648e+01
      vertex   -5.000000e-01 1.510434e+02 -7.806648e+01
      vertex   -5.000000e-01 1.509439e+02 -7.749408e+01
    endloop
  endfacet
  facet normal -1.814206e-14 9.852281e-01 1.712471e-01
    outer loop
      vertex   5.000000e-01 1.510434e+02 -7.806648e+01
      vertex   -5.000000e-01 1.509439e+02 -7.749408e+01
      vertex   5.000000e-01 1.509439e+02 -7.749408e+01
    endloop
  endfacet
  facet normal -2.564558e-14 9.841957e-01 1.770840e-01
    outer loop
      vertex   5.000000e-01 1.509439e+02 -7.749408e+01
      vertex   -5.000000e-01 1.509439e+02 -7.749408e+01
      vertex   -5.000000e-01 1.508481e+02 -7.696173e+01
    endloop
  endfacet
  facet normal -1.305937e-14 9.841957e-01 1.770840e-01
    outer loop
      vertex   5.000000e-01 1.509439e+02 -7.749408e+01
      vertex   -5.000000e-01 1.508481e+02 -7.696173e+01
      vertex   5.000000e-01 1.508481e+02 -7.696173e+01
    endloop
  endfacet
  facet normal -2.332147e-14 9.826407e-01 1.855189e-01
    outer loop
      vertex   5.000000e-01 1.508481e+02 -7.696173e+01
      vertex   -5.000000e-01 1.508481e+02 -7.696173e+01
      vertex   -5.000000e-01 1.507540e+02 -7.646312e+01
    endloop
  endfacet
  facet normal 1.515161e-14 9.826407e-01 1.855189e-01
    outer loop
      vertex   5.000000e-01 1.508481e+02 -7.696173e+01
      vertex   -5.000000e-01 1.507540e+02 -7.646312e+01
      vertex   5.000000e-01 1.507540e+02 -7.646312e+01
    endloop
  endfacet
  facet normal -5.939925e-15 9.790581e-01 2.035812e-01
    outer loop
      vertex   5.000000e-01 1.507540e+02 -7.646312e+01
      vertex   -5.000000e-01 1.507540e+02 -7.646312e+01
      vertex   -5.000000e-01 1.505624e+02 -7.554185e+01
    endloop
  endfacet
  facet normal 2.297796e-14 9.790581e-01 2.035812e-01
    outer loop
      vertex   5.000000e-01 1.507540e+02 -7.646312e+01
      vertex   -5.000000e-01 1.505624e+02 -7.554185e+01
      vertex   5.000000e-01 1.505624e+02 -7.554185e+01
    endloop
  endfacet
  facet normal -1.080975e-14 9.716706e-01 2.363391e-01
    outer loop
      vertex   5.000000e-01 1.505624e+02 -7.554185e+01
      vertex   -5.000000e-01 1.505624e+02 -7.554185e+01
      vertex   -5.000000e-01 1.503527e+02 -7.467981e+01
    endloop
  endfacet
  facet normal 3.360056e-14 9.716706e-01 2.363391e-01
    outer loop
      vertex   5.000000e-01 1.505624e+02 -7.554185e+01
      vertex   -5.000000e-01 1.503527e+02 -7.467981e+01
      vertex   5.000000e-01 1.503527e+02 -7.467981e+01
    endloop
  endfacet
  facet normal -4.368001e-15 9.613889e-01 2.751933e-01
    outer loop
      vertex   5.000000e-01 1.503527e+02 -7.467981e+01
      vertex   -5.000000e-01 1.503527e+02 -7.467981e+01
      vertex   -5.000000e-01 1.501085e+02 -7.382653e+01
    endloop
  endfacet
  facet normal -3.561867e-14 9.613889e-01 2.751933e-01
    outer loop
      vertex   5.000000e-01 1.503527e+02 -7.467981e+01
      vertex   -5.000000e-01 1.501085e+02 -7.382653e+01
      vertex   5.000000e-01 1.501085e+02 -7.382653e+01
    endloop
  endfacet
  facet normal -7.349007e-14 9.496478e-01 3.133195e-01
    outer loop
      vertex   5.000000e-01 1.501085e+02 -7.382653e+01
      vertex   -5.000000e-01 1.501085e+02 -7.382653e+01
      vertex   -5.000000e-01 1.498132e+02 -7.293152e+01
    endloop
  endfacet
  facet normal 3.003898e-15 9.496478e-01 3.133195e-01
    outer loop
      vertex   5.000000e-01 1.501085e+02 -7.382653e+01
      vertex   -5.000000e-01 1.498132e+02 -7.293152e+01
      vertex   5.000000e-01 1.498132e+02 -7.293152e+01
    endloop
  endfacet
  facet normal -2.265662e-14 9.411873e-01 3.378854e-01
    outer loop
      vertex   5.000000e-01 1.498132e+02 -7.293152e+01
      vertex   -5.000000e-01 1.498132e+02 -7.293152e+01
      vertex   -5.000000e-01 1.496413e+02 -7.245259e+01
    endloop
  endfacet
  facet normal -1.990914e-14 9.411873e-01 3.378854e-01
    outer loop
      vertex   5.000000e-01 1.498132e+02 -7.293152e+01
      vertex   -5.000000e-01 1.496413e+02 -7.245259e+01
      vertex   5.000000e-01 1.496413e+02 -7.245259e+01
    endloop
  endfacet
  facet normal -3.512359e-14 9.362648e-01 3.512952e-01
    outer loop
      vertex   5.000000e-01 1.496413e+02 -7.245259e+01
      vertex   -5.000000e-01 1.496413e+02 -7.245259e+01
      vertex   -5.000000e-01 1.494445e+02 -7.192826e+01
    endloop
  endfacet
  facet normal -1.020968e-14 9.362648e-01 3.512952e-01
    outer loop
      vertex   5.000000e-01 1.496413e+02 -7.245259e+01
      vertex   -5.000000e-01 1.494445e+02 -7.192826e+01
      vertex   5.000000e-01 1.494445e+02 -7.192826e+01
    endloop
  endfacet
  facet normal -2.452966e-14 9.321471e-01 3.620797e-01
    outer loop
      vertex   5.000000e-01 1.494445e+02 -7.192826e+01
      vertex   -5.000000e-01 1.494445e+02 -7.192826e+01
      vertex   -5.000000e-01 1.489830e+02 -7.074012e+01
    endloop
  endfacet
  facet normal 1.297810e-14 9.321471e-01 3.620797e-01
    outer loop
      vertex   5.000000e-01 1.494445e+02 -7.192826e+01
      vertex   -5.000000e-01 1.489830e+02 -7.074012e+01
      vertex   5.000000e-01 1.489830e+02 -7.074012e+01
    endloop
  endfacet
  facet normal 5.199385e-15 9.299536e-01 3.676770e-01
    outer loop
      vertex   5.000000e-01 1.489830e+02 -7.074012e+01
      vertex   -5.000000e-01 1.489830e+02 -7.074012e+01
      vertex   -5.000000e-01 1.487668e+02 -7.019332e+01
    endloop
  endfacet
  facet normal -6.160180e-15 9.299536e-01 3.676770e-01
    outer loop
      vertex   5.000000e-01 1.489830e+02 -7.074012e+01
      vertex   -5.000000e-01 1.487668e+02 -7.019332e+01
      vertex   5.000000e-01 1.487668e+02 -7.019332e+01
    endloop
  endfacet
  facet normal -8.332088e-15 9.292270e-01 3.695094e-01
    outer loop
      vertex   5.000000e-01 1.487668e+02 -7.019332e+01
      vertex   -5.000000e-01 1.487668e+02 -7.019332e+01
      vertex   -5.000000e-01 1.486733e+02 -6.995817e+01
    endloop
  endfacet
  facet normal 3.893668e-14 9.292270e-01 3.695094e-01
    outer loop
      vertex   5.000000e-01 1.487668e+02 -7.019332e+01
      vertex   -5.000000e-01 1.486733e+02 -6.995817e+01
      vertex   5.000000e-01 1.486733e+02 -6.995817e+01
    endloop
  endfacet
  facet normal 3.786599e-14 9.288259e-01 3.705165e-01
    outer loop
      vertex   5.000000e-01 1.486733e+02 -6.995817e+01
      vertex   -5.000000e-01 1.486733e+02 -6.995817e+01
      vertex   -5.000000e-01 1.485937e+02 -6.975859e+01
    endloop
  endfacet
  facet normal -4.553377e-15 9.288259e-01 3.705165e-01
    outer loop
      vertex   5.000000e-01 1.486733e+02 -6.995817e+01
      vertex   -5.000000e-01 1.485937e+02 -6.975859e+01
      vertex   5.000000e-01 1.485937e+02 -6.975859e+01
    endloop
  endfacet
  facet normal -5.321863e-15 9.284557e-01 3.714433e-01
    outer loop
      vertex   5.000000e-01 1.485937e+02 -6.975859e+01
      vertex   -5.000000e-01 1.485937e+02 -6.975859e+01
      vertex   -5.000000e-01 1.485311e+02 -6.960214e+01
    endloop
  endfacet
  facet normal -2.114501e-14 9.284557e-01 3.714433e-01
    outer loop
      vertex   5.000000e-01 1.485937e+02 -6.975859e+01
      vertex   -5.000000e-01 1.485311e+02 -6.960214e+01
      vertex   5.000000e-01 1.485311e+02 -6.960214e+01
    endloop
  endfacet
  facet normal -2.174542e-14 9.280758e-01 3.723913e-01
    outer loop
      vertex   5.000000e-01 1.485311e+02 -6.960214e+01
      vertex   -5.000000e-01 1.485311e+02 -6.960214e+01
      vertex   -5.000000e-01 1.484887e+02 -6.949636e+01
    endloop
  endfacet
  facet normal 1.017478e-14 9.280758e-01 3.723913e-01
    outer loop
      vertex   5.000000e-01 1.485311e+02 -6.960214e+01
      vertex   -5.000000e-01 1.484887e+02 -6.949636e+01
      vertex   5.000000e-01 1.484887e+02 -6.949636e+01
    endloop
  endfacet
  facet normal 9.358631e-15 9.272237e-01 3.745079e-01
    outer loop
      vertex   5.000000e-01 1.484887e+02 -6.949636e+01
      vertex   -5.000000e-01 1.484887e+02 -6.949636e+01
      vertex   -5.000000e-01 1.484307e+02 -6.935280e+01
    endloop
  endfacet
  facet normal -1.030790e-15 9.272237e-01 3.745079e-01
    outer loop
      vertex   5.000000e-01 1.484887e+02 -6.949636e+01
      vertex   -5.000000e-01 1.484307e+02 -6.935280e+01
      vertex   5.000000e-01 1.484307e+02 -6.935280e+01
    endloop
  endfacet
  facet normal -4.528234e-15 9.228812e-01 3.850848e-01
    outer loop
      vertex   5.000000e-01 1.484307e+02 -6.935280e+01
      vertex   -5.000000e-01 1.484307e+02 -6.935280e+01
      vertex   -5.000000e-01 1.482149e+02 -6.883568e+01
    endloop
  endfacet
  facet normal -1.436481e-14 9.228812e-01 3.850848e-01
    outer loop
      vertex   5.000000e-01 1.484307e+02 -6.935280e+01
      vertex   -5.000000e-01 1.482149e+02 -6.883568e+01
      vertex   5.000000e-01 1.482149e+02 -6.883568e+01
    endloop
  endfacet
  facet normal -2.738961e-14 9.020034e-01 4.317290e-01
    outer loop
      vertex   5.000000e-01 1.482149e+02 -6.883568e+01
      vertex   -5.000000e-01 1.482149e+02 -6.883568e+01
      vertex   -5.000000e-01 1.477921e+02 -6.795241e+01
    endloop
  endfacet
  facet normal -1.513576e-14 9.020034e-01 4.317290e-01
    outer loop
      vertex   5.000000e-01 1.482149e+02 -6.883568e+01
      vertex   -5.000000e-01 1.477921e+02 -6.795241e+01
      vertex   5.000000e-01 1.477921e+02 -6.795241e+01
    endloop
  endfacet
  facet normal 2.779491e-15 2.028302e-01 9.792139e-01
    outer loop
      vertex   5.000000e-01 8.676667e+01 -2.937772e-01
      vertex   5.000000e-01 8.766139e+01 -4.791049e-01
      vertex   -5.000000e-01 8.676667e+01 -2.937772e-01
    endloop
  endfacet
  facet normal -8.475136e-15 2.028302e-01 9.792139e-01
    outer loop
      vertex   -5.000000e-01 8.676667e+01 -2.937772e-01
      vertex   5.000000e-01 8.766139e+01 -4.791049e-01
      vertex   -5.000000e-01 8.766139e+01 -4.791049e-01
    endloop
  endfacet
  facet normal -5.364858e-15 2.532775e-01 9.673937e-01
    outer loop
      vertex   -5.000000e-01 8.766139e+01 -4.791049e-01
      vertex   5.000000e-01 8.766139e+01 -4.791049e-01
      vertex   5.000000e-01 8.848817e+01 -6.955667e-01
    endloop
  endfacet
  facet normal 9.742872e-16 2.532775e-01 9.673937e-01
    outer loop
      vertex   -5.000000e-01 8.766139e+01 -4.791049e-01
      vertex   5.000000e-01 8.848817e+01 -6.955667e-01
      vertex   -5.000000e-01 8.848817e+01 -6.955667e-01
    endloop
  endfacet
  facet normal 7.180172e-15 3.041078e-01 9.526376e-01
    outer loop
      vertex   -5.000000e-01 8.848817e+01 -6.955667e-01
      vertex   5.000000e-01 8.848817e+01 -6.955667e-01
      vertex   5.000000e-01 8.925691e+01 -9.409705e-01
    endloop
  endfacet
  facet normal 2.098100e-15 3.041078e-01 9.526376e-01
    outer loop
      vertex   -5.000000e-01 8.848817e+01 -6.955667e-01
      vertex   5.000000e-01 8.925691e+01 -9.409705e-01
      vertex   -5.000000e-01 8.925691e+01 -9.409705e-01
    endloop
  endfacet
  facet normal 1.024993e-14 3.617647e-01 9.322694e-01
    outer loop
      vertex   -5.000000e-01 8.925691e+01 -9.409705e-01
      vertex   5.000000e-01 8.925691e+01 -9.409705e-01
      vertex   5.000000e-01 8.997509e+01 -1.219658e+00
    endloop
  endfacet
  facet normal 5.260313e-15 3.617647e-01 9.322694e-01
    outer loop
      vertex   -5.000000e-01 8.925691e+01 -9.409705e-01
      vertex   5.000000e-01 8.997509e+01 -1.219658e+00
      vertex   -5.000000e-01 8.997509e+01 -1.219658e+00
    endloop
  endfacet
  facet normal 0.000000e+00 -7.840248e-02 9.969218e-01
    outer loop
      vertex   -7.000000e-01 8.746897e+01 -5.100000e+01
      vertex   -2.700000e+00 8.746897e+01 -5.100000e+01
      vertex   -7.000000e-01 8.668735e+01 -5.106147e+01
    endloop
  endfacet
  facet normal 0.000000e+00 -7.840248e-02 9.969218e-01
    outer loop
      vertex   -7.000000e-01 8.668735e+01 -5.106147e+01
      vertex   -2.700000e+00 8.746897e+01 -5.100000e+01
      vertex   -2.700000e+00 8.668735e+01 -5.106147e+01
    endloop
  endfacet
  facet normal 0.000000e+00 -2.332797e-01 9.724097e-01
    outer loop
      vertex   -7.000000e-01 8.668735e+01 -5.106147e+01
      vertex   -2.700000e+00 8.668735e+01 -5.106147e+01
      vertex   -7.000000e-01 8.592496e+01 -5.124437e+01
    endloop
  endfacet
  facet normal 0.000000e+00 -2.332797e-01 9.724097e-01
    outer loop
      vertex   -7.000000e-01 8.592496e+01 -5.124437e+01
      vertex   -2.700000e+00 8.668735e+01 -5.106147e+01
      vertex   -2.700000e+00 8.592496e+01 -5.124437e+01
    endloop
  endfacet
  facet normal 0.000000e+00 -3.824211e-01 9.239882e-01
    outer loop
      vertex   -7.000000e-01 8.592496e+01 -5.124437e+01
      vertex   -2.700000e+00 8.592496e+01 -5.124437e+01
      vertex   -7.000000e-01 8.520053e+01 -5.154419e+01
    endloop
  endfacet
  facet normal 0.000000e+00 -3.824211e-01 9.239882e-01
    outer loop
      vertex   -7.000000e-01 8.520053e+01 -5.154419e+01
      vertex   -2.700000e+00 8.592496e+01 -5.124437e+01
      vertex   -2.700000e+00 8.520053e+01 -5.154419e+01
    endloop
  endfacet
  facet normal 0.000000e+00 -5.221596e-01 8.528478e-01
    outer loop
      vertex   -7.000000e-01 8.520053e+01 -5.154419e+01
      vertex   -2.700000e+00 8.520053e+01 -5.154419e+01
      vertex   -7.000000e-01 8.453188e+01 -5.195358e+01
    endloop
  endfacet
  facet normal 0.000000e+00 -5.221596e-01 8.528478e-01
    outer loop
      vertex   -7.000000e-01 8.453188e+01 -5.195358e+01
      vertex   -2.700000e+00 8.520053e+01 -5.154419e+01
      vertex   -2.700000e+00 8.453188e+01 -5.195358e+01
    endloop
  endfacet
  facet normal 0.000000e+00 -6.490593e-01 7.607378e-01
    outer loop
      vertex   -7.000000e-01 8.453188e+01 -5.195358e+01
      vertex   -2.700000e+00 8.453188e+01 -5.195358e+01
      vertex   -7.000000e-01 8.393544e+01 -5.246246e+01
    endloop
  endfacet
  facet normal 0.000000e+00 -6.490593e-01 7.607378e-01
    outer loop
      vertex   -7.000000e-01 8.393544e+01 -5.246246e+01
      vertex   -2.700000e+00 8.453188e+01 -5.195358e+01
      vertex   -2.700000e+00 8.393544e+01 -5.246246e+01
    endloop
  endfacet
  facet normal 0.000000e+00 -7.600001e-01 6.499230e-01
    outer loop
      vertex   -7.000000e-01 8.393544e+01 -5.246246e+01
      vertex   -2.700000e+00 8.393544e+01 -5.246246e+01
      vertex   -7.000000e-01 8.342588e+01 -5.305832e+01
    endloop
  endfacet
  facet normal 0.000000e+00 -7.600001e-01 6.499230e-01
    outer loop
      vertex   -7.000000e-01 8.342588e+01 -5.305832e+01
      vertex   -2.700000e+00 8.393544e+01 -5.246246e+01
      vertex   -2.700000e+00 8.342588e+01 -5.305832e+01
    endloop
  endfacet
  facet normal 0.000000e+00 -8.522542e-01 5.231279e-01
    outer loop
      vertex   -7.000000e-01 8.342588e+01 -5.305832e+01
      vertex   -2.700000e+00 8.342588e+01 -5.305832e+01
      vertex   -7.000000e-01 8.301574e+01 -5.372651e+01
    endloop
  endfacet
  facet normal 0.000000e+00 -8.522542e-01 5.231279e-01
    outer loop
      vertex   -7.000000e-01 8.301574e+01 -5.372651e+01
      vertex   -2.700000e+00 8.342588e+01 -5.305832e+01
      vertex   -2.700000e+00 8.301574e+01 -5.372651e+01
    endloop
  endfacet
  facet normal 0.000000e+00 -9.235532e-01 3.834703e-01
    outer loop
      vertex   -7.000000e-01 8.301574e+01 -5.372651e+01
      vertex   -2.700000e+00 8.301574e+01 -5.372651e+01
      vertex   -7.000000e-01 8.271509e+01 -5.445060e+01
    endloop
  endfacet
  facet normal 0.000000e+00 -9.235532e-01 3.834703e-01
    outer loop
      vertex   -7.000000e-01 8.271509e+01 -5.445060e+01
      vertex   -2.700000e+00 8.301574e+01 -5.372651e+01
      vertex   -2.700000e+00 8.271509e+01 -5.445060e+01
    endloop
  endfacet
  facet normal 0.000000e+00 -9.721441e-01 2.343841e-01
    outer loop
      vertex   -7.000000e-01 8.271509e+01 -5.445060e+01
      vertex   -2.700000e+00 8.271509e+01 -5.445060e+01
      vertex   -7.000000e-01 8.253133e+01 -5.521278e+01
    endloop
  endfacet
  facet normal 0.000000e+00 -9.721441e-01 2.343841e-01
    outer loop
      vertex   -7.000000e-01 8.253133e+01 -5.521278e+01
      vertex   -2.700000e+00 8.271509e+01 -5.445060e+01
      vertex   -2.700000e+00 8.253133e+01 -5.521278e+01
    endloop
  endfacet
  facet normal 0.000000e+00 -9.968321e-01 7.953478e-02
    outer loop
      vertex   -7.000000e-01 8.253133e+01 -5.521278e+01
      vertex   -2.700000e+00 8.253133e+01 -5.521278e+01
      vertex   -7.000000e-01 8.246897e+01 -5.599432e+01
    endloop
  endfacet
  facet normal 0.000000e+00 -9.968321e-01 7.953478e-02
    outer loop
      vertex   -7.000000e-01 8.246897e+01 -5.599432e+01
      vertex   -2.700000e+00 8.253133e+01 -5.521278e+01
      vertex   -2.700000e+00 8.246897e+01 -5.599432e+01
    endloop
  endfacet
  facet normal 0.000000e+00 -9.999994e-01 1.135854e-03
    outer loop
      vertex   -2.700000e+00 8.246897e+01 -5.599432e+01
      vertex   -2.700000e+00 8.246896e+01 -5.600000e+01
      vertex   -7.000000e-01 8.246897e+01 -5.599432e+01
    endloop
  endfacet
  facet normal 0.000000e+00 -9.999994e-01 1.135854e-03
    outer loop
      vertex   -7.000000e-01 8.246897e+01 -5.599432e+01
      vertex   -2.700000e+00 8.246896e+01 -5.600000e+01
      vertex   -7.000000e-01 8.246896e+01 -5.600000e+01
    endloop
  endfacet
  facet normal -0.000000e+00 -9.970058e-01 -7.732669e-02
    outer loop
      vertex   -7.000000e-01 8.246896e+01 -5.600000e+01
      vertex   -2.700000e+00 8.246896e+01 -5.600000e+01
      vertex   -7.000000e-01 8.252963e+01 -5.678224e+01
    endloop
  endfacet
  facet normal -0.000000e+00 -9.970058e-01 -7.732669e-02
    outer loop
      vertex   -7.000000e-01 8.252963e+01 -5.678224e+01
      vertex   -2.700000e+00 8.246896e+01 -5.600000e+01
      vertex   -2.700000e+00 8.252963e+01 -5.678224e+01
    endloop
  endfacet
  facet normal -0.000000e+00 -9.726345e-01 -2.323407e-01
    outer loop
      vertex   -7.000000e-01 8.252963e+01 -5.678224e+01
      vertex   -2.700000e+00 8.252963e+01 -5.678224e+01
      vertex   -7.000000e-01 8.271193e+01 -5.754536e+01
    endloop
  endfacet
  facet normal -0.000000e+00 -9.726345e-01 -2.323407e-01
    outer loop
      vertex   -7.000000e-01 8.271193e+01 -5.754536e+01
      vertex   -2.700000e+00 8.252963e+01 -5.678224e+01
      vertex   -2.700000e+00 8.271193e+01 -5.754536e+01
    endloop
  endfacet
  facet normal -0.000000e+00 -9.243136e-01 -3.816338e-01
    outer loop
      vertex   -7.000000e-01 8.271193e+01 -5.754536e+01
      vertex   -2.700000e+00 8.271193e+01 -5.754536e+01
      vertex   -7.000000e-01 8.301135e+01 -5.827057e+01
    endloop
  endfacet
  facet normal -0.000000e+00 -9.243136e-01 -3.816338e-01
    outer loop
      vertex   -7.000000e-01 8.301135e+01 -5.827057e+01
      vertex   -2.700000e+00 8.271193e+01 -5.754536e+01
      vertex   -2.700000e+00 8.301135e+01 -5.827057e+01
    endloop
  endfacet
  facet normal -0.000000e+00 -8.532331e-01 -5.215298e-01
    outer loop
      vertex   -7.000000e-01 8.301135e+01 -5.827057e+01
      vertex   -2.700000e+00 8.301135e+01 -5.827057e+01
      vertex   -7.000000e-01 8.342054e+01 -5.894001e+01
    endloop
  endfacet
  facet normal -0.000000e+00 -8.532331e-01 -5.215298e-01
    outer loop
      vertex   -7.000000e-01 8.342054e+01 -5.894001e+01
      vertex   -2.700000e+00 8.301135e+01 -5.827057e+01
      vertex   -2.700000e+00 8.342054e+01 -5.894001e+01
    endloop
  endfacet
  facet normal -0.000000e+00 -7.611432e-01 -6.485839e-01
    outer loop
      vertex   -7.000000e-01 8.342054e+01 -5.894001e+01
      vertex   -2.700000e+00 8.342054e+01 -5.894001e+01
      vertex   -7.000000e-01 8.392941e+01 -5.953719e+01
    endloop
  endfacet
  facet normal -0.000000e+00 -7.611432e-01 -6.485839e-01
    outer loop
      vertex   -7.000000e-01 8.392941e+01 -5.953719e+01
      vertex   -2.700000e+00 8.342054e+01 -5.894001e+01
      vertex   -2.700000e+00 8.392941e+01 -5.953719e+01
    endloop
  endfacet
  facet normal -0.000000e+00 -6.503113e-01 -7.596678e-01
    outer loop
      vertex   -7.000000e-01 8.392941e+01 -5.953719e+01
      vertex   -2.700000e+00 8.392941e+01 -5.953719e+01
      vertex   -7.000000e-01 8.452544e+01 -6.004742e+01
    endloop
  endfacet
  facet normal -0.000000e+00 -6.503113e-01 -7.596678e-01
    outer loop
      vertex   -7.000000e-01 8.452544e+01 -6.004742e+01
      vertex   -2.700000e+00 8.392941e+01 -5.953719e+01
      vertex   -2.700000e+00 8.452544e+01 -6.004742e+01
    endloop
  endfacet
  facet normal -0.000000e+00 -5.234667e-01 -8.520461e-01
    outer loop
      vertex   -7.000000e-01 8.452544e+01 -6.004742e+01
      vertex   -2.700000e+00 8.452544e+01 -6.004742e+01
      vertex   -7.000000e-01 8.519395e+01 -6.045813e+01
    endloop
  endfacet
  facet normal -0.000000e+00 -5.234667e-01 -8.520461e-01
    outer loop
      vertex   -7.000000e-01 8.519395e+01 -6.045813e+01
      vertex   -2.700000e+00 8.452544e+01 -6.004742e+01
      vertex   -2.700000e+00 8.519395e+01 -6.045813e+01
    endloop
  endfacet
  facet normal -0.000000e+00 -3.837326e-01 -9.234443e-01
    outer loop
      vertex   -7.000000e-01 8.519395e+01 -6.045813e+01
      vertex   -2.700000e+00 8.519395e+01 -6.045813e+01
      vertex   -7.000000e-01 8.591847e+01 -6.075920e+01
    endloop
  endfacet
  facet normal -0.000000e+00 -3.837326e-01 -9.234443e-01
    outer loop
      vertex   -7.000000e-01 8.591847e+01 -6.075920e+01
      vertex   -2.700000e+00 8.519395e+01 -6.045813e+01
      vertex   -2.700000e+00 8.591847e+01 -6.075920e+01
    endloop
  endfacet
  facet normal -0.000000e+00 -2.345497e-01 -9.721041e-01
    outer loop
      vertex   -7.000000e-01 8.591847e+01 -6.075920e+01
      vertex   -2.700000e+00 8.591847e+01 -6.075920e+01
      vertex   -7.000000e-01 8.668118e+01 -6.094323e+01
    endloop
  endfacet
  facet normal -0.000000e+00 -2.345497e-01 -9.721041e-01
    outer loop
      vertex   -7.000000e-01 8.668118e+01 -6.094323e+01
      vertex   -2.700000e+00 8.591847e+01 -6.075920e+01
      vertex   -2.700000e+00 8.668118e+01 -6.094323e+01
    endloop
  endfacet
  facet normal -0.000000e+00 -7.959140e-02 -9.968276e-01
    outer loop
      vertex   -7.000000e-01 8.668118e+01 -6.094323e+01
      vertex   -2.700000e+00 8.668118e+01 -6.094323e+01
      vertex   -7.000000e-01 8.746328e+01 -6.100567e+01
    endloop
  endfacet
  facet normal -0.000000e+00 -7.959140e-02 -9.968276e-01
    outer loop
      vertex   -7.000000e-01 8.746328e+01 -6.100567e+01
      vertex   -2.700000e+00 8.668118e+01 -6.094323e+01
      vertex   -2.700000e+00 8.746328e+01 -6.100567e+01
    endloop
  endfacet
  facet normal 0.000000e+00 1.305262e-01 -9.914449e-01
    outer loop
      vertex   -7.000000e-01 8.758203e+01 -5.542044e+01
      vertex   -2.700000e+00 8.758203e+01 -5.542044e+01
      vertex   -7.000000e-01 8.773732e+01 -5.540000e+01
    endloop
  endfacet
  facet normal 0.000000e+00 1.305262e-01 -9.914449e-01
    outer loop
      vertex   -7.000000e-01 8.773732e+01 -5.540000e+01
      vertex   -2.700000e+00 8.758203e+01 -5.542044e+01
      vertex   -2.700000e+00 8.773732e+01 -5.540000e+01
    endloop
  endfacet
  facet normal -0.000000e+00 -1.305262e-01 -9.914449e-01
    outer loop
      vertex   -7.000000e-01 8.773732e+01 -5.540000e+01
      vertex   -2.700000e+00 8.773732e+01 -5.540000e+01
      vertex   -7.000000e-01 8.789261e+01 -5.542044e+01
    endloop
  endfacet
  facet normal -0.000000e+00 -1.305262e-01 -9.914449e-01
    outer loop
      vertex   -7.000000e-01 8.789261e+01 -5.542044e+01
      vertex   -2.700000e+00 8.773732e+01 -5.540000e+01
      vertex   -2.700000e+00 8.789261e+01 -5.542044e+01
    endloop
  endfacet
  facet normal -0.000000e+00 -3.826834e-01 -9.238795e-01
    outer loop
      vertex   -7.000000e-01 8.789261e+01 -5.542044e+01
      vertex   -2.700000e+00 8.789261e+01 -5.542044e+01
      vertex   -7.000000e-01 8.803732e+01 -5.548038e+01
    endloop
  endfacet
  facet normal -0.000000e+00 -3.826834e-01 -9.238795e-01
    outer loop
      vertex   -7.000000e-01 8.803732e+01 -5.548038e+01
      vertex   -2.700000e+00 8.789261e+01 -5.542044e+01
      vertex   -2.700000e+00 8.803732e+01 -5.548038e+01
    endloop
  endfacet
  facet normal -0.000000e+00 -6.087614e-01 -7.933533e-01
    outer loop
      vertex   -7.000000e-01 8.803732e+01 -5.548038e+01
      vertex   -2.700000e+00 8.803732e+01 -5.548038e+01
      vertex   -7.000000e-01 8.816159e+01 -5.557573e+01
    endloop
  endfacet
  facet normal -0.000000e+00 -6.087614e-01 -7.933533e-01
    outer loop
      vertex   -7.000000e-01 8.816159e+01 -5.557573e+01
      vertex   -2.700000e+00 8.803732e+01 -5.548038e+01
      vertex   -2.700000e+00 8.816159e+01 -5.557573e+01
    endloop
  endfacet
  facet normal -0.000000e+00 -7.933533e-01 -6.087614e-01
    outer loop
      vertex   -7.000000e-01 8.816159e+01 -5.557573e+01
      vertex   -2.700000e+00 8.816159e+01 -5.557573e+01
      vertex   -7.000000e-01 8.825694e+01 -5.570000e+01
    endloop
  endfacet
  facet normal -0.000000e+00 -7.933533e-01 -6.087614e-01
    outer loop
      vertex   -7.000000e-01 8.825694e+01 -5.570000e+01
      vertex   -2.700000e+00 8.816159e+01 -5.557573e+01
      vertex   -2.700000e+00 8.825694e+01 -5.570000e+01
    endloop
  endfacet
  facet normal -0.000000e+00 -9.238795e-01 -3.826834e-01
    outer loop
      vertex   -7.000000e-01 8.825694e+01 -5.570000e+01
      vertex   -2.700000e+00 8.825694e+01 -5.570000e+01
      vertex   -7.000000e-01 8.831688e+01 -5.584471e+01
    endloop
  endfacet
  facet normal -0.000000e+00 -9.238795e-01 -3.826834e-01
    outer loop
      vertex   -7.000000e-01 8.831688e+01 -5.584471e+01
      vertex   -2.700000e+00 8.825694e+01 -5.570000e+01
      vertex   -2.700000e+00 8.831688e+01 -5.584471e+01
    endloop
  endfacet
  facet normal -0.000000e+00 -9.914449e-01 -1.305262e-01
    outer loop
      vertex   -7.000000e-01 8.831688e+01 -5.584471e+01
      vertex   -2.700000e+00 8.831688e+01 -5.584471e+01
      vertex   -7.000000e-01 8.833732e+01 -5.600000e+01
    endloop
  endfacet
  facet normal -0.000000e+00 -9.914449e-01 -1.305262e-01
    outer loop
      vertex   -7.000000e-01 8.833732e+01 -5.600000e+01
      vertex   -2.700000e+00 8.831688e+01 -5.584471e+01
      vertex   -2.700000e+00 8.833732e+01 -5.600000e+01
    endloop
  endfacet
  facet normal 0.000000e+00 -9.914449e-01 1.305262e-01
    outer loop
      vertex   -7.000000e-01 8.833732e+01 -5.600000e+01
      vertex   -2.700000e+00 8.833732e+01 -5.600000e+01
      vertex   -7.000000e-01 8.831688e+01 -5.615529e+01
    endloop
  endfacet
  facet normal 0.000000e+00 -9.914449e-01 1.305262e-01
    outer loop
      vertex   -7.000000e-01 8.831688e+01 -5.615529e+01
      vertex   -2.700000e+00 8.833732e+01 -5.600000e+01
      vertex   -2.700000e+00 8.831688e+01 -5.615529e+01
    endloop
  endfacet
  facet normal 0.000000e+00 -9.238795e-01 3.826834e-01
    outer loop
      vertex   -7.000000e-01 8.831688e+01 -5.615529e+01
      vertex   -2.700000e+00 8.831688e+01 -5.615529e+01
      vertex   -7.000000e-01 8.825694e+01 -5.630000e+01
    endloop
  endfacet
  facet normal 0.000000e+00 -9.238795e-01 3.826834e-01
    outer loop
      vertex   -7.000000e-01 8.825694e+01 -5.630000e+01
      vertex   -2.700000e+00 8.831688e+01 -5.615529e+01
      vertex   -2.700000e+00 8.825694e+01 -5.630000e+01
    endloop
  endfacet
  facet normal 0.000000e+00 -7.933533e-01 6.087614e-01
    outer loop
      vertex   -7.000000e-01 8.825694e+01 -5.630000e+01
      vertex   -2.700000e+00 8.825694e+01 -5.630000e+01
      vertex   -7.000000e-01 8.816159e+01 -5.642426e+01
    endloop
  endfacet
  facet normal 0.000000e+00 -7.933533e-01 6.087614e-01
    outer loop
      vertex   -7.000000e-01 8.816159e+01 -5.642426e+01
      vertex   -2.700000e+00 8.825694e+01 -5.630000e+01
      vertex   -2.700000e+00 8.816159e+01 -5.642426e+01
    endloop
  endfacet
  facet normal 0.000000e+00 -6.087614e-01 7.933533e-01
    outer loop
      vertex   -7.000000e-01 8.816159e+01 -5.642426e+01
      vertex   -2.700000e+00 8.816159e+01 -5.642426e+01
      vertex   -7.000000e-01 8.803732e+01 -5.651961e+01
    endloop
  endfacet
  facet normal 0.000000e+00 -6.087614e-01 7.933533e-01
    outer loop
      vertex   -7.000000e-01 8.803732e+01 -5.651961e+01
      vertex   -2.700000e+00 8.816159e+01 -5.642426e+01
      vertex   -2.700000e+00 8.803732e+01 -5.651961e+01
    endloop
  endfacet
  facet normal 0.000000e+00 -3.826834e-01 9.238795e-01
    outer loop
      vertex   -7.000000e-01 8.803732e+01 -5.651961e+01
      vertex   -2.700000e+00 8.803732e+01 -5.651961e+01
      vertex   -7.000000e-01 8.789261e+01 -5.657955e+01
    endloop
  endfacet
  facet normal 0.000000e+00 -3.826834e-01 9.238795e-01
    outer loop
      vertex   -7.000000e-01 8.789261e+01 -5.657955e+01
      vertex   -2.700000e+00 8.803732e+01 -5.651961e+01
      vertex   -2.700000e+00 8.789261e+01 -5.657955e+01
    endloop
  endfacet
  facet normal 0.000000e+00 -1.305262e-01 9.914449e-01
    outer loop
      vertex   -7.000000e-01 8.789261e+01 -5.657955e+01
      vertex   -2.700000e+00 8.789261e+01 -5.657955e+01
      vertex   -7.000000e-01 8.773732e+01 -5.660000e+01
    endloop
  endfacet
  facet normal 0.000000e+00 -1.305262e-01 9.914449e-01
    outer loop
      vertex   -7.000000e-01 8.773732e+01 -5.660000e+01
      vertex   -2.700000e+00 8.789261e+01 -5.657955e+01
      vertex   -2.700000e+00 8.773732e+01 -5.660000e+01
    endloop
  endfacet
  facet normal 0.000000e+00 1.305262e-01 9.914449e-01
    outer loop
      vertex   -7.000000e-01 8.773732e+01 -5.660000e+01
      vertex   -2.700000e+00 8.773732e+01 -5.660000e+01
      vertex   -7.000000e-01 8.758203e+01 -5.657955e+01
    endloop
  endfacet
  facet normal 0.000000e+00 1.305262e-01 9.914449e-01
    outer loop
      vertex   -7.000000e-01 8.758203e+01 -5.657955e+01
      vertex   -2.700000e+00 8.773732e+01 -5.660000e+01
      vertex   -2.700000e+00 8.758203e+01 -5.657955e+01
    endloop
  endfacet
  facet normal 0.000000e+00 3.826834e-01 9.238795e-01
    outer loop
      vertex   -7.000000e-01 8.758203e+01 -5.657955e+01
      vertex   -2.700000e+00 8.758203e+01 -5.657955e+01
      vertex   -7.000000e-01 8.743732e+01 -5.651961e+01
    endloop
  endfacet
  facet normal 0.000000e+00 3.826834e-01 9.238795e-01
    outer loop
      vertex   -7.000000e-01 8.743732e+01 -5.651961e+01
      vertex   -2.700000e+00 8.758203e+01 -5.657955e+01
      vertex   -2.700000e+00 8.743732e+01 -5.651961e+01
    endloop
  endfacet
  facet normal 0.000000e+00 6.087614e-01 7.933533e-01
    outer loop
      vertex   -7.000000e-01 8.743732e+01 -5.651961e+01
      vertex   -2.700000e+00 8.743732e+01 -5.651961e+01
      vertex   -7.000000e-01 8.731306e+01 -5.642426e+01
    endloop
  endfacet
  facet normal 0.000000e+00 6.087614e-01 7.933533e-01
    outer loop
      vertex   -7.000000e-01 8.731306e+01 -5.642426e+01
      vertex   -2.700000e+00 8.743732e+01 -5.651961e+01
      vertex   -2.700000e+00 8.731306e+01 -5.642426e+01
    endloop
  endfacet
  facet normal 0.000000e+00 7.933533e-01 6.087614e-01
    outer loop
      vertex   -7.000000e-01 8.731306e+01 -5.642426e+01
      vertex   -2.700000e+00 8.731306e+01 -5.642426e+01
      vertex   -7.000000e-01 8.721771e+01 -5.630000e+01
    endloop
  endfacet
  facet normal 0.000000e+00 7.933533e-01 6.087614e-01
    outer loop
      vertex   -7.000000e-01 8.721771e+01 -5.630000e+01
      vertex   -2.700000e+00 8.731306e+01 -5.642426e+01
      vertex   -2.700000e+00 8.721771e+01 -5.630000e+01
    endloop
  endfacet
  facet normal 0.000000e+00 9.238795e-01 3.826834e-01
    outer loop
      vertex   -7.000000e-01 8.721771e+01 -5.630000e+01
      vertex   -2.700000e+00 8.721771e+01 -5.630000e+01
      vertex   -7.000000e-01 8.715777e+01 -5.615529e+01
    endloop
  endfacet
  facet normal 0.000000e+00 9.238795e-01 3.826834e-01
    outer loop
      vertex   -7.000000e-01 8.715777e+01 -5.615529e+01
      vertex   -2.700000e+00 8.721771e+01 -5.630000e+01
      vertex   -2.700000e+00 8.715777e+01 -5.615529e+01
    endloop
  endfacet
  facet normal 0.000000e+00 9.914449e-01 1.305262e-01
    outer loop
      vertex   -7.000000e-01 8.715777e+01 -5.615529e+01
      vertex   -2.700000e+00 8.715777e+01 -5.615529e+01
      vertex   -7.000000e-01 8.713732e+01 -5.600000e+01
    endloop
  endfacet
  facet normal 0.000000e+00 9.914449e-01 1.305262e-01
    outer loop
      vertex   -7.000000e-01 8.713732e+01 -5.600000e+01
      vertex   -2.700000e+00 8.715777e+01 -5.615529e+01
      vertex   -2.700000e+00 8.713732e+01 -5.600000e+01
    endloop
  endfacet
  facet normal 0.000000e+00 9.914449e-01 -1.305262e-01
    outer loop
      vertex   -7.000000e-01 8.713732e+01 -5.600000e+01
      vertex   -2.700000e+00 8.713732e+01 -5.600000e+01
      vertex   -7.000000e-01 8.715777e+01 -5.584471e+01
    endloop
  endfacet
  facet normal 0.000000e+00 9.914449e-01 -1.305262e-01
    outer loop
      vertex   -7.000000e-01 8.715777e+01 -5.584471e+01
      vertex   -2.700000e+00 8.713732e+01 -5.600000e+01
      vertex   -2.700000e+00 8.715777e+01 -5.584471e+01
    endloop
  endfacet
  facet normal 0.000000e+00 9.238795e-01 -3.826834e-01
    outer loop
      vertex   -7.000000e-01 8.715777e+01 -5.584471e+01
      vertex   -2.700000e+00 8.715777e+01 -5.584471e+01
      vertex   -7.000000e-01 8.721771e+01 -5.570000e+01
    endloop
  endfacet
  facet normal 0.000000e+00 9.238795e-01 -3.826834e-01
    outer loop
      vertex   -7.000000e-01 8.721771e+01 -5.570000e+01
      vertex   -2.700000e+00 8.715777e+01 -5.584471e+01
      vertex   -2.700000e+00 8.721771e+01 -5.570000e+01
    endloop
  endfacet
  facet normal 0.000000e+00 7.933533e-01 -6.087614e-01
    outer loop
      vertex   -7.000000e-01 8.721771e+01 -5.570000e+01
      vertex   -2.700000e+00 8.721771e+01 -5.570000e+01
      vertex   -7.000000e-01 8.731306e+01 -5.557573e+01
    endloop
  endfacet
  facet normal 0.000000e+00 7.933533e-01 -6.087614e-01
    outer loop
      vertex   -7.000000e-01 8.731306e+01 -5.557573e+01
      vertex   -2.700000e+00 8.721771e+01 -5.570000e+01
      vertex   -2.700000e+00 8.731306e+01 -5.557573e+01
    endloop
  endfacet
  facet normal 0.000000e+00 6.087614e-01 -7.933533e-01
    outer loop
      vertex   -7.000000e-01 8.731306e+01 -5.557573e+01
      vertex   -2.700000e+00 8.731306e+01 -5.557573e+01
      vertex   -7.000000e-01 8.743732e+01 -5.548038e+01
    endloop
  endfacet
  facet normal 0.000000e+00 6.087614e-01 -7.933533e-01
    outer loop
      vertex   -7.000000e-01 8.743732e+01 -5.548038e+01
      vertex   -2.700000e+00 8.731306e+01 -5.557573e+01
      vertex   -2.700000e+00 8.743732e+01 -5.548038e+01
    endloop
  endfacet
  facet normal 0.000000e+00 3.826834e-01 -9.238795e-01
    outer loop
      vertex   -7.000000e-01 8.743732e+01 -5.548038e+01
      vertex   -2.700000e+00 8.743732e+01 -5.548038e+01
      vertex   -7.000000e-01 8.758203e+01 -5.542044e+01
    endloop
  endfacet
  facet normal 0.000000e+00 3.826834e-01 -9.238795e-01
    outer loop
      vertex   -7.000000e-01 8.758203e+01 -5.542044e+01
      vertex   -2.700000e+00 8.743732e+01 -5.548038e+01
      vertex   -2.700000e+00 8.758203e+01 -5.542044e+01
    endloop
  endfacet
  facet normal 0.000000e+00 1.000000e+00 0.000000e+00
    outer loop
      vertex   5.000000e-01 9.630000e+01 -3.720000e+01
      vertex   5.000000e-01 9.630000e+01 -4.970000e+01
      vertex   -5.000000e-01 9.630000e+01 -3.720000e+01
    endloop
  endfacet
  facet normal 0.000000e+00 1.000000e+00 0.000000e+00
    outer loop
      vertex   -5.000000e-01 9.630000e+01 -3.720000e+01
      vertex   5.000000e-01 9.630000e+01 -4.970000e+01
      vertex   -5.000000e-01 9.630000e+01 -4.970000e+01
    endloop
  endfacet
endsolid
