solid ASCII
  facet normal 0.000000e+00 -1.045285e-01 -9.945219e-01
    outer loop
      vertex   -1.500000e+00 8.157176e+01 -1.631009e+01
      vertex   -5.000000e-01 8.157176e+01 -1.631009e+01
      vertex   -1.500000e+00 8.100000e+01 -1.625000e+01
    endloop
  endfacet
  facet normal 0.000000e+00 -1.045285e-01 -9.945219e-01
    outer loop
      vertex   -1.500000e+00 8.100000e+01 -1.625000e+01
      vertex   -5.000000e-01 8.157176e+01 -1.631009e+01
      vertex   -5.000000e-01 8.100000e+01 -1.625000e+01
    endloop
  endfacet
  facet normal 0.000000e+00 1.045285e-01 -9.945219e-01
    outer loop
      vertex   -1.500000e+00 8.100000e+01 -1.625000e+01
      vertex   -5.000000e-01 8.100000e+01 -1.625000e+01
      vertex   -1.500000e+00 8.042824e+01 -1.631009e+01
    endloop
  endfacet
  facet normal 0.000000e+00 1.045285e-01 -9.945219e-01
    outer loop
      vertex   -1.500000e+00 8.042824e+01 -1.631009e+01
      vertex   -5.000000e-01 8.100000e+01 -1.625000e+01
      vertex   -5.000000e-01 8.042824e+01 -1.631009e+01
    endloop
  endfacet
  facet normal 0.000000e+00 3.090170e-01 -9.510565e-01
    outer loop
      vertex   -1.500000e+00 8.042824e+01 -1.631009e+01
      vertex   -5.000000e-01 8.042824e+01 -1.631009e+01
      vertex   -1.500000e+00 7.988148e+01 -1.648775e+01
    endloop
  endfacet
  facet normal 0.000000e+00 3.090170e-01 -9.510565e-01
    outer loop
      vertex   -1.500000e+00 7.988148e+01 -1.648775e+01
      vertex   -5.000000e-01 8.042824e+01 -1.631009e+01
      vertex   -5.000000e-01 7.988148e+01 -1.648775e+01
    endloop
  endfacet
  facet normal 0.000000e+00 5.000000e-01 -8.660254e-01
    outer loop
      vertex   -1.500000e+00 7.988148e+01 -1.648775e+01
      vertex   -5.000000e-01 7.988148e+01 -1.648775e+01
      vertex   -1.500000e+00 7.938359e+01 -1.677520e+01
    endloop
  endfacet
  facet normal 0.000000e+00 5.000000e-01 -8.660254e-01
    outer loop
      vertex   -1.500000e+00 7.938359e+01 -1.677520e+01
      vertex   -5.000000e-01 7.988148e+01 -1.648775e+01
      vertex   -5.000000e-01 7.938359e+01 -1.677520e+01
    endloop
  endfacet
  facet normal 0.000000e+00 6.691306e-01 -7.431448e-01
    outer loop
      vertex   -1.500000e+00 7.938359e+01 -1.677520e+01
      vertex   -5.000000e-01 7.938359e+01 -1.677520e+01
      vertex   -1.500000e+00 7.895635e+01 -1.715989e+01
    endloop
  endfacet
  facet normal 0.000000e+00 6.691306e-01 -7.431448e-01
    outer loop
      vertex   -1.500000e+00 7.895635e+01 -1.715989e+01
      vertex   -5.000000e-01 7.938359e+01 -1.677520e+01
      vertex   -5.000000e-01 7.895635e+01 -1.715989e+01
    endloop
  endfacet
  facet normal 0.000000e+00 8.090170e-01 -5.877853e-01
    outer loop
      vertex   -1.500000e+00 7.895635e+01 -1.715989e+01
      vertex   -5.000000e-01 7.895635e+01 -1.715989e+01
      vertex   -1.500000e+00 7.861843e+01 -1.762500e+01
    endloop
  endfacet
  facet normal 9.408590e-15 8.090170e-01 -5.877853e-01
    outer loop
      vertex   -1.500000e+00 7.861843e+01 -1.762500e+01
      vertex   -5.000000e-01 7.895635e+01 -1.715989e+01
      vertex   -5.000000e-01 7.861843e+01 -1.762500e+01
    endloop
  endfacet
  facet normal 1.153724e-14 9.135455e-01 -4.067366e-01
    outer loop
      vertex   -1.500000e+00 7.861843e+01 -1.762500e+01
      vertex   -5.000000e-01 7.861843e+01 -1.762500e+01
      vertex   -1.500000e+00 7.838460e+01 -1.815020e+01
    endloop
  endfacet
  facet normal 0.000000e+00 9.135455e-01 -4.067366e-01
    outer loop
      vertex   -1.500000e+00 7.838460e+01 -1.815020e+01
      vertex   -5.000000e-01 7.861843e+01 -1.762500e+01
      vertex   -5.000000e-01 7.838460e+01 -1.815020e+01
    endloop
  endfacet
  facet normal 0.000000e+00 9.781476e-01 -2.079117e-01
    outer loop
      vertex   -1.500000e+00 7.838460e+01 -1.815020e+01
      vertex   -5.000000e-01 7.838460e+01 -1.815020e+01
      vertex   -1.500000e+00 7.826507e+01 -1.871255e+01
    endloop
  endfacet
  facet normal 0.000000e+00 9.781476e-01 -2.079117e-01
    outer loop
      vertex   -1.500000e+00 7.826507e+01 -1.871255e+01
      vertex   -5.000000e-01 7.838460e+01 -1.815020e+01
      vertex   -5.000000e-01 7.826507e+01 -1.871255e+01
    endloop
  endfacet
  facet normal -0.000000e+00 1.000000e+00 0.000000e+00
    outer loop
      vertex   -1.500000e+00 7.826507e+01 -1.871255e+01
      vertex   -5.000000e-01 7.826507e+01 -1.871255e+01
      vertex   -1.500000e+00 7.826507e+01 -1.928745e+01
    endloop
  endfacet
  facet normal -0.000000e+00 1.000000e+00 0.000000e+00
    outer loop
      vertex   -1.500000e+00 7.826507e+01 -1.928745e+01
      vertex   -5.000000e-01 7.826507e+01 -1.871255e+01
      vertex   -5.000000e-01 7.826507e+01 -1.928745e+01
    endloop
  endfacet
  facet normal 7.386507e-16 9.781476e-01 2.079117e-01
    outer loop
      vertex   -1.500000e+00 7.826507e+01 -1.928745e+01
      vertex   -5.000000e-01 7.826507e+01 -1.928745e+01
      vertex   -1.500000e+00 7.838460e+01 -1.984980e+01
    endloop
  endfacet
  facet normal -0.000000e+00 9.781476e-01 2.079117e-01
    outer loop
      vertex   -1.500000e+00 7.838460e+01 -1.984980e+01
      vertex   -5.000000e-01 7.826507e+01 -1.928745e+01
      vertex   -5.000000e-01 7.838460e+01 -1.984980e+01
    endloop
  endfacet
  facet normal -0.000000e+00 9.135455e-01 4.067366e-01
    outer loop
      vertex   -1.500000e+00 7.838460e+01 -1.984980e+01
      vertex   -5.000000e-01 7.838460e+01 -1.984980e+01
      vertex   -1.500000e+00 7.861843e+01 -2.037500e+01
    endloop
  endfacet
  facet normal 1.445019e-15 9.135455e-01 4.067366e-01
    outer loop
      vertex   -1.500000e+00 7.861843e+01 -2.037500e+01
      vertex   -5.000000e-01 7.838460e+01 -1.984980e+01
      vertex   -5.000000e-01 7.861843e+01 -2.037500e+01
    endloop
  endfacet
  facet normal 2.088233e-15 8.090170e-01 5.877853e-01
    outer loop
      vertex   -1.500000e+00 7.861843e+01 -2.037500e+01
      vertex   -5.000000e-01 7.861843e+01 -2.037500e+01
      vertex   -1.500000e+00 7.895635e+01 -2.084011e+01
    endloop
  endfacet
  facet normal -0.000000e+00 8.090170e-01 5.877853e-01
    outer loop
      vertex   -1.500000e+00 7.895635e+01 -2.084011e+01
      vertex   -5.000000e-01 7.861843e+01 -2.037500e+01
      vertex   -5.000000e-01 7.895635e+01 -2.084011e+01
    endloop
  endfacet
  facet normal -0.000000e+00 6.691306e-01 7.431448e-01
    outer loop
      vertex   -1.500000e+00 7.895635e+01 -2.084011e+01
      vertex   -5.000000e-01 7.895635e+01 -2.084011e+01
      vertex   -1.500000e+00 7.938359e+01 -2.122480e+01
    endloop
  endfacet
  facet normal -0.000000e+00 6.691306e-01 7.431448e-01
    outer loop
      vertex   -1.500000e+00 7.938359e+01 -2.122480e+01
      vertex   -5.000000e-01 7.895635e+01 -2.084011e+01
      vertex   -5.000000e-01 7.938359e+01 -2.122480e+01
    endloop
  endfacet
  facet normal -0.000000e+00 5.000000e-01 8.660254e-01
    outer loop
      vertex   -1.500000e+00 7.938359e+01 -2.122480e+01
      vertex   -5.000000e-01 7.938359e+01 -2.122480e+01
      vertex   -1.500000e+00 7.988148e+01 -2.151225e+01
    endloop
  endfacet
  facet normal -0.000000e+00 5.000000e-01 8.660254e-01
    outer loop
      vertex   -1.500000e+00 7.988148e+01 -2.151225e+01
      vertex   -5.000000e-01 7.938359e+01 -2.122480e+01
      vertex   -5.000000e-01 7.988148e+01 -2.151225e+01
    endloop
  endfacet
  facet normal -0.000000e+00 3.090170e-01 9.510565e-01
    outer loop
      vertex   -1.500000e+00 7.988148e+01 -2.151225e+01
      vertex   -5.000000e-01 7.988148e+01 -2.151225e+01
      vertex   -1.500000e+00 8.042824e+01 -2.168991e+01
    endloop
  endfacet
  facet normal -0.000000e+00 3.090170e-01 9.510565e-01
    outer loop
      vertex   -1.500000e+00 8.042824e+01 -2.168991e+01
      vertex   -5.000000e-01 7.988148e+01 -2.151225e+01
      vertex   -5.000000e-01 8.042824e+01 -2.168991e+01
    endloop
  endfacet
  facet normal -0.000000e+00 1.045285e-01 9.945219e-01
    outer loop
      vertex   -1.500000e+00 8.042824e+01 -2.168991e+01
      vertex   -5.000000e-01 8.042824e+01 -2.168991e+01
      vertex   -1.500000e+00 8.100000e+01 -2.175000e+01
    endloop
  endfacet
  facet normal -0.000000e+00 1.045285e-01 9.945219e-01
    outer loop
      vertex   -1.500000e+00 8.100000e+01 -2.175000e+01
      vertex   -5.000000e-01 8.042824e+01 -2.168991e+01
      vertex   -5.000000e-01 8.100000e+01 -2.175000e+01
    endloop
  endfacet
  facet normal 0.000000e+00 -1.045285e-01 9.945219e-01
    outer loop
      vertex   -1.500000e+00 8.100000e+01 -2.175000e+01
      vertex   -5.000000e-01 8.100000e+01 -2.175000e+01
      vertex   -1.500000e+00 8.157176e+01 -2.168991e+01
    endloop
  endfacet
  facet normal 0.000000e+00 -1.045285e-01 9.945219e-01
    outer loop
      vertex   -1.500000e+00 8.157176e+01 -2.168991e+01
      vertex   -5.000000e-01 8.100000e+01 -2.175000e+01
      vertex   -5.000000e-01 8.157176e+01 -2.168991e+01
    endloop
  endfacet
  facet normal 0.000000e+00 -3.090170e-01 9.510565e-01
    outer loop
      vertex   -1.500000e+00 8.157176e+01 -2.168991e+01
      vertex   -5.000000e-01 8.157176e+01 -2.168991e+01
      vertex   -1.500000e+00 8.211853e+01 -2.151225e+01
    endloop
  endfacet
  facet normal 0.000000e+00 -3.090170e-01 9.510565e-01
    outer loop
      vertex   -1.500000e+00 8.211853e+01 -2.151225e+01
      vertex   -5.000000e-01 8.157176e+01 -2.168991e+01
      vertex   -5.000000e-01 8.211853e+01 -2.151225e+01
    endloop
  endfacet
  facet normal 0.000000e+00 -5.000000e-01 8.660254e-01
    outer loop
      vertex   -1.500000e+00 8.211853e+01 -2.151225e+01
      vertex   -5.000000e-01 8.211853e+01 -2.151225e+01
      vertex   -1.500000e+00 8.261641e+01 -2.122480e+01
    endloop
  endfacet
  facet normal 0.000000e+00 -5.000000e-01 8.660254e-01
    outer loop
      vertex   -1.500000e+00 8.261641e+01 -2.122480e+01
      vertex   -5.000000e-01 8.211853e+01 -2.151225e+01
      vertex   -5.000000e-01 8.261641e+01 -2.122480e+01
    endloop
  endfacet
  facet normal 0.000000e+00 -6.691306e-01 7.431448e-01
    outer loop
      vertex   -1.500000e+00 8.261641e+01 -2.122480e+01
      vertex   -5.000000e-01 8.261641e+01 -2.122480e+01
      vertex   -1.500000e+00 8.304365e+01 -2.084011e+01
    endloop
  endfacet
  facet normal 0.000000e+00 -6.691306e-01 7.431448e-01
    outer loop
      vertex   -1.500000e+00 8.304365e+01 -2.084011e+01
      vertex   -5.000000e-01 8.261641e+01 -2.122480e+01
      vertex   -5.000000e-01 8.304365e+01 -2.084011e+01
    endloop
  endfacet
  facet normal 0.000000e+00 -8.090170e-01 5.877853e-01
    outer loop
      vertex   -1.500000e+00 8.304365e+01 -2.084011e+01
      vertex   -5.000000e-01 8.304365e+01 -2.084011e+01
      vertex   -1.500000e+00 8.338157e+01 -2.037500e+01
    endloop
  endfacet
  facet normal -2.088233e-15 -8.090170e-01 5.877853e-01
    outer loop
      vertex   -1.500000e+00 8.338157e+01 -2.037500e+01
      vertex   -5.000000e-01 8.304365e+01 -2.084011e+01
      vertex   -5.000000e-01 8.338157e+01 -2.037500e+01
    endloop
  endfacet
  facet normal -1.445019e-15 -9.135455e-01 4.067366e-01
    outer loop
      vertex   -1.500000e+00 8.338157e+01 -2.037500e+01
      vertex   -5.000000e-01 8.338157e+01 -2.037500e+01
      vertex   -1.500000e+00 8.361541e+01 -1.984980e+01
    endloop
  endfacet
  facet normal 0.000000e+00 -9.135455e-01 4.067366e-01
    outer loop
      vertex   -1.500000e+00 8.361541e+01 -1.984980e+01
      vertex   -5.000000e-01 8.338157e+01 -2.037500e+01
      vertex   -5.000000e-01 8.361541e+01 -1.984980e+01
    endloop
  endfacet
  facet normal 0.000000e+00 -9.781476e-01 2.079117e-01
    outer loop
      vertex   -1.500000e+00 8.361541e+01 -1.984980e+01
      vertex   -5.000000e-01 8.361541e+01 -1.984980e+01
      vertex   -1.500000e+00 8.373494e+01 -1.928745e+01
    endloop
  endfacet
  facet normal -7.386507e-16 -9.781476e-01 2.079117e-01
    outer loop
      vertex   -1.500000e+00 8.373494e+01 -1.928745e+01
      vertex   -5.000000e-01 8.361541e+01 -1.984980e+01
      vertex   -5.000000e-01 8.373494e+01 -1.928745e+01
    endloop
  endfacet
  facet normal 0.000000e+00 -1.000000e+00 0.000000e+00
    outer loop
      vertex   -1.500000e+00 8.373494e+01 -1.928745e+01
      vertex   -5.000000e-01 8.373494e+01 -1.928745e+01
      vertex   -1.500000e+00 8.373494e+01 -1.871255e+01
    endloop
  endfacet
  facet normal 0.000000e+00 -1.000000e+00 0.000000e+00
    outer loop
      vertex   -1.500000e+00 8.373494e+01 -1.871255e+01
      vertex   -5.000000e-01 8.373494e+01 -1.928745e+01
      vertex   -5.000000e-01 8.373494e+01 -1.871255e+01
    endloop
  endfacet
  facet normal 0.000000e+00 -9.781476e-01 -2.079117e-01
    outer loop
      vertex   -1.500000e+00 8.373494e+01 -1.871255e+01
      vertex   -5.000000e-01 8.373494e+01 -1.871255e+01
      vertex   -1.500000e+00 8.361541e+01 -1.815020e+01
    endloop
  endfacet
  facet normal 0.000000e+00 -9.781476e-01 -2.079117e-01
    outer loop
      vertex   -1.500000e+00 8.361541e+01 -1.815020e+01
      vertex   -5.000000e-01 8.373494e+01 -1.871255e+01
      vertex   -5.000000e-01 8.361541e+01 -1.815020e+01
    endloop
  endfacet
  facet normal 0.000000e+00 -9.135455e-01 -4.067366e-01
    outer loop
      vertex   -1.500000e+00 8.361541e+01 -1.815020e+01
      vertex   -5.000000e-01 8.361541e+01 -1.815020e+01
      vertex   -1.500000e+00 8.338157e+01 -1.762500e+01
    endloop
  endfacet
  facet normal 1.445019e-15 -9.135455e-01 -4.067366e-01
    outer loop
      vertex   -1.500000e+00 8.338157e+01 -1.762500e+01
      vertex   -5.000000e-01 8.361541e+01 -1.815020e+01
      vertex   -5.000000e-01 8.338157e+01 -1.762500e+01
    endloop
  endfacet
  facet normal 2.088233e-15 -8.090170e-01 -5.877853e-01
    outer loop
      vertex   -1.500000e+00 8.338157e+01 -1.762500e+01
      vertex   -5.000000e-01 8.338157e+01 -1.762500e+01
      vertex   -1.500000e+00 8.304365e+01 -1.715989e+01
    endloop
  endfacet
  facet normal 0.000000e+00 -8.090170e-01 -5.877853e-01
    outer loop
      vertex   -1.500000e+00 8.304365e+01 -1.715989e+01
      vertex   -5.000000e-01 8.338157e+01 -1.762500e+01
      vertex   -5.000000e-01 8.304365e+01 -1.715989e+01
    endloop
  endfacet
  facet normal 0.000000e+00 -6.691306e-01 -7.431448e-01
    outer loop
      vertex   -1.500000e+00 8.304365e+01 -1.715989e+01
      vertex   -5.000000e-01 8.304365e+01 -1.715989e+01
      vertex   -1.500000e+00 8.261641e+01 -1.677520e+01
    endloop
  endfacet
  facet normal 0.000000e+00 -6.691306e-01 -7.431448e-01
    outer loop
      vertex   -1.500000e+00 8.261641e+01 -1.677520e+01
      vertex   -5.000000e-01 8.304365e+01 -1.715989e+01
      vertex   -5.000000e-01 8.261641e+01 -1.677520e+01
    endloop
  endfacet
  facet normal 0.000000e+00 -5.000000e-01 -8.660254e-01
    outer loop
      vertex   -1.500000e+00 8.261641e+01 -1.677520e+01
      vertex   -5.000000e-01 8.261641e+01 -1.677520e+01
      vertex   -1.500000e+00 8.211853e+01 -1.648775e+01
    endloop
  endfacet
  facet normal 0.000000e+00 -5.000000e-01 -8.660254e-01
    outer loop
      vertex   -1.500000e+00 8.211853e+01 -1.648775e+01
      vertex   -5.000000e-01 8.261641e+01 -1.677520e+01
      vertex   -5.000000e-01 8.211853e+01 -1.648775e+01
    endloop
  endfacet
  facet normal 0.000000e+00 -3.090170e-01 -9.510565e-01
    outer loop
      vertex   -1.500000e+00 8.211853e+01 -1.648775e+01
      vertex   -5.000000e-01 8.211853e+01 -1.648775e+01
      vertex   -1.500000e+00 8.157176e+01 -1.631009e+01
    endloop
  endfacet
  facet normal 0.000000e+00 -3.090170e-01 -9.510565e-01
    outer loop
      vertex   -1.500000e+00 8.157176e+01 -1.631009e+01
      vertex   -5.000000e-01 8.211853e+01 -1.648775e+01
      vertex   -5.000000e-01 8.157176e+01 -1.631009e+01
    endloop
  endfacet
  facet normal 0.000000e+00 9.527966e-01 3.036093e-01
    outer loop
      vertex   -5.000000e-01 8.359675e+01 -1.397438e+01
      vertex   -5.000000e-01 8.602562e+01 -2.159675e+01
      vertex   -1.500000e+00 8.359675e+01 -1.397438e+01
    endloop
  endfacet
  facet normal 0.000000e+00 9.527966e-01 3.036093e-01
    outer loop
      vertex   -1.500000e+00 8.359675e+01 -1.397438e+01
      vertex   -5.000000e-01 8.602562e+01 -2.159675e+01
      vertex   -1.500000e+00 8.602562e+01 -2.159675e+01
    endloop
  endfacet
  facet normal 0.000000e+00 -3.036093e-01 9.527966e-01
    outer loop
      vertex   -5.000000e-01 7.597438e+01 -1.640325e+01
      vertex   -5.000000e-01 8.359675e+01 -1.397438e+01
      vertex   -1.500000e+00 7.597438e+01 -1.640325e+01
    endloop
  endfacet
  facet normal 0.000000e+00 -3.036093e-01 9.527966e-01
    outer loop
      vertex   -1.500000e+00 7.597438e+01 -1.640325e+01
      vertex   -5.000000e-01 8.359675e+01 -1.397438e+01
      vertex   -1.500000e+00 8.359675e+01 -1.397438e+01
    endloop
  endfacet
  facet normal -0.000000e+00 -9.527966e-01 -3.036093e-01
    outer loop
      vertex   -5.000000e-01 7.840325e+01 -2.402562e+01
      vertex   -5.000000e-01 7.597438e+01 -1.640325e+01
      vertex   -1.500000e+00 7.840325e+01 -2.402562e+01
    endloop
  endfacet
  facet normal 0.000000e+00 -9.527966e-01 -3.036093e-01
    outer loop
      vertex   -1.500000e+00 7.840325e+01 -2.402562e+01
      vertex   -5.000000e-01 7.597438e+01 -1.640325e+01
      vertex   -1.500000e+00 7.597438e+01 -1.640325e+01
    endloop
  endfacet
  facet normal 0.000000e+00 3.036093e-01 -9.527966e-01
    outer loop
      vertex   -5.000000e-01 8.602562e+01 -2.159675e+01
      vertex   -5.000000e-01 7.840325e+01 -2.402562e+01
      vertex   -1.500000e+00 8.602562e+01 -2.159675e+01
    endloop
  endfacet
  facet normal 0.000000e+00 3.036093e-01 -9.527966e-01
    outer loop
      vertex   -1.500000e+00 8.602562e+01 -2.159675e+01
      vertex   -5.000000e-01 7.840325e+01 -2.402562e+01
      vertex   -1.500000e+00 7.840325e+01 -2.402562e+01
    endloop
  endfacet
  facet normal -1.000000e+00 0.000000e+00 0.000000e+00
    outer loop
      vertex   -1.500000e+00 8.157176e+01 -1.631009e+01
      vertex   -1.500000e+00 8.100000e+01 -1.625000e+01
      vertex   -1.500000e+00 8.359675e+01 -1.397438e+01
    endloop
  endfacet
  facet normal -1.000000e+00 0.000000e+00 0.000000e+00
    outer loop
      vertex   -1.500000e+00 8.359675e+01 -1.397438e+01
      vertex   -1.500000e+00 8.100000e+01 -1.625000e+01
      vertex   -1.500000e+00 8.042824e+01 -1.631009e+01
    endloop
  endfacet
  facet normal -1.000000e+00 0.000000e+00 0.000000e+00
    outer loop
      vertex   -1.500000e+00 8.359675e+01 -1.397438e+01
      vertex   -1.500000e+00 8.042824e+01 -1.631009e+01
      vertex   -1.500000e+00 7.597438e+01 -1.640325e+01
    endloop
  endfacet
  facet normal -1.000000e+00 0.000000e+00 0.000000e+00
    outer loop
      vertex   -1.500000e+00 7.597438e+01 -1.640325e+01
      vertex   -1.500000e+00 8.042824e+01 -1.631009e+01
      vertex   -1.500000e+00 7.988148e+01 -1.648775e+01
    endloop
  endfacet
  facet normal -1.000000e+00 0.000000e+00 0.000000e+00
    outer loop
      vertex   -1.500000e+00 7.597438e+01 -1.640325e+01
      vertex   -1.500000e+00 7.988148e+01 -1.648775e+01
      vertex   -1.500000e+00 7.938359e+01 -1.677520e+01
    endloop
  endfacet
  facet normal -1.000000e+00 -0.000000e+00 0.000000e+00
    outer loop
      vertex   -1.500000e+00 7.938359e+01 -1.677520e+01
      vertex   -1.500000e+00 7.895635e+01 -1.715989e+01
      vertex   -1.500000e+00 7.597438e+01 -1.640325e+01
    endloop
  endfacet
  facet normal -1.000000e+00 0.000000e+00 0.000000e+00
    outer loop
      vertex   -1.500000e+00 7.597438e+01 -1.640325e+01
      vertex   -1.500000e+00 7.895635e+01 -1.715989e+01
      vertex   -1.500000e+00 7.861843e+01 -1.762500e+01
    endloop
  endfacet
  facet normal -1.000000e+00 0.000000e+00 0.000000e+00
    outer loop
      vertex   -1.500000e+00 7.597438e+01 -1.640325e+01
      vertex   -1.500000e+00 7.861843e+01 -1.762500e+01
      vertex   -1.500000e+00 7.838460e+01 -1.815020e+01
    endloop
  endfacet
  facet normal -1.000000e+00 -0.000000e+00 0.000000e+00
    outer loop
      vertex   -1.500000e+00 7.838460e+01 -1.815020e+01
      vertex   -1.500000e+00 7.826507e+01 -1.871255e+01
      vertex   -1.500000e+00 7.597438e+01 -1.640325e+01
    endloop
  endfacet
  facet normal -1.000000e+00 0.000000e+00 0.000000e+00
    outer loop
      vertex   -1.500000e+00 7.597438e+01 -1.640325e+01
      vertex   -1.500000e+00 7.826507e+01 -1.871255e+01
      vertex   -1.500000e+00 7.826507e+01 -1.928745e+01
    endloop
  endfacet
  facet normal -1.000000e+00 0.000000e+00 0.000000e+00
    outer loop
      vertex   -1.500000e+00 7.597438e+01 -1.640325e+01
      vertex   -1.500000e+00 7.826507e+01 -1.928745e+01
      vertex   -1.500000e+00 7.838460e+01 -1.984980e+01
    endloop
  endfacet
  facet normal -1.000000e+00 0.000000e+00 0.000000e+00
    outer loop
      vertex   -1.500000e+00 7.597438e+01 -1.640325e+01
      vertex   -1.500000e+00 7.838460e+01 -1.984980e+01
      vertex   -1.500000e+00 7.840325e+01 -2.402562e+01
    endloop
  endfacet
  facet normal -1.000000e+00 0.000000e+00 0.000000e+00
    outer loop
      vertex   -1.500000e+00 7.840325e+01 -2.402562e+01
      vertex   -1.500000e+00 7.838460e+01 -1.984980e+01
      vertex   -1.500000e+00 7.861843e+01 -2.037500e+01
    endloop
  endfacet
  facet normal -1.000000e+00 0.000000e+00 0.000000e+00
    outer loop
      vertex   -1.500000e+00 7.840325e+01 -2.402562e+01
      vertex   -1.500000e+00 7.861843e+01 -2.037500e+01
      vertex   -1.500000e+00 7.895635e+01 -2.084011e+01
    endloop
  endfacet
  facet normal -1.000000e+00 0.000000e+00 -0.000000e+00
    outer loop
      vertex   -1.500000e+00 7.895635e+01 -2.084011e+01
      vertex   -1.500000e+00 7.938359e+01 -2.122480e+01
      vertex   -1.500000e+00 7.840325e+01 -2.402562e+01
    endloop
  endfacet
  facet normal -1.000000e+00 0.000000e+00 0.000000e+00
    outer loop
      vertex   -1.500000e+00 7.840325e+01 -2.402562e+01
      vertex   -1.500000e+00 7.938359e+01 -2.122480e+01
      vertex   -1.500000e+00 7.988148e+01 -2.151225e+01
    endloop
  endfacet
  facet normal -1.000000e+00 0.000000e+00 0.000000e+00
    outer loop
      vertex   -1.500000e+00 7.840325e+01 -2.402562e+01
      vertex   -1.500000e+00 7.988148e+01 -2.151225e+01
      vertex   -1.500000e+00 8.042824e+01 -2.168991e+01
    endloop
  endfacet
  facet normal -1.000000e+00 0.000000e+00 -0.000000e+00
    outer loop
      vertex   -1.500000e+00 8.042824e+01 -2.168991e+01
      vertex   -1.500000e+00 8.100000e+01 -2.175000e+01
      vertex   -1.500000e+00 7.840325e+01 -2.402562e+01
    endloop
  endfacet
  facet normal -1.000000e+00 0.000000e+00 0.000000e+00
    outer loop
      vertex   -1.500000e+00 7.840325e+01 -2.402562e+01
      vertex   -1.500000e+00 8.100000e+01 -2.175000e+01
      vertex   -1.500000e+00 8.157176e+01 -2.168991e+01
    endloop
  endfacet
  facet normal -1.000000e+00 0.000000e+00 0.000000e+00
    outer loop
      vertex   -1.500000e+00 7.840325e+01 -2.402562e+01
      vertex   -1.500000e+00 8.157176e+01 -2.168991e+01
      vertex   -1.500000e+00 8.602562e+01 -2.159675e+01
    endloop
  endfacet
  facet normal -1.000000e+00 -0.000000e+00 0.000000e+00
    outer loop
      vertex   -1.500000e+00 8.602562e+01 -2.159675e+01
      vertex   -1.500000e+00 8.157176e+01 -2.168991e+01
      vertex   -1.500000e+00 8.211853e+01 -2.151225e+01
    endloop
  endfacet
  facet normal -1.000000e+00 0.000000e+00 0.000000e+00
    outer loop
      vertex   -1.500000e+00 8.602562e+01 -2.159675e+01
      vertex   -1.500000e+00 8.211853e+01 -2.151225e+01
      vertex   -1.500000e+00 8.261641e+01 -2.122480e+01
    endloop
  endfacet
  facet normal -1.000000e+00 0.000000e+00 0.000000e+00
    outer loop
      vertex   -1.500000e+00 8.261641e+01 -2.122480e+01
      vertex   -1.500000e+00 8.304365e+01 -2.084011e+01
      vertex   -1.500000e+00 8.602562e+01 -2.159675e+01
    endloop
  endfacet
  facet normal -1.000000e+00 0.000000e+00 0.000000e+00
    outer loop
      vertex   -1.500000e+00 8.602562e+01 -2.159675e+01
      vertex   -1.500000e+00 8.304365e+01 -2.084011e+01
      vertex   -1.500000e+00 8.338157e+01 -2.037500e+01
    endloop
  endfacet
  facet normal -1.000000e+00 0.000000e+00 0.000000e+00
    outer loop
      vertex   -1.500000e+00 8.602562e+01 -2.159675e+01
      vertex   -1.500000e+00 8.338157e+01 -2.037500e+01
      vertex   -1.500000e+00 8.361541e+01 -1.984980e+01
    endloop
  endfacet
  facet normal -1.000000e+00 0.000000e+00 0.000000e+00
    outer loop
      vertex   -1.500000e+00 8.361541e+01 -1.984980e+01
      vertex   -1.500000e+00 8.373494e+01 -1.928745e+01
      vertex   -1.500000e+00 8.602562e+01 -2.159675e+01
    endloop
  endfacet
  facet normal -1.000000e+00 0.000000e+00 0.000000e+00
    outer loop
      vertex   -1.500000e+00 8.602562e+01 -2.159675e+01
      vertex   -1.500000e+00 8.373494e+01 -1.928745e+01
      vertex   -1.500000e+00 8.373494e+01 -1.871255e+01
    endloop
  endfacet
  facet normal -1.000000e+00 0.000000e+00 0.000000e+00
    outer loop
      vertex   -1.500000e+00 8.602562e+01 -2.159675e+01
      vertex   -1.500000e+00 8.373494e+01 -1.871255e+01
      vertex   -1.500000e+00 8.361541e+01 -1.815020e+01
    endloop
  endfacet
  facet normal -1.000000e+00 0.000000e+00 0.000000e+00
    outer loop
      vertex   -1.500000e+00 8.602562e+01 -2.159675e+01
      vertex   -1.500000e+00 8.361541e+01 -1.815020e+01
      vertex   -1.500000e+00 8.359675e+01 -1.397438e+01
    endloop
  endfacet
  facet normal -1.000000e+00 0.000000e+00 -0.000000e+00
    outer loop
      vertex   -1.500000e+00 8.359675e+01 -1.397438e+01
      vertex   -1.500000e+00 8.361541e+01 -1.815020e+01
      vertex   -1.500000e+00 8.338157e+01 -1.762500e+01
    endloop
  endfacet
  facet normal -1.000000e+00 0.000000e+00 0.000000e+00
    outer loop
      vertex   -1.500000e+00 8.359675e+01 -1.397438e+01
      vertex   -1.500000e+00 8.338157e+01 -1.762500e+01
      vertex   -1.500000e+00 8.304365e+01 -1.715989e+01
    endloop
  endfacet
  facet normal -1.000000e+00 0.000000e+00 0.000000e+00
    outer loop
      vertex   -1.500000e+00 8.304365e+01 -1.715989e+01
      vertex   -1.500000e+00 8.261641e+01 -1.677520e+01
      vertex   -1.500000e+00 8.359675e+01 -1.397438e+01
    endloop
  endfacet
  facet normal -1.000000e+00 0.000000e+00 0.000000e+00
    outer loop
      vertex   -1.500000e+00 8.359675e+01 -1.397438e+01
      vertex   -1.500000e+00 8.261641e+01 -1.677520e+01
      vertex   -1.500000e+00 8.211853e+01 -1.648775e+01
    endloop
  endfacet
  facet normal -1.000000e+00 0.000000e+00 0.000000e+00
    outer loop
      vertex   -1.500000e+00 8.359675e+01 -1.397438e+01
      vertex   -1.500000e+00 8.211853e+01 -1.648775e+01
      vertex   -1.500000e+00 8.157176e+01 -1.631009e+01
    endloop
  endfacet
  facet normal -1.000000e+00 -0.000000e+00 0.000000e+00
    outer loop
      vertex   -5.000000e-01 9.000000e+01 -5.000000e+01
      vertex   -5.000000e-01 8.731306e+01 -5.557573e+01
      vertex   -5.000000e-01 8.200000e+01 -5.000000e+01
    endloop
  endfacet
  facet normal -1.000000e+00 0.000000e+00 0.000000e+00
    outer loop
      vertex   -5.000000e-01 8.200000e+01 -5.000000e+01
      vertex   -5.000000e-01 8.731306e+01 -5.557573e+01
      vertex   -5.000000e-01 8.721771e+01 -5.570000e+01
    endloop
  endfacet
  facet normal -1.000000e+00 0.000000e+00 0.000000e+00
    outer loop
      vertex   -5.000000e-01 8.200000e+01 -5.000000e+01
      vertex   -5.000000e-01 8.721771e+01 -5.570000e+01
      vertex   -5.000000e-01 8.715777e+01 -5.584471e+01
    endloop
  endfacet
  facet normal -1.000000e+00 8.275335e-17 0.000000e+00
    outer loop
      vertex   -5.000000e-01 9.000000e+01 -4.200000e+01
      vertex   -5.000000e-01 9.134161e+01 -4.463437e+01
      vertex   -5.000000e-01 9.000000e+01 -5.000000e+01
    endloop
  endfacet
  facet normal -1.000000e+00 5.120706e-17 7.887731e-18
    outer loop
      vertex   -5.000000e-01 9.000000e+01 -5.000000e+01
      vertex   -5.000000e-01 9.134161e+01 -4.463437e+01
      vertex   -5.000000e-01 9.139410e+01 -4.497514e+01
    endloop
  endfacet
  facet normal -1.000000e+00 5.100523e-17 7.943729e-18
    outer loop
      vertex   -5.000000e-01 9.000000e+01 -5.000000e+01
      vertex   -5.000000e-01 9.139410e+01 -4.497514e+01
      vertex   -5.000000e-01 9.144002e+01 -4.527000e+01
    endloop
  endfacet
  facet normal -1.000000e+00 0.000000e+00 0.000000e+00
    outer loop
      vertex   -5.000000e-01 8.200000e+01 -4.200000e+01
      vertex   -5.000000e-01 8.600000e+01 -3.160000e+01
      vertex   -5.000000e-01 9.000000e+01 -4.200000e+01
    endloop
  endfacet
  facet normal -1.000000e+00 0.000000e+00 0.000000e+00
    outer loop
      vertex   -5.000000e-01 9.000000e+01 -4.200000e+01
      vertex   -5.000000e-01 8.600000e+01 -3.160000e+01
      vertex   -5.000000e-01 8.615529e+01 -3.157956e+01
    endloop
  endfacet
  facet normal -1.000000e+00 0.000000e+00 0.000000e+00
    outer loop
      vertex   -5.000000e-01 9.000000e+01 -4.200000e+01
      vertex   -5.000000e-01 8.615529e+01 -3.157956e+01
      vertex   -5.000000e-01 8.630000e+01 -3.151962e+01
    endloop
  endfacet
  facet normal -1.000000e+00 0.000000e+00 0.000000e+00
    outer loop
      vertex   -5.000000e-01 8.200000e+01 -5.000000e+01
      vertex   -5.000000e-01 8.095359e+01 -4.626071e+01
      vertex   -5.000000e-01 8.200000e+01 -4.200000e+01
    endloop
  endfacet
  facet normal -1.000000e+00 0.000000e+00 0.000000e+00
    outer loop
      vertex   -5.000000e-01 8.200000e+01 -4.200000e+01
      vertex   -5.000000e-01 8.095359e+01 -4.626071e+01
      vertex   -5.000000e-01 8.094471e+01 -4.588034e+01
    endloop
  endfacet
  facet normal -1.000000e+00 0.000000e+00 0.000000e+00
    outer loop
      vertex   -5.000000e-01 8.200000e+01 -4.200000e+01
      vertex   -5.000000e-01 8.094471e+01 -4.588034e+01
      vertex   -5.000000e-01 8.092677e+01 -4.538119e+01
    endloop
  endfacet
  facet normal -1.000000e+00 -0.000000e+00 0.000000e+00
    outer loop
      vertex   -5.000000e-01 7.472450e+01 -7.068790e+00
      vertex   -5.000000e-01 7.359284e+01 -1.119960e+01
      vertex   -5.000000e-01 7.412528e+01 -6.785729e+00
    endloop
  endfacet
  facet normal -1.000000e+00 0.000000e+00 0.000000e+00
    outer loop
      vertex   -5.000000e-01 7.412528e+01 -6.785729e+00
      vertex   -5.000000e-01 7.359284e+01 -1.119960e+01
      vertex   -5.000000e-01 7.333077e+01 -1.042692e+01
    endloop
  endfacet
  facet normal -1.000000e+00 -0.000000e+00 0.000000e+00
    outer loop
      vertex   -5.000000e-01 7.412528e+01 -6.785729e+00
      vertex   -5.000000e-01 7.333077e+01 -1.042692e+01
      vertex   -5.000000e-01 7.361672e+01 -6.653455e+00
    endloop
  endfacet
  facet normal -1.000000e+00 0.000000e+00 0.000000e+00
    outer loop
      vertex   -5.000000e-01 7.361672e+01 -6.653455e+00
      vertex   -5.000000e-01 7.333077e+01 -1.042692e+01
      vertex   -5.000000e-01 7.315434e+01 -9.977549e+00
    endloop
  endfacet
  facet normal -1.000000e+00 0.000000e+00 0.000000e+00
    outer loop
      vertex   -5.000000e-01 7.361672e+01 -6.653455e+00
      vertex   -5.000000e-01 7.315434e+01 -9.977549e+00
      vertex   -5.000000e-01 7.295022e+01 -9.524040e+00
    endloop
  endfacet
  facet normal -1.000000e+00 9.741491e-17 -8.764020e-18
    outer loop
      vertex   -5.000000e-01 7.527193e+01 -7.317896e+00
      vertex   -5.000000e-01 7.422068e+01 -1.266894e+01
      vertex   -5.000000e-01 7.472450e+01 -7.068790e+00
    endloop
  endfacet
  facet normal -1.000000e+00 0.000000e+00 0.000000e+00
    outer loop
      vertex   -5.000000e-01 7.472450e+01 -7.068790e+00
      vertex   -5.000000e-01 7.422068e+01 -1.266894e+01
      vertex   -5.000000e-01 7.397281e+01 -1.212462e+01
    endloop
  endfacet
  facet normal -1.000000e+00 0.000000e+00 0.000000e+00
    outer loop
      vertex   -5.000000e-01 7.472450e+01 -7.068790e+00
      vertex   -5.000000e-01 7.397281e+01 -1.212462e+01
      vertex   -5.000000e-01 7.375896e+01 -1.163472e+01
    endloop
  endfacet
  facet normal -1.000000e+00 -5.092741e-17 1.211490e-17
    outer loop
      vertex   -5.000000e-01 7.626121e+01 -7.741306e+00
      vertex   -5.000000e-01 7.477551e+01 -1.398676e+01
      vertex   -5.000000e-01 7.527193e+01 -7.317896e+00
    endloop
  endfacet
  facet normal -1.000000e+00 3.498873e-16 -1.772117e-17
    outer loop
      vertex   -5.000000e-01 7.527193e+01 -7.317896e+00
      vertex   -5.000000e-01 7.477551e+01 -1.398676e+01
      vertex   -5.000000e-01 7.449356e+01 -1.328869e+01
    endloop
  endfacet
  facet normal -1.000000e+00 -2.650363e-16 6.244235e-17
    outer loop
      vertex   -5.000000e-01 7.527193e+01 -7.317896e+00
      vertex   -5.000000e-01 7.449356e+01 -1.328869e+01
      vertex   -5.000000e-01 7.422068e+01 -1.266894e+01
    endloop
  endfacet
  facet normal -1.000000e+00 -0.000000e+00 0.000000e+00
    outer loop
      vertex   -5.000000e-01 7.726294e+01 -8.150354e+00
      vertex   -5.000000e-01 7.597438e+01 -1.640325e+01
      vertex   -5.000000e-01 7.626121e+01 -7.741306e+00
    endloop
  endfacet
  facet normal -1.000000e+00 0.000000e+00 0.000000e+00
    outer loop
      vertex   -5.000000e-01 7.626121e+01 -7.741306e+00
      vertex   -5.000000e-01 7.597438e+01 -1.640325e+01
      vertex   -5.000000e-01 7.522565e+01 -1.527440e+01
    endloop
  endfacet
  facet normal -1.000000e+00 0.000000e+00 0.000000e+00
    outer loop
      vertex   -5.000000e-01 7.626121e+01 -7.741306e+00
      vertex   -5.000000e-01 7.522565e+01 -1.527440e+01
      vertex   -5.000000e-01 7.501035e+01 -1.463454e+01
    endloop
  endfacet
  facet normal -1.000000e+00 0.000000e+00 -0.000000e+00
    outer loop
      vertex   -5.000000e-01 7.726294e+01 -8.150354e+00
      vertex   -5.000000e-01 7.782593e+01 -8.381508e+00
      vertex   -5.000000e-01 7.597438e+01 -1.640325e+01
    endloop
  endfacet
  facet normal -1.000000e+00 0.000000e+00 0.000000e+00
    outer loop
      vertex   -5.000000e-01 7.597438e+01 -1.640325e+01
      vertex   -5.000000e-01 7.782593e+01 -8.381508e+00
      vertex   -5.000000e-01 7.845442e+01 -8.644755e+00
    endloop
  endfacet
  facet normal -1.000000e+00 0.000000e+00 0.000000e+00
    outer loop
      vertex   -5.000000e-01 7.597438e+01 -1.640325e+01
      vertex   -5.000000e-01 7.845442e+01 -8.644755e+00
      vertex   -5.000000e-01 7.870369e+01 -8.753880e+00
    endloop
  endfacet
  facet normal -1.000000e+00 0.000000e+00 -0.000000e+00
    outer loop
      vertex   -5.000000e-01 7.870369e+01 -8.753880e+00
      vertex   -5.000000e-01 7.889264e+01 -8.848037e+00
      vertex   -5.000000e-01 7.597438e+01 -1.640325e+01
    endloop
  endfacet
  facet normal -1.000000e+00 0.000000e+00 0.000000e+00
    outer loop
      vertex   -5.000000e-01 7.597438e+01 -1.640325e+01
      vertex   -5.000000e-01 7.889264e+01 -8.848037e+00
      vertex   -5.000000e-01 7.907250e+01 -8.955512e+00
    endloop
  endfacet
  facet normal -1.000000e+00 0.000000e+00 0.000000e+00
    outer loop
      vertex   -5.000000e-01 7.597438e+01 -1.640325e+01
      vertex   -5.000000e-01 7.907250e+01 -8.955512e+00
      vertex   -5.000000e-01 7.929449e+01 -9.104590e+00
    endloop
  endfacet
  facet normal -1.000000e+00 0.000000e+00 -0.000000e+00
    outer loop
      vertex   -5.000000e-01 7.929449e+01 -9.104590e+00
      vertex   -5.000000e-01 7.986394e+01 -9.481968e+00
      vertex   -5.000000e-01 7.597438e+01 -1.640325e+01
    endloop
  endfacet
  facet normal -1.000000e+00 0.000000e+00 0.000000e+00
    outer loop
      vertex   -5.000000e-01 7.597438e+01 -1.640325e+01
      vertex   -5.000000e-01 7.986394e+01 -9.481968e+00
      vertex   -5.000000e-01 8.013182e+01 -9.661301e+00
    endloop
  endfacet
  facet normal -1.000000e+00 0.000000e+00 0.000000e+00
    outer loop
      vertex   -5.000000e-01 7.597438e+01 -1.640325e+01
      vertex   -5.000000e-01 8.013182e+01 -9.661301e+00
      vertex   -5.000000e-01 8.029907e+01 -9.789254e+00
    endloop
  endfacet
  facet normal -1.000000e+00 0.000000e+00 -0.000000e+00
    outer loop
      vertex   -5.000000e-01 8.029907e+01 -9.789254e+00
      vertex   -5.000000e-01 8.052306e+01 -9.974644e+00
      vertex   -5.000000e-01 7.597438e+01 -1.640325e+01
    endloop
  endfacet
  facet normal -1.000000e+00 0.000000e+00 0.000000e+00
    outer loop
      vertex   -5.000000e-01 7.597438e+01 -1.640325e+01
      vertex   -5.000000e-01 8.052306e+01 -9.974644e+00
      vertex   -5.000000e-01 8.106297e+01 -1.045420e+01
    endloop
  endfacet
  facet normal -1.000000e+00 0.000000e+00 0.000000e+00
    outer loop
      vertex   -5.000000e-01 7.597438e+01 -1.640325e+01
      vertex   -5.000000e-01 8.106297e+01 -1.045420e+01
      vertex   -5.000000e-01 8.159480e+01 -1.097268e+01
    endloop
  endfacet
  facet normal -1.000000e+00 0.000000e+00 -0.000000e+00
    outer loop
      vertex   -5.000000e-01 8.159480e+01 -1.097268e+01
      vertex   -5.000000e-01 8.202911e+01 -1.146983e+01
      vertex   -5.000000e-01 7.597438e+01 -1.640325e+01
    endloop
  endfacet
  facet normal -1.000000e+00 0.000000e+00 0.000000e+00
    outer loop
      vertex   -5.000000e-01 7.597438e+01 -1.640325e+01
      vertex   -5.000000e-01 8.202911e+01 -1.146983e+01
      vertex   -5.000000e-01 8.242986e+01 -1.199894e+01
    endloop
  endfacet
  facet normal -1.000000e+00 0.000000e+00 0.000000e+00
    outer loop
      vertex   -5.000000e-01 7.597438e+01 -1.640325e+01
      vertex   -5.000000e-01 8.242986e+01 -1.199894e+01
      vertex   -5.000000e-01 8.278391e+01 -1.250234e+01
    endloop
  endfacet
  facet normal -1.000000e+00 0.000000e+00 0.000000e+00
    outer loop
      vertex   -5.000000e-01 7.597438e+01 -1.640325e+01
      vertex   -5.000000e-01 8.278391e+01 -1.250234e+01
      vertex   -5.000000e-01 8.359675e+01 -1.397438e+01
    endloop
  endfacet
  facet normal -1.000000e+00 0.000000e+00 0.000000e+00
    outer loop
      vertex   -5.000000e-01 8.359675e+01 -1.397438e+01
      vertex   -5.000000e-01 8.278391e+01 -1.250234e+01
      vertex   -5.000000e-01 8.308993e+01 -1.295403e+01
    endloop
  endfacet
  facet normal -1.000000e+00 0.000000e+00 0.000000e+00
    outer loop
      vertex   -5.000000e-01 8.359675e+01 -1.397438e+01
      vertex   -5.000000e-01 8.308993e+01 -1.295403e+01
      vertex   -5.000000e-01 8.343177e+01 -1.353257e+01
    endloop
  endfacet
  facet normal -1.000000e+00 0.000000e+00 0.000000e+00
    outer loop
      vertex   -5.000000e-01 8.343177e+01 -1.353257e+01
      vertex   -5.000000e-01 8.376527e+01 -1.414058e+01
      vertex   -5.000000e-01 8.359675e+01 -1.397438e+01
    endloop
  endfacet
  facet normal -1.000000e+00 0.000000e+00 0.000000e+00
    outer loop
      vertex   -5.000000e-01 8.359675e+01 -1.397438e+01
      vertex   -5.000000e-01 8.376527e+01 -1.414058e+01
      vertex   -5.000000e-01 8.404165e+01 -1.467006e+01
    endloop
  endfacet
  facet normal -1.000000e+00 0.000000e+00 0.000000e+00
    outer loop
      vertex   -5.000000e-01 8.359675e+01 -1.397438e+01
      vertex   -5.000000e-01 8.404165e+01 -1.467006e+01
      vertex   -5.000000e-01 8.419628e+01 -1.498866e+01
    endloop
  endfacet
  facet normal -1.000000e+00 -0.000000e+00 -0.000000e+00
    outer loop
      vertex   -5.000000e-01 8.419628e+01 -1.498866e+01
      vertex   -5.000000e-01 8.436087e+01 -1.533881e+01
      vertex   -5.000000e-01 8.359675e+01 -1.397438e+01
    endloop
  endfacet
  facet normal -1.000000e+00 0.000000e+00 0.000000e+00
    outer loop
      vertex   -5.000000e-01 8.359675e+01 -1.397438e+01
      vertex   -5.000000e-01 8.436087e+01 -1.533881e+01
      vertex   -5.000000e-01 8.602562e+01 -2.159675e+01
    endloop
  endfacet
  facet normal -1.000000e+00 0.000000e+00 0.000000e+00
    outer loop
      vertex   -5.000000e-01 8.602562e+01 -2.159675e+01
      vertex   -5.000000e-01 8.436087e+01 -1.533881e+01
      vertex   -5.000000e-01 8.468060e+01 -1.603895e+01
    endloop
  endfacet
  facet normal -1.000000e+00 0.000000e+00 0.000000e+00
    outer loop
      vertex   -5.000000e-01 8.602562e+01 -2.159675e+01
      vertex   -5.000000e-01 8.468060e+01 -1.603895e+01
      vertex   -5.000000e-01 8.481605e+01 -1.634153e+01
    endloop
  endfacet
  facet normal -1.000000e+00 -2.178132e-15 -5.013319e-16
    outer loop
      vertex   -5.000000e-01 8.481605e+01 -1.634153e+01
      vertex   -5.000000e-01 8.492211e+01 -1.658086e+01
      vertex   -5.000000e-01 8.602562e+01 -2.159675e+01
    endloop
  endfacet
  facet normal -1.000000e+00 3.232896e-15 6.891161e-16
    outer loop
      vertex   -5.000000e-01 8.602562e+01 -2.159675e+01
      vertex   -5.000000e-01 8.492211e+01 -1.658086e+01
      vertex   -5.000000e-01 8.498893e+01 -1.673324e+01
    endloop
  endfacet
  facet normal -1.000000e+00 4.267089e-15 9.095621e-16
    outer loop
      vertex   -5.000000e-01 8.602562e+01 -2.159675e+01
      vertex   -5.000000e-01 8.498893e+01 -1.673324e+01
      vertex   -5.000000e-01 8.501480e+01 -1.679357e+01
    endloop
  endfacet
  facet normal -1.000000e+00 2.733025e-15 5.867198e-16
    outer loop
      vertex   -5.000000e-01 8.501480e+01 -1.679357e+01
      vertex   -5.000000e-01 8.505702e+01 -1.689562e+01
      vertex   -5.000000e-01 8.602562e+01 -2.159675e+01
    endloop
  endfacet
  facet normal -1.000000e+00 -2.443285e-15 -4.797905e-16
    outer loop
      vertex   -5.000000e-01 8.602562e+01 -2.159675e+01
      vertex   -5.000000e-01 8.505702e+01 -1.689562e+01
      vertex   -5.000000e-01 8.514762e+01 -1.712561e+01
    endloop
  endfacet
  facet normal -1.000000e+00 0.000000e+00 0.000000e+00
    outer loop
      vertex   -5.000000e-01 8.602562e+01 -2.159675e+01
      vertex   -5.000000e-01 8.514762e+01 -1.712561e+01
      vertex   -5.000000e-01 8.534898e+01 -1.767298e+01
    endloop
  endfacet
  facet normal -1.000000e+00 0.000000e+00 0.000000e+00
    outer loop
      vertex   -5.000000e-01 8.534898e+01 -1.767298e+01
      vertex   -5.000000e-01 8.556863e+01 -1.830613e+01
      vertex   -5.000000e-01 8.602562e+01 -2.159675e+01
    endloop
  endfacet
  facet normal -1.000000e+00 0.000000e+00 0.000000e+00
    outer loop
      vertex   -5.000000e-01 8.602562e+01 -2.159675e+01
      vertex   -5.000000e-01 8.556863e+01 -1.830613e+01
      vertex   -5.000000e-01 8.602165e+01 -1.968229e+01
    endloop
  endfacet
  facet normal -1.000000e+00 0.000000e+00 0.000000e+00
    outer loop
      vertex   -5.000000e-01 8.602562e+01 -2.159675e+01
      vertex   -5.000000e-01 8.602165e+01 -1.968229e+01
      vertex   -5.000000e-01 8.623445e+01 -2.035155e+01
    endloop
  endfacet
  facet normal -1.000000e+00 0.000000e+00 -0.000000e+00
    outer loop
      vertex   -5.000000e-01 8.623445e+01 -2.035155e+01
      vertex   -5.000000e-01 8.642439e+01 -2.095909e+01
      vertex   -5.000000e-01 8.602562e+01 -2.159675e+01
    endloop
  endfacet
  facet normal -1.000000e+00 0.000000e+00 0.000000e+00
    outer loop
      vertex   -5.000000e-01 8.602562e+01 -2.159675e+01
      vertex   -5.000000e-01 8.642439e+01 -2.095909e+01
      vertex   -5.000000e-01 8.658118e+01 -2.146803e+01
    endloop
  endfacet
  facet normal -1.000000e+00 0.000000e+00 0.000000e+00
    outer loop
      vertex   -5.000000e-01 8.602562e+01 -2.159675e+01
      vertex   -5.000000e-01 8.658118e+01 -2.146803e+01
      vertex   -5.000000e-01 8.664393e+01 -2.167400e+01
    endloop
  endfacet
  facet normal -1.000000e+00 -0.000000e+00 -0.000000e+00
    outer loop
      vertex   -5.000000e-01 8.664393e+01 -2.167400e+01
      vertex   -5.000000e-01 8.669454e+01 -2.184150e+01
      vertex   -5.000000e-01 8.602562e+01 -2.159675e+01
    endloop
  endfacet
  facet normal -1.000000e+00 0.000000e+00 0.000000e+00
    outer loop
      vertex   -5.000000e-01 8.602562e+01 -2.159675e+01
      vertex   -5.000000e-01 8.669454e+01 -2.184150e+01
      vertex   -5.000000e-01 8.673565e+01 -2.197879e+01
    endloop
  endfacet
  facet normal -1.000000e+00 0.000000e+00 0.000000e+00
    outer loop
      vertex   -5.000000e-01 8.602562e+01 -2.159675e+01
      vertex   -5.000000e-01 8.673565e+01 -2.197879e+01
      vertex   -5.000000e-01 8.679016e+01 -2.216218e+01
    endloop
  endfacet
  facet normal -1.000000e+00 -0.000000e+00 -0.000000e+00
    outer loop
      vertex   -5.000000e-01 8.679016e+01 -2.216218e+01
      vertex   -5.000000e-01 8.686167e+01 -2.240833e+01
      vertex   -5.000000e-01 8.602562e+01 -2.159675e+01
    endloop
  endfacet
  facet normal -1.000000e+00 0.000000e+00 0.000000e+00
    outer loop
      vertex   -5.000000e-01 8.602562e+01 -2.159675e+01
      vertex   -5.000000e-01 8.686167e+01 -2.240833e+01
      vertex   -5.000000e-01 8.694983e+01 -2.272118e+01
    endloop
  endfacet
  facet normal -1.000000e+00 0.000000e+00 0.000000e+00
    outer loop
      vertex   -5.000000e-01 8.602562e+01 -2.159675e+01
      vertex   -5.000000e-01 8.694983e+01 -2.272118e+01
      vertex   -5.000000e-01 8.705431e+01 -2.310472e+01
    endloop
  endfacet
  facet normal -1.000000e+00 -0.000000e+00 -0.000000e+00
    outer loop
      vertex   -5.000000e-01 8.705431e+01 -2.310472e+01
      vertex   -5.000000e-01 8.717477e+01 -2.356292e+01
      vertex   -5.000000e-01 8.602562e+01 -2.159675e+01
    endloop
  endfacet
  facet normal -1.000000e+00 0.000000e+00 -0.000000e+00
    outer loop
      vertex   -5.000000e-01 8.602562e+01 -2.159675e+01
      vertex   -5.000000e-01 8.717477e+01 -2.356292e+01
      vertex   -5.000000e-01 8.584471e+01 -3.042045e+01
    endloop
  endfacet
  facet normal -1.000000e+00 0.000000e+00 0.000000e+00
    outer loop
      vertex   -5.000000e-01 8.602562e+01 -2.159675e+01
      vertex   -5.000000e-01 8.584471e+01 -3.042045e+01
      vertex   -5.000000e-01 8.570000e+01 -3.048039e+01
    endloop
  endfacet
  facet normal -1.000000e+00 0.000000e+00 0.000000e+00
    outer loop
      vertex   -5.000000e-01 8.584471e+01 -3.042045e+01
      vertex   -5.000000e-01 8.717477e+01 -2.356292e+01
      vertex   -5.000000e-01 8.600000e+01 -3.040000e+01
    endloop
  endfacet
  facet normal -1.000000e+00 0.000000e+00 0.000000e+00
    outer loop
      vertex   -5.000000e-01 8.600000e+01 -3.040000e+01
      vertex   -5.000000e-01 8.717477e+01 -2.356292e+01
      vertex   -5.000000e-01 8.731087e+01 -2.409974e+01
    endloop
  endfacet
  facet normal -1.000000e+00 0.000000e+00 0.000000e+00
    outer loop
      vertex   -5.000000e-01 8.600000e+01 -3.040000e+01
      vertex   -5.000000e-01 8.731087e+01 -2.409974e+01
      vertex   -5.000000e-01 8.615529e+01 -3.042045e+01
    endloop
  endfacet
  facet normal -1.000000e+00 0.000000e+00 0.000000e+00
    outer loop
      vertex   -5.000000e-01 8.615529e+01 -3.042045e+01
      vertex   -5.000000e-01 8.731087e+01 -2.409974e+01
      vertex   -5.000000e-01 8.746226e+01 -2.471915e+01
    endloop
  endfacet
  facet normal -1.000000e+00 0.000000e+00 0.000000e+00
    outer loop
      vertex   -5.000000e-01 8.615529e+01 -3.042045e+01
      vertex   -5.000000e-01 8.746226e+01 -2.471915e+01
      vertex   -5.000000e-01 8.630000e+01 -3.048039e+01
    endloop
  endfacet
  facet normal -1.000000e+00 0.000000e+00 0.000000e+00
    outer loop
      vertex   -5.000000e-01 8.630000e+01 -3.048039e+01
      vertex   -5.000000e-01 8.746226e+01 -2.471915e+01
      vertex   -5.000000e-01 8.762861e+01 -2.542513e+01
    endloop
  endfacet
  facet normal -1.000000e+00 0.000000e+00 0.000000e+00
    outer loop
      vertex   -5.000000e-01 8.630000e+01 -3.048039e+01
      vertex   -5.000000e-01 8.762861e+01 -2.542513e+01
      vertex   -5.000000e-01 8.642426e+01 -3.057574e+01
    endloop
  endfacet
  facet normal -1.000000e+00 0.000000e+00 0.000000e+00
    outer loop
      vertex   -5.000000e-01 8.642426e+01 -3.057574e+01
      vertex   -5.000000e-01 8.762861e+01 -2.542513e+01
      vertex   -5.000000e-01 8.780958e+01 -2.622164e+01
    endloop
  endfacet
  facet normal -1.000000e+00 0.000000e+00 0.000000e+00
    outer loop
      vertex   -5.000000e-01 8.642426e+01 -3.057574e+01
      vertex   -5.000000e-01 8.780958e+01 -2.622164e+01
      vertex   -5.000000e-01 8.651962e+01 -3.070000e+01
    endloop
  endfacet
  facet normal -1.000000e+00 0.000000e+00 0.000000e+00
    outer loop
      vertex   -5.000000e-01 8.651962e+01 -3.070000e+01
      vertex   -5.000000e-01 8.780958e+01 -2.622164e+01
      vertex   -5.000000e-01 8.800482e+01 -2.711266e+01
    endloop
  endfacet
  facet normal -1.000000e+00 0.000000e+00 0.000000e+00
    outer loop
      vertex   -5.000000e-01 8.651962e+01 -3.070000e+01
      vertex   -5.000000e-01 8.800482e+01 -2.711266e+01
      vertex   -5.000000e-01 8.657956e+01 -3.084471e+01
    endloop
  endfacet
  facet normal -1.000000e+00 0.000000e+00 0.000000e+00
    outer loop
      vertex   -5.000000e-01 8.657956e+01 -3.084471e+01
      vertex   -5.000000e-01 8.800482e+01 -2.711266e+01
      vertex   -5.000000e-01 8.821399e+01 -2.810215e+01
    endloop
  endfacet
  facet normal -1.000000e+00 0.000000e+00 0.000000e+00
    outer loop
      vertex   -5.000000e-01 8.657956e+01 -3.084471e+01
      vertex   -5.000000e-01 8.821399e+01 -2.810215e+01
      vertex   -5.000000e-01 8.843676e+01 -2.919408e+01
    endloop
  endfacet
  facet normal -1.000000e+00 0.000000e+00 0.000000e+00
    outer loop
      vertex   -5.000000e-01 8.657956e+01 -3.084471e+01
      vertex   -5.000000e-01 8.843676e+01 -2.919408e+01
      vertex   -5.000000e-01 8.660000e+01 -3.100000e+01
    endloop
  endfacet
  facet normal -1.000000e+00 0.000000e+00 0.000000e+00
    outer loop
      vertex   -5.000000e-01 8.660000e+01 -3.100000e+01
      vertex   -5.000000e-01 8.843676e+01 -2.919408e+01
      vertex   -5.000000e-01 8.867278e+01 -3.039243e+01
    endloop
  endfacet
  facet normal -1.000000e+00 0.000000e+00 -0.000000e+00
    outer loop
      vertex   -5.000000e-01 8.660000e+01 -3.100000e+01
      vertex   -5.000000e-01 8.867278e+01 -3.039243e+01
      vertex   -5.000000e-01 8.657956e+01 -3.115529e+01
    endloop
  endfacet
  facet normal -1.000000e+00 -1.190753e-16 3.267337e-16
    outer loop
      vertex   -5.000000e-01 8.657956e+01 -3.115529e+01
      vertex   -5.000000e-01 8.867278e+01 -3.039243e+01
      vertex   -5.000000e-01 8.879466e+01 -3.102760e+01
    endloop
  endfacet
  facet normal -1.000000e+00 -7.756980e-17 -3.933005e-16
    outer loop
      vertex   -5.000000e-01 8.657956e+01 -3.115529e+01
      vertex   -5.000000e-01 8.879466e+01 -3.102760e+01
      vertex   -5.000000e-01 8.890496e+01 -3.161393e+01
    endloop
  endfacet
  facet normal -1.000000e+00 -0.000000e+00 -0.000000e+00
    outer loop
      vertex   -5.000000e-01 8.890496e+01 -3.161393e+01
      vertex   -5.000000e-01 8.900058e+01 -3.213408e+01
      vertex   -5.000000e-01 8.657956e+01 -3.115529e+01
    endloop
  endfacet
  facet normal -1.000000e+00 0.000000e+00 0.000000e+00
    outer loop
      vertex   -5.000000e-01 8.657956e+01 -3.115529e+01
      vertex   -5.000000e-01 8.900058e+01 -3.213408e+01
      vertex   -5.000000e-01 8.908321e+01 -3.259532e+01
    endloop
  endfacet
  facet normal -1.000000e+00 0.000000e+00 -0.000000e+00
    outer loop
      vertex   -5.000000e-01 8.657956e+01 -3.115529e+01
      vertex   -5.000000e-01 8.908321e+01 -3.259532e+01
      vertex   -5.000000e-01 8.651962e+01 -3.130000e+01
    endloop
  endfacet
  facet normal -1.000000e+00 0.000000e+00 0.000000e+00
    outer loop
      vertex   -5.000000e-01 8.651962e+01 -3.130000e+01
      vertex   -5.000000e-01 8.908321e+01 -3.259532e+01
      vertex   -5.000000e-01 8.915454e+01 -3.300495e+01
    endloop
  endfacet
  facet normal -1.000000e+00 0.000000e+00 0.000000e+00
    outer loop
      vertex   -5.000000e-01 8.651962e+01 -3.130000e+01
      vertex   -5.000000e-01 8.915454e+01 -3.300495e+01
      vertex   -5.000000e-01 8.921626e+01 -3.337022e+01
    endloop
  endfacet
  facet normal -1.000000e+00 -0.000000e+00 -0.000000e+00
    outer loop
      vertex   -5.000000e-01 8.921626e+01 -3.337022e+01
      vertex   -5.000000e-01 8.931762e+01 -3.399679e+01
      vertex   -5.000000e-01 8.651962e+01 -3.130000e+01
    endloop
  endfacet
  facet normal -1.000000e+00 0.000000e+00 0.000000e+00
    outer loop
      vertex   -5.000000e-01 8.651962e+01 -3.130000e+01
      vertex   -5.000000e-01 8.931762e+01 -3.399679e+01
      vertex   -5.000000e-01 8.940081e+01 -3.453322e+01
    endloop
  endfacet
  facet normal -1.000000e+00 0.000000e+00 -0.000000e+00
    outer loop
      vertex   -5.000000e-01 8.651962e+01 -3.130000e+01
      vertex   -5.000000e-01 8.940081e+01 -3.453322e+01
      vertex   -5.000000e-01 8.642426e+01 -3.142426e+01
    endloop
  endfacet
  facet normal -1.000000e+00 0.000000e+00 0.000000e+00
    outer loop
      vertex   -5.000000e-01 8.642426e+01 -3.142426e+01
      vertex   -5.000000e-01 8.940081e+01 -3.453322e+01
      vertex   -5.000000e-01 8.947935e+01 -3.503769e+01
    endloop
  endfacet
  facet normal -1.000000e+00 0.000000e+00 0.000000e+00
    outer loop
      vertex   -5.000000e-01 8.642426e+01 -3.142426e+01
      vertex   -5.000000e-01 8.947935e+01 -3.503769e+01
      vertex   -5.000000e-01 8.956675e+01 -3.556840e+01
    endloop
  endfacet
  facet normal -1.000000e+00 0.000000e+00 -0.000000e+00
    outer loop
      vertex   -5.000000e-01 8.642426e+01 -3.142426e+01
      vertex   -5.000000e-01 8.956675e+01 -3.556840e+01
      vertex   -5.000000e-01 8.630000e+01 -3.151962e+01
    endloop
  endfacet
  facet normal -1.000000e+00 0.000000e+00 0.000000e+00
    outer loop
      vertex   -5.000000e-01 8.630000e+01 -3.151962e+01
      vertex   -5.000000e-01 8.956675e+01 -3.556840e+01
      vertex   -5.000000e-01 8.961850e+01 -3.586336e+01
    endloop
  endfacet
  facet normal -1.000000e+00 0.000000e+00 0.000000e+00
    outer loop
      vertex   -5.000000e-01 8.630000e+01 -3.151962e+01
      vertex   -5.000000e-01 8.961850e+01 -3.586336e+01
      vertex   -5.000000e-01 8.968306e+01 -3.620301e+01
    endloop
  endfacet
  facet normal -1.000000e+00 0.000000e+00 0.000000e+00
    outer loop
      vertex   -5.000000e-01 8.630000e+01 -3.151962e+01
      vertex   -5.000000e-01 8.968306e+01 -3.620301e+01
      vertex   -5.000000e-01 9.000000e+01 -4.200000e+01
    endloop
  endfacet
  facet normal -1.000000e+00 0.000000e+00 0.000000e+00
    outer loop
      vertex   -5.000000e-01 9.000000e+01 -4.200000e+01
      vertex   -5.000000e-01 8.968306e+01 -3.620301e+01
      vertex   -5.000000e-01 8.976029e+01 -3.658530e+01
    endloop
  endfacet
  facet normal -1.000000e+00 0.000000e+00 0.000000e+00
    outer loop
      vertex   -5.000000e-01 9.000000e+01 -4.200000e+01
      vertex   -5.000000e-01 8.976029e+01 -3.658530e+01
      vertex   -5.000000e-01 8.984789e+01 -3.700112e+01
    endloop
  endfacet
  facet normal -1.000000e+00 0.000000e+00 0.000000e+00
    outer loop
      vertex   -5.000000e-01 8.984789e+01 -3.700112e+01
      vertex   -5.000000e-01 9.004511e+01 -3.789692e+01
      vertex   -5.000000e-01 9.000000e+01 -4.200000e+01
    endloop
  endfacet
  facet normal -1.000000e+00 0.000000e+00 0.000000e+00
    outer loop
      vertex   -5.000000e-01 9.000000e+01 -4.200000e+01
      vertex   -5.000000e-01 9.004511e+01 -3.789692e+01
      vertex   -5.000000e-01 9.025644e+01 -3.881758e+01
    endloop
  endfacet
  facet normal -1.000000e+00 0.000000e+00 0.000000e+00
    outer loop
      vertex   -5.000000e-01 9.000000e+01 -4.200000e+01
      vertex   -5.000000e-01 9.025644e+01 -3.881758e+01
      vertex   -5.000000e-01 9.046361e+01 -3.969028e+01
    endloop
  endfacet
  facet normal -1.000000e+00 0.000000e+00 -0.000000e+00
    outer loop
      vertex   -5.000000e-01 9.046361e+01 -3.969028e+01
      vertex   -5.000000e-01 9.055993e+01 -4.008589e+01
      vertex   -5.000000e-01 9.000000e+01 -4.200000e+01
    endloop
  endfacet
  facet normal -1.000000e+00 0.000000e+00 0.000000e+00
    outer loop
      vertex   -5.000000e-01 9.000000e+01 -4.200000e+01
      vertex   -5.000000e-01 9.055993e+01 -4.008589e+01
      vertex   -5.000000e-01 9.064835e+01 -4.044218e+01
    endloop
  endfacet
  facet normal -1.000000e+00 0.000000e+00 0.000000e+00
    outer loop
      vertex   -5.000000e-01 9.000000e+01 -4.200000e+01
      vertex   -5.000000e-01 9.064835e+01 -4.044218e+01
      vertex   -5.000000e-01 9.072660e+01 -4.075008e+01
    endloop
  endfacet
  facet normal -1.000000e+00 0.000000e+00 -0.000000e+00
    outer loop
      vertex   -5.000000e-01 9.072660e+01 -4.075008e+01
      vertex   -5.000000e-01 9.079239e+01 -4.100046e+01
      vertex   -5.000000e-01 9.000000e+01 -4.200000e+01
    endloop
  endfacet
  facet normal -1.000000e+00 0.000000e+00 0.000000e+00
    outer loop
      vertex   -5.000000e-01 9.000000e+01 -4.200000e+01
      vertex   -5.000000e-01 9.079239e+01 -4.100046e+01
      vertex   -5.000000e-01 9.090466e+01 -4.173076e+01
    endloop
  endfacet
  facet normal -1.000000e+00 4.989533e-17 -1.676516e-16
    outer loop
      vertex   -5.000000e-01 9.000000e+01 -4.200000e+01
      vertex   -5.000000e-01 9.090466e+01 -4.173076e+01
      vertex   -5.000000e-01 9.100065e+01 -4.236442e+01
    endloop
  endfacet
  facet normal -1.000000e+00 2.744466e-16 4.489442e-16
    outer loop
      vertex   -5.000000e-01 9.100065e+01 -4.236442e+01
      vertex   -5.000000e-01 9.104151e+01 -4.263669e+01
      vertex   -5.000000e-01 9.000000e+01 -4.200000e+01
    endloop
  endfacet
  facet normal -1.000000e+00 -1.568069e-16 -2.565072e-16
    outer loop
      vertex   -5.000000e-01 9.000000e+01 -4.200000e+01
      vertex   -5.000000e-01 9.104151e+01 -4.263669e+01
      vertex   -5.000000e-01 9.107707e+01 -4.287484e+01
    endloop
  endfacet
  facet normal -1.000000e+00 5.861850e-17 8.715920e-18
    outer loop
      vertex   -5.000000e-01 9.000000e+01 -4.200000e+01
      vertex   -5.000000e-01 9.107707e+01 -4.287484e+01
      vertex   -5.000000e-01 9.110691e+01 -4.307554e+01
    endloop
  endfacet
  facet normal -1.000000e+00 4.526156e-16 4.142045e-16
    outer loop
      vertex   -5.000000e-01 9.110691e+01 -4.307554e+01
      vertex   -5.000000e-01 9.113063e+01 -4.323547e+01
      vertex   -5.000000e-01 9.000000e+01 -4.200000e+01
    endloop
  endfacet
  facet normal -1.000000e+00 -1.249728e-15 -1.143670e-15
    outer loop
      vertex   -5.000000e-01 9.000000e+01 -4.200000e+01
      vertex   -5.000000e-01 9.113063e+01 -4.323547e+01
      vertex   -5.000000e-01 9.114780e+01 -4.335131e+01
    endloop
  endfacet
  facet normal -1.000000e+00 1.201880e-15 9.387107e-16
    outer loop
      vertex   -5.000000e-01 9.000000e+01 -4.200000e+01
      vertex   -5.000000e-01 9.114780e+01 -4.335131e+01
      vertex   -5.000000e-01 9.115869e+01 -4.342440e+01
    endloop
  endfacet
  facet normal -1.000000e+00 -5.938624e-16 -5.220554e-16
    outer loop
      vertex   -5.000000e-01 9.115869e+01 -4.342440e+01
      vertex   -5.000000e-01 9.117787e+01 -4.355254e+01
      vertex   -5.000000e-01 9.000000e+01 -4.200000e+01
    endloop
  endfacet
  facet normal -1.000000e+00 1.175041e-16 1.763672e-17
    outer loop
      vertex   -5.000000e-01 9.000000e+01 -4.200000e+01
      vertex   -5.000000e-01 9.117787e+01 -4.355254e+01
      vertex   -5.000000e-01 9.121462e+01 -4.379739e+01
    endloop
  endfacet
  facet normal -1.000000e+00 1.177206e-16 1.778304e-17
    outer loop
      vertex   -5.000000e-01 9.000000e+01 -4.200000e+01
      vertex   -5.000000e-01 9.121462e+01 -4.379739e+01
      vertex   -5.000000e-01 9.128197e+01 -4.424326e+01
    endloop
  endfacet
  facet normal -1.000000e+00 1.181182e-16 1.801026e-17
    outer loop
      vertex   -5.000000e-01 9.128197e+01 -4.424326e+01
      vertex   -5.000000e-01 9.134161e+01 -4.463437e+01
      vertex   -5.000000e-01 9.000000e+01 -4.200000e+01
    endloop
  endfacet
  facet normal -1.000000e+00 5.080138e-17 8.005790e-18
    outer loop
      vertex   -5.000000e-01 9.144002e+01 -4.527000e+01
      vertex   -5.000000e-01 9.147995e+01 -4.552335e+01
      vertex   -5.000000e-01 9.000000e+01 -5.000000e+01
    endloop
  endfacet
  facet normal -1.000000e+00 5.059898e-17 8.072699e-18
    outer loop
      vertex   -5.000000e-01 9.000000e+01 -5.000000e+01
      vertex   -5.000000e-01 9.147995e+01 -4.552335e+01
      vertex   -5.000000e-01 9.151445e+01 -4.573962e+01
    endloop
  endfacet
  facet normal -1.000000e+00 5.032198e-17 8.171168e-18
    outer loop
      vertex   -5.000000e-01 9.000000e+01 -5.000000e+01
      vertex   -5.000000e-01 9.151445e+01 -4.573962e+01
      vertex   -5.000000e-01 9.156949e+01 -4.607859e+01
    endloop
  endfacet
  facet normal -1.000000e+00 5.007376e-17 8.270512e-18
    outer loop
      vertex   -5.000000e-01 9.156949e+01 -4.607859e+01
      vertex   -5.000000e-01 9.160973e+01 -4.632224e+01
      vertex   -5.000000e-01 9.000000e+01 -5.000000e+01
    endloop
  endfacet
  facet normal -1.000000e+00 5.045032e-17 8.105693e-18
    outer loop
      vertex   -5.000000e-01 9.000000e+01 -5.000000e+01
      vertex   -5.000000e-01 9.160973e+01 -4.632224e+01
      vertex   -5.000000e-01 9.166490e+01 -4.666561e+01
    endloop
  endfacet
  facet normal -1.000000e+00 -9.461974e-17 8.054091e-17
    outer loop
      vertex   -5.000000e-01 9.000000e+01 -5.000000e+01
      vertex   -5.000000e-01 9.166490e+01 -4.666561e+01
      vertex   -5.000000e-01 9.175440e+01 -4.724969e+01
    endloop
  endfacet
  facet normal -1.000000e+00 -1.133063e-16 9.246091e-17
    outer loop
      vertex   -5.000000e-01 9.175440e+01 -4.724969e+01
      vertex   -5.000000e-01 9.182827e+01 -4.775954e+01
      vertex   -5.000000e-01 9.000000e+01 -5.000000e+01
    endloop
  endfacet
  facet normal -1.000000e+00 0.000000e+00 0.000000e+00
    outer loop
      vertex   -5.000000e-01 9.000000e+01 -5.000000e+01
      vertex   -5.000000e-01 9.182827e+01 -4.775954e+01
      vertex   -5.000000e-01 9.189567e+01 -4.850210e+01
    endloop
  endfacet
  facet normal -1.000000e+00 0.000000e+00 0.000000e+00
    outer loop
      vertex   -5.000000e-01 9.000000e+01 -5.000000e+01
      vertex   -5.000000e-01 9.189567e+01 -4.850210e+01
      vertex   -5.000000e-01 9.192568e+01 -4.882329e+01
    endloop
  endfacet
  facet normal -1.000000e+00 0.000000e+00 -0.000000e+00
    outer loop
      vertex   -5.000000e-01 9.192568e+01 -4.882329e+01
      vertex   -5.000000e-01 9.195146e+01 -4.909531e+01
      vertex   -5.000000e-01 9.000000e+01 -5.000000e+01
    endloop
  endfacet
  facet normal -1.000000e+00 0.000000e+00 0.000000e+00
    outer loop
      vertex   -5.000000e-01 9.000000e+01 -5.000000e+01
      vertex   -5.000000e-01 9.195146e+01 -4.909531e+01
      vertex   -5.000000e-01 9.197168e+01 -4.930632e+01
    endloop
  endfacet
  facet normal -1.000000e+00 2.734172e-16 -7.771457e-16
    outer loop
      vertex   -5.000000e-01 9.000000e+01 -5.000000e+01
      vertex   -5.000000e-01 9.197168e+01 -4.930632e+01
      vertex   -5.000000e-01 9.198502e+01 -4.944449e+01
    endloop
  endfacet
  facet normal -1.000000e+00 -1.746315e-16 8.238646e-16
    outer loop
      vertex   -5.000000e-01 9.198502e+01 -4.944449e+01
      vertex   -5.000000e-01 9.199775e+01 -4.957655e+01
      vertex   -5.000000e-01 9.000000e+01 -5.000000e+01
    endloop
  endfacet
  facet normal -1.000000e+00 -5.378146e-17 2.537264e-16
    outer loop
      vertex   -5.000000e-01 9.000000e+01 -5.000000e+01
      vertex   -5.000000e-01 9.199775e+01 -4.957655e+01
      vertex   -5.000000e-01 9.203857e+01 -5.000546e+01
    endloop
  endfacet
  facet normal -1.000000e+00 -5.537853e-17 -3.425884e-16
    outer loop
      vertex   -5.000000e-01 9.000000e+01 -5.000000e+01
      vertex   -5.000000e-01 9.203857e+01 -5.000546e+01
      vertex   -5.000000e-01 9.206826e+01 -5.033433e+01
    endloop
  endfacet
  facet normal -1.000000e+00 -0.000000e+00 -0.000000e+00
    outer loop
      vertex   -5.000000e-01 9.206826e+01 -5.033433e+01
      vertex   -5.000000e-01 9.208814e+01 -5.058642e+01
      vertex   -5.000000e-01 9.000000e+01 -5.000000e+01
    endloop
  endfacet
  facet normal -1.000000e+00 0.000000e+00 0.000000e+00
    outer loop
      vertex   -5.000000e-01 9.000000e+01 -5.000000e+01
      vertex   -5.000000e-01 9.208814e+01 -5.058642e+01
      vertex   -5.000000e-01 9.210245e+01 -5.113187e+01
    endloop
  endfacet
  facet normal -1.000000e+00 0.000000e+00 0.000000e+00
    outer loop
      vertex   -5.000000e-01 9.000000e+01 -5.000000e+01
      vertex   -5.000000e-01 9.210245e+01 -5.113187e+01
      vertex   -5.000000e-01 9.209974e+01 -5.136605e+01
    endloop
  endfacet
  facet normal -1.000000e+00 1.875398e-14 4.919338e-16
    outer loop
      vertex   -5.000000e-01 9.208814e+01 -5.058642e+01
      vertex   -5.000000e-01 9.210369e+01 -5.095336e+01
      vertex   -5.000000e-01 9.210245e+01 -5.113187e+01
    endloop
  endfacet
  facet normal -1.000000e+00 -0.000000e+00 -0.000000e+00
    outer loop
      vertex   -5.000000e-01 9.209974e+01 -5.136605e+01
      vertex   -5.000000e-01 9.210012e+01 -5.168307e+01
      vertex   -5.000000e-01 9.000000e+01 -5.000000e+01
    endloop
  endfacet
  facet normal -1.000000e+00 0.000000e+00 0.000000e+00
    outer loop
      vertex   -5.000000e-01 9.000000e+01 -5.000000e+01
      vertex   -5.000000e-01 9.210012e+01 -5.168307e+01
      vertex   -5.000000e-01 9.210812e+01 -5.211008e+01
    endloop
  endfacet
  facet normal -1.000000e+00 0.000000e+00 0.000000e+00
    outer loop
      vertex   -5.000000e-01 9.000000e+01 -5.000000e+01
      vertex   -5.000000e-01 9.210812e+01 -5.211008e+01
      vertex   -5.000000e-01 9.212463e+01 -5.258834e+01
    endloop
  endfacet
  facet normal -1.000000e+00 -0.000000e+00 -0.000000e+00
    outer loop
      vertex   -5.000000e-01 9.212463e+01 -5.258834e+01
      vertex   -5.000000e-01 9.214622e+01 -5.301529e+01
      vertex   -5.000000e-01 9.000000e+01 -5.000000e+01
    endloop
  endfacet
  facet normal -1.000000e+00 0.000000e+00 0.000000e+00
    outer loop
      vertex   -5.000000e-01 9.000000e+01 -5.000000e+01
      vertex   -5.000000e-01 9.214622e+01 -5.301529e+01
      vertex   -5.000000e-01 9.217254e+01 -5.339684e+01
    endloop
  endfacet
  facet normal -1.000000e+00 0.000000e+00 0.000000e+00
    outer loop
      vertex   -5.000000e-01 9.000000e+01 -5.000000e+01
      vertex   -5.000000e-01 9.217254e+01 -5.339684e+01
      vertex   -5.000000e-01 9.220328e+01 -5.373953e+01
    endloop
  endfacet
  facet normal -1.000000e+00 1.863877e-17 1.098169e-17
    outer loop
      vertex   -5.000000e-01 9.000000e+01 -5.000000e+01
      vertex   -5.000000e-01 9.220328e+01 -5.373953e+01
      vertex   -5.000000e-01 9.066532e+01 -6.123899e+01
    endloop
  endfacet
  facet normal -1.000000e+00 4.505429e-17 5.564521e-18
    outer loop
      vertex   -5.000000e-01 9.066532e+01 -6.123899e+01
      vertex   -5.000000e-01 9.220328e+01 -5.373953e+01
      vertex   -5.000000e-01 9.227676e+01 -5.433454e+01
    endloop
  endfacet
  facet normal -1.000000e+00 4.319741e-16 -8.473933e-17
    outer loop
      vertex   -5.000000e-01 9.066532e+01 -6.123899e+01
      vertex   -5.000000e-01 9.227676e+01 -5.433454e+01
      vertex   -5.000000e-01 9.233391e+01 -5.535340e+01
    endloop
  endfacet
  facet normal -1.000000e+00 1.138914e-16 5.438214e-18
    outer loop
      vertex   -5.000000e-01 9.233391e+01 -5.535340e+01
      vertex   -5.000000e-01 9.235648e+01 -5.582606e+01
      vertex   -5.000000e-01 9.066532e+01 -6.123899e+01
    endloop
  endfacet
  facet normal -1.000000e+00 1.759509e-16 -1.395097e-17
    outer loop
      vertex   -5.000000e-01 9.066532e+01 -6.123899e+01
      vertex   -5.000000e-01 9.235648e+01 -5.582606e+01
      vertex   -5.000000e-01 9.133269e+01 -6.078014e+01
    endloop
  endfacet
  facet normal -1.000000e+00 9.044514e-17 3.719287e-18
    outer loop
      vertex   -5.000000e-01 9.133269e+01 -6.078014e+01
      vertex   -5.000000e-01 9.235648e+01 -5.582606e+01
      vertex   -5.000000e-01 9.237402e+01 -5.625259e+01
    endloop
  endfacet
  facet normal -1.000000e+00 -4.566562e-16 1.295518e-16
    outer loop
      vertex   -5.000000e-01 9.133269e+01 -6.078014e+01
      vertex   -5.000000e-01 9.237402e+01 -5.625259e+01
      vertex   -5.000000e-01 9.238680e+01 -5.663603e+01
    endloop
  endfacet
  facet normal -1.000000e+00 4.809663e-17 1.161189e-18
    outer loop
      vertex   -5.000000e-01 9.238680e+01 -5.663603e+01
      vertex   -5.000000e-01 9.239509e+01 -5.697940e+01
      vertex   -5.000000e-01 9.133269e+01 -6.078014e+01
    endloop
  endfacet
  facet normal -1.000000e+00 -5.690063e-16 1.736565e-16
    outer loop
      vertex   -5.000000e-01 9.133269e+01 -6.078014e+01
      vertex   -5.000000e-01 9.239509e+01 -5.697940e+01
      vertex   -5.000000e-01 9.239916e+01 -5.728573e+01
    endloop
  endfacet
  facet normal -1.000000e+00 -1.192040e-15 3.638017e-16
    outer loop
      vertex   -5.000000e-01 9.133269e+01 -6.078014e+01
      vertex   -5.000000e-01 9.239916e+01 -5.728573e+01
      vertex   -5.000000e-01 9.157972e+01 -6.058106e+01
    endloop
  endfacet
  facet normal -1.000000e+00 1.907188e-15 -4.068719e-16
    outer loop
      vertex   -5.000000e-01 9.157972e+01 -6.058106e+01
      vertex   -5.000000e-01 9.239916e+01 -5.728573e+01
      vertex   -5.000000e-01 9.239927e+01 -5.755805e+01
    endloop
  endfacet
  facet normal -1.000000e+00 3.624187e-16 1.192340e-17
    outer loop
      vertex   -5.000000e-01 9.157972e+01 -6.058106e+01
      vertex   -5.000000e-01 9.239927e+01 -5.755805e+01
      vertex   -5.000000e-01 9.215469e+01 -5.943499e+01
    endloop
  endfacet
  facet normal -1.000000e+00 -1.726972e-15 2.841932e-16
    outer loop
      vertex   -5.000000e-01 9.215469e+01 -5.943499e+01
      vertex   -5.000000e-01 9.239927e+01 -5.755805e+01
      vertex   -5.000000e-01 9.238873e+01 -5.801276e+01
    endloop
  endfacet
  facet normal -1.000000e+00 0.000000e+00 0.000000e+00
    outer loop
      vertex   -5.000000e-01 9.215469e+01 -5.943499e+01
      vertex   -5.000000e-01 9.238873e+01 -5.801276e+01
      vertex   -5.000000e-01 9.236562e+01 -5.836778e+01
    endloop
  endfacet
  facet normal -1.000000e+00 -0.000000e+00 0.000000e+00
    outer loop
      vertex   -5.000000e-01 9.233209e+01 -5.864733e+01
      vertex   -5.000000e-01 9.229030e+01 -5.887565e+01
      vertex   -5.000000e-01 9.236562e+01 -5.836778e+01
    endloop
  endfacet
  facet normal -1.000000e+00 0.000000e+00 0.000000e+00
    outer loop
      vertex   -5.000000e-01 9.236562e+01 -5.836778e+01
      vertex   -5.000000e-01 9.229030e+01 -5.887565e+01
      vertex   -5.000000e-01 9.215469e+01 -5.943499e+01
    endloop
  endfacet
  facet normal -1.000000e+00 -0.000000e+00 0.000000e+00
    outer loop
      vertex   -5.000000e-01 9.200639e+01 -5.996631e+01
      vertex   -5.000000e-01 9.190119e+01 -6.019791e+01
      vertex   -5.000000e-01 9.215469e+01 -5.943499e+01
    endloop
  endfacet
  facet normal -1.000000e+00 0.000000e+00 0.000000e+00
    outer loop
      vertex   -5.000000e-01 9.215469e+01 -5.943499e+01
      vertex   -5.000000e-01 9.190119e+01 -6.019791e+01
      vertex   -5.000000e-01 9.176109e+01 -6.039828e+01
    endloop
  endfacet
  facet normal -1.000000e+00 2.081289e-15 -8.504157e-16
    outer loop
      vertex   -5.000000e-01 9.215469e+01 -5.943499e+01
      vertex   -5.000000e-01 9.176109e+01 -6.039828e+01
      vertex   -5.000000e-01 9.157972e+01 -6.058106e+01
    endloop
  endfacet
  facet normal -1.000000e+00 -2.937256e-17 8.139529e-18
    outer loop
      vertex   -5.000000e-01 9.000000e+01 -5.000000e+01
      vertex   -5.000000e-01 9.066532e+01 -6.123899e+01
      vertex   -5.000000e-01 8.833732e+01 -5.600000e+01
    endloop
  endfacet
  facet normal -1.000000e+00 -2.709999e-16 -9.923012e-17
    outer loop
      vertex   -5.000000e-01 8.833732e+01 -5.600000e+01
      vertex   -5.000000e-01 9.066532e+01 -6.123899e+01
      vertex   -5.000000e-01 9.032952e+01 -6.144074e+01
    endloop
  endfacet
  facet normal -1.000000e+00 3.152728e-16 1.154412e-16
    outer loop
      vertex   -5.000000e-01 8.833732e+01 -5.600000e+01
      vertex   -5.000000e-01 9.032952e+01 -6.144074e+01
      vertex   -5.000000e-01 9.003573e+01 -6.160012e+01
    endloop
  endfacet
  facet normal -1.000000e+00 -4.558162e-17 6.000935e-18
    outer loop
      vertex   -5.000000e-01 8.833732e+01 -5.600000e+01
      vertex   -5.000000e-01 9.003573e+01 -6.160012e+01
      vertex   -5.000000e-01 8.831688e+01 -5.615529e+01
    endloop
  endfacet
  facet normal -1.000000e+00 -3.808163e-16 -9.982784e-17
    outer loop
      vertex   -5.000000e-01 8.831688e+01 -5.615529e+01
      vertex   -5.000000e-01 9.003573e+01 -6.160012e+01
      vertex   -5.000000e-01 8.977657e+01 -6.172361e+01
    endloop
  endfacet
  facet normal -1.000000e+00 0.000000e+00 0.000000e+00
    outer loop
      vertex   -5.000000e-01 8.831688e+01 -5.615529e+01
      vertex   -5.000000e-01 8.977657e+01 -6.172361e+01
      vertex   -5.000000e-01 8.953988e+01 -6.181916e+01
    endloop
  endfacet
  facet normal -1.000000e+00 -0.000000e+00 0.000000e+00
    outer loop
      vertex   -5.000000e-01 8.953988e+01 -6.181916e+01
      vertex   -5.000000e-01 8.908539e+01 -6.195835e+01
      vertex   -5.000000e-01 8.831688e+01 -5.615529e+01
    endloop
  endfacet
  facet normal -1.000000e+00 0.000000e+00 -0.000000e+00
    outer loop
      vertex   -5.000000e-01 8.831688e+01 -5.615529e+01
      vertex   -5.000000e-01 8.908539e+01 -6.195835e+01
      vertex   -5.000000e-01 8.825694e+01 -5.630000e+01
    endloop
  endfacet
  facet normal -1.000000e+00 -2.101721e-16 -3.077198e-17
    outer loop
      vertex   -5.000000e-01 8.825694e+01 -5.630000e+01
      vertex   -5.000000e-01 8.908539e+01 -6.195835e+01
      vertex   -5.000000e-01 8.857517e+01 -6.208141e+01
    endloop
  endfacet
  facet normal -1.000000e+00 2.335116e-17 -1.791798e-17
    outer loop
      vertex   -5.000000e-01 8.825694e+01 -5.630000e+01
      vertex   -5.000000e-01 8.857517e+01 -6.208141e+01
      vertex   -5.000000e-01 8.816159e+01 -5.642426e+01
    endloop
  endfacet
  facet normal -1.000000e+00 1.425900e-17 -1.858269e-17
    outer loop
      vertex   -5.000000e-01 8.816159e+01 -5.642426e+01
      vertex   -5.000000e-01 8.857517e+01 -6.208141e+01
      vertex   -5.000000e-01 8.803732e+01 -5.651961e+01
    endloop
  endfacet
  facet normal -1.000000e+00 3.782731e-16 1.661880e-17
    outer loop
      vertex   -5.000000e-01 8.803732e+01 -5.651961e+01
      vertex   -5.000000e-01 8.857517e+01 -6.208141e+01
      vertex   -5.000000e-01 8.799460e+01 -6.222764e+01
    endloop
  endfacet
  facet normal -1.000000e+00 -8.081594e-18 1.951069e-17
    outer loop
      vertex   -5.000000e-01 8.803732e+01 -5.651961e+01
      vertex   -5.000000e-01 8.799460e+01 -6.222764e+01
      vertex   -5.000000e-01 8.789261e+01 -5.657955e+01
    endloop
  endfacet
  facet normal -1.000000e+00 -2.581706e-18 1.961000e-17
    outer loop
      vertex   -5.000000e-01 8.789261e+01 -5.657955e+01
      vertex   -5.000000e-01 8.799460e+01 -6.222764e+01
      vertex   -5.000000e-01 8.773732e+01 -5.660000e+01
    endloop
  endfacet
  facet normal -1.000000e+00 -2.511714e-16 8.245404e-18
    outer loop
      vertex   -5.000000e-01 8.773732e+01 -5.660000e+01
      vertex   -5.000000e-01 8.799460e+01 -6.222764e+01
      vertex   -5.000000e-01 8.754858e+01 -6.234947e+01
    endloop
  endfacet
  facet normal -1.000000e+00 -0.000000e+00 0.000000e+00
    outer loop
      vertex   -5.000000e-01 8.773732e+01 -5.660000e+01
      vertex   -5.000000e-01 8.754858e+01 -6.234947e+01
      vertex   -5.000000e-01 8.758203e+01 -5.657955e+01
    endloop
  endfacet
  facet normal -1.000000e+00 -0.000000e+00 0.000000e+00
    outer loop
      vertex   -5.000000e-01 8.758203e+01 -5.657955e+01
      vertex   -5.000000e-01 8.754858e+01 -6.234947e+01
      vertex   -5.000000e-01 8.743732e+01 -5.651961e+01
    endloop
  endfacet
  facet normal -1.000000e+00 0.000000e+00 -0.000000e+00
    outer loop
      vertex   -5.000000e-01 8.743732e+01 -5.651961e+01
      vertex   -5.000000e-01 8.754858e+01 -6.234947e+01
      vertex   -5.000000e-01 8.717777e+01 -6.245166e+01
    endloop
  endfacet
  facet normal -1.000000e+00 -0.000000e+00 0.000000e+00
    outer loop
      vertex   -5.000000e-01 8.743732e+01 -5.651961e+01
      vertex   -5.000000e-01 8.717777e+01 -6.245166e+01
      vertex   -5.000000e-01 8.731306e+01 -5.642426e+01
    endloop
  endfacet
  facet normal -1.000000e+00 0.000000e+00 0.000000e+00
    outer loop
      vertex   -5.000000e-01 8.731306e+01 -5.642426e+01
      vertex   -5.000000e-01 8.717777e+01 -6.245166e+01
      vertex   -5.000000e-01 8.679639e+01 -6.254577e+01
    endloop
  endfacet
  facet normal -1.000000e+00 -0.000000e+00 0.000000e+00
    outer loop
      vertex   -5.000000e-01 8.731306e+01 -5.642426e+01
      vertex   -5.000000e-01 8.679639e+01 -6.254577e+01
      vertex   -5.000000e-01 8.721771e+01 -5.630000e+01
    endloop
  endfacet
  facet normal -1.000000e+00 5.086742e-16 -3.431330e-17
    outer loop
      vertex   -5.000000e-01 8.721771e+01 -5.630000e+01
      vertex   -5.000000e-01 8.679639e+01 -6.254577e+01
      vertex   -5.000000e-01 8.657492e+01 -6.259339e+01
    endloop
  endfacet
  facet normal -1.000000e+00 4.384809e-16 -2.714398e-17
    outer loop
      vertex   -5.000000e-01 8.721771e+01 -5.630000e+01
      vertex   -5.000000e-01 8.657492e+01 -6.259339e+01
      vertex   -5.000000e-01 8.631863e+01 -6.264332e+01
    endloop
  endfacet
  facet normal -1.000000e+00 6.296340e-17 2.608029e-17
    outer loop
      vertex   -5.000000e-01 8.721771e+01 -5.630000e+01
      vertex   -5.000000e-01 8.631863e+01 -6.264332e+01
      vertex   -5.000000e-01 8.715777e+01 -5.615529e+01
    endloop
  endfacet
  facet normal -1.000000e+00 -8.095148e-16 1.389231e-16
    outer loop
      vertex   -5.000000e-01 8.715777e+01 -5.615529e+01
      vertex   -5.000000e-01 8.631863e+01 -6.264332e+01
      vertex   -5.000000e-01 8.603568e+01 -6.269375e+01
    endloop
  endfacet
  facet normal -1.000000e+00 0.000000e+00 0.000000e+00
    outer loop
      vertex   -5.000000e-01 8.715777e+01 -5.615529e+01
      vertex   -5.000000e-01 8.603568e+01 -6.269375e+01
      vertex   -5.000000e-01 8.579333e+01 -6.273447e+01
    endloop
  endfacet
  facet normal -1.000000e+00 -0.000000e+00 0.000000e+00
    outer loop
      vertex   -5.000000e-01 8.579333e+01 -6.273447e+01
      vertex   -5.000000e-01 8.536584e+01 -6.281263e+01
      vertex   -5.000000e-01 8.715777e+01 -5.615529e+01
    endloop
  endfacet
  facet normal -1.000000e+00 -0.000000e+00 0.000000e+00
    outer loop
      vertex   -5.000000e-01 8.715777e+01 -5.615529e+01
      vertex   -5.000000e-01 8.536584e+01 -6.281263e+01
      vertex   -5.000000e-01 8.713732e+01 -5.600000e+01
    endloop
  endfacet
  facet normal -1.000000e+00 0.000000e+00 0.000000e+00
    outer loop
      vertex   -5.000000e-01 8.713732e+01 -5.600000e+01
      vertex   -5.000000e-01 8.536584e+01 -6.281263e+01
      vertex   -5.000000e-01 8.513301e+01 -6.286581e+01
    endloop
  endfacet
  facet normal -1.000000e+00 8.672664e-16 -2.531783e-16
    outer loop
      vertex   -5.000000e-01 8.713732e+01 -5.600000e+01
      vertex   -5.000000e-01 8.513301e+01 -6.286581e+01
      vertex   -5.000000e-01 8.485564e+01 -6.293891e+01
    endloop
  endfacet
  facet normal -1.000000e+00 -7.358982e-16 2.739811e-16
    outer loop
      vertex   -5.000000e-01 8.485564e+01 -6.293891e+01
      vertex   -5.000000e-01 8.451932e+01 -6.303181e+01
      vertex   -5.000000e-01 8.713732e+01 -5.600000e+01
    endloop
  endfacet
  facet normal -1.000000e+00 -0.000000e+00 0.000000e+00
    outer loop
      vertex   -5.000000e-01 8.713732e+01 -5.600000e+01
      vertex   -5.000000e-01 8.451932e+01 -6.303181e+01
      vertex   -5.000000e-01 8.200000e+01 -5.000000e+01
    endloop
  endfacet
  facet normal -1.000000e+00 0.000000e+00 0.000000e+00
    outer loop
      vertex   -5.000000e-01 8.713732e+01 -5.600000e+01
      vertex   -5.000000e-01 8.200000e+01 -5.000000e+01
      vertex   -5.000000e-01 8.715777e+01 -5.584471e+01
    endloop
  endfacet
  facet normal -1.000000e+00 -0.000000e+00 0.000000e+00
    outer loop
      vertex   -5.000000e-01 8.451932e+01 -6.303181e+01
      vertex   -5.000000e-01 8.410211e+01 -6.312300e+01
      vertex   -5.000000e-01 8.200000e+01 -5.000000e+01
    endloop
  endfacet
  facet normal -1.000000e+00 0.000000e+00 0.000000e+00
    outer loop
      vertex   -5.000000e-01 8.200000e+01 -5.000000e+01
      vertex   -5.000000e-01 8.410211e+01 -6.312300e+01
      vertex   -5.000000e-01 8.385070e+01 -6.316079e+01
    endloop
  endfacet
  facet normal -1.000000e+00 0.000000e+00 -0.000000e+00
    outer loop
      vertex   -5.000000e-01 8.200000e+01 -5.000000e+01
      vertex   -5.000000e-01 8.385070e+01 -6.316079e+01
      vertex   -5.000000e-01 8.103496e+01 -5.496695e+01
    endloop
  endfacet
  facet normal -1.000000e+00 3.236744e-16 1.112277e-16
    outer loop
      vertex   -5.000000e-01 8.103496e+01 -5.496695e+01
      vertex   -5.000000e-01 8.385070e+01 -6.316079e+01
      vertex   -5.000000e-01 8.101264e+01 -5.590014e+01
    endloop
  endfacet
  facet normal -1.000000e+00 1.477518e-18 -1.471341e-17
    outer loop
      vertex   -5.000000e-01 8.101264e+01 -5.590014e+01
      vertex   -5.000000e-01 8.385070e+01 -6.316079e+01
      vertex   -5.000000e-01 8.356410e+01 -6.318957e+01
    endloop
  endfacet
  facet normal -1.000000e+00 7.713111e-19 -1.496060e-17
    outer loop
      vertex   -5.000000e-01 8.101264e+01 -5.590014e+01
      vertex   -5.000000e-01 8.356410e+01 -6.318957e+01
      vertex   -5.000000e-01 8.323753e+01 -6.320641e+01
    endloop
  endfacet
  facet normal -1.000000e+00 -1.334222e-16 -5.582508e-17
    outer loop
      vertex   -5.000000e-01 8.101264e+01 -5.590014e+01
      vertex   -5.000000e-01 8.323753e+01 -6.320641e+01
      vertex   -5.000000e-01 8.096222e+01 -5.776839e+01
    endloop
  endfacet
  facet normal -1.000000e+00 0.000000e+00 0.000000e+00
    outer loop
      vertex   -5.000000e-01 8.096222e+01 -5.776839e+01
      vertex   -5.000000e-01 8.323753e+01 -6.320641e+01
      vertex   -5.000000e-01 8.288460e+01 -6.320458e+01
    endloop
  endfacet
  facet normal -1.000000e+00 0.000000e+00 0.000000e+00
    outer loop
      vertex   -5.000000e-01 8.096222e+01 -5.776839e+01
      vertex   -5.000000e-01 8.288460e+01 -6.320458e+01
      vertex   -5.000000e-01 8.254316e+01 -6.317258e+01
    endloop
  endfacet
  facet normal -1.000000e+00 0.000000e+00 0.000000e+00
    outer loop
      vertex   -5.000000e-01 8.254316e+01 -6.317258e+01
      vertex   -5.000000e-01 8.224179e+01 -6.309876e+01
      vertex   -5.000000e-01 8.096222e+01 -5.776839e+01
    endloop
  endfacet
  facet normal -1.000000e+00 0.000000e+00 -0.000000e+00
    outer loop
      vertex   -5.000000e-01 8.096222e+01 -5.776839e+01
      vertex   -5.000000e-01 8.224179e+01 -6.309876e+01
      vertex   -5.000000e-01 8.095534e+01 -5.980441e+01
    endloop
  endfacet
  facet normal -1.000000e+00 5.280331e-16 2.061985e-16
    outer loop
      vertex   -5.000000e-01 8.095534e+01 -5.980441e+01
      vertex   -5.000000e-01 8.224179e+01 -6.309876e+01
      vertex   -5.000000e-01 8.198251e+01 -6.297321e+01
    endloop
  endfacet
  facet normal -1.000000e+00 -6.633153e-16 -1.799781e-16
    outer loop
      vertex   -5.000000e-01 8.095534e+01 -5.980441e+01
      vertex   -5.000000e-01 8.198251e+01 -6.297321e+01
      vertex   -5.000000e-01 8.176720e+01 -6.279655e+01
    endloop
  endfacet
  facet normal -1.000000e+00 0.000000e+00 0.000000e+00
    outer loop
      vertex   -5.000000e-01 8.176720e+01 -6.279655e+01
      vertex   -5.000000e-01 8.156999e+01 -6.255177e+01
      vertex   -5.000000e-01 8.095534e+01 -5.980441e+01
    endloop
  endfacet
  facet normal -1.000000e+00 -7.788054e-16 -1.742373e-16
    outer loop
      vertex   -5.000000e-01 8.095534e+01 -5.980441e+01
      vertex   -5.000000e-01 8.156999e+01 -6.255177e+01
      vertex   -5.000000e-01 8.145990e+01 -6.237827e+01
    endloop
  endfacet
  facet normal -1.000000e+00 1.237282e-16 2.687295e-18
    outer loop
      vertex   -5.000000e-01 8.095534e+01 -5.980441e+01
      vertex   -5.000000e-01 8.145990e+01 -6.237827e+01
      vertex   -5.000000e-01 8.096549e+01 -6.027170e+01
    endloop
  endfacet
  facet normal -1.000000e+00 6.716157e-16 1.312754e-16
    outer loop
      vertex   -5.000000e-01 8.096549e+01 -6.027170e+01
      vertex   -5.000000e-01 8.145990e+01 -6.237827e+01
      vertex   -5.000000e-01 8.133376e+01 -6.215578e+01
    endloop
  endfacet
  facet normal -1.000000e+00 -8.327103e-16 -1.627632e-16
    outer loop
      vertex   -5.000000e-01 8.096549e+01 -6.027170e+01
      vertex   -5.000000e-01 8.133376e+01 -6.215578e+01
      vertex   -5.000000e-01 8.098149e+01 -6.069463e+01
    endloop
  endfacet
  facet normal -1.000000e+00 6.357530e-16 1.912626e-16
    outer loop
      vertex   -5.000000e-01 8.098149e+01 -6.069463e+01
      vertex   -5.000000e-01 8.133376e+01 -6.215578e+01
      vertex   -5.000000e-01 8.100390e+01 -6.105936e+01
    endloop
  endfacet
  facet normal -1.000000e+00 2.032085e-15 6.113410e-16
    outer loop
      vertex   -5.000000e-01 8.100390e+01 -6.105936e+01
      vertex   -5.000000e-01 8.133376e+01 -6.215578e+01
      vertex   -5.000000e-01 8.120504e+01 -6.190953e+01
    endloop
  endfacet
  facet normal -1.000000e+00 -2.209667e-15 -3.921776e-16
    outer loop
      vertex   -5.000000e-01 8.100390e+01 -6.105936e+01
      vertex   -5.000000e-01 8.120504e+01 -6.190953e+01
      vertex   -5.000000e-01 8.112164e+01 -6.172271e+01
    endloop
  endfacet
  facet normal -1.000000e+00 0.000000e+00 0.000000e+00
    outer loop
      vertex   -5.000000e-01 8.107018e+01 -6.155921e+01
      vertex   -5.000000e-01 8.103328e+01 -6.135205e+01
      vertex   -5.000000e-01 8.112164e+01 -6.172271e+01
    endloop
  endfacet
  facet normal -1.000000e+00 0.000000e+00 0.000000e+00
    outer loop
      vertex   -5.000000e-01 8.112164e+01 -6.172271e+01
      vertex   -5.000000e-01 8.103328e+01 -6.135205e+01
      vertex   -5.000000e-01 8.100390e+01 -6.105936e+01
    endloop
  endfacet
  facet normal -1.000000e+00 0.000000e+00 0.000000e+00
    outer loop
      vertex   -5.000000e-01 8.103496e+01 -5.496695e+01
      vertex   -5.000000e-01 8.104508e+01 -5.398746e+01
      vertex   -5.000000e-01 8.200000e+01 -5.000000e+01
    endloop
  endfacet
  facet normal -1.000000e+00 0.000000e+00 0.000000e+00
    outer loop
      vertex   -5.000000e-01 8.200000e+01 -5.000000e+01
      vertex   -5.000000e-01 8.104508e+01 -5.398746e+01
      vertex   -5.000000e-01 8.103535e+01 -5.292818e+01
    endloop
  endfacet
  facet normal -1.000000e+00 0.000000e+00 0.000000e+00
    outer loop
      vertex   -5.000000e-01 8.200000e+01 -5.000000e+01
      vertex   -5.000000e-01 8.103535e+01 -5.292818e+01
      vertex   -5.000000e-01 8.099900e+01 -5.176719e+01
    endloop
  endfacet
  facet normal -1.000000e+00 0.000000e+00 0.000000e+00
    outer loop
      vertex   -5.000000e-01 8.099900e+01 -5.176719e+01
      vertex   -5.000000e-01 8.098944e+01 -5.151330e+01
      vertex   -5.000000e-01 8.200000e+01 -5.000000e+01
    endloop
  endfacet
  facet normal -1.000000e+00 0.000000e+00 0.000000e+00
    outer loop
      vertex   -5.000000e-01 8.200000e+01 -5.000000e+01
      vertex   -5.000000e-01 8.098944e+01 -5.151330e+01
      vertex   -5.000000e-01 8.098156e+01 -5.128772e+01
    endloop
  endfacet
  facet normal -1.000000e+00 0.000000e+00 0.000000e+00
    outer loop
      vertex   -5.000000e-01 8.200000e+01 -5.000000e+01
      vertex   -5.000000e-01 8.098156e+01 -5.128772e+01
      vertex   -5.000000e-01 8.097102e+01 -5.091194e+01
    endloop
  endfacet
  facet normal -1.000000e+00 0.000000e+00 0.000000e+00
    outer loop
      vertex   -5.000000e-01 8.097102e+01 -5.091194e+01
      vertex   -5.000000e-01 8.096645e+01 -5.023342e+01
      vertex   -5.000000e-01 8.200000e+01 -5.000000e+01
    endloop
  endfacet
  facet normal -1.000000e+00 5.957473e-17 -2.637881e-16
    outer loop
      vertex   -5.000000e-01 8.200000e+01 -5.000000e+01
      vertex   -5.000000e-01 8.096645e+01 -5.023342e+01
      vertex   -5.000000e-01 8.097030e+01 -4.981167e+01
    endloop
  endfacet
  facet normal -1.000000e+00 2.272806e-16 6.531658e-16
    outer loop
      vertex   -5.000000e-01 8.200000e+01 -5.000000e+01
      vertex   -5.000000e-01 8.097030e+01 -4.981167e+01
      vertex   -5.000000e-01 8.097326e+01 -4.955774e+01
    endloop
  endfacet
  facet normal -1.000000e+00 -1.350230e-16 -1.879491e-16
    outer loop
      vertex   -5.000000e-01 8.097326e+01 -4.955774e+01
      vertex   -5.000000e-01 8.097638e+01 -4.926463e+01
      vertex   -5.000000e-01 8.200000e+01 -5.000000e+01
    endloop
  endfacet
  facet normal -1.000000e+00 0.000000e+00 0.000000e+00
    outer loop
      vertex   -5.000000e-01 8.200000e+01 -5.000000e+01
      vertex   -5.000000e-01 8.097638e+01 -4.926463e+01
      vertex   -5.000000e-01 8.097392e+01 -4.875844e+01
    endloop
  endfacet
  facet normal -1.000000e+00 0.000000e+00 0.000000e+00
    outer loop
      vertex   -5.000000e-01 8.200000e+01 -5.000000e+01
      vertex   -5.000000e-01 8.097392e+01 -4.875844e+01
      vertex   -5.000000e-01 8.096394e+01 -4.832357e+01
    endloop
  endfacet
  facet normal -1.000000e+00 4.318074e-16 2.668636e-16
    outer loop
      vertex   -5.000000e-01 8.096394e+01 -4.832357e+01
      vertex   -5.000000e-01 8.095334e+01 -4.789038e+01
      vertex   -5.000000e-01 8.200000e+01 -5.000000e+01
    endloop
  endfacet
  facet normal -1.000000e+00 -1.250557e-15 -5.678246e-16
    outer loop
      vertex   -5.000000e-01 8.200000e+01 -5.000000e+01
      vertex   -5.000000e-01 8.095334e+01 -4.789038e+01
      vertex   -5.000000e-01 8.094868e+01 -4.748908e+01
    endloop
  endfacet
  facet normal -1.000000e+00 8.964949e-16 3.311470e-16
    outer loop
      vertex   -5.000000e-01 8.200000e+01 -5.000000e+01
      vertex   -5.000000e-01 8.094868e+01 -4.748908e+01
      vertex   -5.000000e-01 8.094951e+01 -4.715607e+01
    endloop
  endfacet
  facet normal -1.000000e+00 0.000000e+00 0.000000e+00
    outer loop
      vertex   -5.000000e-01 8.094951e+01 -4.715607e+01
      vertex   -5.000000e-01 8.095270e+01 -4.686075e+01
      vertex   -5.000000e-01 8.200000e+01 -5.000000e+01
    endloop
  endfacet
  facet normal -1.000000e+00 0.000000e+00 0.000000e+00
    outer loop
      vertex   -5.000000e-01 8.200000e+01 -5.000000e+01
      vertex   -5.000000e-01 8.095270e+01 -4.686075e+01
      vertex   -5.000000e-01 8.095359e+01 -4.626071e+01
    endloop
  endfacet
  facet normal -1.000000e+00 0.000000e+00 0.000000e+00
    outer loop
      vertex   -5.000000e-01 8.092677e+01 -4.538119e+01
      vertex   -5.000000e-01 8.090168e+01 -4.479055e+01
      vertex   -5.000000e-01 8.200000e+01 -4.200000e+01
    endloop
  endfacet
  facet normal -1.000000e+00 0.000000e+00 0.000000e+00
    outer loop
      vertex   -5.000000e-01 8.200000e+01 -4.200000e+01
      vertex   -5.000000e-01 8.090168e+01 -4.479055e+01
      vertex   -5.000000e-01 8.087155e+01 -4.414091e+01
    endloop
  endfacet
  facet normal -1.000000e+00 0.000000e+00 0.000000e+00
    outer loop
      vertex   -5.000000e-01 8.200000e+01 -4.200000e+01
      vertex   -5.000000e-01 8.087155e+01 -4.414091e+01
      vertex   -5.000000e-01 8.080456e+01 -4.279454e+01
    endloop
  endfacet
  facet normal -1.000000e+00 0.000000e+00 0.000000e+00
    outer loop
      vertex   -5.000000e-01 8.080456e+01 -4.279454e+01
      vertex   -5.000000e-01 8.077191e+01 -4.216277e+01
      vertex   -5.000000e-01 8.200000e+01 -4.200000e+01
    endloop
  endfacet
  facet normal -1.000000e+00 -0.000000e+00 0.000000e+00
    outer loop
      vertex   -5.000000e-01 8.200000e+01 -4.200000e+01
      vertex   -5.000000e-01 8.077191e+01 -4.216277e+01
      vertex   -5.000000e-01 8.074264e+01 -4.160192e+01
    endloop
  endfacet
  facet normal -1.000000e+00 0.000000e+00 0.000000e+00
    outer loop
      vertex   -5.000000e-01 8.200000e+01 -4.200000e+01
      vertex   -5.000000e-01 8.074264e+01 -4.160192e+01
      vertex   -5.000000e-01 8.071883e+01 -4.114447e+01
    endloop
  endfacet
  facet normal -1.000000e+00 0.000000e+00 0.000000e+00
    outer loop
      vertex   -5.000000e-01 8.071883e+01 -4.114447e+01
      vertex   -5.000000e-01 8.070957e+01 -4.096321e+01
      vertex   -5.000000e-01 8.200000e+01 -4.200000e+01
    endloop
  endfacet
  facet normal -1.000000e+00 6.621119e-16 8.240970e-16
    outer loop
      vertex   -5.000000e-01 8.200000e+01 -4.200000e+01
      vertex   -5.000000e-01 8.070957e+01 -4.096321e+01
      vertex   -5.000000e-01 8.070260e+01 -4.082290e+01
    endloop
  endfacet
  facet normal -1.000000e+00 -2.185335e-16 -1.465487e-16
    outer loop
      vertex   -5.000000e-01 8.200000e+01 -4.200000e+01
      vertex   -5.000000e-01 8.070260e+01 -4.082290e+01
      vertex   -5.000000e-01 8.066404e+01 -4.000781e+01
    endloop
  endfacet
  facet normal -1.000000e+00 0.000000e+00 0.000000e+00
    outer loop
      vertex   -5.000000e-01 8.066404e+01 -4.000781e+01
      vertex   -5.000000e-01 8.062921e+01 -3.929889e+01
      vertex   -5.000000e-01 8.200000e+01 -4.200000e+01
    endloop
  endfacet
  facet normal -1.000000e+00 0.000000e+00 0.000000e+00
    outer loop
      vertex   -5.000000e-01 8.200000e+01 -4.200000e+01
      vertex   -5.000000e-01 8.062921e+01 -3.929889e+01
      vertex   -5.000000e-01 8.059526e+01 -3.867468e+01
    endloop
  endfacet
  facet normal -1.000000e+00 0.000000e+00 0.000000e+00
    outer loop
      vertex   -5.000000e-01 8.200000e+01 -4.200000e+01
      vertex   -5.000000e-01 8.059526e+01 -3.867468e+01
      vertex   -5.000000e-01 8.055939e+01 -3.811559e+01
    endloop
  endfacet
  facet normal -1.000000e+00 0.000000e+00 0.000000e+00
    outer loop
      vertex   -5.000000e-01 8.055939e+01 -3.811559e+01
      vertex   -5.000000e-01 8.051884e+01 -3.760207e+01
      vertex   -5.000000e-01 8.200000e+01 -4.200000e+01
    endloop
  endfacet
  facet normal -1.000000e+00 0.000000e+00 0.000000e+00
    outer loop
      vertex   -5.000000e-01 8.200000e+01 -4.200000e+01
      vertex   -5.000000e-01 8.051884e+01 -3.760207e+01
      vertex   -5.000000e-01 8.542044e+01 -3.115529e+01
    endloop
  endfacet
  facet normal -1.000000e+00 0.000000e+00 0.000000e+00
    outer loop
      vertex   -5.000000e-01 8.200000e+01 -4.200000e+01
      vertex   -5.000000e-01 8.542044e+01 -3.115529e+01
      vertex   -5.000000e-01 8.548039e+01 -3.130000e+01
    endloop
  endfacet
  facet normal -1.000000e+00 0.000000e+00 0.000000e+00
    outer loop
      vertex   -5.000000e-01 8.051884e+01 -3.760207e+01
      vertex   -5.000000e-01 8.041263e+01 -3.663343e+01
      vertex   -5.000000e-01 8.542044e+01 -3.115529e+01
    endloop
  endfacet
  facet normal -1.000000e+00 0.000000e+00 0.000000e+00
    outer loop
      vertex   -5.000000e-01 8.542044e+01 -3.115529e+01
      vertex   -5.000000e-01 8.041263e+01 -3.663343e+01
      vertex   -5.000000e-01 8.034142e+01 -3.613917e+01
    endloop
  endfacet
  facet normal -1.000000e+00 -0.000000e+00 0.000000e+00
    outer loop
      vertex   -5.000000e-01 8.542044e+01 -3.115529e+01
      vertex   -5.000000e-01 8.034142e+01 -3.613917e+01
      vertex   -5.000000e-01 8.540000e+01 -3.100000e+01
    endloop
  endfacet
  facet normal -1.000000e+00 0.000000e+00 0.000000e+00
    outer loop
      vertex   -5.000000e-01 8.540000e+01 -3.100000e+01
      vertex   -5.000000e-01 8.034142e+01 -3.613917e+01
      vertex   -5.000000e-01 8.025444e+01 -3.561219e+01
    endloop
  endfacet
  facet normal -1.000000e+00 0.000000e+00 0.000000e+00
    outer loop
      vertex   -5.000000e-01 8.540000e+01 -3.100000e+01
      vertex   -5.000000e-01 8.025444e+01 -3.561219e+01
      vertex   -5.000000e-01 8.014893e+01 -3.503292e+01
    endloop
  endfacet
  facet normal -1.000000e+00 0.000000e+00 0.000000e+00
    outer loop
      vertex   -5.000000e-01 8.014893e+01 -3.503292e+01
      vertex   -5.000000e-01 8.002210e+01 -3.438180e+01
      vertex   -5.000000e-01 8.540000e+01 -3.100000e+01
    endloop
  endfacet
  facet normal -1.000000e+00 0.000000e+00 0.000000e+00
    outer loop
      vertex   -5.000000e-01 8.540000e+01 -3.100000e+01
      vertex   -5.000000e-01 8.002210e+01 -3.438180e+01
      vertex   -5.000000e-01 7.987806e+01 -3.367498e+01
    endloop
  endfacet
  facet normal -1.000000e+00 0.000000e+00 0.000000e+00
    outer loop
      vertex   -5.000000e-01 8.540000e+01 -3.100000e+01
      vertex   -5.000000e-01 7.987806e+01 -3.367498e+01
      vertex   -5.000000e-01 7.974082e+01 -3.301479e+01
    endloop
  endfacet
  facet normal -1.000000e+00 0.000000e+00 0.000000e+00
    outer loop
      vertex   -5.000000e-01 7.974082e+01 -3.301479e+01
      vertex   -5.000000e-01 7.960536e+01 -3.232880e+01
      vertex   -5.000000e-01 8.540000e+01 -3.100000e+01
    endloop
  endfacet
  facet normal -1.000000e+00 -1.606635e-17 7.006221e-17
    outer loop
      vertex   -5.000000e-01 8.540000e+01 -3.100000e+01
      vertex   -5.000000e-01 7.960536e+01 -3.232880e+01
      vertex   -5.000000e-01 7.946449e+01 -3.156879e+01
    endloop
  endfacet
  facet normal -1.000000e+00 -9.471877e-18 1.246996e-18
    outer loop
      vertex   -5.000000e-01 8.540000e+01 -3.100000e+01
      vertex   -5.000000e-01 7.946449e+01 -3.156879e+01
      vertex   -5.000000e-01 8.542044e+01 -3.084471e+01
    endloop
  endfacet
  facet normal -1.000000e+00 -4.734552e-18 -3.771988e-17
    outer loop
      vertex   -5.000000e-01 8.542044e+01 -3.084471e+01
      vertex   -5.000000e-01 7.946449e+01 -3.156879e+01
      vertex   -5.000000e-01 7.915507e+01 -3.005829e+01
    endloop
  endfacet
  facet normal -1.000000e+00 0.000000e+00 0.000000e+00
    outer loop
      vertex   -5.000000e-01 8.542044e+01 -3.084471e+01
      vertex   -5.000000e-01 7.915507e+01 -3.005829e+01
      vertex   -5.000000e-01 7.901048e+01 -2.935639e+01
    endloop
  endfacet
  facet normal -1.000000e+00 0.000000e+00 0.000000e+00
    outer loop
      vertex   -5.000000e-01 7.901048e+01 -2.935639e+01
      vertex   -5.000000e-01 7.888104e+01 -2.857973e+01
      vertex   -5.000000e-01 8.542044e+01 -3.084471e+01
    endloop
  endfacet
  facet normal -1.000000e+00 0.000000e+00 0.000000e+00
    outer loop
      vertex   -5.000000e-01 8.542044e+01 -3.084471e+01
      vertex   -5.000000e-01 7.888104e+01 -2.857973e+01
      vertex   -5.000000e-01 8.602562e+01 -2.159675e+01
    endloop
  endfacet
  facet normal -1.000000e+00 0.000000e+00 0.000000e+00
    outer loop
      vertex   -5.000000e-01 8.542044e+01 -3.084471e+01
      vertex   -5.000000e-01 8.602562e+01 -2.159675e+01
      vertex   -5.000000e-01 8.548039e+01 -3.070000e+01
    endloop
  endfacet
  facet normal -1.000000e+00 0.000000e+00 0.000000e+00
    outer loop
      vertex   -5.000000e-01 8.548039e+01 -3.070000e+01
      vertex   -5.000000e-01 8.602562e+01 -2.159675e+01
      vertex   -5.000000e-01 8.557574e+01 -3.057574e+01
    endloop
  endfacet
  facet normal -1.000000e+00 0.000000e+00 0.000000e+00
    outer loop
      vertex   -5.000000e-01 8.557574e+01 -3.057574e+01
      vertex   -5.000000e-01 8.602562e+01 -2.159675e+01
      vertex   -5.000000e-01 8.570000e+01 -3.048039e+01
    endloop
  endfacet
  facet normal -1.000000e+00 0.000000e+00 0.000000e+00
    outer loop
      vertex   -5.000000e-01 7.888104e+01 -2.857973e+01
      vertex   -5.000000e-01 7.877732e+01 -2.790720e+01
      vertex   -5.000000e-01 8.602562e+01 -2.159675e+01
    endloop
  endfacet
  facet normal -1.000000e+00 0.000000e+00 0.000000e+00
    outer loop
      vertex   -5.000000e-01 8.602562e+01 -2.159675e+01
      vertex   -5.000000e-01 7.877732e+01 -2.790720e+01
      vertex   -5.000000e-01 7.840325e+01 -2.402562e+01
    endloop
  endfacet
  facet normal -1.000000e+00 0.000000e+00 0.000000e+00
    outer loop
      vertex   -5.000000e-01 7.840325e+01 -2.402562e+01
      vertex   -5.000000e-01 7.877732e+01 -2.790720e+01
      vertex   -5.000000e-01 7.870736e+01 -2.753181e+01
    endloop
  endfacet
  facet normal -1.000000e+00 0.000000e+00 0.000000e+00
    outer loop
      vertex   -5.000000e-01 7.840325e+01 -2.402562e+01
      vertex   -5.000000e-01 7.870736e+01 -2.753181e+01
      vertex   -5.000000e-01 7.866099e+01 -2.730851e+01
    endloop
  endfacet
  facet normal -1.000000e+00 0.000000e+00 0.000000e+00
    outer loop
      vertex   -5.000000e-01 7.866099e+01 -2.730851e+01
      vertex   -5.000000e-01 7.860439e+01 -2.705165e+01
      vertex   -5.000000e-01 7.840325e+01 -2.402562e+01
    endloop
  endfacet
  facet normal -1.000000e+00 2.279405e-15 1.515115e-16
    outer loop
      vertex   -5.000000e-01 7.840325e+01 -2.402562e+01
      vertex   -5.000000e-01 7.860439e+01 -2.705165e+01
      vertex   -5.000000e-01 7.853556e+01 -2.674885e+01
    endloop
  endfacet
  facet normal -1.000000e+00 -1.525804e-15 -3.336129e-17
    outer loop
      vertex   -5.000000e-01 7.840325e+01 -2.402562e+01
      vertex   -5.000000e-01 7.853556e+01 -2.674885e+01
      vertex   -5.000000e-01 7.845509e+01 -2.639662e+01
    endloop
  endfacet
  facet normal -1.000000e+00 0.000000e+00 0.000000e+00
    outer loop
      vertex   -5.000000e-01 7.845509e+01 -2.639662e+01
      vertex   -5.000000e-01 7.826880e+01 -2.558582e+01
      vertex   -5.000000e-01 7.840325e+01 -2.402562e+01
    endloop
  endfacet
  facet normal -1.000000e+00 -0.000000e+00 0.000000e+00
    outer loop
      vertex   -5.000000e-01 7.840325e+01 -2.402562e+01
      vertex   -5.000000e-01 7.826880e+01 -2.558582e+01
      vertex   -5.000000e-01 7.786153e+01 -2.383433e+01
    endloop
  endfacet
  facet normal -1.000000e+00 -2.120412e-16 -6.004612e-16
    outer loop
      vertex   -5.000000e-01 7.840325e+01 -2.402562e+01
      vertex   -5.000000e-01 7.786153e+01 -2.383433e+01
      vertex   -5.000000e-01 7.776642e+01 -2.343095e+01
    endloop
  endfacet
  facet normal -1.000000e+00 1.171683e-15 8.813622e-16
    outer loop
      vertex   -5.000000e-01 7.776642e+01 -2.343095e+01
      vertex   -5.000000e-01 7.767875e+01 -2.306247e+01
      vertex   -5.000000e-01 7.840325e+01 -2.402562e+01
    endloop
  endfacet
  facet normal -1.000000e+00 0.000000e+00 0.000000e+00
    outer loop
      vertex   -5.000000e-01 7.840325e+01 -2.402562e+01
      vertex   -5.000000e-01 7.767875e+01 -2.306247e+01
      vertex   -5.000000e-01 7.760039e+01 -2.273659e+01
    endloop
  endfacet
  facet normal -1.000000e+00 9.879998e-16 6.153659e-16
    outer loop
      vertex   -5.000000e-01 7.840325e+01 -2.402562e+01
      vertex   -5.000000e-01 7.760039e+01 -2.273659e+01
      vertex   -5.000000e-01 7.752952e+01 -2.244239e+01
    endloop
  endfacet
  facet normal -1.000000e+00 -9.289117e-16 -4.425099e-16
    outer loop
      vertex   -5.000000e-01 7.752952e+01 -2.244239e+01
      vertex   -5.000000e-01 7.740655e+01 -2.193336e+01
      vertex   -5.000000e-01 7.840325e+01 -2.402562e+01
    endloop
  endfacet
  facet normal -1.000000e+00 0.000000e+00 0.000000e+00
    outer loop
      vertex   -5.000000e-01 7.840325e+01 -2.402562e+01
      vertex   -5.000000e-01 7.740655e+01 -2.193336e+01
      vertex   -5.000000e-01 7.730435e+01 -2.151499e+01
    endloop
  endfacet
  facet normal -1.000000e+00 0.000000e+00 0.000000e+00
    outer loop
      vertex   -5.000000e-01 7.840325e+01 -2.402562e+01
      vertex   -5.000000e-01 7.730435e+01 -2.151499e+01
      vertex   -5.000000e-01 7.721781e+01 -2.116906e+01
    endloop
  endfacet
  facet normal -1.000000e+00 0.000000e+00 0.000000e+00
    outer loop
      vertex   -5.000000e-01 7.721781e+01 -2.116906e+01
      vertex   -5.000000e-01 7.714182e+01 -2.087738e+01
      vertex   -5.000000e-01 7.840325e+01 -2.402562e+01
    endloop
  endfacet
  facet normal -1.000000e+00 0.000000e+00 0.000000e+00
    outer loop
      vertex   -5.000000e-01 7.840325e+01 -2.402562e+01
      vertex   -5.000000e-01 7.714182e+01 -2.087738e+01
      vertex   -5.000000e-01 7.700104e+01 -2.038386e+01
    endloop
  endfacet
  facet normal -1.000000e+00 0.000000e+00 0.000000e+00
    outer loop
      vertex   -5.000000e-01 7.840325e+01 -2.402562e+01
      vertex   -5.000000e-01 7.700104e+01 -2.038386e+01
      vertex   -5.000000e-01 7.597438e+01 -1.640325e+01
    endloop
  endfacet
  facet normal -1.000000e+00 0.000000e+00 0.000000e+00
    outer loop
      vertex   -5.000000e-01 7.597438e+01 -1.640325e+01
      vertex   -5.000000e-01 7.700104e+01 -2.038386e+01
      vertex   -5.000000e-01 7.684112e+01 -1.988874e+01
    endloop
  endfacet
  facet normal -1.000000e+00 0.000000e+00 0.000000e+00
    outer loop
      vertex   -5.000000e-01 7.597438e+01 -1.640325e+01
      vertex   -5.000000e-01 7.684112e+01 -1.988874e+01
      vertex   -5.000000e-01 7.664009e+01 -1.930171e+01
    endloop
  endfacet
  facet normal -1.000000e+00 0.000000e+00 0.000000e+00
    outer loop
      vertex   -5.000000e-01 7.664009e+01 -1.930171e+01
      vertex   -5.000000e-01 7.620987e+01 -1.808105e+01
      vertex   -5.000000e-01 7.597438e+01 -1.640325e+01
    endloop
  endfacet
  facet normal -1.000000e+00 0.000000e+00 0.000000e+00
    outer loop
      vertex   -5.000000e-01 7.597438e+01 -1.640325e+01
      vertex   -5.000000e-01 7.620987e+01 -1.808105e+01
      vertex   -5.000000e-01 7.599784e+01 -1.748781e+01
    endloop
  endfacet
  facet normal -1.000000e+00 0.000000e+00 -0.000000e+00
    outer loop
      vertex   -5.000000e-01 7.597438e+01 -1.640325e+01
      vertex   -5.000000e-01 7.599784e+01 -1.748781e+01
      vertex   -5.000000e-01 7.579838e+01 -1.693033e+01
    endloop
  endfacet
  facet normal -1.000000e+00 0.000000e+00 0.000000e+00
    outer loop
      vertex   -5.000000e-01 7.579838e+01 -1.693033e+01
      vertex   -5.000000e-01 7.561939e+01 -1.642688e+01
      vertex   -5.000000e-01 7.597438e+01 -1.640325e+01
    endloop
  endfacet
  facet normal -1.000000e+00 -1.673190e-17 2.513833e-16
    outer loop
      vertex   -5.000000e-01 7.597438e+01 -1.640325e+01
      vertex   -5.000000e-01 7.561939e+01 -1.642688e+01
      vertex   -5.000000e-01 7.546857e+01 -1.599527e+01
    endloop
  endfacet
  facet normal -1.000000e+00 -6.304530e-16 -5.094986e-16
    outer loop
      vertex   -5.000000e-01 7.597438e+01 -1.640325e+01
      vertex   -5.000000e-01 7.546857e+01 -1.599527e+01
      vertex   -5.000000e-01 7.534071e+01 -1.561916e+01
    endloop
  endfacet
  facet normal -1.000000e+00 0.000000e+00 0.000000e+00
    outer loop
      vertex   -5.000000e-01 7.534071e+01 -1.561916e+01
      vertex   -5.000000e-01 7.522565e+01 -1.527440e+01
      vertex   -5.000000e-01 7.597438e+01 -1.640325e+01
    endloop
  endfacet
  facet normal -1.000000e+00 0.000000e+00 0.000000e+00
    outer loop
      vertex   -5.000000e-01 7.501035e+01 -1.463454e+01
      vertex   -5.000000e-01 7.477551e+01 -1.398676e+01
      vertex   -5.000000e-01 7.626121e+01 -7.741306e+00
    endloop
  endfacet
  facet normal -1.000000e+00 0.000000e+00 0.000000e+00
    outer loop
      vertex   -5.000000e-01 7.375896e+01 -1.163472e+01
      vertex   -5.000000e-01 7.359284e+01 -1.119960e+01
      vertex   -5.000000e-01 7.472450e+01 -7.068790e+00
    endloop
  endfacet
  facet normal -1.000000e+00 -0.000000e+00 0.000000e+00
    outer loop
      vertex   -5.000000e-01 7.361672e+01 -6.653455e+00
      vertex   -5.000000e-01 7.295022e+01 -9.524040e+00
      vertex   -5.000000e-01 7.306509e+01 -6.515786e+00
    endloop
  endfacet
  facet normal -1.000000e+00 5.053857e-16 -1.929874e-17
    outer loop
      vertex   -5.000000e-01 7.306509e+01 -6.515786e+00
      vertex   -5.000000e-01 7.295022e+01 -9.524040e+00
      vertex   -5.000000e-01 7.274679e+01 -9.098489e+00
    endloop
  endfacet
  facet normal -1.000000e+00 -8.561893e-16 1.485068e-16
    outer loop
      vertex   -5.000000e-01 7.306509e+01 -6.515786e+00
      vertex   -5.000000e-01 7.274679e+01 -9.098489e+00
      vertex   -5.000000e-01 7.265195e+01 -8.897684e+00
    endloop
  endfacet
  facet normal -1.000000e+00 0.000000e+00 0.000000e+00
    outer loop
      vertex   -5.000000e-01 7.265195e+01 -8.897684e+00
      vertex   -5.000000e-01 7.257722e+01 -8.735145e+00
      vertex   -5.000000e-01 7.306509e+01 -6.515786e+00
    endloop
  endfacet
  facet normal -1.000000e+00 0.000000e+00 0.000000e+00
    outer loop
      vertex   -5.000000e-01 7.306509e+01 -6.515786e+00
      vertex   -5.000000e-01 7.257722e+01 -8.735145e+00
      vertex   -5.000000e-01 7.243507e+01 -8.411605e+00
    endloop
  endfacet
  facet normal -1.000000e+00 -0.000000e+00 0.000000e+00
    outer loop
      vertex   -5.000000e-01 7.306509e+01 -6.515786e+00
      vertex   -5.000000e-01 7.243507e+01 -8.411605e+00
      vertex   -5.000000e-01 7.247135e+01 -6.372468e+00
    endloop
  endfacet
  facet normal -1.000000e+00 0.000000e+00 0.000000e+00
    outer loop
      vertex   -5.000000e-01 7.247135e+01 -6.372468e+00
      vertex   -5.000000e-01 7.243507e+01 -8.411605e+00
      vertex   -5.000000e-01 7.233605e+01 -8.182974e+00
    endloop
  endfacet
  facet normal -1.000000e+00 0.000000e+00 0.000000e+00
    outer loop
      vertex   -5.000000e-01 7.247135e+01 -6.372468e+00
      vertex   -5.000000e-01 7.233605e+01 -8.182974e+00
      vertex   -5.000000e-01 7.222630e+01 -7.926255e+00
    endloop
  endfacet
  facet normal -1.000000e+00 -0.000000e+00 0.000000e+00
    outer loop
      vertex   -5.000000e-01 7.247135e+01 -6.372468e+00
      vertex   -5.000000e-01 7.222630e+01 -7.926255e+00
      vertex   -5.000000e-01 7.220786e+01 -6.310579e+00
    endloop
  endfacet
  facet normal -1.000000e+00 0.000000e+00 -0.000000e+00
    outer loop
      vertex   -5.000000e-01 7.220786e+01 -6.310579e+00
      vertex   -5.000000e-01 7.222630e+01 -7.926255e+00
      vertex   -5.000000e-01 7.181388e+01 -6.998414e+00
    endloop
  endfacet
  facet normal -1.000000e+00 -0.000000e+00 0.000000e+00
    outer loop
      vertex   -5.000000e-01 7.220786e+01 -6.310579e+00
      vertex   -5.000000e-01 7.181388e+01 -6.998414e+00
      vertex   -5.000000e-01 7.199520e+01 -6.262218e+00
    endloop
  endfacet
  facet normal -1.000000e+00 -0.000000e+00 0.000000e+00
    outer loop
      vertex   -5.000000e-01 7.199520e+01 -6.262218e+00
      vertex   -5.000000e-01 7.181388e+01 -6.998414e+00
      vertex   -5.000000e-01 7.182720e+01 -6.225933e+00
    endloop
  endfacet
  facet normal -1.000000e+00 -0.000000e+00 0.000000e+00
    outer loop
      vertex   -5.000000e-01 7.182720e+01 -6.225933e+00
      vertex   -5.000000e-01 7.181388e+01 -6.998414e+00
      vertex   -5.000000e-01 7.169771e+01 -6.200277e+00
    endloop
  endfacet
  facet normal -1.000000e+00 0.000000e+00 -0.000000e+00
    outer loop
      vertex   -5.000000e-01 7.169771e+01 -6.200277e+00
      vertex   -5.000000e-01 7.181388e+01 -6.998414e+00
      vertex   -5.000000e-01 7.155884e+01 -6.536125e+00
    endloop
  endfacet
  facet normal -1.000000e+00 -3.109761e-16 1.285869e-16
    outer loop
      vertex   -5.000000e-01 7.169771e+01 -6.200277e+00
      vertex   -5.000000e-01 7.155884e+01 -6.536125e+00
      vertex   -5.000000e-01 7.152964e+01 -6.175054e+00
    endloop
  endfacet
  facet normal -1.000000e+00 1.097890e-15 2.425418e-16
    outer loop
      vertex   -5.000000e-01 7.152964e+01 -6.175054e+00
      vertex   -5.000000e-01 7.155884e+01 -6.536125e+00
      vertex   -5.000000e-01 7.147853e+01 -6.172594e+00
    endloop
  endfacet
  facet normal -1.000000e+00 0.000000e+00 -0.000000e+00
    outer loop
      vertex   -5.000000e-01 7.147853e+01 -6.172594e+00
      vertex   -5.000000e-01 7.155884e+01 -6.536125e+00
      vertex   -5.000000e-01 7.143084e+01 -6.320567e+00
    endloop
  endfacet
  facet normal -1.000000e+00 0.000000e+00 0.000000e+00
    outer loop
      vertex   -5.000000e-01 7.147853e+01 -6.172594e+00
      vertex   -5.000000e-01 7.143084e+01 -6.320567e+00
      vertex   -5.000000e-01 7.144152e+01 -6.175505e+00
    endloop
  endfacet
  facet normal -1.000000e+00 0.000000e+00 0.000000e+00
    outer loop
      vertex   -5.000000e-01 7.144152e+01 -6.175505e+00
      vertex   -5.000000e-01 7.143084e+01 -6.320567e+00
      vertex   -5.000000e-01 7.142761e+01 -6.178918e+00
    endloop
  endfacet
  facet normal -1.000000e+00 0.000000e+00 -0.000000e+00
    outer loop
      vertex   -5.000000e-01 7.142761e+01 -6.178918e+00
      vertex   -5.000000e-01 7.143084e+01 -6.320567e+00
      vertex   -5.000000e-01 7.141611e+01 -6.183831e+00
    endloop
  endfacet
  facet normal -1.000000e+00 0.000000e+00 -0.000000e+00
    outer loop
      vertex   -5.000000e-01 7.141611e+01 -6.183831e+00
      vertex   -5.000000e-01 7.143084e+01 -6.320567e+00
      vertex   -5.000000e-01 7.140058e+01 -6.249877e+00
    endloop
  endfacet
  facet normal -1.000000e+00 2.622516e-14 -6.163804e-15
    outer loop
      vertex   -5.000000e-01 7.141611e+01 -6.183831e+00
      vertex   -5.000000e-01 7.140058e+01 -6.249877e+00
      vertex   -5.000000e-01 7.141112e+01 -6.187014e+00
    endloop
  endfacet
  facet normal -1.000000e+00 -4.249254e-14 5.359506e-15
    outer loop
      vertex   -5.000000e-01 7.141112e+01 -6.187014e+00
      vertex   -5.000000e-01 7.140058e+01 -6.249877e+00
      vertex   -5.000000e-01 7.140673e+01 -6.190743e+00
    endloop
  endfacet
  facet normal -1.000000e+00 1.570307e-14 -6.949495e-16
    outer loop
      vertex   -5.000000e-01 7.140673e+01 -6.190743e+00
      vertex   -5.000000e-01 7.140058e+01 -6.249877e+00
      vertex   -5.000000e-01 7.140301e+01 -6.195057e+00
    endloop
  endfacet
  facet normal -1.000000e+00 0.000000e+00 0.000000e+00
    outer loop
      vertex   -5.000000e-01 7.140301e+01 -6.195057e+00
      vertex   -5.000000e-01 7.140058e+01 -6.249877e+00
      vertex   -5.000000e-01 7.140000e+01 -6.200000e+00
    endloop
  endfacet
  facet normal -1.000000e+00 0.000000e+00 -0.000000e+00
    outer loop
      vertex   -5.000000e-01 7.140000e+01 -6.200000e+00
      vertex   -5.000000e-01 7.140058e+01 -6.249877e+00
      vertex   -5.000000e-01 7.139580e+01 -6.224007e+00
    endloop
  endfacet
  facet normal -1.000000e+00 6.986253e-14 -1.220561e-14
    outer loop
      vertex   -5.000000e-01 7.140000e+01 -6.200000e+00
      vertex   -5.000000e-01 7.139580e+01 -6.224007e+00
      vertex   -5.000000e-01 7.139673e+01 -6.209625e+00
    endloop
  endfacet
  facet normal -1.000000e+00 0.000000e+00 0.000000e+00
    outer loop
      vertex   -5.000000e-01 8.789261e+01 -5.542044e+01
      vertex   -5.000000e-01 8.773732e+01 -5.540000e+01
      vertex   -5.000000e-01 9.000000e+01 -5.000000e+01
    endloop
  endfacet
  facet normal -1.000000e+00 0.000000e+00 0.000000e+00
    outer loop
      vertex   -5.000000e-01 9.000000e+01 -5.000000e+01
      vertex   -5.000000e-01 8.773732e+01 -5.540000e+01
      vertex   -5.000000e-01 8.758203e+01 -5.542044e+01
    endloop
  endfacet
  facet normal -1.000000e+00 0.000000e+00 0.000000e+00
    outer loop
      vertex   -5.000000e-01 9.000000e+01 -5.000000e+01
      vertex   -5.000000e-01 8.758203e+01 -5.542044e+01
      vertex   -5.000000e-01 8.743732e+01 -5.548038e+01
    endloop
  endfacet
  facet normal -1.000000e+00 -0.000000e+00 0.000000e+00
    outer loop
      vertex   -5.000000e-01 8.743732e+01 -5.548038e+01
      vertex   -5.000000e-01 8.731306e+01 -5.557573e+01
      vertex   -5.000000e-01 9.000000e+01 -5.000000e+01
    endloop
  endfacet
  facet normal -1.000000e+00 0.000000e+00 0.000000e+00
    outer loop
      vertex   -5.000000e-01 8.833732e+01 -5.600000e+01
      vertex   -5.000000e-01 8.831688e+01 -5.584471e+01
      vertex   -5.000000e-01 9.000000e+01 -5.000000e+01
    endloop
  endfacet
  facet normal -1.000000e+00 0.000000e+00 0.000000e+00
    outer loop
      vertex   -5.000000e-01 9.000000e+01 -5.000000e+01
      vertex   -5.000000e-01 8.831688e+01 -5.584471e+01
      vertex   -5.000000e-01 8.825694e+01 -5.570000e+01
    endloop
  endfacet
  facet normal -1.000000e+00 0.000000e+00 0.000000e+00
    outer loop
      vertex   -5.000000e-01 9.000000e+01 -5.000000e+01
      vertex   -5.000000e-01 8.825694e+01 -5.570000e+01
      vertex   -5.000000e-01 8.816159e+01 -5.557573e+01
    endloop
  endfacet
  facet normal -1.000000e+00 0.000000e+00 0.000000e+00
    outer loop
      vertex   -5.000000e-01 8.816159e+01 -5.557573e+01
      vertex   -5.000000e-01 8.803732e+01 -5.548038e+01
      vertex   -5.000000e-01 9.000000e+01 -5.000000e+01
    endloop
  endfacet
  facet normal -1.000000e+00 0.000000e+00 0.000000e+00
    outer loop
      vertex   -5.000000e-01 9.000000e+01 -5.000000e+01
      vertex   -5.000000e-01 8.803732e+01 -5.548038e+01
      vertex   -5.000000e-01 8.789261e+01 -5.542044e+01
    endloop
  endfacet
  facet normal -1.000000e+00 0.000000e+00 -0.000000e+00
    outer loop
      vertex   -5.000000e-01 8.548039e+01 -3.130000e+01
      vertex   -5.000000e-01 8.557574e+01 -3.142426e+01
      vertex   -5.000000e-01 8.200000e+01 -4.200000e+01
    endloop
  endfacet
  facet normal -1.000000e+00 0.000000e+00 0.000000e+00
    outer loop
      vertex   -5.000000e-01 8.200000e+01 -4.200000e+01
      vertex   -5.000000e-01 8.557574e+01 -3.142426e+01
      vertex   -5.000000e-01 8.570000e+01 -3.151962e+01
    endloop
  endfacet
  facet normal -1.000000e+00 0.000000e+00 0.000000e+00
    outer loop
      vertex   -5.000000e-01 8.200000e+01 -4.200000e+01
      vertex   -5.000000e-01 8.570000e+01 -3.151962e+01
      vertex   -5.000000e-01 8.584471e+01 -3.157956e+01
    endloop
  endfacet
  facet normal -1.000000e+00 0.000000e+00 -0.000000e+00
    outer loop
      vertex   -5.000000e-01 8.584471e+01 -3.157956e+01
      vertex   -5.000000e-01 8.600000e+01 -3.160000e+01
      vertex   -5.000000e-01 8.200000e+01 -4.200000e+01
    endloop
  endfacet
  facet normal 0.000000e+00 -1.045285e-01 -9.945219e-01
    outer loop
      vertex   -1.500000e+00 8.657176e+01 -4.331009e+01
      vertex   -5.000000e-01 8.657176e+01 -4.331009e+01
      vertex   -1.500000e+00 8.600000e+01 -4.325000e+01
    endloop
  endfacet
  facet normal 0.000000e+00 -1.045285e-01 -9.945219e-01
    outer loop
      vertex   -1.500000e+00 8.600000e+01 -4.325000e+01
      vertex   -5.000000e-01 8.657176e+01 -4.331009e+01
      vertex   -5.000000e-01 8.600000e+01 -4.325000e+01
    endloop
  endfacet
  facet normal 0.000000e+00 1.045285e-01 -9.945219e-01
    outer loop
      vertex   -1.500000e+00 8.600000e+01 -4.325000e+01
      vertex   -5.000000e-01 8.600000e+01 -4.325000e+01
      vertex   -1.500000e+00 8.542824e+01 -4.331009e+01
    endloop
  endfacet
  facet normal 0.000000e+00 1.045285e-01 -9.945219e-01
    outer loop
      vertex   -1.500000e+00 8.542824e+01 -4.331009e+01
      vertex   -5.000000e-01 8.600000e+01 -4.325000e+01
      vertex   -5.000000e-01 8.542824e+01 -4.331009e+01
    endloop
  endfacet
  facet normal 0.000000e+00 3.090170e-01 -9.510565e-01
    outer loop
      vertex   -1.500000e+00 8.542824e+01 -4.331009e+01
      vertex   -5.000000e-01 8.542824e+01 -4.331009e+01
      vertex   -1.500000e+00 8.488148e+01 -4.348775e+01
    endloop
  endfacet
  facet normal 0.000000e+00 3.090170e-01 -9.510565e-01
    outer loop
      vertex   -1.500000e+00 8.488148e+01 -4.348775e+01
      vertex   -5.000000e-01 8.542824e+01 -4.331009e+01
      vertex   -5.000000e-01 8.488148e+01 -4.348775e+01
    endloop
  endfacet
  facet normal 0.000000e+00 5.000000e-01 -8.660254e-01
    outer loop
      vertex   -1.500000e+00 8.488148e+01 -4.348775e+01
      vertex   -5.000000e-01 8.488148e+01 -4.348775e+01
      vertex   -1.500000e+00 8.438359e+01 -4.377520e+01
    endloop
  endfacet
  facet normal 0.000000e+00 5.000000e-01 -8.660254e-01
    outer loop
      vertex   -1.500000e+00 8.438359e+01 -4.377520e+01
      vertex   -5.000000e-01 8.488148e+01 -4.348775e+01
      vertex   -5.000000e-01 8.438359e+01 -4.377520e+01
    endloop
  endfacet
  facet normal 0.000000e+00 6.691306e-01 -7.431448e-01
    outer loop
      vertex   -1.500000e+00 8.438359e+01 -4.377520e+01
      vertex   -5.000000e-01 8.438359e+01 -4.377520e+01
      vertex   -1.500000e+00 8.395635e+01 -4.415989e+01
    endloop
  endfacet
  facet normal 0.000000e+00 6.691306e-01 -7.431448e-01
    outer loop
      vertex   -1.500000e+00 8.395635e+01 -4.415989e+01
      vertex   -5.000000e-01 8.438359e+01 -4.377520e+01
      vertex   -5.000000e-01 8.395635e+01 -4.415989e+01
    endloop
  endfacet
  facet normal 0.000000e+00 8.090170e-01 -5.877853e-01
    outer loop
      vertex   -1.500000e+00 8.395635e+01 -4.415989e+01
      vertex   -5.000000e-01 8.395635e+01 -4.415989e+01
      vertex   -1.500000e+00 8.361843e+01 -4.462500e+01
    endloop
  endfacet
  facet normal 7.320358e-15 8.090170e-01 -5.877853e-01
    outer loop
      vertex   -1.500000e+00 8.361843e+01 -4.462500e+01
      vertex   -5.000000e-01 8.395635e+01 -4.415989e+01
      vertex   -5.000000e-01 8.361843e+01 -4.462500e+01
    endloop
  endfacet
  facet normal 1.009222e-14 9.135455e-01 -4.067366e-01
    outer loop
      vertex   -1.500000e+00 8.361843e+01 -4.462500e+01
      vertex   -5.000000e-01 8.361843e+01 -4.462500e+01
      vertex   -1.500000e+00 8.338460e+01 -4.515020e+01
    endloop
  endfacet
  facet normal 0.000000e+00 9.135455e-01 -4.067366e-01
    outer loop
      vertex   -1.500000e+00 8.338460e+01 -4.515020e+01
      vertex   -5.000000e-01 8.361843e+01 -4.462500e+01
      vertex   -5.000000e-01 8.338460e+01 -4.515020e+01
    endloop
  endfacet
  facet normal 0.000000e+00 9.781476e-01 -2.079117e-01
    outer loop
      vertex   -1.500000e+00 8.338460e+01 -4.515020e+01
      vertex   -5.000000e-01 8.338460e+01 -4.515020e+01
      vertex   -1.500000e+00 8.326507e+01 -4.571255e+01
    endloop
  endfacet
  facet normal 0.000000e+00 9.781476e-01 -2.079117e-01
    outer loop
      vertex   -1.500000e+00 8.326507e+01 -4.571255e+01
      vertex   -5.000000e-01 8.338460e+01 -4.515020e+01
      vertex   -5.000000e-01 8.326507e+01 -4.571255e+01
    endloop
  endfacet
  facet normal -0.000000e+00 1.000000e+00 0.000000e+00
    outer loop
      vertex   -1.500000e+00 8.326507e+01 -4.571255e+01
      vertex   -5.000000e-01 8.326507e+01 -4.571255e+01
      vertex   -1.500000e+00 8.326507e+01 -4.628745e+01
    endloop
  endfacet
  facet normal 0.000000e+00 1.000000e+00 0.000000e+00
    outer loop
      vertex   -1.500000e+00 8.326507e+01 -4.628745e+01
      vertex   -5.000000e-01 8.326507e+01 -4.571255e+01
      vertex   -5.000000e-01 8.326507e+01 -4.628745e+01
    endloop
  endfacet
  facet normal -0.000000e+00 9.781476e-01 2.079117e-01
    outer loop
      vertex   -1.500000e+00 8.326507e+01 -4.628745e+01
      vertex   -5.000000e-01 8.326507e+01 -4.628745e+01
      vertex   -1.500000e+00 8.338460e+01 -4.684980e+01
    endloop
  endfacet
  facet normal -0.000000e+00 9.781476e-01 2.079117e-01
    outer loop
      vertex   -1.500000e+00 8.338460e+01 -4.684980e+01
      vertex   -5.000000e-01 8.326507e+01 -4.628745e+01
      vertex   -5.000000e-01 8.338460e+01 -4.684980e+01
    endloop
  endfacet
  facet normal -0.000000e+00 9.135455e-01 4.067366e-01
    outer loop
      vertex   -1.500000e+00 8.338460e+01 -4.684980e+01
      vertex   -5.000000e-01 8.338460e+01 -4.684980e+01
      vertex   -1.500000e+00 8.361843e+01 -4.737500e+01
    endloop
  endfacet
  facet normal 2.890038e-15 9.135455e-01 4.067366e-01
    outer loop
      vertex   -1.500000e+00 8.361843e+01 -4.737500e+01
      vertex   -5.000000e-01 8.338460e+01 -4.684980e+01
      vertex   -5.000000e-01 8.361843e+01 -4.737500e+01
    endloop
  endfacet
  facet normal 4.176465e-15 8.090170e-01 5.877853e-01
    outer loop
      vertex   -1.500000e+00 8.361843e+01 -4.737500e+01
      vertex   -5.000000e-01 8.361843e+01 -4.737500e+01
      vertex   -1.500000e+00 8.395635e+01 -4.784011e+01
    endloop
  endfacet
  facet normal -0.000000e+00 8.090170e-01 5.877853e-01
    outer loop
      vertex   -1.500000e+00 8.395635e+01 -4.784011e+01
      vertex   -5.000000e-01 8.361843e+01 -4.737500e+01
      vertex   -5.000000e-01 8.395635e+01 -4.784011e+01
    endloop
  endfacet
  facet normal -0.000000e+00 6.691306e-01 7.431448e-01
    outer loop
      vertex   -1.500000e+00 8.395635e+01 -4.784011e+01
      vertex   -5.000000e-01 8.395635e+01 -4.784011e+01
      vertex   -1.500000e+00 8.438359e+01 -4.822480e+01
    endloop
  endfacet
  facet normal -0.000000e+00 6.691306e-01 7.431448e-01
    outer loop
      vertex   -1.500000e+00 8.438359e+01 -4.822480e+01
      vertex   -5.000000e-01 8.395635e+01 -4.784011e+01
      vertex   -5.000000e-01 8.438359e+01 -4.822480e+01
    endloop
  endfacet
  facet normal -0.000000e+00 5.000000e-01 8.660254e-01
    outer loop
      vertex   -1.500000e+00 8.438359e+01 -4.822480e+01
      vertex   -5.000000e-01 8.438359e+01 -4.822480e+01
      vertex   -1.500000e+00 8.488148e+01 -4.851225e+01
    endloop
  endfacet
  facet normal -0.000000e+00 5.000000e-01 8.660254e-01
    outer loop
      vertex   -1.500000e+00 8.488148e+01 -4.851225e+01
      vertex   -5.000000e-01 8.438359e+01 -4.822480e+01
      vertex   -5.000000e-01 8.488148e+01 -4.851225e+01
    endloop
  endfacet
  facet normal -0.000000e+00 3.090170e-01 9.510565e-01
    outer loop
      vertex   -1.500000e+00 8.488148e+01 -4.851225e+01
      vertex   -5.000000e-01 8.488148e+01 -4.851225e+01
      vertex   -1.500000e+00 8.542824e+01 -4.868991e+01
    endloop
  endfacet
  facet normal -0.000000e+00 3.090170e-01 9.510565e-01
    outer loop
      vertex   -1.500000e+00 8.542824e+01 -4.868991e+01
      vertex   -5.000000e-01 8.488148e+01 -4.851225e+01
      vertex   -5.000000e-01 8.542824e+01 -4.868991e+01
    endloop
  endfacet
  facet normal -0.000000e+00 1.045285e-01 9.945219e-01
    outer loop
      vertex   -1.500000e+00 8.542824e+01 -4.868991e+01
      vertex   -5.000000e-01 8.542824e+01 -4.868991e+01
      vertex   -1.500000e+00 8.600000e+01 -4.875000e+01
    endloop
  endfacet
  facet normal -0.000000e+00 1.045285e-01 9.945219e-01
    outer loop
      vertex   -1.500000e+00 8.600000e+01 -4.875000e+01
      vertex   -5.000000e-01 8.542824e+01 -4.868991e+01
      vertex   -5.000000e-01 8.600000e+01 -4.875000e+01
    endloop
  endfacet
  facet normal 0.000000e+00 -1.045285e-01 9.945219e-01
    outer loop
      vertex   -1.500000e+00 8.600000e+01 -4.875000e+01
      vertex   -5.000000e-01 8.600000e+01 -4.875000e+01
      vertex   -1.500000e+00 8.657176e+01 -4.868991e+01
    endloop
  endfacet
  facet normal 0.000000e+00 -1.045285e-01 9.945219e-01
    outer loop
      vertex   -1.500000e+00 8.657176e+01 -4.868991e+01
      vertex   -5.000000e-01 8.600000e+01 -4.875000e+01
      vertex   -5.000000e-01 8.657176e+01 -4.868991e+01
    endloop
  endfacet
  facet normal 0.000000e+00 -3.090170e-01 9.510565e-01
    outer loop
      vertex   -1.500000e+00 8.657176e+01 -4.868991e+01
      vertex   -5.000000e-01 8.657176e+01 -4.868991e+01
      vertex   -1.500000e+00 8.711853e+01 -4.851225e+01
    endloop
  endfacet
  facet normal 0.000000e+00 -3.090170e-01 9.510565e-01
    outer loop
      vertex   -1.500000e+00 8.711853e+01 -4.851225e+01
      vertex   -5.000000e-01 8.657176e+01 -4.868991e+01
      vertex   -5.000000e-01 8.711853e+01 -4.851225e+01
    endloop
  endfacet
  facet normal 0.000000e+00 -5.000000e-01 8.660254e-01
    outer loop
      vertex   -1.500000e+00 8.711853e+01 -4.851225e+01
      vertex   -5.000000e-01 8.711853e+01 -4.851225e+01
      vertex   -1.500000e+00 8.761641e+01 -4.822480e+01
    endloop
  endfacet
  facet normal 0.000000e+00 -5.000000e-01 8.660254e-01
    outer loop
      vertex   -1.500000e+00 8.761641e+01 -4.822480e+01
      vertex   -5.000000e-01 8.711853e+01 -4.851225e+01
      vertex   -5.000000e-01 8.761641e+01 -4.822480e+01
    endloop
  endfacet
  facet normal 0.000000e+00 -6.691306e-01 7.431448e-01
    outer loop
      vertex   -1.500000e+00 8.761641e+01 -4.822480e+01
      vertex   -5.000000e-01 8.761641e+01 -4.822480e+01
      vertex   -1.500000e+00 8.804365e+01 -4.784011e+01
    endloop
  endfacet
  facet normal 0.000000e+00 -6.691306e-01 7.431448e-01
    outer loop
      vertex   -1.500000e+00 8.804365e+01 -4.784011e+01
      vertex   -5.000000e-01 8.761641e+01 -4.822480e+01
      vertex   -5.000000e-01 8.804365e+01 -4.784011e+01
    endloop
  endfacet
  facet normal 0.000000e+00 -8.090170e-01 5.877853e-01
    outer loop
      vertex   -1.500000e+00 8.804365e+01 -4.784011e+01
      vertex   -5.000000e-01 8.804365e+01 -4.784011e+01
      vertex   -1.500000e+00 8.838157e+01 -4.737500e+01
    endloop
  endfacet
  facet normal -4.176465e-15 -8.090170e-01 5.877853e-01
    outer loop
      vertex   -1.500000e+00 8.838157e+01 -4.737500e+01
      vertex   -5.000000e-01 8.804365e+01 -4.784011e+01
      vertex   -5.000000e-01 8.838157e+01 -4.737500e+01
    endloop
  endfacet
  facet normal -2.890038e-15 -9.135455e-01 4.067366e-01
    outer loop
      vertex   -1.500000e+00 8.838157e+01 -4.737500e+01
      vertex   -5.000000e-01 8.838157e+01 -4.737500e+01
      vertex   -1.500000e+00 8.861541e+01 -4.684980e+01
    endloop
  endfacet
  facet normal 0.000000e+00 -9.135455e-01 4.067366e-01
    outer loop
      vertex   -1.500000e+00 8.861541e+01 -4.684980e+01
      vertex   -5.000000e-01 8.838157e+01 -4.737500e+01
      vertex   -5.000000e-01 8.861541e+01 -4.684980e+01
    endloop
  endfacet
  facet normal 0.000000e+00 -9.781476e-01 2.079117e-01
    outer loop
      vertex   -1.500000e+00 8.861541e+01 -4.684980e+01
      vertex   -5.000000e-01 8.861541e+01 -4.684980e+01
      vertex   -1.500000e+00 8.873494e+01 -4.628745e+01
    endloop
  endfacet
  facet normal 0.000000e+00 -9.781476e-01 2.079117e-01
    outer loop
      vertex   -1.500000e+00 8.873494e+01 -4.628745e+01
      vertex   -5.000000e-01 8.861541e+01 -4.684980e+01
      vertex   -5.000000e-01 8.873494e+01 -4.628745e+01
    endloop
  endfacet
  facet normal 0.000000e+00 -1.000000e+00 0.000000e+00
    outer loop
      vertex   -1.500000e+00 8.873494e+01 -4.628745e+01
      vertex   -5.000000e-01 8.873494e+01 -4.628745e+01
      vertex   -1.500000e+00 8.873494e+01 -4.571255e+01
    endloop
  endfacet
  facet normal 0.000000e+00 -1.000000e+00 0.000000e+00
    outer loop
      vertex   -1.500000e+00 8.873494e+01 -4.571255e+01
      vertex   -5.000000e-01 8.873494e+01 -4.628745e+01
      vertex   -5.000000e-01 8.873494e+01 -4.571255e+01
    endloop
  endfacet
  facet normal 0.000000e+00 -9.781476e-01 -2.079117e-01
    outer loop
      vertex   -1.500000e+00 8.873494e+01 -4.571255e+01
      vertex   -5.000000e-01 8.873494e+01 -4.571255e+01
      vertex   -1.500000e+00 8.861541e+01 -4.515020e+01
    endloop
  endfacet
  facet normal 0.000000e+00 -9.781476e-01 -2.079117e-01
    outer loop
      vertex   -1.500000e+00 8.861541e+01 -4.515020e+01
      vertex   -5.000000e-01 8.873494e+01 -4.571255e+01
      vertex   -5.000000e-01 8.861541e+01 -4.515020e+01
    endloop
  endfacet
  facet normal 0.000000e+00 -9.135455e-01 -4.067366e-01
    outer loop
      vertex   -1.500000e+00 8.861541e+01 -4.515020e+01
      vertex   -5.000000e-01 8.861541e+01 -4.515020e+01
      vertex   -1.500000e+00 8.838157e+01 -4.462500e+01
    endloop
  endfacet
  facet normal -1.009222e-14 -9.135455e-01 -4.067366e-01
    outer loop
      vertex   -1.500000e+00 8.838157e+01 -4.462500e+01
      vertex   -5.000000e-01 8.861541e+01 -4.515020e+01
      vertex   -5.000000e-01 8.838157e+01 -4.462500e+01
    endloop
  endfacet
  facet normal -7.320358e-15 -8.090170e-01 -5.877853e-01
    outer loop
      vertex   -1.500000e+00 8.838157e+01 -4.462500e+01
      vertex   -5.000000e-01 8.838157e+01 -4.462500e+01
      vertex   -1.500000e+00 8.804365e+01 -4.415989e+01
    endloop
  endfacet
  facet normal 0.000000e+00 -8.090170e-01 -5.877853e-01
    outer loop
      vertex   -1.500000e+00 8.804365e+01 -4.415989e+01
      vertex   -5.000000e-01 8.838157e+01 -4.462500e+01
      vertex   -5.000000e-01 8.804365e+01 -4.415989e+01
    endloop
  endfacet
  facet normal 0.000000e+00 -6.691306e-01 -7.431448e-01
    outer loop
      vertex   -1.500000e+00 8.804365e+01 -4.415989e+01
      vertex   -5.000000e-01 8.804365e+01 -4.415989e+01
      vertex   -1.500000e+00 8.761641e+01 -4.377520e+01
    endloop
  endfacet
  facet normal 0.000000e+00 -6.691306e-01 -7.431448e-01
    outer loop
      vertex   -1.500000e+00 8.761641e+01 -4.377520e+01
      vertex   -5.000000e-01 8.804365e+01 -4.415989e+01
      vertex   -5.000000e-01 8.761641e+01 -4.377520e+01
    endloop
  endfacet
  facet normal 0.000000e+00 -5.000000e-01 -8.660254e-01
    outer loop
      vertex   -1.500000e+00 8.761641e+01 -4.377520e+01
      vertex   -5.000000e-01 8.761641e+01 -4.377520e+01
      vertex   -1.500000e+00 8.711853e+01 -4.348775e+01
    endloop
  endfacet
  facet normal 0.000000e+00 -5.000000e-01 -8.660254e-01
    outer loop
      vertex   -1.500000e+00 8.711853e+01 -4.348775e+01
      vertex   -5.000000e-01 8.761641e+01 -4.377520e+01
      vertex   -5.000000e-01 8.711853e+01 -4.348775e+01
    endloop
  endfacet
  facet normal 0.000000e+00 -3.090170e-01 -9.510565e-01
    outer loop
      vertex   -1.500000e+00 8.711853e+01 -4.348775e+01
      vertex   -5.000000e-01 8.711853e+01 -4.348775e+01
      vertex   -1.500000e+00 8.657176e+01 -4.331009e+01
    endloop
  endfacet
  facet normal 0.000000e+00 -3.090170e-01 -9.510565e-01
    outer loop
      vertex   -1.500000e+00 8.657176e+01 -4.331009e+01
      vertex   -5.000000e-01 8.711853e+01 -4.348775e+01
      vertex   -5.000000e-01 8.657176e+01 -4.331009e+01
    endloop
  endfacet
  facet normal -0.000000e+00 -0.000000e+00 -1.000000e+00
    outer loop
      vertex   -5.000000e-01 9.000000e+01 -5.000000e+01
      vertex   -5.000000e-01 8.200000e+01 -5.000000e+01
      vertex   -1.500000e+00 9.000000e+01 -5.000000e+01
    endloop
  endfacet
  facet normal 0.000000e+00 0.000000e+00 -1.000000e+00
    outer loop
      vertex   -1.500000e+00 9.000000e+01 -5.000000e+01
      vertex   -5.000000e-01 8.200000e+01 -5.000000e+01
      vertex   -1.500000e+00 8.200000e+01 -5.000000e+01
    endloop
  endfacet
  facet normal 0.000000e+00 1.000000e+00 0.000000e+00
    outer loop
      vertex   -5.000000e-01 9.000000e+01 -4.200000e+01
      vertex   -5.000000e-01 9.000000e+01 -5.000000e+01
      vertex   -1.500000e+00 9.000000e+01 -4.200000e+01
    endloop
  endfacet
  facet normal 0.000000e+00 1.000000e+00 0.000000e+00
    outer loop
      vertex   -1.500000e+00 9.000000e+01 -4.200000e+01
      vertex   -5.000000e-01 9.000000e+01 -5.000000e+01
      vertex   -1.500000e+00 9.000000e+01 -5.000000e+01
    endloop
  endfacet
  facet normal 0.000000e+00 -0.000000e+00 1.000000e+00
    outer loop
      vertex   -5.000000e-01 8.200000e+01 -4.200000e+01
      vertex   -5.000000e-01 9.000000e+01 -4.200000e+01
      vertex   -1.500000e+00 8.200000e+01 -4.200000e+01
    endloop
  endfacet
  facet normal 0.000000e+00 0.000000e+00 1.000000e+00
    outer loop
      vertex   -1.500000e+00 8.200000e+01 -4.200000e+01
      vertex   -5.000000e-01 9.000000e+01 -4.200000e+01
      vertex   -1.500000e+00 9.000000e+01 -4.200000e+01
    endloop
  endfacet
  facet normal 0.000000e+00 -1.000000e+00 0.000000e+00
    outer loop
      vertex   -5.000000e-01 8.200000e+01 -5.000000e+01
      vertex   -5.000000e-01 8.200000e+01 -4.200000e+01
      vertex   -1.500000e+00 8.200000e+01 -5.000000e+01
    endloop
  endfacet
  facet normal 0.000000e+00 -1.000000e+00 0.000000e+00
    outer loop
      vertex   -1.500000e+00 8.200000e+01 -5.000000e+01
      vertex   -5.000000e-01 8.200000e+01 -4.200000e+01
      vertex   -1.500000e+00 8.200000e+01 -4.200000e+01
    endloop
  endfacet
  facet normal -1.000000e+00 0.000000e+00 0.000000e+00
    outer loop
      vertex   -1.500000e+00 8.542824e+01 -4.331009e+01
      vertex   -1.500000e+00 8.200000e+01 -4.200000e+01
      vertex   -1.500000e+00 8.600000e+01 -4.325000e+01
    endloop
  endfacet
  facet normal -1.000000e+00 0.000000e+00 0.000000e+00
    outer loop
      vertex   -1.500000e+00 8.600000e+01 -4.325000e+01
      vertex   -1.500000e+00 8.200000e+01 -4.200000e+01
      vertex   -1.500000e+00 9.000000e+01 -4.200000e+01
    endloop
  endfacet
  facet normal -1.000000e+00 0.000000e+00 0.000000e+00
    outer loop
      vertex   -1.500000e+00 8.600000e+01 -4.325000e+01
      vertex   -1.500000e+00 9.000000e+01 -4.200000e+01
      vertex   -1.500000e+00 8.657176e+01 -4.331009e+01
    endloop
  endfacet
  facet normal -1.000000e+00 0.000000e+00 0.000000e+00
    outer loop
      vertex   -1.500000e+00 8.657176e+01 -4.331009e+01
      vertex   -1.500000e+00 9.000000e+01 -4.200000e+01
      vertex   -1.500000e+00 8.711853e+01 -4.348775e+01
    endloop
  endfacet
  facet normal -1.000000e+00 0.000000e+00 0.000000e+00
    outer loop
      vertex   -1.500000e+00 8.711853e+01 -4.348775e+01
      vertex   -1.500000e+00 9.000000e+01 -4.200000e+01
      vertex   -1.500000e+00 8.761641e+01 -4.377520e+01
    endloop
  endfacet
  facet normal -1.000000e+00 0.000000e+00 0.000000e+00
    outer loop
      vertex   -1.500000e+00 8.761641e+01 -4.377520e+01
      vertex   -1.500000e+00 9.000000e+01 -4.200000e+01
      vertex   -1.500000e+00 8.804365e+01 -4.415989e+01
    endloop
  endfacet
  facet normal -1.000000e+00 0.000000e+00 0.000000e+00
    outer loop
      vertex   -1.500000e+00 8.804365e+01 -4.415989e+01
      vertex   -1.500000e+00 9.000000e+01 -4.200000e+01
      vertex   -1.500000e+00 8.838157e+01 -4.462500e+01
    endloop
  endfacet
  facet normal -1.000000e+00 0.000000e+00 0.000000e+00
    outer loop
      vertex   -1.500000e+00 8.838157e+01 -4.462500e+01
      vertex   -1.500000e+00 9.000000e+01 -4.200000e+01
      vertex   -1.500000e+00 8.861541e+01 -4.515020e+01
    endloop
  endfacet
  facet normal -1.000000e+00 0.000000e+00 0.000000e+00
    outer loop
      vertex   -1.500000e+00 8.861541e+01 -4.515020e+01
      vertex   -1.500000e+00 9.000000e+01 -4.200000e+01
      vertex   -1.500000e+00 8.873494e+01 -4.571255e+01
    endloop
  endfacet
  facet normal -1.000000e+00 0.000000e+00 0.000000e+00
    outer loop
      vertex   -1.500000e+00 8.873494e+01 -4.571255e+01
      vertex   -1.500000e+00 9.000000e+01 -4.200000e+01
      vertex   -1.500000e+00 9.000000e+01 -5.000000e+01
    endloop
  endfacet
  facet normal -1.000000e+00 0.000000e+00 0.000000e+00
    outer loop
      vertex   -1.500000e+00 8.873494e+01 -4.571255e+01
      vertex   -1.500000e+00 9.000000e+01 -5.000000e+01
      vertex   -1.500000e+00 8.873494e+01 -4.628745e+01
    endloop
  endfacet
  facet normal -1.000000e+00 0.000000e+00 -0.000000e+00
    outer loop
      vertex   -1.500000e+00 8.873494e+01 -4.628745e+01
      vertex   -1.500000e+00 9.000000e+01 -5.000000e+01
      vertex   -1.500000e+00 8.861541e+01 -4.684980e+01
    endloop
  endfacet
  facet normal -1.000000e+00 0.000000e+00 -0.000000e+00
    outer loop
      vertex   -1.500000e+00 8.861541e+01 -4.684980e+01
      vertex   -1.500000e+00 9.000000e+01 -5.000000e+01
      vertex   -1.500000e+00 8.838157e+01 -4.737500e+01
    endloop
  endfacet
  facet normal -1.000000e+00 0.000000e+00 -0.000000e+00
    outer loop
      vertex   -1.500000e+00 8.838157e+01 -4.737500e+01
      vertex   -1.500000e+00 9.000000e+01 -5.000000e+01
      vertex   -1.500000e+00 8.804365e+01 -4.784011e+01
    endloop
  endfacet
  facet normal -1.000000e+00 0.000000e+00 -0.000000e+00
    outer loop
      vertex   -1.500000e+00 8.804365e+01 -4.784011e+01
      vertex   -1.500000e+00 9.000000e+01 -5.000000e+01
      vertex   -1.500000e+00 8.761641e+01 -4.822480e+01
    endloop
  endfacet
  facet normal -1.000000e+00 0.000000e+00 -0.000000e+00
    outer loop
      vertex   -1.500000e+00 8.761641e+01 -4.822480e+01
      vertex   -1.500000e+00 9.000000e+01 -5.000000e+01
      vertex   -1.500000e+00 8.711853e+01 -4.851225e+01
    endloop
  endfacet
  facet normal -1.000000e+00 0.000000e+00 -0.000000e+00
    outer loop
      vertex   -1.500000e+00 8.711853e+01 -4.851225e+01
      vertex   -1.500000e+00 9.000000e+01 -5.000000e+01
      vertex   -1.500000e+00 8.657176e+01 -4.868991e+01
    endloop
  endfacet
  facet normal -1.000000e+00 0.000000e+00 -0.000000e+00
    outer loop
      vertex   -1.500000e+00 8.657176e+01 -4.868991e+01
      vertex   -1.500000e+00 9.000000e+01 -5.000000e+01
      vertex   -1.500000e+00 8.600000e+01 -4.875000e+01
    endloop
  endfacet
  facet normal -1.000000e+00 0.000000e+00 -0.000000e+00
    outer loop
      vertex   -1.500000e+00 8.600000e+01 -4.875000e+01
      vertex   -1.500000e+00 9.000000e+01 -5.000000e+01
      vertex   -1.500000e+00 8.200000e+01 -5.000000e+01
    endloop
  endfacet
  facet normal -1.000000e+00 -0.000000e+00 0.000000e+00
    outer loop
      vertex   -1.500000e+00 8.600000e+01 -4.875000e+01
      vertex   -1.500000e+00 8.200000e+01 -5.000000e+01
      vertex   -1.500000e+00 8.542824e+01 -4.868991e+01
    endloop
  endfacet
  facet normal -1.000000e+00 -0.000000e+00 0.000000e+00
    outer loop
      vertex   -1.500000e+00 8.542824e+01 -4.868991e+01
      vertex   -1.500000e+00 8.200000e+01 -5.000000e+01
      vertex   -1.500000e+00 8.488148e+01 -4.851225e+01
    endloop
  endfacet
  facet normal -1.000000e+00 -0.000000e+00 0.000000e+00
    outer loop
      vertex   -1.500000e+00 8.488148e+01 -4.851225e+01
      vertex   -1.500000e+00 8.200000e+01 -5.000000e+01
      vertex   -1.500000e+00 8.438359e+01 -4.822480e+01
    endloop
  endfacet
  facet normal -1.000000e+00 -0.000000e+00 0.000000e+00
    outer loop
      vertex   -1.500000e+00 8.438359e+01 -4.822480e+01
      vertex   -1.500000e+00 8.200000e+01 -5.000000e+01
      vertex   -1.500000e+00 8.395635e+01 -4.784011e+01
    endloop
  endfacet
  facet normal -1.000000e+00 -0.000000e+00 0.000000e+00
    outer loop
      vertex   -1.500000e+00 8.395635e+01 -4.784011e+01
      vertex   -1.500000e+00 8.200000e+01 -5.000000e+01
      vertex   -1.500000e+00 8.361843e+01 -4.737500e+01
    endloop
  endfacet
  facet normal -1.000000e+00 -0.000000e+00 0.000000e+00
    outer loop
      vertex   -1.500000e+00 8.361843e+01 -4.737500e+01
      vertex   -1.500000e+00 8.200000e+01 -5.000000e+01
      vertex   -1.500000e+00 8.338460e+01 -4.684980e+01
    endloop
  endfacet
  facet normal -1.000000e+00 -0.000000e+00 0.000000e+00
    outer loop
      vertex   -1.500000e+00 8.338460e+01 -4.684980e+01
      vertex   -1.500000e+00 8.200000e+01 -5.000000e+01
      vertex   -1.500000e+00 8.326507e+01 -4.628745e+01
    endloop
  endfacet
  facet normal -1.000000e+00 -0.000000e+00 0.000000e+00
    outer loop
      vertex   -1.500000e+00 8.326507e+01 -4.628745e+01
      vertex   -1.500000e+00 8.200000e+01 -5.000000e+01
      vertex   -1.500000e+00 8.200000e+01 -4.200000e+01
    endloop
  endfacet
  facet normal -1.000000e+00 0.000000e+00 0.000000e+00
    outer loop
      vertex   -1.500000e+00 8.326507e+01 -4.628745e+01
      vertex   -1.500000e+00 8.200000e+01 -4.200000e+01
      vertex   -1.500000e+00 8.326507e+01 -4.571255e+01
    endloop
  endfacet
  facet normal -1.000000e+00 0.000000e+00 0.000000e+00
    outer loop
      vertex   -1.500000e+00 8.326507e+01 -4.571255e+01
      vertex   -1.500000e+00 8.200000e+01 -4.200000e+01
      vertex   -1.500000e+00 8.338460e+01 -4.515020e+01
    endloop
  endfacet
  facet normal -1.000000e+00 0.000000e+00 0.000000e+00
    outer loop
      vertex   -1.500000e+00 8.338460e+01 -4.515020e+01
      vertex   -1.500000e+00 8.200000e+01 -4.200000e+01
      vertex   -1.500000e+00 8.361843e+01 -4.462500e+01
    endloop
  endfacet
  facet normal -1.000000e+00 0.000000e+00 0.000000e+00
    outer loop
      vertex   -1.500000e+00 8.361843e+01 -4.462500e+01
      vertex   -1.500000e+00 8.200000e+01 -4.200000e+01
      vertex   -1.500000e+00 8.395635e+01 -4.415989e+01
    endloop
  endfacet
  facet normal -1.000000e+00 0.000000e+00 0.000000e+00
    outer loop
      vertex   -1.500000e+00 8.395635e+01 -4.415989e+01
      vertex   -1.500000e+00 8.200000e+01 -4.200000e+01
      vertex   -1.500000e+00 8.438359e+01 -4.377520e+01
    endloop
  endfacet
  facet normal -1.000000e+00 0.000000e+00 0.000000e+00
    outer loop
      vertex   -1.500000e+00 8.438359e+01 -4.377520e+01
      vertex   -1.500000e+00 8.200000e+01 -4.200000e+01
      vertex   -1.500000e+00 8.488148e+01 -4.348775e+01
    endloop
  endfacet
  facet normal -1.000000e+00 0.000000e+00 0.000000e+00
    outer loop
      vertex   -1.500000e+00 8.488148e+01 -4.348775e+01
      vertex   -1.500000e+00 8.200000e+01 -4.200000e+01
      vertex   -1.500000e+00 8.542824e+01 -4.331009e+01
    endloop
  endfacet
  facet normal -1.000000e+00 -0.000000e+00 -0.000000e+00
    outer loop
      vertex   -5.000000e-01 8.157176e+01 -1.631009e+01
      vertex   -5.000000e-01 8.157176e+01 -2.168991e+01
      vertex   -5.000000e-01 8.100000e+01 -1.625000e+01
    endloop
  endfacet
  facet normal -1.000000e+00 0.000000e+00 0.000000e+00
    outer loop
      vertex   -5.000000e-01 8.100000e+01 -1.625000e+01
      vertex   -5.000000e-01 8.157176e+01 -2.168991e+01
      vertex   -5.000000e-01 8.100000e+01 -2.175000e+01
    endloop
  endfacet
  facet normal -1.000000e+00 0.000000e+00 -0.000000e+00
    outer loop
      vertex   -5.000000e-01 8.100000e+01 -1.625000e+01
      vertex   -5.000000e-01 8.100000e+01 -2.175000e+01
      vertex   -5.000000e-01 8.042824e+01 -1.631009e+01
    endloop
  endfacet
  facet normal -1.000000e+00 0.000000e+00 0.000000e+00
    outer loop
      vertex   -5.000000e-01 8.042824e+01 -1.631009e+01
      vertex   -5.000000e-01 8.100000e+01 -2.175000e+01
      vertex   -5.000000e-01 8.042824e+01 -2.168991e+01
    endloop
  endfacet
  facet normal -1.000000e+00 0.000000e+00 -0.000000e+00
    outer loop
      vertex   -5.000000e-01 8.042824e+01 -1.631009e+01
      vertex   -5.000000e-01 8.042824e+01 -2.168991e+01
      vertex   -5.000000e-01 7.988148e+01 -1.648775e+01
    endloop
  endfacet
  facet normal -1.000000e+00 0.000000e+00 0.000000e+00
    outer loop
      vertex   -5.000000e-01 7.988148e+01 -1.648775e+01
      vertex   -5.000000e-01 8.042824e+01 -2.168991e+01
      vertex   -5.000000e-01 7.988148e+01 -2.151225e+01
    endloop
  endfacet
  facet normal -1.000000e+00 0.000000e+00 -0.000000e+00
    outer loop
      vertex   -5.000000e-01 7.988148e+01 -1.648775e+01
      vertex   -5.000000e-01 7.988148e+01 -2.151225e+01
      vertex   -5.000000e-01 7.938359e+01 -1.677520e+01
    endloop
  endfacet
  facet normal -1.000000e+00 0.000000e+00 0.000000e+00
    outer loop
      vertex   -5.000000e-01 7.938359e+01 -1.677520e+01
      vertex   -5.000000e-01 7.988148e+01 -2.151225e+01
      vertex   -5.000000e-01 7.938359e+01 -2.122480e+01
    endloop
  endfacet
  facet normal -1.000000e+00 0.000000e+00 -0.000000e+00
    outer loop
      vertex   -5.000000e-01 7.938359e+01 -1.677520e+01
      vertex   -5.000000e-01 7.938359e+01 -2.122480e+01
      vertex   -5.000000e-01 7.895635e+01 -1.715989e+01
    endloop
  endfacet
  facet normal -1.000000e+00 0.000000e+00 0.000000e+00
    outer loop
      vertex   -5.000000e-01 7.895635e+01 -1.715989e+01
      vertex   -5.000000e-01 7.938359e+01 -2.122480e+01
      vertex   -5.000000e-01 7.895635e+01 -2.084011e+01
    endloop
  endfacet
  facet normal -1.000000e+00 0.000000e+00 -0.000000e+00
    outer loop
      vertex   -5.000000e-01 7.895635e+01 -1.715989e+01
      vertex   -5.000000e-01 7.895635e+01 -2.084011e+01
      vertex   -5.000000e-01 7.861843e+01 -1.762500e+01
    endloop
  endfacet
  facet normal -1.000000e+00 0.000000e+00 0.000000e+00
    outer loop
      vertex   -5.000000e-01 7.861843e+01 -1.762500e+01
      vertex   -5.000000e-01 7.895635e+01 -2.084011e+01
      vertex   -5.000000e-01 7.861843e+01 -2.037500e+01
    endloop
  endfacet
  facet normal -1.000000e+00 0.000000e+00 -0.000000e+00
    outer loop
      vertex   -5.000000e-01 7.861843e+01 -1.762500e+01
      vertex   -5.000000e-01 7.861843e+01 -2.037500e+01
      vertex   -5.000000e-01 7.838460e+01 -1.815020e+01
    endloop
  endfacet
  facet normal -1.000000e+00 0.000000e+00 0.000000e+00
    outer loop
      vertex   -5.000000e-01 7.838460e+01 -1.815020e+01
      vertex   -5.000000e-01 7.861843e+01 -2.037500e+01
      vertex   -5.000000e-01 7.838460e+01 -1.984980e+01
    endloop
  endfacet
  facet normal -1.000000e+00 0.000000e+00 -0.000000e+00
    outer loop
      vertex   -5.000000e-01 7.838460e+01 -1.815020e+01
      vertex   -5.000000e-01 7.838460e+01 -1.984980e+01
      vertex   -5.000000e-01 7.826507e+01 -1.871255e+01
    endloop
  endfacet
  facet normal -1.000000e+00 0.000000e+00 0.000000e+00
    outer loop
      vertex   -5.000000e-01 7.826507e+01 -1.871255e+01
      vertex   -5.000000e-01 7.838460e+01 -1.984980e+01
      vertex   -5.000000e-01 7.826507e+01 -1.928745e+01
    endloop
  endfacet
  facet normal -1.000000e+00 0.000000e+00 0.000000e+00
    outer loop
      vertex   -5.000000e-01 8.157176e+01 -2.168991e+01
      vertex   -5.000000e-01 8.157176e+01 -1.631009e+01
      vertex   -5.000000e-01 8.211853e+01 -2.151225e+01
    endloop
  endfacet
  facet normal -1.000000e+00 0.000000e+00 0.000000e+00
    outer loop
      vertex   -5.000000e-01 8.211853e+01 -2.151225e+01
      vertex   -5.000000e-01 8.157176e+01 -1.631009e+01
      vertex   -5.000000e-01 8.211853e+01 -1.648775e+01
    endloop
  endfacet
  facet normal -1.000000e+00 0.000000e+00 0.000000e+00
    outer loop
      vertex   -5.000000e-01 8.211853e+01 -2.151225e+01
      vertex   -5.000000e-01 8.211853e+01 -1.648775e+01
      vertex   -5.000000e-01 8.261641e+01 -2.122480e+01
    endloop
  endfacet
  facet normal -1.000000e+00 0.000000e+00 0.000000e+00
    outer loop
      vertex   -5.000000e-01 8.261641e+01 -2.122480e+01
      vertex   -5.000000e-01 8.211853e+01 -1.648775e+01
      vertex   -5.000000e-01 8.261641e+01 -1.677520e+01
    endloop
  endfacet
  facet normal -1.000000e+00 0.000000e+00 0.000000e+00
    outer loop
      vertex   -5.000000e-01 8.261641e+01 -2.122480e+01
      vertex   -5.000000e-01 8.261641e+01 -1.677520e+01
      vertex   -5.000000e-01 8.304365e+01 -2.084011e+01
    endloop
  endfacet
  facet normal -1.000000e+00 0.000000e+00 0.000000e+00
    outer loop
      vertex   -5.000000e-01 8.304365e+01 -2.084011e+01
      vertex   -5.000000e-01 8.261641e+01 -1.677520e+01
      vertex   -5.000000e-01 8.304365e+01 -1.715989e+01
    endloop
  endfacet
  facet normal -1.000000e+00 0.000000e+00 0.000000e+00
    outer loop
      vertex   -5.000000e-01 8.304365e+01 -2.084011e+01
      vertex   -5.000000e-01 8.304365e+01 -1.715989e+01
      vertex   -5.000000e-01 8.338157e+01 -2.037500e+01
    endloop
  endfacet
  facet normal -1.000000e+00 0.000000e+00 0.000000e+00
    outer loop
      vertex   -5.000000e-01 8.338157e+01 -2.037500e+01
      vertex   -5.000000e-01 8.304365e+01 -1.715989e+01
      vertex   -5.000000e-01 8.338157e+01 -1.762500e+01
    endloop
  endfacet
  facet normal -1.000000e+00 0.000000e+00 0.000000e+00
    outer loop
      vertex   -5.000000e-01 8.338157e+01 -2.037500e+01
      vertex   -5.000000e-01 8.338157e+01 -1.762500e+01
      vertex   -5.000000e-01 8.361541e+01 -1.984980e+01
    endloop
  endfacet
  facet normal -1.000000e+00 0.000000e+00 0.000000e+00
    outer loop
      vertex   -5.000000e-01 8.361541e+01 -1.984980e+01
      vertex   -5.000000e-01 8.338157e+01 -1.762500e+01
      vertex   -5.000000e-01 8.361541e+01 -1.815020e+01
    endloop
  endfacet
  facet normal -1.000000e+00 0.000000e+00 0.000000e+00
    outer loop
      vertex   -5.000000e-01 8.361541e+01 -1.984980e+01
      vertex   -5.000000e-01 8.361541e+01 -1.815020e+01
      vertex   -5.000000e-01 8.373494e+01 -1.928745e+01
    endloop
  endfacet
  facet normal -1.000000e+00 0.000000e+00 0.000000e+00
    outer loop
      vertex   -5.000000e-01 8.373494e+01 -1.928745e+01
      vertex   -5.000000e-01 8.361541e+01 -1.815020e+01
      vertex   -5.000000e-01 8.373494e+01 -1.871255e+01
    endloop
  endfacet
  facet normal 0.000000e+00 1.045285e-01 -9.945219e-01
    outer loop
      vertex   1.500000e+00 8.042824e+01 -1.631009e+01
      vertex   5.000000e-01 8.042824e+01 -1.631009e+01
      vertex   1.500000e+00 8.100000e+01 -1.625000e+01
    endloop
  endfacet
  facet normal 0.000000e+00 1.045285e-01 -9.945219e-01
    outer loop
      vertex   1.500000e+00 8.100000e+01 -1.625000e+01
      vertex   5.000000e-01 8.042824e+01 -1.631009e+01
      vertex   5.000000e-01 8.100000e+01 -1.625000e+01
    endloop
  endfacet
  facet normal -0.000000e+00 -1.045285e-01 -9.945219e-01
    outer loop
      vertex   1.500000e+00 8.100000e+01 -1.625000e+01
      vertex   5.000000e-01 8.100000e+01 -1.625000e+01
      vertex   1.500000e+00 8.157176e+01 -1.631009e+01
    endloop
  endfacet
  facet normal -0.000000e+00 -1.045285e-01 -9.945219e-01
    outer loop
      vertex   1.500000e+00 8.157176e+01 -1.631009e+01
      vertex   5.000000e-01 8.100000e+01 -1.625000e+01
      vertex   5.000000e-01 8.157176e+01 -1.631009e+01
    endloop
  endfacet
  facet normal -0.000000e+00 -3.090170e-01 -9.510565e-01
    outer loop
      vertex   1.500000e+00 8.157176e+01 -1.631009e+01
      vertex   5.000000e-01 8.157176e+01 -1.631009e+01
      vertex   1.500000e+00 8.211853e+01 -1.648775e+01
    endloop
  endfacet
  facet normal -0.000000e+00 -3.090170e-01 -9.510565e-01
    outer loop
      vertex   1.500000e+00 8.211853e+01 -1.648775e+01
      vertex   5.000000e-01 8.157176e+01 -1.631009e+01
      vertex   5.000000e-01 8.211853e+01 -1.648775e+01
    endloop
  endfacet
  facet normal -0.000000e+00 -5.000000e-01 -8.660254e-01
    outer loop
      vertex   1.500000e+00 8.211853e+01 -1.648775e+01
      vertex   5.000000e-01 8.211853e+01 -1.648775e+01
      vertex   1.500000e+00 8.261641e+01 -1.677520e+01
    endloop
  endfacet
  facet normal -0.000000e+00 -5.000000e-01 -8.660254e-01
    outer loop
      vertex   1.500000e+00 8.261641e+01 -1.677520e+01
      vertex   5.000000e-01 8.211853e+01 -1.648775e+01
      vertex   5.000000e-01 8.261641e+01 -1.677520e+01
    endloop
  endfacet
  facet normal -0.000000e+00 -6.691306e-01 -7.431448e-01
    outer loop
      vertex   1.500000e+00 8.261641e+01 -1.677520e+01
      vertex   5.000000e-01 8.261641e+01 -1.677520e+01
      vertex   1.500000e+00 8.304365e+01 -1.715989e+01
    endloop
  endfacet
  facet normal -0.000000e+00 -6.691306e-01 -7.431448e-01
    outer loop
      vertex   1.500000e+00 8.304365e+01 -1.715989e+01
      vertex   5.000000e-01 8.261641e+01 -1.677520e+01
      vertex   5.000000e-01 8.304365e+01 -1.715989e+01
    endloop
  endfacet
  facet normal -0.000000e+00 -8.090170e-01 -5.877853e-01
    outer loop
      vertex   1.500000e+00 8.304365e+01 -1.715989e+01
      vertex   5.000000e-01 8.304365e+01 -1.715989e+01
      vertex   1.500000e+00 8.338157e+01 -1.762500e+01
    endloop
  endfacet
  facet normal 2.088233e-15 -8.090170e-01 -5.877853e-01
    outer loop
      vertex   1.500000e+00 8.338157e+01 -1.762500e+01
      vertex   5.000000e-01 8.304365e+01 -1.715989e+01
      vertex   5.000000e-01 8.338157e+01 -1.762500e+01
    endloop
  endfacet
  facet normal 1.445019e-15 -9.135455e-01 -4.067366e-01
    outer loop
      vertex   1.500000e+00 8.338157e+01 -1.762500e+01
      vertex   5.000000e-01 8.338157e+01 -1.762500e+01
      vertex   1.500000e+00 8.361541e+01 -1.815020e+01
    endloop
  endfacet
  facet normal -0.000000e+00 -9.135455e-01 -4.067366e-01
    outer loop
      vertex   1.500000e+00 8.361541e+01 -1.815020e+01
      vertex   5.000000e-01 8.338157e+01 -1.762500e+01
      vertex   5.000000e-01 8.361541e+01 -1.815020e+01
    endloop
  endfacet
  facet normal -0.000000e+00 -9.781476e-01 -2.079117e-01
    outer loop
      vertex   1.500000e+00 8.361541e+01 -1.815020e+01
      vertex   5.000000e-01 8.361541e+01 -1.815020e+01
      vertex   1.500000e+00 8.373494e+01 -1.871255e+01
    endloop
  endfacet
  facet normal -0.000000e+00 -9.781476e-01 -2.079117e-01
    outer loop
      vertex   1.500000e+00 8.373494e+01 -1.871255e+01
      vertex   5.000000e-01 8.361541e+01 -1.815020e+01
      vertex   5.000000e-01 8.373494e+01 -1.871255e+01
    endloop
  endfacet
  facet normal -0.000000e+00 -1.000000e+00 -0.000000e+00
    outer loop
      vertex   1.500000e+00 8.373494e+01 -1.871255e+01
      vertex   5.000000e-01 8.373494e+01 -1.871255e+01
      vertex   1.500000e+00 8.373494e+01 -1.928745e+01
    endloop
  endfacet
  facet normal -0.000000e+00 -1.000000e+00 0.000000e+00
    outer loop
      vertex   1.500000e+00 8.373494e+01 -1.928745e+01
      vertex   5.000000e-01 8.373494e+01 -1.871255e+01
      vertex   5.000000e-01 8.373494e+01 -1.928745e+01
    endloop
  endfacet
  facet normal -7.386507e-16 -9.781476e-01 2.079117e-01
    outer loop
      vertex   1.500000e+00 8.373494e+01 -1.928745e+01
      vertex   5.000000e-01 8.373494e+01 -1.928745e+01
      vertex   1.500000e+00 8.361541e+01 -1.984980e+01
    endloop
  endfacet
  facet normal 0.000000e+00 -9.781476e-01 2.079117e-01
    outer loop
      vertex   1.500000e+00 8.361541e+01 -1.984980e+01
      vertex   5.000000e-01 8.373494e+01 -1.928745e+01
      vertex   5.000000e-01 8.361541e+01 -1.984980e+01
    endloop
  endfacet
  facet normal 0.000000e+00 -9.135455e-01 4.067366e-01
    outer loop
      vertex   1.500000e+00 8.361541e+01 -1.984980e+01
      vertex   5.000000e-01 8.361541e+01 -1.984980e+01
      vertex   1.500000e+00 8.338157e+01 -2.037500e+01
    endloop
  endfacet
  facet normal -1.445019e-15 -9.135455e-01 4.067366e-01
    outer loop
      vertex   1.500000e+00 8.338157e+01 -2.037500e+01
      vertex   5.000000e-01 8.361541e+01 -1.984980e+01
      vertex   5.000000e-01 8.338157e+01 -2.037500e+01
    endloop
  endfacet
  facet normal -2.088233e-15 -8.090170e-01 5.877853e-01
    outer loop
      vertex   1.500000e+00 8.338157e+01 -2.037500e+01
      vertex   5.000000e-01 8.338157e+01 -2.037500e+01
      vertex   1.500000e+00 8.304365e+01 -2.084011e+01
    endloop
  endfacet
  facet normal 0.000000e+00 -8.090170e-01 5.877853e-01
    outer loop
      vertex   1.500000e+00 8.304365e+01 -2.084011e+01
      vertex   5.000000e-01 8.338157e+01 -2.037500e+01
      vertex   5.000000e-01 8.304365e+01 -2.084011e+01
    endloop
  endfacet
  facet normal 0.000000e+00 -6.691306e-01 7.431448e-01
    outer loop
      vertex   1.500000e+00 8.304365e+01 -2.084011e+01
      vertex   5.000000e-01 8.304365e+01 -2.084011e+01
      vertex   1.500000e+00 8.261641e+01 -2.122480e+01
    endloop
  endfacet
  facet normal 0.000000e+00 -6.691306e-01 7.431448e-01
    outer loop
      vertex   1.500000e+00 8.261641e+01 -2.122480e+01
      vertex   5.000000e-01 8.304365e+01 -2.084011e+01
      vertex   5.000000e-01 8.261641e+01 -2.122480e+01
    endloop
  endfacet
  facet normal 0.000000e+00 -5.000000e-01 8.660254e-01
    outer loop
      vertex   1.500000e+00 8.261641e+01 -2.122480e+01
      vertex   5.000000e-01 8.261641e+01 -2.122480e+01
      vertex   1.500000e+00 8.211853e+01 -2.151225e+01
    endloop
  endfacet
  facet normal 0.000000e+00 -5.000000e-01 8.660254e-01
    outer loop
      vertex   1.500000e+00 8.211853e+01 -2.151225e+01
      vertex   5.000000e-01 8.261641e+01 -2.122480e+01
      vertex   5.000000e-01 8.211853e+01 -2.151225e+01
    endloop
  endfacet
  facet normal 0.000000e+00 -3.090170e-01 9.510565e-01
    outer loop
      vertex   1.500000e+00 8.211853e+01 -2.151225e+01
      vertex   5.000000e-01 8.211853e+01 -2.151225e+01
      vertex   1.500000e+00 8.157176e+01 -2.168991e+01
    endloop
  endfacet
  facet normal 0.000000e+00 -3.090170e-01 9.510565e-01
    outer loop
      vertex   1.500000e+00 8.157176e+01 -2.168991e+01
      vertex   5.000000e-01 8.211853e+01 -2.151225e+01
      vertex   5.000000e-01 8.157176e+01 -2.168991e+01
    endloop
  endfacet
  facet normal 0.000000e+00 -1.045285e-01 9.945219e-01
    outer loop
      vertex   1.500000e+00 8.157176e+01 -2.168991e+01
      vertex   5.000000e-01 8.157176e+01 -2.168991e+01
      vertex   1.500000e+00 8.100000e+01 -2.175000e+01
    endloop
  endfacet
  facet normal 0.000000e+00 -1.045285e-01 9.945219e-01
    outer loop
      vertex   1.500000e+00 8.100000e+01 -2.175000e+01
      vertex   5.000000e-01 8.157176e+01 -2.168991e+01
      vertex   5.000000e-01 8.100000e+01 -2.175000e+01
    endloop
  endfacet
  facet normal 0.000000e+00 1.045285e-01 9.945219e-01
    outer loop
      vertex   1.500000e+00 8.100000e+01 -2.175000e+01
      vertex   5.000000e-01 8.100000e+01 -2.175000e+01
      vertex   1.500000e+00 8.042824e+01 -2.168991e+01
    endloop
  endfacet
  facet normal 0.000000e+00 1.045285e-01 9.945219e-01
    outer loop
      vertex   1.500000e+00 8.042824e+01 -2.168991e+01
      vertex   5.000000e-01 8.100000e+01 -2.175000e+01
      vertex   5.000000e-01 8.042824e+01 -2.168991e+01
    endloop
  endfacet
  facet normal 0.000000e+00 3.090170e-01 9.510565e-01
    outer loop
      vertex   1.500000e+00 8.042824e+01 -2.168991e+01
      vertex   5.000000e-01 8.042824e+01 -2.168991e+01
      vertex   1.500000e+00 7.988148e+01 -2.151225e+01
    endloop
  endfacet
  facet normal 0.000000e+00 3.090170e-01 9.510565e-01
    outer loop
      vertex   1.500000e+00 7.988148e+01 -2.151225e+01
      vertex   5.000000e-01 8.042824e+01 -2.168991e+01
      vertex   5.000000e-01 7.988148e+01 -2.151225e+01
    endloop
  endfacet
  facet normal 0.000000e+00 5.000000e-01 8.660254e-01
    outer loop
      vertex   1.500000e+00 7.988148e+01 -2.151225e+01
      vertex   5.000000e-01 7.988148e+01 -2.151225e+01
      vertex   1.500000e+00 7.938359e+01 -2.122480e+01
    endloop
  endfacet
  facet normal 0.000000e+00 5.000000e-01 8.660254e-01
    outer loop
      vertex   1.500000e+00 7.938359e+01 -2.122480e+01
      vertex   5.000000e-01 7.988148e+01 -2.151225e+01
      vertex   5.000000e-01 7.938359e+01 -2.122480e+01
    endloop
  endfacet
  facet normal 0.000000e+00 6.691306e-01 7.431448e-01
    outer loop
      vertex   1.500000e+00 7.938359e+01 -2.122480e+01
      vertex   5.000000e-01 7.938359e+01 -2.122480e+01
      vertex   1.500000e+00 7.895635e+01 -2.084011e+01
    endloop
  endfacet
  facet normal 0.000000e+00 6.691306e-01 7.431448e-01
    outer loop
      vertex   1.500000e+00 7.895635e+01 -2.084011e+01
      vertex   5.000000e-01 7.938359e+01 -2.122480e+01
      vertex   5.000000e-01 7.895635e+01 -2.084011e+01
    endloop
  endfacet
  facet normal 0.000000e+00 8.090170e-01 5.877853e-01
    outer loop
      vertex   1.500000e+00 7.895635e+01 -2.084011e+01
      vertex   5.000000e-01 7.895635e+01 -2.084011e+01
      vertex   1.500000e+00 7.861843e+01 -2.037500e+01
    endloop
  endfacet
  facet normal 2.088233e-15 8.090170e-01 5.877853e-01
    outer loop
      vertex   1.500000e+00 7.861843e+01 -2.037500e+01
      vertex   5.000000e-01 7.895635e+01 -2.084011e+01
      vertex   5.000000e-01 7.861843e+01 -2.037500e+01
    endloop
  endfacet
  facet normal 1.445019e-15 9.135455e-01 4.067366e-01
    outer loop
      vertex   1.500000e+00 7.861843e+01 -2.037500e+01
      vertex   5.000000e-01 7.861843e+01 -2.037500e+01
      vertex   1.500000e+00 7.838460e+01 -1.984980e+01
    endloop
  endfacet
  facet normal 0.000000e+00 9.135455e-01 4.067366e-01
    outer loop
      vertex   1.500000e+00 7.838460e+01 -1.984980e+01
      vertex   5.000000e-01 7.861843e+01 -2.037500e+01
      vertex   5.000000e-01 7.838460e+01 -1.984980e+01
    endloop
  endfacet
  facet normal 0.000000e+00 9.781476e-01 2.079117e-01
    outer loop
      vertex   1.500000e+00 7.838460e+01 -1.984980e+01
      vertex   5.000000e-01 7.838460e+01 -1.984980e+01
      vertex   1.500000e+00 7.826507e+01 -1.928745e+01
    endloop
  endfacet
  facet normal 7.386507e-16 9.781476e-01 2.079117e-01
    outer loop
      vertex   1.500000e+00 7.826507e+01 -1.928745e+01
      vertex   5.000000e-01 7.838460e+01 -1.984980e+01
      vertex   5.000000e-01 7.826507e+01 -1.928745e+01
    endloop
  endfacet
  facet normal 0.000000e+00 1.000000e+00 -0.000000e+00
    outer loop
      vertex   1.500000e+00 7.826507e+01 -1.928745e+01
      vertex   5.000000e-01 7.826507e+01 -1.928745e+01
      vertex   1.500000e+00 7.826507e+01 -1.871255e+01
    endloop
  endfacet
  facet normal 0.000000e+00 1.000000e+00 0.000000e+00
    outer loop
      vertex   1.500000e+00 7.826507e+01 -1.871255e+01
      vertex   5.000000e-01 7.826507e+01 -1.928745e+01
      vertex   5.000000e-01 7.826507e+01 -1.871255e+01
    endloop
  endfacet
  facet normal 0.000000e+00 9.781476e-01 -2.079117e-01
    outer loop
      vertex   1.500000e+00 7.826507e+01 -1.871255e+01
      vertex   5.000000e-01 7.826507e+01 -1.871255e+01
      vertex   1.500000e+00 7.838460e+01 -1.815020e+01
    endloop
  endfacet
  facet normal 0.000000e+00 9.781476e-01 -2.079117e-01
    outer loop
      vertex   1.500000e+00 7.838460e+01 -1.815020e+01
      vertex   5.000000e-01 7.826507e+01 -1.871255e+01
      vertex   5.000000e-01 7.838460e+01 -1.815020e+01
    endloop
  endfacet
  facet normal 0.000000e+00 9.135455e-01 -4.067366e-01
    outer loop
      vertex   1.500000e+00 7.838460e+01 -1.815020e+01
      vertex   5.000000e-01 7.838460e+01 -1.815020e+01
      vertex   1.500000e+00 7.861843e+01 -1.762500e+01
    endloop
  endfacet
  facet normal 1.153724e-14 9.135455e-01 -4.067366e-01
    outer loop
      vertex   1.500000e+00 7.861843e+01 -1.762500e+01
      vertex   5.000000e-01 7.838460e+01 -1.815020e+01
      vertex   5.000000e-01 7.861843e+01 -1.762500e+01
    endloop
  endfacet
  facet normal 9.408590e-15 8.090170e-01 -5.877853e-01
    outer loop
      vertex   1.500000e+00 7.861843e+01 -1.762500e+01
      vertex   5.000000e-01 7.861843e+01 -1.762500e+01
      vertex   1.500000e+00 7.895635e+01 -1.715989e+01
    endloop
  endfacet
  facet normal 0.000000e+00 8.090170e-01 -5.877853e-01
    outer loop
      vertex   1.500000e+00 7.895635e+01 -1.715989e+01
      vertex   5.000000e-01 7.861843e+01 -1.762500e+01
      vertex   5.000000e-01 7.895635e+01 -1.715989e+01
    endloop
  endfacet
  facet normal 0.000000e+00 6.691306e-01 -7.431448e-01
    outer loop
      vertex   1.500000e+00 7.895635e+01 -1.715989e+01
      vertex   5.000000e-01 7.895635e+01 -1.715989e+01
      vertex   1.500000e+00 7.938359e+01 -1.677520e+01
    endloop
  endfacet
  facet normal 0.000000e+00 6.691306e-01 -7.431448e-01
    outer loop
      vertex   1.500000e+00 7.938359e+01 -1.677520e+01
      vertex   5.000000e-01 7.895635e+01 -1.715989e+01
      vertex   5.000000e-01 7.938359e+01 -1.677520e+01
    endloop
  endfacet
  facet normal 0.000000e+00 5.000000e-01 -8.660254e-01
    outer loop
      vertex   1.500000e+00 7.938359e+01 -1.677520e+01
      vertex   5.000000e-01 7.938359e+01 -1.677520e+01
      vertex   1.500000e+00 7.988148e+01 -1.648775e+01
    endloop
  endfacet
  facet normal 0.000000e+00 5.000000e-01 -8.660254e-01
    outer loop
      vertex   1.500000e+00 7.988148e+01 -1.648775e+01
      vertex   5.000000e-01 7.938359e+01 -1.677520e+01
      vertex   5.000000e-01 7.988148e+01 -1.648775e+01
    endloop
  endfacet
  facet normal 0.000000e+00 3.090170e-01 -9.510565e-01
    outer loop
      vertex   1.500000e+00 7.988148e+01 -1.648775e+01
      vertex   5.000000e-01 7.988148e+01 -1.648775e+01
      vertex   1.500000e+00 8.042824e+01 -1.631009e+01
    endloop
  endfacet
  facet normal 0.000000e+00 3.090170e-01 -9.510565e-01
    outer loop
      vertex   1.500000e+00 8.042824e+01 -1.631009e+01
      vertex   5.000000e-01 7.988148e+01 -1.648775e+01
      vertex   5.000000e-01 8.042824e+01 -1.631009e+01
    endloop
  endfacet
  facet normal -0.000000e+00 9.527966e-01 3.036093e-01
    outer loop
      vertex   5.000000e-01 8.602562e+01 -2.159675e+01
      vertex   5.000000e-01 8.359675e+01 -1.397438e+01
      vertex   1.500000e+00 8.602562e+01 -2.159675e+01
    endloop
  endfacet
  facet normal 0.000000e+00 9.527966e-01 3.036093e-01
    outer loop
      vertex   1.500000e+00 8.602562e+01 -2.159675e+01
      vertex   5.000000e-01 8.359675e+01 -1.397438e+01
      vertex   1.500000e+00 8.359675e+01 -1.397438e+01
    endloop
  endfacet
  facet normal 0.000000e+00 3.036093e-01 -9.527966e-01
    outer loop
      vertex   5.000000e-01 7.840325e+01 -2.402562e+01
      vertex   5.000000e-01 8.602562e+01 -2.159675e+01
      vertex   1.500000e+00 7.840325e+01 -2.402562e+01
    endloop
  endfacet
  facet normal 0.000000e+00 3.036093e-01 -9.527966e-01
    outer loop
      vertex   1.500000e+00 7.840325e+01 -2.402562e+01
      vertex   5.000000e-01 8.602562e+01 -2.159675e+01
      vertex   1.500000e+00 8.602562e+01 -2.159675e+01
    endloop
  endfacet
  facet normal 0.000000e+00 -9.527966e-01 -3.036093e-01
    outer loop
      vertex   5.000000e-01 7.597438e+01 -1.640325e+01
      vertex   5.000000e-01 7.840325e+01 -2.402562e+01
      vertex   1.500000e+00 7.597438e+01 -1.640325e+01
    endloop
  endfacet
  facet normal 0.000000e+00 -9.527966e-01 -3.036093e-01
    outer loop
      vertex   1.500000e+00 7.597438e+01 -1.640325e+01
      vertex   5.000000e-01 7.840325e+01 -2.402562e+01
      vertex   1.500000e+00 7.840325e+01 -2.402562e+01
    endloop
  endfacet
  facet normal 0.000000e+00 -3.036093e-01 9.527966e-01
    outer loop
      vertex   5.000000e-01 8.359675e+01 -1.397438e+01
      vertex   5.000000e-01 7.597438e+01 -1.640325e+01
      vertex   1.500000e+00 8.359675e+01 -1.397438e+01
    endloop
  endfacet
  facet normal 0.000000e+00 -3.036093e-01 9.527966e-01
    outer loop
      vertex   1.500000e+00 8.359675e+01 -1.397438e+01
      vertex   5.000000e-01 7.597438e+01 -1.640325e+01
      vertex   1.500000e+00 7.597438e+01 -1.640325e+01
    endloop
  endfacet
  facet normal 1.000000e+00 0.000000e+00 0.000000e+00
    outer loop
      vertex   1.500000e+00 8.042824e+01 -1.631009e+01
      vertex   1.500000e+00 8.100000e+01 -1.625000e+01
      vertex   1.500000e+00 8.359675e+01 -1.397438e+01
    endloop
  endfacet
  facet normal 1.000000e+00 0.000000e+00 0.000000e+00
    outer loop
      vertex   1.500000e+00 8.359675e+01 -1.397438e+01
      vertex   1.500000e+00 8.100000e+01 -1.625000e+01
      vertex   1.500000e+00 8.157176e+01 -1.631009e+01
    endloop
  endfacet
  facet normal 1.000000e+00 0.000000e+00 0.000000e+00
    outer loop
      vertex   1.500000e+00 8.359675e+01 -1.397438e+01
      vertex   1.500000e+00 8.157176e+01 -1.631009e+01
      vertex   1.500000e+00 8.211853e+01 -1.648775e+01
    endloop
  endfacet
  facet normal 1.000000e+00 -0.000000e+00 0.000000e+00
    outer loop
      vertex   1.500000e+00 8.211853e+01 -1.648775e+01
      vertex   1.500000e+00 8.261641e+01 -1.677520e+01
      vertex   1.500000e+00 8.359675e+01 -1.397438e+01
    endloop
  endfacet
  facet normal 1.000000e+00 0.000000e+00 0.000000e+00
    outer loop
      vertex   1.500000e+00 8.359675e+01 -1.397438e+01
      vertex   1.500000e+00 8.261641e+01 -1.677520e+01
      vertex   1.500000e+00 8.304365e+01 -1.715989e+01
    endloop
  endfacet
  facet normal 1.000000e+00 0.000000e+00 0.000000e+00
    outer loop
      vertex   1.500000e+00 8.359675e+01 -1.397438e+01
      vertex   1.500000e+00 8.304365e+01 -1.715989e+01
      vertex   1.500000e+00 8.338157e+01 -1.762500e+01
    endloop
  endfacet
  facet normal 1.000000e+00 -0.000000e+00 0.000000e+00
    outer loop
      vertex   1.500000e+00 8.338157e+01 -1.762500e+01
      vertex   1.500000e+00 8.361541e+01 -1.815020e+01
      vertex   1.500000e+00 8.359675e+01 -1.397438e+01
    endloop
  endfacet
  facet normal 1.000000e+00 0.000000e+00 0.000000e+00
    outer loop
      vertex   1.500000e+00 8.359675e+01 -1.397438e+01
      vertex   1.500000e+00 8.361541e+01 -1.815020e+01
      vertex   1.500000e+00 8.602562e+01 -2.159675e+01
    endloop
  endfacet
  facet normal 1.000000e+00 0.000000e+00 0.000000e+00
    outer loop
      vertex   1.500000e+00 8.602562e+01 -2.159675e+01
      vertex   1.500000e+00 8.361541e+01 -1.815020e+01
      vertex   1.500000e+00 8.373494e+01 -1.871255e+01
    endloop
  endfacet
  facet normal 1.000000e+00 0.000000e+00 0.000000e+00
    outer loop
      vertex   1.500000e+00 8.602562e+01 -2.159675e+01
      vertex   1.500000e+00 8.373494e+01 -1.871255e+01
      vertex   1.500000e+00 8.373494e+01 -1.928745e+01
    endloop
  endfacet
  facet normal 1.000000e+00 0.000000e+00 0.000000e+00
    outer loop
      vertex   1.500000e+00 8.373494e+01 -1.928745e+01
      vertex   1.500000e+00 8.361541e+01 -1.984980e+01
      vertex   1.500000e+00 8.602562e+01 -2.159675e+01
    endloop
  endfacet
  facet normal 1.000000e+00 0.000000e+00 0.000000e+00
    outer loop
      vertex   1.500000e+00 8.602562e+01 -2.159675e+01
      vertex   1.500000e+00 8.361541e+01 -1.984980e+01
      vertex   1.500000e+00 8.338157e+01 -2.037500e+01
    endloop
  endfacet
  facet normal 1.000000e+00 0.000000e+00 0.000000e+00
    outer loop
      vertex   1.500000e+00 8.602562e+01 -2.159675e+01
      vertex   1.500000e+00 8.338157e+01 -2.037500e+01
      vertex   1.500000e+00 8.304365e+01 -2.084011e+01
    endloop
  endfacet
  facet normal 1.000000e+00 0.000000e+00 0.000000e+00
    outer loop
      vertex   1.500000e+00 8.304365e+01 -2.084011e+01
      vertex   1.500000e+00 8.261641e+01 -2.122480e+01
      vertex   1.500000e+00 8.602562e+01 -2.159675e+01
    endloop
  endfacet
  facet normal 1.000000e+00 0.000000e+00 0.000000e+00
    outer loop
      vertex   1.500000e+00 8.602562e+01 -2.159675e+01
      vertex   1.500000e+00 8.261641e+01 -2.122480e+01
      vertex   1.500000e+00 8.211853e+01 -2.151225e+01
    endloop
  endfacet
  facet normal 1.000000e+00 0.000000e+00 0.000000e+00
    outer loop
      vertex   1.500000e+00 8.602562e+01 -2.159675e+01
      vertex   1.500000e+00 8.211853e+01 -2.151225e+01
      vertex   1.500000e+00 8.157176e+01 -2.168991e+01
    endloop
  endfacet
  facet normal 1.000000e+00 0.000000e+00 0.000000e+00
    outer loop
      vertex   1.500000e+00 8.602562e+01 -2.159675e+01
      vertex   1.500000e+00 8.157176e+01 -2.168991e+01
      vertex   1.500000e+00 7.840325e+01 -2.402562e+01
    endloop
  endfacet
  facet normal 1.000000e+00 0.000000e+00 0.000000e+00
    outer loop
      vertex   1.500000e+00 7.840325e+01 -2.402562e+01
      vertex   1.500000e+00 8.157176e+01 -2.168991e+01
      vertex   1.500000e+00 8.100000e+01 -2.175000e+01
    endloop
  endfacet
  facet normal 1.000000e+00 0.000000e+00 0.000000e+00
    outer loop
      vertex   1.500000e+00 7.840325e+01 -2.402562e+01
      vertex   1.500000e+00 8.100000e+01 -2.175000e+01
      vertex   1.500000e+00 8.042824e+01 -2.168991e+01
    endloop
  endfacet
  facet normal 1.000000e+00 0.000000e+00 0.000000e+00
    outer loop
      vertex   1.500000e+00 8.042824e+01 -2.168991e+01
      vertex   1.500000e+00 7.988148e+01 -2.151225e+01
      vertex   1.500000e+00 7.840325e+01 -2.402562e+01
    endloop
  endfacet
  facet normal 1.000000e+00 0.000000e+00 0.000000e+00
    outer loop
      vertex   1.500000e+00 7.840325e+01 -2.402562e+01
      vertex   1.500000e+00 7.988148e+01 -2.151225e+01
      vertex   1.500000e+00 7.938359e+01 -2.122480e+01
    endloop
  endfacet
  facet normal 1.000000e+00 0.000000e+00 0.000000e+00
    outer loop
      vertex   1.500000e+00 7.840325e+01 -2.402562e+01
      vertex   1.500000e+00 7.938359e+01 -2.122480e+01
      vertex   1.500000e+00 7.895635e+01 -2.084011e+01
    endloop
  endfacet
  facet normal 1.000000e+00 0.000000e+00 0.000000e+00
    outer loop
      vertex   1.500000e+00 7.895635e+01 -2.084011e+01
      vertex   1.500000e+00 7.861843e+01 -2.037500e+01
      vertex   1.500000e+00 7.840325e+01 -2.402562e+01
    endloop
  endfacet
  facet normal 1.000000e+00 0.000000e+00 -0.000000e+00
    outer loop
      vertex   1.500000e+00 7.840325e+01 -2.402562e+01
      vertex   1.500000e+00 7.861843e+01 -2.037500e+01
      vertex   1.500000e+00 7.838460e+01 -1.984980e+01
    endloop
  endfacet
  facet normal 1.000000e+00 0.000000e+00 0.000000e+00
    outer loop
      vertex   1.500000e+00 7.840325e+01 -2.402562e+01
      vertex   1.500000e+00 7.838460e+01 -1.984980e+01
      vertex   1.500000e+00 7.597438e+01 -1.640325e+01
    endloop
  endfacet
  facet normal 1.000000e+00 0.000000e+00 0.000000e+00
    outer loop
      vertex   1.500000e+00 7.597438e+01 -1.640325e+01
      vertex   1.500000e+00 7.838460e+01 -1.984980e+01
      vertex   1.500000e+00 7.826507e+01 -1.928745e+01
    endloop
  endfacet
  facet normal 1.000000e+00 0.000000e+00 0.000000e+00
    outer loop
      vertex   1.500000e+00 7.597438e+01 -1.640325e+01
      vertex   1.500000e+00 7.826507e+01 -1.928745e+01
      vertex   1.500000e+00 7.826507e+01 -1.871255e+01
    endloop
  endfacet
  facet normal 1.000000e+00 0.000000e+00 -0.000000e+00
    outer loop
      vertex   1.500000e+00 7.826507e+01 -1.871255e+01
      vertex   1.500000e+00 7.838460e+01 -1.815020e+01
      vertex   1.500000e+00 7.597438e+01 -1.640325e+01
    endloop
  endfacet
  facet normal 1.000000e+00 0.000000e+00 0.000000e+00
    outer loop
      vertex   1.500000e+00 7.597438e+01 -1.640325e+01
      vertex   1.500000e+00 7.838460e+01 -1.815020e+01
      vertex   1.500000e+00 7.861843e+01 -1.762500e+01
    endloop
  endfacet
  facet normal 1.000000e+00 0.000000e+00 0.000000e+00
    outer loop
      vertex   1.500000e+00 7.597438e+01 -1.640325e+01
      vertex   1.500000e+00 7.861843e+01 -1.762500e+01
      vertex   1.500000e+00 7.895635e+01 -1.715989e+01
    endloop
  endfacet
  facet normal 1.000000e+00 0.000000e+00 -0.000000e+00
    outer loop
      vertex   1.500000e+00 7.895635e+01 -1.715989e+01
      vertex   1.500000e+00 7.938359e+01 -1.677520e+01
      vertex   1.500000e+00 7.597438e+01 -1.640325e+01
    endloop
  endfacet
  facet normal 1.000000e+00 0.000000e+00 0.000000e+00
    outer loop
      vertex   1.500000e+00 7.597438e+01 -1.640325e+01
      vertex   1.500000e+00 7.938359e+01 -1.677520e+01
      vertex   1.500000e+00 7.988148e+01 -1.648775e+01
    endloop
  endfacet
  facet normal 1.000000e+00 -0.000000e+00 0.000000e+00
    outer loop
      vertex   1.500000e+00 7.597438e+01 -1.640325e+01
      vertex   1.500000e+00 7.988148e+01 -1.648775e+01
      vertex   1.500000e+00 8.042824e+01 -1.631009e+01
    endloop
  endfacet
  facet normal 1.000000e+00 0.000000e+00 0.000000e+00
    outer loop
      vertex   1.500000e+00 7.597438e+01 -1.640325e+01
      vertex   1.500000e+00 8.042824e+01 -1.631009e+01
      vertex   1.500000e+00 8.359675e+01 -1.397438e+01
    endloop
  endfacet
  facet normal 1.000000e+00 -0.000000e+00 0.000000e+00
    outer loop
      vertex   5.000000e-01 8.200000e+01 -5.000000e+01
      vertex   5.000000e-01 8.731306e+01 -5.557573e+01
      vertex   5.000000e-01 9.000000e+01 -5.000000e+01
    endloop
  endfacet
  facet normal 1.000000e+00 0.000000e+00 0.000000e+00
    outer loop
      vertex   5.000000e-01 9.000000e+01 -5.000000e+01
      vertex   5.000000e-01 8.731306e+01 -5.557573e+01
      vertex   5.000000e-01 8.743732e+01 -5.548038e+01
    endloop
  endfacet
  facet normal 1.000000e+00 0.000000e+00 0.000000e+00
    outer loop
      vertex   5.000000e-01 9.000000e+01 -5.000000e+01
      vertex   5.000000e-01 8.743732e+01 -5.548038e+01
      vertex   5.000000e-01 8.758203e+01 -5.542044e+01
    endloop
  endfacet
  facet normal 1.000000e+00 0.000000e+00 0.000000e+00
    outer loop
      vertex   5.000000e-01 8.200000e+01 -4.200000e+01
      vertex   5.000000e-01 8.095359e+01 -4.626071e+01
      vertex   5.000000e-01 8.200000e+01 -5.000000e+01
    endloop
  endfacet
  facet normal 1.000000e+00 0.000000e+00 0.000000e+00
    outer loop
      vertex   5.000000e-01 8.200000e+01 -5.000000e+01
      vertex   5.000000e-01 8.095359e+01 -4.626071e+01
      vertex   5.000000e-01 8.095270e+01 -4.686075e+01
    endloop
  endfacet
  facet normal 1.000000e+00 0.000000e+00 0.000000e+00
    outer loop
      vertex   5.000000e-01 8.200000e+01 -5.000000e+01
      vertex   5.000000e-01 8.095270e+01 -4.686075e+01
      vertex   5.000000e-01 8.094951e+01 -4.715607e+01
    endloop
  endfacet
  facet normal 1.000000e+00 0.000000e+00 0.000000e+00
    outer loop
      vertex   5.000000e-01 9.000000e+01 -4.200000e+01
      vertex   5.000000e-01 8.600000e+01 -3.160000e+01
      vertex   5.000000e-01 8.200000e+01 -4.200000e+01
    endloop
  endfacet
  facet normal 1.000000e+00 0.000000e+00 0.000000e+00
    outer loop
      vertex   5.000000e-01 8.200000e+01 -4.200000e+01
      vertex   5.000000e-01 8.600000e+01 -3.160000e+01
      vertex   5.000000e-01 8.584471e+01 -3.157956e+01
    endloop
  endfacet
  facet normal 1.000000e+00 0.000000e+00 0.000000e+00
    outer loop
      vertex   5.000000e-01 8.200000e+01 -4.200000e+01
      vertex   5.000000e-01 8.584471e+01 -3.157956e+01
      vertex   5.000000e-01 8.570000e+01 -3.151962e+01
    endloop
  endfacet
  facet normal 1.000000e+00 8.286042e-17 -0.000000e+00
    outer loop
      vertex   5.000000e-01 9.000000e+01 -5.000000e+01
      vertex   5.000000e-01 9.133987e+01 -4.461684e+01
      vertex   5.000000e-01 9.000000e+01 -4.200000e+01
    endloop
  endfacet
  facet normal 1.000000e+00 -2.727733e-16 -1.820909e-16
    outer loop
      vertex   5.000000e-01 9.000000e+01 -4.200000e+01
      vertex   5.000000e-01 9.133987e+01 -4.461684e+01
      vertex   5.000000e-01 9.121905e+01 -4.382615e+01
    endloop
  endfacet
  facet normal 1.000000e+00 1.005567e-15 6.712704e-16
    outer loop
      vertex   5.000000e-01 9.000000e+01 -4.200000e+01
      vertex   5.000000e-01 9.121905e+01 -4.382615e+01
      vertex   5.000000e-01 9.118688e+01 -4.361256e+01
    endloop
  endfacet
  facet normal 1.000000e+00 8.081685e-17 -6.406783e-17
    outer loop
      vertex   5.000000e-01 9.090390e+01 -4.172624e+01
      vertex   5.000000e-01 9.079239e+01 -4.100046e+01
      vertex   5.000000e-01 9.000000e+01 -4.200000e+01
    endloop
  endfacet
  facet normal 1.000000e+00 0.000000e+00 0.000000e+00
    outer loop
      vertex   5.000000e-01 9.000000e+01 -4.200000e+01
      vertex   5.000000e-01 9.079239e+01 -4.100046e+01
      vertex   5.000000e-01 9.072660e+01 -4.075008e+01
    endloop
  endfacet
  facet normal 1.000000e+00 0.000000e+00 0.000000e+00
    outer loop
      vertex   5.000000e-01 9.000000e+01 -4.200000e+01
      vertex   5.000000e-01 9.072660e+01 -4.075008e+01
      vertex   5.000000e-01 9.064835e+01 -4.044218e+01
    endloop
  endfacet
  facet normal 1.000000e+00 0.000000e+00 0.000000e+00
    outer loop
      vertex   5.000000e-01 9.064835e+01 -4.044218e+01
      vertex   5.000000e-01 9.055993e+01 -4.008589e+01
      vertex   5.000000e-01 9.000000e+01 -4.200000e+01
    endloop
  endfacet
  facet normal 1.000000e+00 0.000000e+00 0.000000e+00
    outer loop
      vertex   5.000000e-01 9.000000e+01 -4.200000e+01
      vertex   5.000000e-01 9.055993e+01 -4.008589e+01
      vertex   5.000000e-01 9.046361e+01 -3.969028e+01
    endloop
  endfacet
  facet normal 1.000000e+00 0.000000e+00 0.000000e+00
    outer loop
      vertex   5.000000e-01 9.000000e+01 -4.200000e+01
      vertex   5.000000e-01 9.046361e+01 -3.969028e+01
      vertex   5.000000e-01 9.025644e+01 -3.881758e+01
    endloop
  endfacet
  facet normal 1.000000e+00 0.000000e+00 0.000000e+00
    outer loop
      vertex   5.000000e-01 9.025644e+01 -3.881758e+01
      vertex   5.000000e-01 9.004511e+01 -3.789692e+01
      vertex   5.000000e-01 9.000000e+01 -4.200000e+01
    endloop
  endfacet
  facet normal 1.000000e+00 0.000000e+00 -0.000000e+00
    outer loop
      vertex   5.000000e-01 9.000000e+01 -4.200000e+01
      vertex   5.000000e-01 9.004511e+01 -3.789692e+01
      vertex   5.000000e-01 8.984789e+01 -3.700112e+01
    endloop
  endfacet
  facet normal 1.000000e+00 0.000000e+00 0.000000e+00
    outer loop
      vertex   5.000000e-01 9.000000e+01 -4.200000e+01
      vertex   5.000000e-01 8.984789e+01 -3.700112e+01
      vertex   5.000000e-01 8.976029e+01 -3.658530e+01
    endloop
  endfacet
  facet normal 1.000000e+00 0.000000e+00 0.000000e+00
    outer loop
      vertex   5.000000e-01 8.976029e+01 -3.658530e+01
      vertex   5.000000e-01 8.968306e+01 -3.620301e+01
      vertex   5.000000e-01 9.000000e+01 -4.200000e+01
    endloop
  endfacet
  facet normal 1.000000e+00 0.000000e+00 0.000000e+00
    outer loop
      vertex   5.000000e-01 9.000000e+01 -4.200000e+01
      vertex   5.000000e-01 8.968306e+01 -3.620301e+01
      vertex   5.000000e-01 8.630000e+01 -3.151962e+01
    endloop
  endfacet
  facet normal 1.000000e+00 0.000000e+00 0.000000e+00
    outer loop
      vertex   5.000000e-01 9.000000e+01 -4.200000e+01
      vertex   5.000000e-01 8.630000e+01 -3.151962e+01
      vertex   5.000000e-01 8.615529e+01 -3.157956e+01
    endloop
  endfacet
  facet normal 1.000000e+00 0.000000e+00 0.000000e+00
    outer loop
      vertex   5.000000e-01 8.968306e+01 -3.620301e+01
      vertex   5.000000e-01 8.961850e+01 -3.586336e+01
      vertex   5.000000e-01 8.630000e+01 -3.151962e+01
    endloop
  endfacet
  facet normal 1.000000e+00 0.000000e+00 0.000000e+00
    outer loop
      vertex   5.000000e-01 8.630000e+01 -3.151962e+01
      vertex   5.000000e-01 8.961850e+01 -3.586336e+01
      vertex   5.000000e-01 8.956675e+01 -3.556840e+01
    endloop
  endfacet
  facet normal 1.000000e+00 -0.000000e+00 0.000000e+00
    outer loop
      vertex   5.000000e-01 8.630000e+01 -3.151962e+01
      vertex   5.000000e-01 8.956675e+01 -3.556840e+01
      vertex   5.000000e-01 8.642426e+01 -3.142426e+01
    endloop
  endfacet
  facet normal 1.000000e+00 0.000000e+00 0.000000e+00
    outer loop
      vertex   5.000000e-01 8.642426e+01 -3.142426e+01
      vertex   5.000000e-01 8.956675e+01 -3.556840e+01
      vertex   5.000000e-01 8.947935e+01 -3.503769e+01
    endloop
  endfacet
  facet normal 1.000000e+00 0.000000e+00 0.000000e+00
    outer loop
      vertex   5.000000e-01 8.642426e+01 -3.142426e+01
      vertex   5.000000e-01 8.947935e+01 -3.503769e+01
      vertex   5.000000e-01 8.940081e+01 -3.453322e+01
    endloop
  endfacet
  facet normal 1.000000e+00 -0.000000e+00 0.000000e+00
    outer loop
      vertex   5.000000e-01 8.642426e+01 -3.142426e+01
      vertex   5.000000e-01 8.940081e+01 -3.453322e+01
      vertex   5.000000e-01 8.651962e+01 -3.130000e+01
    endloop
  endfacet
  facet normal 1.000000e+00 0.000000e+00 0.000000e+00
    outer loop
      vertex   5.000000e-01 8.651962e+01 -3.130000e+01
      vertex   5.000000e-01 8.940081e+01 -3.453322e+01
      vertex   5.000000e-01 8.931762e+01 -3.399679e+01
    endloop
  endfacet
  facet normal 1.000000e+00 0.000000e+00 0.000000e+00
    outer loop
      vertex   5.000000e-01 8.651962e+01 -3.130000e+01
      vertex   5.000000e-01 8.931762e+01 -3.399679e+01
      vertex   5.000000e-01 8.921626e+01 -3.337022e+01
    endloop
  endfacet
  facet normal 1.000000e+00 0.000000e+00 0.000000e+00
    outer loop
      vertex   5.000000e-01 8.921626e+01 -3.337022e+01
      vertex   5.000000e-01 8.915454e+01 -3.300495e+01
      vertex   5.000000e-01 8.651962e+01 -3.130000e+01
    endloop
  endfacet
  facet normal 1.000000e+00 0.000000e+00 0.000000e+00
    outer loop
      vertex   5.000000e-01 8.651962e+01 -3.130000e+01
      vertex   5.000000e-01 8.915454e+01 -3.300495e+01
      vertex   5.000000e-01 8.908321e+01 -3.259532e+01
    endloop
  endfacet
  facet normal 1.000000e+00 -0.000000e+00 0.000000e+00
    outer loop
      vertex   5.000000e-01 8.651962e+01 -3.130000e+01
      vertex   5.000000e-01 8.908321e+01 -3.259532e+01
      vertex   5.000000e-01 8.657956e+01 -3.115529e+01
    endloop
  endfacet
  facet normal 1.000000e+00 0.000000e+00 0.000000e+00
    outer loop
      vertex   5.000000e-01 8.657956e+01 -3.115529e+01
      vertex   5.000000e-01 8.908321e+01 -3.259532e+01
      vertex   5.000000e-01 8.900058e+01 -3.213408e+01
    endloop
  endfacet
  facet normal 1.000000e+00 0.000000e+00 0.000000e+00
    outer loop
      vertex   5.000000e-01 8.657956e+01 -3.115529e+01
      vertex   5.000000e-01 8.900058e+01 -3.213408e+01
      vertex   5.000000e-01 8.890496e+01 -3.161393e+01
    endloop
  endfacet
  facet normal 1.000000e+00 -7.756980e-17 -3.933005e-16
    outer loop
      vertex   5.000000e-01 8.890496e+01 -3.161393e+01
      vertex   5.000000e-01 8.879466e+01 -3.102760e+01
      vertex   5.000000e-01 8.657956e+01 -3.115529e+01
    endloop
  endfacet
  facet normal 1.000000e+00 -1.190753e-16 3.267337e-16
    outer loop
      vertex   5.000000e-01 8.657956e+01 -3.115529e+01
      vertex   5.000000e-01 8.879466e+01 -3.102760e+01
      vertex   5.000000e-01 8.867278e+01 -3.039243e+01
    endloop
  endfacet
  facet normal 1.000000e+00 0.000000e+00 0.000000e+00
    outer loop
      vertex   5.000000e-01 8.657956e+01 -3.115529e+01
      vertex   5.000000e-01 8.867278e+01 -3.039243e+01
      vertex   5.000000e-01 8.660000e+01 -3.100000e+01
    endloop
  endfacet
  facet normal 1.000000e+00 0.000000e+00 0.000000e+00
    outer loop
      vertex   5.000000e-01 8.660000e+01 -3.100000e+01
      vertex   5.000000e-01 8.867278e+01 -3.039243e+01
      vertex   5.000000e-01 8.843676e+01 -2.919408e+01
    endloop
  endfacet
  facet normal 1.000000e+00 0.000000e+00 -0.000000e+00
    outer loop
      vertex   5.000000e-01 8.660000e+01 -3.100000e+01
      vertex   5.000000e-01 8.843676e+01 -2.919408e+01
      vertex   5.000000e-01 8.657956e+01 -3.084471e+01
    endloop
  endfacet
  facet normal 1.000000e+00 0.000000e+00 0.000000e+00
    outer loop
      vertex   5.000000e-01 8.657956e+01 -3.084471e+01
      vertex   5.000000e-01 8.843676e+01 -2.919408e+01
      vertex   5.000000e-01 8.821399e+01 -2.810215e+01
    endloop
  endfacet
  facet normal 1.000000e+00 0.000000e+00 0.000000e+00
    outer loop
      vertex   5.000000e-01 8.657956e+01 -3.084471e+01
      vertex   5.000000e-01 8.821399e+01 -2.810215e+01
      vertex   5.000000e-01 8.800482e+01 -2.711266e+01
    endloop
  endfacet
  facet normal 1.000000e+00 0.000000e+00 -0.000000e+00
    outer loop
      vertex   5.000000e-01 8.657956e+01 -3.084471e+01
      vertex   5.000000e-01 8.800482e+01 -2.711266e+01
      vertex   5.000000e-01 8.651962e+01 -3.070000e+01
    endloop
  endfacet
  facet normal 1.000000e+00 0.000000e+00 0.000000e+00
    outer loop
      vertex   5.000000e-01 8.651962e+01 -3.070000e+01
      vertex   5.000000e-01 8.800482e+01 -2.711266e+01
      vertex   5.000000e-01 8.780958e+01 -2.622164e+01
    endloop
  endfacet
  facet normal 1.000000e+00 0.000000e+00 -0.000000e+00
    outer loop
      vertex   5.000000e-01 8.651962e+01 -3.070000e+01
      vertex   5.000000e-01 8.780958e+01 -2.622164e+01
      vertex   5.000000e-01 8.642426e+01 -3.057574e+01
    endloop
  endfacet
  facet normal 1.000000e+00 0.000000e+00 0.000000e+00
    outer loop
      vertex   5.000000e-01 8.642426e+01 -3.057574e+01
      vertex   5.000000e-01 8.780958e+01 -2.622164e+01
      vertex   5.000000e-01 8.762861e+01 -2.542513e+01
    endloop
  endfacet
  facet normal 1.000000e+00 0.000000e+00 -0.000000e+00
    outer loop
      vertex   5.000000e-01 8.642426e+01 -3.057574e+01
      vertex   5.000000e-01 8.762861e+01 -2.542513e+01
      vertex   5.000000e-01 8.630000e+01 -3.048039e+01
    endloop
  endfacet
  facet normal 1.000000e+00 0.000000e+00 0.000000e+00
    outer loop
      vertex   5.000000e-01 8.630000e+01 -3.048039e+01
      vertex   5.000000e-01 8.762861e+01 -2.542513e+01
      vertex   5.000000e-01 8.746226e+01 -2.471915e+01
    endloop
  endfacet
  facet normal 1.000000e+00 0.000000e+00 -0.000000e+00
    outer loop
      vertex   5.000000e-01 8.630000e+01 -3.048039e+01
      vertex   5.000000e-01 8.746226e+01 -2.471915e+01
      vertex   5.000000e-01 8.615529e+01 -3.042045e+01
    endloop
  endfacet
  facet normal 1.000000e+00 0.000000e+00 0.000000e+00
    outer loop
      vertex   5.000000e-01 8.615529e+01 -3.042045e+01
      vertex   5.000000e-01 8.746226e+01 -2.471915e+01
      vertex   5.000000e-01 8.731087e+01 -2.409974e+01
    endloop
  endfacet
  facet normal 1.000000e+00 0.000000e+00 -0.000000e+00
    outer loop
      vertex   5.000000e-01 8.615529e+01 -3.042045e+01
      vertex   5.000000e-01 8.731087e+01 -2.409974e+01
      vertex   5.000000e-01 8.600000e+01 -3.040000e+01
    endloop
  endfacet
  facet normal 1.000000e+00 0.000000e+00 0.000000e+00
    outer loop
      vertex   5.000000e-01 8.600000e+01 -3.040000e+01
      vertex   5.000000e-01 8.731087e+01 -2.409974e+01
      vertex   5.000000e-01 8.717477e+01 -2.356292e+01
    endloop
  endfacet
  facet normal 1.000000e+00 0.000000e+00 -0.000000e+00
    outer loop
      vertex   5.000000e-01 8.600000e+01 -3.040000e+01
      vertex   5.000000e-01 8.717477e+01 -2.356292e+01
      vertex   5.000000e-01 8.584471e+01 -3.042045e+01
    endloop
  endfacet
  facet normal 1.000000e+00 0.000000e+00 0.000000e+00
    outer loop
      vertex   5.000000e-01 8.584471e+01 -3.042045e+01
      vertex   5.000000e-01 8.717477e+01 -2.356292e+01
      vertex   5.000000e-01 8.602562e+01 -2.159675e+01
    endloop
  endfacet
  facet normal 1.000000e+00 0.000000e+00 -0.000000e+00
    outer loop
      vertex   5.000000e-01 8.584471e+01 -3.042045e+01
      vertex   5.000000e-01 8.602562e+01 -2.159675e+01
      vertex   5.000000e-01 8.570000e+01 -3.048039e+01
    endloop
  endfacet
  facet normal 1.000000e+00 0.000000e+00 -0.000000e+00
    outer loop
      vertex   5.000000e-01 8.570000e+01 -3.048039e+01
      vertex   5.000000e-01 8.602562e+01 -2.159675e+01
      vertex   5.000000e-01 8.557574e+01 -3.057574e+01
    endloop
  endfacet
  facet normal 1.000000e+00 0.000000e+00 -0.000000e+00
    outer loop
      vertex   5.000000e-01 8.557574e+01 -3.057574e+01
      vertex   5.000000e-01 8.602562e+01 -2.159675e+01
      vertex   5.000000e-01 8.548039e+01 -3.070000e+01
    endloop
  endfacet
  facet normal 1.000000e+00 0.000000e+00 -0.000000e+00
    outer loop
      vertex   5.000000e-01 8.548039e+01 -3.070000e+01
      vertex   5.000000e-01 8.602562e+01 -2.159675e+01
      vertex   5.000000e-01 8.542044e+01 -3.084471e+01
    endloop
  endfacet
  facet normal 1.000000e+00 0.000000e+00 -0.000000e+00
    outer loop
      vertex   5.000000e-01 8.542044e+01 -3.084471e+01
      vertex   5.000000e-01 8.602562e+01 -2.159675e+01
      vertex   5.000000e-01 7.888104e+01 -2.857973e+01
    endloop
  endfacet
  facet normal 1.000000e+00 0.000000e+00 0.000000e+00
    outer loop
      vertex   5.000000e-01 8.542044e+01 -3.084471e+01
      vertex   5.000000e-01 7.888104e+01 -2.857973e+01
      vertex   5.000000e-01 7.901048e+01 -2.935639e+01
    endloop
  endfacet
  facet normal 1.000000e+00 0.000000e+00 0.000000e+00
    outer loop
      vertex   5.000000e-01 8.717477e+01 -2.356292e+01
      vertex   5.000000e-01 8.705431e+01 -2.310472e+01
      vertex   5.000000e-01 8.602562e+01 -2.159675e+01
    endloop
  endfacet
  facet normal 1.000000e+00 0.000000e+00 0.000000e+00
    outer loop
      vertex   5.000000e-01 8.602562e+01 -2.159675e+01
      vertex   5.000000e-01 8.705431e+01 -2.310472e+01
      vertex   5.000000e-01 8.694983e+01 -2.272118e+01
    endloop
  endfacet
  facet normal 1.000000e+00 0.000000e+00 0.000000e+00
    outer loop
      vertex   5.000000e-01 8.602562e+01 -2.159675e+01
      vertex   5.000000e-01 8.694983e+01 -2.272118e+01
      vertex   5.000000e-01 8.686167e+01 -2.240833e+01
    endloop
  endfacet
  facet normal 1.000000e+00 0.000000e+00 0.000000e+00
    outer loop
      vertex   5.000000e-01 8.686167e+01 -2.240833e+01
      vertex   5.000000e-01 8.679016e+01 -2.216218e+01
      vertex   5.000000e-01 8.602562e+01 -2.159675e+01
    endloop
  endfacet
  facet normal 1.000000e+00 0.000000e+00 0.000000e+00
    outer loop
      vertex   5.000000e-01 8.602562e+01 -2.159675e+01
      vertex   5.000000e-01 8.679016e+01 -2.216218e+01
      vertex   5.000000e-01 8.673565e+01 -2.197879e+01
    endloop
  endfacet
  facet normal 1.000000e+00 0.000000e+00 0.000000e+00
    outer loop
      vertex   5.000000e-01 8.602562e+01 -2.159675e+01
      vertex   5.000000e-01 8.673565e+01 -2.197879e+01
      vertex   5.000000e-01 8.669454e+01 -2.184150e+01
    endloop
  endfacet
  facet normal 1.000000e+00 0.000000e+00 0.000000e+00
    outer loop
      vertex   5.000000e-01 8.669454e+01 -2.184150e+01
      vertex   5.000000e-01 8.664393e+01 -2.167400e+01
      vertex   5.000000e-01 8.602562e+01 -2.159675e+01
    endloop
  endfacet
  facet normal 1.000000e+00 -0.000000e+00 0.000000e+00
    outer loop
      vertex   5.000000e-01 8.602562e+01 -2.159675e+01
      vertex   5.000000e-01 8.664393e+01 -2.167400e+01
      vertex   5.000000e-01 8.658118e+01 -2.146803e+01
    endloop
  endfacet
  facet normal 1.000000e+00 0.000000e+00 0.000000e+00
    outer loop
      vertex   5.000000e-01 8.602562e+01 -2.159675e+01
      vertex   5.000000e-01 8.658118e+01 -2.146803e+01
      vertex   5.000000e-01 8.642439e+01 -2.095909e+01
    endloop
  endfacet
  facet normal 1.000000e+00 0.000000e+00 0.000000e+00
    outer loop
      vertex   5.000000e-01 8.642439e+01 -2.095909e+01
      vertex   5.000000e-01 8.623445e+01 -2.035155e+01
      vertex   5.000000e-01 8.602562e+01 -2.159675e+01
    endloop
  endfacet
  facet normal 1.000000e+00 0.000000e+00 -0.000000e+00
    outer loop
      vertex   5.000000e-01 8.602562e+01 -2.159675e+01
      vertex   5.000000e-01 8.623445e+01 -2.035155e+01
      vertex   5.000000e-01 8.602165e+01 -1.968229e+01
    endloop
  endfacet
  facet normal 1.000000e+00 0.000000e+00 0.000000e+00
    outer loop
      vertex   5.000000e-01 8.602562e+01 -2.159675e+01
      vertex   5.000000e-01 8.602165e+01 -1.968229e+01
      vertex   5.000000e-01 8.556863e+01 -1.830613e+01
    endloop
  endfacet
  facet normal 1.000000e+00 0.000000e+00 0.000000e+00
    outer loop
      vertex   5.000000e-01 8.556863e+01 -1.830613e+01
      vertex   5.000000e-01 8.534898e+01 -1.767298e+01
      vertex   5.000000e-01 8.602562e+01 -2.159675e+01
    endloop
  endfacet
  facet normal 1.000000e+00 0.000000e+00 0.000000e+00
    outer loop
      vertex   5.000000e-01 8.602562e+01 -2.159675e+01
      vertex   5.000000e-01 8.534898e+01 -1.767298e+01
      vertex   5.000000e-01 8.514762e+01 -1.712561e+01
    endloop
  endfacet
  facet normal 1.000000e+00 -2.443285e-15 -4.797905e-16
    outer loop
      vertex   5.000000e-01 8.602562e+01 -2.159675e+01
      vertex   5.000000e-01 8.514762e+01 -1.712561e+01
      vertex   5.000000e-01 8.505702e+01 -1.689562e+01
    endloop
  endfacet
  facet normal 1.000000e+00 2.733025e-15 5.867198e-16
    outer loop
      vertex   5.000000e-01 8.505702e+01 -1.689562e+01
      vertex   5.000000e-01 8.501480e+01 -1.679357e+01
      vertex   5.000000e-01 8.602562e+01 -2.159675e+01
    endloop
  endfacet
  facet normal 1.000000e+00 4.267089e-15 9.095621e-16
    outer loop
      vertex   5.000000e-01 8.602562e+01 -2.159675e+01
      vertex   5.000000e-01 8.501480e+01 -1.679357e+01
      vertex   5.000000e-01 8.498893e+01 -1.673324e+01
    endloop
  endfacet
  facet normal 1.000000e+00 3.232896e-15 6.891161e-16
    outer loop
      vertex   5.000000e-01 8.602562e+01 -2.159675e+01
      vertex   5.000000e-01 8.498893e+01 -1.673324e+01
      vertex   5.000000e-01 8.492211e+01 -1.658086e+01
    endloop
  endfacet
  facet normal 1.000000e+00 -2.178132e-15 -5.013319e-16
    outer loop
      vertex   5.000000e-01 8.492211e+01 -1.658086e+01
      vertex   5.000000e-01 8.481605e+01 -1.634153e+01
      vertex   5.000000e-01 8.602562e+01 -2.159675e+01
    endloop
  endfacet
  facet normal 1.000000e+00 0.000000e+00 0.000000e+00
    outer loop
      vertex   5.000000e-01 8.602562e+01 -2.159675e+01
      vertex   5.000000e-01 8.481605e+01 -1.634153e+01
      vertex   5.000000e-01 8.468060e+01 -1.603895e+01
    endloop
  endfacet
  facet normal 1.000000e+00 0.000000e+00 0.000000e+00
    outer loop
      vertex   5.000000e-01 8.602562e+01 -2.159675e+01
      vertex   5.000000e-01 8.468060e+01 -1.603895e+01
      vertex   5.000000e-01 8.436087e+01 -1.533881e+01
    endloop
  endfacet
  facet normal 1.000000e+00 0.000000e+00 0.000000e+00
    outer loop
      vertex   5.000000e-01 8.602562e+01 -2.159675e+01
      vertex   5.000000e-01 8.436087e+01 -1.533881e+01
      vertex   5.000000e-01 8.359675e+01 -1.397438e+01
    endloop
  endfacet
  facet normal 1.000000e+00 0.000000e+00 0.000000e+00
    outer loop
      vertex   5.000000e-01 8.359675e+01 -1.397438e+01
      vertex   5.000000e-01 8.436087e+01 -1.533881e+01
      vertex   5.000000e-01 8.419628e+01 -1.498866e+01
    endloop
  endfacet
  facet normal 1.000000e+00 0.000000e+00 0.000000e+00
    outer loop
      vertex   5.000000e-01 8.359675e+01 -1.397438e+01
      vertex   5.000000e-01 8.419628e+01 -1.498866e+01
      vertex   5.000000e-01 8.404165e+01 -1.467006e+01
    endloop
  endfacet
  facet normal 1.000000e+00 0.000000e+00 0.000000e+00
    outer loop
      vertex   5.000000e-01 8.404165e+01 -1.467006e+01
      vertex   5.000000e-01 8.376527e+01 -1.414058e+01
      vertex   5.000000e-01 8.359675e+01 -1.397438e+01
    endloop
  endfacet
  facet normal 1.000000e+00 -0.000000e+00 -0.000000e+00
    outer loop
      vertex   5.000000e-01 8.359675e+01 -1.397438e+01
      vertex   5.000000e-01 8.376527e+01 -1.414058e+01
      vertex   5.000000e-01 8.343177e+01 -1.353257e+01
    endloop
  endfacet
  facet normal 1.000000e+00 0.000000e+00 0.000000e+00
    outer loop
      vertex   5.000000e-01 8.359675e+01 -1.397438e+01
      vertex   5.000000e-01 8.343177e+01 -1.353257e+01
      vertex   5.000000e-01 8.308993e+01 -1.295403e+01
    endloop
  endfacet
  facet normal 1.000000e+00 0.000000e+00 0.000000e+00
    outer loop
      vertex   5.000000e-01 8.308993e+01 -1.295403e+01
      vertex   5.000000e-01 8.278391e+01 -1.250234e+01
      vertex   5.000000e-01 8.359675e+01 -1.397438e+01
    endloop
  endfacet
  facet normal 1.000000e+00 0.000000e+00 0.000000e+00
    outer loop
      vertex   5.000000e-01 8.359675e+01 -1.397438e+01
      vertex   5.000000e-01 8.278391e+01 -1.250234e+01
      vertex   5.000000e-01 7.597438e+01 -1.640325e+01
    endloop
  endfacet
  facet normal 1.000000e+00 0.000000e+00 0.000000e+00
    outer loop
      vertex   5.000000e-01 7.597438e+01 -1.640325e+01
      vertex   5.000000e-01 8.278391e+01 -1.250234e+01
      vertex   5.000000e-01 8.242986e+01 -1.199894e+01
    endloop
  endfacet
  facet normal 1.000000e+00 0.000000e+00 0.000000e+00
    outer loop
      vertex   5.000000e-01 7.597438e+01 -1.640325e+01
      vertex   5.000000e-01 8.242986e+01 -1.199894e+01
      vertex   5.000000e-01 8.202911e+01 -1.146983e+01
    endloop
  endfacet
  facet normal 1.000000e+00 0.000000e+00 0.000000e+00
    outer loop
      vertex   5.000000e-01 8.202911e+01 -1.146983e+01
      vertex   5.000000e-01 8.159480e+01 -1.097268e+01
      vertex   5.000000e-01 7.597438e+01 -1.640325e+01
    endloop
  endfacet
  facet normal 1.000000e+00 0.000000e+00 0.000000e+00
    outer loop
      vertex   5.000000e-01 7.597438e+01 -1.640325e+01
      vertex   5.000000e-01 8.159480e+01 -1.097268e+01
      vertex   5.000000e-01 8.106297e+01 -1.045420e+01
    endloop
  endfacet
  facet normal 1.000000e+00 0.000000e+00 0.000000e+00
    outer loop
      vertex   5.000000e-01 7.597438e+01 -1.640325e+01
      vertex   5.000000e-01 8.106297e+01 -1.045420e+01
      vertex   5.000000e-01 8.052306e+01 -9.974644e+00
    endloop
  endfacet
  facet normal 1.000000e+00 0.000000e+00 0.000000e+00
    outer loop
      vertex   5.000000e-01 8.052306e+01 -9.974644e+00
      vertex   5.000000e-01 8.029907e+01 -9.789254e+00
      vertex   5.000000e-01 7.597438e+01 -1.640325e+01
    endloop
  endfacet
  facet normal 1.000000e+00 0.000000e+00 0.000000e+00
    outer loop
      vertex   5.000000e-01 7.597438e+01 -1.640325e+01
      vertex   5.000000e-01 8.029907e+01 -9.789254e+00
      vertex   5.000000e-01 8.013182e+01 -9.661301e+00
    endloop
  endfacet
  facet normal 1.000000e+00 0.000000e+00 0.000000e+00
    outer loop
      vertex   5.000000e-01 7.597438e+01 -1.640325e+01
      vertex   5.000000e-01 8.013182e+01 -9.661301e+00
      vertex   5.000000e-01 7.986394e+01 -9.481968e+00
    endloop
  endfacet
  facet normal 1.000000e+00 0.000000e+00 0.000000e+00
    outer loop
      vertex   5.000000e-01 7.986394e+01 -9.481968e+00
      vertex   5.000000e-01 7.929449e+01 -9.104590e+00
      vertex   5.000000e-01 7.597438e+01 -1.640325e+01
    endloop
  endfacet
  facet normal 1.000000e+00 0.000000e+00 0.000000e+00
    outer loop
      vertex   5.000000e-01 7.597438e+01 -1.640325e+01
      vertex   5.000000e-01 7.929449e+01 -9.104590e+00
      vertex   5.000000e-01 7.907250e+01 -8.955512e+00
    endloop
  endfacet
  facet normal 1.000000e+00 0.000000e+00 0.000000e+00
    outer loop
      vertex   5.000000e-01 7.597438e+01 -1.640325e+01
      vertex   5.000000e-01 7.907250e+01 -8.955512e+00
      vertex   5.000000e-01 7.889264e+01 -8.848037e+00
    endloop
  endfacet
  facet normal 1.000000e+00 0.000000e+00 0.000000e+00
    outer loop
      vertex   5.000000e-01 7.889264e+01 -8.848037e+00
      vertex   5.000000e-01 7.870369e+01 -8.753880e+00
      vertex   5.000000e-01 7.597438e+01 -1.640325e+01
    endloop
  endfacet
  facet normal 1.000000e+00 0.000000e+00 0.000000e+00
    outer loop
      vertex   5.000000e-01 7.597438e+01 -1.640325e+01
      vertex   5.000000e-01 7.870369e+01 -8.753880e+00
      vertex   5.000000e-01 7.845442e+01 -8.644755e+00
    endloop
  endfacet
  facet normal 1.000000e+00 0.000000e+00 0.000000e+00
    outer loop
      vertex   5.000000e-01 7.597438e+01 -1.640325e+01
      vertex   5.000000e-01 7.845442e+01 -8.644755e+00
      vertex   5.000000e-01 7.782593e+01 -8.381508e+00
    endloop
  endfacet
  facet normal 1.000000e+00 0.000000e+00 0.000000e+00
    outer loop
      vertex   5.000000e-01 7.782593e+01 -8.381508e+00
      vertex   5.000000e-01 7.726294e+01 -8.150354e+00
      vertex   5.000000e-01 7.597438e+01 -1.640325e+01
    endloop
  endfacet
  facet normal 1.000000e+00 0.000000e+00 0.000000e+00
    outer loop
      vertex   5.000000e-01 7.597438e+01 -1.640325e+01
      vertex   5.000000e-01 7.726294e+01 -8.150354e+00
      vertex   5.000000e-01 7.626121e+01 -7.741306e+00
    endloop
  endfacet
  facet normal 1.000000e+00 0.000000e+00 -0.000000e+00
    outer loop
      vertex   5.000000e-01 7.597438e+01 -1.640325e+01
      vertex   5.000000e-01 7.626121e+01 -7.741306e+00
      vertex   5.000000e-01 7.522565e+01 -1.527440e+01
    endloop
  endfacet
  facet normal 1.000000e+00 0.000000e+00 -0.000000e+00
    outer loop
      vertex   5.000000e-01 7.522565e+01 -1.527440e+01
      vertex   5.000000e-01 7.626121e+01 -7.741306e+00
      vertex   5.000000e-01 7.501035e+01 -1.463454e+01
    endloop
  endfacet
  facet normal 1.000000e+00 0.000000e+00 -0.000000e+00
    outer loop
      vertex   5.000000e-01 7.501035e+01 -1.463454e+01
      vertex   5.000000e-01 7.626121e+01 -7.741306e+00
      vertex   5.000000e-01 7.477551e+01 -1.398676e+01
    endloop
  endfacet
  facet normal 1.000000e+00 -5.092741e-17 1.211490e-17
    outer loop
      vertex   5.000000e-01 7.477551e+01 -1.398676e+01
      vertex   5.000000e-01 7.626121e+01 -7.741306e+00
      vertex   5.000000e-01 7.527193e+01 -7.317896e+00
    endloop
  endfacet
  facet normal 1.000000e+00 1.740149e-17 7.028592e-18
    outer loop
      vertex   5.000000e-01 7.477551e+01 -1.398676e+01
      vertex   5.000000e-01 7.527193e+01 -7.317896e+00
      vertex   5.000000e-01 7.449356e+01 -1.328869e+01
    endloop
  endfacet
  facet normal 1.000000e+00 1.629173e-17 7.173263e-18
    outer loop
      vertex   5.000000e-01 7.449356e+01 -1.328869e+01
      vertex   5.000000e-01 7.527193e+01 -7.317896e+00
      vertex   5.000000e-01 7.422068e+01 -1.266894e+01
    endloop
  endfacet
  facet normal 1.000000e+00 9.741491e-17 -8.764020e-18
    outer loop
      vertex   5.000000e-01 7.422068e+01 -1.266894e+01
      vertex   5.000000e-01 7.527193e+01 -7.317896e+00
      vertex   5.000000e-01 7.472450e+01 -7.068790e+00
    endloop
  endfacet
  facet normal 1.000000e+00 0.000000e+00 -0.000000e+00
    outer loop
      vertex   5.000000e-01 7.422068e+01 -1.266894e+01
      vertex   5.000000e-01 7.472450e+01 -7.068790e+00
      vertex   5.000000e-01 7.397281e+01 -1.212462e+01
    endloop
  endfacet
  facet normal 1.000000e+00 0.000000e+00 -0.000000e+00
    outer loop
      vertex   5.000000e-01 7.397281e+01 -1.212462e+01
      vertex   5.000000e-01 7.472450e+01 -7.068790e+00
      vertex   5.000000e-01 7.375896e+01 -1.163472e+01
    endloop
  endfacet
  facet normal 1.000000e+00 0.000000e+00 -0.000000e+00
    outer loop
      vertex   5.000000e-01 7.375896e+01 -1.163472e+01
      vertex   5.000000e-01 7.472450e+01 -7.068790e+00
      vertex   5.000000e-01 7.359284e+01 -1.119960e+01
    endloop
  endfacet
  facet normal 1.000000e+00 0.000000e+00 0.000000e+00
    outer loop
      vertex   5.000000e-01 7.359284e+01 -1.119960e+01
      vertex   5.000000e-01 7.472450e+01 -7.068790e+00
      vertex   5.000000e-01 7.412528e+01 -6.785729e+00
    endloop
  endfacet
  facet normal 1.000000e+00 0.000000e+00 -0.000000e+00
    outer loop
      vertex   5.000000e-01 7.359284e+01 -1.119960e+01
      vertex   5.000000e-01 7.412528e+01 -6.785729e+00
      vertex   5.000000e-01 7.333077e+01 -1.042692e+01
    endloop
  endfacet
  facet normal 1.000000e+00 0.000000e+00 0.000000e+00
    outer loop
      vertex   5.000000e-01 7.333077e+01 -1.042692e+01
      vertex   5.000000e-01 7.412528e+01 -6.785729e+00
      vertex   5.000000e-01 7.361672e+01 -6.653455e+00
    endloop
  endfacet
  facet normal 1.000000e+00 0.000000e+00 -0.000000e+00
    outer loop
      vertex   5.000000e-01 7.333077e+01 -1.042692e+01
      vertex   5.000000e-01 7.361672e+01 -6.653455e+00
      vertex   5.000000e-01 7.315434e+01 -9.977549e+00
    endloop
  endfacet
  facet normal 1.000000e+00 0.000000e+00 -0.000000e+00
    outer loop
      vertex   5.000000e-01 7.315434e+01 -9.977549e+00
      vertex   5.000000e-01 7.361672e+01 -6.653455e+00
      vertex   5.000000e-01 7.295022e+01 -9.524040e+00
    endloop
  endfacet
  facet normal 1.000000e+00 0.000000e+00 0.000000e+00
    outer loop
      vertex   5.000000e-01 7.295022e+01 -9.524040e+00
      vertex   5.000000e-01 7.361672e+01 -6.653455e+00
      vertex   5.000000e-01 7.306509e+01 -6.515786e+00
    endloop
  endfacet
  facet normal 1.000000e+00 5.053857e-16 -1.929874e-17
    outer loop
      vertex   5.000000e-01 7.295022e+01 -9.524040e+00
      vertex   5.000000e-01 7.306509e+01 -6.515786e+00
      vertex   5.000000e-01 7.274679e+01 -9.098489e+00
    endloop
  endfacet
  facet normal 1.000000e+00 -8.561893e-16 1.485068e-16
    outer loop
      vertex   5.000000e-01 7.274679e+01 -9.098489e+00
      vertex   5.000000e-01 7.306509e+01 -6.515786e+00
      vertex   5.000000e-01 7.265195e+01 -8.897684e+00
    endloop
  endfacet
  facet normal 1.000000e+00 0.000000e+00 -0.000000e+00
    outer loop
      vertex   5.000000e-01 7.265195e+01 -8.897684e+00
      vertex   5.000000e-01 7.306509e+01 -6.515786e+00
      vertex   5.000000e-01 7.257722e+01 -8.735145e+00
    endloop
  endfacet
  facet normal 1.000000e+00 -2.602814e-16 5.721663e-17
    outer loop
      vertex   5.000000e-01 7.257722e+01 -8.735145e+00
      vertex   5.000000e-01 7.306509e+01 -6.515786e+00
      vertex   5.000000e-01 7.243507e+01 -8.411605e+00
    endloop
  endfacet
  facet normal 1.000000e+00 -6.543019e-18 -2.710644e-17
    outer loop
      vertex   5.000000e-01 7.243507e+01 -8.411605e+00
      vertex   5.000000e-01 7.306509e+01 -6.515786e+00
      vertex   5.000000e-01 7.247135e+01 -6.372468e+00
    endloop
  endfacet
  facet normal 1.000000e+00 4.781243e-16 -3.572999e-17
    outer loop
      vertex   5.000000e-01 7.243507e+01 -8.411605e+00
      vertex   5.000000e-01 7.247135e+01 -6.372468e+00
      vertex   5.000000e-01 7.233605e+01 -8.182974e+00
    endloop
  endfacet
  facet normal 1.000000e+00 0.000000e+00 -0.000000e+00
    outer loop
      vertex   5.000000e-01 7.233605e+01 -8.182974e+00
      vertex   5.000000e-01 7.247135e+01 -6.372468e+00
      vertex   5.000000e-01 7.222630e+01 -7.926255e+00
    endloop
  endfacet
  facet normal 1.000000e+00 0.000000e+00 -0.000000e+00
    outer loop
      vertex   5.000000e-01 7.222630e+01 -7.926255e+00
      vertex   5.000000e-01 7.247135e+01 -6.372468e+00
      vertex   5.000000e-01 7.220786e+01 -6.310579e+00
    endloop
  endfacet
  facet normal 1.000000e+00 0.000000e+00 0.000000e+00
    outer loop
      vertex   5.000000e-01 7.222630e+01 -7.926255e+00
      vertex   5.000000e-01 7.220786e+01 -6.310579e+00
      vertex   5.000000e-01 7.181388e+01 -6.998414e+00
    endloop
  endfacet
  facet normal 1.000000e+00 0.000000e+00 0.000000e+00
    outer loop
      vertex   5.000000e-01 7.181388e+01 -6.998414e+00
      vertex   5.000000e-01 7.220786e+01 -6.310579e+00
      vertex   5.000000e-01 7.199520e+01 -6.262218e+00
    endloop
  endfacet
  facet normal 1.000000e+00 0.000000e+00 0.000000e+00
    outer loop
      vertex   5.000000e-01 7.181388e+01 -6.998414e+00
      vertex   5.000000e-01 7.199520e+01 -6.262218e+00
      vertex   5.000000e-01 7.182720e+01 -6.225933e+00
    endloop
  endfacet
  facet normal 1.000000e+00 0.000000e+00 0.000000e+00
    outer loop
      vertex   5.000000e-01 7.182720e+01 -6.225933e+00
      vertex   5.000000e-01 7.169771e+01 -6.200277e+00
      vertex   5.000000e-01 7.181388e+01 -6.998414e+00
    endloop
  endfacet
  facet normal 1.000000e+00 0.000000e+00 0.000000e+00
    outer loop
      vertex   5.000000e-01 7.181388e+01 -6.998414e+00
      vertex   5.000000e-01 7.169771e+01 -6.200277e+00
      vertex   5.000000e-01 7.155884e+01 -6.536125e+00
    endloop
  endfacet
  facet normal 1.000000e+00 -3.109761e-16 1.285869e-16
    outer loop
      vertex   5.000000e-01 7.155884e+01 -6.536125e+00
      vertex   5.000000e-01 7.169771e+01 -6.200277e+00
      vertex   5.000000e-01 7.152964e+01 -6.175054e+00
    endloop
  endfacet
  facet normal 1.000000e+00 1.097890e-15 2.425418e-16
    outer loop
      vertex   5.000000e-01 7.155884e+01 -6.536125e+00
      vertex   5.000000e-01 7.152964e+01 -6.175054e+00
      vertex   5.000000e-01 7.147853e+01 -6.172594e+00
    endloop
  endfacet
  facet normal 1.000000e+00 0.000000e+00 0.000000e+00
    outer loop
      vertex   5.000000e-01 7.155884e+01 -6.536125e+00
      vertex   5.000000e-01 7.147853e+01 -6.172594e+00
      vertex   5.000000e-01 7.143084e+01 -6.320567e+00
    endloop
  endfacet
  facet normal 1.000000e+00 0.000000e+00 0.000000e+00
    outer loop
      vertex   5.000000e-01 7.143084e+01 -6.320567e+00
      vertex   5.000000e-01 7.147853e+01 -6.172594e+00
      vertex   5.000000e-01 7.144152e+01 -6.175505e+00
    endloop
  endfacet
  facet normal 1.000000e+00 0.000000e+00 -0.000000e+00
    outer loop
      vertex   5.000000e-01 7.143084e+01 -6.320567e+00
      vertex   5.000000e-01 7.144152e+01 -6.175505e+00
      vertex   5.000000e-01 7.142761e+01 -6.178918e+00
    endloop
  endfacet
  facet normal 1.000000e+00 0.000000e+00 0.000000e+00
    outer loop
      vertex   5.000000e-01 7.142761e+01 -6.178918e+00
      vertex   5.000000e-01 7.141611e+01 -6.183831e+00
      vertex   5.000000e-01 7.143084e+01 -6.320567e+00
    endloop
  endfacet
  facet normal 1.000000e+00 0.000000e+00 0.000000e+00
    outer loop
      vertex   5.000000e-01 7.143084e+01 -6.320567e+00
      vertex   5.000000e-01 7.141611e+01 -6.183831e+00
      vertex   5.000000e-01 7.140058e+01 -6.249877e+00
    endloop
  endfacet
  facet normal 1.000000e+00 2.622516e-14 -6.163804e-15
    outer loop
      vertex   5.000000e-01 7.140058e+01 -6.249877e+00
      vertex   5.000000e-01 7.141611e+01 -6.183831e+00
      vertex   5.000000e-01 7.141112e+01 -6.187014e+00
    endloop
  endfacet
  facet normal 1.000000e+00 -4.249254e-14 5.359506e-15
    outer loop
      vertex   5.000000e-01 7.140058e+01 -6.249877e+00
      vertex   5.000000e-01 7.141112e+01 -6.187014e+00
      vertex   5.000000e-01 7.140673e+01 -6.190743e+00
    endloop
  endfacet
  facet normal 1.000000e+00 1.570307e-14 -6.949495e-16
    outer loop
      vertex   5.000000e-01 7.140673e+01 -6.190743e+00
      vertex   5.000000e-01 7.140301e+01 -6.195057e+00
      vertex   5.000000e-01 7.140058e+01 -6.249877e+00
    endloop
  endfacet
  facet normal 1.000000e+00 0.000000e+00 -0.000000e+00
    outer loop
      vertex   5.000000e-01 7.140058e+01 -6.249877e+00
      vertex   5.000000e-01 7.140301e+01 -6.195057e+00
      vertex   5.000000e-01 7.140000e+01 -6.200000e+00
    endloop
  endfacet
  facet normal 1.000000e+00 0.000000e+00 0.000000e+00
    outer loop
      vertex   5.000000e-01 7.140058e+01 -6.249877e+00
      vertex   5.000000e-01 7.140000e+01 -6.200000e+00
      vertex   5.000000e-01 7.139580e+01 -6.224007e+00
    endloop
  endfacet
  facet normal 1.000000e+00 6.986253e-14 -1.220561e-14
    outer loop
      vertex   5.000000e-01 7.139580e+01 -6.224007e+00
      vertex   5.000000e-01 7.140000e+01 -6.200000e+00
      vertex   5.000000e-01 7.139673e+01 -6.209625e+00
    endloop
  endfacet
  facet normal 1.000000e+00 9.772960e-16 6.482060e-16
    outer loop
      vertex   5.000000e-01 7.522565e+01 -1.527440e+01
      vertex   5.000000e-01 7.534071e+01 -1.561916e+01
      vertex   5.000000e-01 7.597438e+01 -1.640325e+01
    endloop
  endfacet
  facet normal 1.000000e+00 -3.280362e-16 -4.066942e-16
    outer loop
      vertex   5.000000e-01 7.597438e+01 -1.640325e+01
      vertex   5.000000e-01 7.534071e+01 -1.561916e+01
      vertex   5.000000e-01 7.546857e+01 -1.599527e+01
    endloop
  endfacet
  facet normal 1.000000e+00 0.000000e+00 0.000000e+00
    outer loop
      vertex   5.000000e-01 7.597438e+01 -1.640325e+01
      vertex   5.000000e-01 7.546857e+01 -1.599527e+01
      vertex   5.000000e-01 7.561939e+01 -1.642688e+01
    endloop
  endfacet
  facet normal 1.000000e+00 -0.000000e+00 0.000000e+00
    outer loop
      vertex   5.000000e-01 7.561939e+01 -1.642688e+01
      vertex   5.000000e-01 7.579838e+01 -1.693033e+01
      vertex   5.000000e-01 7.597438e+01 -1.640325e+01
    endloop
  endfacet
  facet normal 1.000000e+00 0.000000e+00 0.000000e+00
    outer loop
      vertex   5.000000e-01 7.597438e+01 -1.640325e+01
      vertex   5.000000e-01 7.579838e+01 -1.693033e+01
      vertex   5.000000e-01 7.599784e+01 -1.748781e+01
    endloop
  endfacet
  facet normal 1.000000e+00 0.000000e+00 0.000000e+00
    outer loop
      vertex   5.000000e-01 7.597438e+01 -1.640325e+01
      vertex   5.000000e-01 7.599784e+01 -1.748781e+01
      vertex   5.000000e-01 7.620987e+01 -1.808105e+01
    endloop
  endfacet
  facet normal 1.000000e+00 -0.000000e+00 -0.000000e+00
    outer loop
      vertex   5.000000e-01 7.620987e+01 -1.808105e+01
      vertex   5.000000e-01 7.664009e+01 -1.930171e+01
      vertex   5.000000e-01 7.597438e+01 -1.640325e+01
    endloop
  endfacet
  facet normal 1.000000e+00 0.000000e+00 0.000000e+00
    outer loop
      vertex   5.000000e-01 7.597438e+01 -1.640325e+01
      vertex   5.000000e-01 7.664009e+01 -1.930171e+01
      vertex   5.000000e-01 7.684112e+01 -1.988874e+01
    endloop
  endfacet
  facet normal 1.000000e+00 0.000000e+00 0.000000e+00
    outer loop
      vertex   5.000000e-01 7.597438e+01 -1.640325e+01
      vertex   5.000000e-01 7.684112e+01 -1.988874e+01
      vertex   5.000000e-01 7.700104e+01 -2.038386e+01
    endloop
  endfacet
  facet normal 1.000000e+00 0.000000e+00 0.000000e+00
    outer loop
      vertex   5.000000e-01 7.597438e+01 -1.640325e+01
      vertex   5.000000e-01 7.700104e+01 -2.038386e+01
      vertex   5.000000e-01 7.840325e+01 -2.402562e+01
    endloop
  endfacet
  facet normal 1.000000e+00 0.000000e+00 0.000000e+00
    outer loop
      vertex   5.000000e-01 7.840325e+01 -2.402562e+01
      vertex   5.000000e-01 7.700104e+01 -2.038386e+01
      vertex   5.000000e-01 7.714182e+01 -2.087738e+01
    endloop
  endfacet
  facet normal 1.000000e+00 0.000000e+00 0.000000e+00
    outer loop
      vertex   5.000000e-01 7.840325e+01 -2.402562e+01
      vertex   5.000000e-01 7.714182e+01 -2.087738e+01
      vertex   5.000000e-01 7.721781e+01 -2.116906e+01
    endloop
  endfacet
  facet normal 1.000000e+00 0.000000e+00 0.000000e+00
    outer loop
      vertex   5.000000e-01 7.721781e+01 -2.116906e+01
      vertex   5.000000e-01 7.730435e+01 -2.151499e+01
      vertex   5.000000e-01 7.840325e+01 -2.402562e+01
    endloop
  endfacet
  facet normal 1.000000e+00 0.000000e+00 0.000000e+00
    outer loop
      vertex   5.000000e-01 7.840325e+01 -2.402562e+01
      vertex   5.000000e-01 7.730435e+01 -2.151499e+01
      vertex   5.000000e-01 7.740655e+01 -2.193336e+01
    endloop
  endfacet
  facet normal 1.000000e+00 0.000000e+00 0.000000e+00
    outer loop
      vertex   5.000000e-01 7.840325e+01 -2.402562e+01
      vertex   5.000000e-01 7.740655e+01 -2.193336e+01
      vertex   5.000000e-01 7.752952e+01 -2.244239e+01
    endloop
  endfacet
  facet normal 1.000000e+00 0.000000e+00 0.000000e+00
    outer loop
      vertex   5.000000e-01 7.752952e+01 -2.244239e+01
      vertex   5.000000e-01 7.760039e+01 -2.273659e+01
      vertex   5.000000e-01 7.840325e+01 -2.402562e+01
    endloop
  endfacet
  facet normal 1.000000e+00 0.000000e+00 0.000000e+00
    outer loop
      vertex   5.000000e-01 7.840325e+01 -2.402562e+01
      vertex   5.000000e-01 7.760039e+01 -2.273659e+01
      vertex   5.000000e-01 7.767875e+01 -2.306247e+01
    endloop
  endfacet
  facet normal 1.000000e+00 0.000000e+00 0.000000e+00
    outer loop
      vertex   5.000000e-01 7.840325e+01 -2.402562e+01
      vertex   5.000000e-01 7.767875e+01 -2.306247e+01
      vertex   5.000000e-01 7.776642e+01 -2.343095e+01
    endloop
  endfacet
  facet normal 1.000000e+00 0.000000e+00 0.000000e+00
    outer loop
      vertex   5.000000e-01 7.776642e+01 -2.343095e+01
      vertex   5.000000e-01 7.786153e+01 -2.383433e+01
      vertex   5.000000e-01 7.840325e+01 -2.402562e+01
    endloop
  endfacet
  facet normal 1.000000e+00 0.000000e+00 0.000000e+00
    outer loop
      vertex   5.000000e-01 7.840325e+01 -2.402562e+01
      vertex   5.000000e-01 7.786153e+01 -2.383433e+01
      vertex   5.000000e-01 7.826880e+01 -2.558582e+01
    endloop
  endfacet
  facet normal 1.000000e+00 0.000000e+00 0.000000e+00
    outer loop
      vertex   5.000000e-01 7.840325e+01 -2.402562e+01
      vertex   5.000000e-01 7.826880e+01 -2.558582e+01
      vertex   5.000000e-01 7.845509e+01 -2.639662e+01
    endloop
  endfacet
  facet normal 1.000000e+00 -0.000000e+00 -0.000000e+00
    outer loop
      vertex   5.000000e-01 7.845509e+01 -2.639662e+01
      vertex   5.000000e-01 7.853556e+01 -2.674885e+01
      vertex   5.000000e-01 7.840325e+01 -2.402562e+01
    endloop
  endfacet
  facet normal 1.000000e+00 0.000000e+00 0.000000e+00
    outer loop
      vertex   5.000000e-01 7.840325e+01 -2.402562e+01
      vertex   5.000000e-01 7.853556e+01 -2.674885e+01
      vertex   5.000000e-01 7.860439e+01 -2.705165e+01
    endloop
  endfacet
  facet normal 1.000000e+00 0.000000e+00 0.000000e+00
    outer loop
      vertex   5.000000e-01 7.840325e+01 -2.402562e+01
      vertex   5.000000e-01 7.860439e+01 -2.705165e+01
      vertex   5.000000e-01 7.866099e+01 -2.730851e+01
    endloop
  endfacet
  facet normal 1.000000e+00 -0.000000e+00 -0.000000e+00
    outer loop
      vertex   5.000000e-01 7.866099e+01 -2.730851e+01
      vertex   5.000000e-01 7.870736e+01 -2.753181e+01
      vertex   5.000000e-01 7.840325e+01 -2.402562e+01
    endloop
  endfacet
  facet normal 1.000000e+00 0.000000e+00 0.000000e+00
    outer loop
      vertex   5.000000e-01 7.840325e+01 -2.402562e+01
      vertex   5.000000e-01 7.870736e+01 -2.753181e+01
      vertex   5.000000e-01 7.877732e+01 -2.790720e+01
    endloop
  endfacet
  facet normal 1.000000e+00 -0.000000e+00 0.000000e+00
    outer loop
      vertex   5.000000e-01 7.840325e+01 -2.402562e+01
      vertex   5.000000e-01 7.877732e+01 -2.790720e+01
      vertex   5.000000e-01 8.602562e+01 -2.159675e+01
    endloop
  endfacet
  facet normal 1.000000e+00 0.000000e+00 0.000000e+00
    outer loop
      vertex   5.000000e-01 8.602562e+01 -2.159675e+01
      vertex   5.000000e-01 7.877732e+01 -2.790720e+01
      vertex   5.000000e-01 7.888104e+01 -2.857973e+01
    endloop
  endfacet
  facet normal 1.000000e+00 0.000000e+00 0.000000e+00
    outer loop
      vertex   5.000000e-01 7.901048e+01 -2.935639e+01
      vertex   5.000000e-01 7.915507e+01 -3.005829e+01
      vertex   5.000000e-01 8.542044e+01 -3.084471e+01
    endloop
  endfacet
  facet normal 1.000000e+00 0.000000e+00 0.000000e+00
    outer loop
      vertex   5.000000e-01 8.542044e+01 -3.084471e+01
      vertex   5.000000e-01 7.915507e+01 -3.005829e+01
      vertex   5.000000e-01 7.946449e+01 -3.156879e+01
    endloop
  endfacet
  facet normal 1.000000e+00 0.000000e+00 0.000000e+00
    outer loop
      vertex   5.000000e-01 8.542044e+01 -3.084471e+01
      vertex   5.000000e-01 7.946449e+01 -3.156879e+01
      vertex   5.000000e-01 8.540000e+01 -3.100000e+01
    endloop
  endfacet
  facet normal 1.000000e+00 1.375440e-17 -1.435310e-16
    outer loop
      vertex   5.000000e-01 8.540000e+01 -3.100000e+01
      vertex   5.000000e-01 7.946449e+01 -3.156879e+01
      vertex   5.000000e-01 7.960536e+01 -3.232880e+01
    endloop
  endfacet
  facet normal 1.000000e+00 -5.383491e-17 1.512127e-16
    outer loop
      vertex   5.000000e-01 8.540000e+01 -3.100000e+01
      vertex   5.000000e-01 7.960536e+01 -3.232880e+01
      vertex   5.000000e-01 7.974082e+01 -3.301479e+01
    endloop
  endfacet
  facet normal 1.000000e+00 -0.000000e+00 0.000000e+00
    outer loop
      vertex   5.000000e-01 7.974082e+01 -3.301479e+01
      vertex   5.000000e-01 7.987806e+01 -3.367498e+01
      vertex   5.000000e-01 8.540000e+01 -3.100000e+01
    endloop
  endfacet
  facet normal 1.000000e+00 0.000000e+00 0.000000e+00
    outer loop
      vertex   5.000000e-01 8.540000e+01 -3.100000e+01
      vertex   5.000000e-01 7.987806e+01 -3.367498e+01
      vertex   5.000000e-01 8.002210e+01 -3.438180e+01
    endloop
  endfacet
  facet normal 1.000000e+00 0.000000e+00 0.000000e+00
    outer loop
      vertex   5.000000e-01 8.540000e+01 -3.100000e+01
      vertex   5.000000e-01 8.002210e+01 -3.438180e+01
      vertex   5.000000e-01 8.014893e+01 -3.503292e+01
    endloop
  endfacet
  facet normal 1.000000e+00 -0.000000e+00 0.000000e+00
    outer loop
      vertex   5.000000e-01 8.014893e+01 -3.503292e+01
      vertex   5.000000e-01 8.025444e+01 -3.561219e+01
      vertex   5.000000e-01 8.540000e+01 -3.100000e+01
    endloop
  endfacet
  facet normal 1.000000e+00 0.000000e+00 0.000000e+00
    outer loop
      vertex   5.000000e-01 8.540000e+01 -3.100000e+01
      vertex   5.000000e-01 8.025444e+01 -3.561219e+01
      vertex   5.000000e-01 8.034142e+01 -3.613917e+01
    endloop
  endfacet
  facet normal 1.000000e+00 0.000000e+00 0.000000e+00
    outer loop
      vertex   5.000000e-01 8.540000e+01 -3.100000e+01
      vertex   5.000000e-01 8.034142e+01 -3.613917e+01
      vertex   5.000000e-01 8.542044e+01 -3.115529e+01
    endloop
  endfacet
  facet normal 1.000000e+00 0.000000e+00 0.000000e+00
    outer loop
      vertex   5.000000e-01 8.542044e+01 -3.115529e+01
      vertex   5.000000e-01 8.034142e+01 -3.613917e+01
      vertex   5.000000e-01 8.041263e+01 -3.663343e+01
    endloop
  endfacet
  facet normal 1.000000e+00 0.000000e+00 0.000000e+00
    outer loop
      vertex   5.000000e-01 8.542044e+01 -3.115529e+01
      vertex   5.000000e-01 8.041263e+01 -3.663343e+01
      vertex   5.000000e-01 8.051884e+01 -3.760207e+01
    endloop
  endfacet
  facet normal 1.000000e+00 0.000000e+00 0.000000e+00
    outer loop
      vertex   5.000000e-01 8.542044e+01 -3.115529e+01
      vertex   5.000000e-01 8.051884e+01 -3.760207e+01
      vertex   5.000000e-01 8.200000e+01 -4.200000e+01
    endloop
  endfacet
  facet normal 1.000000e+00 0.000000e+00 0.000000e+00
    outer loop
      vertex   5.000000e-01 8.200000e+01 -4.200000e+01
      vertex   5.000000e-01 8.051884e+01 -3.760207e+01
      vertex   5.000000e-01 8.055939e+01 -3.811559e+01
    endloop
  endfacet
  facet normal 1.000000e+00 0.000000e+00 0.000000e+00
    outer loop
      vertex   5.000000e-01 8.200000e+01 -4.200000e+01
      vertex   5.000000e-01 8.055939e+01 -3.811559e+01
      vertex   5.000000e-01 8.059526e+01 -3.867468e+01
    endloop
  endfacet
  facet normal 1.000000e+00 0.000000e+00 0.000000e+00
    outer loop
      vertex   5.000000e-01 8.059526e+01 -3.867468e+01
      vertex   5.000000e-01 8.062921e+01 -3.929889e+01
      vertex   5.000000e-01 8.200000e+01 -4.200000e+01
    endloop
  endfacet
  facet normal 1.000000e+00 3.416631e-16 1.733907e-16
    outer loop
      vertex   5.000000e-01 8.200000e+01 -4.200000e+01
      vertex   5.000000e-01 8.062921e+01 -3.929889e+01
      vertex   5.000000e-01 8.066404e+01 -4.000781e+01
    endloop
  endfacet
  facet normal 1.000000e+00 -3.476555e-16 -2.888667e-16
    outer loop
      vertex   5.000000e-01 8.200000e+01 -4.200000e+01
      vertex   5.000000e-01 8.066404e+01 -4.000781e+01
      vertex   5.000000e-01 8.070260e+01 -4.082290e+01
    endloop
  endfacet
  facet normal 1.000000e+00 6.621119e-16 8.240970e-16
    outer loop
      vertex   5.000000e-01 8.070260e+01 -4.082290e+01
      vertex   5.000000e-01 8.070957e+01 -4.096321e+01
      vertex   5.000000e-01 8.200000e+01 -4.200000e+01
    endloop
  endfacet
  facet normal 1.000000e+00 0.000000e+00 0.000000e+00
    outer loop
      vertex   5.000000e-01 8.200000e+01 -4.200000e+01
      vertex   5.000000e-01 8.070957e+01 -4.096321e+01
      vertex   5.000000e-01 8.071883e+01 -4.114447e+01
    endloop
  endfacet
  facet normal 1.000000e+00 0.000000e+00 0.000000e+00
    outer loop
      vertex   5.000000e-01 8.200000e+01 -4.200000e+01
      vertex   5.000000e-01 8.071883e+01 -4.114447e+01
      vertex   5.000000e-01 8.074264e+01 -4.160192e+01
    endloop
  endfacet
  facet normal 1.000000e+00 0.000000e+00 0.000000e+00
    outer loop
      vertex   5.000000e-01 8.074264e+01 -4.160192e+01
      vertex   5.000000e-01 8.077191e+01 -4.216277e+01
      vertex   5.000000e-01 8.200000e+01 -4.200000e+01
    endloop
  endfacet
  facet normal 1.000000e+00 0.000000e+00 0.000000e+00
    outer loop
      vertex   5.000000e-01 8.200000e+01 -4.200000e+01
      vertex   5.000000e-01 8.077191e+01 -4.216277e+01
      vertex   5.000000e-01 8.080456e+01 -4.279454e+01
    endloop
  endfacet
  facet normal 1.000000e+00 0.000000e+00 0.000000e+00
    outer loop
      vertex   5.000000e-01 8.200000e+01 -4.200000e+01
      vertex   5.000000e-01 8.080456e+01 -4.279454e+01
      vertex   5.000000e-01 8.087155e+01 -4.414091e+01
    endloop
  endfacet
  facet normal 1.000000e+00 -0.000000e+00 0.000000e+00
    outer loop
      vertex   5.000000e-01 8.087155e+01 -4.414091e+01
      vertex   5.000000e-01 8.090168e+01 -4.479055e+01
      vertex   5.000000e-01 8.200000e+01 -4.200000e+01
    endloop
  endfacet
  facet normal 1.000000e+00 0.000000e+00 0.000000e+00
    outer loop
      vertex   5.000000e-01 8.200000e+01 -4.200000e+01
      vertex   5.000000e-01 8.090168e+01 -4.479055e+01
      vertex   5.000000e-01 8.092677e+01 -4.538119e+01
    endloop
  endfacet
  facet normal 1.000000e+00 0.000000e+00 0.000000e+00
    outer loop
      vertex   5.000000e-01 8.200000e+01 -4.200000e+01
      vertex   5.000000e-01 8.092677e+01 -4.538119e+01
      vertex   5.000000e-01 8.094471e+01 -4.588034e+01
    endloop
  endfacet
  facet normal 1.000000e+00 -0.000000e+00 0.000000e+00
    outer loop
      vertex   5.000000e-01 8.094471e+01 -4.588034e+01
      vertex   5.000000e-01 8.095359e+01 -4.626071e+01
      vertex   5.000000e-01 8.200000e+01 -4.200000e+01
    endloop
  endfacet
  facet normal 1.000000e+00 8.964949e-16 3.311470e-16
    outer loop
      vertex   5.000000e-01 8.094951e+01 -4.715607e+01
      vertex   5.000000e-01 8.094868e+01 -4.748908e+01
      vertex   5.000000e-01 8.200000e+01 -5.000000e+01
    endloop
  endfacet
  facet normal 1.000000e+00 -5.709717e-16 -2.832818e-16
    outer loop
      vertex   5.000000e-01 8.200000e+01 -5.000000e+01
      vertex   5.000000e-01 8.094868e+01 -4.748908e+01
      vertex   5.000000e-01 8.095334e+01 -4.789038e+01
    endloop
  endfacet
  facet normal 1.000000e+00 5.433847e-16 2.695948e-16
    outer loop
      vertex   5.000000e-01 8.200000e+01 -5.000000e+01
      vertex   5.000000e-01 8.095334e+01 -4.789038e+01
      vertex   5.000000e-01 8.096394e+01 -4.832357e+01
    endloop
  endfacet
  facet normal 1.000000e+00 -3.177405e-16 -2.625938e-16
    outer loop
      vertex   5.000000e-01 8.096394e+01 -4.832357e+01
      vertex   5.000000e-01 8.097392e+01 -4.875844e+01
      vertex   5.000000e-01 8.200000e+01 -5.000000e+01
    endloop
  endfacet
  facet normal 1.000000e+00 0.000000e+00 0.000000e+00
    outer loop
      vertex   5.000000e-01 8.200000e+01 -5.000000e+01
      vertex   5.000000e-01 8.097392e+01 -4.875844e+01
      vertex   5.000000e-01 8.097638e+01 -4.926463e+01
    endloop
  endfacet
  facet normal 1.000000e+00 -2.700460e-16 -3.758982e-16
    outer loop
      vertex   5.000000e-01 8.200000e+01 -5.000000e+01
      vertex   5.000000e-01 8.097638e+01 -4.926463e+01
      vertex   5.000000e-01 8.097326e+01 -4.955774e+01
    endloop
  endfacet
  facet normal 1.000000e+00 7.979316e-17 4.362797e-16
    outer loop
      vertex   5.000000e-01 8.097326e+01 -4.955774e+01
      vertex   5.000000e-01 8.097030e+01 -4.981167e+01
      vertex   5.000000e-01 8.200000e+01 -5.000000e+01
    endloop
  endfacet
  facet normal 1.000000e+00 0.000000e+00 0.000000e+00
    outer loop
      vertex   5.000000e-01 8.200000e+01 -5.000000e+01
      vertex   5.000000e-01 8.097030e+01 -4.981167e+01
      vertex   5.000000e-01 8.096645e+01 -5.023342e+01
    endloop
  endfacet
  facet normal 1.000000e+00 0.000000e+00 0.000000e+00
    outer loop
      vertex   5.000000e-01 8.200000e+01 -5.000000e+01
      vertex   5.000000e-01 8.096645e+01 -5.023342e+01
      vertex   5.000000e-01 8.097102e+01 -5.091194e+01
    endloop
  endfacet
  facet normal 1.000000e+00 -2.554905e-16 2.882805e-16
    outer loop
      vertex   5.000000e-01 8.097102e+01 -5.091194e+01
      vertex   5.000000e-01 8.098156e+01 -5.128772e+01
      vertex   5.000000e-01 8.200000e+01 -5.000000e+01
    endloop
  endfacet
  facet normal 1.000000e+00 7.003615e-16 -4.676919e-16
    outer loop
      vertex   5.000000e-01 8.200000e+01 -5.000000e+01
      vertex   5.000000e-01 8.098156e+01 -5.128772e+01
      vertex   5.000000e-01 8.098944e+01 -5.151330e+01
    endloop
  endfacet
  facet normal 1.000000e+00 0.000000e+00 0.000000e+00
    outer loop
      vertex   5.000000e-01 8.200000e+01 -5.000000e+01
      vertex   5.000000e-01 8.098944e+01 -5.151330e+01
      vertex   5.000000e-01 8.099900e+01 -5.176719e+01
    endloop
  endfacet
  facet normal 1.000000e+00 -0.000000e+00 0.000000e+00
    outer loop
      vertex   5.000000e-01 8.099900e+01 -5.176719e+01
      vertex   5.000000e-01 8.103535e+01 -5.292818e+01
      vertex   5.000000e-01 8.200000e+01 -5.000000e+01
    endloop
  endfacet
  facet normal 1.000000e+00 0.000000e+00 0.000000e+00
    outer loop
      vertex   5.000000e-01 8.200000e+01 -5.000000e+01
      vertex   5.000000e-01 8.103535e+01 -5.292818e+01
      vertex   5.000000e-01 8.104508e+01 -5.398746e+01
    endloop
  endfacet
  facet normal 1.000000e+00 0.000000e+00 0.000000e+00
    outer loop
      vertex   5.000000e-01 8.200000e+01 -5.000000e+01
      vertex   5.000000e-01 8.104508e+01 -5.398746e+01
      vertex   5.000000e-01 8.103496e+01 -5.496695e+01
    endloop
  endfacet
  facet normal 1.000000e+00 0.000000e+00 0.000000e+00
    outer loop
      vertex   5.000000e-01 8.200000e+01 -5.000000e+01
      vertex   5.000000e-01 8.103496e+01 -5.496695e+01
      vertex   5.000000e-01 8.385070e+01 -6.316079e+01
    endloop
  endfacet
  facet normal 1.000000e+00 0.000000e+00 0.000000e+00
    outer loop
      vertex   5.000000e-01 8.385070e+01 -6.316079e+01
      vertex   5.000000e-01 8.103496e+01 -5.496695e+01
      vertex   5.000000e-01 8.101264e+01 -5.590014e+01
    endloop
  endfacet
  facet normal 1.000000e+00 0.000000e+00 0.000000e+00
    outer loop
      vertex   5.000000e-01 8.385070e+01 -6.316079e+01
      vertex   5.000000e-01 8.101264e+01 -5.590014e+01
      vertex   5.000000e-01 8.356410e+01 -6.318957e+01
    endloop
  endfacet
  facet normal 1.000000e+00 0.000000e+00 0.000000e+00
    outer loop
      vertex   5.000000e-01 8.356410e+01 -6.318957e+01
      vertex   5.000000e-01 8.101264e+01 -5.590014e+01
      vertex   5.000000e-01 8.323753e+01 -6.320641e+01
    endloop
  endfacet
  facet normal 1.000000e+00 0.000000e+00 0.000000e+00
    outer loop
      vertex   5.000000e-01 8.323753e+01 -6.320641e+01
      vertex   5.000000e-01 8.101264e+01 -5.590014e+01
      vertex   5.000000e-01 8.096222e+01 -5.776839e+01
    endloop
  endfacet
  facet normal 1.000000e+00 0.000000e+00 0.000000e+00
    outer loop
      vertex   5.000000e-01 8.323753e+01 -6.320641e+01
      vertex   5.000000e-01 8.096222e+01 -5.776839e+01
      vertex   5.000000e-01 8.288460e+01 -6.320458e+01
    endloop
  endfacet
  facet normal 1.000000e+00 0.000000e+00 0.000000e+00
    outer loop
      vertex   5.000000e-01 8.288460e+01 -6.320458e+01
      vertex   5.000000e-01 8.096222e+01 -5.776839e+01
      vertex   5.000000e-01 8.254316e+01 -6.317258e+01
    endloop
  endfacet
  facet normal 1.000000e+00 0.000000e+00 0.000000e+00
    outer loop
      vertex   5.000000e-01 8.254316e+01 -6.317258e+01
      vertex   5.000000e-01 8.096222e+01 -5.776839e+01
      vertex   5.000000e-01 8.224179e+01 -6.309876e+01
    endloop
  endfacet
  facet normal 1.000000e+00 0.000000e+00 0.000000e+00
    outer loop
      vertex   5.000000e-01 8.224179e+01 -6.309876e+01
      vertex   5.000000e-01 8.096222e+01 -5.776839e+01
      vertex   5.000000e-01 8.095534e+01 -5.980441e+01
    endloop
  endfacet
  facet normal 1.000000e+00 0.000000e+00 0.000000e+00
    outer loop
      vertex   5.000000e-01 8.224179e+01 -6.309876e+01
      vertex   5.000000e-01 8.095534e+01 -5.980441e+01
      vertex   5.000000e-01 8.198251e+01 -6.297321e+01
    endloop
  endfacet
  facet normal 1.000000e+00 0.000000e+00 0.000000e+00
    outer loop
      vertex   5.000000e-01 8.198251e+01 -6.297321e+01
      vertex   5.000000e-01 8.095534e+01 -5.980441e+01
      vertex   5.000000e-01 8.176720e+01 -6.279655e+01
    endloop
  endfacet
  facet normal 1.000000e+00 0.000000e+00 0.000000e+00
    outer loop
      vertex   5.000000e-01 8.176720e+01 -6.279655e+01
      vertex   5.000000e-01 8.095534e+01 -5.980441e+01
      vertex   5.000000e-01 8.156999e+01 -6.255177e+01
    endloop
  endfacet
  facet normal 1.000000e+00 0.000000e+00 0.000000e+00
    outer loop
      vertex   5.000000e-01 8.156999e+01 -6.255177e+01
      vertex   5.000000e-01 8.095534e+01 -5.980441e+01
      vertex   5.000000e-01 8.145990e+01 -6.237827e+01
    endloop
  endfacet
  facet normal 1.000000e+00 0.000000e+00 0.000000e+00
    outer loop
      vertex   5.000000e-01 8.145990e+01 -6.237827e+01
      vertex   5.000000e-01 8.095534e+01 -5.980441e+01
      vertex   5.000000e-01 8.096549e+01 -6.027170e+01
    endloop
  endfacet
  facet normal 1.000000e+00 0.000000e+00 0.000000e+00
    outer loop
      vertex   5.000000e-01 8.145990e+01 -6.237827e+01
      vertex   5.000000e-01 8.096549e+01 -6.027170e+01
      vertex   5.000000e-01 8.133376e+01 -6.215578e+01
    endloop
  endfacet
  facet normal 1.000000e+00 0.000000e+00 0.000000e+00
    outer loop
      vertex   5.000000e-01 8.133376e+01 -6.215578e+01
      vertex   5.000000e-01 8.096549e+01 -6.027170e+01
      vertex   5.000000e-01 8.098149e+01 -6.069463e+01
    endloop
  endfacet
  facet normal 1.000000e+00 0.000000e+00 0.000000e+00
    outer loop
      vertex   5.000000e-01 8.133376e+01 -6.215578e+01
      vertex   5.000000e-01 8.098149e+01 -6.069463e+01
      vertex   5.000000e-01 8.100390e+01 -6.105936e+01
    endloop
  endfacet
  facet normal 1.000000e+00 -0.000000e+00 -0.000000e+00
    outer loop
      vertex   5.000000e-01 8.103328e+01 -6.135205e+01
      vertex   5.000000e-01 8.112164e+01 -6.172271e+01
      vertex   5.000000e-01 8.100390e+01 -6.105936e+01
    endloop
  endfacet
  facet normal 1.000000e+00 -2.209667e-15 -3.921776e-16
    outer loop
      vertex   5.000000e-01 8.100390e+01 -6.105936e+01
      vertex   5.000000e-01 8.112164e+01 -6.172271e+01
      vertex   5.000000e-01 8.120504e+01 -6.190953e+01
    endloop
  endfacet
  facet normal 1.000000e+00 2.032085e-15 6.113410e-16
    outer loop
      vertex   5.000000e-01 8.100390e+01 -6.105936e+01
      vertex   5.000000e-01 8.120504e+01 -6.190953e+01
      vertex   5.000000e-01 8.133376e+01 -6.215578e+01
    endloop
  endfacet
  facet normal 1.000000e+00 0.000000e+00 0.000000e+00
    outer loop
      vertex   5.000000e-01 8.103328e+01 -6.135205e+01
      vertex   5.000000e-01 8.107018e+01 -6.155921e+01
      vertex   5.000000e-01 8.112164e+01 -6.172271e+01
    endloop
  endfacet
  facet normal 1.000000e+00 0.000000e+00 -0.000000e+00
    outer loop
      vertex   5.000000e-01 8.385070e+01 -6.316079e+01
      vertex   5.000000e-01 8.410211e+01 -6.312300e+01
      vertex   5.000000e-01 8.200000e+01 -5.000000e+01
    endloop
  endfacet
  facet normal 1.000000e+00 0.000000e+00 0.000000e+00
    outer loop
      vertex   5.000000e-01 8.200000e+01 -5.000000e+01
      vertex   5.000000e-01 8.410211e+01 -6.312300e+01
      vertex   5.000000e-01 8.451932e+01 -6.303181e+01
    endloop
  endfacet
  facet normal 1.000000e+00 0.000000e+00 0.000000e+00
    outer loop
      vertex   5.000000e-01 8.200000e+01 -5.000000e+01
      vertex   5.000000e-01 8.451932e+01 -6.303181e+01
      vertex   5.000000e-01 8.713732e+01 -5.600000e+01
    endloop
  endfacet
  facet normal 1.000000e+00 0.000000e+00 0.000000e+00
    outer loop
      vertex   5.000000e-01 8.713732e+01 -5.600000e+01
      vertex   5.000000e-01 8.451932e+01 -6.303181e+01
      vertex   5.000000e-01 8.485564e+01 -6.293891e+01
    endloop
  endfacet
  facet normal 1.000000e+00 0.000000e+00 0.000000e+00
    outer loop
      vertex   5.000000e-01 8.713732e+01 -5.600000e+01
      vertex   5.000000e-01 8.485564e+01 -6.293891e+01
      vertex   5.000000e-01 8.513301e+01 -6.286581e+01
    endloop
  endfacet
  facet normal 1.000000e+00 0.000000e+00 0.000000e+00
    outer loop
      vertex   5.000000e-01 8.513301e+01 -6.286581e+01
      vertex   5.000000e-01 8.536584e+01 -6.281263e+01
      vertex   5.000000e-01 8.713732e+01 -5.600000e+01
    endloop
  endfacet
  facet normal 1.000000e+00 0.000000e+00 0.000000e+00
    outer loop
      vertex   5.000000e-01 8.713732e+01 -5.600000e+01
      vertex   5.000000e-01 8.536584e+01 -6.281263e+01
      vertex   5.000000e-01 8.715777e+01 -5.615529e+01
    endloop
  endfacet
  facet normal 1.000000e+00 0.000000e+00 0.000000e+00
    outer loop
      vertex   5.000000e-01 8.715777e+01 -5.615529e+01
      vertex   5.000000e-01 8.536584e+01 -6.281263e+01
      vertex   5.000000e-01 8.579333e+01 -6.273447e+01
    endloop
  endfacet
  facet normal 1.000000e+00 0.000000e+00 0.000000e+00
    outer loop
      vertex   5.000000e-01 8.715777e+01 -5.615529e+01
      vertex   5.000000e-01 8.579333e+01 -6.273447e+01
      vertex   5.000000e-01 8.603568e+01 -6.269375e+01
    endloop
  endfacet
  facet normal 1.000000e+00 0.000000e+00 0.000000e+00
    outer loop
      vertex   5.000000e-01 8.603568e+01 -6.269375e+01
      vertex   5.000000e-01 8.631863e+01 -6.264332e+01
      vertex   5.000000e-01 8.715777e+01 -5.615529e+01
    endloop
  endfacet
  facet normal 1.000000e+00 0.000000e+00 0.000000e+00
    outer loop
      vertex   5.000000e-01 8.715777e+01 -5.615529e+01
      vertex   5.000000e-01 8.631863e+01 -6.264332e+01
      vertex   5.000000e-01 8.721771e+01 -5.630000e+01
    endloop
  endfacet
  facet normal 1.000000e+00 -4.454938e-16 6.314242e-17
    outer loop
      vertex   5.000000e-01 8.721771e+01 -5.630000e+01
      vertex   5.000000e-01 8.631863e+01 -6.264332e+01
      vertex   5.000000e-01 8.657492e+01 -6.259339e+01
    endloop
  endfacet
  facet normal 1.000000e+00 5.086742e-16 -3.431330e-17
    outer loop
      vertex   5.000000e-01 8.721771e+01 -5.630000e+01
      vertex   5.000000e-01 8.657492e+01 -6.259339e+01
      vertex   5.000000e-01 8.679639e+01 -6.254577e+01
    endloop
  endfacet
  facet normal 1.000000e+00 0.000000e+00 0.000000e+00
    outer loop
      vertex   5.000000e-01 8.721771e+01 -5.630000e+01
      vertex   5.000000e-01 8.679639e+01 -6.254577e+01
      vertex   5.000000e-01 8.731306e+01 -5.642426e+01
    endloop
  endfacet
  facet normal 1.000000e+00 0.000000e+00 0.000000e+00
    outer loop
      vertex   5.000000e-01 8.731306e+01 -5.642426e+01
      vertex   5.000000e-01 8.679639e+01 -6.254577e+01
      vertex   5.000000e-01 8.717777e+01 -6.245166e+01
    endloop
  endfacet
  facet normal 1.000000e+00 0.000000e+00 0.000000e+00
    outer loop
      vertex   5.000000e-01 8.731306e+01 -5.642426e+01
      vertex   5.000000e-01 8.717777e+01 -6.245166e+01
      vertex   5.000000e-01 8.743732e+01 -5.651961e+01
    endloop
  endfacet
  facet normal 1.000000e+00 1.515319e-16 -6.630026e-18
    outer loop
      vertex   5.000000e-01 8.743732e+01 -5.651961e+01
      vertex   5.000000e-01 8.717777e+01 -6.245166e+01
      vertex   5.000000e-01 8.754858e+01 -6.234947e+01
    endloop
  endfacet
  facet normal 1.000000e+00 -3.975516e-18 -9.597744e-18
    outer loop
      vertex   5.000000e-01 8.743732e+01 -5.651961e+01
      vertex   5.000000e-01 8.754858e+01 -6.234947e+01
      vertex   5.000000e-01 8.758203e+01 -5.657955e+01
    endloop
  endfacet
  facet normal 1.000000e+00 -1.265635e-18 -9.613454e-18
    outer loop
      vertex   5.000000e-01 8.758203e+01 -5.657955e+01
      vertex   5.000000e-01 8.754858e+01 -6.234947e+01
      vertex   5.000000e-01 8.773732e+01 -5.660000e+01
    endloop
  endfacet
  facet normal 1.000000e+00 -1.229246e-16 -5.619657e-18
    outer loop
      vertex   5.000000e-01 8.773732e+01 -5.660000e+01
      vertex   5.000000e-01 8.754858e+01 -6.234947e+01
      vertex   5.000000e-01 8.799460e+01 -6.222764e+01
    endloop
  endfacet
  facet normal 1.000000e+00 -0.000000e+00 0.000000e+00
    outer loop
      vertex   5.000000e-01 8.773732e+01 -5.660000e+01
      vertex   5.000000e-01 8.799460e+01 -6.222764e+01
      vertex   5.000000e-01 8.789261e+01 -5.657955e+01
    endloop
  endfacet
  facet normal 1.000000e+00 -0.000000e+00 0.000000e+00
    outer loop
      vertex   5.000000e-01 8.789261e+01 -5.657955e+01
      vertex   5.000000e-01 8.799460e+01 -6.222764e+01
      vertex   5.000000e-01 8.803732e+01 -5.651961e+01
    endloop
  endfacet
  facet normal 1.000000e+00 1.915907e-16 -1.434071e-18
    outer loop
      vertex   5.000000e-01 8.803732e+01 -5.651961e+01
      vertex   5.000000e-01 8.799460e+01 -6.222764e+01
      vertex   5.000000e-01 8.857517e+01 -6.208141e+01
    endloop
  endfacet
  facet normal 1.000000e+00 1.425900e-17 -1.858269e-17
    outer loop
      vertex   5.000000e-01 8.803732e+01 -5.651961e+01
      vertex   5.000000e-01 8.857517e+01 -6.208141e+01
      vertex   5.000000e-01 8.816159e+01 -5.642426e+01
    endloop
  endfacet
  facet normal 1.000000e+00 2.335116e-17 -1.791798e-17
    outer loop
      vertex   5.000000e-01 8.816159e+01 -5.642426e+01
      vertex   5.000000e-01 8.857517e+01 -6.208141e+01
      vertex   5.000000e-01 8.825694e+01 -5.630000e+01
    endloop
  endfacet
  facet normal 1.000000e+00 -2.101721e-16 -3.077198e-17
    outer loop
      vertex   5.000000e-01 8.825694e+01 -5.630000e+01
      vertex   5.000000e-01 8.857517e+01 -6.208141e+01
      vertex   5.000000e-01 8.908539e+01 -6.195835e+01
    endloop
  endfacet
  facet normal 1.000000e+00 -0.000000e+00 0.000000e+00
    outer loop
      vertex   5.000000e-01 8.825694e+01 -5.630000e+01
      vertex   5.000000e-01 8.908539e+01 -6.195835e+01
      vertex   5.000000e-01 8.831688e+01 -5.615529e+01
    endloop
  endfacet
  facet normal 1.000000e+00 0.000000e+00 0.000000e+00
    outer loop
      vertex   5.000000e-01 8.831688e+01 -5.615529e+01
      vertex   5.000000e-01 8.908539e+01 -6.195835e+01
      vertex   5.000000e-01 8.953988e+01 -6.181916e+01
    endloop
  endfacet
  facet normal 1.000000e+00 0.000000e+00 0.000000e+00
    outer loop
      vertex   5.000000e-01 8.831688e+01 -5.615529e+01
      vertex   5.000000e-01 8.953988e+01 -6.181916e+01
      vertex   5.000000e-01 8.977657e+01 -6.172361e+01
    endloop
  endfacet
  facet normal 1.000000e+00 0.000000e+00 -0.000000e+00
    outer loop
      vertex   5.000000e-01 8.977657e+01 -6.172361e+01
      vertex   5.000000e-01 9.003573e+01 -6.160012e+01
      vertex   5.000000e-01 8.831688e+01 -5.615529e+01
    endloop
  endfacet
  facet normal 1.000000e+00 -0.000000e+00 0.000000e+00
    outer loop
      vertex   5.000000e-01 8.831688e+01 -5.615529e+01
      vertex   5.000000e-01 9.003573e+01 -6.160012e+01
      vertex   5.000000e-01 8.833732e+01 -5.600000e+01
    endloop
  endfacet
  facet normal 1.000000e+00 0.000000e+00 0.000000e+00
    outer loop
      vertex   5.000000e-01 8.833732e+01 -5.600000e+01
      vertex   5.000000e-01 9.003573e+01 -6.160012e+01
      vertex   5.000000e-01 9.032952e+01 -6.144074e+01
    endloop
  endfacet
  facet normal 1.000000e+00 0.000000e+00 0.000000e+00
    outer loop
      vertex   5.000000e-01 8.833732e+01 -5.600000e+01
      vertex   5.000000e-01 9.032952e+01 -6.144074e+01
      vertex   5.000000e-01 9.066532e+01 -6.123899e+01
    endloop
  endfacet
  facet normal 1.000000e+00 -1.945159e-17 2.829069e-17
    outer loop
      vertex   5.000000e-01 9.133269e+01 -6.078014e+01
      vertex   5.000000e-01 9.236873e+01 -5.614346e+01
      vertex   5.000000e-01 9.066532e+01 -6.123899e+01
    endloop
  endfacet
  facet normal 1.000000e+00 2.821109e-16 -7.251953e-17
    outer loop
      vertex   5.000000e-01 9.066532e+01 -6.123899e+01
      vertex   5.000000e-01 9.236873e+01 -5.614346e+01
      vertex   5.000000e-01 9.234047e+01 -5.548790e+01
    endloop
  endfacet
  facet normal 1.000000e+00 3.005294e-16 -7.788438e-17
    outer loop
      vertex   5.000000e-01 9.066532e+01 -6.123899e+01
      vertex   5.000000e-01 9.234047e+01 -5.548790e+01
      vertex   5.000000e-01 9.230944e+01 -5.489490e+01
    endloop
  endfacet
  facet normal 1.000000e+00 -3.307081e-17 4.103696e-17
    outer loop
      vertex   5.000000e-01 9.157972e+01 -6.058106e+01
      vertex   5.000000e-01 9.239809e+01 -5.721613e+01
      vertex   5.000000e-01 9.133269e+01 -6.078014e+01
    endloop
  endfacet
  facet normal 1.000000e+00 -6.277704e-16 2.188119e-16
    outer loop
      vertex   5.000000e-01 9.133269e+01 -6.078014e+01
      vertex   5.000000e-01 9.239809e+01 -5.721613e+01
      vertex   5.000000e-01 9.238822e+01 -5.673704e+01
    endloop
  endfacet
  facet normal 1.000000e+00 8.232082e-16 -1.599960e-16
    outer loop
      vertex   5.000000e-01 9.133269e+01 -6.078014e+01
      vertex   5.000000e-01 9.238822e+01 -5.673704e+01
      vertex   5.000000e-01 9.236873e+01 -5.614346e+01
    endloop
  endfacet
  facet normal 1.000000e+00 3.949301e-16 -3.918774e-16
    outer loop
      vertex   5.000000e-01 9.176109e+01 -6.039828e+01
      vertex   5.000000e-01 9.215469e+01 -5.943499e+01
      vertex   5.000000e-01 9.157972e+01 -6.058106e+01
    endloop
  endfacet
  facet normal 1.000000e+00 -1.017258e-15 3.166027e-16
    outer loop
      vertex   5.000000e-01 9.157972e+01 -6.058106e+01
      vertex   5.000000e-01 9.215469e+01 -5.943499e+01
      vertex   5.000000e-01 9.240026e+01 -5.759395e+01
    endloop
  endfacet
  facet normal 1.000000e+00 1.325250e-16 7.632417e-19
    outer loop
      vertex   5.000000e-01 9.157972e+01 -6.058106e+01
      vertex   5.000000e-01 9.240026e+01 -5.759395e+01
      vertex   5.000000e-01 9.239809e+01 -5.721613e+01
    endloop
  endfacet
  facet normal 1.000000e+00 2.699748e-15 -1.333627e-15
    outer loop
      vertex   5.000000e-01 9.176109e+01 -6.039828e+01
      vertex   5.000000e-01 9.190119e+01 -6.019791e+01
      vertex   5.000000e-01 9.215469e+01 -5.943499e+01
    endloop
  endfacet
  facet normal 1.000000e+00 -3.509736e-16 -3.199510e-16
    outer loop
      vertex   5.000000e-01 9.215469e+01 -5.943499e+01
      vertex   5.000000e-01 9.190119e+01 -6.019791e+01
      vertex   5.000000e-01 9.200639e+01 -5.996631e+01
    endloop
  endfacet
  facet normal 1.000000e+00 1.494009e-15 -1.837112e-17
    outer loop
      vertex   5.000000e-01 9.240026e+01 -5.759395e+01
      vertex   5.000000e-01 9.215469e+01 -5.943499e+01
      vertex   5.000000e-01 9.239670e+01 -5.788373e+01
    endloop
  endfacet
  facet normal 1.000000e+00 2.108812e-15 -1.142856e-16
    outer loop
      vertex   5.000000e-01 9.239670e+01 -5.788373e+01
      vertex   5.000000e-01 9.215469e+01 -5.943499e+01
      vertex   5.000000e-01 9.229030e+01 -5.887565e+01
    endloop
  endfacet
  facet normal 1.000000e+00 1.532060e-15 -5.241727e-17
    outer loop
      vertex   5.000000e-01 9.239670e+01 -5.788373e+01
      vertex   5.000000e-01 9.229030e+01 -5.887565e+01
      vertex   5.000000e-01 9.238934e+01 -5.809870e+01
    endloop
  endfacet
  facet normal 1.000000e+00 2.116606e-15 -1.269371e-16
    outer loop
      vertex   5.000000e-01 9.238934e+01 -5.809870e+01
      vertex   5.000000e-01 9.229030e+01 -5.887565e+01
      vertex   5.000000e-01 9.238015e+01 -5.825207e+01
    endloop
  endfacet
  facet normal 1.000000e+00 3.097197e-15 -2.682288e-16
    outer loop
      vertex   5.000000e-01 9.238015e+01 -5.825207e+01
      vertex   5.000000e-01 9.229030e+01 -5.887565e+01
      vertex   5.000000e-01 9.237105e+01 -5.835714e+01
    endloop
  endfacet
  facet normal 1.000000e+00 5.583835e-15 -6.554885e-16
    outer loop
      vertex   5.000000e-01 9.237105e+01 -5.835714e+01
      vertex   5.000000e-01 9.229030e+01 -5.887565e+01
      vertex   5.000000e-01 9.235065e+01 -5.853091e+01
    endloop
  endfacet
  facet normal 1.000000e+00 0.000000e+00 0.000000e+00
    outer loop
      vertex   5.000000e-01 9.227676e+01 -5.433454e+01
      vertex   5.000000e-01 9.220328e+01 -5.373953e+01
      vertex   5.000000e-01 9.230944e+01 -5.489490e+01
    endloop
  endfacet
  facet normal 1.000000e+00 0.000000e+00 0.000000e+00
    outer loop
      vertex   5.000000e-01 9.230944e+01 -5.489490e+01
      vertex   5.000000e-01 9.220328e+01 -5.373953e+01
      vertex   5.000000e-01 9.066532e+01 -6.123899e+01
    endloop
  endfacet
  facet normal 1.000000e+00 0.000000e+00 -0.000000e+00
    outer loop
      vertex   5.000000e-01 9.066532e+01 -6.123899e+01
      vertex   5.000000e-01 9.220328e+01 -5.373953e+01
      vertex   5.000000e-01 9.000000e+01 -5.000000e+01
    endloop
  endfacet
  facet normal 1.000000e+00 0.000000e+00 0.000000e+00
    outer loop
      vertex   5.000000e-01 9.000000e+01 -5.000000e+01
      vertex   5.000000e-01 9.220328e+01 -5.373953e+01
      vertex   5.000000e-01 9.217254e+01 -5.339684e+01
    endloop
  endfacet
  facet normal 1.000000e+00 0.000000e+00 0.000000e+00
    outer loop
      vertex   5.000000e-01 9.000000e+01 -5.000000e+01
      vertex   5.000000e-01 9.217254e+01 -5.339684e+01
      vertex   5.000000e-01 9.214622e+01 -5.301529e+01
    endloop
  endfacet
  facet normal 1.000000e+00 0.000000e+00 0.000000e+00
    outer loop
      vertex   5.000000e-01 9.214622e+01 -5.301529e+01
      vertex   5.000000e-01 9.212463e+01 -5.258834e+01
      vertex   5.000000e-01 9.000000e+01 -5.000000e+01
    endloop
  endfacet
  facet normal 1.000000e+00 2.952193e-16 2.423303e-16
    outer loop
      vertex   5.000000e-01 9.000000e+01 -5.000000e+01
      vertex   5.000000e-01 9.212463e+01 -5.258834e+01
      vertex   5.000000e-01 9.210812e+01 -5.211008e+01
    endloop
  endfacet
  facet normal 1.000000e+00 -7.893801e-17 -1.314801e-16
    outer loop
      vertex   5.000000e-01 9.000000e+01 -5.000000e+01
      vertex   5.000000e-01 9.210812e+01 -5.211008e+01
      vertex   5.000000e-01 9.210012e+01 -5.168307e+01
    endloop
  endfacet
  facet normal 1.000000e+00 -1.140058e-16 -1.752374e-16
    outer loop
      vertex   5.000000e-01 9.210012e+01 -5.168307e+01
      vertex   5.000000e-01 9.209974e+01 -5.136605e+01
      vertex   5.000000e-01 9.000000e+01 -5.000000e+01
    endloop
  endfacet
  facet normal 1.000000e+00 0.000000e+00 0.000000e+00
    outer loop
      vertex   5.000000e-01 9.000000e+01 -5.000000e+01
      vertex   5.000000e-01 9.209974e+01 -5.136605e+01
      vertex   5.000000e-01 9.210245e+01 -5.113187e+01
    endloop
  endfacet
  facet normal 1.000000e+00 0.000000e+00 0.000000e+00
    outer loop
      vertex   5.000000e-01 9.000000e+01 -5.000000e+01
      vertex   5.000000e-01 9.210245e+01 -5.113187e+01
      vertex   5.000000e-01 9.208814e+01 -5.058642e+01
    endloop
  endfacet
  facet normal 1.000000e+00 1.875398e-14 4.919338e-16
    outer loop
      vertex   5.000000e-01 9.208814e+01 -5.058642e+01
      vertex   5.000000e-01 9.210245e+01 -5.113187e+01
      vertex   5.000000e-01 9.210369e+01 -5.095336e+01
    endloop
  endfacet
  facet normal 1.000000e+00 0.000000e+00 0.000000e+00
    outer loop
      vertex   5.000000e-01 9.208814e+01 -5.058642e+01
      vertex   5.000000e-01 9.206826e+01 -5.033433e+01
      vertex   5.000000e-01 9.000000e+01 -5.000000e+01
    endloop
  endfacet
  facet normal 1.000000e+00 -5.537853e-17 -3.425884e-16
    outer loop
      vertex   5.000000e-01 9.000000e+01 -5.000000e+01
      vertex   5.000000e-01 9.206826e+01 -5.033433e+01
      vertex   5.000000e-01 9.203857e+01 -5.000546e+01
    endloop
  endfacet
  facet normal 1.000000e+00 -5.378146e-17 2.537264e-16
    outer loop
      vertex   5.000000e-01 9.000000e+01 -5.000000e+01
      vertex   5.000000e-01 9.203857e+01 -5.000546e+01
      vertex   5.000000e-01 9.199775e+01 -4.957655e+01
    endloop
  endfacet
  facet normal 1.000000e+00 0.000000e+00 0.000000e+00
    outer loop
      vertex   5.000000e-01 9.199775e+01 -4.957655e+01
      vertex   5.000000e-01 9.198502e+01 -4.944449e+01
      vertex   5.000000e-01 9.000000e+01 -5.000000e+01
    endloop
  endfacet
  facet normal 1.000000e+00 0.000000e+00 0.000000e+00
    outer loop
      vertex   5.000000e-01 9.000000e+01 -5.000000e+01
      vertex   5.000000e-01 9.198502e+01 -4.944449e+01
      vertex   5.000000e-01 9.197168e+01 -4.930632e+01
    endloop
  endfacet
  facet normal 1.000000e+00 0.000000e+00 0.000000e+00
    outer loop
      vertex   5.000000e-01 9.000000e+01 -5.000000e+01
      vertex   5.000000e-01 9.197168e+01 -4.930632e+01
      vertex   5.000000e-01 9.195146e+01 -4.909531e+01
    endloop
  endfacet
  facet normal 1.000000e+00 0.000000e+00 0.000000e+00
    outer loop
      vertex   5.000000e-01 9.195146e+01 -4.909531e+01
      vertex   5.000000e-01 9.192568e+01 -4.882329e+01
      vertex   5.000000e-01 9.000000e+01 -5.000000e+01
    endloop
  endfacet
  facet normal 1.000000e+00 0.000000e+00 0.000000e+00
    outer loop
      vertex   5.000000e-01 9.000000e+01 -5.000000e+01
      vertex   5.000000e-01 9.192568e+01 -4.882329e+01
      vertex   5.000000e-01 9.189567e+01 -4.850210e+01
    endloop
  endfacet
  facet normal 1.000000e+00 0.000000e+00 0.000000e+00
    outer loop
      vertex   5.000000e-01 9.000000e+01 -5.000000e+01
      vertex   5.000000e-01 9.189567e+01 -4.850210e+01
      vertex   5.000000e-01 9.182827e+01 -4.775954e+01
    endloop
  endfacet
  facet normal 1.000000e+00 0.000000e+00 0.000000e+00
    outer loop
      vertex   5.000000e-01 9.182827e+01 -4.775954e+01
      vertex   5.000000e-01 9.177223e+01 -4.737343e+01
      vertex   5.000000e-01 9.000000e+01 -5.000000e+01
    endloop
  endfacet
  facet normal 1.000000e+00 -1.569950e-16 1.059295e-16
    outer loop
      vertex   5.000000e-01 9.000000e+01 -5.000000e+01
      vertex   5.000000e-01 9.177223e+01 -4.737343e+01
      vertex   5.000000e-01 9.170679e+01 -4.694638e+01
    endloop
  endfacet
  facet normal 1.000000e+00 1.872603e-16 -8.648849e-17
    outer loop
      vertex   5.000000e-01 9.000000e+01 -5.000000e+01
      vertex   5.000000e-01 9.170679e+01 -4.694638e+01
      vertex   5.000000e-01 9.163140e+01 -4.646779e+01
    endloop
  endfacet
  facet normal 1.000000e+00 -1.653834e-16 7.638436e-17
    outer loop
      vertex   5.000000e-01 9.163140e+01 -4.646779e+01
      vertex   5.000000e-01 9.154548e+01 -4.592707e+01
      vertex   5.000000e-01 9.000000e+01 -5.000000e+01
    endloop
  endfacet
  facet normal 1.000000e+00 2.535419e-17 4.008579e-18
    outer loop
      vertex   5.000000e-01 9.000000e+01 -5.000000e+01
      vertex   5.000000e-01 9.154548e+01 -4.592707e+01
      vertex   5.000000e-01 9.144850e+01 -4.531362e+01
    endloop
  endfacet
  facet normal 1.000000e+00 -1.458633e-16 5.692948e-17
    outer loop
      vertex   5.000000e-01 9.000000e+01 -5.000000e+01
      vertex   5.000000e-01 9.144850e+01 -4.531362e+01
      vertex   5.000000e-01 9.133987e+01 -4.461684e+01
    endloop
  endfacet
  facet normal 1.000000e+00 1.174753e-16 1.761582e-17
    outer loop
      vertex   5.000000e-01 9.118688e+01 -4.361256e+01
      vertex   5.000000e-01 9.117049e+01 -4.350326e+01
      vertex   5.000000e-01 9.000000e+01 -4.200000e+01
    endloop
  endfacet
  facet normal 1.000000e+00 1.173155e-16 1.749139e-17
    outer loop
      vertex   5.000000e-01 9.000000e+01 -4.200000e+01
      vertex   5.000000e-01 9.117049e+01 -4.350326e+01
      vertex   5.000000e-01 9.116024e+01 -4.343453e+01
    endloop
  endfacet
  facet normal 1.000000e+00 1.171831e-16 1.738431e-17
    outer loop
      vertex   5.000000e-01 9.000000e+01 -4.200000e+01
      vertex   5.000000e-01 9.116024e+01 -4.343453e+01
      vertex   5.000000e-01 9.114226e+01 -4.331330e+01
    endloop
  endfacet
  facet normal 1.000000e+00 -7.816054e-16 -7.643484e-16
    outer loop
      vertex   5.000000e-01 9.114226e+01 -4.331330e+01
      vertex   5.000000e-01 9.111684e+01 -4.314205e+01
      vertex   5.000000e-01 9.000000e+01 -4.200000e+01
    endloop
  endfacet
  facet normal 1.000000e+00 3.102467e-16 3.033968e-16
    outer loop
      vertex   5.000000e-01 9.000000e+01 -4.200000e+01
      vertex   5.000000e-01 9.111684e+01 -4.314205e+01
      vertex   5.000000e-01 9.108471e+01 -4.292624e+01
    endloop
  endfacet
  facet normal 1.000000e+00 2.717847e-16 2.583541e-16
    outer loop
      vertex   5.000000e-01 9.000000e+01 -4.200000e+01
      vertex   5.000000e-01 9.108471e+01 -4.292624e+01
      vertex   5.000000e-01 9.104662e+01 -4.267130e+01
    endloop
  endfacet
  facet normal 1.000000e+00 1.173777e-16 1.761905e-17
    outer loop
      vertex   5.000000e-01 9.104662e+01 -4.267130e+01
      vertex   5.000000e-01 9.100330e+01 -4.238269e+01
      vertex   5.000000e-01 9.000000e+01 -4.200000e+01
    endloop
  endfacet
  facet normal 1.000000e+00 8.320807e-17 -7.196318e-17
    outer loop
      vertex   5.000000e-01 9.000000e+01 -4.200000e+01
      vertex   5.000000e-01 9.100330e+01 -4.238269e+01
      vertex   5.000000e-01 9.090390e+01 -4.172624e+01
    endloop
  endfacet
  facet normal 1.000000e+00 0.000000e+00 0.000000e+00
    outer loop
      vertex   5.000000e-01 8.615529e+01 -3.157956e+01
      vertex   5.000000e-01 8.600000e+01 -3.160000e+01
      vertex   5.000000e-01 9.000000e+01 -4.200000e+01
    endloop
  endfacet
  facet normal 1.000000e+00 0.000000e+00 0.000000e+00
    outer loop
      vertex   5.000000e-01 8.570000e+01 -3.151962e+01
      vertex   5.000000e-01 8.557574e+01 -3.142426e+01
      vertex   5.000000e-01 8.200000e+01 -4.200000e+01
    endloop
  endfacet
  facet normal 1.000000e+00 0.000000e+00 0.000000e+00
    outer loop
      vertex   5.000000e-01 8.200000e+01 -4.200000e+01
      vertex   5.000000e-01 8.557574e+01 -3.142426e+01
      vertex   5.000000e-01 8.548039e+01 -3.130000e+01
    endloop
  endfacet
  facet normal 1.000000e+00 0.000000e+00 0.000000e+00
    outer loop
      vertex   5.000000e-01 8.200000e+01 -4.200000e+01
      vertex   5.000000e-01 8.548039e+01 -3.130000e+01
      vertex   5.000000e-01 8.542044e+01 -3.115529e+01
    endloop
  endfacet
  facet normal 1.000000e+00 0.000000e+00 0.000000e+00
    outer loop
      vertex   5.000000e-01 8.758203e+01 -5.542044e+01
      vertex   5.000000e-01 8.773732e+01 -5.540000e+01
      vertex   5.000000e-01 9.000000e+01 -5.000000e+01
    endloop
  endfacet
  facet normal 1.000000e+00 0.000000e+00 0.000000e+00
    outer loop
      vertex   5.000000e-01 9.000000e+01 -5.000000e+01
      vertex   5.000000e-01 8.773732e+01 -5.540000e+01
      vertex   5.000000e-01 8.789261e+01 -5.542044e+01
    endloop
  endfacet
  facet normal 1.000000e+00 0.000000e+00 0.000000e+00
    outer loop
      vertex   5.000000e-01 9.000000e+01 -5.000000e+01
      vertex   5.000000e-01 8.789261e+01 -5.542044e+01
      vertex   5.000000e-01 8.803732e+01 -5.548038e+01
    endloop
  endfacet
  facet normal 1.000000e+00 -0.000000e+00 0.000000e+00
    outer loop
      vertex   5.000000e-01 8.803732e+01 -5.548038e+01
      vertex   5.000000e-01 8.816159e+01 -5.557573e+01
      vertex   5.000000e-01 9.000000e+01 -5.000000e+01
    endloop
  endfacet
  facet normal 1.000000e+00 0.000000e+00 0.000000e+00
    outer loop
      vertex   5.000000e-01 9.000000e+01 -5.000000e+01
      vertex   5.000000e-01 8.816159e+01 -5.557573e+01
      vertex   5.000000e-01 8.825694e+01 -5.570000e+01
    endloop
  endfacet
  facet normal 1.000000e+00 0.000000e+00 0.000000e+00
    outer loop
      vertex   5.000000e-01 9.000000e+01 -5.000000e+01
      vertex   5.000000e-01 8.825694e+01 -5.570000e+01
      vertex   5.000000e-01 8.831688e+01 -5.584471e+01
    endloop
  endfacet
  facet normal 1.000000e+00 -0.000000e+00 0.000000e+00
    outer loop
      vertex   5.000000e-01 8.831688e+01 -5.584471e+01
      vertex   5.000000e-01 8.833732e+01 -5.600000e+01
      vertex   5.000000e-01 9.000000e+01 -5.000000e+01
    endloop
  endfacet
  facet normal 1.000000e+00 0.000000e+00 0.000000e+00
    outer loop
      vertex   5.000000e-01 9.000000e+01 -5.000000e+01
      vertex   5.000000e-01 8.833732e+01 -5.600000e+01
      vertex   5.000000e-01 9.066532e+01 -6.123899e+01
    endloop
  endfacet
  facet normal 1.000000e+00 0.000000e+00 -0.000000e+00
    outer loop
      vertex   5.000000e-01 8.713732e+01 -5.600000e+01
      vertex   5.000000e-01 8.715777e+01 -5.584471e+01
      vertex   5.000000e-01 8.200000e+01 -5.000000e+01
    endloop
  endfacet
  facet normal 1.000000e+00 0.000000e+00 0.000000e+00
    outer loop
      vertex   5.000000e-01 8.200000e+01 -5.000000e+01
      vertex   5.000000e-01 8.715777e+01 -5.584471e+01
      vertex   5.000000e-01 8.721771e+01 -5.570000e+01
    endloop
  endfacet
  facet normal 1.000000e+00 0.000000e+00 0.000000e+00
    outer loop
      vertex   5.000000e-01 8.200000e+01 -5.000000e+01
      vertex   5.000000e-01 8.721771e+01 -5.570000e+01
      vertex   5.000000e-01 8.731306e+01 -5.557573e+01
    endloop
  endfacet
  facet normal 0.000000e+00 1.045285e-01 -9.945219e-01
    outer loop
      vertex   1.500000e+00 8.542824e+01 -4.331009e+01
      vertex   5.000000e-01 8.542824e+01 -4.331009e+01
      vertex   1.500000e+00 8.600000e+01 -4.325000e+01
    endloop
  endfacet
  facet normal 0.000000e+00 1.045285e-01 -9.945219e-01
    outer loop
      vertex   1.500000e+00 8.600000e+01 -4.325000e+01
      vertex   5.000000e-01 8.542824e+01 -4.331009e+01
      vertex   5.000000e-01 8.600000e+01 -4.325000e+01
    endloop
  endfacet
  facet normal -0.000000e+00 -1.045285e-01 -9.945219e-01
    outer loop
      vertex   1.500000e+00 8.600000e+01 -4.325000e+01
      vertex   5.000000e-01 8.600000e+01 -4.325000e+01
      vertex   1.500000e+00 8.657176e+01 -4.331009e+01
    endloop
  endfacet
  facet normal -0.000000e+00 -1.045285e-01 -9.945219e-01
    outer loop
      vertex   1.500000e+00 8.657176e+01 -4.331009e+01
      vertex   5.000000e-01 8.600000e+01 -4.325000e+01
      vertex   5.000000e-01 8.657176e+01 -4.331009e+01
    endloop
  endfacet
  facet normal -0.000000e+00 -3.090170e-01 -9.510565e-01
    outer loop
      vertex   1.500000e+00 8.657176e+01 -4.331009e+01
      vertex   5.000000e-01 8.657176e+01 -4.331009e+01
      vertex   1.500000e+00 8.711853e+01 -4.348775e+01
    endloop
  endfacet
  facet normal -0.000000e+00 -3.090170e-01 -9.510565e-01
    outer loop
      vertex   1.500000e+00 8.711853e+01 -4.348775e+01
      vertex   5.000000e-01 8.657176e+01 -4.331009e+01
      vertex   5.000000e-01 8.711853e+01 -4.348775e+01
    endloop
  endfacet
  facet normal -0.000000e+00 -5.000000e-01 -8.660254e-01
    outer loop
      vertex   1.500000e+00 8.711853e+01 -4.348775e+01
      vertex   5.000000e-01 8.711853e+01 -4.348775e+01
      vertex   1.500000e+00 8.761641e+01 -4.377520e+01
    endloop
  endfacet
  facet normal -0.000000e+00 -5.000000e-01 -8.660254e-01
    outer loop
      vertex   1.500000e+00 8.761641e+01 -4.377520e+01
      vertex   5.000000e-01 8.711853e+01 -4.348775e+01
      vertex   5.000000e-01 8.761641e+01 -4.377520e+01
    endloop
  endfacet
  facet normal -0.000000e+00 -6.691306e-01 -7.431448e-01
    outer loop
      vertex   1.500000e+00 8.761641e+01 -4.377520e+01
      vertex   5.000000e-01 8.761641e+01 -4.377520e+01
      vertex   1.500000e+00 8.804365e+01 -4.415989e+01
    endloop
  endfacet
  facet normal -0.000000e+00 -6.691306e-01 -7.431448e-01
    outer loop
      vertex   1.500000e+00 8.804365e+01 -4.415989e+01
      vertex   5.000000e-01 8.761641e+01 -4.377520e+01
      vertex   5.000000e-01 8.804365e+01 -4.415989e+01
    endloop
  endfacet
  facet normal -0.000000e+00 -8.090170e-01 -5.877853e-01
    outer loop
      vertex   1.500000e+00 8.804365e+01 -4.415989e+01
      vertex   5.000000e-01 8.804365e+01 -4.415989e+01
      vertex   1.500000e+00 8.838157e+01 -4.462500e+01
    endloop
  endfacet
  facet normal -7.320358e-15 -8.090170e-01 -5.877853e-01
    outer loop
      vertex   1.500000e+00 8.838157e+01 -4.462500e+01
      vertex   5.000000e-01 8.804365e+01 -4.415989e+01
      vertex   5.000000e-01 8.838157e+01 -4.462500e+01
    endloop
  endfacet
  facet normal -1.009222e-14 -9.135455e-01 -4.067366e-01
    outer loop
      vertex   1.500000e+00 8.838157e+01 -4.462500e+01
      vertex   5.000000e-01 8.838157e+01 -4.462500e+01
      vertex   1.500000e+00 8.861541e+01 -4.515020e+01
    endloop
  endfacet
  facet normal -0.000000e+00 -9.135455e-01 -4.067366e-01
    outer loop
      vertex   1.500000e+00 8.861541e+01 -4.515020e+01
      vertex   5.000000e-01 8.838157e+01 -4.462500e+01
      vertex   5.000000e-01 8.861541e+01 -4.515020e+01
    endloop
  endfacet
  facet normal -0.000000e+00 -9.781476e-01 -2.079117e-01
    outer loop
      vertex   1.500000e+00 8.861541e+01 -4.515020e+01
      vertex   5.000000e-01 8.861541e+01 -4.515020e+01
      vertex   1.500000e+00 8.873494e+01 -4.571255e+01
    endloop
  endfacet
  facet normal -0.000000e+00 -9.781476e-01 -2.079117e-01
    outer loop
      vertex   1.500000e+00 8.873494e+01 -4.571255e+01
      vertex   5.000000e-01 8.861541e+01 -4.515020e+01
      vertex   5.000000e-01 8.873494e+01 -4.571255e+01
    endloop
  endfacet
  facet normal -0.000000e+00 -1.000000e+00 -0.000000e+00
    outer loop
      vertex   1.500000e+00 8.873494e+01 -4.571255e+01
      vertex   5.000000e-01 8.873494e+01 -4.571255e+01
      vertex   1.500000e+00 8.873494e+01 -4.628745e+01
    endloop
  endfacet
  facet normal 0.000000e+00 -1.000000e+00 0.000000e+00
    outer loop
      vertex   1.500000e+00 8.873494e+01 -4.628745e+01
      vertex   5.000000e-01 8.873494e+01 -4.571255e+01
      vertex   5.000000e-01 8.873494e+01 -4.628745e+01
    endloop
  endfacet
  facet normal 0.000000e+00 -9.781476e-01 2.079117e-01
    outer loop
      vertex   1.500000e+00 8.873494e+01 -4.628745e+01
      vertex   5.000000e-01 8.873494e+01 -4.628745e+01
      vertex   1.500000e+00 8.861541e+01 -4.684980e+01
    endloop
  endfacet
  facet normal 0.000000e+00 -9.781476e-01 2.079117e-01
    outer loop
      vertex   1.500000e+00 8.861541e+01 -4.684980e+01
      vertex   5.000000e-01 8.873494e+01 -4.628745e+01
      vertex   5.000000e-01 8.861541e+01 -4.684980e+01
    endloop
  endfacet
  facet normal 0.000000e+00 -9.135455e-01 4.067366e-01
    outer loop
      vertex   1.500000e+00 8.861541e+01 -4.684980e+01
      vertex   5.000000e-01 8.861541e+01 -4.684980e+01
      vertex   1.500000e+00 8.838157e+01 -4.737500e+01
    endloop
  endfacet
  facet normal -2.890038e-15 -9.135455e-01 4.067366e-01
    outer loop
      vertex   1.500000e+00 8.838157e+01 -4.737500e+01
      vertex   5.000000e-01 8.861541e+01 -4.684980e+01
      vertex   5.000000e-01 8.838157e+01 -4.737500e+01
    endloop
  endfacet
  facet normal -4.176465e-15 -8.090170e-01 5.877853e-01
    outer loop
      vertex   1.500000e+00 8.838157e+01 -4.737500e+01
      vertex   5.000000e-01 8.838157e+01 -4.737500e+01
      vertex   1.500000e+00 8.804365e+01 -4.784011e+01
    endloop
  endfacet
  facet normal 0.000000e+00 -8.090170e-01 5.877853e-01
    outer loop
      vertex   1.500000e+00 8.804365e+01 -4.784011e+01
      vertex   5.000000e-01 8.838157e+01 -4.737500e+01
      vertex   5.000000e-01 8.804365e+01 -4.784011e+01
    endloop
  endfacet
  facet normal 0.000000e+00 -6.691306e-01 7.431448e-01
    outer loop
      vertex   1.500000e+00 8.804365e+01 -4.784011e+01
      vertex   5.000000e-01 8.804365e+01 -4.784011e+01
      vertex   1.500000e+00 8.761641e+01 -4.822480e+01
    endloop
  endfacet
  facet normal 0.000000e+00 -6.691306e-01 7.431448e-01
    outer loop
      vertex   1.500000e+00 8.761641e+01 -4.822480e+01
      vertex   5.000000e-01 8.804365e+01 -4.784011e+01
      vertex   5.000000e-01 8.761641e+01 -4.822480e+01
    endloop
  endfacet
  facet normal 0.000000e+00 -5.000000e-01 8.660254e-01
    outer loop
      vertex   1.500000e+00 8.761641e+01 -4.822480e+01
      vertex   5.000000e-01 8.761641e+01 -4.822480e+01
      vertex   1.500000e+00 8.711853e+01 -4.851225e+01
    endloop
  endfacet
  facet normal 0.000000e+00 -5.000000e-01 8.660254e-01
    outer loop
      vertex   1.500000e+00 8.711853e+01 -4.851225e+01
      vertex   5.000000e-01 8.761641e+01 -4.822480e+01
      vertex   5.000000e-01 8.711853e+01 -4.851225e+01
    endloop
  endfacet
  facet normal 0.000000e+00 -3.090170e-01 9.510565e-01
    outer loop
      vertex   1.500000e+00 8.711853e+01 -4.851225e+01
      vertex   5.000000e-01 8.711853e+01 -4.851225e+01
      vertex   1.500000e+00 8.657176e+01 -4.868991e+01
    endloop
  endfacet
  facet normal 0.000000e+00 -3.090170e-01 9.510565e-01
    outer loop
      vertex   1.500000e+00 8.657176e+01 -4.868991e+01
      vertex   5.000000e-01 8.711853e+01 -4.851225e+01
      vertex   5.000000e-01 8.657176e+01 -4.868991e+01
    endloop
  endfacet
  facet normal 0.000000e+00 -1.045285e-01 9.945219e-01
    outer loop
      vertex   1.500000e+00 8.657176e+01 -4.868991e+01
      vertex   5.000000e-01 8.657176e+01 -4.868991e+01
      vertex   1.500000e+00 8.600000e+01 -4.875000e+01
    endloop
  endfacet
  facet normal 0.000000e+00 -1.045285e-01 9.945219e-01
    outer loop
      vertex   1.500000e+00 8.600000e+01 -4.875000e+01
      vertex   5.000000e-01 8.657176e+01 -4.868991e+01
      vertex   5.000000e-01 8.600000e+01 -4.875000e+01
    endloop
  endfacet
  facet normal 0.000000e+00 1.045285e-01 9.945219e-01
    outer loop
      vertex   1.500000e+00 8.600000e+01 -4.875000e+01
      vertex   5.000000e-01 8.600000e+01 -4.875000e+01
      vertex   1.500000e+00 8.542824e+01 -4.868991e+01
    endloop
  endfacet
  facet normal 0.000000e+00 1.045285e-01 9.945219e-01
    outer loop
      vertex   1.500000e+00 8.542824e+01 -4.868991e+01
      vertex   5.000000e-01 8.600000e+01 -4.875000e+01
      vertex   5.000000e-01 8.542824e+01 -4.868991e+01
    endloop
  endfacet
  facet normal 0.000000e+00 3.090170e-01 9.510565e-01
    outer loop
      vertex   1.500000e+00 8.542824e+01 -4.868991e+01
      vertex   5.000000e-01 8.542824e+01 -4.868991e+01
      vertex   1.500000e+00 8.488148e+01 -4.851225e+01
    endloop
  endfacet
  facet normal 0.000000e+00 3.090170e-01 9.510565e-01
    outer loop
      vertex   1.500000e+00 8.488148e+01 -4.851225e+01
      vertex   5.000000e-01 8.542824e+01 -4.868991e+01
      vertex   5.000000e-01 8.488148e+01 -4.851225e+01
    endloop
  endfacet
  facet normal 0.000000e+00 5.000000e-01 8.660254e-01
    outer loop
      vertex   1.500000e+00 8.488148e+01 -4.851225e+01
      vertex   5.000000e-01 8.488148e+01 -4.851225e+01
      vertex   1.500000e+00 8.438359e+01 -4.822480e+01
    endloop
  endfacet
  facet normal 0.000000e+00 5.000000e-01 8.660254e-01
    outer loop
      vertex   1.500000e+00 8.438359e+01 -4.822480e+01
      vertex   5.000000e-01 8.488148e+01 -4.851225e+01
      vertex   5.000000e-01 8.438359e+01 -4.822480e+01
    endloop
  endfacet
  facet normal 0.000000e+00 6.691306e-01 7.431448e-01
    outer loop
      vertex   1.500000e+00 8.438359e+01 -4.822480e+01
      vertex   5.000000e-01 8.438359e+01 -4.822480e+01
      vertex   1.500000e+00 8.395635e+01 -4.784011e+01
    endloop
  endfacet
  facet normal 0.000000e+00 6.691306e-01 7.431448e-01
    outer loop
      vertex   1.500000e+00 8.395635e+01 -4.784011e+01
      vertex   5.000000e-01 8.438359e+01 -4.822480e+01
      vertex   5.000000e-01 8.395635e+01 -4.784011e+01
    endloop
  endfacet
  facet normal 0.000000e+00 8.090170e-01 5.877853e-01
    outer loop
      vertex   1.500000e+00 8.395635e+01 -4.784011e+01
      vertex   5.000000e-01 8.395635e+01 -4.784011e+01
      vertex   1.500000e+00 8.361843e+01 -4.737500e+01
    endloop
  endfacet
  facet normal 4.176465e-15 8.090170e-01 5.877853e-01
    outer loop
      vertex   1.500000e+00 8.361843e+01 -4.737500e+01
      vertex   5.000000e-01 8.395635e+01 -4.784011e+01
      vertex   5.000000e-01 8.361843e+01 -4.737500e+01
    endloop
  endfacet
  facet normal 2.890038e-15 9.135455e-01 4.067366e-01
    outer loop
      vertex   1.500000e+00 8.361843e+01 -4.737500e+01
      vertex   5.000000e-01 8.361843e+01 -4.737500e+01
      vertex   1.500000e+00 8.338460e+01 -4.684980e+01
    endloop
  endfacet
  facet normal 0.000000e+00 9.135455e-01 4.067366e-01
    outer loop
      vertex   1.500000e+00 8.338460e+01 -4.684980e+01
      vertex   5.000000e-01 8.361843e+01 -4.737500e+01
      vertex   5.000000e-01 8.338460e+01 -4.684980e+01
    endloop
  endfacet
  facet normal 0.000000e+00 9.781476e-01 2.079117e-01
    outer loop
      vertex   1.500000e+00 8.338460e+01 -4.684980e+01
      vertex   5.000000e-01 8.338460e+01 -4.684980e+01
      vertex   1.500000e+00 8.326507e+01 -4.628745e+01
    endloop
  endfacet
  facet normal 0.000000e+00 9.781476e-01 2.079117e-01
    outer loop
      vertex   1.500000e+00 8.326507e+01 -4.628745e+01
      vertex   5.000000e-01 8.338460e+01 -4.684980e+01
      vertex   5.000000e-01 8.326507e+01 -4.628745e+01
    endloop
  endfacet
  facet normal 0.000000e+00 1.000000e+00 -0.000000e+00
    outer loop
      vertex   1.500000e+00 8.326507e+01 -4.628745e+01
      vertex   5.000000e-01 8.326507e+01 -4.628745e+01
      vertex   1.500000e+00 8.326507e+01 -4.571255e+01
    endloop
  endfacet
  facet normal 0.000000e+00 1.000000e+00 0.000000e+00
    outer loop
      vertex   1.500000e+00 8.326507e+01 -4.571255e+01
      vertex   5.000000e-01 8.326507e+01 -4.628745e+01
      vertex   5.000000e-01 8.326507e+01 -4.571255e+01
    endloop
  endfacet
  facet normal 0.000000e+00 9.781476e-01 -2.079117e-01
    outer loop
      vertex   1.500000e+00 8.326507e+01 -4.571255e+01
      vertex   5.000000e-01 8.326507e+01 -4.571255e+01
      vertex   1.500000e+00 8.338460e+01 -4.515020e+01
    endloop
  endfacet
  facet normal 0.000000e+00 9.781476e-01 -2.079117e-01
    outer loop
      vertex   1.500000e+00 8.338460e+01 -4.515020e+01
      vertex   5.000000e-01 8.326507e+01 -4.571255e+01
      vertex   5.000000e-01 8.338460e+01 -4.515020e+01
    endloop
  endfacet
  facet normal 0.000000e+00 9.135455e-01 -4.067366e-01
    outer loop
      vertex   1.500000e+00 8.338460e+01 -4.515020e+01
      vertex   5.000000e-01 8.338460e+01 -4.515020e+01
      vertex   1.500000e+00 8.361843e+01 -4.462500e+01
    endloop
  endfacet
  facet normal 1.009222e-14 9.135455e-01 -4.067366e-01
    outer loop
      vertex   1.500000e+00 8.361843e+01 -4.462500e+01
      vertex   5.000000e-01 8.338460e+01 -4.515020e+01
      vertex   5.000000e-01 8.361843e+01 -4.462500e+01
    endloop
  endfacet
  facet normal 7.320358e-15 8.090170e-01 -5.877853e-01
    outer loop
      vertex   1.500000e+00 8.361843e+01 -4.462500e+01
      vertex   5.000000e-01 8.361843e+01 -4.462500e+01
      vertex   1.500000e+00 8.395635e+01 -4.415989e+01
    endloop
  endfacet
  facet normal 0.000000e+00 8.090170e-01 -5.877853e-01
    outer loop
      vertex   1.500000e+00 8.395635e+01 -4.415989e+01
      vertex   5.000000e-01 8.361843e+01 -4.462500e+01
      vertex   5.000000e-01 8.395635e+01 -4.415989e+01
    endloop
  endfacet
  facet normal 0.000000e+00 6.691306e-01 -7.431448e-01
    outer loop
      vertex   1.500000e+00 8.395635e+01 -4.415989e+01
      vertex   5.000000e-01 8.395635e+01 -4.415989e+01
      vertex   1.500000e+00 8.438359e+01 -4.377520e+01
    endloop
  endfacet
  facet normal 0.000000e+00 6.691306e-01 -7.431448e-01
    outer loop
      vertex   1.500000e+00 8.438359e+01 -4.377520e+01
      vertex   5.000000e-01 8.395635e+01 -4.415989e+01
      vertex   5.000000e-01 8.438359e+01 -4.377520e+01
    endloop
  endfacet
  facet normal 0.000000e+00 5.000000e-01 -8.660254e-01
    outer loop
      vertex   1.500000e+00 8.438359e+01 -4.377520e+01
      vertex   5.000000e-01 8.438359e+01 -4.377520e+01
      vertex   1.500000e+00 8.488148e+01 -4.348775e+01
    endloop
  endfacet
  facet normal 0.000000e+00 5.000000e-01 -8.660254e-01
    outer loop
      vertex   1.500000e+00 8.488148e+01 -4.348775e+01
      vertex   5.000000e-01 8.438359e+01 -4.377520e+01
      vertex   5.000000e-01 8.488148e+01 -4.348775e+01
    endloop
  endfacet
  facet normal 0.000000e+00 3.090170e-01 -9.510565e-01
    outer loop
      vertex   1.500000e+00 8.488148e+01 -4.348775e+01
      vertex   5.000000e-01 8.488148e+01 -4.348775e+01
      vertex   1.500000e+00 8.542824e+01 -4.331009e+01
    endloop
  endfacet
  facet normal 0.000000e+00 3.090170e-01 -9.510565e-01
    outer loop
      vertex   1.500000e+00 8.542824e+01 -4.331009e+01
      vertex   5.000000e-01 8.488148e+01 -4.348775e+01
      vertex   5.000000e-01 8.542824e+01 -4.331009e+01
    endloop
  endfacet
  facet normal 0.000000e+00 0.000000e+00 -1.000000e+00
    outer loop
      vertex   5.000000e-01 8.200000e+01 -5.000000e+01
      vertex   5.000000e-01 9.000000e+01 -5.000000e+01
      vertex   1.500000e+00 8.200000e+01 -5.000000e+01
    endloop
  endfacet
  facet normal 0.000000e+00 0.000000e+00 -1.000000e+00
    outer loop
      vertex   1.500000e+00 8.200000e+01 -5.000000e+01
      vertex   5.000000e-01 9.000000e+01 -5.000000e+01
      vertex   1.500000e+00 9.000000e+01 -5.000000e+01
    endloop
  endfacet
  facet normal 0.000000e+00 -1.000000e+00 0.000000e+00
    outer loop
      vertex   5.000000e-01 8.200000e+01 -4.200000e+01
      vertex   5.000000e-01 8.200000e+01 -5.000000e+01
      vertex   1.500000e+00 8.200000e+01 -4.200000e+01
    endloop
  endfacet
  facet normal 0.000000e+00 -1.000000e+00 -0.000000e+00
    outer loop
      vertex   1.500000e+00 8.200000e+01 -4.200000e+01
      vertex   5.000000e-01 8.200000e+01 -5.000000e+01
      vertex   1.500000e+00 8.200000e+01 -5.000000e+01
    endloop
  endfacet
  facet normal -0.000000e+00 0.000000e+00 1.000000e+00
    outer loop
      vertex   5.000000e-01 9.000000e+01 -4.200000e+01
      vertex   5.000000e-01 8.200000e+01 -4.200000e+01
      vertex   1.500000e+00 9.000000e+01 -4.200000e+01
    endloop
  endfacet
  facet normal 0.000000e+00 0.000000e+00 1.000000e+00
    outer loop
      vertex   1.500000e+00 9.000000e+01 -4.200000e+01
      vertex   5.000000e-01 8.200000e+01 -4.200000e+01
      vertex   1.500000e+00 8.200000e+01 -4.200000e+01
    endloop
  endfacet
  facet normal 0.000000e+00 1.000000e+00 0.000000e+00
    outer loop
      vertex   5.000000e-01 9.000000e+01 -5.000000e+01
      vertex   5.000000e-01 9.000000e+01 -4.200000e+01
      vertex   1.500000e+00 9.000000e+01 -5.000000e+01
    endloop
  endfacet
  facet normal 0.000000e+00 1.000000e+00 -0.000000e+00
    outer loop
      vertex   1.500000e+00 9.000000e+01 -5.000000e+01
      vertex   5.000000e-01 9.000000e+01 -4.200000e+01
      vertex   1.500000e+00 9.000000e+01 -4.200000e+01
    endloop
  endfacet
  facet normal 1.000000e+00 0.000000e+00 -0.000000e+00
    outer loop
      vertex   1.500000e+00 8.657176e+01 -4.331009e+01
      vertex   1.500000e+00 9.000000e+01 -4.200000e+01
      vertex   1.500000e+00 8.600000e+01 -4.325000e+01
    endloop
  endfacet
  facet normal 1.000000e+00 0.000000e+00 -0.000000e+00
    outer loop
      vertex   1.500000e+00 8.600000e+01 -4.325000e+01
      vertex   1.500000e+00 9.000000e+01 -4.200000e+01
      vertex   1.500000e+00 8.200000e+01 -4.200000e+01
    endloop
  endfacet
  facet normal 1.000000e+00 0.000000e+00 0.000000e+00
    outer loop
      vertex   1.500000e+00 8.600000e+01 -4.325000e+01
      vertex   1.500000e+00 8.200000e+01 -4.200000e+01
      vertex   1.500000e+00 8.542824e+01 -4.331009e+01
    endloop
  endfacet
  facet normal 1.000000e+00 0.000000e+00 0.000000e+00
    outer loop
      vertex   1.500000e+00 8.542824e+01 -4.331009e+01
      vertex   1.500000e+00 8.200000e+01 -4.200000e+01
      vertex   1.500000e+00 8.488148e+01 -4.348775e+01
    endloop
  endfacet
  facet normal 1.000000e+00 0.000000e+00 0.000000e+00
    outer loop
      vertex   1.500000e+00 8.488148e+01 -4.348775e+01
      vertex   1.500000e+00 8.200000e+01 -4.200000e+01
      vertex   1.500000e+00 8.438359e+01 -4.377520e+01
    endloop
  endfacet
  facet normal 1.000000e+00 0.000000e+00 0.000000e+00
    outer loop
      vertex   1.500000e+00 8.438359e+01 -4.377520e+01
      vertex   1.500000e+00 8.200000e+01 -4.200000e+01
      vertex   1.500000e+00 8.395635e+01 -4.415989e+01
    endloop
  endfacet
  facet normal 1.000000e+00 0.000000e+00 0.000000e+00
    outer loop
      vertex   1.500000e+00 8.395635e+01 -4.415989e+01
      vertex   1.500000e+00 8.200000e+01 -4.200000e+01
      vertex   1.500000e+00 8.361843e+01 -4.462500e+01
    endloop
  endfacet
  facet normal 1.000000e+00 0.000000e+00 0.000000e+00
    outer loop
      vertex   1.500000e+00 8.361843e+01 -4.462500e+01
      vertex   1.500000e+00 8.200000e+01 -4.200000e+01
      vertex   1.500000e+00 8.338460e+01 -4.515020e+01
    endloop
  endfacet
  facet normal 1.000000e+00 0.000000e+00 0.000000e+00
    outer loop
      vertex   1.500000e+00 8.338460e+01 -4.515020e+01
      vertex   1.500000e+00 8.200000e+01 -4.200000e+01
      vertex   1.500000e+00 8.326507e+01 -4.571255e+01
    endloop
  endfacet
  facet normal 1.000000e+00 0.000000e+00 0.000000e+00
    outer loop
      vertex   1.500000e+00 8.326507e+01 -4.571255e+01
      vertex   1.500000e+00 8.200000e+01 -4.200000e+01
      vertex   1.500000e+00 8.200000e+01 -5.000000e+01
    endloop
  endfacet
  facet normal 1.000000e+00 0.000000e+00 0.000000e+00
    outer loop
      vertex   1.500000e+00 8.326507e+01 -4.571255e+01
      vertex   1.500000e+00 8.200000e+01 -5.000000e+01
      vertex   1.500000e+00 8.326507e+01 -4.628745e+01
    endloop
  endfacet
  facet normal 1.000000e+00 0.000000e+00 0.000000e+00
    outer loop
      vertex   1.500000e+00 8.326507e+01 -4.628745e+01
      vertex   1.500000e+00 8.200000e+01 -5.000000e+01
      vertex   1.500000e+00 8.338460e+01 -4.684980e+01
    endloop
  endfacet
  facet normal 1.000000e+00 0.000000e+00 0.000000e+00
    outer loop
      vertex   1.500000e+00 8.338460e+01 -4.684980e+01
      vertex   1.500000e+00 8.200000e+01 -5.000000e+01
      vertex   1.500000e+00 8.361843e+01 -4.737500e+01
    endloop
  endfacet
  facet normal 1.000000e+00 0.000000e+00 0.000000e+00
    outer loop
      vertex   1.500000e+00 8.361843e+01 -4.737500e+01
      vertex   1.500000e+00 8.200000e+01 -5.000000e+01
      vertex   1.500000e+00 8.395635e+01 -4.784011e+01
    endloop
  endfacet
  facet normal 1.000000e+00 0.000000e+00 0.000000e+00
    outer loop
      vertex   1.500000e+00 8.395635e+01 -4.784011e+01
      vertex   1.500000e+00 8.200000e+01 -5.000000e+01
      vertex   1.500000e+00 8.438359e+01 -4.822480e+01
    endloop
  endfacet
  facet normal 1.000000e+00 0.000000e+00 0.000000e+00
    outer loop
      vertex   1.500000e+00 8.438359e+01 -4.822480e+01
      vertex   1.500000e+00 8.200000e+01 -5.000000e+01
      vertex   1.500000e+00 8.488148e+01 -4.851225e+01
    endloop
  endfacet
  facet normal 1.000000e+00 0.000000e+00 0.000000e+00
    outer loop
      vertex   1.500000e+00 8.488148e+01 -4.851225e+01
      vertex   1.500000e+00 8.200000e+01 -5.000000e+01
      vertex   1.500000e+00 8.542824e+01 -4.868991e+01
    endloop
  endfacet
  facet normal 1.000000e+00 0.000000e+00 0.000000e+00
    outer loop
      vertex   1.500000e+00 8.542824e+01 -4.868991e+01
      vertex   1.500000e+00 8.200000e+01 -5.000000e+01
      vertex   1.500000e+00 8.600000e+01 -4.875000e+01
    endloop
  endfacet
  facet normal 1.000000e+00 0.000000e+00 0.000000e+00
    outer loop
      vertex   1.500000e+00 8.600000e+01 -4.875000e+01
      vertex   1.500000e+00 8.200000e+01 -5.000000e+01
      vertex   1.500000e+00 9.000000e+01 -5.000000e+01
    endloop
  endfacet
  facet normal 1.000000e+00 -0.000000e+00 0.000000e+00
    outer loop
      vertex   1.500000e+00 8.600000e+01 -4.875000e+01
      vertex   1.500000e+00 9.000000e+01 -5.000000e+01
      vertex   1.500000e+00 8.657176e+01 -4.868991e+01
    endloop
  endfacet
  facet normal 1.000000e+00 -0.000000e+00 0.000000e+00
    outer loop
      vertex   1.500000e+00 8.657176e+01 -4.868991e+01
      vertex   1.500000e+00 9.000000e+01 -5.000000e+01
      vertex   1.500000e+00 8.711853e+01 -4.851225e+01
    endloop
  endfacet
  facet normal 1.000000e+00 -0.000000e+00 0.000000e+00
    outer loop
      vertex   1.500000e+00 8.711853e+01 -4.851225e+01
      vertex   1.500000e+00 9.000000e+01 -5.000000e+01
      vertex   1.500000e+00 8.761641e+01 -4.822480e+01
    endloop
  endfacet
  facet normal 1.000000e+00 -0.000000e+00 0.000000e+00
    outer loop
      vertex   1.500000e+00 8.761641e+01 -4.822480e+01
      vertex   1.500000e+00 9.000000e+01 -5.000000e+01
      vertex   1.500000e+00 8.804365e+01 -4.784011e+01
    endloop
  endfacet
  facet normal 1.000000e+00 -0.000000e+00 0.000000e+00
    outer loop
      vertex   1.500000e+00 8.804365e+01 -4.784011e+01
      vertex   1.500000e+00 9.000000e+01 -5.000000e+01
      vertex   1.500000e+00 8.838157e+01 -4.737500e+01
    endloop
  endfacet
  facet normal 1.000000e+00 -0.000000e+00 0.000000e+00
    outer loop
      vertex   1.500000e+00 8.838157e+01 -4.737500e+01
      vertex   1.500000e+00 9.000000e+01 -5.000000e+01
      vertex   1.500000e+00 8.861541e+01 -4.684980e+01
    endloop
  endfacet
  facet normal 1.000000e+00 -0.000000e+00 0.000000e+00
    outer loop
      vertex   1.500000e+00 8.861541e+01 -4.684980e+01
      vertex   1.500000e+00 9.000000e+01 -5.000000e+01
      vertex   1.500000e+00 8.873494e+01 -4.628745e+01
    endloop
  endfacet
  facet normal 1.000000e+00 -0.000000e+00 0.000000e+00
    outer loop
      vertex   1.500000e+00 8.873494e+01 -4.628745e+01
      vertex   1.500000e+00 9.000000e+01 -5.000000e+01
      vertex   1.500000e+00 9.000000e+01 -4.200000e+01
    endloop
  endfacet
  facet normal 1.000000e+00 0.000000e+00 0.000000e+00
    outer loop
      vertex   1.500000e+00 8.873494e+01 -4.628745e+01
      vertex   1.500000e+00 9.000000e+01 -4.200000e+01
      vertex   1.500000e+00 8.873494e+01 -4.571255e+01
    endloop
  endfacet
  facet normal 1.000000e+00 0.000000e+00 -0.000000e+00
    outer loop
      vertex   1.500000e+00 8.873494e+01 -4.571255e+01
      vertex   1.500000e+00 9.000000e+01 -4.200000e+01
      vertex   1.500000e+00 8.861541e+01 -4.515020e+01
    endloop
  endfacet
  facet normal 1.000000e+00 0.000000e+00 -0.000000e+00
    outer loop
      vertex   1.500000e+00 8.861541e+01 -4.515020e+01
      vertex   1.500000e+00 9.000000e+01 -4.200000e+01
      vertex   1.500000e+00 8.838157e+01 -4.462500e+01
    endloop
  endfacet
  facet normal 1.000000e+00 0.000000e+00 -0.000000e+00
    outer loop
      vertex   1.500000e+00 8.838157e+01 -4.462500e+01
      vertex   1.500000e+00 9.000000e+01 -4.200000e+01
      vertex   1.500000e+00 8.804365e+01 -4.415989e+01
    endloop
  endfacet
  facet normal 1.000000e+00 0.000000e+00 -0.000000e+00
    outer loop
      vertex   1.500000e+00 8.804365e+01 -4.415989e+01
      vertex   1.500000e+00 9.000000e+01 -4.200000e+01
      vertex   1.500000e+00 8.761641e+01 -4.377520e+01
    endloop
  endfacet
  facet normal 1.000000e+00 0.000000e+00 -0.000000e+00
    outer loop
      vertex   1.500000e+00 8.761641e+01 -4.377520e+01
      vertex   1.500000e+00 9.000000e+01 -4.200000e+01
      vertex   1.500000e+00 8.711853e+01 -4.348775e+01
    endloop
  endfacet
  facet normal 1.000000e+00 0.000000e+00 -0.000000e+00
    outer loop
      vertex   1.500000e+00 8.711853e+01 -4.348775e+01
      vertex   1.500000e+00 9.000000e+01 -4.200000e+01
      vertex   1.500000e+00 8.657176e+01 -4.331009e+01
    endloop
  endfacet
  facet normal 1.000000e+00 -0.000000e+00 0.000000e+00
    outer loop
      vertex   5.000000e-01 8.042824e+01 -1.631009e+01
      vertex   5.000000e-01 8.042824e+01 -2.168991e+01
      vertex   5.000000e-01 8.100000e+01 -1.625000e+01
    endloop
  endfacet
  facet normal 1.000000e+00 0.000000e+00 0.000000e+00
    outer loop
      vertex   5.000000e-01 8.100000e+01 -1.625000e+01
      vertex   5.000000e-01 8.042824e+01 -2.168991e+01
      vertex   5.000000e-01 8.100000e+01 -2.175000e+01
    endloop
  endfacet
  facet normal 1.000000e+00 0.000000e+00 0.000000e+00
    outer loop
      vertex   5.000000e-01 8.100000e+01 -1.625000e+01
      vertex   5.000000e-01 8.100000e+01 -2.175000e+01
      vertex   5.000000e-01 8.157176e+01 -1.631009e+01
    endloop
  endfacet
  facet normal 1.000000e+00 0.000000e+00 0.000000e+00
    outer loop
      vertex   5.000000e-01 8.157176e+01 -1.631009e+01
      vertex   5.000000e-01 8.100000e+01 -2.175000e+01
      vertex   5.000000e-01 8.157176e+01 -2.168991e+01
    endloop
  endfacet
  facet normal 1.000000e+00 0.000000e+00 0.000000e+00
    outer loop
      vertex   5.000000e-01 8.157176e+01 -1.631009e+01
      vertex   5.000000e-01 8.157176e+01 -2.168991e+01
      vertex   5.000000e-01 8.211853e+01 -1.648775e+01
    endloop
  endfacet
  facet normal 1.000000e+00 0.000000e+00 0.000000e+00
    outer loop
      vertex   5.000000e-01 8.211853e+01 -1.648775e+01
      vertex   5.000000e-01 8.157176e+01 -2.168991e+01
      vertex   5.000000e-01 8.211853e+01 -2.151225e+01
    endloop
  endfacet
  facet normal 1.000000e+00 0.000000e+00 0.000000e+00
    outer loop
      vertex   5.000000e-01 8.211853e+01 -1.648775e+01
      vertex   5.000000e-01 8.211853e+01 -2.151225e+01
      vertex   5.000000e-01 8.261641e+01 -1.677520e+01
    endloop
  endfacet
  facet normal 1.000000e+00 0.000000e+00 0.000000e+00
    outer loop
      vertex   5.000000e-01 8.261641e+01 -1.677520e+01
      vertex   5.000000e-01 8.211853e+01 -2.151225e+01
      vertex   5.000000e-01 8.261641e+01 -2.122480e+01
    endloop
  endfacet
  facet normal 1.000000e+00 0.000000e+00 0.000000e+00
    outer loop
      vertex   5.000000e-01 8.261641e+01 -1.677520e+01
      vertex   5.000000e-01 8.261641e+01 -2.122480e+01
      vertex   5.000000e-01 8.304365e+01 -1.715989e+01
    endloop
  endfacet
  facet normal 1.000000e+00 0.000000e+00 0.000000e+00
    outer loop
      vertex   5.000000e-01 8.304365e+01 -1.715989e+01
      vertex   5.000000e-01 8.261641e+01 -2.122480e+01
      vertex   5.000000e-01 8.304365e+01 -2.084011e+01
    endloop
  endfacet
  facet normal 1.000000e+00 0.000000e+00 0.000000e+00
    outer loop
      vertex   5.000000e-01 8.304365e+01 -1.715989e+01
      vertex   5.000000e-01 8.304365e+01 -2.084011e+01
      vertex   5.000000e-01 8.338157e+01 -1.762500e+01
    endloop
  endfacet
  facet normal 1.000000e+00 0.000000e+00 0.000000e+00
    outer loop
      vertex   5.000000e-01 8.338157e+01 -1.762500e+01
      vertex   5.000000e-01 8.304365e+01 -2.084011e+01
      vertex   5.000000e-01 8.338157e+01 -2.037500e+01
    endloop
  endfacet
  facet normal 1.000000e+00 0.000000e+00 0.000000e+00
    outer loop
      vertex   5.000000e-01 8.338157e+01 -1.762500e+01
      vertex   5.000000e-01 8.338157e+01 -2.037500e+01
      vertex   5.000000e-01 8.361541e+01 -1.815020e+01
    endloop
  endfacet
  facet normal 1.000000e+00 0.000000e+00 0.000000e+00
    outer loop
      vertex   5.000000e-01 8.361541e+01 -1.815020e+01
      vertex   5.000000e-01 8.338157e+01 -2.037500e+01
      vertex   5.000000e-01 8.361541e+01 -1.984980e+01
    endloop
  endfacet
  facet normal 1.000000e+00 0.000000e+00 0.000000e+00
    outer loop
      vertex   5.000000e-01 8.361541e+01 -1.815020e+01
      vertex   5.000000e-01 8.361541e+01 -1.984980e+01
      vertex   5.000000e-01 8.373494e+01 -1.871255e+01
    endloop
  endfacet
  facet normal 1.000000e+00 0.000000e+00 0.000000e+00
    outer loop
      vertex   5.000000e-01 8.373494e+01 -1.871255e+01
      vertex   5.000000e-01 8.361541e+01 -1.984980e+01
      vertex   5.000000e-01 8.373494e+01 -1.928745e+01
    endloop
  endfacet
  facet normal 1.000000e+00 0.000000e+00 -0.000000e+00
    outer loop
      vertex   5.000000e-01 8.042824e+01 -2.168991e+01
      vertex   5.000000e-01 8.042824e+01 -1.631009e+01
      vertex   5.000000e-01 7.988148e+01 -2.151225e+01
    endloop
  endfacet
  facet normal 1.000000e+00 0.000000e+00 0.000000e+00
    outer loop
      vertex   5.000000e-01 7.988148e+01 -2.151225e+01
      vertex   5.000000e-01 8.042824e+01 -1.631009e+01
      vertex   5.000000e-01 7.988148e+01 -1.648775e+01
    endloop
  endfacet
  facet normal 1.000000e+00 0.000000e+00 -0.000000e+00
    outer loop
      vertex   5.000000e-01 7.988148e+01 -2.151225e+01
      vertex   5.000000e-01 7.988148e+01 -1.648775e+01
      vertex   5.000000e-01 7.938359e+01 -2.122480e+01
    endloop
  endfacet
  facet normal 1.000000e+00 0.000000e+00 0.000000e+00
    outer loop
      vertex   5.000000e-01 7.938359e+01 -2.122480e+01
      vertex   5.000000e-01 7.988148e+01 -1.648775e+01
      vertex   5.000000e-01 7.938359e+01 -1.677520e+01
    endloop
  endfacet
  facet normal 1.000000e+00 0.000000e+00 -0.000000e+00
    outer loop
      vertex   5.000000e-01 7.938359e+01 -2.122480e+01
      vertex   5.000000e-01 7.938359e+01 -1.677520e+01
      vertex   5.000000e-01 7.895635e+01 -2.084011e+01
    endloop
  endfacet
  facet normal 1.000000e+00 0.000000e+00 0.000000e+00
    outer loop
      vertex   5.000000e-01 7.895635e+01 -2.084011e+01
      vertex   5.000000e-01 7.938359e+01 -1.677520e+01
      vertex   5.000000e-01 7.895635e+01 -1.715989e+01
    endloop
  endfacet
  facet normal 1.000000e+00 0.000000e+00 -0.000000e+00
    outer loop
      vertex   5.000000e-01 7.895635e+01 -2.084011e+01
      vertex   5.000000e-01 7.895635e+01 -1.715989e+01
      vertex   5.000000e-01 7.861843e+01 -2.037500e+01
    endloop
  endfacet
  facet normal 1.000000e+00 0.000000e+00 0.000000e+00
    outer loop
      vertex   5.000000e-01 7.861843e+01 -2.037500e+01
      vertex   5.000000e-01 7.895635e+01 -1.715989e+01
      vertex   5.000000e-01 7.861843e+01 -1.762500e+01
    endloop
  endfacet
  facet normal 1.000000e+00 0.000000e+00 -0.000000e+00
    outer loop
      vertex   5.000000e-01 7.861843e+01 -2.037500e+01
      vertex   5.000000e-01 7.861843e+01 -1.762500e+01
      vertex   5.000000e-01 7.838460e+01 -1.984980e+01
    endloop
  endfacet
  facet normal 1.000000e+00 0.000000e+00 0.000000e+00
    outer loop
      vertex   5.000000e-01 7.838460e+01 -1.984980e+01
      vertex   5.000000e-01 7.861843e+01 -1.762500e+01
      vertex   5.000000e-01 7.838460e+01 -1.815020e+01
    endloop
  endfacet
  facet normal 1.000000e+00 0.000000e+00 -0.000000e+00
    outer loop
      vertex   5.000000e-01 7.838460e+01 -1.984980e+01
      vertex   5.000000e-01 7.838460e+01 -1.815020e+01
      vertex   5.000000e-01 7.826507e+01 -1.928745e+01
    endloop
  endfacet
  facet normal 1.000000e+00 0.000000e+00 0.000000e+00
    outer loop
      vertex   5.000000e-01 7.826507e+01 -1.928745e+01
      vertex   5.000000e-01 7.838460e+01 -1.815020e+01
      vertex   5.000000e-01 7.826507e+01 -1.871255e+01
    endloop
  endfacet
  facet normal -8.278583e-15 9.959067e-01 9.038668e-02
    outer loop
      vertex   5.000000e-01 9.182827e+01 -4.775954e+01
      vertex   5.000000e-01 9.189567e+01 -4.850210e+01
      vertex   -5.000000e-01 9.182827e+01 -4.775954e+01
    endloop
  endfacet
  facet normal -1.382455e-13 9.959067e-01 9.038668e-02
    outer loop
      vertex   -5.000000e-01 9.182827e+01 -4.775954e+01
      vertex   5.000000e-01 9.189567e+01 -4.850210e+01
      vertex   -5.000000e-01 9.189567e+01 -4.850210e+01
    endloop
  endfacet
  facet normal -1.393640e-13 9.956639e-01 9.302363e-02
    outer loop
      vertex   -5.000000e-01 9.189567e+01 -4.850210e+01
      vertex   5.000000e-01 9.189567e+01 -4.850210e+01
      vertex   5.000000e-01 9.192568e+01 -4.882329e+01
    endloop
  endfacet
  facet normal -1.139760e-13 9.956639e-01 9.302363e-02
    outer loop
      vertex   -5.000000e-01 9.189567e+01 -4.850210e+01
      vertex   5.000000e-01 9.192568e+01 -4.882329e+01
      vertex   -5.000000e-01 9.192568e+01 -4.882329e+01
    endloop
  endfacet
  facet normal -1.143825e-13 9.955390e-01 9.435101e-02
    outer loop
      vertex   -5.000000e-01 9.192568e+01 -4.882329e+01
      vertex   5.000000e-01 9.192568e+01 -4.882329e+01
      vertex   5.000000e-01 9.195146e+01 -4.909531e+01
    endloop
  endfacet
  facet normal -1.023140e-13 9.955390e-01 9.435101e-02
    outer loop
      vertex   -5.000000e-01 9.192568e+01 -4.882329e+01
      vertex   5.000000e-01 9.195146e+01 -4.909531e+01
      vertex   -5.000000e-01 9.195146e+01 -4.909531e+01
    endloop
  endfacet
  facet normal -1.025024e-13 9.954380e-01 9.541034e-02
    outer loop
      vertex   -5.000000e-01 9.195146e+01 -4.909531e+01
      vertex   5.000000e-01 9.195146e+01 -4.909531e+01
      vertex   5.000000e-01 9.197168e+01 -4.930632e+01
    endloop
  endfacet
  facet normal -3.768945e-14 9.954380e-01 9.541034e-02
    outer loop
      vertex   -5.000000e-01 9.195146e+01 -4.909531e+01
      vertex   5.000000e-01 9.197168e+01 -4.930632e+01
      vertex   -5.000000e-01 9.197168e+01 -4.930632e+01
    endloop
  endfacet
  facet normal -3.765437e-14 9.953698e-01 9.611962e-02
    outer loop
      vertex   -5.000000e-01 9.197168e+01 -4.930632e+01
      vertex   5.000000e-01 9.197168e+01 -4.930632e+01
      vertex   5.000000e-01 9.198502e+01 -4.944449e+01
    endloop
  endfacet
  facet normal -2.146101e-14 9.953698e-01 9.611962e-02
    outer loop
      vertex   -5.000000e-01 9.197168e+01 -4.930632e+01
      vertex   5.000000e-01 9.198502e+01 -4.944449e+01
      vertex   -5.000000e-01 9.198502e+01 -4.944449e+01
    endloop
  endfacet
  facet normal -2.147479e-14 9.953886e-01 9.592460e-02
    outer loop
      vertex   -5.000000e-01 9.198502e+01 -4.944449e+01
      vertex   5.000000e-01 9.198502e+01 -4.944449e+01
      vertex   5.000000e-01 9.199775e+01 -4.957655e+01
    endloop
  endfacet
  facet normal -3.425719e-14 9.953886e-01 9.592460e-02
    outer loop
      vertex   -5.000000e-01 9.198502e+01 -4.944449e+01
      vertex   5.000000e-01 9.199775e+01 -4.957655e+01
      vertex   -5.000000e-01 9.199775e+01 -4.957655e+01
    endloop
  endfacet
  facet normal -3.436301e-14 9.955023e-01 9.473745e-02
    outer loop
      vertex   -5.000000e-01 9.199775e+01 -4.957655e+01
      vertex   5.000000e-01 9.199775e+01 -4.957655e+01
      vertex   5.000000e-01 9.203857e+01 -5.000546e+01
    endloop
  endfacet
  facet normal 6.055489e-15 9.955023e-01 9.473745e-02
    outer loop
      vertex   -5.000000e-01 9.199775e+01 -4.957655e+01
      vertex   5.000000e-01 9.203857e+01 -5.000546e+01
      vertex   -5.000000e-01 9.203857e+01 -5.000546e+01
    endloop
  endfacet
  facet normal 5.750713e-15 9.959484e-01 8.992676e-02
    outer loop
      vertex   -5.000000e-01 9.203857e+01 -5.000546e+01
      vertex   5.000000e-01 9.203857e+01 -5.000546e+01
      vertex   5.000000e-01 9.206826e+01 -5.033433e+01
    endloop
  endfacet
  facet normal -1.936419e-14 9.959484e-01 8.992676e-02
    outer loop
      vertex   -5.000000e-01 9.203857e+01 -5.000546e+01
      vertex   5.000000e-01 9.206826e+01 -5.033433e+01
      vertex   -5.000000e-01 9.206826e+01 -5.033433e+01
    endloop
  endfacet
  facet normal -2.051370e-14 9.969053e-01 7.861241e-02
    outer loop
      vertex   -5.000000e-01 9.206826e+01 -5.033433e+01
      vertex   5.000000e-01 9.206826e+01 -5.033433e+01
      vertex   5.000000e-01 9.208814e+01 -5.058642e+01
    endloop
  endfacet
  facet normal -6.348927e-15 9.969053e-01 7.861241e-02
    outer loop
      vertex   -5.000000e-01 9.206826e+01 -5.033433e+01
      vertex   5.000000e-01 9.208814e+01 -5.058642e+01
      vertex   -5.000000e-01 9.208814e+01 -5.058642e+01
    endloop
  endfacet
  facet normal -9.987655e-15 9.991038e-01 4.232645e-02
    outer loop
      vertex   -5.000000e-01 9.208814e+01 -5.058642e+01
      vertex   5.000000e-01 9.208814e+01 -5.058642e+01
      vertex   5.000000e-01 9.210369e+01 -5.095336e+01
    endloop
  endfacet
  facet normal 3.908596e-15 9.991038e-01 4.232645e-02
    outer loop
      vertex   -5.000000e-01 9.208814e+01 -5.058642e+01
      vertex   5.000000e-01 9.210369e+01 -5.095336e+01
      vertex   -5.000000e-01 9.210369e+01 -5.095336e+01
    endloop
  endfacet
  facet normal -6.402774e-16 9.999760e-01 -6.931618e-03
    outer loop
      vertex   -5.000000e-01 9.210369e+01 -5.095336e+01
      vertex   5.000000e-01 9.210369e+01 -5.095336e+01
      vertex   5.000000e-01 9.210245e+01 -5.113187e+01
    endloop
  endfacet
  facet normal -1.083497e-15 9.999760e-01 -6.931618e-03
    outer loop
      vertex   -5.000000e-01 9.210369e+01 -5.095336e+01
      vertex   5.000000e-01 9.210245e+01 -5.113187e+01
      vertex   -5.000000e-01 9.210245e+01 -5.113187e+01
    endloop
  endfacet
  facet normal -1.805105e-15 9.999333e-01 -1.154754e-02
    outer loop
      vertex   -5.000000e-01 9.210245e+01 -5.113187e+01
      vertex   5.000000e-01 9.210245e+01 -5.113187e+01
      vertex   5.000000e-01 9.209974e+01 -5.136605e+01
    endloop
  endfacet
  facet normal -2.461471e-15 9.999333e-01 -1.154754e-02
    outer loop
      vertex   -5.000000e-01 9.210245e+01 -5.113187e+01
      vertex   5.000000e-01 9.209974e+01 -5.136605e+01
      vertex   -5.000000e-01 9.209974e+01 -5.136605e+01
    endloop
  endfacet
  facet normal 2.526452e-16 9.999993e-01 1.185222e-03
    outer loop
      vertex   -5.000000e-01 9.209974e+01 -5.136605e+01
      vertex   5.000000e-01 9.209974e+01 -5.136605e+01
      vertex   5.000000e-01 9.210012e+01 -5.168307e+01
    endloop
  endfacet
  facet normal 3.789747e-16 9.999993e-01 1.185222e-03
    outer loop
      vertex   -5.000000e-01 9.209974e+01 -5.136605e+01
      vertex   5.000000e-01 9.210012e+01 -5.168307e+01
      vertex   -5.000000e-01 9.210012e+01 -5.168307e+01
    endloop
  endfacet
  facet normal 5.991667e-15 9.998244e-01 1.873894e-02
    outer loop
      vertex   -5.000000e-01 9.210012e+01 -5.168307e+01
      vertex   5.000000e-01 9.210012e+01 -5.168307e+01
      vertex   5.000000e-01 9.210812e+01 -5.211008e+01
    endloop
  endfacet
  facet normal -5.287456e-15 9.998244e-01 1.873894e-02
    outer loop
      vertex   -5.000000e-01 9.210012e+01 -5.168307e+01
      vertex   5.000000e-01 9.210812e+01 -5.211008e+01
      vertex   -5.000000e-01 9.210812e+01 -5.211008e+01
    endloop
  endfacet
  facet normal 2.222404e-15 9.994047e-01 3.450127e-02
    outer loop
      vertex   -5.000000e-01 9.210812e+01 -5.211008e+01
      vertex   5.000000e-01 9.210812e+01 -5.211008e+01
      vertex   5.000000e-01 9.212463e+01 -5.258834e+01
    endloop
  endfacet
  facet normal -4.087560e-14 9.994047e-01 3.450127e-02
    outer loop
      vertex   -5.000000e-01 9.210812e+01 -5.211008e+01
      vertex   5.000000e-01 9.212463e+01 -5.258834e+01
      vertex   -5.000000e-01 9.212463e+01 -5.258834e+01
    endloop
  endfacet
  facet normal -3.345269e-14 9.987246e-01 5.048846e-02
    outer loop
      vertex   -5.000000e-01 9.212463e+01 -5.258834e+01
      vertex   5.000000e-01 9.212463e+01 -5.258834e+01
      vertex   5.000000e-01 9.214622e+01 -5.301529e+01
    endloop
  endfacet
  facet normal 4.102466e-15 9.987246e-01 5.048846e-02
    outer loop
      vertex   -5.000000e-01 9.212463e+01 -5.258834e+01
      vertex   5.000000e-01 9.214622e+01 -5.301529e+01
      vertex   -5.000000e-01 9.214622e+01 -5.301529e+01
    endloop
  endfacet
  facet normal 1.076061e-14 9.976293e-01 6.881724e-02
    outer loop
      vertex   -5.000000e-01 9.214622e+01 -5.301529e+01
      vertex   5.000000e-01 9.214622e+01 -5.301529e+01
      vertex   5.000000e-01 9.217254e+01 -5.339684e+01
    endloop
  endfacet
  facet normal 4.449134e-14 9.976293e-01 6.881724e-02
    outer loop
      vertex   -5.000000e-01 9.214622e+01 -5.301529e+01
      vertex   5.000000e-01 9.217254e+01 -5.339684e+01
      vertex   -5.000000e-01 9.217254e+01 -5.339684e+01
    endloop
  endfacet
  facet normal 4.925766e-14 9.960007e-01 8.934534e-02
    outer loop
      vertex   -5.000000e-01 9.217254e+01 -5.339684e+01
      vertex   5.000000e-01 9.217254e+01 -5.339684e+01
      vertex   5.000000e-01 9.220328e+01 -5.373953e+01
    endloop
  endfacet
  facet normal 1.142982e-14 9.960007e-01 8.934534e-02
    outer loop
      vertex   -5.000000e-01 9.217254e+01 -5.339684e+01
      vertex   5.000000e-01 9.220328e+01 -5.373953e+01
      vertex   -5.000000e-01 9.220328e+01 -5.373953e+01
    endloop
  endfacet
  facet normal 1.567714e-14 9.924592e-01 1.225757e-01
    outer loop
      vertex   -5.000000e-01 9.220328e+01 -5.373953e+01
      vertex   5.000000e-01 9.220328e+01 -5.373953e+01
      vertex   5.000000e-01 9.227676e+01 -5.433454e+01
    endloop
  endfacet
  facet normal -2.604118e-15 9.924592e-01 1.225757e-01
    outer loop
      vertex   -5.000000e-01 9.220328e+01 -5.373953e+01
      vertex   5.000000e-01 9.227676e+01 -5.433454e+01
      vertex   -5.000000e-01 9.227676e+01 -5.433454e+01
    endloop
  endfacet
  facet normal 0.000000e+00 4.271274e-01 9.041914e-01
    outer loop
      vertex   5.000000e-01 7.412528e+01 -6.785729e+00
      vertex   5.000000e-01 7.472450e+01 -7.068790e+00
      vertex   -5.000000e-01 7.412528e+01 -6.785729e+00
    endloop
  endfacet
  facet normal 0.000000e+00 4.271274e-01 9.041914e-01
    outer loop
      vertex   -5.000000e-01 7.412528e+01 -6.785729e+00
      vertex   5.000000e-01 7.472450e+01 -7.068790e+00
      vertex   -5.000000e-01 7.472450e+01 -7.068790e+00
    endloop
  endfacet
  facet normal -0.000000e+00 4.141802e-01 9.101949e-01
    outer loop
      vertex   -5.000000e-01 7.472450e+01 -7.068790e+00
      vertex   5.000000e-01 7.472450e+01 -7.068790e+00
      vertex   5.000000e-01 7.527193e+01 -7.317896e+00
    endloop
  endfacet
  facet normal 0.000000e+00 4.141802e-01 9.101949e-01
    outer loop
      vertex   -5.000000e-01 7.472450e+01 -7.068790e+00
      vertex   5.000000e-01 7.527193e+01 -7.317896e+00
      vertex   -5.000000e-01 7.527193e+01 -7.317896e+00
    endloop
  endfacet
  facet normal -0.000000e+00 3.934729e-01 9.193362e-01
    outer loop
      vertex   -5.000000e-01 7.527193e+01 -7.317896e+00
      vertex   5.000000e-01 7.527193e+01 -7.317896e+00
      vertex   5.000000e-01 7.626121e+01 -7.741306e+00
    endloop
  endfacet
  facet normal 0.000000e+00 3.934729e-01 9.193362e-01
    outer loop
      vertex   -5.000000e-01 7.527193e+01 -7.317896e+00
      vertex   5.000000e-01 7.626121e+01 -7.741306e+00
      vertex   -5.000000e-01 7.626121e+01 -7.741306e+00
    endloop
  endfacet
  facet normal -0.000000e+00 3.780392e-01 9.257896e-01
    outer loop
      vertex   -5.000000e-01 7.626121e+01 -7.741306e+00
      vertex   5.000000e-01 7.626121e+01 -7.741306e+00
      vertex   5.000000e-01 7.726294e+01 -8.150354e+00
    endloop
  endfacet
  facet normal 0.000000e+00 3.780392e-01 9.257896e-01
    outer loop
      vertex   -5.000000e-01 7.626121e+01 -7.741306e+00
      vertex   5.000000e-01 7.726294e+01 -8.150354e+00
      vertex   -5.000000e-01 7.726294e+01 -8.150354e+00
    endloop
  endfacet
  facet normal -0.000000e+00 3.798161e-01 9.250620e-01
    outer loop
      vertex   -5.000000e-01 7.726294e+01 -8.150354e+00
      vertex   5.000000e-01 7.726294e+01 -8.150354e+00
      vertex   5.000000e-01 7.782593e+01 -8.381508e+00
    endloop
  endfacet
  facet normal 0.000000e+00 3.798161e-01 9.250620e-01
    outer loop
      vertex   -5.000000e-01 7.726294e+01 -8.150354e+00
      vertex   5.000000e-01 7.782593e+01 -8.381508e+00
      vertex   -5.000000e-01 7.782593e+01 -8.381508e+00
    endloop
  endfacet
  facet normal -0.000000e+00 3.863339e-01 9.223590e-01
    outer loop
      vertex   -5.000000e-01 7.782593e+01 -8.381508e+00
      vertex   5.000000e-01 7.782593e+01 -8.381508e+00
      vertex   5.000000e-01 7.845442e+01 -8.644755e+00
    endloop
  endfacet
  facet normal 0.000000e+00 3.863339e-01 9.223590e-01
    outer loop
      vertex   -5.000000e-01 7.782593e+01 -8.381508e+00
      vertex   5.000000e-01 7.845442e+01 -8.644755e+00
      vertex   -5.000000e-01 7.845442e+01 -8.644755e+00
    endloop
  endfacet
  facet normal -0.000000e+00 4.010401e-01 9.160605e-01
    outer loop
      vertex   -5.000000e-01 7.845442e+01 -8.644755e+00
      vertex   5.000000e-01 7.845442e+01 -8.644755e+00
      vertex   5.000000e-01 7.870369e+01 -8.753880e+00
    endloop
  endfacet
  facet normal 0.000000e+00 4.010401e-01 9.160605e-01
    outer loop
      vertex   -5.000000e-01 7.845442e+01 -8.644755e+00
      vertex   5.000000e-01 7.870369e+01 -8.753880e+00
      vertex   -5.000000e-01 7.870369e+01 -8.753880e+00
    endloop
  endfacet
  facet normal -0.000000e+00 4.460070e-01 8.950295e-01
    outer loop
      vertex   -5.000000e-01 7.870369e+01 -8.753880e+00
      vertex   5.000000e-01 7.870369e+01 -8.753880e+00
      vertex   5.000000e-01 7.889264e+01 -8.848037e+00
    endloop
  endfacet
  facet normal 0.000000e+00 4.460070e-01 8.950295e-01
    outer loop
      vertex   -5.000000e-01 7.870369e+01 -8.753880e+00
      vertex   5.000000e-01 7.889264e+01 -8.848037e+00
      vertex   -5.000000e-01 7.889264e+01 -8.848037e+00
    endloop
  endfacet
  facet normal -0.000000e+00 5.129466e-01 8.584205e-01
    outer loop
      vertex   -5.000000e-01 7.889264e+01 -8.848037e+00
      vertex   5.000000e-01 7.889264e+01 -8.848037e+00
      vertex   5.000000e-01 7.907250e+01 -8.955512e+00
    endloop
  endfacet
  facet normal 0.000000e+00 5.129466e-01 8.584205e-01
    outer loop
      vertex   -5.000000e-01 7.889264e+01 -8.848037e+00
      vertex   5.000000e-01 7.907250e+01 -8.955512e+00
      vertex   -5.000000e-01 7.907250e+01 -8.955512e+00
    endloop
  endfacet
  facet normal -0.000000e+00 5.575006e-01 8.301766e-01
    outer loop
      vertex   -5.000000e-01 7.907250e+01 -8.955512e+00
      vertex   5.000000e-01 7.907250e+01 -8.955512e+00
      vertex   5.000000e-01 7.929449e+01 -9.104590e+00
    endloop
  endfacet
  facet normal 0.000000e+00 5.575006e-01 8.301766e-01
    outer loop
      vertex   -5.000000e-01 7.907250e+01 -8.955512e+00
      vertex   5.000000e-01 7.929449e+01 -9.104590e+00
      vertex   -5.000000e-01 7.929449e+01 -9.104590e+00
    endloop
  endfacet
  facet normal -0.000000e+00 5.524128e-01 8.335707e-01
    outer loop
      vertex   -5.000000e-01 7.929449e+01 -9.104590e+00
      vertex   5.000000e-01 7.929449e+01 -9.104590e+00
      vertex   5.000000e-01 7.986394e+01 -9.481968e+00
    endloop
  endfacet
  facet normal 0.000000e+00 5.524128e-01 8.335707e-01
    outer loop
      vertex   -5.000000e-01 7.929449e+01 -9.104590e+00
      vertex   5.000000e-01 7.986394e+01 -9.481968e+00
      vertex   -5.000000e-01 7.986394e+01 -9.481968e+00
    endloop
  endfacet
  facet normal -0.000000e+00 5.563027e-01 8.309797e-01
    outer loop
      vertex   -5.000000e-01 7.986394e+01 -9.481968e+00
      vertex   5.000000e-01 7.986394e+01 -9.481968e+00
      vertex   5.000000e-01 8.013182e+01 -9.661301e+00
    endloop
  endfacet
  facet normal 0.000000e+00 5.563027e-01 8.309797e-01
    outer loop
      vertex   -5.000000e-01 7.986394e+01 -9.481968e+00
      vertex   5.000000e-01 8.013182e+01 -9.661301e+00
      vertex   -5.000000e-01 8.013182e+01 -9.661301e+00
    endloop
  endfacet
  facet normal -0.000000e+00 6.076093e-01 7.942360e-01
    outer loop
      vertex   -5.000000e-01 8.013182e+01 -9.661301e+00
      vertex   5.000000e-01 8.013182e+01 -9.661301e+00
      vertex   5.000000e-01 8.029907e+01 -9.789254e+00
    endloop
  endfacet
  facet normal 0.000000e+00 6.076093e-01 7.942360e-01
    outer loop
      vertex   -5.000000e-01 8.013182e+01 -9.661301e+00
      vertex   5.000000e-01 8.029907e+01 -9.789254e+00
      vertex   -5.000000e-01 8.029907e+01 -9.789254e+00
    endloop
  endfacet
  facet normal -0.000000e+00 6.376140e-01 7.703560e-01
    outer loop
      vertex   -5.000000e-01 8.029907e+01 -9.789254e+00
      vertex   5.000000e-01 8.029907e+01 -9.789254e+00
      vertex   5.000000e-01 8.052306e+01 -9.974644e+00
    endloop
  endfacet
  facet normal 0.000000e+00 6.376140e-01 7.703560e-01
    outer loop
      vertex   -5.000000e-01 8.029907e+01 -9.789254e+00
      vertex   5.000000e-01 8.052306e+01 -9.974644e+00
      vertex   -5.000000e-01 8.052306e+01 -9.974644e+00
    endloop
  endfacet
  facet normal -0.000000e+00 6.640802e-01 7.476613e-01
    outer loop
      vertex   -5.000000e-01 8.052306e+01 -9.974644e+00
      vertex   5.000000e-01 8.052306e+01 -9.974644e+00
      vertex   5.000000e-01 8.106297e+01 -1.045420e+01
    endloop
  endfacet
  facet normal 0.000000e+00 6.640802e-01 7.476613e-01
    outer loop
      vertex   -5.000000e-01 8.052306e+01 -9.974644e+00
      vertex   5.000000e-01 8.106297e+01 -1.045420e+01
      vertex   -5.000000e-01 8.106297e+01 -1.045420e+01
    endloop
  endfacet
  facet normal -0.000000e+00 6.980643e-01 7.160350e-01
    outer loop
      vertex   -5.000000e-01 8.106297e+01 -1.045420e+01
      vertex   5.000000e-01 8.106297e+01 -1.045420e+01
      vertex   5.000000e-01 8.159480e+01 -1.097268e+01
    endloop
  endfacet
  facet normal 0.000000e+00 6.980643e-01 7.160350e-01
    outer loop
      vertex   -5.000000e-01 8.106297e+01 -1.045420e+01
      vertex   5.000000e-01 8.159480e+01 -1.097268e+01
      vertex   -5.000000e-01 8.159480e+01 -1.097268e+01
    endloop
  endfacet
  facet normal -0.000000e+00 7.531039e-01 6.579015e-01
    outer loop
      vertex   -5.000000e-01 8.159480e+01 -1.097268e+01
      vertex   5.000000e-01 8.159480e+01 -1.097268e+01
      vertex   5.000000e-01 8.202911e+01 -1.146983e+01
    endloop
  endfacet
  facet normal 0.000000e+00 7.531039e-01 6.579015e-01
    outer loop
      vertex   -5.000000e-01 8.159480e+01 -1.097268e+01
      vertex   5.000000e-01 8.202911e+01 -1.146983e+01
      vertex   -5.000000e-01 8.202911e+01 -1.146983e+01
    endloop
  endfacet
  facet normal -0.000000e+00 7.971518e-01 6.037790e-01
    outer loop
      vertex   -5.000000e-01 8.202911e+01 -1.146983e+01
      vertex   5.000000e-01 8.202911e+01 -1.146983e+01
      vertex   5.000000e-01 8.242986e+01 -1.199894e+01
    endloop
  endfacet
  facet normal 0.000000e+00 7.971518e-01 6.037790e-01
    outer loop
      vertex   -5.000000e-01 8.202911e+01 -1.146983e+01
      vertex   5.000000e-01 8.242986e+01 -1.199894e+01
      vertex   -5.000000e-01 8.242986e+01 -1.199894e+01
    endloop
  endfacet
  facet normal -0.000000e+00 8.179521e-01 5.752864e-01
    outer loop
      vertex   -5.000000e-01 8.242986e+01 -1.199894e+01
      vertex   5.000000e-01 8.242986e+01 -1.199894e+01
      vertex   5.000000e-01 8.278391e+01 -1.250234e+01
    endloop
  endfacet
  facet normal 0.000000e+00 8.179521e-01 5.752864e-01
    outer loop
      vertex   -5.000000e-01 8.242986e+01 -1.199894e+01
      vertex   5.000000e-01 8.278391e+01 -1.250234e+01
      vertex   -5.000000e-01 8.278391e+01 -1.250234e+01
    endloop
  endfacet
  facet normal -0.000000e+00 8.278947e-01 5.608835e-01
    outer loop
      vertex   -5.000000e-01 8.278391e+01 -1.250234e+01
      vertex   5.000000e-01 8.278391e+01 -1.250234e+01
      vertex   5.000000e-01 8.308993e+01 -1.295403e+01
    endloop
  endfacet
  facet normal 0.000000e+00 8.278947e-01 5.608835e-01
    outer loop
      vertex   -5.000000e-01 8.278391e+01 -1.250234e+01
      vertex   5.000000e-01 8.308993e+01 -1.295403e+01
      vertex   -5.000000e-01 8.308993e+01 -1.295403e+01
    endloop
  endfacet
  facet normal -0.000000e+00 8.609445e-01 5.086989e-01
    outer loop
      vertex   -5.000000e-01 8.308993e+01 -1.295403e+01
      vertex   5.000000e-01 8.308993e+01 -1.295403e+01
      vertex   5.000000e-01 8.343177e+01 -1.353257e+01
    endloop
  endfacet
  facet normal 0.000000e+00 8.609445e-01 5.086989e-01
    outer loop
      vertex   -5.000000e-01 8.308993e+01 -1.295403e+01
      vertex   5.000000e-01 8.343177e+01 -1.353257e+01
      vertex   -5.000000e-01 8.343177e+01 -1.353257e+01
    endloop
  endfacet
  facet normal -0.000000e+00 8.767602e-01 4.809277e-01
    outer loop
      vertex   -5.000000e-01 8.343177e+01 -1.353257e+01
      vertex   5.000000e-01 8.343177e+01 -1.353257e+01
      vertex   5.000000e-01 8.376527e+01 -1.414058e+01
    endloop
  endfacet
  facet normal 0.000000e+00 8.767602e-01 4.809277e-01
    outer loop
      vertex   -5.000000e-01 8.343177e+01 -1.353257e+01
      vertex   5.000000e-01 8.376527e+01 -1.414058e+01
      vertex   -5.000000e-01 8.376527e+01 -1.414058e+01
    endloop
  endfacet
  facet normal -0.000000e+00 8.864988e-01 4.627310e-01
    outer loop
      vertex   -5.000000e-01 8.376527e+01 -1.414058e+01
      vertex   5.000000e-01 8.376527e+01 -1.414058e+01
      vertex   5.000000e-01 8.404165e+01 -1.467006e+01
    endloop
  endfacet
  facet normal 0.000000e+00 8.864988e-01 4.627310e-01
    outer loop
      vertex   -5.000000e-01 8.376527e+01 -1.414058e+01
      vertex   5.000000e-01 8.404165e+01 -1.467006e+01
      vertex   -5.000000e-01 8.404165e+01 -1.467006e+01
    endloop
  endfacet
  facet normal -0.000000e+00 8.996429e-01 4.366264e-01
    outer loop
      vertex   -5.000000e-01 8.404165e+01 -1.467006e+01
      vertex   5.000000e-01 8.404165e+01 -1.467006e+01
      vertex   5.000000e-01 8.419628e+01 -1.498866e+01
    endloop
  endfacet
  facet normal 0.000000e+00 8.996429e-01 4.366264e-01
    outer loop
      vertex   -5.000000e-01 8.404165e+01 -1.467006e+01
      vertex   5.000000e-01 8.419628e+01 -1.498866e+01
      vertex   -5.000000e-01 8.419628e+01 -1.498866e+01
    endloop
  endfacet
  facet normal -0.000000e+00 9.049992e-01 4.254132e-01
    outer loop
      vertex   -5.000000e-01 8.419628e+01 -1.498866e+01
      vertex   5.000000e-01 8.419628e+01 -1.498866e+01
      vertex   5.000000e-01 8.436087e+01 -1.533881e+01
    endloop
  endfacet
  facet normal 0.000000e+00 9.049992e-01 4.254132e-01
    outer loop
      vertex   -5.000000e-01 8.419628e+01 -1.498866e+01
      vertex   5.000000e-01 8.436087e+01 -1.533881e+01
      vertex   -5.000000e-01 8.436087e+01 -1.533881e+01
    endloop
  endfacet
  facet normal -0.000000e+00 9.096389e-01 4.153999e-01
    outer loop
      vertex   -5.000000e-01 8.436087e+01 -1.533881e+01
      vertex   5.000000e-01 8.436087e+01 -1.533881e+01
      vertex   5.000000e-01 8.468060e+01 -1.603895e+01
    endloop
  endfacet
  facet normal 0.000000e+00 9.096389e-01 4.153999e-01
    outer loop
      vertex   -5.000000e-01 8.436087e+01 -1.533881e+01
      vertex   5.000000e-01 8.468060e+01 -1.603895e+01
      vertex   -5.000000e-01 8.468060e+01 -1.603895e+01
    endloop
  endfacet
  facet normal -0.000000e+00 9.127231e-01 4.085788e-01
    outer loop
      vertex   -5.000000e-01 8.468060e+01 -1.603895e+01
      vertex   5.000000e-01 8.468060e+01 -1.603895e+01
      vertex   5.000000e-01 8.481605e+01 -1.634153e+01
    endloop
  endfacet
  facet normal 0.000000e+00 9.127231e-01 4.085788e-01
    outer loop
      vertex   -5.000000e-01 8.468060e+01 -1.603895e+01
      vertex   5.000000e-01 8.481605e+01 -1.634153e+01
      vertex   -5.000000e-01 8.481605e+01 -1.634153e+01
    endloop
  endfacet
  facet normal -0.000000e+00 9.142534e-01 4.051429e-01
    outer loop
      vertex   -5.000000e-01 8.481605e+01 -1.634153e+01
      vertex   5.000000e-01 8.481605e+01 -1.634153e+01
      vertex   5.000000e-01 8.492211e+01 -1.658086e+01
    endloop
  endfacet
  facet normal 0.000000e+00 9.142534e-01 4.051429e-01
    outer loop
      vertex   -5.000000e-01 8.481605e+01 -1.634153e+01
      vertex   5.000000e-01 8.492211e+01 -1.658086e+01
      vertex   -5.000000e-01 8.492211e+01 -1.658086e+01
    endloop
  endfacet
  facet normal -0.000000e+00 9.158085e-01 4.016152e-01
    outer loop
      vertex   -5.000000e-01 8.492211e+01 -1.658086e+01
      vertex   5.000000e-01 8.492211e+01 -1.658086e+01
      vertex   5.000000e-01 8.498893e+01 -1.673324e+01
    endloop
  endfacet
  facet normal 0.000000e+00 9.158085e-01 4.016152e-01
    outer loop
      vertex   -5.000000e-01 8.492211e+01 -1.658086e+01
      vertex   5.000000e-01 8.498893e+01 -1.673324e+01
      vertex   -5.000000e-01 8.498893e+01 -1.673324e+01
    endloop
  endfacet
  facet normal -0.000000e+00 9.190746e-01 3.940837e-01
    outer loop
      vertex   -5.000000e-01 8.498893e+01 -1.673324e+01
      vertex   5.000000e-01 8.498893e+01 -1.673324e+01
      vertex   5.000000e-01 8.501480e+01 -1.679357e+01
    endloop
  endfacet
  facet normal 0.000000e+00 9.190746e-01 3.940837e-01
    outer loop
      vertex   -5.000000e-01 8.498893e+01 -1.673324e+01
      vertex   5.000000e-01 8.501480e+01 -1.679357e+01
      vertex   -5.000000e-01 8.501480e+01 -1.679357e+01
    endloop
  endfacet
  facet normal -0.000000e+00 9.240464e-01 3.822803e-01
    outer loop
      vertex   -5.000000e-01 8.501480e+01 -1.679357e+01
      vertex   5.000000e-01 8.501480e+01 -1.679357e+01
      vertex   5.000000e-01 8.505702e+01 -1.689562e+01
    endloop
  endfacet
  facet normal 0.000000e+00 9.240464e-01 3.822803e-01
    outer loop
      vertex   -5.000000e-01 8.501480e+01 -1.679357e+01
      vertex   5.000000e-01 8.505702e+01 -1.689562e+01
      vertex   -5.000000e-01 8.505702e+01 -1.689562e+01
    endloop
  endfacet
  facet normal -0.000000e+00 9.304065e-01 3.665292e-01
    outer loop
      vertex   -5.000000e-01 8.505702e+01 -1.689562e+01
      vertex   5.000000e-01 8.505702e+01 -1.689562e+01
      vertex   5.000000e-01 8.514762e+01 -1.712561e+01
    endloop
  endfacet
  facet normal 0.000000e+00 9.304065e-01 3.665292e-01
    outer loop
      vertex   -5.000000e-01 8.505702e+01 -1.689562e+01
      vertex   5.000000e-01 8.514762e+01 -1.712561e+01
      vertex   -5.000000e-01 8.514762e+01 -1.712561e+01
    endloop
  endfacet
  facet normal -0.000000e+00 9.385126e-01 3.452451e-01
    outer loop
      vertex   -5.000000e-01 8.514762e+01 -1.712561e+01
      vertex   5.000000e-01 8.514762e+01 -1.712561e+01
      vertex   5.000000e-01 8.534898e+01 -1.767298e+01
    endloop
  endfacet
  facet normal 0.000000e+00 9.385126e-01 3.452451e-01
    outer loop
      vertex   -5.000000e-01 8.514762e+01 -1.712561e+01
      vertex   5.000000e-01 8.534898e+01 -1.767298e+01
      vertex   -5.000000e-01 8.534898e+01 -1.767298e+01
    endloop
  endfacet
  facet normal -0.000000e+00 9.447639e-01 3.277518e-01
    outer loop
      vertex   -5.000000e-01 8.534898e+01 -1.767298e+01
      vertex   5.000000e-01 8.534898e+01 -1.767298e+01
      vertex   5.000000e-01 8.556863e+01 -1.830613e+01
    endloop
  endfacet
  facet normal 0.000000e+00 9.447639e-01 3.277518e-01
    outer loop
      vertex   -5.000000e-01 8.534898e+01 -1.767298e+01
      vertex   5.000000e-01 8.556863e+01 -1.830613e+01
      vertex   -5.000000e-01 8.556863e+01 -1.830613e+01
    endloop
  endfacet
  facet normal -0.000000e+00 9.498559e-01 3.126879e-01
    outer loop
      vertex   -5.000000e-01 8.556863e+01 -1.830613e+01
      vertex   5.000000e-01 8.556863e+01 -1.830613e+01
      vertex   5.000000e-01 8.602165e+01 -1.968229e+01
    endloop
  endfacet
  facet normal 0.000000e+00 9.498559e-01 3.126879e-01
    outer loop
      vertex   -5.000000e-01 8.556863e+01 -1.830613e+01
      vertex   5.000000e-01 8.602165e+01 -1.968229e+01
      vertex   -5.000000e-01 8.602165e+01 -1.968229e+01
    endloop
  endfacet
  facet normal -0.000000e+00 9.529858e-01 3.030151e-01
    outer loop
      vertex   -5.000000e-01 8.602165e+01 -1.968229e+01
      vertex   5.000000e-01 8.602165e+01 -1.968229e+01
      vertex   5.000000e-01 8.623445e+01 -2.035155e+01
    endloop
  endfacet
  facet normal 0.000000e+00 9.529858e-01 3.030151e-01
    outer loop
      vertex   -5.000000e-01 8.602165e+01 -1.968229e+01
      vertex   5.000000e-01 8.623445e+01 -2.035155e+01
      vertex   -5.000000e-01 8.623445e+01 -2.035155e+01
    endloop
  endfacet
  facet normal -0.000000e+00 9.544426e-01 2.983945e-01
    outer loop
      vertex   -5.000000e-01 8.623445e+01 -2.035155e+01
      vertex   5.000000e-01 8.623445e+01 -2.035155e+01
      vertex   5.000000e-01 8.642439e+01 -2.095909e+01
    endloop
  endfacet
  facet normal 0.000000e+00 9.544426e-01 2.983945e-01
    outer loop
      vertex   -5.000000e-01 8.623445e+01 -2.035155e+01
      vertex   5.000000e-01 8.642439e+01 -2.095909e+01
      vertex   -5.000000e-01 8.642439e+01 -2.095909e+01
    endloop
  endfacet
  facet normal -0.000000e+00 9.556773e-01 2.944161e-01
    outer loop
      vertex   -5.000000e-01 8.642439e+01 -2.095909e+01
      vertex   5.000000e-01 8.642439e+01 -2.095909e+01
      vertex   5.000000e-01 8.658118e+01 -2.146803e+01
    endloop
  endfacet
  facet normal 0.000000e+00 9.556773e-01 2.944161e-01
    outer loop
      vertex   -5.000000e-01 8.642439e+01 -2.095909e+01
      vertex   5.000000e-01 8.658118e+01 -2.146803e+01
      vertex   -5.000000e-01 8.658118e+01 -2.146803e+01
    endloop
  endfacet
  facet normal -0.000000e+00 9.565944e-01 2.914225e-01
    outer loop
      vertex   -5.000000e-01 8.658118e+01 -2.146803e+01
      vertex   5.000000e-01 8.658118e+01 -2.146803e+01
      vertex   5.000000e-01 8.664393e+01 -2.167400e+01
    endloop
  endfacet
  facet normal 0.000000e+00 9.565944e-01 2.914225e-01
    outer loop
      vertex   -5.000000e-01 8.658118e+01 -2.146803e+01
      vertex   5.000000e-01 8.664393e+01 -2.167400e+01
      vertex   -5.000000e-01 8.664393e+01 -2.167400e+01
    endloop
  endfacet
  facet normal -0.000000e+00 9.572664e-01 2.892076e-01
    outer loop
      vertex   -5.000000e-01 8.664393e+01 -2.167400e+01
      vertex   5.000000e-01 8.664393e+01 -2.167400e+01
      vertex   5.000000e-01 8.669454e+01 -2.184150e+01
    endloop
  endfacet
  facet normal 0.000000e+00 9.572664e-01 2.892076e-01
    outer loop
      vertex   -5.000000e-01 8.664393e+01 -2.167400e+01
      vertex   5.000000e-01 8.669454e+01 -2.184150e+01
      vertex   -5.000000e-01 8.669454e+01 -2.184150e+01
    endloop
  endfacet
  facet normal -0.000000e+00 9.579584e-01 2.869071e-01
    outer loop
      vertex   -5.000000e-01 8.669454e+01 -2.184150e+01
      vertex   5.000000e-01 8.669454e+01 -2.184150e+01
      vertex   5.000000e-01 8.673565e+01 -2.197879e+01
    endloop
  endfacet
  facet normal 0.000000e+00 9.579584e-01 2.869071e-01
    outer loop
      vertex   -5.000000e-01 8.669454e+01 -2.184150e+01
      vertex   5.000000e-01 8.673565e+01 -2.197879e+01
      vertex   -5.000000e-01 8.673565e+01 -2.197879e+01
    endloop
  endfacet
  facet normal -0.000000e+00 9.585604e-01 2.848894e-01
    outer loop
      vertex   -5.000000e-01 8.673565e+01 -2.197879e+01
      vertex   5.000000e-01 8.673565e+01 -2.197879e+01
      vertex   5.000000e-01 8.679016e+01 -2.216218e+01
    endloop
  endfacet
  facet normal 0.000000e+00 9.585604e-01 2.848894e-01
    outer loop
      vertex   -5.000000e-01 8.673565e+01 -2.197879e+01
      vertex   5.000000e-01 8.679016e+01 -2.216218e+01
      vertex   -5.000000e-01 8.679016e+01 -2.216218e+01
    endloop
  endfacet
  facet normal -0.000000e+00 9.602990e-01 2.789727e-01
    outer loop
      vertex   -5.000000e-01 8.679016e+01 -2.216218e+01
      vertex   5.000000e-01 8.679016e+01 -2.216218e+01
      vertex   5.000000e-01 8.686167e+01 -2.240833e+01
    endloop
  endfacet
  facet normal 0.000000e+00 9.602990e-01 2.789727e-01
    outer loop
      vertex   -5.000000e-01 8.679016e+01 -2.216218e+01
      vertex   5.000000e-01 8.686167e+01 -2.240833e+01
      vertex   -5.000000e-01 8.686167e+01 -2.240833e+01
    endloop
  endfacet
  facet normal -0.000000e+00 9.625118e-01 2.712398e-01
    outer loop
      vertex   -5.000000e-01 8.686167e+01 -2.240833e+01
      vertex   5.000000e-01 8.686167e+01 -2.240833e+01
      vertex   5.000000e-01 8.694983e+01 -2.272118e+01
    endloop
  endfacet
  facet normal 0.000000e+00 9.625118e-01 2.712398e-01
    outer loop
      vertex   -5.000000e-01 8.686167e+01 -2.240833e+01
      vertex   5.000000e-01 8.694983e+01 -2.272118e+01
      vertex   -5.000000e-01 8.694983e+01 -2.272118e+01
    endloop
  endfacet
  facet normal -0.000000e+00 9.648403e-01 2.628369e-01
    outer loop
      vertex   -5.000000e-01 8.694983e+01 -2.272118e+01
      vertex   5.000000e-01 8.694983e+01 -2.272118e+01
      vertex   5.000000e-01 8.705431e+01 -2.310472e+01
    endloop
  endfacet
  facet normal 0.000000e+00 9.648403e-01 2.628369e-01
    outer loop
      vertex   -5.000000e-01 8.694983e+01 -2.272118e+01
      vertex   5.000000e-01 8.705431e+01 -2.310472e+01
      vertex   -5.000000e-01 8.705431e+01 -2.310472e+01
    endloop
  endfacet
  facet normal -0.000000e+00 9.671358e-01 2.542605e-01
    outer loop
      vertex   -5.000000e-01 8.705431e+01 -2.310472e+01
      vertex   5.000000e-01 8.705431e+01 -2.310472e+01
      vertex   5.000000e-01 8.717477e+01 -2.356292e+01
    endloop
  endfacet
  facet normal 0.000000e+00 9.671358e-01 2.542605e-01
    outer loop
      vertex   -5.000000e-01 8.705431e+01 -2.310472e+01
      vertex   5.000000e-01 8.717477e+01 -2.356292e+01
      vertex   -5.000000e-01 8.717477e+01 -2.356292e+01
    endloop
  endfacet
  facet normal -0.000000e+00 9.693334e-01 2.457495e-01
    outer loop
      vertex   -5.000000e-01 8.717477e+01 -2.356292e+01
      vertex   5.000000e-01 8.717477e+01 -2.356292e+01
      vertex   5.000000e-01 8.731087e+01 -2.409974e+01
    endloop
  endfacet
  facet normal 0.000000e+00 9.693334e-01 2.457495e-01
    outer loop
      vertex   -5.000000e-01 8.717477e+01 -2.356292e+01
      vertex   5.000000e-01 8.731087e+01 -2.409974e+01
      vertex   -5.000000e-01 8.731087e+01 -2.409974e+01
    endloop
  endfacet
  facet normal -0.000000e+00 9.714059e-01 2.374250e-01
    outer loop
      vertex   -5.000000e-01 8.731087e+01 -2.409974e+01
      vertex   5.000000e-01 8.731087e+01 -2.409974e+01
      vertex   5.000000e-01 8.746226e+01 -2.471915e+01
    endloop
  endfacet
  facet normal 0.000000e+00 9.714059e-01 2.374250e-01
    outer loop
      vertex   -5.000000e-01 8.731087e+01 -2.409974e+01
      vertex   5.000000e-01 8.746226e+01 -2.471915e+01
      vertex   -5.000000e-01 8.746226e+01 -2.471915e+01
    endloop
  endfacet
  facet normal -0.000000e+00 9.733443e-01 2.293487e-01
    outer loop
      vertex   -5.000000e-01 8.746226e+01 -2.471915e+01
      vertex   5.000000e-01 8.746226e+01 -2.471915e+01
      vertex   5.000000e-01 8.762861e+01 -2.542513e+01
    endloop
  endfacet
  facet normal 0.000000e+00 9.733443e-01 2.293487e-01
    outer loop
      vertex   -5.000000e-01 8.746226e+01 -2.471915e+01
      vertex   5.000000e-01 8.762861e+01 -2.542513e+01
      vertex   -5.000000e-01 8.762861e+01 -2.542513e+01
    endloop
  endfacet
  facet normal -0.000000e+00 9.751489e-01 2.215505e-01
    outer loop
      vertex   -5.000000e-01 8.762861e+01 -2.542513e+01
      vertex   5.000000e-01 8.762861e+01 -2.542513e+01
      vertex   5.000000e-01 8.780958e+01 -2.622164e+01
    endloop
  endfacet
  facet normal 0.000000e+00 9.751489e-01 2.215505e-01
    outer loop
      vertex   -5.000000e-01 8.762861e+01 -2.542513e+01
      vertex   5.000000e-01 8.780958e+01 -2.622164e+01
      vertex   -5.000000e-01 8.780958e+01 -2.622164e+01
    endloop
  endfacet
  facet normal -0.000000e+00 9.768244e-01 2.140422e-01
    outer loop
      vertex   -5.000000e-01 8.780958e+01 -2.622164e+01
      vertex   5.000000e-01 8.780958e+01 -2.622164e+01
      vertex   5.000000e-01 8.800482e+01 -2.711266e+01
    endloop
  endfacet
  facet normal 0.000000e+00 9.768244e-01 2.140422e-01
    outer loop
      vertex   -5.000000e-01 8.780958e+01 -2.622164e+01
      vertex   5.000000e-01 8.800482e+01 -2.711266e+01
      vertex   -5.000000e-01 8.800482e+01 -2.711266e+01
    endloop
  endfacet
  facet normal -0.000000e+00 9.783779e-01 2.068253e-01
    outer loop
      vertex   -5.000000e-01 8.800482e+01 -2.711266e+01
      vertex   5.000000e-01 8.800482e+01 -2.711266e+01
      vertex   5.000000e-01 8.821399e+01 -2.810215e+01
    endloop
  endfacet
  facet normal 0.000000e+00 9.783779e-01 2.068253e-01
    outer loop
      vertex   -5.000000e-01 8.800482e+01 -2.711266e+01
      vertex   5.000000e-01 8.821399e+01 -2.810215e+01
      vertex   -5.000000e-01 8.821399e+01 -2.810215e+01
    endloop
  endfacet
  facet normal -0.000000e+00 9.798173e-01 1.998952e-01
    outer loop
      vertex   -5.000000e-01 8.821399e+01 -2.810215e+01
      vertex   5.000000e-01 8.821399e+01 -2.810215e+01
      vertex   5.000000e-01 8.843676e+01 -2.919408e+01
    endloop
  endfacet
  facet normal 0.000000e+00 9.798173e-01 1.998952e-01
    outer loop
      vertex   -5.000000e-01 8.821399e+01 -2.810215e+01
      vertex   5.000000e-01 8.843676e+01 -2.919408e+01
      vertex   -5.000000e-01 8.843676e+01 -2.919408e+01
    endloop
  endfacet
  facet normal -0.000000e+00 9.811508e-01 1.932437e-01
    outer loop
      vertex   -5.000000e-01 8.843676e+01 -2.919408e+01
      vertex   5.000000e-01 8.843676e+01 -2.919408e+01
      vertex   5.000000e-01 8.867278e+01 -3.039243e+01
    endloop
  endfacet
  facet normal 0.000000e+00 9.811508e-01 1.932437e-01
    outer loop
      vertex   -5.000000e-01 8.843676e+01 -2.919408e+01
      vertex   5.000000e-01 8.867278e+01 -3.039243e+01
      vertex   -5.000000e-01 8.867278e+01 -3.039243e+01
    endloop
  endfacet
  facet normal -0.000000e+00 9.820837e-01 1.884453e-01
    outer loop
      vertex   -5.000000e-01 8.867278e+01 -3.039243e+01
      vertex   5.000000e-01 8.867278e+01 -3.039243e+01
      vertex   5.000000e-01 8.879466e+01 -3.102760e+01
    endloop
  endfacet
  facet normal 0.000000e+00 9.820837e-01 1.884453e-01
    outer loop
      vertex   -5.000000e-01 8.867278e+01 -3.039243e+01
      vertex   5.000000e-01 8.879466e+01 -3.102760e+01
      vertex   -5.000000e-01 8.879466e+01 -3.102760e+01
    endloop
  endfacet
  facet normal -0.000000e+00 9.827612e-01 1.848796e-01
    outer loop
      vertex   -5.000000e-01 8.879466e+01 -3.102760e+01
      vertex   5.000000e-01 8.879466e+01 -3.102760e+01
      vertex   5.000000e-01 8.890496e+01 -3.161393e+01
    endloop
  endfacet
  facet normal 0.000000e+00 9.827612e-01 1.848796e-01
    outer loop
      vertex   -5.000000e-01 8.879466e+01 -3.102760e+01
      vertex   5.000000e-01 8.890496e+01 -3.161393e+01
      vertex   -5.000000e-01 8.890496e+01 -3.161393e+01
    endloop
  endfacet
  facet normal -0.000000e+00 9.835193e-01 1.808030e-01
    outer loop
      vertex   -5.000000e-01 8.890496e+01 -3.161393e+01
      vertex   5.000000e-01 8.890496e+01 -3.161393e+01
      vertex   5.000000e-01 8.900058e+01 -3.213408e+01
    endloop
  endfacet
  facet normal -2.101880e-14 9.835193e-01 1.808030e-01
    outer loop
      vertex   -5.000000e-01 8.890496e+01 -3.161393e+01
      vertex   5.000000e-01 8.900058e+01 -3.213408e+01
      vertex   -5.000000e-01 8.900058e+01 -3.213408e+01
    endloop
  endfacet
  facet normal -1.942991e-14 9.843299e-01 1.763366e-01
    outer loop
      vertex   -5.000000e-01 8.900058e+01 -3.213408e+01
      vertex   5.000000e-01 8.900058e+01 -3.213408e+01
      vertex   5.000000e-01 8.908321e+01 -3.259532e+01
    endloop
  endfacet
  facet normal -3.987784e-14 9.843299e-01 1.763366e-01
    outer loop
      vertex   -5.000000e-01 8.900058e+01 -3.213408e+01
      vertex   5.000000e-01 8.908321e+01 -3.259532e+01
      vertex   -5.000000e-01 8.908321e+01 -3.259532e+01
    endloop
  endfacet
  facet normal -3.841479e-14 9.851750e-01 1.715524e-01
    outer loop
      vertex   -5.000000e-01 8.908321e+01 -3.259532e+01
      vertex   5.000000e-01 8.908321e+01 -3.259532e+01
      vertex   5.000000e-01 8.915454e+01 -3.300495e+01
    endloop
  endfacet
  facet normal 7.242849e-15 9.851750e-01 1.715524e-01
    outer loop
      vertex   -5.000000e-01 8.908321e+01 -3.259532e+01
      vertex   5.000000e-01 8.915454e+01 -3.300495e+01
      vertex   -5.000000e-01 8.915454e+01 -3.300495e+01
    endloop
  endfacet
  facet normal 8.697144e-15 9.860238e-01 1.666044e-01
    outer loop
      vertex   -5.000000e-01 8.915454e+01 -3.300495e+01
      vertex   5.000000e-01 8.915454e+01 -3.300495e+01
      vertex   5.000000e-01 8.921626e+01 -3.337022e+01
    endloop
  endfacet
  facet normal 1.284958e-14 9.860238e-01 1.666044e-01
    outer loop
      vertex   -5.000000e-01 8.915454e+01 -3.300495e+01
      vertex   5.000000e-01 8.921626e+01 -3.337022e+01
      vertex   -5.000000e-01 8.921626e+01 -3.337022e+01
    endloop
  endfacet
  facet normal 1.650076e-14 9.871664e-01 1.596952e-01
    outer loop
      vertex   -5.000000e-01 8.921626e+01 -3.337022e+01
      vertex   5.000000e-01 8.921626e+01 -3.337022e+01
      vertex   5.000000e-01 8.931762e+01 -3.399679e+01
    endloop
  endfacet
  facet normal -9.707887e-15 9.871664e-01 1.596952e-01
    outer loop
      vertex   -5.000000e-01 8.921626e+01 -3.337022e+01
      vertex   5.000000e-01 8.931762e+01 -3.399679e+01
      vertex   -5.000000e-01 8.931762e+01 -3.399679e+01
    endloop
  endfacet
  facet normal -6.985201e-15 9.881872e-01 1.532513e-01
    outer loop
      vertex   -5.000000e-01 8.931762e+01 -3.399679e+01
      vertex   5.000000e-01 8.931762e+01 -3.399679e+01
      vertex   5.000000e-01 8.940081e+01 -3.453322e+01
    endloop
  endfacet
  facet normal 1.360059e-14 9.881872e-01 1.532513e-01
    outer loop
      vertex   -5.000000e-01 8.931762e+01 -3.399679e+01
      vertex   5.000000e-01 8.940081e+01 -3.453322e+01
      vertex   -5.000000e-01 8.940081e+01 -3.453322e+01
    endloop
  endfacet
  facet normal 1.337079e-14 9.880972e-01 1.538308e-01
    outer loop
      vertex   -5.000000e-01 8.940081e+01 -3.453322e+01
      vertex   5.000000e-01 8.940081e+01 -3.453322e+01
      vertex   5.000000e-01 8.947935e+01 -3.503769e+01
    endloop
  endfacet
  facet normal -1.436562e-14 9.880972e-01 1.538308e-01
    outer loop
      vertex   -5.000000e-01 8.940081e+01 -3.453322e+01
      vertex   5.000000e-01 8.947935e+01 -3.503769e+01
      vertex   -5.000000e-01 8.947935e+01 -3.503769e+01
    endloop
  endfacet
  facet normal -1.599901e-14 9.867081e-01 1.625029e-01
    outer loop
      vertex   -5.000000e-01 8.947935e+01 -3.503769e+01
      vertex   5.000000e-01 8.947935e+01 -3.503769e+01
      vertex   5.000000e-01 8.956675e+01 -3.556840e+01
    endloop
  endfacet
  facet normal 0.000000e+00 9.867081e-01 1.625029e-01
    outer loop
      vertex   -5.000000e-01 8.947935e+01 -3.503769e+01
      vertex   5.000000e-01 8.956675e+01 -3.556840e+01
      vertex   -5.000000e-01 8.956675e+01 -3.556840e+01
    endloop
  endfacet
  facet normal -0.000000e+00 9.849544e-01 1.728145e-01
    outer loop
      vertex   -5.000000e-01 8.956675e+01 -3.556840e+01
      vertex   5.000000e-01 8.956675e+01 -3.556840e+01
      vertex   5.000000e-01 8.961850e+01 -3.586336e+01
    endloop
  endfacet
  facet normal -1.399523e-14 9.849544e-01 1.728145e-01
    outer loop
      vertex   -5.000000e-01 8.956675e+01 -3.556840e+01
      vertex   5.000000e-01 8.961850e+01 -3.586336e+01
      vertex   -5.000000e-01 8.961850e+01 -3.586336e+01
    endloop
  endfacet
  facet normal -1.396090e-14 9.824107e-01 1.867331e-01
    outer loop
      vertex   -5.000000e-01 8.961850e+01 -3.586336e+01
      vertex   5.000000e-01 8.961850e+01 -3.586336e+01
      vertex   5.000000e-01 8.968306e+01 -3.620301e+01
    endloop
  endfacet
  facet normal 0.000000e+00 9.824107e-01 1.867331e-01
    outer loop
      vertex   -5.000000e-01 8.961850e+01 -3.586336e+01
      vertex   5.000000e-01 8.968306e+01 -3.620301e+01
      vertex   -5.000000e-01 8.968306e+01 -3.620301e+01
    endloop
  endfacet
  facet normal -0.000000e+00 9.802006e-01 1.980072e-01
    outer loop
      vertex   -5.000000e-01 8.968306e+01 -3.620301e+01
      vertex   5.000000e-01 8.968306e+01 -3.620301e+01
      vertex   5.000000e-01 8.976029e+01 -3.658530e+01
    endloop
  endfacet
  facet normal -3.756688e-14 9.802006e-01 1.980072e-01
    outer loop
      vertex   -5.000000e-01 8.968306e+01 -3.620301e+01
      vertex   5.000000e-01 8.976029e+01 -3.658530e+01
      vertex   -5.000000e-01 8.976029e+01 -3.658530e+01
    endloop
  endfacet
  facet normal -3.732229e-14 9.785190e-01 2.061565e-01
    outer loop
      vertex   -5.000000e-01 8.976029e+01 -3.658530e+01
      vertex   5.000000e-01 8.976029e+01 -3.658530e+01
      vertex   5.000000e-01 8.984789e+01 -3.700112e+01
    endloop
  endfacet
  facet normal -3.732796e-14 9.785190e-01 2.061565e-01
    outer loop
      vertex   -5.000000e-01 8.976029e+01 -3.658530e+01
      vertex   5.000000e-01 8.984789e+01 -3.700112e+01
      vertex   -5.000000e-01 8.984789e+01 -3.700112e+01
    endloop
  endfacet
  facet normal -3.705237e-14 9.766127e-01 2.150062e-01
    outer loop
      vertex   -5.000000e-01 8.984789e+01 -3.700112e+01
      vertex   5.000000e-01 8.984789e+01 -3.700112e+01
      vertex   5.000000e-01 9.004511e+01 -3.789692e+01
    endloop
  endfacet
  facet normal -5.870337e-14 9.766127e-01 2.150062e-01
    outer loop
      vertex   -5.000000e-01 8.984789e+01 -3.700112e+01
      vertex   5.000000e-01 9.004511e+01 -3.789692e+01
      vertex   -5.000000e-01 9.004511e+01 -3.789692e+01
    endloop
  endfacet
  facet normal -5.812584e-14 9.746532e-01 2.237211e-01
    outer loop
      vertex   -5.000000e-01 9.004511e+01 -3.789692e+01
      vertex   5.000000e-01 9.004511e+01 -3.789692e+01
      vertex   5.000000e-01 9.025644e+01 -3.881758e+01
    endloop
  endfacet
  facet normal -6.719930e-14 9.746532e-01 2.237211e-01
    outer loop
      vertex   -5.000000e-01 9.004511e+01 -3.789692e+01
      vertex   5.000000e-01 9.025644e+01 -3.881758e+01
      vertex   -5.000000e-01 9.025644e+01 -3.881758e+01
    endloop
  endfacet
  facet normal -6.654802e-14 9.729603e-01 2.309723e-01
    outer loop
      vertex   -5.000000e-01 9.025644e+01 -3.881758e+01
      vertex   5.000000e-01 9.025644e+01 -3.881758e+01
      vertex   5.000000e-01 9.046361e+01 -3.969028e+01
    endloop
  endfacet
  facet normal -7.216216e-14 9.729603e-01 2.309723e-01
    outer loop
      vertex   -5.000000e-01 9.025644e+01 -3.881758e+01
      vertex   5.000000e-01 9.046361e+01 -3.969028e+01
      vertex   -5.000000e-01 9.046361e+01 -3.969028e+01
    endloop
  endfacet
  facet normal -7.143991e-14 9.716174e-01 2.365580e-01
    outer loop
      vertex   -5.000000e-01 9.046361e+01 -3.969028e+01
      vertex   5.000000e-01 9.046361e+01 -3.969028e+01
      vertex   5.000000e-01 9.055993e+01 -4.008589e+01
    endloop
  endfacet
  facet normal -6.472644e-14 9.716174e-01 2.365580e-01
    outer loop
      vertex   -5.000000e-01 9.046361e+01 -3.969028e+01
      vertex   5.000000e-01 9.055993e+01 -4.008589e+01
      vertex   -5.000000e-01 9.055993e+01 -4.008589e+01
    endloop
  endfacet
  facet normal -6.402886e-14 9.705573e-01 2.408705e-01
    outer loop
      vertex   -5.000000e-01 9.055993e+01 -4.008589e+01
      vertex   5.000000e-01 9.055993e+01 -4.008589e+01
      vertex   5.000000e-01 9.064835e+01 -4.044218e+01
    endloop
  endfacet
  facet normal -5.024025e-14 9.705573e-01 2.408705e-01
    outer loop
      vertex   -5.000000e-01 9.055993e+01 -4.008589e+01
      vertex   5.000000e-01 9.064835e+01 -4.044218e+01
      vertex   -5.000000e-01 9.064835e+01 -4.044218e+01
    endloop
  endfacet
  facet normal -4.938431e-14 9.691890e-01 2.463181e-01
    outer loop
      vertex   -5.000000e-01 9.064835e+01 -4.044218e+01
      vertex   5.000000e-01 9.064835e+01 -4.044218e+01
      vertex   5.000000e-01 9.072660e+01 -4.075008e+01
    endloop
  endfacet
  facet normal -1.575930e-14 9.691890e-01 2.463181e-01
    outer loop
      vertex   -5.000000e-01 9.064835e+01 -4.044218e+01
      vertex   5.000000e-01 9.072660e+01 -4.075008e+01
      vertex   -5.000000e-01 9.072660e+01 -4.075008e+01
    endloop
  endfacet
  facet normal -1.625182e-14 9.671680e-01 2.541378e-01
    outer loop
      vertex   -5.000000e-01 9.072660e+01 -4.075008e+01
      vertex   5.000000e-01 9.072660e+01 -4.075008e+01
      vertex   5.000000e-01 9.079239e+01 -4.100046e+01
    endloop
  endfacet
  facet normal 0.000000e+00 9.671680e-01 2.541378e-01
    outer loop
      vertex   -5.000000e-01 9.072660e+01 -4.075008e+01
      vertex   5.000000e-01 9.079239e+01 -4.100046e+01
      vertex   -5.000000e-01 9.079239e+01 -4.100046e+01
    endloop
  endfacet
  facet normal -0.000000e+00 2.517190e-01 9.678004e-01
    outer loop
      vertex   -5.000000e-01 7.412528e+01 -6.785729e+00
      vertex   -5.000000e-01 7.361672e+01 -6.653455e+00
      vertex   5.000000e-01 7.412528e+01 -6.785729e+00
    endloop
  endfacet
  facet normal 0.000000e+00 2.517190e-01 9.678004e-01
    outer loop
      vertex   5.000000e-01 7.412528e+01 -6.785729e+00
      vertex   -5.000000e-01 7.361672e+01 -6.653455e+00
      vertex   5.000000e-01 7.361672e+01 -6.653455e+00
    endloop
  endfacet
  facet normal 0.000000e+00 2.421392e-01 9.702415e-01
    outer loop
      vertex   5.000000e-01 7.361672e+01 -6.653455e+00
      vertex   -5.000000e-01 7.361672e+01 -6.653455e+00
      vertex   -5.000000e-01 7.306509e+01 -6.515786e+00
    endloop
  endfacet
  facet normal 0.000000e+00 2.421392e-01 9.702415e-01
    outer loop
      vertex   5.000000e-01 7.361672e+01 -6.653455e+00
      vertex   -5.000000e-01 7.306509e+01 -6.515786e+00
      vertex   5.000000e-01 7.306509e+01 -6.515786e+00
    endloop
  endfacet
  facet normal 0.000000e+00 2.346434e-01 9.720815e-01
    outer loop
      vertex   5.000000e-01 7.306509e+01 -6.515786e+00
      vertex   -5.000000e-01 7.306509e+01 -6.515786e+00
      vertex   -5.000000e-01 7.247135e+01 -6.372468e+00
    endloop
  endfacet
  facet normal 0.000000e+00 2.346434e-01 9.720815e-01
    outer loop
      vertex   5.000000e-01 7.306509e+01 -6.515786e+00
      vertex   -5.000000e-01 7.247135e+01 -6.372468e+00
      vertex   5.000000e-01 7.247135e+01 -6.372468e+00
    endloop
  endfacet
  facet normal 0.000000e+00 2.286594e-01 9.735065e-01
    outer loop
      vertex   5.000000e-01 7.247135e+01 -6.372468e+00
      vertex   -5.000000e-01 7.247135e+01 -6.372468e+00
      vertex   -5.000000e-01 7.220786e+01 -6.310579e+00
    endloop
  endfacet
  facet normal 0.000000e+00 2.286594e-01 9.735065e-01
    outer loop
      vertex   5.000000e-01 7.247135e+01 -6.372468e+00
      vertex   -5.000000e-01 7.220786e+01 -6.310579e+00
      vertex   5.000000e-01 7.220786e+01 -6.310579e+00
    endloop
  endfacet
  facet normal 0.000000e+00 2.217485e-01 9.751039e-01
    outer loop
      vertex   5.000000e-01 7.220786e+01 -6.310579e+00
      vertex   -5.000000e-01 7.220786e+01 -6.310579e+00
      vertex   -5.000000e-01 7.199520e+01 -6.262218e+00
    endloop
  endfacet
  facet normal 0.000000e+00 2.217485e-01 9.751039e-01
    outer loop
      vertex   5.000000e-01 7.220786e+01 -6.310579e+00
      vertex   -5.000000e-01 7.199520e+01 -6.262218e+00
      vertex   5.000000e-01 7.199520e+01 -6.262218e+00
    endloop
  endfacet
  facet normal 0.000000e+00 2.111143e-01 9.774614e-01
    outer loop
      vertex   5.000000e-01 7.199520e+01 -6.262218e+00
      vertex   -5.000000e-01 7.199520e+01 -6.262218e+00
      vertex   -5.000000e-01 7.182720e+01 -6.225933e+00
    endloop
  endfacet
  facet normal 0.000000e+00 2.111143e-01 9.774614e-01
    outer loop
      vertex   5.000000e-01 7.199520e+01 -6.262218e+00
      vertex   -5.000000e-01 7.182720e+01 -6.225933e+00
      vertex   5.000000e-01 7.182720e+01 -6.225933e+00
    endloop
  endfacet
  facet normal 0.000000e+00 1.943568e-01 9.809309e-01
    outer loop
      vertex   5.000000e-01 7.182720e+01 -6.225933e+00
      vertex   -5.000000e-01 7.182720e+01 -6.225933e+00
      vertex   -5.000000e-01 7.169771e+01 -6.200277e+00
    endloop
  endfacet
  facet normal 0.000000e+00 1.943568e-01 9.809309e-01
    outer loop
      vertex   5.000000e-01 7.182720e+01 -6.225933e+00
      vertex   -5.000000e-01 7.169771e+01 -6.200277e+00
      vertex   5.000000e-01 7.169771e+01 -6.200277e+00
    endloop
  endfacet
  facet normal 0.000000e+00 1.484115e-01 9.889257e-01
    outer loop
      vertex   5.000000e-01 7.169771e+01 -6.200277e+00
      vertex   -5.000000e-01 7.169771e+01 -6.200277e+00
      vertex   -5.000000e-01 7.152964e+01 -6.175054e+00
    endloop
  endfacet
  facet normal 0.000000e+00 1.484115e-01 9.889257e-01
    outer loop
      vertex   5.000000e-01 7.169771e+01 -6.200277e+00
      vertex   -5.000000e-01 7.152964e+01 -6.175054e+00
      vertex   5.000000e-01 7.152964e+01 -6.175054e+00
    endloop
  endfacet
  facet normal 0.000000e+00 4.807678e-02 9.988436e-01
    outer loop
      vertex   5.000000e-01 7.152964e+01 -6.175054e+00
      vertex   -5.000000e-01 7.152964e+01 -6.175054e+00
      vertex   -5.000000e-01 7.147853e+01 -6.172594e+00
    endloop
  endfacet
  facet normal 0.000000e+00 4.807678e-02 9.988436e-01
    outer loop
      vertex   5.000000e-01 7.152964e+01 -6.175054e+00
      vertex   -5.000000e-01 7.147853e+01 -6.172594e+00
      vertex   5.000000e-01 7.147853e+01 -6.172594e+00
    endloop
  endfacet
  facet normal 0.000000e+00 -7.839008e-02 9.969228e-01
    outer loop
      vertex   5.000000e-01 7.147853e+01 -6.172594e+00
      vertex   -5.000000e-01 7.147853e+01 -6.172594e+00
      vertex   -5.000000e-01 7.144152e+01 -6.175505e+00
    endloop
  endfacet
  facet normal 0.000000e+00 -7.839008e-02 9.969228e-01
    outer loop
      vertex   5.000000e-01 7.147853e+01 -6.172594e+00
      vertex   -5.000000e-01 7.144152e+01 -6.175505e+00
      vertex   5.000000e-01 7.144152e+01 -6.175505e+00
    endloop
  endfacet
  facet normal 0.000000e+00 -2.384482e-01 9.711552e-01
    outer loop
      vertex   5.000000e-01 7.144152e+01 -6.175505e+00
      vertex   -5.000000e-01 7.144152e+01 -6.175505e+00
      vertex   -5.000000e-01 7.142761e+01 -6.178918e+00
    endloop
  endfacet
  facet normal 0.000000e+00 -2.384482e-01 9.711552e-01
    outer loop
      vertex   5.000000e-01 7.144152e+01 -6.175505e+00
      vertex   -5.000000e-01 7.142761e+01 -6.178918e+00
      vertex   5.000000e-01 7.142761e+01 -6.178918e+00
    endloop
  endfacet
  facet normal 0.000000e+00 -3.926729e-01 9.196782e-01
    outer loop
      vertex   5.000000e-01 7.142761e+01 -6.178918e+00
      vertex   -5.000000e-01 7.142761e+01 -6.178918e+00
      vertex   -5.000000e-01 7.141611e+01 -6.183831e+00
    endloop
  endfacet
  facet normal 0.000000e+00 -3.926729e-01 9.196782e-01
    outer loop
      vertex   5.000000e-01 7.142761e+01 -6.178918e+00
      vertex   -5.000000e-01 7.141611e+01 -6.183831e+00
      vertex   5.000000e-01 7.141611e+01 -6.183831e+00
    endloop
  endfacet
  facet normal 0.000000e+00 -5.383677e-01 8.427100e-01
    outer loop
      vertex   5.000000e-01 7.141611e+01 -6.183831e+00
      vertex   -5.000000e-01 7.141611e+01 -6.183831e+00
      vertex   -5.000000e-01 7.141112e+01 -6.187014e+00
    endloop
  endfacet
  facet normal 0.000000e+00 -5.383677e-01 8.427100e-01
    outer loop
      vertex   5.000000e-01 7.141611e+01 -6.183831e+00
      vertex   -5.000000e-01 7.141112e+01 -6.187014e+00
      vertex   5.000000e-01 7.141112e+01 -6.187014e+00
    endloop
  endfacet
  facet normal 0.000000e+00 -6.474940e-01 7.620705e-01
    outer loop
      vertex   5.000000e-01 7.141112e+01 -6.187014e+00
      vertex   -5.000000e-01 7.141112e+01 -6.187014e+00
      vertex   -5.000000e-01 7.140673e+01 -6.190743e+00
    endloop
  endfacet
  facet normal 0.000000e+00 -6.474940e-01 7.620705e-01
    outer loop
      vertex   5.000000e-01 7.141112e+01 -6.187014e+00
      vertex   -5.000000e-01 7.140673e+01 -6.190743e+00
      vertex   5.000000e-01 7.140673e+01 -6.190743e+00
    endloop
  endfacet
  facet normal 0.000000e+00 -7.567491e-01 6.537055e-01
    outer loop
      vertex   5.000000e-01 7.140673e+01 -6.190743e+00
      vertex   -5.000000e-01 7.140673e+01 -6.190743e+00
      vertex   -5.000000e-01 7.140301e+01 -6.195057e+00
    endloop
  endfacet
  facet normal 0.000000e+00 -7.567491e-01 6.537055e-01
    outer loop
      vertex   5.000000e-01 7.140673e+01 -6.190743e+00
      vertex   -5.000000e-01 7.140301e+01 -6.195057e+00
      vertex   5.000000e-01 7.140301e+01 -6.195057e+00
    endloop
  endfacet
  facet normal 0.000000e+00 -8.540664e-01 5.201640e-01
    outer loop
      vertex   5.000000e-01 7.140301e+01 -6.195057e+00
      vertex   -5.000000e-01 7.140301e+01 -6.195057e+00
      vertex   -5.000000e-01 7.140000e+01 -6.200000e+00
    endloop
  endfacet
  facet normal 0.000000e+00 -8.540664e-01 5.201640e-01
    outer loop
      vertex   5.000000e-01 7.140301e+01 -6.195057e+00
      vertex   -5.000000e-01 7.140000e+01 -6.200000e+00
      vertex   5.000000e-01 7.140000e+01 -6.200000e+00
    endloop
  endfacet
  facet normal -1.000000e+00 -0.000000e+00 -0.000000e+00
    outer loop
      vertex   -5.000000e-01 8.657176e+01 -4.331009e+01
      vertex   -5.000000e-01 8.657176e+01 -4.868991e+01
      vertex   -5.000000e-01 8.600000e+01 -4.325000e+01
    endloop
  endfacet
  facet normal -1.000000e+00 0.000000e+00 0.000000e+00
    outer loop
      vertex   -5.000000e-01 8.600000e+01 -4.325000e+01
      vertex   -5.000000e-01 8.657176e+01 -4.868991e+01
      vertex   -5.000000e-01 8.600000e+01 -4.875000e+01
    endloop
  endfacet
  facet normal -1.000000e+00 0.000000e+00 -0.000000e+00
    outer loop
      vertex   -5.000000e-01 8.600000e+01 -4.325000e+01
      vertex   -5.000000e-01 8.600000e+01 -4.875000e+01
      vertex   -5.000000e-01 8.542824e+01 -4.331009e+01
    endloop
  endfacet
  facet normal -1.000000e+00 0.000000e+00 0.000000e+00
    outer loop
      vertex   -5.000000e-01 8.542824e+01 -4.331009e+01
      vertex   -5.000000e-01 8.600000e+01 -4.875000e+01
      vertex   -5.000000e-01 8.542824e+01 -4.868991e+01
    endloop
  endfacet
  facet normal -1.000000e+00 0.000000e+00 -0.000000e+00
    outer loop
      vertex   -5.000000e-01 8.542824e+01 -4.331009e+01
      vertex   -5.000000e-01 8.542824e+01 -4.868991e+01
      vertex   -5.000000e-01 8.488148e+01 -4.348775e+01
    endloop
  endfacet
  facet normal -1.000000e+00 0.000000e+00 0.000000e+00
    outer loop
      vertex   -5.000000e-01 8.488148e+01 -4.348775e+01
      vertex   -5.000000e-01 8.542824e+01 -4.868991e+01
      vertex   -5.000000e-01 8.488148e+01 -4.851225e+01
    endloop
  endfacet
  facet normal -1.000000e+00 0.000000e+00 -0.000000e+00
    outer loop
      vertex   -5.000000e-01 8.488148e+01 -4.348775e+01
      vertex   -5.000000e-01 8.488148e+01 -4.851225e+01
      vertex   -5.000000e-01 8.438359e+01 -4.377520e+01
    endloop
  endfacet
  facet normal -1.000000e+00 0.000000e+00 0.000000e+00
    outer loop
      vertex   -5.000000e-01 8.438359e+01 -4.377520e+01
      vertex   -5.000000e-01 8.488148e+01 -4.851225e+01
      vertex   -5.000000e-01 8.438359e+01 -4.822480e+01
    endloop
  endfacet
  facet normal -1.000000e+00 0.000000e+00 -0.000000e+00
    outer loop
      vertex   -5.000000e-01 8.438359e+01 -4.377520e+01
      vertex   -5.000000e-01 8.438359e+01 -4.822480e+01
      vertex   -5.000000e-01 8.395635e+01 -4.415989e+01
    endloop
  endfacet
  facet normal -1.000000e+00 0.000000e+00 0.000000e+00
    outer loop
      vertex   -5.000000e-01 8.395635e+01 -4.415989e+01
      vertex   -5.000000e-01 8.438359e+01 -4.822480e+01
      vertex   -5.000000e-01 8.395635e+01 -4.784011e+01
    endloop
  endfacet
  facet normal -1.000000e+00 0.000000e+00 -0.000000e+00
    outer loop
      vertex   -5.000000e-01 8.395635e+01 -4.415989e+01
      vertex   -5.000000e-01 8.395635e+01 -4.784011e+01
      vertex   -5.000000e-01 8.361843e+01 -4.462500e+01
    endloop
  endfacet
  facet normal -1.000000e+00 0.000000e+00 0.000000e+00
    outer loop
      vertex   -5.000000e-01 8.361843e+01 -4.462500e+01
      vertex   -5.000000e-01 8.395635e+01 -4.784011e+01
      vertex   -5.000000e-01 8.361843e+01 -4.737500e+01
    endloop
  endfacet
  facet normal -1.000000e+00 0.000000e+00 -0.000000e+00
    outer loop
      vertex   -5.000000e-01 8.361843e+01 -4.462500e+01
      vertex   -5.000000e-01 8.361843e+01 -4.737500e+01
      vertex   -5.000000e-01 8.338460e+01 -4.515020e+01
    endloop
  endfacet
  facet normal -1.000000e+00 0.000000e+00 0.000000e+00
    outer loop
      vertex   -5.000000e-01 8.338460e+01 -4.515020e+01
      vertex   -5.000000e-01 8.361843e+01 -4.737500e+01
      vertex   -5.000000e-01 8.338460e+01 -4.684980e+01
    endloop
  endfacet
  facet normal -1.000000e+00 0.000000e+00 -0.000000e+00
    outer loop
      vertex   -5.000000e-01 8.338460e+01 -4.515020e+01
      vertex   -5.000000e-01 8.338460e+01 -4.684980e+01
      vertex   -5.000000e-01 8.326507e+01 -4.571255e+01
    endloop
  endfacet
  facet normal -1.000000e+00 0.000000e+00 0.000000e+00
    outer loop
      vertex   -5.000000e-01 8.326507e+01 -4.571255e+01
      vertex   -5.000000e-01 8.338460e+01 -4.684980e+01
      vertex   -5.000000e-01 8.326507e+01 -4.628745e+01
    endloop
  endfacet
  facet normal -1.000000e+00 0.000000e+00 0.000000e+00
    outer loop
      vertex   -5.000000e-01 8.657176e+01 -4.868991e+01
      vertex   -5.000000e-01 8.657176e+01 -4.331009e+01
      vertex   -5.000000e-01 8.711853e+01 -4.851225e+01
    endloop
  endfacet
  facet normal -1.000000e+00 0.000000e+00 0.000000e+00
    outer loop
      vertex   -5.000000e-01 8.711853e+01 -4.851225e+01
      vertex   -5.000000e-01 8.657176e+01 -4.331009e+01
      vertex   -5.000000e-01 8.711853e+01 -4.348775e+01
    endloop
  endfacet
  facet normal -1.000000e+00 0.000000e+00 0.000000e+00
    outer loop
      vertex   -5.000000e-01 8.711853e+01 -4.851225e+01
      vertex   -5.000000e-01 8.711853e+01 -4.348775e+01
      vertex   -5.000000e-01 8.761641e+01 -4.822480e+01
    endloop
  endfacet
  facet normal -1.000000e+00 0.000000e+00 0.000000e+00
    outer loop
      vertex   -5.000000e-01 8.761641e+01 -4.822480e+01
      vertex   -5.000000e-01 8.711853e+01 -4.348775e+01
      vertex   -5.000000e-01 8.761641e+01 -4.377520e+01
    endloop
  endfacet
  facet normal -1.000000e+00 0.000000e+00 0.000000e+00
    outer loop
      vertex   -5.000000e-01 8.761641e+01 -4.822480e+01
      vertex   -5.000000e-01 8.761641e+01 -4.377520e+01
      vertex   -5.000000e-01 8.804365e+01 -4.784011e+01
    endloop
  endfacet
  facet normal -1.000000e+00 0.000000e+00 0.000000e+00
    outer loop
      vertex   -5.000000e-01 8.804365e+01 -4.784011e+01
      vertex   -5.000000e-01 8.761641e+01 -4.377520e+01
      vertex   -5.000000e-01 8.804365e+01 -4.415989e+01
    endloop
  endfacet
  facet normal -1.000000e+00 0.000000e+00 0.000000e+00
    outer loop
      vertex   -5.000000e-01 8.804365e+01 -4.784011e+01
      vertex   -5.000000e-01 8.804365e+01 -4.415989e+01
      vertex   -5.000000e-01 8.838157e+01 -4.737500e+01
    endloop
  endfacet
  facet normal -1.000000e+00 0.000000e+00 0.000000e+00
    outer loop
      vertex   -5.000000e-01 8.838157e+01 -4.737500e+01
      vertex   -5.000000e-01 8.804365e+01 -4.415989e+01
      vertex   -5.000000e-01 8.838157e+01 -4.462500e+01
    endloop
  endfacet
  facet normal -1.000000e+00 0.000000e+00 0.000000e+00
    outer loop
      vertex   -5.000000e-01 8.838157e+01 -4.737500e+01
      vertex   -5.000000e-01 8.838157e+01 -4.462500e+01
      vertex   -5.000000e-01 8.861541e+01 -4.684980e+01
    endloop
  endfacet
  facet normal -1.000000e+00 0.000000e+00 0.000000e+00
    outer loop
      vertex   -5.000000e-01 8.861541e+01 -4.684980e+01
      vertex   -5.000000e-01 8.838157e+01 -4.462500e+01
      vertex   -5.000000e-01 8.861541e+01 -4.515020e+01
    endloop
  endfacet
  facet normal -1.000000e+00 0.000000e+00 0.000000e+00
    outer loop
      vertex   -5.000000e-01 8.861541e+01 -4.684980e+01
      vertex   -5.000000e-01 8.861541e+01 -4.515020e+01
      vertex   -5.000000e-01 8.873494e+01 -4.628745e+01
    endloop
  endfacet
  facet normal -1.000000e+00 0.000000e+00 0.000000e+00
    outer loop
      vertex   -5.000000e-01 8.873494e+01 -4.628745e+01
      vertex   -5.000000e-01 8.861541e+01 -4.515020e+01
      vertex   -5.000000e-01 8.873494e+01 -4.571255e+01
    endloop
  endfacet
  facet normal -1.240933e-15 9.983041e-01 5.821526e-02
    outer loop
      vertex   5.000000e-01 9.227676e+01 -5.433454e+01
      vertex   5.000000e-01 9.230944e+01 -5.489490e+01
      vertex   -5.000000e-01 9.227676e+01 -5.433454e+01
    endloop
  endfacet
  facet normal -1.246104e-03 9.984301e-01 5.599885e-02
    outer loop
      vertex   -5.000000e-01 9.227676e+01 -5.433454e+01
      vertex   5.000000e-01 9.230944e+01 -5.489490e+01
      vertex   -5.000000e-01 9.233391e+01 -5.535340e+01
    endloop
  endfacet
  facet normal 4.747299e-04 9.986336e-01 5.225652e-02
    outer loop
      vertex   -5.000000e-01 9.233391e+01 -5.535340e+01
      vertex   5.000000e-01 9.230944e+01 -5.489490e+01
      vertex   5.000000e-01 9.234047e+01 -5.548790e+01
    endloop
  endfacet
  facet normal -1.403322e-04 9.988619e-01 4.769480e-02
    outer loop
      vertex   -5.000000e-01 9.233391e+01 -5.535340e+01
      vertex   5.000000e-01 9.234047e+01 -5.548790e+01
      vertex   -5.000000e-01 9.235648e+01 -5.582606e+01
    endloop
  endfacet
  facet normal 1.431039e-03 9.990716e-01 4.305788e-02
    outer loop
      vertex   -5.000000e-01 9.235648e+01 -5.582606e+01
      vertex   5.000000e-01 9.234047e+01 -5.548790e+01
      vertex   5.000000e-01 9.236873e+01 -5.614346e+01
    endloop
  endfacet
  facet normal 8.045530e-04 9.991552e-01 4.108729e-02
    outer loop
      vertex   -5.000000e-01 9.235648e+01 -5.582606e+01
      vertex   5.000000e-01 9.236873e+01 -5.614346e+01
      vertex   -5.000000e-01 9.237402e+01 -5.625259e+01
    endloop
  endfacet
  facet normal 1.707375e-03 9.994595e-01 3.282973e-02
    outer loop
      vertex   -5.000000e-01 9.237402e+01 -5.625259e+01
      vertex   5.000000e-01 9.236873e+01 -5.614346e+01
      vertex   5.000000e-01 9.238822e+01 -5.673704e+01
    endloop
  endfacet
  facet normal 1.941288e-03 9.994431e-01 3.331210e-02
    outer loop
      vertex   -5.000000e-01 9.237402e+01 -5.625259e+01
      vertex   5.000000e-01 9.238822e+01 -5.673704e+01
      vertex   -5.000000e-01 9.238680e+01 -5.663603e+01
    endloop
  endfacet
  facet normal 1.013996e-03 9.997082e-01 2.413579e-02
    outer loop
      vertex   -5.000000e-01 9.238680e+01 -5.663603e+01
      vertex   5.000000e-01 9.238822e+01 -5.673704e+01
      vertex   -5.000000e-01 9.239509e+01 -5.697940e+01
    endloop
  endfacet
  facet normal 1.875689e-03 9.997864e-01 2.058252e-02
    outer loop
      vertex   -5.000000e-01 9.239509e+01 -5.697940e+01
      vertex   5.000000e-01 9.238822e+01 -5.673704e+01
      vertex   5.000000e-01 9.239809e+01 -5.721613e+01
    endloop
  endfacet
  facet normal 1.470190e-04 9.999118e-01 1.328193e-02
    outer loop
      vertex   -5.000000e-01 9.239509e+01 -5.697940e+01
      vertex   5.000000e-01 9.239809e+01 -5.721613e+01
      vertex   -5.000000e-01 9.239916e+01 -5.728573e+01
    endloop
  endfacet
  facet normal 6.706421e-04 9.999832e-01 5.759130e-03
    outer loop
      vertex   -5.000000e-01 9.239916e+01 -5.728573e+01
      vertex   5.000000e-01 9.239809e+01 -5.721613e+01
      vertex   5.000000e-01 9.240026e+01 -5.759395e+01
    endloop
  endfacet
  facet normal -9.714545e-04 9.999994e-01 4.316140e-04
    outer loop
      vertex   -5.000000e-01 9.239916e+01 -5.728573e+01
      vertex   5.000000e-01 9.240026e+01 -5.759395e+01
      vertex   -5.000000e-01 9.239927e+01 -5.755805e+01
    endloop
  endfacet
  facet normal -1.428400e-03 9.999234e-01 -1.229558e-02
    outer loop
      vertex   -5.000000e-01 9.239927e+01 -5.755805e+01
      vertex   5.000000e-01 9.240026e+01 -5.759395e+01
      vertex   5.000000e-01 9.239670e+01 -5.788373e+01
    endloop
  endfacet
  facet normal -4.972590e-03 9.997190e-01 -2.317615e-02
    outer loop
      vertex   -5.000000e-01 9.239927e+01 -5.755805e+01
      vertex   5.000000e-01 9.239670e+01 -5.788373e+01
      vertex   -5.000000e-01 9.238873e+01 -5.801276e+01
    endloop
  endfacet
  facet normal -3.548583e-03 9.994089e-01 -3.419336e-02
    outer loop
      vertex   -5.000000e-01 9.238873e+01 -5.801276e+01
      vertex   5.000000e-01 9.239670e+01 -5.788373e+01
      vertex   5.000000e-01 9.238934e+01 -5.809870e+01
    endloop
  endfacet
  facet normal -5.753793e-03 9.981900e-01 -5.986343e-02
    outer loop
      vertex   -5.000000e-01 9.238873e+01 -5.801276e+01
      vertex   5.000000e-01 9.238934e+01 -5.809870e+01
      vertex   5.000000e-01 9.238015e+01 -5.825207e+01
    endloop
  endfacet
  facet normal -6.978074e-03 9.978630e-01 -6.496755e-02
    outer loop
      vertex   -5.000000e-01 9.238873e+01 -5.801276e+01
      vertex   5.000000e-01 9.238015e+01 -5.825207e+01
      vertex   -5.000000e-01 9.236562e+01 -5.836778e+01
    endloop
  endfacet
  facet normal -4.488805e-03 9.962608e-01 -8.627990e-02
    outer loop
      vertex   -5.000000e-01 9.236562e+01 -5.836778e+01
      vertex   5.000000e-01 9.238015e+01 -5.825207e+01
      vertex   5.000000e-01 9.237105e+01 -5.835714e+01
    endloop
  endfacet
  facet normal -4.149452e-03 9.931716e-01 -1.165888e-01
    outer loop
      vertex   -5.000000e-01 9.236562e+01 -5.836778e+01
      vertex   5.000000e-01 9.237105e+01 -5.835714e+01
      vertex   5.000000e-01 9.235065e+01 -5.853091e+01
    endloop
  endfacet
  facet normal -4.562102e-03 9.928729e-01 -1.190910e-01
    outer loop
      vertex   -5.000000e-01 9.236562e+01 -5.836778e+01
      vertex   5.000000e-01 9.235065e+01 -5.853091e+01
      vertex   -5.000000e-01 9.233209e+01 -5.864733e+01
    endloop
  endfacet
  facet normal 1.795084e-03 9.850180e-01 -1.724420e-01
    outer loop
      vertex   -5.000000e-01 9.233209e+01 -5.864733e+01
      vertex   5.000000e-01 9.235065e+01 -5.853091e+01
      vertex   5.000000e-01 9.229030e+01 -5.887565e+01
    endloop
  endfacet
  facet normal -1.269782e-14 9.836565e-01 -1.800550e-01
    outer loop
      vertex   -5.000000e-01 9.233209e+01 -5.864733e+01
      vertex   5.000000e-01 9.229030e+01 -5.887565e+01
      vertex   -5.000000e-01 9.229030e+01 -5.887565e+01
    endloop
  endfacet
  facet normal 0.000000e+00 -1.305262e-01 -9.914449e-01
    outer loop
      vertex   -5.000000e-01 8.615529e+01 -3.042045e+01
      vertex   5.000000e-01 8.615529e+01 -3.042045e+01
      vertex   -5.000000e-01 8.600000e+01 -3.040000e+01
    endloop
  endfacet
  facet normal 0.000000e+00 -1.305262e-01 -9.914449e-01
    outer loop
      vertex   -5.000000e-01 8.600000e+01 -3.040000e+01
      vertex   5.000000e-01 8.615529e+01 -3.042045e+01
      vertex   5.000000e-01 8.600000e+01 -3.040000e+01
    endloop
  endfacet
  facet normal 0.000000e+00 1.305262e-01 -9.914449e-01
    outer loop
      vertex   -5.000000e-01 8.600000e+01 -3.040000e+01
      vertex   5.000000e-01 8.600000e+01 -3.040000e+01
      vertex   -5.000000e-01 8.584471e+01 -3.042045e+01
    endloop
  endfacet
  facet normal 0.000000e+00 1.305262e-01 -9.914449e-01
    outer loop
      vertex   -5.000000e-01 8.584471e+01 -3.042045e+01
      vertex   5.000000e-01 8.600000e+01 -3.040000e+01
      vertex   5.000000e-01 8.584471e+01 -3.042045e+01
    endloop
  endfacet
  facet normal 0.000000e+00 3.826834e-01 -9.238795e-01
    outer loop
      vertex   -5.000000e-01 8.584471e+01 -3.042045e+01
      vertex   5.000000e-01 8.584471e+01 -3.042045e+01
      vertex   -5.000000e-01 8.570000e+01 -3.048039e+01
    endloop
  endfacet
  facet normal 0.000000e+00 3.826834e-01 -9.238795e-01
    outer loop
      vertex   -5.000000e-01 8.570000e+01 -3.048039e+01
      vertex   5.000000e-01 8.584471e+01 -3.042045e+01
      vertex   5.000000e-01 8.570000e+01 -3.048039e+01
    endloop
  endfacet
  facet normal 0.000000e+00 6.087614e-01 -7.933533e-01
    outer loop
      vertex   -5.000000e-01 8.570000e+01 -3.048039e+01
      vertex   5.000000e-01 8.570000e+01 -3.048039e+01
      vertex   -5.000000e-01 8.557574e+01 -3.057574e+01
    endloop
  endfacet
  facet normal 0.000000e+00 6.087614e-01 -7.933533e-01
    outer loop
      vertex   -5.000000e-01 8.557574e+01 -3.057574e+01
      vertex   5.000000e-01 8.570000e+01 -3.048039e+01
      vertex   5.000000e-01 8.557574e+01 -3.057574e+01
    endloop
  endfacet
  facet normal 0.000000e+00 7.933533e-01 -6.087614e-01
    outer loop
      vertex   -5.000000e-01 8.557574e+01 -3.057574e+01
      vertex   5.000000e-01 8.557574e+01 -3.057574e+01
      vertex   -5.000000e-01 8.548039e+01 -3.070000e+01
    endloop
  endfacet
  facet normal -2.162755e-15 7.933533e-01 -6.087614e-01
    outer loop
      vertex   -5.000000e-01 8.548039e+01 -3.070000e+01
      vertex   5.000000e-01 8.557574e+01 -3.057574e+01
      vertex   5.000000e-01 8.548039e+01 -3.070000e+01
    endloop
  endfacet
  facet normal -1.359565e-15 9.238795e-01 -3.826834e-01
    outer loop
      vertex   -5.000000e-01 8.548039e+01 -3.070000e+01
      vertex   5.000000e-01 8.548039e+01 -3.070000e+01
      vertex   -5.000000e-01 8.542044e+01 -3.084471e+01
    endloop
  endfacet
  facet normal 0.000000e+00 9.238795e-01 -3.826834e-01
    outer loop
      vertex   -5.000000e-01 8.542044e+01 -3.084471e+01
      vertex   5.000000e-01 8.548039e+01 -3.070000e+01
      vertex   5.000000e-01 8.542044e+01 -3.084471e+01
    endloop
  endfacet
  facet normal 0.000000e+00 9.914449e-01 -1.305262e-01
    outer loop
      vertex   -5.000000e-01 8.542044e+01 -3.084471e+01
      vertex   5.000000e-01 8.542044e+01 -3.084471e+01
      vertex   -5.000000e-01 8.540000e+01 -3.100000e+01
    endloop
  endfacet
  facet normal 0.000000e+00 9.914449e-01 -1.305262e-01
    outer loop
      vertex   -5.000000e-01 8.540000e+01 -3.100000e+01
      vertex   5.000000e-01 8.542044e+01 -3.084471e+01
      vertex   5.000000e-01 8.540000e+01 -3.100000e+01
    endloop
  endfacet
  facet normal -0.000000e+00 9.914449e-01 1.305262e-01
    outer loop
      vertex   -5.000000e-01 8.540000e+01 -3.100000e+01
      vertex   5.000000e-01 8.540000e+01 -3.100000e+01
      vertex   -5.000000e-01 8.542044e+01 -3.115529e+01
    endloop
  endfacet
  facet normal -0.000000e+00 9.914449e-01 1.305262e-01
    outer loop
      vertex   -5.000000e-01 8.542044e+01 -3.115529e+01
      vertex   5.000000e-01 8.540000e+01 -3.100000e+01
      vertex   5.000000e-01 8.542044e+01 -3.115529e+01
    endloop
  endfacet
  facet normal -0.000000e+00 9.238795e-01 3.826834e-01
    outer loop
      vertex   -5.000000e-01 8.542044e+01 -3.115529e+01
      vertex   5.000000e-01 8.542044e+01 -3.115529e+01
      vertex   -5.000000e-01 8.548039e+01 -3.130000e+01
    endloop
  endfacet
  facet normal 1.359565e-15 9.238795e-01 3.826834e-01
    outer loop
      vertex   -5.000000e-01 8.548039e+01 -3.130000e+01
      vertex   5.000000e-01 8.542044e+01 -3.115529e+01
      vertex   5.000000e-01 8.548039e+01 -3.130000e+01
    endloop
  endfacet
  facet normal 2.162755e-15 7.933533e-01 6.087614e-01
    outer loop
      vertex   -5.000000e-01 8.548039e+01 -3.130000e+01
      vertex   5.000000e-01 8.548039e+01 -3.130000e+01
      vertex   -5.000000e-01 8.557574e+01 -3.142426e+01
    endloop
  endfacet
  facet normal -0.000000e+00 7.933533e-01 6.087614e-01
    outer loop
      vertex   -5.000000e-01 8.557574e+01 -3.142426e+01
      vertex   5.000000e-01 8.548039e+01 -3.130000e+01
      vertex   5.000000e-01 8.557574e+01 -3.142426e+01
    endloop
  endfacet
  facet normal -0.000000e+00 6.087614e-01 7.933533e-01
    outer loop
      vertex   -5.000000e-01 8.557574e+01 -3.142426e+01
      vertex   5.000000e-01 8.557574e+01 -3.142426e+01
      vertex   -5.000000e-01 8.570000e+01 -3.151962e+01
    endloop
  endfacet
  facet normal -0.000000e+00 6.087614e-01 7.933533e-01
    outer loop
      vertex   -5.000000e-01 8.570000e+01 -3.151962e+01
      vertex   5.000000e-01 8.557574e+01 -3.142426e+01
      vertex   5.000000e-01 8.570000e+01 -3.151962e+01
    endloop
  endfacet
  facet normal -0.000000e+00 3.826834e-01 9.238795e-01
    outer loop
      vertex   -5.000000e-01 8.570000e+01 -3.151962e+01
      vertex   5.000000e-01 8.570000e+01 -3.151962e+01
      vertex   -5.000000e-01 8.584471e+01 -3.157956e+01
    endloop
  endfacet
  facet normal -0.000000e+00 3.826834e-01 9.238795e-01
    outer loop
      vertex   -5.000000e-01 8.584471e+01 -3.157956e+01
      vertex   5.000000e-01 8.570000e+01 -3.151962e+01
      vertex   5.000000e-01 8.584471e+01 -3.157956e+01
    endloop
  endfacet
  facet normal -0.000000e+00 1.305262e-01 9.914449e-01
    outer loop
      vertex   -5.000000e-01 8.584471e+01 -3.157956e+01
      vertex   5.000000e-01 8.584471e+01 -3.157956e+01
      vertex   -5.000000e-01 8.600000e+01 -3.160000e+01
    endloop
  endfacet
  facet normal -0.000000e+00 1.305262e-01 9.914449e-01
    outer loop
      vertex   -5.000000e-01 8.600000e+01 -3.160000e+01
      vertex   5.000000e-01 8.584471e+01 -3.157956e+01
      vertex   5.000000e-01 8.600000e+01 -3.160000e+01
    endloop
  endfacet
  facet normal 0.000000e+00 -1.305262e-01 9.914449e-01
    outer loop
      vertex   -5.000000e-01 8.600000e+01 -3.160000e+01
      vertex   5.000000e-01 8.600000e+01 -3.160000e+01
      vertex   -5.000000e-01 8.615529e+01 -3.157956e+01
    endloop
  endfacet
  facet normal 0.000000e+00 -1.305262e-01 9.914449e-01
    outer loop
      vertex   -5.000000e-01 8.615529e+01 -3.157956e+01
      vertex   5.000000e-01 8.600000e+01 -3.160000e+01
      vertex   5.000000e-01 8.615529e+01 -3.157956e+01
    endloop
  endfacet
  facet normal 0.000000e+00 -3.826834e-01 9.238795e-01
    outer loop
      vertex   -5.000000e-01 8.615529e+01 -3.157956e+01
      vertex   5.000000e-01 8.615529e+01 -3.157956e+01
      vertex   -5.000000e-01 8.630000e+01 -3.151962e+01
    endloop
  endfacet
  facet normal 0.000000e+00 -3.826834e-01 9.238795e-01
    outer loop
      vertex   -5.000000e-01 8.630000e+01 -3.151962e+01
      vertex   5.000000e-01 8.615529e+01 -3.157956e+01
      vertex   5.000000e-01 8.630000e+01 -3.151962e+01
    endloop
  endfacet
  facet normal 0.000000e+00 -6.087614e-01 7.933533e-01
    outer loop
      vertex   -5.000000e-01 8.630000e+01 -3.151962e+01
      vertex   5.000000e-01 8.630000e+01 -3.151962e+01
      vertex   -5.000000e-01 8.642426e+01 -3.142426e+01
    endloop
  endfacet
  facet normal 0.000000e+00 -6.087614e-01 7.933533e-01
    outer loop
      vertex   -5.000000e-01 8.642426e+01 -3.142426e+01
      vertex   5.000000e-01 8.630000e+01 -3.151962e+01
      vertex   5.000000e-01 8.642426e+01 -3.142426e+01
    endloop
  endfacet
  facet normal 0.000000e+00 -7.933533e-01 6.087614e-01
    outer loop
      vertex   -5.000000e-01 8.642426e+01 -3.142426e+01
      vertex   5.000000e-01 8.642426e+01 -3.142426e+01
      vertex   -5.000000e-01 8.651962e+01 -3.130000e+01
    endloop
  endfacet
  facet normal -2.162755e-15 -7.933533e-01 6.087614e-01
    outer loop
      vertex   -5.000000e-01 8.651962e+01 -3.130000e+01
      vertex   5.000000e-01 8.642426e+01 -3.142426e+01
      vertex   5.000000e-01 8.651962e+01 -3.130000e+01
    endloop
  endfacet
  facet normal -1.359565e-15 -9.238795e-01 3.826834e-01
    outer loop
      vertex   -5.000000e-01 8.651962e+01 -3.130000e+01
      vertex   5.000000e-01 8.651962e+01 -3.130000e+01
      vertex   -5.000000e-01 8.657956e+01 -3.115529e+01
    endloop
  endfacet
  facet normal 0.000000e+00 -9.238795e-01 3.826834e-01
    outer loop
      vertex   -5.000000e-01 8.657956e+01 -3.115529e+01
      vertex   5.000000e-01 8.651962e+01 -3.130000e+01
      vertex   5.000000e-01 8.657956e+01 -3.115529e+01
    endloop
  endfacet
  facet normal 0.000000e+00 -9.914449e-01 1.305262e-01
    outer loop
      vertex   -5.000000e-01 8.657956e+01 -3.115529e+01
      vertex   5.000000e-01 8.657956e+01 -3.115529e+01
      vertex   -5.000000e-01 8.660000e+01 -3.100000e+01
    endloop
  endfacet
  facet normal 0.000000e+00 -9.914449e-01 1.305262e-01
    outer loop
      vertex   -5.000000e-01 8.660000e+01 -3.100000e+01
      vertex   5.000000e-01 8.657956e+01 -3.115529e+01
      vertex   5.000000e-01 8.660000e+01 -3.100000e+01
    endloop
  endfacet
  facet normal 0.000000e+00 -9.914449e-01 -1.305262e-01
    outer loop
      vertex   -5.000000e-01 8.660000e+01 -3.100000e+01
      vertex   5.000000e-01 8.660000e+01 -3.100000e+01
      vertex   -5.000000e-01 8.657956e+01 -3.084471e+01
    endloop
  endfacet
  facet normal 0.000000e+00 -9.914449e-01 -1.305262e-01
    outer loop
      vertex   -5.000000e-01 8.657956e+01 -3.084471e+01
      vertex   5.000000e-01 8.660000e+01 -3.100000e+01
      vertex   5.000000e-01 8.657956e+01 -3.084471e+01
    endloop
  endfacet
  facet normal 0.000000e+00 -9.238795e-01 -3.826834e-01
    outer loop
      vertex   -5.000000e-01 8.657956e+01 -3.084471e+01
      vertex   5.000000e-01 8.657956e+01 -3.084471e+01
      vertex   -5.000000e-01 8.651962e+01 -3.070000e+01
    endloop
  endfacet
  facet normal 1.359565e-15 -9.238795e-01 -3.826834e-01
    outer loop
      vertex   -5.000000e-01 8.651962e+01 -3.070000e+01
      vertex   5.000000e-01 8.657956e+01 -3.084471e+01
      vertex   5.000000e-01 8.651962e+01 -3.070000e+01
    endloop
  endfacet
  facet normal 2.162755e-15 -7.933533e-01 -6.087614e-01
    outer loop
      vertex   -5.000000e-01 8.651962e+01 -3.070000e+01
      vertex   5.000000e-01 8.651962e+01 -3.070000e+01
      vertex   -5.000000e-01 8.642426e+01 -3.057574e+01
    endloop
  endfacet
  facet normal 0.000000e+00 -7.933533e-01 -6.087614e-01
    outer loop
      vertex   -5.000000e-01 8.642426e+01 -3.057574e+01
      vertex   5.000000e-01 8.651962e+01 -3.070000e+01
      vertex   5.000000e-01 8.642426e+01 -3.057574e+01
    endloop
  endfacet
  facet normal 0.000000e+00 -6.087614e-01 -7.933533e-01
    outer loop
      vertex   -5.000000e-01 8.642426e+01 -3.057574e+01
      vertex   5.000000e-01 8.642426e+01 -3.057574e+01
      vertex   -5.000000e-01 8.630000e+01 -3.048039e+01
    endloop
  endfacet
  facet normal 0.000000e+00 -6.087614e-01 -7.933533e-01
    outer loop
      vertex   -5.000000e-01 8.630000e+01 -3.048039e+01
      vertex   5.000000e-01 8.642426e+01 -3.057574e+01
      vertex   5.000000e-01 8.630000e+01 -3.048039e+01
    endloop
  endfacet
  facet normal 0.000000e+00 -3.826834e-01 -9.238795e-01
    outer loop
      vertex   -5.000000e-01 8.630000e+01 -3.048039e+01
      vertex   5.000000e-01 8.630000e+01 -3.048039e+01
      vertex   -5.000000e-01 8.615529e+01 -3.042045e+01
    endloop
  endfacet
  facet normal 0.000000e+00 -3.826834e-01 -9.238795e-01
    outer loop
      vertex   -5.000000e-01 8.615529e+01 -3.042045e+01
      vertex   5.000000e-01 8.630000e+01 -3.048039e+01
      vertex   5.000000e-01 8.615529e+01 -3.042045e+01
    endloop
  endfacet
  facet normal 0.000000e+00 -1.305262e-01 -9.914449e-01
    outer loop
      vertex   -5.000000e-01 8.789261e+01 -5.542044e+01
      vertex   5.000000e-01 8.789261e+01 -5.542044e+01
      vertex   -5.000000e-01 8.773732e+01 -5.540000e+01
    endloop
  endfacet
  facet normal 0.000000e+00 -1.305262e-01 -9.914449e-01
    outer loop
      vertex   -5.000000e-01 8.773732e+01 -5.540000e+01
      vertex   5.000000e-01 8.789261e+01 -5.542044e+01
      vertex   5.000000e-01 8.773732e+01 -5.540000e+01
    endloop
  endfacet
  facet normal 0.000000e+00 1.305262e-01 -9.914449e-01
    outer loop
      vertex   -5.000000e-01 8.773732e+01 -5.540000e+01
      vertex   5.000000e-01 8.773732e+01 -5.540000e+01
      vertex   -5.000000e-01 8.758203e+01 -5.542044e+01
    endloop
  endfacet
  facet normal 0.000000e+00 1.305262e-01 -9.914449e-01
    outer loop
      vertex   -5.000000e-01 8.758203e+01 -5.542044e+01
      vertex   5.000000e-01 8.773732e+01 -5.540000e+01
      vertex   5.000000e-01 8.758203e+01 -5.542044e+01
    endloop
  endfacet
  facet normal 0.000000e+00 3.826834e-01 -9.238795e-01
    outer loop
      vertex   -5.000000e-01 8.758203e+01 -5.542044e+01
      vertex   5.000000e-01 8.758203e+01 -5.542044e+01
      vertex   -5.000000e-01 8.743732e+01 -5.548038e+01
    endloop
  endfacet
  facet normal 0.000000e+00 3.826834e-01 -9.238795e-01
    outer loop
      vertex   -5.000000e-01 8.743732e+01 -5.548038e+01
      vertex   5.000000e-01 8.758203e+01 -5.542044e+01
      vertex   5.000000e-01 8.743732e+01 -5.548038e+01
    endloop
  endfacet
  facet normal 0.000000e+00 6.087614e-01 -7.933533e-01
    outer loop
      vertex   -5.000000e-01 8.743732e+01 -5.548038e+01
      vertex   5.000000e-01 8.743732e+01 -5.548038e+01
      vertex   -5.000000e-01 8.731306e+01 -5.557573e+01
    endloop
  endfacet
  facet normal 0.000000e+00 6.087614e-01 -7.933533e-01
    outer loop
      vertex   -5.000000e-01 8.731306e+01 -5.557573e+01
      vertex   5.000000e-01 8.743732e+01 -5.548038e+01
      vertex   5.000000e-01 8.731306e+01 -5.557573e+01
    endloop
  endfacet
  facet normal 0.000000e+00 7.933533e-01 -6.087614e-01
    outer loop
      vertex   -5.000000e-01 8.731306e+01 -5.557573e+01
      vertex   5.000000e-01 8.731306e+01 -5.557573e+01
      vertex   -5.000000e-01 8.721771e+01 -5.570000e+01
    endloop
  endfacet
  facet normal -4.325510e-15 7.933533e-01 -6.087614e-01
    outer loop
      vertex   -5.000000e-01 8.721771e+01 -5.570000e+01
      vertex   5.000000e-01 8.731306e+01 -5.557573e+01
      vertex   5.000000e-01 8.721771e+01 -5.570000e+01
    endloop
  endfacet
  facet normal -2.719129e-15 9.238795e-01 -3.826834e-01
    outer loop
      vertex   -5.000000e-01 8.721771e+01 -5.570000e+01
      vertex   5.000000e-01 8.721771e+01 -5.570000e+01
      vertex   -5.000000e-01 8.715777e+01 -5.584471e+01
    endloop
  endfacet
  facet normal 0.000000e+00 9.238795e-01 -3.826834e-01
    outer loop
      vertex   -5.000000e-01 8.715777e+01 -5.584471e+01
      vertex   5.000000e-01 8.721771e+01 -5.570000e+01
      vertex   5.000000e-01 8.715777e+01 -5.584471e+01
    endloop
  endfacet
  facet normal 0.000000e+00 9.914449e-01 -1.305262e-01
    outer loop
      vertex   -5.000000e-01 8.715777e+01 -5.584471e+01
      vertex   5.000000e-01 8.715777e+01 -5.584471e+01
      vertex   -5.000000e-01 8.713732e+01 -5.600000e+01
    endloop
  endfacet
  facet normal 0.000000e+00 9.914449e-01 -1.305262e-01
    outer loop
      vertex   -5.000000e-01 8.713732e+01 -5.600000e+01
      vertex   5.000000e-01 8.715777e+01 -5.584471e+01
      vertex   5.000000e-01 8.713732e+01 -5.600000e+01
    endloop
  endfacet
  facet normal -0.000000e+00 9.914449e-01 1.305262e-01
    outer loop
      vertex   -5.000000e-01 8.713732e+01 -5.600000e+01
      vertex   5.000000e-01 8.713732e+01 -5.600000e+01
      vertex   -5.000000e-01 8.715777e+01 -5.615529e+01
    endloop
  endfacet
  facet normal -0.000000e+00 9.914449e-01 1.305262e-01
    outer loop
      vertex   -5.000000e-01 8.715777e+01 -5.615529e+01
      vertex   5.000000e-01 8.713732e+01 -5.600000e+01
      vertex   5.000000e-01 8.715777e+01 -5.615529e+01
    endloop
  endfacet
  facet normal -0.000000e+00 9.238795e-01 3.826834e-01
    outer loop
      vertex   -5.000000e-01 8.715777e+01 -5.615529e+01
      vertex   5.000000e-01 8.715777e+01 -5.615529e+01
      vertex   -5.000000e-01 8.721771e+01 -5.630000e+01
    endloop
  endfacet
  facet normal 2.719129e-15 9.238795e-01 3.826834e-01
    outer loop
      vertex   -5.000000e-01 8.721771e+01 -5.630000e+01
      vertex   5.000000e-01 8.715777e+01 -5.615529e+01
      vertex   5.000000e-01 8.721771e+01 -5.630000e+01
    endloop
  endfacet
  facet normal 4.325510e-15 7.933533e-01 6.087614e-01
    outer loop
      vertex   -5.000000e-01 8.721771e+01 -5.630000e+01
      vertex   5.000000e-01 8.721771e+01 -5.630000e+01
      vertex   -5.000000e-01 8.731306e+01 -5.642426e+01
    endloop
  endfacet
  facet normal -0.000000e+00 7.933533e-01 6.087614e-01
    outer loop
      vertex   -5.000000e-01 8.731306e+01 -5.642426e+01
      vertex   5.000000e-01 8.721771e+01 -5.630000e+01
      vertex   5.000000e-01 8.731306e+01 -5.642426e+01
    endloop
  endfacet
  facet normal -0.000000e+00 6.087614e-01 7.933533e-01
    outer loop
      vertex   -5.000000e-01 8.731306e+01 -5.642426e+01
      vertex   5.000000e-01 8.731306e+01 -5.642426e+01
      vertex   -5.000000e-01 8.743732e+01 -5.651961e+01
    endloop
  endfacet
  facet normal -0.000000e+00 6.087614e-01 7.933533e-01
    outer loop
      vertex   -5.000000e-01 8.743732e+01 -5.651961e+01
      vertex   5.000000e-01 8.731306e+01 -5.642426e+01
      vertex   5.000000e-01 8.743732e+01 -5.651961e+01
    endloop
  endfacet
  facet normal -0.000000e+00 3.826834e-01 9.238795e-01
    outer loop
      vertex   -5.000000e-01 8.743732e+01 -5.651961e+01
      vertex   5.000000e-01 8.743732e+01 -5.651961e+01
      vertex   -5.000000e-01 8.758203e+01 -5.657955e+01
    endloop
  endfacet
  facet normal -0.000000e+00 3.826834e-01 9.238795e-01
    outer loop
      vertex   -5.000000e-01 8.758203e+01 -5.657955e+01
      vertex   5.000000e-01 8.743732e+01 -5.651961e+01
      vertex   5.000000e-01 8.758203e+01 -5.657955e+01
    endloop
  endfacet
  facet normal -0.000000e+00 1.305262e-01 9.914449e-01
    outer loop
      vertex   -5.000000e-01 8.758203e+01 -5.657955e+01
      vertex   5.000000e-01 8.758203e+01 -5.657955e+01
      vertex   -5.000000e-01 8.773732e+01 -5.660000e+01
    endloop
  endfacet
  facet normal -0.000000e+00 1.305262e-01 9.914449e-01
    outer loop
      vertex   -5.000000e-01 8.773732e+01 -5.660000e+01
      vertex   5.000000e-01 8.758203e+01 -5.657955e+01
      vertex   5.000000e-01 8.773732e+01 -5.660000e+01
    endloop
  endfacet
  facet normal 0.000000e+00 -1.305262e-01 9.914449e-01
    outer loop
      vertex   -5.000000e-01 8.773732e+01 -5.660000e+01
      vertex   5.000000e-01 8.773732e+01 -5.660000e+01
      vertex   -5.000000e-01 8.789261e+01 -5.657955e+01
    endloop
  endfacet
  facet normal 0.000000e+00 -1.305262e-01 9.914449e-01
    outer loop
      vertex   -5.000000e-01 8.789261e+01 -5.657955e+01
      vertex   5.000000e-01 8.773732e+01 -5.660000e+01
      vertex   5.000000e-01 8.789261e+01 -5.657955e+01
    endloop
  endfacet
  facet normal 0.000000e+00 -3.826834e-01 9.238795e-01
    outer loop
      vertex   -5.000000e-01 8.789261e+01 -5.657955e+01
      vertex   5.000000e-01 8.789261e+01 -5.657955e+01
      vertex   -5.000000e-01 8.803732e+01 -5.651961e+01
    endloop
  endfacet
  facet normal 0.000000e+00 -3.826834e-01 9.238795e-01
    outer loop
      vertex   -5.000000e-01 8.803732e+01 -5.651961e+01
      vertex   5.000000e-01 8.789261e+01 -5.657955e+01
      vertex   5.000000e-01 8.803732e+01 -5.651961e+01
    endloop
  endfacet
  facet normal 0.000000e+00 -6.087614e-01 7.933533e-01
    outer loop
      vertex   -5.000000e-01 8.803732e+01 -5.651961e+01
      vertex   5.000000e-01 8.803732e+01 -5.651961e+01
      vertex   -5.000000e-01 8.816159e+01 -5.642426e+01
    endloop
  endfacet
  facet normal 0.000000e+00 -6.087614e-01 7.933533e-01
    outer loop
      vertex   -5.000000e-01 8.816159e+01 -5.642426e+01
      vertex   5.000000e-01 8.803732e+01 -5.651961e+01
      vertex   5.000000e-01 8.816159e+01 -5.642426e+01
    endloop
  endfacet
  facet normal 0.000000e+00 -7.933533e-01 6.087614e-01
    outer loop
      vertex   -5.000000e-01 8.816159e+01 -5.642426e+01
      vertex   5.000000e-01 8.816159e+01 -5.642426e+01
      vertex   -5.000000e-01 8.825694e+01 -5.630000e+01
    endloop
  endfacet
  facet normal -4.325510e-15 -7.933533e-01 6.087614e-01
    outer loop
      vertex   -5.000000e-01 8.825694e+01 -5.630000e+01
      vertex   5.000000e-01 8.816159e+01 -5.642426e+01
      vertex   5.000000e-01 8.825694e+01 -5.630000e+01
    endloop
  endfacet
  facet normal -2.719129e-15 -9.238795e-01 3.826834e-01
    outer loop
      vertex   -5.000000e-01 8.825694e+01 -5.630000e+01
      vertex   5.000000e-01 8.825694e+01 -5.630000e+01
      vertex   -5.000000e-01 8.831688e+01 -5.615529e+01
    endloop
  endfacet
  facet normal 0.000000e+00 -9.238795e-01 3.826834e-01
    outer loop
      vertex   -5.000000e-01 8.831688e+01 -5.615529e+01
      vertex   5.000000e-01 8.825694e+01 -5.630000e+01
      vertex   5.000000e-01 8.831688e+01 -5.615529e+01
    endloop
  endfacet
  facet normal 0.000000e+00 -9.914449e-01 1.305262e-01
    outer loop
      vertex   -5.000000e-01 8.831688e+01 -5.615529e+01
      vertex   5.000000e-01 8.831688e+01 -5.615529e+01
      vertex   -5.000000e-01 8.833732e+01 -5.600000e+01
    endloop
  endfacet
  facet normal 0.000000e+00 -9.914449e-01 1.305262e-01
    outer loop
      vertex   -5.000000e-01 8.833732e+01 -5.600000e+01
      vertex   5.000000e-01 8.831688e+01 -5.615529e+01
      vertex   5.000000e-01 8.833732e+01 -5.600000e+01
    endloop
  endfacet
  facet normal 0.000000e+00 -9.914449e-01 -1.305262e-01
    outer loop
      vertex   -5.000000e-01 8.833732e+01 -5.600000e+01
      vertex   5.000000e-01 8.833732e+01 -5.600000e+01
      vertex   -5.000000e-01 8.831688e+01 -5.584471e+01
    endloop
  endfacet
  facet normal 0.000000e+00 -9.914449e-01 -1.305262e-01
    outer loop
      vertex   -5.000000e-01 8.831688e+01 -5.584471e+01
      vertex   5.000000e-01 8.833732e+01 -5.600000e+01
      vertex   5.000000e-01 8.831688e+01 -5.584471e+01
    endloop
  endfacet
  facet normal 0.000000e+00 -9.238795e-01 -3.826834e-01
    outer loop
      vertex   -5.000000e-01 8.831688e+01 -5.584471e+01
      vertex   5.000000e-01 8.831688e+01 -5.584471e+01
      vertex   -5.000000e-01 8.825694e+01 -5.570000e+01
    endloop
  endfacet
  facet normal 2.719129e-15 -9.238795e-01 -3.826834e-01
    outer loop
      vertex   -5.000000e-01 8.825694e+01 -5.570000e+01
      vertex   5.000000e-01 8.831688e+01 -5.584471e+01
      vertex   5.000000e-01 8.825694e+01 -5.570000e+01
    endloop
  endfacet
  facet normal 4.325510e-15 -7.933533e-01 -6.087614e-01
    outer loop
      vertex   -5.000000e-01 8.825694e+01 -5.570000e+01
      vertex   5.000000e-01 8.825694e+01 -5.570000e+01
      vertex   -5.000000e-01 8.816159e+01 -5.557573e+01
    endloop
  endfacet
  facet normal 0.000000e+00 -7.933533e-01 -6.087614e-01
    outer loop
      vertex   -5.000000e-01 8.816159e+01 -5.557573e+01
      vertex   5.000000e-01 8.825694e+01 -5.570000e+01
      vertex   5.000000e-01 8.816159e+01 -5.557573e+01
    endloop
  endfacet
  facet normal 0.000000e+00 -6.087614e-01 -7.933533e-01
    outer loop
      vertex   -5.000000e-01 8.816159e+01 -5.557573e+01
      vertex   5.000000e-01 8.816159e+01 -5.557573e+01
      vertex   -5.000000e-01 8.803732e+01 -5.548038e+01
    endloop
  endfacet
  facet normal 0.000000e+00 -6.087614e-01 -7.933533e-01
    outer loop
      vertex   -5.000000e-01 8.803732e+01 -5.548038e+01
      vertex   5.000000e-01 8.816159e+01 -5.557573e+01
      vertex   5.000000e-01 8.803732e+01 -5.548038e+01
    endloop
  endfacet
  facet normal 0.000000e+00 -3.826834e-01 -9.238795e-01
    outer loop
      vertex   -5.000000e-01 8.803732e+01 -5.548038e+01
      vertex   5.000000e-01 8.803732e+01 -5.548038e+01
      vertex   -5.000000e-01 8.789261e+01 -5.542044e+01
    endloop
  endfacet
  facet normal 0.000000e+00 -3.826834e-01 -9.238795e-01
    outer loop
      vertex   -5.000000e-01 8.789261e+01 -5.542044e+01
      vertex   5.000000e-01 8.803732e+01 -5.548038e+01
      vertex   5.000000e-01 8.789261e+01 -5.542044e+01
    endloop
  endfacet
  facet normal -1.213664e-14 9.718469e-01 -2.356132e-01
    outer loop
      vertex   5.000000e-01 9.229030e+01 -5.887565e+01
      vertex   5.000000e-01 9.215469e+01 -5.943499e+01
      vertex   -5.000000e-01 9.229030e+01 -5.887565e+01
    endloop
  endfacet
  facet normal 5.015346e-15 9.718469e-01 -2.356132e-01
    outer loop
      vertex   -5.000000e-01 9.229030e+01 -5.887565e+01
      vertex   5.000000e-01 9.215469e+01 -5.943499e+01
      vertex   -5.000000e-01 9.215469e+01 -5.943499e+01
    endloop
  endfacet
  facet normal 5.730645e-15 9.631852e-01 -2.688389e-01
    outer loop
      vertex   -5.000000e-01 9.215469e+01 -5.943499e+01
      vertex   5.000000e-01 9.215469e+01 -5.943499e+01
      vertex   5.000000e-01 9.200639e+01 -5.996631e+01
    endloop
  endfacet
  facet normal 2.133395e-14 9.631852e-01 -2.688389e-01
    outer loop
      vertex   -5.000000e-01 9.215469e+01 -5.943499e+01
      vertex   5.000000e-01 9.200639e+01 -5.996631e+01
      vertex   -5.000000e-01 9.200639e+01 -5.996631e+01
    endloop
  endfacet
  facet normal 2.469284e-14 9.104747e-01 -4.135649e-01
    outer loop
      vertex   -5.000000e-01 9.200639e+01 -5.996631e+01
      vertex   5.000000e-01 9.200639e+01 -5.996631e+01
      vertex   5.000000e-01 9.190119e+01 -6.019791e+01
    endloop
  endfacet
  facet normal -2.707401e-14 9.104747e-01 -4.135649e-01
    outer loop
      vertex   -5.000000e-01 9.200639e+01 -5.996631e+01
      vertex   5.000000e-01 9.190119e+01 -6.019791e+01
      vertex   -5.000000e-01 9.190119e+01 -6.019791e+01
    endloop
  endfacet
  facet normal -1.865202e-14 8.195303e-01 -5.730359e-01
    outer loop
      vertex   -5.000000e-01 9.190119e+01 -6.019791e+01
      vertex   5.000000e-01 9.190119e+01 -6.019791e+01
      vertex   5.000000e-01 9.176109e+01 -6.039828e+01
    endloop
  endfacet
  facet normal 2.036374e-14 8.195303e-01 -5.730359e-01
    outer loop
      vertex   -5.000000e-01 9.190119e+01 -6.019791e+01
      vertex   5.000000e-01 9.176109e+01 -6.039828e+01
      vertex   -5.000000e-01 9.176109e+01 -6.039828e+01
    endloop
  endfacet
  facet normal 2.502382e-14 7.098449e-01 -7.043580e-01
    outer loop
      vertex   -5.000000e-01 9.176109e+01 -6.039828e+01
      vertex   5.000000e-01 9.176109e+01 -6.039828e+01
      vertex   5.000000e-01 9.157972e+01 -6.058106e+01
    endloop
  endfacet
  facet normal -2.023731e-14 7.098449e-01 -7.043580e-01
    outer loop
      vertex   -5.000000e-01 9.176109e+01 -6.039828e+01
      vertex   5.000000e-01 9.157972e+01 -6.058106e+01
      vertex   -5.000000e-01 9.157972e+01 -6.058106e+01
    endloop
  endfacet
  facet normal -1.568616e-14 6.274821e-01 -7.786310e-01
    outer loop
      vertex   -5.000000e-01 9.157972e+01 -6.058106e+01
      vertex   5.000000e-01 9.157972e+01 -6.058106e+01
      vertex   5.000000e-01 9.133269e+01 -6.078014e+01
    endloop
  endfacet
  facet normal -2.799520e-14 6.274821e-01 -7.786310e-01
    outer loop
      vertex   -5.000000e-01 9.157972e+01 -6.058106e+01
      vertex   5.000000e-01 9.133269e+01 -6.078014e+01
      vertex   -5.000000e-01 9.133269e+01 -6.078014e+01
    endloop
  endfacet
  facet normal -2.269175e-14 5.665634e-01 -8.240182e-01
    outer loop
      vertex   -5.000000e-01 9.133269e+01 -6.078014e+01
      vertex   5.000000e-01 9.133269e+01 -6.078014e+01
      vertex   5.000000e-01 9.066532e+01 -6.123899e+01
    endloop
  endfacet
  facet normal -1.973990e-14 5.665634e-01 -8.240182e-01
    outer loop
      vertex   -5.000000e-01 9.133269e+01 -6.078014e+01
      vertex   5.000000e-01 9.066532e+01 -6.123899e+01
      vertex   -5.000000e-01 9.066532e+01 -6.123899e+01
    endloop
  endfacet
  facet normal -1.949991e-14 5.149855e-01 -8.571989e-01
    outer loop
      vertex   -5.000000e-01 9.066532e+01 -6.123899e+01
      vertex   5.000000e-01 9.066532e+01 -6.123899e+01
      vertex   5.000000e-01 9.032952e+01 -6.144074e+01
    endloop
  endfacet
  facet normal -1.463068e-14 5.149855e-01 -8.571989e-01
    outer loop
      vertex   -5.000000e-01 9.066532e+01 -6.123899e+01
      vertex   5.000000e-01 9.032952e+01 -6.144074e+01
      vertex   -5.000000e-01 9.032952e+01 -6.144074e+01
    endloop
  endfacet
  facet normal -1.355333e-14 4.768655e-01 -8.789763e-01
    outer loop
      vertex   -5.000000e-01 9.032952e+01 -6.144074e+01
      vertex   5.000000e-01 9.032952e+01 -6.144074e+01
      vertex   5.000000e-01 9.003573e+01 -6.160012e+01
    endloop
  endfacet
  facet normal 1.820692e-14 4.768655e-01 -8.789763e-01
    outer loop
      vertex   -5.000000e-01 9.032952e+01 -6.144074e+01
      vertex   5.000000e-01 9.003573e+01 -6.160012e+01
      vertex   -5.000000e-01 9.003573e+01 -6.160012e+01
    endloop
  endfacet
  facet normal 1.954524e-14 4.301452e-01 -9.027597e-01
    outer loop
      vertex   -5.000000e-01 9.003573e+01 -6.160012e+01
      vertex   5.000000e-01 9.003573e+01 -6.160012e+01
      vertex   5.000000e-01 8.977657e+01 -6.172361e+01
    endloop
  endfacet
  facet normal -6.090936e-15 4.301452e-01 -9.027597e-01
    outer loop
      vertex   -5.000000e-01 9.003573e+01 -6.160012e+01
      vertex   5.000000e-01 8.977657e+01 -6.172361e+01
      vertex   -5.000000e-01 8.977657e+01 -6.172361e+01
    endloop
  endfacet
  facet normal -5.320046e-15 3.743649e-01 -9.272815e-01
    outer loop
      vertex   -5.000000e-01 8.977657e+01 -6.172361e+01
      vertex   5.000000e-01 8.977657e+01 -6.172361e+01
      vertex   5.000000e-01 8.953988e+01 -6.181916e+01
    endloop
  endfacet
  facet normal -5.328258e-15 3.743649e-01 -9.272815e-01
    outer loop
      vertex   -5.000000e-01 8.977657e+01 -6.172361e+01
      vertex   5.000000e-01 8.953988e+01 -6.181916e+01
      vertex   -5.000000e-01 8.953988e+01 -6.181916e+01
    endloop
  endfacet
  facet normal -4.161262e-15 2.928228e-01 -9.561667e-01
    outer loop
      vertex   -5.000000e-01 8.953988e+01 -6.181916e+01
      vertex   5.000000e-01 8.953988e+01 -6.181916e+01
      vertex   5.000000e-01 8.908539e+01 -6.195835e+01
    endloop
  endfacet
  facet normal 4.230605e-14 2.928228e-01 -9.561667e-01
    outer loop
      vertex   -5.000000e-01 8.953988e+01 -6.181916e+01
      vertex   5.000000e-01 8.908539e+01 -6.195835e+01
      vertex   -5.000000e-01 8.908539e+01 -6.195835e+01
    endloop
  endfacet
  facet normal 4.120075e-14 2.344674e-01 -9.721240e-01
    outer loop
      vertex   -5.000000e-01 8.908539e+01 -6.195835e+01
      vertex   5.000000e-01 8.908539e+01 -6.195835e+01
      vertex   5.000000e-01 8.857517e+01 -6.208141e+01
    endloop
  endfacet
  facet normal 0.000000e+00 2.344674e-01 -9.721240e-01
    outer loop
      vertex   -5.000000e-01 8.908539e+01 -6.195835e+01
      vertex   5.000000e-01 8.857517e+01 -6.208141e+01
      vertex   -5.000000e-01 8.857517e+01 -6.208141e+01
    endloop
  endfacet
  facet normal 0.000000e+00 2.442442e-01 -9.697138e-01
    outer loop
      vertex   -5.000000e-01 8.857517e+01 -6.208141e+01
      vertex   5.000000e-01 8.857517e+01 -6.208141e+01
      vertex   5.000000e-01 8.799460e+01 -6.222764e+01
    endloop
  endfacet
  facet normal 6.884380e-15 2.442442e-01 -9.697138e-01
    outer loop
      vertex   -5.000000e-01 8.857517e+01 -6.208141e+01
      vertex   5.000000e-01 8.799460e+01 -6.222764e+01
      vertex   -5.000000e-01 8.799460e+01 -6.222764e+01
    endloop
  endfacet
  facet normal 6.854333e-15 2.634919e-01 -9.646616e-01
    outer loop
      vertex   -5.000000e-01 8.799460e+01 -6.222764e+01
      vertex   5.000000e-01 8.799460e+01 -6.222764e+01
      vertex   5.000000e-01 8.754858e+01 -6.234947e+01
    endloop
  endfacet
  facet normal 0.000000e+00 2.634919e-01 -9.646616e-01
    outer loop
      vertex   -5.000000e-01 8.799460e+01 -6.222764e+01
      vertex   5.000000e-01 8.754858e+01 -6.234947e+01
      vertex   -5.000000e-01 8.754858e+01 -6.234947e+01
    endloop
  endfacet
  facet normal 0.000000e+00 2.657004e-01 -9.640557e-01
    outer loop
      vertex   -5.000000e-01 8.754858e+01 -6.234947e+01
      vertex   5.000000e-01 8.754858e+01 -6.234947e+01
      vertex   5.000000e-01 8.717777e+01 -6.245166e+01
    endloop
  endfacet
  facet normal 0.000000e+00 2.657004e-01 -9.640557e-01
    outer loop
      vertex   -5.000000e-01 8.754858e+01 -6.234947e+01
      vertex   5.000000e-01 8.717777e+01 -6.245166e+01
      vertex   -5.000000e-01 8.717777e+01 -6.245166e+01
    endloop
  endfacet
  facet normal 0.000000e+00 2.395590e-01 -9.708818e-01
    outer loop
      vertex   -5.000000e-01 8.717777e+01 -6.245166e+01
      vertex   5.000000e-01 8.717777e+01 -6.245166e+01
      vertex   5.000000e-01 8.679639e+01 -6.254577e+01
    endloop
  endfacet
  facet normal 1.038652e-14 2.395590e-01 -9.708818e-01
    outer loop
      vertex   -5.000000e-01 8.717777e+01 -6.245166e+01
      vertex   5.000000e-01 8.679639e+01 -6.254577e+01
      vertex   -5.000000e-01 8.679639e+01 -6.254577e+01
    endloop
  endfacet
  facet normal 1.090575e-14 2.102282e-01 -9.776523e-01
    outer loop
      vertex   -5.000000e-01 8.679639e+01 -6.254577e+01
      vertex   5.000000e-01 8.679639e+01 -6.254577e+01
      vertex   5.000000e-01 8.657492e+01 -6.259339e+01
    endloop
  endfacet
  facet normal 0.000000e+00 2.102282e-01 -9.776523e-01
    outer loop
      vertex   -5.000000e-01 8.679639e+01 -6.254577e+01
      vertex   5.000000e-01 8.657492e+01 -6.259339e+01
      vertex   -5.000000e-01 8.657492e+01 -6.259339e+01
    endloop
  endfacet
  facet normal 0.000000e+00 1.912164e-01 -9.815479e-01
    outer loop
      vertex   -5.000000e-01 8.657492e+01 -6.259339e+01
      vertex   5.000000e-01 8.657492e+01 -6.259339e+01
      vertex   5.000000e-01 8.631863e+01 -6.264332e+01
    endloop
  endfacet
  facet normal 1.938644e-14 1.912164e-01 -9.815479e-01
    outer loop
      vertex   -5.000000e-01 8.657492e+01 -6.259339e+01
      vertex   5.000000e-01 8.631863e+01 -6.264332e+01
      vertex   -5.000000e-01 8.631863e+01 -6.264332e+01
    endloop
  endfacet
  facet normal 1.897750e-14 1.754690e-01 -9.844850e-01
    outer loop
      vertex   -5.000000e-01 8.631863e+01 -6.264332e+01
      vertex   5.000000e-01 8.631863e+01 -6.264332e+01
      vertex   5.000000e-01 8.603568e+01 -6.269375e+01
    endloop
  endfacet
  facet normal -1.897646e-14 1.754690e-01 -9.844850e-01
    outer loop
      vertex   -5.000000e-01 8.631863e+01 -6.264332e+01
      vertex   5.000000e-01 8.603568e+01 -6.269375e+01
      vertex   -5.000000e-01 8.603568e+01 -6.269375e+01
    endloop
  endfacet
  facet normal -1.872397e-14 1.657032e-01 -9.861757e-01
    outer loop
      vertex   -5.000000e-01 8.603568e+01 -6.269375e+01
      vertex   5.000000e-01 8.603568e+01 -6.269375e+01
      vertex   5.000000e-01 8.579333e+01 -6.273447e+01
    endloop
  endfacet
  facet normal 0.000000e+00 1.657032e-01 -9.861757e-01
    outer loop
      vertex   -5.000000e-01 8.603568e+01 -6.269375e+01
      vertex   5.000000e-01 8.579333e+01 -6.273447e+01
      vertex   -5.000000e-01 8.579333e+01 -6.273447e+01
    endloop
  endfacet
  facet normal 0.000000e+00 1.798440e-01 -9.836951e-01
    outer loop
      vertex   -5.000000e-01 8.579333e+01 -6.273447e+01
      vertex   5.000000e-01 8.579333e+01 -6.273447e+01
      vertex   5.000000e-01 8.536584e+01 -6.281263e+01
    endloop
  endfacet
  facet normal 5.109484e-15 1.798440e-01 -9.836951e-01
    outer loop
      vertex   -5.000000e-01 8.579333e+01 -6.273447e+01
      vertex   5.000000e-01 8.536584e+01 -6.281263e+01
      vertex   -5.000000e-01 8.536584e+01 -6.281263e+01
    endloop
  endfacet
  facet normal 6.329298e-15 2.226924e-01 -9.748888e-01
    outer loop
      vertex   -5.000000e-01 8.536584e+01 -6.281263e+01
      vertex   5.000000e-01 8.536584e+01 -6.281263e+01
      vertex   5.000000e-01 8.513301e+01 -6.286581e+01
    endloop
  endfacet
  facet normal 0.000000e+00 2.226924e-01 -9.748888e-01
    outer loop
      vertex   -5.000000e-01 8.536584e+01 -6.281263e+01
      vertex   5.000000e-01 8.513301e+01 -6.286581e+01
      vertex   -5.000000e-01 8.513301e+01 -6.286581e+01
    endloop
  endfacet
  facet normal 0.000000e+00 2.548294e-01 -9.669860e-01
    outer loop
      vertex   -5.000000e-01 8.513301e+01 -6.286581e+01
      vertex   5.000000e-01 8.513301e+01 -6.286581e+01
      vertex   5.000000e-01 8.485564e+01 -6.293891e+01
    endloop
  endfacet
  facet normal -1.123679e-14 2.548294e-01 -9.669860e-01
    outer loop
      vertex   -5.000000e-01 8.513301e+01 -6.286581e+01
      vertex   5.000000e-01 8.485564e+01 -6.293891e+01
      vertex   -5.000000e-01 8.485564e+01 -6.293891e+01
    endloop
  endfacet
  facet normal -1.206932e-14 2.662509e-01 -9.639038e-01
    outer loop
      vertex   -5.000000e-01 8.485564e+01 -6.293891e+01
      vertex   5.000000e-01 8.485564e+01 -6.293891e+01
      vertex   5.000000e-01 8.451932e+01 -6.303181e+01
    endloop
  endfacet
  facet normal -7.159358e-16 2.662509e-01 -9.639038e-01
    outer loop
      vertex   -5.000000e-01 8.485564e+01 -6.293891e+01
      vertex   5.000000e-01 8.451932e+01 -6.303181e+01
      vertex   -5.000000e-01 8.451932e+01 -6.303181e+01
    endloop
  endfacet
  facet normal 8.728576e-16 2.135235e-01 -9.769379e-01
    outer loop
      vertex   -5.000000e-01 8.451932e+01 -6.303181e+01
      vertex   5.000000e-01 8.451932e+01 -6.303181e+01
      vertex   5.000000e-01 8.410211e+01 -6.312300e+01
    endloop
  endfacet
  facet normal 1.779161e-14 2.135235e-01 -9.769379e-01
    outer loop
      vertex   -5.000000e-01 8.451932e+01 -6.303181e+01
      vertex   5.000000e-01 8.410211e+01 -6.312300e+01
      vertex   -5.000000e-01 8.410211e+01 -6.312300e+01
    endloop
  endfacet
  facet normal 1.896683e-14 1.486605e-01 -9.888883e-01
    outer loop
      vertex   -5.000000e-01 8.410211e+01 -6.312300e+01
      vertex   5.000000e-01 8.410211e+01 -6.312300e+01
      vertex   5.000000e-01 8.385070e+01 -6.316079e+01
    endloop
  endfacet
  facet normal -2.181427e-14 1.486605e-01 -9.888883e-01
    outer loop
      vertex   -5.000000e-01 8.410211e+01 -6.312300e+01
      vertex   5.000000e-01 8.385070e+01 -6.316079e+01
      vertex   -5.000000e-01 8.385070e+01 -6.316079e+01
    endloop
  endfacet
  facet normal -1.700924e-14 9.991730e-02 -9.949957e-01
    outer loop
      vertex   -5.000000e-01 8.385070e+01 -6.316079e+01
      vertex   5.000000e-01 8.385070e+01 -6.316079e+01
      vertex   5.000000e-01 8.356410e+01 -6.318957e+01
    endloop
  endfacet
  facet normal -1.274943e-14 9.991730e-02 -9.949957e-01
    outer loop
      vertex   -5.000000e-01 8.385070e+01 -6.316079e+01
      vertex   5.000000e-01 8.356410e+01 -6.318957e+01
      vertex   -5.000000e-01 8.356410e+01 -6.318957e+01
    endloop
  endfacet
  facet normal -1.002274e-14 5.148778e-02 -9.986736e-01
    outer loop
      vertex   -5.000000e-01 8.356410e+01 -6.318957e+01
      vertex   5.000000e-01 8.356410e+01 -6.318957e+01
      vertex   5.000000e-01 8.323753e+01 -6.320641e+01
    endloop
  endfacet
  facet normal 4.899209e-15 5.148778e-02 -9.986736e-01
    outer loop
      vertex   -5.000000e-01 8.356410e+01 -6.318957e+01
      vertex   5.000000e-01 8.323753e+01 -6.320641e+01
      vertex   -5.000000e-01 8.323753e+01 -6.320641e+01
    endloop
  endfacet
  facet normal 7.326076e-15 -5.177814e-03 -9.999866e-01
    outer loop
      vertex   -5.000000e-01 8.323753e+01 -6.320641e+01
      vertex   5.000000e-01 8.323753e+01 -6.320641e+01
      vertex   5.000000e-01 8.288460e+01 -6.320458e+01
    endloop
  endfacet
  facet normal 1.471430e-16 -5.177814e-03 -9.999866e-01
    outer loop
      vertex   -5.000000e-01 8.323753e+01 -6.320641e+01
      vertex   5.000000e-01 8.288460e+01 -6.320458e+01
      vertex   -5.000000e-01 8.288460e+01 -6.320458e+01
    endloop
  endfacet
  facet normal 2.651684e-15 -9.329783e-02 -9.956382e-01
    outer loop
      vertex   -5.000000e-01 8.288460e+01 -6.320458e+01
      vertex   5.000000e-01 8.288460e+01 -6.320458e+01
      vertex   5.000000e-01 8.254316e+01 -6.317258e+01
    endloop
  endfacet
  facet normal 0.000000e+00 -9.329783e-02 -9.956382e-01
    outer loop
      vertex   -5.000000e-01 8.288460e+01 -6.320458e+01
      vertex   5.000000e-01 8.254316e+01 -6.317258e+01
      vertex   -5.000000e-01 8.254316e+01 -6.317258e+01
    endloop
  endfacet
  facet normal 0.000000e+00 -2.379285e-01 -9.712827e-01
    outer loop
      vertex   -5.000000e-01 8.254316e+01 -6.317258e+01
      vertex   5.000000e-01 8.254316e+01 -6.317258e+01
      vertex   5.000000e-01 8.224179e+01 -6.309876e+01
    endloop
  endfacet
  facet normal -6.899271e-15 -2.379285e-01 -9.712827e-01
    outer loop
      vertex   -5.000000e-01 8.254316e+01 -6.317258e+01
      vertex   5.000000e-01 8.224179e+01 -6.309876e+01
      vertex   -5.000000e-01 8.224179e+01 -6.309876e+01
    endloop
  endfacet
  facet normal -6.395131e-15 -4.358183e-01 -9.000346e-01
    outer loop
      vertex   -5.000000e-01 8.224179e+01 -6.309876e+01
      vertex   5.000000e-01 8.224179e+01 -6.309876e+01
      vertex   5.000000e-01 8.198251e+01 -6.297321e+01
    endloop
  endfacet
  facet normal 1.240451e-14 -4.358183e-01 -9.000346e-01
    outer loop
      vertex   -5.000000e-01 8.224179e+01 -6.309876e+01
      vertex   5.000000e-01 8.198251e+01 -6.297321e+01
      vertex   -5.000000e-01 8.198251e+01 -6.297321e+01
    endloop
  endfacet
  facet normal 1.802829e-14 -6.343142e-01 -7.730754e-01
    outer loop
      vertex   -5.000000e-01 8.198251e+01 -6.297321e+01
      vertex   5.000000e-01 8.198251e+01 -6.297321e+01
      vertex   5.000000e-01 8.176720e+01 -6.279655e+01
    endloop
  endfacet
  facet normal -2.042979e-14 -6.343142e-01 -7.730754e-01
    outer loop
      vertex   -5.000000e-01 8.198251e+01 -6.297321e+01
      vertex   5.000000e-01 8.176720e+01 -6.279655e+01
      vertex   -5.000000e-01 8.176720e+01 -6.279655e+01
    endloop
  endfacet
  facet normal -9.072767e-15 -7.787076e-01 -6.273870e-01
    outer loop
      vertex   -5.000000e-01 8.176720e+01 -6.279655e+01
      vertex   5.000000e-01 8.176720e+01 -6.279655e+01
      vertex   5.000000e-01 8.156999e+01 -6.255177e+01
    endloop
  endfacet
  facet normal 4.150067e-15 -7.787076e-01 -6.273870e-01
    outer loop
      vertex   -5.000000e-01 8.176720e+01 -6.279655e+01
      vertex   5.000000e-01 8.156999e+01 -6.255177e+01
      vertex   -5.000000e-01 8.156999e+01 -6.255177e+01
    endloop
  endfacet
  facet normal 1.373315e-14 -8.443544e-01 -5.357852e-01
    outer loop
      vertex   -5.000000e-01 8.156999e+01 -6.255177e+01
      vertex   5.000000e-01 8.156999e+01 -6.255177e+01
      vertex   5.000000e-01 8.145990e+01 -6.237827e+01
    endloop
  endfacet
  facet normal -6.449935e-15 -8.443544e-01 -5.357852e-01
    outer loop
      vertex   -5.000000e-01 8.156999e+01 -6.255177e+01
      vertex   5.000000e-01 8.145990e+01 -6.237827e+01
      vertex   -5.000000e-01 8.145990e+01 -6.237827e+01
    endloop
  endfacet
  facet normal -3.310440e-15 -8.699178e-01 -4.931968e-01
    outer loop
      vertex   -5.000000e-01 8.145990e+01 -6.237827e+01
      vertex   5.000000e-01 8.145990e+01 -6.237827e+01
      vertex   5.000000e-01 8.133376e+01 -6.215578e+01
    endloop
  endfacet
  facet normal -1.566757e-14 -8.699178e-01 -4.931968e-01
    outer loop
      vertex   -5.000000e-01 8.145990e+01 -6.237827e+01
      vertex   5.000000e-01 8.133376e+01 -6.215578e+01
      vertex   -5.000000e-01 8.133376e+01 -6.215578e+01
    endloop
  endfacet
  facet normal -1.373840e-14 -8.862298e-01 -4.632459e-01
    outer loop
      vertex   -5.000000e-01 8.133376e+01 -6.215578e+01
      vertex   5.000000e-01 8.133376e+01 -6.215578e+01
      vertex   5.000000e-01 8.120504e+01 -6.190953e+01
    endloop
  endfacet
  facet normal -7.167220e-15 -8.862298e-01 -4.632459e-01
    outer loop
      vertex   -5.000000e-01 8.133376e+01 -6.215578e+01
      vertex   5.000000e-01 8.120504e+01 -6.190953e+01
      vertex   -5.000000e-01 8.120504e+01 -6.190953e+01
    endloop
  endfacet
  facet normal -4.402377e-15 -9.131411e-01 -4.076436e-01
    outer loop
      vertex   -5.000000e-01 8.120504e+01 -6.190953e+01
      vertex   5.000000e-01 8.120504e+01 -6.190953e+01
      vertex   5.000000e-01 8.112164e+01 -6.172271e+01
    endloop
  endfacet
  facet normal 0.000000e+00 -9.131411e-01 -4.076436e-01
    outer loop
      vertex   -5.000000e-01 8.120504e+01 -6.190953e+01
      vertex   5.000000e-01 8.112164e+01 -6.172271e+01
      vertex   -5.000000e-01 8.112164e+01 -6.172271e+01
    endloop
  endfacet
  facet normal 0.000000e+00 -9.538844e-01 -3.001742e-01
    outer loop
      vertex   -5.000000e-01 8.112164e+01 -6.172271e+01
      vertex   5.000000e-01 8.112164e+01 -6.172271e+01
      vertex   5.000000e-01 8.107018e+01 -6.155921e+01
    endloop
  endfacet
  facet normal 5.019769e-15 -9.538844e-01 -3.001742e-01
    outer loop
      vertex   -5.000000e-01 8.112164e+01 -6.172271e+01
      vertex   5.000000e-01 8.107018e+01 -6.155921e+01
      vertex   -5.000000e-01 8.107018e+01 -6.155921e+01
    endloop
  endfacet
  facet normal 9.005112e-15 -9.844957e-01 -1.754087e-01
    outer loop
      vertex   -5.000000e-01 8.107018e+01 -6.155921e+01
      vertex   5.000000e-01 8.107018e+01 -6.155921e+01
      vertex   5.000000e-01 8.103328e+01 -6.135205e+01
    endloop
  endfacet
  facet normal 1.676444e-14 -9.844957e-01 -1.754087e-01
    outer loop
      vertex   -5.000000e-01 8.107018e+01 -6.155921e+01
      vertex   5.000000e-01 8.103328e+01 -6.135205e+01
      vertex   -5.000000e-01 8.103328e+01 -6.135205e+01
    endloop
  endfacet
  facet normal 2.189444e-14 -9.950026e-01 -9.984917e-02
    outer loop
      vertex   -5.000000e-01 8.103328e+01 -6.135205e+01
      vertex   5.000000e-01 8.103328e+01 -6.135205e+01
      vertex   5.000000e-01 8.100390e+01 -6.105936e+01
    endloop
  endfacet
  facet normal -4.965470e-15 -9.950026e-01 -9.984917e-02
    outer loop
      vertex   -5.000000e-01 8.103328e+01 -6.135205e+01
      vertex   5.000000e-01 8.100390e+01 -6.105936e+01
      vertex   -5.000000e-01 8.100390e+01 -6.105936e+01
    endloop
  endfacet
  facet normal -3.050407e-15 -9.981176e-01 -6.132951e-02
    outer loop
      vertex   -5.000000e-01 8.100390e+01 -6.105936e+01
      vertex   5.000000e-01 8.100390e+01 -6.105936e+01
      vertex   5.000000e-01 8.098149e+01 -6.069463e+01
    endloop
  endfacet
  facet normal -9.584708e-15 -9.981176e-01 -6.132951e-02
    outer loop
      vertex   -5.000000e-01 8.100390e+01 -6.105936e+01
      vertex   5.000000e-01 8.098149e+01 -6.069463e+01
      vertex   -5.000000e-01 8.098149e+01 -6.069463e+01
    endloop
  endfacet
  facet normal -5.910798e-15 -9.992849e-01 -3.781231e-02
    outer loop
      vertex   -5.000000e-01 8.098149e+01 -6.069463e+01
      vertex   5.000000e-01 8.098149e+01 -6.069463e+01
      vertex   5.000000e-01 8.096549e+01 -6.027170e+01
    endloop
  endfacet
  facet normal -2.037900e-14 -9.992849e-01 -3.781231e-02
    outer loop
      vertex   -5.000000e-01 8.098149e+01 -6.069463e+01
      vertex   5.000000e-01 8.096549e+01 -6.027170e+01
      vertex   -5.000000e-01 8.096549e+01 -6.027170e+01
    endloop
  endfacet
  facet normal -1.775615e-14 -9.997642e-01 -2.171423e-02
    outer loop
      vertex   -5.000000e-01 8.096549e+01 -6.027170e+01
      vertex   5.000000e-01 8.096549e+01 -6.027170e+01
      vertex   5.000000e-01 8.095534e+01 -5.980441e+01
    endloop
  endfacet
  facet normal -1.821934e-14 -9.997642e-01 -2.171423e-02
    outer loop
      vertex   -5.000000e-01 8.096549e+01 -6.027170e+01
      vertex   5.000000e-01 8.095534e+01 -5.980441e+01
      vertex   -5.000000e-01 8.095534e+01 -5.980441e+01
    endloop
  endfacet
  facet normal -1.358672e-14 -9.999943e-01 3.378006e-03
    outer loop
      vertex   -5.000000e-01 8.095534e+01 -5.980441e+01
      vertex   5.000000e-01 8.095534e+01 -5.980441e+01
      vertex   5.000000e-01 8.096222e+01 -5.776839e+01
    endloop
  endfacet
  facet normal 2.641231e-16 -9.999943e-01 3.378006e-03
    outer loop
      vertex   -5.000000e-01 8.095534e+01 -5.980441e+01
      vertex   5.000000e-01 8.096222e+01 -5.776839e+01
      vertex   -5.000000e-01 8.096222e+01 -5.776839e+01
    endloop
  endfacet
  facet normal 2.108530e-15 -9.996360e-01 2.697720e-02
    outer loop
      vertex   -5.000000e-01 8.096222e+01 -5.776839e+01
      vertex   5.000000e-01 8.096222e+01 -5.776839e+01
      vertex   5.000000e-01 8.101264e+01 -5.590014e+01
    endloop
  endfacet
  facet normal -1.209616e-14 -9.996360e-01 2.697720e-02
    outer loop
      vertex   -5.000000e-01 8.096222e+01 -5.776839e+01
      vertex   5.000000e-01 8.101264e+01 -5.590014e+01
      vertex   -5.000000e-01 8.101264e+01 -5.590014e+01
    endloop
  endfacet
  facet normal -1.233746e-14 -9.997140e-01 2.391678e-02
    outer loop
      vertex   -5.000000e-01 8.101264e+01 -5.590014e+01
      vertex   5.000000e-01 8.101264e+01 -5.590014e+01
      vertex   5.000000e-01 8.103496e+01 -5.496695e+01
    endloop
  endfacet
  facet normal 4.419258e-15 -9.997140e-01 2.391678e-02
    outer loop
      vertex   -5.000000e-01 8.101264e+01 -5.590014e+01
      vertex   5.000000e-01 8.103496e+01 -5.496695e+01
      vertex   -5.000000e-01 8.103496e+01 -5.496695e+01
    endloop
  endfacet
  facet normal 1.909162e-15 -9.999466e-01 1.033426e-02
    outer loop
      vertex   -5.000000e-01 8.103496e+01 -5.496695e+01
      vertex   5.000000e-01 8.103496e+01 -5.496695e+01
      vertex   5.000000e-01 8.104508e+01 -5.398746e+01
    endloop
  endfacet
  facet normal 1.762101e-15 -9.999466e-01 1.033426e-02
    outer loop
      vertex   -5.000000e-01 8.103496e+01 -5.496695e+01
      vertex   5.000000e-01 8.104508e+01 -5.398746e+01
      vertex   -5.000000e-01 8.104508e+01 -5.398746e+01
    endloop
  endfacet
  facet normal -1.567886e-15 -9.999577e-01 -9.194183e-03
    outer loop
      vertex   -5.000000e-01 8.104508e+01 -5.398746e+01
      vertex   5.000000e-01 8.104508e+01 -5.398746e+01
      vertex   5.000000e-01 8.103535e+01 -5.292818e+01
    endloop
  endfacet
  facet normal 1.211970e-14 -9.999577e-01 -9.194183e-03
    outer loop
      vertex   -5.000000e-01 8.104508e+01 -5.398746e+01
      vertex   5.000000e-01 8.103535e+01 -5.292818e+01
      vertex   -5.000000e-01 8.103535e+01 -5.292818e+01
    endloop
  endfacet
  facet normal 7.089046e-15 -9.995103e-01 -3.129144e-02
    outer loop
      vertex   -5.000000e-01 8.103535e+01 -5.292818e+01
      vertex   5.000000e-01 8.103535e+01 -5.292818e+01
      vertex   5.000000e-01 8.099900e+01 -5.176719e+01
    endloop
  endfacet
  facet normal -3.554396e-15 -9.995103e-01 -3.129144e-02
    outer loop
      vertex   -5.000000e-01 8.103535e+01 -5.292818e+01
      vertex   5.000000e-01 8.099900e+01 -5.176719e+01
      vertex   -5.000000e-01 8.099900e+01 -5.176719e+01
    endloop
  endfacet
  facet normal -4.277234e-15 -9.992920e-01 -3.762295e-02
    outer loop
      vertex   -5.000000e-01 8.099900e+01 -5.176719e+01
      vertex   5.000000e-01 8.099900e+01 -5.176719e+01
      vertex   5.000000e-01 8.098944e+01 -5.151330e+01
    endloop
  endfacet
  facet normal -4.277599e-15 -9.992920e-01 -3.762295e-02
    outer loop
      vertex   -5.000000e-01 8.099900e+01 -5.176719e+01
      vertex   5.000000e-01 8.098944e+01 -5.151330e+01
      vertex   -5.000000e-01 8.098944e+01 -5.151330e+01
    endloop
  endfacet
  facet normal -3.971221e-15 -9.993897e-01 -3.493123e-02
    outer loop
      vertex   -5.000000e-01 8.098944e+01 -5.151330e+01
      vertex   5.000000e-01 8.098944e+01 -5.151330e+01
      vertex   5.000000e-01 8.098156e+01 -5.128772e+01
    endloop
  endfacet
  facet normal -2.730268e-15 -9.993897e-01 -3.493123e-02
    outer loop
      vertex   -5.000000e-01 8.098944e+01 -5.151330e+01
      vertex   5.000000e-01 8.098156e+01 -5.128772e+01
      vertex   -5.000000e-01 8.098156e+01 -5.128772e+01
    endloop
  endfacet
  facet normal -2.190680e-15 -9.996071e-01 -2.802826e-02
    outer loop
      vertex   -5.000000e-01 8.098156e+01 -5.128772e+01
      vertex   5.000000e-01 8.098156e+01 -5.128772e+01
      vertex   5.000000e-01 8.097102e+01 -5.091194e+01
    endloop
  endfacet
  facet normal 0.000000e+00 -9.996071e-01 -2.802826e-02
    outer loop
      vertex   -5.000000e-01 8.098156e+01 -5.128772e+01
      vertex   5.000000e-01 8.097102e+01 -5.091194e+01
      vertex   -5.000000e-01 8.097102e+01 -5.091194e+01
    endloop
  endfacet
  facet normal 0.000000e+00 -9.999773e-01 -6.737891e-03
    outer loop
      vertex   -5.000000e-01 8.097102e+01 -5.091194e+01
      vertex   5.000000e-01 8.097102e+01 -5.091194e+01
      vertex   5.000000e-01 8.096645e+01 -5.023342e+01
    endloop
  endfacet
  facet normal -6.225232e-16 -9.999773e-01 -6.737891e-03
    outer loop
      vertex   -5.000000e-01 8.097102e+01 -5.091194e+01
      vertex   5.000000e-01 8.096645e+01 -5.023342e+01
      vertex   -5.000000e-01 8.096645e+01 -5.023342e+01
    endloop
  endfacet
  facet normal 8.443637e-16 -9.999582e-01 9.141048e-03
    outer loop
      vertex   -5.000000e-01 8.096645e+01 -5.023342e+01
      vertex   5.000000e-01 8.096645e+01 -5.023342e+01
      vertex   5.000000e-01 8.097030e+01 -4.981167e+01
    endloop
  endfacet
  facet normal -1.336573e-14 -9.999582e-01 9.141048e-03
    outer loop
      vertex   -5.000000e-01 8.096645e+01 -5.023342e+01
      vertex   5.000000e-01 8.097030e+01 -4.981167e+01
      vertex   -5.000000e-01 8.097030e+01 -4.981167e+01
    endloop
  endfacet
  facet normal -1.313366e-14 -9.999321e-01 1.165121e-02
    outer loop
      vertex   -5.000000e-01 8.097030e+01 -4.981167e+01
      vertex   5.000000e-01 8.097030e+01 -4.981167e+01
      vertex   5.000000e-01 8.097326e+01 -4.955774e+01
    endloop
  endfacet
  facet normal -1.172615e-14 -9.999321e-01 1.165121e-02
    outer loop
      vertex   -5.000000e-01 8.097030e+01 -4.981167e+01
      vertex   5.000000e-01 8.097326e+01 -4.955774e+01
      vertex   -5.000000e-01 8.097326e+01 -4.955774e+01
    endloop
  endfacet
  facet normal -1.194054e-14 -9.999433e-01 1.064682e-02
    outer loop
      vertex   -5.000000e-01 8.097326e+01 -4.955774e+01
      vertex   5.000000e-01 8.097326e+01 -4.955774e+01
      vertex   5.000000e-01 8.097638e+01 -4.926463e+01
    endloop
  endfacet
  facet normal 2.345378e-15 -9.999433e-01 1.064682e-02
    outer loop
      vertex   -5.000000e-01 8.097326e+01 -4.955774e+01
      vertex   5.000000e-01 8.097638e+01 -4.926463e+01
      vertex   -5.000000e-01 8.097638e+01 -4.926463e+01
    endloop
  endfacet
  facet normal -1.069947e-15 -9.999882e-01 -4.857472e-03
    outer loop
      vertex   -5.000000e-01 8.097638e+01 -4.926463e+01
      vertex   5.000000e-01 8.097638e+01 -4.926463e+01
      vertex   5.000000e-01 8.097392e+01 -4.875844e+01
    endloop
  endfacet
  facet normal -1.465926e-14 -9.999882e-01 -4.857472e-03
    outer loop
      vertex   -5.000000e-01 8.097638e+01 -4.926463e+01
      vertex   5.000000e-01 8.097392e+01 -4.875844e+01
      vertex   -5.000000e-01 8.097392e+01 -4.875844e+01
    endloop
  endfacet
  facet normal -1.632715e-14 -9.997366e-01 -2.295149e-02
    outer loop
      vertex   -5.000000e-01 8.097392e+01 -4.875844e+01
      vertex   5.000000e-01 8.097392e+01 -4.875844e+01
      vertex   5.000000e-01 8.096394e+01 -4.832357e+01
    endloop
  endfacet
  facet normal 2.645639e-14 -9.997366e-01 -2.295149e-02
    outer loop
      vertex   -5.000000e-01 8.097392e+01 -4.875844e+01
      vertex   5.000000e-01 8.096394e+01 -4.832357e+01
      vertex   -5.000000e-01 8.096394e+01 -4.832357e+01
    endloop
  endfacet
  facet normal 2.632669e-14 -9.997005e-01 -2.447079e-02
    outer loop
      vertex   -5.000000e-01 8.096394e+01 -4.832357e+01
      vertex   5.000000e-01 8.096394e+01 -4.832357e+01
      vertex   5.000000e-01 8.095334e+01 -4.789038e+01
    endloop
  endfacet
  facet normal -1.646595e-14 -9.997005e-01 -2.447079e-02
    outer loop
      vertex   -5.000000e-01 8.096394e+01 -4.832357e+01
      vertex   5.000000e-01 8.095334e+01 -4.789038e+01
      vertex   -5.000000e-01 8.095334e+01 -4.789038e+01
    endloop
  endfacet
  facet normal -1.528228e-14 -9.999326e-01 -1.160953e-02
    outer loop
      vertex   -5.000000e-01 8.095334e+01 -4.789038e+01
      vertex   5.000000e-01 8.095334e+01 -4.789038e+01
      vertex   5.000000e-01 8.094868e+01 -4.748908e+01
    endloop
  endfacet
  facet normal 0.000000e+00 -9.999326e-01 -1.160953e-02
    outer loop
      vertex   -5.000000e-01 8.095334e+01 -4.789038e+01
      vertex   5.000000e-01 8.094868e+01 -4.748908e+01
      vertex   -5.000000e-01 8.094868e+01 -4.748908e+01
    endloop
  endfacet
  facet normal 0.000000e+00 -9.999969e-01 2.508086e-03
    outer loop
      vertex   -5.000000e-01 8.094868e+01 -4.748908e+01
      vertex   5.000000e-01 8.094868e+01 -4.748908e+01
      vertex   5.000000e-01 8.094951e+01 -4.715607e+01
    endloop
  endfacet
  facet normal 0.000000e+00 -9.999969e-01 2.508086e-03
    outer loop
      vertex   -5.000000e-01 8.094868e+01 -4.748908e+01
      vertex   5.000000e-01 8.094951e+01 -4.715607e+01
      vertex   -5.000000e-01 8.094951e+01 -4.715607e+01
    endloop
  endfacet
  facet normal 0.000000e+00 -9.999417e-01 1.080136e-02
    outer loop
      vertex   -5.000000e-01 8.094951e+01 -4.715607e+01
      vertex   5.000000e-01 8.094951e+01 -4.715607e+01
      vertex   5.000000e-01 8.095270e+01 -4.686075e+01
    endloop
  endfacet
  facet normal 0.000000e+00 -9.999417e-01 1.080136e-02
    outer loop
      vertex   -5.000000e-01 8.094951e+01 -4.715607e+01
      vertex   5.000000e-01 8.095270e+01 -4.686075e+01
      vertex   -5.000000e-01 8.095270e+01 -4.686075e+01
    endloop
  endfacet
  facet normal 0.000000e+00 -9.999989e-01 1.476393e-03
    outer loop
      vertex   -5.000000e-01 8.095270e+01 -4.686075e+01
      vertex   5.000000e-01 8.095270e+01 -4.686075e+01
      vertex   5.000000e-01 8.095359e+01 -4.626071e+01
    endloop
  endfacet
  facet normal 0.000000e+00 -9.999989e-01 1.476393e-03
    outer loop
      vertex   -5.000000e-01 8.095270e+01 -4.686075e+01
      vertex   5.000000e-01 8.095359e+01 -4.626071e+01
      vertex   -5.000000e-01 8.095359e+01 -4.626071e+01
    endloop
  endfacet
  facet normal 0.000000e+00 -9.997280e-01 -2.332153e-02
    outer loop
      vertex   -5.000000e-01 8.095359e+01 -4.626071e+01
      vertex   5.000000e-01 8.095359e+01 -4.626071e+01
      vertex   5.000000e-01 8.094471e+01 -4.588034e+01
    endloop
  endfacet
  facet normal 2.625895e-14 -9.997280e-01 -2.332153e-02
    outer loop
      vertex   -5.000000e-01 8.095359e+01 -4.626071e+01
      vertex   5.000000e-01 8.094471e+01 -4.588034e+01
      vertex   -5.000000e-01 8.094471e+01 -4.588034e+01
    endloop
  endfacet
  facet normal 2.508519e-14 -9.993546e-01 -3.592239e-02
    outer loop
      vertex   -5.000000e-01 8.094471e+01 -4.588034e+01
      vertex   5.000000e-01 8.094471e+01 -4.588034e+01
      vertex   5.000000e-01 8.092677e+01 -4.538119e+01
    endloop
  endfacet
  facet normal 1.011709e-14 -9.993546e-01 -3.592239e-02
    outer loop
      vertex   -5.000000e-01 8.094471e+01 -4.588034e+01
      vertex   5.000000e-01 8.092677e+01 -4.538119e+01
      vertex   -5.000000e-01 8.092677e+01 -4.538119e+01
    endloop
  endfacet
  facet normal 9.372992e-15 -9.990989e-01 -4.244166e-02
    outer loop
      vertex   -5.000000e-01 8.092677e+01 -4.538119e+01
      vertex   5.000000e-01 8.092677e+01 -4.538119e+01
      vertex   5.000000e-01 8.090168e+01 -4.479055e+01
    endloop
  endfacet
  facet normal 9.372427e-15 -9.990989e-01 -4.244166e-02
    outer loop
      vertex   -5.000000e-01 8.092677e+01 -4.538119e+01
      vertex   5.000000e-01 8.090168e+01 -4.479055e+01
      vertex   -5.000000e-01 8.090168e+01 -4.479055e+01
    endloop
  endfacet
  facet normal 8.927713e-15 -9.989259e-01 -4.633674e-02
    outer loop
      vertex   -5.000000e-01 8.090168e+01 -4.479055e+01
      vertex   5.000000e-01 8.090168e+01 -4.479055e+01
      vertex   5.000000e-01 8.087155e+01 -4.414091e+01
    endloop
  endfacet
  facet normal 1.686870e-14 -9.989259e-01 -4.633674e-02
    outer loop
      vertex   -5.000000e-01 8.090168e+01 -4.479055e+01
      vertex   5.000000e-01 8.087155e+01 -4.414091e+01
      vertex   -5.000000e-01 8.087155e+01 -4.414091e+01
    endloop
  endfacet
  facet normal 1.602838e-14 -9.987645e-01 -4.969328e-02
    outer loop
      vertex   -5.000000e-01 8.087155e+01 -4.414091e+01
      vertex   5.000000e-01 8.087155e+01 -4.414091e+01
      vertex   5.000000e-01 8.080456e+01 -4.279454e+01
    endloop
  endfacet
  facet normal 7.484331e-15 -9.987645e-01 -4.969328e-02
    outer loop
      vertex   -5.000000e-01 8.087155e+01 -4.414091e+01
      vertex   5.000000e-01 8.080456e+01 -4.279454e+01
      vertex   -5.000000e-01 8.080456e+01 -4.279454e+01
    endloop
  endfacet
  facet normal 7.224914e-15 -9.986675e-01 -5.160625e-02
    outer loop
      vertex   -5.000000e-01 8.080456e+01 -4.279454e+01
      vertex   5.000000e-01 8.080456e+01 -4.279454e+01
      vertex   5.000000e-01 8.077191e+01 -4.216277e+01
    endloop
  endfacet
  facet normal -5.868231e-15 -9.986675e-01 -5.160625e-02
    outer loop
      vertex   -5.000000e-01 8.080456e+01 -4.279454e+01
      vertex   5.000000e-01 8.077191e+01 -4.216277e+01
      vertex   -5.000000e-01 8.077191e+01 -4.216277e+01
    endloop
  endfacet
  facet normal -5.926523e-15 -9.986403e-01 -5.213025e-02
    outer loop
      vertex   -5.000000e-01 8.077191e+01 -4.216277e+01
      vertex   5.000000e-01 8.077191e+01 -4.216277e+01
      vertex   5.000000e-01 8.074264e+01 -4.160192e+01
    endloop
  endfacet
  facet normal 0.000000e+00 -9.986403e-01 -5.213025e-02
    outer loop
      vertex   -5.000000e-01 8.077191e+01 -4.216277e+01
      vertex   5.000000e-01 8.074264e+01 -4.160192e+01
      vertex   -5.000000e-01 8.074264e+01 -4.160192e+01
    endloop
  endfacet
  facet normal 0.000000e+00 -9.986489e-01 -5.196567e-02
    outer loop
      vertex   -5.000000e-01 8.074264e+01 -4.160192e+01
      vertex   5.000000e-01 8.074264e+01 -4.160192e+01
      vertex   5.000000e-01 8.071883e+01 -4.114447e+01
    endloop
  endfacet
  facet normal 0.000000e+00 -9.986489e-01 -5.196567e-02
    outer loop
      vertex   -5.000000e-01 8.074264e+01 -4.160192e+01
      vertex   5.000000e-01 8.071883e+01 -4.114447e+01
      vertex   -5.000000e-01 8.071883e+01 -4.114447e+01
    endloop
  endfacet
  facet normal 0.000000e+00 -9.986960e-01 -5.105270e-02
    outer loop
      vertex   -5.000000e-01 8.071883e+01 -4.114447e+01
      vertex   5.000000e-01 8.071883e+01 -4.114447e+01
      vertex   5.000000e-01 8.070957e+01 -4.096321e+01
    endloop
  endfacet
  facet normal 0.000000e+00 -9.986960e-01 -5.105270e-02
    outer loop
      vertex   -5.000000e-01 8.071883e+01 -4.114447e+01
      vertex   5.000000e-01 8.070957e+01 -4.096321e+01
      vertex   -5.000000e-01 8.070957e+01 -4.096321e+01
    endloop
  endfacet
  facet normal 0.000000e+00 -9.987715e-01 -4.955265e-02
    outer loop
      vertex   -5.000000e-01 8.070957e+01 -4.096321e+01
      vertex   5.000000e-01 8.070957e+01 -4.096321e+01
      vertex   5.000000e-01 8.070260e+01 -4.082290e+01
    endloop
  endfacet
  facet normal 0.000000e+00 -9.987715e-01 -4.955265e-02
    outer loop
      vertex   -5.000000e-01 8.070957e+01 -4.096321e+01
      vertex   5.000000e-01 8.070260e+01 -4.082290e+01
      vertex   -5.000000e-01 8.070260e+01 -4.082290e+01
    endloop
  endfacet
  facet normal 0.000000e+00 -9.988825e-01 -4.726355e-02
    outer loop
      vertex   -5.000000e-01 8.070260e+01 -4.082290e+01
      vertex   5.000000e-01 8.070260e+01 -4.082290e+01
      vertex   5.000000e-01 8.066404e+01 -4.000781e+01
    endloop
  endfacet
  facet normal 1.251717e-14 -9.988825e-01 -4.726355e-02
    outer loop
      vertex   -5.000000e-01 8.070260e+01 -4.082290e+01
      vertex   5.000000e-01 8.066404e+01 -4.000781e+01
      vertex   -5.000000e-01 8.066404e+01 -4.000781e+01
    endloop
  endfacet
  facet normal 1.245074e-14 -9.987958e-01 -4.906110e-02
    outer loop
      vertex   -5.000000e-01 8.066404e+01 -4.000781e+01
      vertex   5.000000e-01 8.066404e+01 -4.000781e+01
      vertex   5.000000e-01 8.062921e+01 -3.929889e+01
    endloop
  endfacet
  facet normal 1.245002e-14 -9.987958e-01 -4.906110e-02
    outer loop
      vertex   -5.000000e-01 8.066404e+01 -4.000781e+01
      vertex   5.000000e-01 8.062921e+01 -3.929889e+01
      vertex   -5.000000e-01 8.062921e+01 -3.929889e+01
    endloop
  endfacet
  facet normal 1.225997e-14 -9.985235e-01 -5.432195e-02
    outer loop
      vertex   -5.000000e-01 8.062921e+01 -3.929889e+01
      vertex   5.000000e-01 8.062921e+01 -3.929889e+01
      vertex   5.000000e-01 8.059526e+01 -3.867468e+01
    endloop
  endfacet
  facet normal 0.000000e+00 -9.985235e-01 -5.432195e-02
    outer loop
      vertex   -5.000000e-01 8.062921e+01 -3.929889e+01
      vertex   5.000000e-01 8.059526e+01 -3.867468e+01
      vertex   -5.000000e-01 8.059526e+01 -3.867468e+01
    endloop
  endfacet
  facet normal 0.000000e+00 -9.979486e-01 -6.402098e-02
    outer loop
      vertex   -5.000000e-01 8.059526e+01 -3.867468e+01
      vertex   5.000000e-01 8.059526e+01 -3.867468e+01
      vertex   5.000000e-01 8.055939e+01 -3.811559e+01
    endloop
  endfacet
  facet normal 1.236714e-14 -9.979486e-01 -6.402098e-02
    outer loop
      vertex   -5.000000e-01 8.059526e+01 -3.867468e+01
      vertex   5.000000e-01 8.055939e+01 -3.811559e+01
      vertex   -5.000000e-01 8.055939e+01 -3.811559e+01
    endloop
  endfacet
  facet normal 1.192964e-14 -9.968974e-01 -7.871165e-02
    outer loop
      vertex   -5.000000e-01 8.055939e+01 -3.811559e+01
      vertex   5.000000e-01 8.055939e+01 -3.811559e+01
      vertex   5.000000e-01 8.051884e+01 -3.760207e+01
    endloop
  endfacet
  facet normal -1.472317e-14 -9.968974e-01 -7.871165e-02
    outer loop
      vertex   -5.000000e-01 8.055939e+01 -3.811559e+01
      vertex   5.000000e-01 8.051884e+01 -3.760207e+01
      vertex   -5.000000e-01 8.051884e+01 -3.760207e+01
    endloop
  endfacet
  facet normal -1.490068e-14 -9.940417e-01 -1.090007e-01
    outer loop
      vertex   -5.000000e-01 8.051884e+01 -3.760207e+01
      vertex   5.000000e-01 8.051884e+01 -3.760207e+01
      vertex   5.000000e-01 8.041263e+01 -3.663343e+01
    endloop
  endfacet
  facet normal 1.102308e-14 -9.940417e-01 -1.090007e-01
    outer loop
      vertex   -5.000000e-01 8.051884e+01 -3.760207e+01
      vertex   5.000000e-01 8.041263e+01 -3.663343e+01
      vertex   -5.000000e-01 8.041263e+01 -3.663343e+01
    endloop
  endfacet
  facet normal 1.001250e-14 -9.897795e-01 -1.426062e-01
    outer loop
      vertex   -5.000000e-01 8.041263e+01 -3.663343e+01
      vertex   5.000000e-01 8.041263e+01 -3.663343e+01
      vertex   5.000000e-01 8.034142e+01 -3.613917e+01
    endloop
  endfacet
  facet normal -3.015323e-14 -9.897795e-01 -1.426062e-01
    outer loop
      vertex   -5.000000e-01 8.041263e+01 -3.663343e+01
      vertex   5.000000e-01 8.034142e+01 -3.613917e+01
      vertex   -5.000000e-01 8.034142e+01 -3.613917e+01
    endloop
  endfacet
  facet normal -3.035650e-14 -9.866516e-01 -1.628455e-01
    outer loop
      vertex   -5.000000e-01 8.034142e+01 -3.613917e+01
      vertex   5.000000e-01 8.034142e+01 -3.613917e+01
      vertex   5.000000e-01 8.025444e+01 -3.561219e+01
    endloop
  endfacet
  facet normal 3.859793e-14 -9.866516e-01 -1.628455e-01
    outer loop
      vertex   -5.000000e-01 8.034142e+01 -3.613917e+01
      vertex   5.000000e-01 8.025444e+01 -3.561219e+01
      vertex   -5.000000e-01 8.025444e+01 -3.561219e+01
    endloop
  endfacet
  facet normal 3.812255e-14 -9.838125e-01 -1.792009e-01
    outer loop
      vertex   -5.000000e-01 8.025444e+01 -3.561219e+01
      vertex   5.000000e-01 8.025444e+01 -3.561219e+01
      vertex   5.000000e-01 8.014893e+01 -3.503292e+01
    endloop
  endfacet
  facet normal -2.545523e-15 -9.838125e-01 -1.792009e-01
    outer loop
      vertex   -5.000000e-01 8.025444e+01 -3.561219e+01
      vertex   5.000000e-01 8.014893e+01 -3.503292e+01
      vertex   -5.000000e-01 8.014893e+01 -3.503292e+01
    endloop
  endfacet
  facet normal -2.716813e-15 -9.815552e-01 -1.911787e-01
    outer loop
      vertex   -5.000000e-01 8.014893e+01 -3.503292e+01
      vertex   5.000000e-01 8.014893e+01 -3.503292e+01
      vertex   5.000000e-01 8.002210e+01 -3.438180e+01
    endloop
  endfacet
  facet normal 7.154760e-15 -9.815552e-01 -1.911787e-01
    outer loop
      vertex   -5.000000e-01 8.014893e+01 -3.503292e+01
      vertex   5.000000e-01 8.002210e+01 -3.438180e+01
      vertex   -5.000000e-01 8.002210e+01 -3.438180e+01
    endloop
  endfacet
  facet normal 6.830340e-15 -9.798597e-01 -1.996869e-01
    outer loop
      vertex   -5.000000e-01 8.002210e+01 -3.438180e+01
      vertex   5.000000e-01 8.002210e+01 -3.438180e+01
      vertex   5.000000e-01 7.987806e+01 -3.367498e+01
    endloop
  endfacet
  facet normal -7.079833e-15 -9.798597e-01 -1.996869e-01
    outer loop
      vertex   -5.000000e-01 8.002210e+01 -3.438180e+01
      vertex   5.000000e-01 7.987806e+01 -3.367498e+01
      vertex   -5.000000e-01 7.987806e+01 -3.367498e+01
    endloop
  endfacet
  facet normal -7.230609e-15 -9.790700e-01 -2.035236e-01
    outer loop
      vertex   -5.000000e-01 7.987806e+01 -3.367498e+01
      vertex   5.000000e-01 7.987806e+01 -3.367498e+01
      vertex   5.000000e-01 7.974082e+01 -3.301479e+01
    endloop
  endfacet
  facet normal -1.969599e-14 -9.790700e-01 -2.035236e-01
    outer loop
      vertex   -5.000000e-01 7.987806e+01 -3.367498e+01
      vertex   5.000000e-01 7.974082e+01 -3.301479e+01
      vertex   -5.000000e-01 7.974082e+01 -3.301479e+01
    endloop
  endfacet
  facet normal -1.944767e-14 -9.810556e-01 -1.937263e-01
    outer loop
      vertex   -5.000000e-01 7.974082e+01 -3.301479e+01
      vertex   5.000000e-01 7.974082e+01 -3.301479e+01
      vertex   5.000000e-01 7.960536e+01 -3.232880e+01
    endloop
  endfacet
  facet normal -8.256418e-15 -9.810556e-01 -1.937263e-01
    outer loop
      vertex   -5.000000e-01 7.974082e+01 -3.301479e+01
      vertex   5.000000e-01 7.960536e+01 -3.232880e+01
      vertex   -5.000000e-01 7.960536e+01 -3.232880e+01
    endloop
  endfacet
  facet normal -7.770056e-15 -9.832510e-01 -1.822563e-01
    outer loop
      vertex   -5.000000e-01 7.960536e+01 -3.232880e+01
      vertex   5.000000e-01 7.960536e+01 -3.232880e+01
      vertex   5.000000e-01 7.946449e+01 -3.156879e+01
    endloop
  endfacet
  facet normal 7.504870e-15 -9.832510e-01 -1.822563e-01
    outer loop
      vertex   -5.000000e-01 7.960536e+01 -3.232880e+01
      vertex   5.000000e-01 7.946449e+01 -3.156879e+01
      vertex   -5.000000e-01 7.946449e+01 -3.156879e+01
    endloop
  endfacet
  facet normal 6.792356e-15 -9.796578e-01 -2.006753e-01
    outer loop
      vertex   -5.000000e-01 7.946449e+01 -3.156879e+01
      vertex   5.000000e-01 7.946449e+01 -3.156879e+01
      vertex   5.000000e-01 7.915507e+01 -3.005829e+01
    endloop
  endfacet
  facet normal -9.288636e-15 -9.796578e-01 -2.006753e-01
    outer loop
      vertex   -5.000000e-01 7.946449e+01 -3.156879e+01
      vertex   5.000000e-01 7.915507e+01 -3.005829e+01
      vertex   -5.000000e-01 7.915507e+01 -3.005829e+01
    endloop
  endfacet
  facet normal -9.318648e-15 -9.794336e-01 -2.017666e-01
    outer loop
      vertex   -5.000000e-01 7.915507e+01 -3.005829e+01
      vertex   5.000000e-01 7.915507e+01 -3.005829e+01
      vertex   5.000000e-01 7.901048e+01 -2.935639e+01
    endloop
  endfacet
  facet normal -7.184474e-15 -9.794336e-01 -2.017666e-01
    outer loop
      vertex   -5.000000e-01 7.915507e+01 -3.005829e+01
      vertex   5.000000e-01 7.901048e+01 -2.935639e+01
      vertex   -5.000000e-01 7.901048e+01 -2.935639e+01
    endloop
  endfacet
  facet normal -5.840603e-15 -9.863940e-01 -1.643984e-01
    outer loop
      vertex   -5.000000e-01 7.901048e+01 -2.935639e+01
      vertex   5.000000e-01 7.901048e+01 -2.935639e+01
      vertex   5.000000e-01 7.888104e+01 -2.857973e+01
    endloop
  endfacet
  facet normal 7.596612e-15 -9.863940e-01 -1.643984e-01
    outer loop
      vertex   -5.000000e-01 7.901048e+01 -2.935639e+01
      vertex   5.000000e-01 7.888104e+01 -2.857973e+01
      vertex   -5.000000e-01 7.888104e+01 -2.857973e+01
    endloop
  endfacet
  facet normal 8.088158e-15 -9.883154e-01 -1.524225e-01
    outer loop
      vertex   -5.000000e-01 7.888104e+01 -2.857973e+01
      vertex   5.000000e-01 7.888104e+01 -2.857973e+01
      vertex   5.000000e-01 7.877732e+01 -2.790720e+01
    endloop
  endfacet
  facet normal 9.707569e-15 -9.883154e-01 -1.524225e-01
    outer loop
      vertex   -5.000000e-01 7.888104e+01 -2.857973e+01
      vertex   5.000000e-01 7.877732e+01 -2.790720e+01
      vertex   -5.000000e-01 7.877732e+01 -2.790720e+01
    endloop
  endfacet
  facet normal 8.763754e-15 -9.830773e-01 -1.831914e-01
    outer loop
      vertex   -5.000000e-01 7.877732e+01 -2.790720e+01
      vertex   5.000000e-01 7.877732e+01 -2.790720e+01
      vertex   5.000000e-01 7.870736e+01 -2.753181e+01
    endloop
  endfacet
  facet normal -2.047018e-14 -9.830773e-01 -1.831914e-01
    outer loop
      vertex   -5.000000e-01 7.877732e+01 -2.790720e+01
      vertex   5.000000e-01 7.870736e+01 -2.753181e+01
      vertex   -5.000000e-01 7.870736e+01 -2.753181e+01
    endloop
  endfacet
  facet normal -2.113843e-14 -9.791058e-01 -2.033516e-01
    outer loop
      vertex   -5.000000e-01 7.870736e+01 -2.753181e+01
      vertex   5.000000e-01 7.870736e+01 -2.753181e+01
      vertex   5.000000e-01 7.866099e+01 -2.730851e+01
    endloop
  endfacet
  facet normal 1.771531e-14 -9.791058e-01 -2.033516e-01
    outer loop
      vertex   -5.000000e-01 7.870736e+01 -2.753181e+01
      vertex   5.000000e-01 7.866099e+01 -2.730851e+01
      vertex   -5.000000e-01 7.866099e+01 -2.730851e+01
    endloop
  endfacet
  facet normal 1.705352e-14 -9.765753e-01 -2.151759e-01
    outer loop
      vertex   -5.000000e-01 7.866099e+01 -2.730851e+01
      vertex   5.000000e-01 7.866099e+01 -2.730851e+01
      vertex   5.000000e-01 7.860439e+01 -2.705165e+01
    endloop
  endfacet
  facet normal 3.093192e-14 -9.765753e-01 -2.151759e-01
    outer loop
      vertex   -5.000000e-01 7.866099e+01 -2.730851e+01
      vertex   5.000000e-01 7.860439e+01 -2.705165e+01
      vertex   -5.000000e-01 7.860439e+01 -2.705165e+01
    endloop
  endfacet
  facet normal 3.054646e-14 -9.751215e-01 -2.216710e-01
    outer loop
      vertex   -5.000000e-01 7.860439e+01 -2.705165e+01
      vertex   5.000000e-01 7.860439e+01 -2.705165e+01
      vertex   5.000000e-01 7.853556e+01 -2.674885e+01
    endloop
  endfacet
  facet normal -1.260313e-14 -9.751215e-01 -2.216710e-01
    outer loop
      vertex   -5.000000e-01 7.860439e+01 -2.705165e+01
      vertex   5.000000e-01 7.853556e+01 -2.674885e+01
      vertex   -5.000000e-01 7.853556e+01 -2.674885e+01
    endloop
  endfacet
  facet normal -1.265921e-14 -9.748863e-01 -2.227032e-01
    outer loop
      vertex   -5.000000e-01 7.853556e+01 -2.674885e+01
      vertex   5.000000e-01 7.853556e+01 -2.674885e+01
      vertex   5.000000e-01 7.845509e+01 -2.639662e+01
    endloop
  endfacet
  facet normal 2.494714e-14 -9.748863e-01 -2.227032e-01
    outer loop
      vertex   -5.000000e-01 7.853556e+01 -2.674885e+01
      vertex   5.000000e-01 7.845509e+01 -2.639662e+01
      vertex   -5.000000e-01 7.845509e+01 -2.639662e+01
    endloop
  endfacet
  facet normal 2.484280e-14 -9.746042e-01 -2.239345e-01
    outer loop
      vertex   -5.000000e-01 7.845509e+01 -2.639662e+01
      vertex   5.000000e-01 7.845509e+01 -2.639662e+01
      vertex   5.000000e-01 7.826880e+01 -2.558582e+01
    endloop
  endfacet
  facet normal 7.806905e-15 -9.746042e-01 -2.239345e-01
    outer loop
      vertex   -5.000000e-01 7.845509e+01 -2.639662e+01
      vertex   5.000000e-01 7.826880e+01 -2.558582e+01
      vertex   -5.000000e-01 7.826880e+01 -2.558582e+01
    endloop
  endfacet
  facet normal 7.567667e-15 -9.740157e-01 -2.264807e-01
    outer loop
      vertex   -5.000000e-01 7.826880e+01 -2.558582e+01
      vertex   5.000000e-01 7.826880e+01 -2.558582e+01
      vertex   5.000000e-01 7.786153e+01 -2.383433e+01
    endloop
  endfacet
  facet normal 1.000193e-14 -9.740157e-01 -2.264807e-01
    outer loop
      vertex   -5.000000e-01 7.826880e+01 -2.558582e+01
      vertex   5.000000e-01 7.786153e+01 -2.383433e+01
      vertex   -5.000000e-01 7.786153e+01 -2.383433e+01
    endloop
  endfacet
  facet normal 9.724658e-15 -9.733065e-01 -2.295093e-01
    outer loop
      vertex   -5.000000e-01 7.786153e+01 -2.383433e+01
      vertex   5.000000e-01 7.786153e+01 -2.383433e+01
      vertex   5.000000e-01 7.776642e+01 -2.343095e+01
    endloop
  endfacet
  facet normal -1.550377e-14 -9.733065e-01 -2.295093e-01
    outer loop
      vertex   -5.000000e-01 7.786153e+01 -2.383433e+01
      vertex   5.000000e-01 7.776642e+01 -2.343095e+01
      vertex   -5.000000e-01 7.776642e+01 -2.343095e+01
    endloop
  endfacet
  facet normal -1.562369e-14 -9.728452e-01 -2.314568e-01
    outer loop
      vertex   -5.000000e-01 7.776642e+01 -2.343095e+01
      vertex   5.000000e-01 7.776642e+01 -2.343095e+01
      vertex   5.000000e-01 7.767875e+01 -2.306247e+01
    endloop
  endfacet
  facet normal -1.727562e-14 -9.728452e-01 -2.314568e-01
    outer loop
      vertex   -5.000000e-01 7.776642e+01 -2.343095e+01
      vertex   5.000000e-01 7.767875e+01 -2.306247e+01
      vertex   -5.000000e-01 7.767875e+01 -2.306247e+01
    endloop
  endfacet
  facet normal -1.744200e-14 -9.722883e-01 -2.337851e-01
    outer loop
      vertex   -5.000000e-01 7.767875e+01 -2.306247e+01
      vertex   5.000000e-01 7.767875e+01 -2.306247e+01
      vertex   5.000000e-01 7.760039e+01 -2.273659e+01
    endloop
  endfacet
  facet normal 2.194520e-15 -9.722883e-01 -2.337851e-01
    outer loop
      vertex   -5.000000e-01 7.767875e+01 -2.306247e+01
      vertex   5.000000e-01 7.760039e+01 -2.273659e+01
      vertex   -5.000000e-01 7.760039e+01 -2.273659e+01
    endloop
  endfacet
  facet normal 2.167318e-15 -9.721899e-01 -2.341939e-01
    outer loop
      vertex   -5.000000e-01 7.760039e+01 -2.273659e+01
      vertex   5.000000e-01 7.760039e+01 -2.273659e+01
      vertex   5.000000e-01 7.752952e+01 -2.244239e+01
    endloop
  endfacet
  facet normal 5.044449e-16 -9.721899e-01 -2.341939e-01
    outer loop
      vertex   -5.000000e-01 7.760039e+01 -2.273659e+01
      vertex   5.000000e-01 7.752952e+01 -2.244239e+01
      vertex   -5.000000e-01 7.752952e+01 -2.244239e+01
    endloop
  endfacet
  facet normal 4.653312e-16 -9.720381e-01 -2.348233e-01
    outer loop
      vertex   -5.000000e-01 7.752952e+01 -2.244239e+01
      vertex   5.000000e-01 7.752952e+01 -2.244239e+01
      vertex   5.000000e-01 7.740655e+01 -2.193336e+01
    endloop
  endfacet
  facet normal 2.120063e-15 -9.720381e-01 -2.348233e-01
    outer loop
      vertex   -5.000000e-01 7.752952e+01 -2.244239e+01
      vertex   5.000000e-01 7.740655e+01 -2.193336e+01
      vertex   -5.000000e-01 7.740655e+01 -2.193336e+01
    endloop
  endfacet
  facet normal 2.001980e-15 -9.714358e-01 -2.373026e-01
    outer loop
      vertex   -5.000000e-01 7.740655e+01 -2.193336e+01
      vertex   5.000000e-01 7.740655e+01 -2.193336e+01
      vertex   5.000000e-01 7.730435e+01 -2.151499e+01
    endloop
  endfacet
  facet normal -8.442569e-15 -9.714358e-01 -2.373026e-01
    outer loop
      vertex   -5.000000e-01 7.740655e+01 -2.193336e+01
      vertex   5.000000e-01 7.730435e+01 -2.151499e+01
      vertex   -5.000000e-01 7.730435e+01 -2.151499e+01
    endloop
  endfacet
  facet normal -8.622124e-15 -9.701036e-01 -2.426912e-01
    outer loop
      vertex   -5.000000e-01 7.730435e+01 -2.151499e+01
      vertex   5.000000e-01 7.730435e+01 -2.151499e+01
      vertex   5.000000e-01 7.721781e+01 -2.116906e+01
    endloop
  endfacet
  facet normal 6.022694e-15 -9.701036e-01 -2.426912e-01
    outer loop
      vertex   -5.000000e-01 7.730435e+01 -2.151499e+01
      vertex   5.000000e-01 7.721781e+01 -2.116906e+01
      vertex   -5.000000e-01 7.721781e+01 -2.116906e+01
    endloop
  endfacet
  facet normal 5.690888e-15 -9.676996e-01 -2.521062e-01
    outer loop
      vertex   -5.000000e-01 7.721781e+01 -2.116906e+01
      vertex   5.000000e-01 7.721781e+01 -2.116906e+01
      vertex   5.000000e-01 7.714182e+01 -2.087738e+01
    endloop
  endfacet
  facet normal -7.170887e-15 -9.676996e-01 -2.521062e-01
    outer loop
      vertex   -5.000000e-01 7.721781e+01 -2.116906e+01
      vertex   5.000000e-01 7.714182e+01 -2.087738e+01
      vertex   -5.000000e-01 7.714182e+01 -2.087738e+01
    endloop
  endfacet
  facet normal -7.796471e-15 -9.616402e-01 -2.743139e-01
    outer loop
      vertex   -5.000000e-01 7.714182e+01 -2.087738e+01
      vertex   5.000000e-01 7.714182e+01 -2.087738e+01
      vertex   5.000000e-01 7.700104e+01 -2.038386e+01
    endloop
  endfacet
  facet normal -1.852346e-14 -9.616402e-01 -2.743139e-01
    outer loop
      vertex   -5.000000e-01 7.714182e+01 -2.087738e+01
      vertex   5.000000e-01 7.700104e+01 -2.038386e+01
      vertex   -5.000000e-01 7.700104e+01 -2.038386e+01
    endloop
  endfacet
  facet normal -1.898262e-14 -9.515969e-01 -3.073488e-01
    outer loop
      vertex   -5.000000e-01 7.700104e+01 -2.038386e+01
      vertex   5.000000e-01 7.700104e+01 -2.038386e+01
      vertex   5.000000e-01 7.684112e+01 -1.988874e+01
    endloop
  endfacet
  facet normal -7.654908e-15 -9.515969e-01 -3.073488e-01
    outer loop
      vertex   -5.000000e-01 7.700104e+01 -2.038386e+01
      vertex   5.000000e-01 7.684112e+01 -1.988874e+01
      vertex   -5.000000e-01 7.684112e+01 -1.988874e+01
    endloop
  endfacet
  facet normal -8.057450e-15 -9.460585e-01 -3.239958e-01
    outer loop
      vertex   -5.000000e-01 7.684112e+01 -1.988874e+01
      vertex   5.000000e-01 7.684112e+01 -1.988874e+01
      vertex   5.000000e-01 7.664009e+01 -1.930171e+01
    endloop
  endfacet
  facet normal 1.766877e-14 -9.460585e-01 -3.239958e-01
    outer loop
      vertex   -5.000000e-01 7.684112e+01 -1.988874e+01
      vertex   5.000000e-01 7.664009e+01 -1.930171e+01
      vertex   -5.000000e-01 7.664009e+01 -1.930171e+01
    endloop
  endfacet
  facet normal 1.735792e-14 -9.431356e-01 -3.324082e-01
    outer loop
      vertex   -5.000000e-01 7.664009e+01 -1.930171e+01
      vertex   5.000000e-01 7.664009e+01 -1.930171e+01
      vertex   5.000000e-01 7.620987e+01 -1.808105e+01
    endloop
  endfacet
  facet normal 2.830776e-15 -9.431356e-01 -3.324082e-01
    outer loop
      vertex   -5.000000e-01 7.664009e+01 -1.930171e+01
      vertex   5.000000e-01 7.620987e+01 -1.808105e+01
      vertex   -5.000000e-01 7.620987e+01 -1.808105e+01
    endloop
  endfacet
  facet normal 2.620630e-15 -9.416632e-01 -3.365568e-01
    outer loop
      vertex   -5.000000e-01 7.620987e+01 -1.808105e+01
      vertex   5.000000e-01 7.620987e+01 -1.808105e+01
      vertex   5.000000e-01 7.599784e+01 -1.748781e+01
    endloop
  endfacet
  facet normal -2.172006e-14 -9.416632e-01 -3.365568e-01
    outer loop
      vertex   -5.000000e-01 7.620987e+01 -1.808105e+01
      vertex   5.000000e-01 7.599784e+01 -1.748781e+01
      vertex   -5.000000e-01 7.599784e+01 -1.748781e+01
    endloop
  endfacet
  facet normal -2.175783e-14 -9.415518e-01 -3.368683e-01
    outer loop
      vertex   -5.000000e-01 7.599784e+01 -1.748781e+01
      vertex   5.000000e-01 7.599784e+01 -1.748781e+01
      vertex   5.000000e-01 7.579838e+01 -1.693033e+01
    endloop
  endfacet
  facet normal -8.367594e-15 -9.415518e-01 -3.368683e-01
    outer loop
      vertex   -5.000000e-01 7.599784e+01 -1.748781e+01
      vertex   5.000000e-01 7.579838e+01 -1.693033e+01
      vertex   -5.000000e-01 7.579838e+01 -1.693033e+01
    endloop
  endfacet
  facet normal -8.330999e-15 -9.422198e-01 -3.349954e-01
    outer loop
      vertex   -5.000000e-01 7.579838e+01 -1.693033e+01
      vertex   5.000000e-01 7.579838e+01 -1.693033e+01
      vertex   5.000000e-01 7.561939e+01 -1.642688e+01
    endloop
  endfacet
  facet normal 6.233440e-15 -9.422198e-01 -3.349954e-01
    outer loop
      vertex   -5.000000e-01 7.579838e+01 -1.693033e+01
      vertex   5.000000e-01 7.561939e+01 -1.642688e+01
      vertex   -5.000000e-01 7.561939e+01 -1.642688e+01
    endloop
  endfacet
  facet normal 6.383923e-15 -9.440277e-01 -3.298661e-01
    outer loop
      vertex   -5.000000e-01 7.561939e+01 -1.642688e+01
      vertex   5.000000e-01 7.561939e+01 -1.642688e+01
      vertex   5.000000e-01 7.546857e+01 -1.599527e+01
    endloop
  endfacet
  facet normal -6.435051e-15 -9.440277e-01 -3.298661e-01
    outer loop
      vertex   -5.000000e-01 7.561939e+01 -1.642688e+01
      vertex   5.000000e-01 7.546857e+01 -1.599527e+01
      vertex   -5.000000e-01 7.546857e+01 -1.599527e+01
    endloop
  endfacet
  facet normal -6.289006e-15 -9.467893e-01 -3.218541e-01
    outer loop
      vertex   -5.000000e-01 7.546857e+01 -1.599527e+01
      vertex   5.000000e-01 7.546857e+01 -1.599527e+01
      vertex   5.000000e-01 7.534071e+01 -1.561916e+01
    endloop
  endfacet
  facet normal -6.288163e-15 -9.467893e-01 -3.218541e-01
    outer loop
      vertex   -5.000000e-01 7.546857e+01 -1.599527e+01
      vertex   5.000000e-01 7.534071e+01 -1.561916e+01
      vertex   -5.000000e-01 7.534071e+01 -1.561916e+01
    endloop
  endfacet
  facet normal -6.185973e-15 -9.485654e-01 -3.165812e-01
    outer loop
      vertex   -5.000000e-01 7.534071e+01 -1.561916e+01
      vertex   5.000000e-01 7.534071e+01 -1.561916e+01
      vertex   5.000000e-01 7.522565e+01 -1.527440e+01
    endloop
  endfacet
  facet normal 2.189854e-14 -9.485654e-01 -3.165812e-01
    outer loop
      vertex   -5.000000e-01 7.534071e+01 -1.561916e+01
      vertex   5.000000e-01 7.522565e+01 -1.527440e+01
      vertex   -5.000000e-01 7.522565e+01 -1.527440e+01
    endloop
  endfacet
  facet normal 2.183916e-14 -9.477847e-01 -3.189110e-01
    outer loop
      vertex   -5.000000e-01 7.522565e+01 -1.527440e+01
      vertex   5.000000e-01 7.522565e+01 -1.527440e+01
      vertex   5.000000e-01 7.501035e+01 -1.463454e+01
    endloop
  endfacet
  facet normal -3.987887e-15 -9.477847e-01 -3.189110e-01
    outer loop
      vertex   -5.000000e-01 7.522565e+01 -1.527440e+01
      vertex   5.000000e-01 7.501035e+01 -1.463454e+01
      vertex   -5.000000e-01 7.501035e+01 -1.463454e+01
    endloop
  endfacet
  facet normal -4.237996e-15 -9.401265e-01 -3.408257e-01
    outer loop
      vertex   -5.000000e-01 7.501035e+01 -1.463454e+01
      vertex   5.000000e-01 7.501035e+01 -1.463454e+01
      vertex   5.000000e-01 7.477551e+01 -1.398676e+01
    endloop
  endfacet
  facet normal 7.331273e-15 -9.401265e-01 -3.408257e-01
    outer loop
      vertex   -5.000000e-01 7.501035e+01 -1.463454e+01
      vertex   5.000000e-01 7.477551e+01 -1.398676e+01
      vertex   -5.000000e-01 7.477551e+01 -1.398676e+01
    endloop
  endfacet
  facet normal 6.523949e-15 -9.272221e-01 -3.745120e-01
    outer loop
      vertex   -5.000000e-01 7.477551e+01 -1.398676e+01
      vertex   5.000000e-01 7.477551e+01 -1.398676e+01
      vertex   5.000000e-01 7.449356e+01 -1.328869e+01
    endloop
  endfacet
  facet normal -5.345732e-15 -9.272221e-01 -3.745120e-01
    outer loop
      vertex   -5.000000e-01 7.477551e+01 -1.398676e+01
      vertex   5.000000e-01 7.449356e+01 -1.328869e+01
      vertex   -5.000000e-01 7.449356e+01 -1.328869e+01
    endloop
  endfacet
  facet normal -5.726539e-15 -9.152135e-01 -4.029693e-01
    outer loop
      vertex   -5.000000e-01 7.449356e+01 -1.328869e+01
      vertex   5.000000e-01 7.449356e+01 -1.328869e+01
      vertex   5.000000e-01 7.422068e+01 -1.266894e+01
    endloop
  endfacet
  facet normal -3.102746e-14 -9.152135e-01 -4.029693e-01
    outer loop
      vertex   -5.000000e-01 7.449356e+01 -1.328869e+01
      vertex   5.000000e-01 7.422068e+01 -1.266894e+01
      vertex   -5.000000e-01 7.422068e+01 -1.266894e+01
    endloop
  endfacet
  facet normal -3.101929e-14 -9.100794e-01 -4.144340e-01
    outer loop
      vertex   -5.000000e-01 7.422068e+01 -1.266894e+01
      vertex   5.000000e-01 7.422068e+01 -1.266894e+01
      vertex   5.000000e-01 7.397281e+01 -1.212462e+01
    endloop
  endfacet
  facet normal -5.151151e-15 -9.100794e-01 -4.144340e-01
    outer loop
      vertex   -5.000000e-01 7.422068e+01 -1.266894e+01
      vertex   5.000000e-01 7.397281e+01 -1.212462e+01
      vertex   -5.000000e-01 7.397281e+01 -1.212462e+01
    endloop
  endfacet
  facet normal -4.974544e-15 -9.164890e-01 -4.000599e-01
    outer loop
      vertex   -5.000000e-01 7.397281e+01 -1.212462e+01
      vertex   5.000000e-01 7.397281e+01 -1.212462e+01
      vertex   5.000000e-01 7.375896e+01 -1.163472e+01
    endloop
  endfacet
  facet normal 8.749224e-15 -9.164890e-01 -4.000599e-01
    outer loop
      vertex   -5.000000e-01 7.397281e+01 -1.212462e+01
      vertex   5.000000e-01 7.375896e+01 -1.163472e+01
      vertex   -5.000000e-01 7.375896e+01 -1.163472e+01
    endloop
  endfacet
  facet normal 9.474783e-15 -9.342306e-01 -3.566695e-01
    outer loop
      vertex   -5.000000e-01 7.375896e+01 -1.163472e+01
      vertex   5.000000e-01 7.375896e+01 -1.163472e+01
      vertex   5.000000e-01 7.359284e+01 -1.119960e+01
    endloop
  endfacet
  facet normal -3.158378e-15 -9.342306e-01 -3.566695e-01
    outer loop
      vertex   -5.000000e-01 7.375896e+01 -1.163472e+01
      vertex   5.000000e-01 7.359284e+01 -1.119960e+01
      vertex   -5.000000e-01 7.359284e+01 -1.119960e+01
    endloop
  endfacet
  facet normal -2.852790e-15 -9.470129e-01 -3.211955e-01
    outer loop
      vertex   -5.000000e-01 7.359284e+01 -1.119960e+01
      vertex   5.000000e-01 7.359284e+01 -1.119960e+01
      vertex   5.000000e-01 7.333077e+01 -1.042692e+01
    endloop
  endfacet
  facet normal -2.922149e-14 -9.470129e-01 -3.211955e-01
    outer loop
      vertex   -5.000000e-01 7.359284e+01 -1.119960e+01
      vertex   5.000000e-01 7.333077e+01 -1.042692e+01
      vertex   -5.000000e-01 7.333077e+01 -1.042692e+01
    endloop
  endfacet
  facet normal -2.905246e-14 -9.308283e-01 -3.654568e-01
    outer loop
      vertex   -5.000000e-01 7.333077e+01 -1.042692e+01
      vertex   5.000000e-01 7.333077e+01 -1.042692e+01
      vertex   5.000000e-01 7.315434e+01 -9.977549e+00
    endloop
  endfacet
  facet normal -1.647174e-14 -9.308283e-01 -3.654568e-01
    outer loop
      vertex   -5.000000e-01 7.333077e+01 -1.042692e+01
      vertex   5.000000e-01 7.315434e+01 -9.977549e+00
      vertex   -5.000000e-01 7.315434e+01 -9.977549e+00
    endloop
  endfacet
  facet normal -1.660414e-14 -9.118874e-01 -4.104405e-01
    outer loop
      vertex   -5.000000e-01 7.315434e+01 -9.977549e+00
      vertex   5.000000e-01 7.315434e+01 -9.977549e+00
      vertex   5.000000e-01 7.295022e+01 -9.524040e+00
    endloop
  endfacet
  facet normal -1.732875e-14 -9.118874e-01 -4.104405e-01
    outer loop
      vertex   -5.000000e-01 7.315434e+01 -9.977549e+00
      vertex   5.000000e-01 7.295022e+01 -9.524040e+00
      vertex   -5.000000e-01 7.295022e+01 -9.524040e+00
    endloop
  endfacet
  facet normal -1.741797e-14 -9.022136e-01 -4.312895e-01
    outer loop
      vertex   -5.000000e-01 7.295022e+01 -9.524040e+00
      vertex   5.000000e-01 7.295022e+01 -9.524040e+00
      vertex   5.000000e-01 7.274679e+01 -9.098489e+00
    endloop
  endfacet
  facet normal -3.059928e-15 -9.022136e-01 -4.312895e-01
    outer loop
      vertex   -5.000000e-01 7.295022e+01 -9.524040e+00
      vertex   5.000000e-01 7.274679e+01 -9.098489e+00
      vertex   -5.000000e-01 7.274679e+01 -9.098489e+00
    endloop
  endfacet
  facet normal -3.034482e-15 -9.042207e-01 -4.270654e-01
    outer loop
      vertex   -5.000000e-01 7.274679e+01 -9.098489e+00
      vertex   5.000000e-01 7.274679e+01 -9.098489e+00
      vertex   5.000000e-01 7.265195e+01 -8.897684e+00
    endloop
  endfacet
  facet normal -4.561878e-15 -9.042207e-01 -4.270654e-01
    outer loop
      vertex   -5.000000e-01 7.274679e+01 -9.098489e+00
      vertex   5.000000e-01 7.265195e+01 -8.897684e+00
      vertex   -5.000000e-01 7.265195e+01 -8.897684e+00
    endloop
  endfacet
  facet normal -4.452246e-15 -9.085703e-01 -4.177319e-01
    outer loop
      vertex   -5.000000e-01 7.265195e+01 -8.897684e+00
      vertex   5.000000e-01 7.265195e+01 -8.897684e+00
      vertex   5.000000e-01 7.257722e+01 -8.735145e+00
    endloop
  endfacet
  facet normal 1.143259e-14 -9.085703e-01 -4.177319e-01
    outer loop
      vertex   -5.000000e-01 7.265195e+01 -8.897684e+00
      vertex   5.000000e-01 7.257722e+01 -8.735145e+00
      vertex   -5.000000e-01 7.257722e+01 -8.735145e+00
    endloop
  endfacet
  facet normal 1.158140e-14 -9.155306e-01 -4.022483e-01
    outer loop
      vertex   -5.000000e-01 7.257722e+01 -8.735145e+00
      vertex   5.000000e-01 7.257722e+01 -8.735145e+00
      vertex   5.000000e-01 7.243507e+01 -8.411605e+00
    endloop
  endfacet
  facet normal 1.158475e-14 -9.155306e-01 -4.022483e-01
    outer loop
      vertex   -5.000000e-01 7.257722e+01 -8.735145e+00
      vertex   5.000000e-01 7.243507e+01 -8.411605e+00
      vertex   -5.000000e-01 7.243507e+01 -8.411605e+00
    endloop
  endfacet
  facet normal 1.162853e-14 -9.176388e-01 -3.974155e-01
    outer loop
      vertex   -5.000000e-01 7.243507e+01 -8.411605e+00
      vertex   5.000000e-01 7.243507e+01 -8.411605e+00
      vertex   5.000000e-01 7.233605e+01 -8.182974e+00
    endloop
  endfacet
  facet normal -1.586066e-14 -9.176388e-01 -3.974155e-01
    outer loop
      vertex   -5.000000e-01 7.243507e+01 -8.411605e+00
      vertex   5.000000e-01 7.233605e+01 -8.182974e+00
      vertex   -5.000000e-01 7.233605e+01 -8.182974e+00
    endloop
  endfacet
  facet normal -1.585995e-14 -9.195031e-01 -3.930829e-01
    outer loop
      vertex   -5.000000e-01 7.233605e+01 -8.182974e+00
      vertex   5.000000e-01 7.233605e+01 -8.182974e+00
      vertex   5.000000e-01 7.222630e+01 -7.926255e+00
    endloop
  endfacet
  facet normal 0.000000e+00 -9.195031e-01 -3.930829e-01
    outer loop
      vertex   -5.000000e-01 7.233605e+01 -8.182974e+00
      vertex   5.000000e-01 7.222630e+01 -7.926255e+00
      vertex   -5.000000e-01 7.222630e+01 -7.926255e+00
    endloop
  endfacet
  facet normal 0.000000e+00 -9.137939e-01 -4.061782e-01
    outer loop
      vertex   -5.000000e-01 7.222630e+01 -7.926255e+00
      vertex   5.000000e-01 7.222630e+01 -7.926255e+00
      vertex   5.000000e-01 7.181388e+01 -6.998414e+00
    endloop
  endfacet
  facet normal 0.000000e+00 -9.137939e-01 -4.061782e-01
    outer loop
      vertex   -5.000000e-01 7.222630e+01 -7.926255e+00
      vertex   5.000000e-01 7.181388e+01 -6.998414e+00
      vertex   -5.000000e-01 7.181388e+01 -6.998414e+00
    endloop
  endfacet
  facet normal 0.000000e+00 -8.755924e-01 -4.830507e-01
    outer loop
      vertex   -5.000000e-01 7.181388e+01 -6.998414e+00
      vertex   5.000000e-01 7.181388e+01 -6.998414e+00
      vertex   5.000000e-01 7.155884e+01 -6.536125e+00
    endloop
  endfacet
  facet normal 0.000000e+00 -8.755924e-01 -4.830507e-01
    outer loop
      vertex   -5.000000e-01 7.181388e+01 -6.998414e+00
      vertex   5.000000e-01 7.155884e+01 -6.536125e+00
      vertex   -5.000000e-01 7.155884e+01 -6.536125e+00
    endloop
  endfacet
  facet normal 0.000000e+00 -8.598209e-01 -5.105958e-01
    outer loop
      vertex   -5.000000e-01 7.155884e+01 -6.536125e+00
      vertex   5.000000e-01 7.155884e+01 -6.536125e+00
      vertex   5.000000e-01 7.143084e+01 -6.320567e+00
    endloop
  endfacet
  facet normal 0.000000e+00 -8.598209e-01 -5.105958e-01
    outer loop
      vertex   -5.000000e-01 7.155884e+01 -6.536125e+00
      vertex   5.000000e-01 7.143084e+01 -6.320567e+00
      vertex   -5.000000e-01 7.143084e+01 -6.320567e+00
    endloop
  endfacet
  facet normal 0.000000e+00 -9.193438e-01 -3.934551e-01
    outer loop
      vertex   -5.000000e-01 7.143084e+01 -6.320567e+00
      vertex   5.000000e-01 7.143084e+01 -6.320567e+00
      vertex   5.000000e-01 7.140058e+01 -6.249877e+00
    endloop
  endfacet
  facet normal 0.000000e+00 -9.193438e-01 -3.934551e-01
    outer loop
      vertex   -5.000000e-01 7.143084e+01 -6.320567e+00
      vertex   5.000000e-01 7.140058e+01 -6.249877e+00
      vertex   -5.000000e-01 7.140058e+01 -6.249877e+00
    endloop
  endfacet
  facet normal 0.000000e+00 -9.833624e-01 -1.816549e-01
    outer loop
      vertex   -5.000000e-01 7.140058e+01 -6.249877e+00
      vertex   5.000000e-01 7.140058e+01 -6.249877e+00
      vertex   5.000000e-01 7.139580e+01 -6.224007e+00
    endloop
  endfacet
  facet normal 0.000000e+00 -9.833624e-01 -1.816549e-01
    outer loop
      vertex   -5.000000e-01 7.140058e+01 -6.249877e+00
      vertex   5.000000e-01 7.139580e+01 -6.224007e+00
      vertex   -5.000000e-01 7.139580e+01 -6.224007e+00
    endloop
  endfacet
  facet normal 0.000000e+00 -9.979443e-01 6.408704e-02
    outer loop
      vertex   -5.000000e-01 7.139580e+01 -6.224007e+00
      vertex   5.000000e-01 7.139580e+01 -6.224007e+00
      vertex   5.000000e-01 7.139673e+01 -6.209625e+00
    endloop
  endfacet
  facet normal 0.000000e+00 -9.979443e-01 6.408704e-02
    outer loop
      vertex   -5.000000e-01 7.139580e+01 -6.224007e+00
      vertex   5.000000e-01 7.139673e+01 -6.209625e+00
      vertex   -5.000000e-01 7.139673e+01 -6.209625e+00
    endloop
  endfacet
  facet normal 0.000000e+00 -9.468247e-01 3.217498e-01
    outer loop
      vertex   -5.000000e-01 7.139673e+01 -6.209625e+00
      vertex   5.000000e-01 7.139673e+01 -6.209625e+00
      vertex   5.000000e-01 7.140000e+01 -6.200000e+00
    endloop
  endfacet
  facet normal 0.000000e+00 -9.468247e-01 3.217498e-01
    outer loop
      vertex   -5.000000e-01 7.139673e+01 -6.209625e+00
      vertex   5.000000e-01 7.140000e+01 -6.200000e+00
      vertex   -5.000000e-01 7.140000e+01 -6.200000e+00
    endloop
  endfacet
  facet normal 0.000000e+00 9.884027e-01 1.518559e-01
    outer loop
      vertex   5.000000e-01 9.079239e+01 -4.100046e+01
      vertex   5.000000e-01 9.090390e+01 -4.172624e+01
      vertex   -5.000000e-01 9.079239e+01 -4.100046e+01
    endloop
  endfacet
  facet normal -1.591919e-03 9.887283e-01 1.497125e-01
    outer loop
      vertex   -5.000000e-01 9.079239e+01 -4.100046e+01
      vertex   5.000000e-01 9.090390e+01 -4.172624e+01
      vertex   5.000000e-01 9.100330e+01 -4.238269e+01
    endloop
  endfacet
  facet normal 1.552103e-03 9.883892e-01 1.519354e-01
    outer loop
      vertex   -5.000000e-01 9.079239e+01 -4.100046e+01
      vertex   5.000000e-01 9.100330e+01 -4.238269e+01
      vertex   -5.000000e-01 9.090466e+01 -4.173076e+01
    endloop
  endfacet
  facet normal -7.774285e-04 9.889207e-01 1.484425e-01
    outer loop
      vertex   -5.000000e-01 9.090466e+01 -4.173076e+01
      vertex   5.000000e-01 9.100330e+01 -4.238269e+01
      vertex   5.000000e-01 9.104662e+01 -4.267130e+01
    endloop
  endfacet
  facet normal -1.424078e-03 9.890207e-01 1.477701e-01
    outer loop
      vertex   -5.000000e-01 9.090466e+01 -4.173076e+01
      vertex   5.000000e-01 9.104662e+01 -4.267130e+01
      vertex   5.000000e-01 9.108471e+01 -4.292624e+01
    endloop
  endfacet
  facet normal -2.282679e-05 9.891031e-01 1.472246e-01
    outer loop
      vertex   5.000000e-01 9.111684e+01 -4.314205e+01
      vertex   -5.000000e-01 9.110691e+01 -4.307554e+01
      vertex   5.000000e-01 9.108471e+01 -4.292624e+01
    endloop
  endfacet
  facet normal 4.613793e-07 9.891258e-01 1.470720e-01
    outer loop
      vertex   5.000000e-01 9.108471e+01 -4.292624e+01
      vertex   -5.000000e-01 9.110691e+01 -4.307554e+01
      vertex   -5.000000e-01 9.107707e+01 -4.287484e+01
    endloop
  endfacet
  facet normal 3.221947e-05 9.890357e-01 1.476766e-01
    outer loop
      vertex   5.000000e-01 9.108471e+01 -4.292624e+01
      vertex   -5.000000e-01 9.107707e+01 -4.287484e+01
      vertex   -5.000000e-01 9.104151e+01 -4.263669e+01
    endloop
  endfacet
  facet normal -6.088154e-05 9.891862e-01 1.466648e-01
    outer loop
      vertex   -5.000000e-01 9.110691e+01 -4.307554e+01
      vertex   5.000000e-01 9.111684e+01 -4.314205e+01
      vertex   -5.000000e-01 9.113063e+01 -4.323547e+01
    endloop
  endfacet
  facet normal -7.768094e-05 9.891601e-01 1.468408e-01
    outer loop
      vertex   -5.000000e-01 9.113063e+01 -4.323547e+01
      vertex   5.000000e-01 9.111684e+01 -4.314205e+01
      vertex   5.000000e-01 9.114226e+01 -4.331330e+01
    endloop
  endfacet
  facet normal -9.455685e-05 9.891916e-01 1.466287e-01
    outer loop
      vertex   -5.000000e-01 9.113063e+01 -4.323547e+01
      vertex   5.000000e-01 9.114226e+01 -4.331330e+01
      vertex   -5.000000e-01 9.114780e+01 -4.335131e+01
    endloop
  endfacet
  facet normal -9.910168e-05 9.891742e-01 1.467457e-01
    outer loop
      vertex   -5.000000e-01 9.114780e+01 -4.335131e+01
      vertex   5.000000e-01 9.114226e+01 -4.331330e+01
      vertex   5.000000e-01 9.116024e+01 -4.343453e+01
    endloop
  endfacet
  facet normal -3.884401e-05 9.890689e-01 1.474540e-01
    outer loop
      vertex   -5.000000e-01 9.114780e+01 -4.335131e+01
      vertex   5.000000e-01 9.116024e+01 -4.343453e+01
      vertex   -5.000000e-01 9.115869e+01 -4.342440e+01
    endloop
  endfacet
  facet normal -3.871026e-05 9.890670e-01 1.474669e-01
    outer loop
      vertex   -5.000000e-01 9.115869e+01 -4.342440e+01
      vertex   5.000000e-01 9.116024e+01 -4.343453e+01
      vertex   5.000000e-01 9.117049e+01 -4.350326e+01
    endloop
  endfacet
  facet normal 3.336206e-06 9.889891e-01 1.479884e-01
    outer loop
      vertex   -5.000000e-01 9.115869e+01 -4.342440e+01
      vertex   5.000000e-01 9.117049e+01 -4.350326e+01
      vertex   -5.000000e-01 9.117787e+01 -4.355254e+01
    endloop
  endfacet
  facet normal -1.212838e-05 9.889431e-01 1.482954e-01
    outer loop
      vertex   -5.000000e-01 9.117787e+01 -4.355254e+01
      vertex   5.000000e-01 9.117049e+01 -4.350326e+01
      vertex   5.000000e-01 9.118688e+01 -4.361256e+01
    endloop
  endfacet
  facet normal -3.748906e-06 9.889226e-01 1.484319e-01
    outer loop
      vertex   -5.000000e-01 9.117787e+01 -4.355254e+01
      vertex   5.000000e-01 9.118688e+01 -4.361256e+01
      vertex   -5.000000e-01 9.121462e+01 -4.379739e+01
    endloop
  endfacet
  facet normal -1.036202e-04 9.888432e-01 1.489603e-01
    outer loop
      vertex   -5.000000e-01 9.121462e+01 -4.379739e+01
      vertex   5.000000e-01 9.118688e+01 -4.361256e+01
      vertex   5.000000e-01 9.121905e+01 -4.382615e+01
    endloop
  endfacet
  facet normal -9.165945e-05 9.887819e-01 1.493667e-01
    outer loop
      vertex   -5.000000e-01 9.121462e+01 -4.379739e+01
      vertex   5.000000e-01 9.121905e+01 -4.382615e+01
      vertex   -5.000000e-01 9.128197e+01 -4.424326e+01
    endloop
  endfacet
  facet normal -8.084986e-04 9.885263e-01 1.510468e-01
    outer loop
      vertex   -5.000000e-01 9.128197e+01 -4.424326e+01
      vertex   5.000000e-01 9.121905e+01 -4.382615e+01
      vertex   5.000000e-01 9.133987e+01 -4.461684e+01
    endloop
  endfacet
  facet normal -9.279787e-04 9.885739e-01 1.507343e-01
    outer loop
      vertex   -5.000000e-01 9.128197e+01 -4.424326e+01
      vertex   5.000000e-01 9.133987e+01 -4.461684e+01
      vertex   -5.000000e-01 9.134161e+01 -4.463437e+01
    endloop
  endfacet
  facet normal -9.866957e-04 9.880650e-01 1.540343e-01
    outer loop
      vertex   -5.000000e-01 9.134161e+01 -4.463437e+01
      vertex   5.000000e-01 9.133987e+01 -4.461684e+01
      vertex   5.000000e-01 9.144850e+01 -4.531362e+01
    endloop
  endfacet
  facet normal -2.234940e-03 9.883410e-01 1.522401e-01
    outer loop
      vertex   -5.000000e-01 9.134161e+01 -4.463437e+01
      vertex   5.000000e-01 9.144850e+01 -4.531362e+01
      vertex   -5.000000e-01 9.139410e+01 -4.497514e+01
    endloop
  endfacet
  facet normal -8.737967e-04 9.877308e-01 1.561634e-01
    outer loop
      vertex   -5.000000e-01 9.139410e+01 -4.497514e+01
      vertex   5.000000e-01 9.144850e+01 -4.531362e+01
      vertex   5.000000e-01 9.154548e+01 -4.592707e+01
    endloop
  endfacet
  facet normal -3.093685e-03 9.880835e-01 1.538875e-01
    outer loop
      vertex   -5.000000e-01 9.139410e+01 -4.497514e+01
      vertex   5.000000e-01 9.154548e+01 -4.592707e+01
      vertex   -5.000000e-01 9.144002e+01 -4.527000e+01
    endloop
  endfacet
  facet normal -1.894273e-03 9.878075e-01 1.556686e-01
    outer loop
      vertex   -5.000000e-01 9.144002e+01 -4.527000e+01
      vertex   5.000000e-01 9.154548e+01 -4.592707e+01
      vertex   -5.000000e-01 9.147995e+01 -4.552335e+01
    endloop
  endfacet
  facet normal -1.115217e-03 9.875104e-01 1.575501e-01
    outer loop
      vertex   -5.000000e-01 9.147995e+01 -4.552335e+01
      vertex   5.000000e-01 9.154548e+01 -4.592707e+01
      vertex   -5.000000e-01 9.151445e+01 -4.573962e+01
    endloop
  endfacet
  facet normal -5.901797e-04 9.870717e-01 1.602784e-01
    outer loop
      vertex   -5.000000e-01 9.151445e+01 -4.573962e+01
      vertex   5.000000e-01 9.154548e+01 -4.592707e+01
      vertex   -5.000000e-01 9.156949e+01 -4.607859e+01
    endloop
  endfacet
  facet normal -6.785394e-05 9.876118e-01 1.569168e-01
    outer loop
      vertex   -5.000000e-01 9.156949e+01 -4.607859e+01
      vertex   5.000000e-01 9.154548e+01 -4.592707e+01
      vertex   5.000000e-01 9.163140e+01 -4.646779e+01
    endloop
  endfacet
  facet normal 2.344303e-03 9.866302e-01 1.629583e-01
    outer loop
      vertex   -5.000000e-01 9.156949e+01 -4.607859e+01
      vertex   5.000000e-01 9.163140e+01 -4.646779e+01
      vertex   -5.000000e-01 9.160973e+01 -4.632224e+01
    endloop
  endfacet
  facet normal 1.250386e-03 9.878164e-01 1.556189e-01
    outer loop
      vertex   -5.000000e-01 9.160973e+01 -4.632224e+01
      vertex   5.000000e-01 9.163140e+01 -4.646779e+01
      vertex   5.000000e-01 9.170679e+01 -4.694638e+01
    endloop
  endfacet
  facet normal 3.177674e-03 9.873327e-01 1.586316e-01
    outer loop
      vertex   -5.000000e-01 9.160973e+01 -4.632224e+01
      vertex   5.000000e-01 9.170679e+01 -4.694638e+01
      vertex   -5.000000e-01 9.166490e+01 -4.666561e+01
    endloop
  endfacet
  facet normal 1.119204e-03 9.884615e-01 1.514684e-01
    outer loop
      vertex   -5.000000e-01 9.166490e+01 -4.666561e+01
      vertex   5.000000e-01 9.170679e+01 -4.694638e+01
      vertex   -5.000000e-01 9.175440e+01 -4.724969e+01
    endloop
  endfacet
  facet normal 1.119968e-03 9.884618e-01 1.514659e-01
    outer loop
      vertex   -5.000000e-01 9.175440e+01 -4.724969e+01
      vertex   5.000000e-01 9.170679e+01 -4.694638e+01
      vertex   5.000000e-01 9.177223e+01 -4.737343e+01
    endloop
  endfacet
  facet normal 9.877868e-05 9.896667e-01 1.433867e-01
    outer loop
      vertex   -5.000000e-01 9.175440e+01 -4.724969e+01
      vertex   5.000000e-01 9.177223e+01 -4.737343e+01
      vertex   -5.000000e-01 9.182827e+01 -4.775954e+01
    endloop
  endfacet
  facet normal -3.843724e-14 9.896304e-01 1.436373e-01
    outer loop
      vertex   -5.000000e-01 9.182827e+01 -4.775954e+01
      vertex   5.000000e-01 9.177223e+01 -4.737343e+01
      vertex   5.000000e-01 9.182827e+01 -4.775954e+01
    endloop
  endfacet
  facet normal 2.519832e-04 9.889245e-01 1.484190e-01
    outer loop
      vertex   -5.000000e-01 9.104151e+01 -4.263669e+01
      vertex   -5.000000e-01 9.100065e+01 -4.236442e+01
      vertex   5.000000e-01 9.108471e+01 -4.292624e+01
    endloop
  endfacet
  facet normal 1.034655e-03 9.887186e-01 1.497813e-01
    outer loop
      vertex   5.000000e-01 9.108471e+01 -4.292624e+01
      vertex   -5.000000e-01 9.100065e+01 -4.236442e+01
      vertex   -5.000000e-01 9.090466e+01 -4.173076e+01
    endloop
  endfacet
  facet normal 1.000000e+00 -0.000000e+00 0.000000e+00
    outer loop
      vertex   5.000000e-01 8.542824e+01 -4.331009e+01
      vertex   5.000000e-01 8.542824e+01 -4.868991e+01
      vertex   5.000000e-01 8.600000e+01 -4.325000e+01
    endloop
  endfacet
  facet normal 1.000000e+00 0.000000e+00 0.000000e+00
    outer loop
      vertex   5.000000e-01 8.600000e+01 -4.325000e+01
      vertex   5.000000e-01 8.542824e+01 -4.868991e+01
      vertex   5.000000e-01 8.600000e+01 -4.875000e+01
    endloop
  endfacet
  facet normal 1.000000e+00 0.000000e+00 0.000000e+00
    outer loop
      vertex   5.000000e-01 8.600000e+01 -4.325000e+01
      vertex   5.000000e-01 8.600000e+01 -4.875000e+01
      vertex   5.000000e-01 8.657176e+01 -4.331009e+01
    endloop
  endfacet
  facet normal 1.000000e+00 0.000000e+00 0.000000e+00
    outer loop
      vertex   5.000000e-01 8.657176e+01 -4.331009e+01
      vertex   5.000000e-01 8.600000e+01 -4.875000e+01
      vertex   5.000000e-01 8.657176e+01 -4.868991e+01
    endloop
  endfacet
  facet normal 1.000000e+00 0.000000e+00 0.000000e+00
    outer loop
      vertex   5.000000e-01 8.657176e+01 -4.331009e+01
      vertex   5.000000e-01 8.657176e+01 -4.868991e+01
      vertex   5.000000e-01 8.711853e+01 -4.348775e+01
    endloop
  endfacet
  facet normal 1.000000e+00 0.000000e+00 0.000000e+00
    outer loop
      vertex   5.000000e-01 8.711853e+01 -4.348775e+01
      vertex   5.000000e-01 8.657176e+01 -4.868991e+01
      vertex   5.000000e-01 8.711853e+01 -4.851225e+01
    endloop
  endfacet
  facet normal 1.000000e+00 0.000000e+00 0.000000e+00
    outer loop
      vertex   5.000000e-01 8.711853e+01 -4.348775e+01
      vertex   5.000000e-01 8.711853e+01 -4.851225e+01
      vertex   5.000000e-01 8.761641e+01 -4.377520e+01
    endloop
  endfacet
  facet normal 1.000000e+00 0.000000e+00 0.000000e+00
    outer loop
      vertex   5.000000e-01 8.761641e+01 -4.377520e+01
      vertex   5.000000e-01 8.711853e+01 -4.851225e+01
      vertex   5.000000e-01 8.761641e+01 -4.822480e+01
    endloop
  endfacet
  facet normal 1.000000e+00 0.000000e+00 0.000000e+00
    outer loop
      vertex   5.000000e-01 8.761641e+01 -4.377520e+01
      vertex   5.000000e-01 8.761641e+01 -4.822480e+01
      vertex   5.000000e-01 8.804365e+01 -4.415989e+01
    endloop
  endfacet
  facet normal 1.000000e+00 0.000000e+00 0.000000e+00
    outer loop
      vertex   5.000000e-01 8.804365e+01 -4.415989e+01
      vertex   5.000000e-01 8.761641e+01 -4.822480e+01
      vertex   5.000000e-01 8.804365e+01 -4.784011e+01
    endloop
  endfacet
  facet normal 1.000000e+00 0.000000e+00 0.000000e+00
    outer loop
      vertex   5.000000e-01 8.804365e+01 -4.415989e+01
      vertex   5.000000e-01 8.804365e+01 -4.784011e+01
      vertex   5.000000e-01 8.838157e+01 -4.462500e+01
    endloop
  endfacet
  facet normal 1.000000e+00 0.000000e+00 0.000000e+00
    outer loop
      vertex   5.000000e-01 8.838157e+01 -4.462500e+01
      vertex   5.000000e-01 8.804365e+01 -4.784011e+01
      vertex   5.000000e-01 8.838157e+01 -4.737500e+01
    endloop
  endfacet
  facet normal 1.000000e+00 0.000000e+00 0.000000e+00
    outer loop
      vertex   5.000000e-01 8.838157e+01 -4.462500e+01
      vertex   5.000000e-01 8.838157e+01 -4.737500e+01
      vertex   5.000000e-01 8.861541e+01 -4.515020e+01
    endloop
  endfacet
  facet normal 1.000000e+00 0.000000e+00 0.000000e+00
    outer loop
      vertex   5.000000e-01 8.861541e+01 -4.515020e+01
      vertex   5.000000e-01 8.838157e+01 -4.737500e+01
      vertex   5.000000e-01 8.861541e+01 -4.684980e+01
    endloop
  endfacet
  facet normal 1.000000e+00 0.000000e+00 0.000000e+00
    outer loop
      vertex   5.000000e-01 8.861541e+01 -4.515020e+01
      vertex   5.000000e-01 8.861541e+01 -4.684980e+01
      vertex   5.000000e-01 8.873494e+01 -4.571255e+01
    endloop
  endfacet
  facet normal 1.000000e+00 0.000000e+00 0.000000e+00
    outer loop
      vertex   5.000000e-01 8.873494e+01 -4.571255e+01
      vertex   5.000000e-01 8.861541e+01 -4.684980e+01
      vertex   5.000000e-01 8.873494e+01 -4.628745e+01
    endloop
  endfacet
  facet normal 1.000000e+00 0.000000e+00 -0.000000e+00
    outer loop
      vertex   5.000000e-01 8.542824e+01 -4.868991e+01
      vertex   5.000000e-01 8.542824e+01 -4.331009e+01
      vertex   5.000000e-01 8.488148e+01 -4.851225e+01
    endloop
  endfacet
  facet normal 1.000000e+00 0.000000e+00 0.000000e+00
    outer loop
      vertex   5.000000e-01 8.488148e+01 -4.851225e+01
      vertex   5.000000e-01 8.542824e+01 -4.331009e+01
      vertex   5.000000e-01 8.488148e+01 -4.348775e+01
    endloop
  endfacet
  facet normal 1.000000e+00 0.000000e+00 -0.000000e+00
    outer loop
      vertex   5.000000e-01 8.488148e+01 -4.851225e+01
      vertex   5.000000e-01 8.488148e+01 -4.348775e+01
      vertex   5.000000e-01 8.438359e+01 -4.822480e+01
    endloop
  endfacet
  facet normal 1.000000e+00 0.000000e+00 0.000000e+00
    outer loop
      vertex   5.000000e-01 8.438359e+01 -4.822480e+01
      vertex   5.000000e-01 8.488148e+01 -4.348775e+01
      vertex   5.000000e-01 8.438359e+01 -4.377520e+01
    endloop
  endfacet
  facet normal 1.000000e+00 0.000000e+00 -0.000000e+00
    outer loop
      vertex   5.000000e-01 8.438359e+01 -4.822480e+01
      vertex   5.000000e-01 8.438359e+01 -4.377520e+01
      vertex   5.000000e-01 8.395635e+01 -4.784011e+01
    endloop
  endfacet
  facet normal 1.000000e+00 0.000000e+00 0.000000e+00
    outer loop
      vertex   5.000000e-01 8.395635e+01 -4.784011e+01
      vertex   5.000000e-01 8.438359e+01 -4.377520e+01
      vertex   5.000000e-01 8.395635e+01 -4.415989e+01
    endloop
  endfacet
  facet normal 1.000000e+00 0.000000e+00 -0.000000e+00
    outer loop
      vertex   5.000000e-01 8.395635e+01 -4.784011e+01
      vertex   5.000000e-01 8.395635e+01 -4.415989e+01
      vertex   5.000000e-01 8.361843e+01 -4.737500e+01
    endloop
  endfacet
  facet normal 1.000000e+00 0.000000e+00 0.000000e+00
    outer loop
      vertex   5.000000e-01 8.361843e+01 -4.737500e+01
      vertex   5.000000e-01 8.395635e+01 -4.415989e+01
      vertex   5.000000e-01 8.361843e+01 -4.462500e+01
    endloop
  endfacet
  facet normal 1.000000e+00 0.000000e+00 -0.000000e+00
    outer loop
      vertex   5.000000e-01 8.361843e+01 -4.737500e+01
      vertex   5.000000e-01 8.361843e+01 -4.462500e+01
      vertex   5.000000e-01 8.338460e+01 -4.684980e+01
    endloop
  endfacet
  facet normal 1.000000e+00 0.000000e+00 0.000000e+00
    outer loop
      vertex   5.000000e-01 8.338460e+01 -4.684980e+01
      vertex   5.000000e-01 8.361843e+01 -4.462500e+01
      vertex   5.000000e-01 8.338460e+01 -4.515020e+01
    endloop
  endfacet
  facet normal 1.000000e+00 0.000000e+00 -0.000000e+00
    outer loop
      vertex   5.000000e-01 8.338460e+01 -4.684980e+01
      vertex   5.000000e-01 8.338460e+01 -4.515020e+01
      vertex   5.000000e-01 8.326507e+01 -4.628745e+01
    endloop
  endfacet
  facet normal 1.000000e+00 0.000000e+00 0.000000e+00
    outer loop
      vertex   5.000000e-01 8.326507e+01 -4.628745e+01
      vertex   5.000000e-01 8.338460e+01 -4.515020e+01
      vertex   5.000000e-01 8.326507e+01 -4.571255e+01
    endloop
  endfacet
endsolid
