solid ASCII
  facet normal -1.000000e+00 -0.000000e+00 0.000000e+00
    outer loop
      vertex   -3.750000e+02 6.000000e+00 -1.750000e+02
      vertex   -3.750000e+02 5.000000e+00 -1.760000e+02
      vertex   -3.750000e+02 0.000000e+00 -1.750000e+02
    endloop
  endfacet
  facet normal -1.000000e+00 0.000000e+00 0.000000e+00
    outer loop
      vertex   -3.750000e+02 0.000000e+00 -1.750000e+02
      vertex   -3.750000e+02 5.000000e+00 -1.760000e+02
      vertex   -3.750000e+02 1.000000e+00 -1.760000e+02
    endloop
  endfacet
  facet normal -1.000000e+00 0.000000e+00 0.000000e+00
    outer loop
      vertex   -3.750000e+02 0.000000e+00 -1.750000e+02
      vertex   -3.750000e+02 1.000000e+00 -1.760000e+02
      vertex   -3.750000e+02 0.000000e+00 -1.860000e+02
    endloop
  endfacet
  facet normal -1.000000e+00 0.000000e+00 0.000000e+00
    outer loop
      vertex   -3.750000e+02 0.000000e+00 -1.860000e+02
      vertex   -3.750000e+02 1.000000e+00 -1.760000e+02
      vertex   -3.750000e+02 1.000000e+00 -1.860000e+02
    endloop
  endfacet
  facet normal -1.000000e+00 0.000000e+00 -0.000000e+00
    outer loop
      vertex   -3.750000e+02 6.000000e+00 -1.750000e+02
      vertex   -3.750000e+02 6.000000e+00 -1.850000e+02
      vertex   -3.750000e+02 5.000000e+00 -1.760000e+02
    endloop
  endfacet
  facet normal -1.000000e+00 0.000000e+00 0.000000e+00
    outer loop
      vertex   -3.750000e+02 5.000000e+00 -1.760000e+02
      vertex   -3.750000e+02 6.000000e+00 -1.850000e+02
      vertex   -3.750000e+02 5.000000e+00 -1.860000e+02
    endloop
  endfacet
  facet normal -1.000000e+00 0.000000e+00 0.000000e+00
    outer loop
      vertex   -3.750000e+02 5.000000e+00 -1.860000e+02
      vertex   -3.750000e+02 6.000000e+00 -1.850000e+02
      vertex   -3.750000e+02 1.700000e+01 -1.860000e+02
    endloop
  endfacet
  facet normal -1.000000e+00 0.000000e+00 0.000000e+00
    outer loop
      vertex   -3.750000e+02 1.700000e+01 -1.860000e+02
      vertex   -3.750000e+02 6.000000e+00 -1.850000e+02
      vertex   -3.750000e+02 1.800000e+01 -1.850000e+02
    endloop
  endfacet
  facet normal -1.000000e+00 0.000000e+00 0.000000e+00
    outer loop
      vertex   -3.750000e+02 1.700000e+01 -1.860000e+02
      vertex   -3.750000e+02 1.800000e+01 -1.850000e+02
      vertex   -3.750000e+02 1.800000e+01 -1.948000e+02
    endloop
  endfacet
  facet normal -1.000000e+00 0.000000e+00 0.000000e+00
    outer loop
      vertex   -3.750000e+02 1.700000e+01 -1.860000e+02
      vertex   -3.750000e+02 1.800000e+01 -1.948000e+02
      vertex   -3.750000e+02 1.700000e+01 -1.938000e+02
    endloop
  endfacet
  facet normal -1.000000e+00 0.000000e+00 -0.000000e+00
    outer loop
      vertex   -3.750000e+02 1.700000e+01 -1.938000e+02
      vertex   -3.750000e+02 1.800000e+01 -1.948000e+02
      vertex   -3.750000e+02 0.000000e+00 -1.948000e+02
    endloop
  endfacet
  facet normal -1.000000e+00 -0.000000e+00 0.000000e+00
    outer loop
      vertex   -3.750000e+02 1.700000e+01 -1.938000e+02
      vertex   -3.750000e+02 0.000000e+00 -1.948000e+02
      vertex   -3.750000e+02 0.000000e+00 -1.938000e+02
    endloop
  endfacet
  facet normal -9.669834e-18 -1.000000e+00 -4.554761e-16
    outer loop
      vertex   -3.750000e+02 1.700000e+01 -1.860000e+02
      vertex   -3.750000e+02 1.700000e+01 -1.938000e+02
      vertex   -3.669786e+02 1.700000e+01 -1.861703e+02
    endloop
  endfacet
  facet normal -9.932499e-18 -1.000000e+00 -4.552000e-16
    outer loop
      vertex   -3.669786e+02 1.700000e+01 -1.861703e+02
      vertex   -3.750000e+02 1.700000e+01 -1.938000e+02
      vertex   -3.670962e+02 1.700000e+01 -1.939725e+02
    endloop
  endfacet
  facet normal -2.900848e-17 -1.000000e+00 -4.549125e-16
    outer loop
      vertex   -3.669786e+02 1.700000e+01 -1.861703e+02
      vertex   -3.670962e+02 1.700000e+01 -1.939725e+02
      vertex   -3.589717e+02 1.700000e+01 -1.866809e+02
    endloop
  endfacet
  facet normal -2.976155e-17 -1.000000e+00 -4.540735e-16
    outer loop
      vertex   -3.589717e+02 1.700000e+01 -1.866809e+02
      vertex   -3.670962e+02 1.700000e+01 -1.939725e+02
      vertex   -3.592074e+02 1.700000e+01 -1.944895e+02
    endloop
  endfacet
  facet normal -4.831515e-17 -1.000000e+00 -4.535134e-16
    outer loop
      vertex   -3.589717e+02 1.700000e+01 -1.866809e+02
      vertex   -3.592074e+02 1.700000e+01 -1.944895e+02
      vertex   -3.509936e+02 1.700000e+01 -1.875308e+02
    endloop
  endfacet
  facet normal -4.951296e-17 -1.000000e+00 -4.520996e-16
    outer loop
      vertex   -3.509936e+02 1.700000e+01 -1.875308e+02
      vertex   -3.592074e+02 1.700000e+01 -1.944895e+02
      vertex   -3.513487e+02 1.700000e+01 -1.953502e+02
    endloop
  endfacet
  facet normal -6.755314e-17 -1.000000e+00 -4.512805e-16
    outer loop
      vertex   -3.509936e+02 1.700000e+01 -1.875308e+02
      vertex   -3.513487e+02 1.700000e+01 -1.953502e+02
      vertex   -3.430588e+02 1.700000e+01 -1.887186e+02
    endloop
  endfacet
  facet normal -6.915124e-17 -1.000000e+00 -4.492828e-16
    outer loop
      vertex   -3.430588e+02 1.700000e+01 -1.887186e+02
      vertex   -3.513487e+02 1.700000e+01 -1.953502e+02
      vertex   -3.435350e+02 1.700000e+01 -1.965528e+02
    endloop
  endfacet
  facet normal -8.668584e-17 -1.000000e+00 -4.482172e-16
    outer loop
      vertex   -3.430588e+02 1.700000e+01 -1.887186e+02
      vertex   -3.435350e+02 1.700000e+01 -1.965528e+02
      vertex   -3.351816e+02 1.700000e+01 -1.902421e+02
    endloop
  endfacet
  facet normal -8.864113e-17 -1.000000e+00 -4.456291e-16
    outer loop
      vertex   -3.351816e+02 1.700000e+01 -1.902421e+02
      vertex   -3.435350e+02 1.700000e+01 -1.965528e+02
      vertex   -3.357811e+02 1.700000e+01 -1.980952e+02
    endloop
  endfacet
  facet normal -1.056768e-16 -1.000000e+00 -4.443285e-16
    outer loop
      vertex   -3.351816e+02 1.700000e+01 -1.902421e+02
      vertex   -3.357811e+02 1.700000e+01 -1.980952e+02
      vertex   -3.273761e+02 1.700000e+01 -1.920985e+02
    endloop
  endfacet
  facet normal -1.079477e-16 -1.000000e+00 -4.411457e-16
    outer loop
      vertex   -3.273761e+02 1.700000e+01 -1.920985e+02
      vertex   -3.357811e+02 1.700000e+01 -1.980952e+02
      vertex   -3.281020e+02 1.700000e+01 -1.999742e+02
    endloop
  endfacet
  facet normal -1.244898e-16 -1.000000e+00 -4.396211e-16
    outer loop
      vertex   -3.273761e+02 1.700000e+01 -1.920985e+02
      vertex   -3.281020e+02 1.700000e+01 -1.999742e+02
      vertex   -3.196565e+02 1.700000e+01 -1.942845e+02
    endloop
  endfacet
  facet normal -1.270362e-16 -1.000000e+00 -4.358415e-16
    outer loop
      vertex   -3.196565e+02 1.700000e+01 -1.942845e+02
      vertex   -3.281020e+02 1.700000e+01 -1.999742e+02
      vertex   -3.205121e+02 1.700000e+01 -2.021865e+02
    endloop
  endfacet
  facet normal -1.430890e-16 -1.000000e+00 -4.341033e-16
    outer loop
      vertex   -3.196565e+02 1.700000e+01 -1.942845e+02
      vertex   -3.205121e+02 1.700000e+01 -2.021865e+02
      vertex   -3.120366e+02 1.700000e+01 -1.967962e+02
    endloop
  endfacet
  facet normal -1.458725e-16 -1.000000e+00 -4.297266e-16
    outer loop
      vertex   -3.120366e+02 1.700000e+01 -1.967962e+02
      vertex   -3.205121e+02 1.700000e+01 -2.021865e+02
      vertex   -3.130260e+02 1.700000e+01 -2.047277e+02
    endloop
  endfacet
  facet normal -1.614389e-16 -1.000000e+00 -4.277849e-16
    outer loop
      vertex   -3.120366e+02 1.700000e+01 -1.967962e+02
      vertex   -3.130260e+02 1.700000e+01 -2.047277e+02
      vertex   -3.045301e+02 1.700000e+01 -1.996290e+02
    endloop
  endfacet
  facet normal -1.644229e-16 -1.000000e+00 -4.228128e-16
    outer loop
      vertex   -3.045301e+02 1.700000e+01 -1.996290e+02
      vertex   -3.130260e+02 1.700000e+01 -2.047277e+02
      vertex   -3.056578e+02 1.700000e+01 -2.075930e+02
    endloop
  endfacet
  facet normal -1.795045e-16 -1.000000e+00 -4.206774e-16
    outer loop
      vertex   -3.045301e+02 1.700000e+01 -1.996290e+02
      vertex   -3.056578e+02 1.700000e+01 -2.075930e+02
      vertex   -2.971507e+02 1.700000e+01 -2.027778e+02
    endloop
  endfacet
  facet normal -1.826541e-16 -1.000000e+00 -4.151130e-16
    outer loop
      vertex   -2.971507e+02 1.700000e+01 -2.027778e+02
      vertex   -3.056578e+02 1.700000e+01 -2.075930e+02
      vertex   -2.984216e+02 1.700000e+01 -2.107770e+02
    endloop
  endfacet
  facet normal -1.972512e-16 -1.000000e+00 -4.127938e-16
    outer loop
      vertex   -2.971507e+02 1.700000e+01 -2.027778e+02
      vertex   -2.984216e+02 1.700000e+01 -2.107770e+02
      vertex   -2.899115e+02 1.700000e+01 -2.062370e+02
    endloop
  endfacet
  facet normal -2.005334e-16 -1.000000e+00 -4.066415e-16
    outer loop
      vertex   -2.899115e+02 1.700000e+01 -2.062370e+02
      vertex   -2.984216e+02 1.700000e+01 -2.107770e+02
      vertex   -2.913312e+02 1.700000e+01 -2.142736e+02
    endloop
  endfacet
  facet normal -2.146452e-16 -1.000000e+00 -4.041486e-16
    outer loop
      vertex   -2.899115e+02 1.700000e+01 -2.062370e+02
      vertex   -2.913312e+02 1.700000e+01 -2.142736e+02
      vertex   -2.828257e+02 1.700000e+01 -2.100003e+02
    endloop
  endfacet
  facet normal -2.180288e-16 -1.000000e+00 -3.974140e-16
    outer loop
      vertex   -2.828257e+02 1.700000e+01 -2.100003e+02
      vertex   -2.913312e+02 1.700000e+01 -2.142736e+02
      vertex   -2.844000e+02 1.700000e+01 -2.180762e+02
    endloop
  endfacet
  facet normal -2.316532e-16 -1.000000e+00 -3.947580e-16
    outer loop
      vertex   -2.828257e+02 1.700000e+01 -2.100003e+02
      vertex   -2.844000e+02 1.700000e+01 -2.180762e+02
      vertex   -2.759059e+02 1.700000e+01 -2.140610e+02
    endloop
  endfacet
  facet normal -2.351089e-16 -1.000000e+00 -3.874475e-16
    outer loop
      vertex   -2.759059e+02 1.700000e+01 -2.140610e+02
      vertex   -2.844000e+02 1.700000e+01 -2.180762e+02
      vertex   -2.776413e+02 1.700000e+01 -2.221775e+02
    endloop
  endfacet
  facet normal -2.482428e-16 -1.000000e+00 -3.846393e-16
    outer loop
      vertex   -2.759059e+02 1.700000e+01 -2.140610e+02
      vertex   -2.776413e+02 1.700000e+01 -2.221775e+02
      vertex   -2.691648e+02 1.700000e+01 -2.184117e+02
    endloop
  endfacet
  facet normal -2.517432e-16 -1.000000e+00 -3.767603e-16
    outer loop
      vertex   -2.691648e+02 1.700000e+01 -2.184117e+02
      vertex   -2.776413e+02 1.700000e+01 -2.221775e+02
      vertex   -2.710679e+02 1.700000e+01 -2.265696e+02
    endloop
  endfacet
  facet normal -2.643823e-16 -1.000000e+00 -3.738116e-16
    outer loop
      vertex   -2.691648e+02 1.700000e+01 -2.184117e+02
      vertex   -2.710679e+02 1.700000e+01 -2.265696e+02
      vertex   -2.626143e+02 1.700000e+01 -2.230445e+02
    endloop
  endfacet
  facet normal -2.679017e-16 -1.000000e+00 -3.653718e-16
    outer loop
      vertex   -2.626143e+02 1.700000e+01 -2.230445e+02
      vertex   -2.710679e+02 1.700000e+01 -2.265696e+02
      vertex   -2.646924e+02 1.700000e+01 -2.312444e+02
    endloop
  endfacet
  facet normal -2.800409e-16 -1.000000e+00 -3.622953e-16
    outer loop
      vertex   -2.626143e+02 1.700000e+01 -2.230445e+02
      vertex   -2.646924e+02 1.700000e+01 -2.312444e+02
      vertex   -2.562664e+02 1.700000e+01 -2.279512e+02
    endloop
  endfacet
  facet normal -2.835555e-16 -1.000000e+00 -3.533028e-16
    outer loop
      vertex   -2.562664e+02 1.700000e+01 -2.279512e+02
      vertex   -2.646924e+02 1.700000e+01 -2.312444e+02
      vertex   -2.585269e+02 1.700000e+01 -2.361927e+02
    endloop
  endfacet
  facet normal -2.951888e-16 -1.000000e+00 -3.501120e-16
    outer loop
      vertex   -2.562664e+02 1.700000e+01 -2.279512e+02
      vertex   -2.585269e+02 1.700000e+01 -2.361927e+02
      vertex   -2.501325e+02 1.700000e+01 -2.331229e+02
    endloop
  endfacet
  facet normal -2.986764e-16 -1.000000e+00 -3.405752e-16
    outer loop
      vertex   -2.501325e+02 1.700000e+01 -2.331229e+02
      vertex   -2.585269e+02 1.700000e+01 -2.361927e+02
      vertex   -2.525831e+02 1.700000e+01 -2.414053e+02
    endloop
  endfacet
  facet normal -3.097971e-16 -1.000000e+00 -3.372848e-16
    outer loop
      vertex   -2.501325e+02 1.700000e+01 -2.331229e+02
      vertex   -2.525831e+02 1.700000e+01 -2.414053e+02
      vertex   -2.442236e+02 1.700000e+01 -2.385503e+02
    endloop
  endfacet
  facet normal -3.132373e-16 -1.000000e+00 -3.272120e-16
    outer loop
      vertex   -2.442236e+02 1.700000e+01 -2.385503e+02
      vertex   -2.525831e+02 1.700000e+01 -2.414053e+02
      vertex   -2.468723e+02 1.700000e+01 -2.468723e+02
    endloop
  endfacet
  facet normal -3.238380e-16 -1.000000e+00 -3.238380e-16
    outer loop
      vertex   -2.442236e+02 1.700000e+01 -2.385503e+02
      vertex   -2.468723e+02 1.700000e+01 -2.468723e+02
      vertex   -2.385503e+02 1.700000e+01 -2.442236e+02
    endloop
  endfacet
  facet normal -3.272120e-16 -1.000000e+00 -3.132373e-16
    outer loop
      vertex   -2.385503e+02 1.700000e+01 -2.442236e+02
      vertex   -2.468723e+02 1.700000e+01 -2.468723e+02
      vertex   -2.414053e+02 1.700000e+01 -2.525831e+02
    endloop
  endfacet
  facet normal -3.372848e-16 -1.000000e+00 -3.097971e-16
    outer loop
      vertex   -2.385503e+02 1.700000e+01 -2.442236e+02
      vertex   -2.414053e+02 1.700000e+01 -2.525831e+02
      vertex   -2.331229e+02 1.700000e+01 -2.501325e+02
    endloop
  endfacet
  facet normal -3.405752e-16 -1.000000e+00 -2.986764e-16
    outer loop
      vertex   -2.331229e+02 1.700000e+01 -2.501325e+02
      vertex   -2.414053e+02 1.700000e+01 -2.525831e+02
      vertex   -2.361927e+02 1.700000e+01 -2.585269e+02
    endloop
  endfacet
  facet normal -3.501120e-16 -1.000000e+00 -2.951888e-16
    outer loop
      vertex   -2.331229e+02 1.700000e+01 -2.501325e+02
      vertex   -2.361927e+02 1.700000e+01 -2.585269e+02
      vertex   -2.279512e+02 1.700000e+01 -2.562664e+02
    endloop
  endfacet
  facet normal -3.533028e-16 -1.000000e+00 -2.835555e-16
    outer loop
      vertex   -2.279512e+02 1.700000e+01 -2.562664e+02
      vertex   -2.361927e+02 1.700000e+01 -2.585269e+02
      vertex   -2.312444e+02 1.700000e+01 -2.646924e+02
    endloop
  endfacet
  facet normal -3.622953e-16 -1.000000e+00 -2.800409e-16
    outer loop
      vertex   -2.279512e+02 1.700000e+01 -2.562664e+02
      vertex   -2.312444e+02 1.700000e+01 -2.646924e+02
      vertex   -2.230445e+02 1.700000e+01 -2.626143e+02
    endloop
  endfacet
  facet normal -3.653718e-16 -1.000000e+00 -2.679017e-16
    outer loop
      vertex   -2.230445e+02 1.700000e+01 -2.626143e+02
      vertex   -2.312444e+02 1.700000e+01 -2.646924e+02
      vertex   -2.265696e+02 1.700000e+01 -2.710679e+02
    endloop
  endfacet
  facet normal -3.738116e-16 -1.000000e+00 -2.643823e-16
    outer loop
      vertex   -2.230445e+02 1.700000e+01 -2.626143e+02
      vertex   -2.265696e+02 1.700000e+01 -2.710679e+02
      vertex   -2.184117e+02 1.700000e+01 -2.691648e+02
    endloop
  endfacet
  facet normal -3.767603e-16 -1.000000e+00 -2.517432e-16
    outer loop
      vertex   -2.184117e+02 1.700000e+01 -2.691648e+02
      vertex   -2.265696e+02 1.700000e+01 -2.710679e+02
      vertex   -2.221775e+02 1.700000e+01 -2.776413e+02
    endloop
  endfacet
  facet normal -3.846393e-16 -1.000000e+00 -2.482428e-16
    outer loop
      vertex   -2.184117e+02 1.700000e+01 -2.691648e+02
      vertex   -2.221775e+02 1.700000e+01 -2.776413e+02
      vertex   -2.140610e+02 1.700000e+01 -2.759059e+02
    endloop
  endfacet
  facet normal -3.874475e-16 -1.000000e+00 -2.351089e-16
    outer loop
      vertex   -2.140610e+02 1.700000e+01 -2.759059e+02
      vertex   -2.221775e+02 1.700000e+01 -2.776413e+02
      vertex   -2.180762e+02 1.700000e+01 -2.844000e+02
    endloop
  endfacet
  facet normal -3.947580e-16 -1.000000e+00 -2.316532e-16
    outer loop
      vertex   -2.140610e+02 1.700000e+01 -2.759059e+02
      vertex   -2.180762e+02 1.700000e+01 -2.844000e+02
      vertex   -2.100003e+02 1.700000e+01 -2.828257e+02
    endloop
  endfacet
  facet normal -3.974140e-16 -1.000000e+00 -2.180288e-16
    outer loop
      vertex   -2.100003e+02 1.700000e+01 -2.828257e+02
      vertex   -2.180762e+02 1.700000e+01 -2.844000e+02
      vertex   -2.142736e+02 1.700000e+01 -2.913312e+02
    endloop
  endfacet
  facet normal -4.041486e-16 -1.000000e+00 -2.146452e-16
    outer loop
      vertex   -2.100003e+02 1.700000e+01 -2.828257e+02
      vertex   -2.142736e+02 1.700000e+01 -2.913312e+02
      vertex   -2.062370e+02 1.700000e+01 -2.899115e+02
    endloop
  endfacet
  facet normal -4.066415e-16 -1.000000e+00 -2.005334e-16
    outer loop
      vertex   -2.062370e+02 1.700000e+01 -2.899115e+02
      vertex   -2.142736e+02 1.700000e+01 -2.913312e+02
      vertex   -2.107770e+02 1.700000e+01 -2.984216e+02
    endloop
  endfacet
  facet normal -4.127938e-16 -1.000000e+00 -1.972512e-16
    outer loop
      vertex   -2.062370e+02 1.700000e+01 -2.899115e+02
      vertex   -2.107770e+02 1.700000e+01 -2.984216e+02
      vertex   -2.027778e+02 1.700000e+01 -2.971507e+02
    endloop
  endfacet
  facet normal -4.151130e-16 -1.000000e+00 -1.826541e-16
    outer loop
      vertex   -2.027778e+02 1.700000e+01 -2.971507e+02
      vertex   -2.107770e+02 1.700000e+01 -2.984216e+02
      vertex   -2.075930e+02 1.700000e+01 -3.056578e+02
    endloop
  endfacet
  facet normal -4.206774e-16 -1.000000e+00 -1.795045e-16
    outer loop
      vertex   -2.027778e+02 1.700000e+01 -2.971507e+02
      vertex   -2.075930e+02 1.700000e+01 -3.056578e+02
      vertex   -1.996290e+02 1.700000e+01 -3.045301e+02
    endloop
  endfacet
  facet normal -4.228128e-16 -1.000000e+00 -1.644229e-16
    outer loop
      vertex   -1.996290e+02 1.700000e+01 -3.045301e+02
      vertex   -2.075930e+02 1.700000e+01 -3.056578e+02
      vertex   -2.047277e+02 1.700000e+01 -3.130260e+02
    endloop
  endfacet
  facet normal -4.277849e-16 -1.000000e+00 -1.614389e-16
    outer loop
      vertex   -1.996290e+02 1.700000e+01 -3.045301e+02
      vertex   -2.047277e+02 1.700000e+01 -3.130260e+02
      vertex   -1.967962e+02 1.700000e+01 -3.120366e+02
    endloop
  endfacet
  facet normal -4.297266e-16 -1.000000e+00 -1.458725e-16
    outer loop
      vertex   -1.967962e+02 1.700000e+01 -3.120366e+02
      vertex   -2.047277e+02 1.700000e+01 -3.130260e+02
      vertex   -2.021865e+02 1.700000e+01 -3.205121e+02
    endloop
  endfacet
  facet normal -4.341033e-16 -1.000000e+00 -1.430890e-16
    outer loop
      vertex   -1.967962e+02 1.700000e+01 -3.120366e+02
      vertex   -2.021865e+02 1.700000e+01 -3.205121e+02
      vertex   -1.942845e+02 1.700000e+01 -3.196565e+02
    endloop
  endfacet
  facet normal -4.358415e-16 -1.000000e+00 -1.270362e-16
    outer loop
      vertex   -1.942845e+02 1.700000e+01 -3.196565e+02
      vertex   -2.021865e+02 1.700000e+01 -3.205121e+02
      vertex   -1.999742e+02 1.700000e+01 -3.281020e+02
    endloop
  endfacet
  facet normal -4.396211e-16 -1.000000e+00 -1.244898e-16
    outer loop
      vertex   -1.942845e+02 1.700000e+01 -3.196565e+02
      vertex   -1.999742e+02 1.700000e+01 -3.281020e+02
      vertex   -1.920985e+02 1.700000e+01 -3.273761e+02
    endloop
  endfacet
  facet normal -4.411457e-16 -1.000000e+00 -1.079477e-16
    outer loop
      vertex   -1.920985e+02 1.700000e+01 -3.273761e+02
      vertex   -1.999742e+02 1.700000e+01 -3.281020e+02
      vertex   -1.980952e+02 1.700000e+01 -3.357811e+02
    endloop
  endfacet
  facet normal -4.443285e-16 -1.000000e+00 -1.056768e-16
    outer loop
      vertex   -1.920985e+02 1.700000e+01 -3.273761e+02
      vertex   -1.980952e+02 1.700000e+01 -3.357811e+02
      vertex   -1.902421e+02 1.700000e+01 -3.351816e+02
    endloop
  endfacet
  facet normal -4.456291e-16 -1.000000e+00 -8.864113e-17
    outer loop
      vertex   -1.902421e+02 1.700000e+01 -3.351816e+02
      vertex   -1.980952e+02 1.700000e+01 -3.357811e+02
      vertex   -1.965528e+02 1.700000e+01 -3.435350e+02
    endloop
  endfacet
  facet normal -4.482172e-16 -1.000000e+00 -8.668584e-17
    outer loop
      vertex   -1.902421e+02 1.700000e+01 -3.351816e+02
      vertex   -1.965528e+02 1.700000e+01 -3.435350e+02
      vertex   -1.887186e+02 1.700000e+01 -3.430588e+02
    endloop
  endfacet
  facet normal -4.492828e-16 -1.000000e+00 -6.915124e-17
    outer loop
      vertex   -1.887186e+02 1.700000e+01 -3.430588e+02
      vertex   -1.965528e+02 1.700000e+01 -3.435350e+02
      vertex   -1.953502e+02 1.700000e+01 -3.513487e+02
    endloop
  endfacet
  facet normal -4.512805e-16 -1.000000e+00 -6.755314e-17
    outer loop
      vertex   -1.887186e+02 1.700000e+01 -3.430588e+02
      vertex   -1.953502e+02 1.700000e+01 -3.513487e+02
      vertex   -1.875308e+02 1.700000e+01 -3.509936e+02
    endloop
  endfacet
  facet normal -4.520996e-16 -1.000000e+00 -4.951296e-17
    outer loop
      vertex   -1.875308e+02 1.700000e+01 -3.509936e+02
      vertex   -1.953502e+02 1.700000e+01 -3.513487e+02
      vertex   -1.944895e+02 1.700000e+01 -3.592074e+02
    endloop
  endfacet
  facet normal -4.535134e-16 -1.000000e+00 -4.831515e-17
    outer loop
      vertex   -1.875308e+02 1.700000e+01 -3.509936e+02
      vertex   -1.944895e+02 1.700000e+01 -3.592074e+02
      vertex   -1.866809e+02 1.700000e+01 -3.589717e+02
    endloop
  endfacet
  facet normal -4.540735e-16 -1.000000e+00 -2.976155e-17
    outer loop
      vertex   -1.866809e+02 1.700000e+01 -3.589717e+02
      vertex   -1.944895e+02 1.700000e+01 -3.592074e+02
      vertex   -1.939725e+02 1.700000e+01 -3.670962e+02
    endloop
  endfacet
  facet normal -4.549125e-16 -1.000000e+00 -2.900848e-17
    outer loop
      vertex   -1.866809e+02 1.700000e+01 -3.589717e+02
      vertex   -1.939725e+02 1.700000e+01 -3.670962e+02
      vertex   -1.861703e+02 1.700000e+01 -3.669786e+02
    endloop
  endfacet
  facet normal -4.552000e-16 -1.000000e+00 -9.932499e-18
    outer loop
      vertex   -1.861703e+02 1.700000e+01 -3.669786e+02
      vertex   -1.939725e+02 1.700000e+01 -3.670962e+02
      vertex   -1.938000e+02 1.700000e+01 -3.750000e+02
    endloop
  endfacet
  facet normal -4.554761e-16 -1.000000e+00 -9.669834e-18
    outer loop
      vertex   -1.861703e+02 1.700000e+01 -3.669786e+02
      vertex   -1.938000e+02 1.700000e+01 -3.750000e+02
      vertex   -1.860000e+02 1.700000e+01 -3.750000e+02
    endloop
  endfacet
  facet normal 2.150833e-02 -0.000000e+00 9.997687e-01
    outer loop
      vertex   -3.750000e+02 0.000000e+00 -1.938000e+02
      vertex   -3.672072e+02 0.000000e+00 -1.939676e+02
      vertex   -3.750000e+02 1.700000e+01 -1.938000e+02
    endloop
  endfacet
  facet normal 2.181488e-02 1.405886e-04 9.997620e-01
    outer loop
      vertex   -3.750000e+02 1.700000e+01 -1.938000e+02
      vertex   -3.672072e+02 0.000000e+00 -1.939676e+02
      vertex   -3.670962e+02 1.700000e+01 -1.939725e+02
    endloop
  endfacet
  facet normal 6.448520e-02 -1.385848e-04 9.979187e-01
    outer loop
      vertex   -3.670962e+02 1.700000e+01 -1.939725e+02
      vertex   -3.672072e+02 0.000000e+00 -1.939676e+02
      vertex   -3.594288e+02 0.000000e+00 -1.944703e+02
    endloop
  endfacet
  facet normal 6.540313e-02 2.771696e-04 9.978589e-01
    outer loop
      vertex   -3.670962e+02 1.700000e+01 -1.939725e+02
      vertex   -3.594288e+02 0.000000e+00 -1.944703e+02
      vertex   -3.592074e+02 1.700000e+01 -1.944895e+02
    endloop
  endfacet
  facet normal 1.073427e-01 -2.731620e-04 9.942220e-01
    outer loop
      vertex   -3.592074e+02 1.700000e+01 -1.944895e+02
      vertex   -3.594288e+02 0.000000e+00 -1.944703e+02
      vertex   -3.516792e+02 0.000000e+00 -1.953070e+02
    endloop
  endfacet
  facet normal 1.088669e-01 4.097430e-04 9.940563e-01
    outer loop
      vertex   -3.592074e+02 1.700000e+01 -1.944895e+02
      vertex   -3.516792e+02 0.000000e+00 -1.953070e+02
      vertex   -3.513487e+02 1.700000e+01 -1.953502e+02
    endloop
  endfacet
  facet normal 1.500016e-01 -4.037316e-04 9.886857e-01
    outer loop
      vertex   -3.513487e+02 1.700000e+01 -1.953502e+02
      vertex   -3.516792e+02 0.000000e+00 -1.953070e+02
      vertex   -3.439728e+02 0.000000e+00 -1.964762e+02
    endloop
  endfacet
  facet normal 1.521234e-01 5.383087e-04 9.883614e-01
    outer loop
      vertex   -3.513487e+02 1.700000e+01 -1.953502e+02
      vertex   -3.439728e+02 0.000000e+00 -1.964762e+02
      vertex   -3.435350e+02 1.700000e+01 -1.965528e+02
    endloop
  endfacet
  facet normal 1.923830e-01 -5.302934e-04 9.813198e-01
    outer loop
      vertex   -3.435350e+02 1.700000e+01 -1.965528e+02
      vertex   -3.439728e+02 0.000000e+00 -1.964762e+02
      vertex   -3.363238e+02 0.000000e+00 -1.979757e+02
    endloop
  endfacet
  facet normal 1.950903e-01 6.628666e-04 9.807851e-01
    outer loop
      vertex   -3.435350e+02 1.700000e+01 -1.965528e+02
      vertex   -3.363238e+02 0.000000e+00 -1.979757e+02
      vertex   -3.357811e+02 1.700000e+01 -1.980952e+02
    endloop
  endfacet
  facet normal 2.344083e-01 -6.528475e-04 9.721380e-01
    outer loop
      vertex   -3.357811e+02 1.700000e+01 -1.980952e+02
      vertex   -3.363238e+02 0.000000e+00 -1.979757e+02
      vertex   -3.287463e+02 0.000000e+00 -1.998029e+02
    endloop
  endfacet
  facet normal 2.376858e-01 7.834168e-04 9.713418e-01
    outer loop
      vertex   -3.357811e+02 1.700000e+01 -1.980952e+02
      vertex   -3.287463e+02 0.000000e+00 -1.998029e+02
      vertex   -3.281020e+02 1.700000e+01 -1.999742e+02
    endloop
  endfacet
  facet normal 2.759999e-01 -7.713939e-04 9.611574e-01
    outer loop
      vertex   -3.281020e+02 1.700000e+01 -1.999742e+02
      vertex   -3.287463e+02 0.000000e+00 -1.998029e+02
      vertex   -3.212544e+02 0.000000e+00 -2.019542e+02
    endloop
  endfacet
  facet normal 2.798289e-01 8.999592e-04 9.600495e-01
    outer loop
      vertex   -3.281020e+02 1.700000e+01 -1.999742e+02
      vertex   -3.212544e+02 0.000000e+00 -2.019542e+02
      vertex   -3.205121e+02 1.700000e+01 -2.021865e+02
    endloop
  endfacet
  facet normal 3.170807e-01 -8.859323e-04 9.483981e-01
    outer loop
      vertex   -3.205121e+02 1.700000e+01 -2.021865e+02
      vertex   -3.212544e+02 0.000000e+00 -2.019542e+02
      vertex   -3.138620e+02 0.000000e+00 -2.044257e+02
    endloop
  endfacet
  facet normal 3.214393e-01 1.012494e-03 9.469296e-01
    outer loop
      vertex   -3.205121e+02 1.700000e+01 -2.021865e+02
      vertex   -3.138620e+02 0.000000e+00 -2.044257e+02
      vertex   -3.130260e+02 1.700000e+01 -2.047277e+02
    endloop
  endfacet
  facet normal 3.575748e-01 -9.964629e-04 9.338840e-01
    outer loop
      vertex   -3.130260e+02 1.700000e+01 -2.047277e+02
      vertex   -3.138620e+02 0.000000e+00 -2.044257e+02
      vertex   -3.065828e+02 0.000000e+00 -2.072129e+02
    endloop
  endfacet
  facet normal 3.624378e-01 1.121020e-03 9.320073e-01
    outer loop
      vertex   -3.130260e+02 1.700000e+01 -2.047277e+02
      vertex   -3.065828e+02 0.000000e+00 -2.072129e+02
      vertex   -3.056578e+02 1.700000e+01 -2.075930e+02
    endloop
  endfacet
  facet normal 3.974072e-01 -1.102986e-03 9.176417e-01
    outer loop
      vertex   -3.056578e+02 1.700000e+01 -2.075930e+02
      vertex   -3.065828e+02 0.000000e+00 -2.072129e+02
      vertex   -2.994301e+02 0.000000e+00 -2.103105e+02
    endloop
  endfacet
  facet normal 4.027464e-01 1.225539e-03 9.153108e-01
    outer loop
      vertex   -3.056578e+02 1.700000e+01 -2.075930e+02
      vertex   -2.994301e+02 0.000000e+00 -2.103105e+02
      vertex   -2.984216e+02 1.700000e+01 -2.107770e+02
    endloop
  endfacet
  facet normal 4.365042e-01 -1.205500e-03 8.997014e-01
    outer loop
      vertex   -2.984216e+02 1.700000e+01 -2.107770e+02
      vertex   -2.994301e+02 0.000000e+00 -2.103105e+02
      vertex   -2.924173e+02 0.000000e+00 -2.137129e+02
    endloop
  endfacet
  facet normal 4.422883e-01 1.326050e-03 8.968720e-01
    outer loop
      vertex   -2.984216e+02 1.700000e+01 -2.107770e+02
      vertex   -2.924173e+02 0.000000e+00 -2.137129e+02
      vertex   -2.913312e+02 1.700000e+01 -2.142736e+02
    endloop
  endfacet
  facet normal 4.747935e-01 -1.304007e-03 8.800963e-01
    outer loop
      vertex   -2.913312e+02 1.700000e+01 -2.142736e+02
      vertex   -2.924173e+02 0.000000e+00 -2.137129e+02
      vertex   -2.855572e+02 0.000000e+00 -2.174137e+02
    endloop
  endfacet
  facet normal 4.809883e-01 1.422552e-03 8.767259e-01
    outer loop
      vertex   -2.913312e+02 1.700000e+01 -2.142736e+02
      vertex   -2.855572e+02 0.000000e+00 -2.174137e+02
      vertex   -2.844000e+02 1.700000e+01 -2.180762e+02
    endloop
  endfacet
  facet normal 5.122042e-01 -1.398505e-03 8.588626e-01
    outer loop
      vertex   -2.844000e+02 1.700000e+01 -2.180762e+02
      vertex   -2.855572e+02 0.000000e+00 -2.174137e+02
      vertex   -2.788627e+02 0.000000e+00 -2.214062e+02
    endloop
  endfacet
  facet normal 5.187727e-01 1.515047e-03 8.549109e-01
    outer loop
      vertex   -2.844000e+02 1.700000e+01 -2.180762e+02
      vertex   -2.788627e+02 0.000000e+00 -2.214062e+02
      vertex   -2.776413e+02 1.700000e+01 -2.221775e+02
    endloop
  endfacet
  facet normal 5.486671e-01 -1.488996e-03 8.360396e-01
    outer loop
      vertex   -2.776413e+02 1.700000e+01 -2.221775e+02
      vertex   -2.788627e+02 0.000000e+00 -2.214062e+02
      vertex   -2.723461e+02 0.000000e+00 -2.256828e+02
    endloop
  endfacet
  facet normal 5.555695e-01 1.603533e-03 8.314685e-01
    outer loop
      vertex   -2.776413e+02 1.700000e+01 -2.221775e+02
      vertex   -2.723461e+02 0.000000e+00 -2.256828e+02
      vertex   -2.710679e+02 1.700000e+01 -2.265696e+02
    endloop
  endfacet
  facet normal 5.841147e-01 -1.575478e-03 8.116696e-01
    outer loop
      vertex   -2.710679e+02 1.700000e+01 -2.265696e+02
      vertex   -2.723461e+02 0.000000e+00 -2.256828e+02
      vertex   -2.660194e+02 0.000000e+00 -2.302358e+02
    endloop
  endfacet
  facet normal 5.913088e-01 1.688012e-03 8.064435e-01
    outer loop
      vertex   -2.710679e+02 1.700000e+01 -2.265696e+02
      vertex   -2.660194e+02 0.000000e+00 -2.302358e+02
      vertex   -2.646924e+02 1.700000e+01 -2.312444e+02
    endloop
  endfacet
  facet normal 6.184814e-01 -1.657953e-03 7.857977e-01
    outer loop
      vertex   -2.646924e+02 1.700000e+01 -2.312444e+02
      vertex   -2.660194e+02 0.000000e+00 -2.302358e+02
      vertex   -2.598944e+02 0.000000e+00 -2.350566e+02
    endloop
  endfacet
  facet normal 6.259225e-01 1.768482e-03 7.798833e-01
    outer loop
      vertex   -2.646924e+02 1.700000e+01 -2.312444e+02
      vertex   -2.598944e+02 0.000000e+00 -2.350566e+02
      vertex   -2.585269e+02 1.700000e+01 -2.361927e+02
    endloop
  endfacet
  facet normal 6.517037e-01 -1.736419e-03 7.584717e-01
    outer loop
      vertex   -2.585269e+02 1.700000e+01 -2.361927e+02
      vertex   -2.598944e+02 0.000000e+00 -2.350566e+02
      vertex   -2.539824e+02 0.000000e+00 -2.401364e+02
    endloop
  endfacet
  facet normal 6.593447e-01 1.844944e-03 7.518385e-01
    outer loop
      vertex   -2.585269e+02 1.700000e+01 -2.361927e+02
      vertex   -2.539824e+02 0.000000e+00 -2.401364e+02
      vertex   -2.525831e+02 1.700000e+01 -2.414053e+02
    endloop
  endfacet
  facet normal 6.837200e-01 -1.810877e-03 7.297422e-01
    outer loop
      vertex   -2.525831e+02 1.700000e+01 -2.414053e+02
      vertex   -2.539824e+02 0.000000e+00 -2.401364e+02
      vertex   -2.482944e+02 0.000000e+00 -2.454658e+02
    endloop
  endfacet
  facet normal 6.915118e-01 1.917397e-03 7.223626e-01
    outer loop
      vertex   -2.525831e+02 1.700000e+01 -2.414053e+02
      vertex   -2.482944e+02 0.000000e+00 -2.454658e+02
      vertex   -2.468723e+02 1.700000e+01 -2.468723e+02
    endloop
  endfacet
  facet normal 7.144711e-01 -1.881326e-03 6.996624e-01
    outer loop
      vertex   -2.468723e+02 1.700000e+01 -2.468723e+02
      vertex   -2.482944e+02 0.000000e+00 -2.454658e+02
      vertex   -2.428407e+02 0.000000e+00 -2.510348e+02
    endloop
  endfacet
  facet normal 7.223625e-01 1.985843e-03 6.915117e-01
    outer loop
      vertex   -2.468723e+02 1.700000e+01 -2.468723e+02
      vertex   -2.428407e+02 0.000000e+00 -2.510348e+02
      vertex   -2.414053e+02 1.700000e+01 -2.525831e+02
    endloop
  endfacet
  facet normal 7.439002e-01 -1.947768e-03 6.682879e-01
    outer loop
      vertex   -2.414053e+02 1.700000e+01 -2.525831e+02
      vertex   -2.428407e+02 0.000000e+00 -2.510348e+02
      vertex   -2.376317e+02 0.000000e+00 -2.568332e+02
    endloop
  endfacet
  facet normal 7.518382e-01 2.050280e-03 6.593444e-01
    outer loop
      vertex   -2.414053e+02 1.700000e+01 -2.525831e+02
      vertex   -2.376317e+02 0.000000e+00 -2.568332e+02
      vertex   -2.361927e+02 1.700000e+01 -2.585269e+02
    endloop
  endfacet
  facet normal 7.719527e-01 -2.010201e-03 6.356768e-01
    outer loop
      vertex   -2.361927e+02 1.700000e+01 -2.585269e+02
      vertex   -2.376317e+02 0.000000e+00 -2.568332e+02
      vertex   -2.326768e+02 0.000000e+00 -2.628503e+02
    endloop
  endfacet
  facet normal 7.798827e-01 2.110709e-03 6.259221e-01
    outer loop
      vertex   -2.361927e+02 1.700000e+01 -2.585269e+02
      vertex   -2.326768e+02 0.000000e+00 -2.628503e+02
      vertex   -2.312444e+02 1.700000e+01 -2.646924e+02
    endloop
  endfacet
  facet normal 7.985767e-01 -2.068626e-03 6.018894e-01
    outer loop
      vertex   -2.312444e+02 1.700000e+01 -2.646924e+02
      vertex   -2.326768e+02 0.000000e+00 -2.628503e+02
      vertex   -2.279853e+02 0.000000e+00 -2.690749e+02
    endloop
  endfacet
  facet normal 8.064427e-01 2.167130e-03 5.913083e-01
    outer loop
      vertex   -2.312444e+02 1.700000e+01 -2.646924e+02
      vertex   -2.279853e+02 0.000000e+00 -2.690749e+02
      vertex   -2.265696e+02 1.700000e+01 -2.710679e+02
    endloop
  endfacet
  facet normal 8.237231e-01 -2.123043e-03 5.669883e-01
    outer loop
      vertex   -2.265696e+02 1.700000e+01 -2.710679e+02
      vertex   -2.279853e+02 0.000000e+00 -2.690749e+02
      vertex   -2.235658e+02 0.000000e+00 -2.754956e+02
    endloop
  endfacet
  facet normal 8.314676e-01 2.219542e-03 5.555689e-01
    outer loop
      vertex   -2.265696e+02 1.700000e+01 -2.710679e+02
      vertex   -2.235658e+02 0.000000e+00 -2.754956e+02
      vertex   -2.221775e+02 1.700000e+01 -2.776413e+02
    endloop
  endfacet
  facet normal 8.473452e-01 -2.173451e-03 5.310381e-01
    outer loop
      vertex   -2.221775e+02 1.700000e+01 -2.776413e+02
      vertex   -2.235658e+02 0.000000e+00 -2.754956e+02
      vertex   -2.194266e+02 0.000000e+00 -2.821003e+02
    endloop
  endfacet
  facet normal 8.549097e-01 2.267947e-03 5.187719e-01
    outer loop
      vertex   -2.221775e+02 1.700000e+01 -2.776413e+02
      vertex   -2.194266e+02 0.000000e+00 -2.821003e+02
      vertex   -2.180762e+02 1.700000e+01 -2.844000e+02
    endloop
  endfacet
  facet normal 8.693993e-01 -2.219851e-03 4.941052e-01
    outer loop
      vertex   -2.180762e+02 1.700000e+01 -2.844000e+02
      vertex   -2.194266e+02 0.000000e+00 -2.821003e+02
      vertex   -2.155752e+02 0.000000e+00 -2.888770e+02
    endloop
  endfacet
  facet normal 8.767244e-01 2.312342e-03 4.809875e-01
    outer loop
      vertex   -2.180762e+02 1.700000e+01 -2.844000e+02
      vertex   -2.155752e+02 0.000000e+00 -2.888770e+02
      vertex   -2.142736e+02 1.700000e+01 -2.913312e+02
    endloop
  endfacet
  facet normal 8.898447e-01 -2.262242e-03 4.562579e-01
    outer loop
      vertex   -2.142736e+02 1.700000e+01 -2.913312e+02
      vertex   -2.155752e+02 0.000000e+00 -2.888770e+02
      vertex   -2.120188e+02 0.000000e+00 -2.958130e+02
    endloop
  endfacet
  facet normal 8.968703e-01 2.352730e-03 4.422875e-01
    outer loop
      vertex   -2.142736e+02 1.700000e+01 -2.913312e+02
      vertex   -2.120188e+02 0.000000e+00 -2.958130e+02
      vertex   -2.107770e+02 1.700000e+01 -2.984216e+02
    endloop
  endfacet
  facet normal 9.086435e-01 -2.300626e-03 4.175665e-01
    outer loop
      vertex   -2.107770e+02 1.700000e+01 -2.984216e+02
      vertex   -2.120188e+02 0.000000e+00 -2.958130e+02
      vertex   -2.087641e+02 0.000000e+00 -3.028955e+02
    endloop
  endfacet
  facet normal 9.153089e-01 2.389109e-03 4.027455e-01
    outer loop
      vertex   -2.107770e+02 1.700000e+01 -2.984216e+02
      vertex   -2.087641e+02 0.000000e+00 -3.028955e+02
      vertex   -2.075930e+02 1.700000e+01 -3.056578e+02
    endloop
  endfacet
  facet normal 9.257609e-01 -2.335001e-03 3.781023e-01
    outer loop
      vertex   -2.075930e+02 1.700000e+01 -3.056578e+02
      vertex   -2.087641e+02 0.000000e+00 -3.028955e+02
      vertex   -2.058169e+02 0.000000e+00 -3.101115e+02
    endloop
  endfacet
  facet normal 9.320051e-01 2.421479e-03 3.624370e-01
    outer loop
      vertex   -2.075930e+02 1.700000e+01 -3.056578e+02
      vertex   -2.058169e+02 0.000000e+00 -3.101115e+02
      vertex   -2.047277e+02 1.700000e+01 -3.130260e+02
    endloop
  endfacet
  facet normal 9.411652e-01 -2.365367e-03 3.379385e-01
    outer loop
      vertex   -2.047277e+02 1.700000e+01 -3.130260e+02
      vertex   -2.058169e+02 0.000000e+00 -3.101115e+02
      vertex   -2.031828e+02 0.000000e+00 -3.174476e+02
    endloop
  endfacet
  facet normal 9.469273e-01 2.449842e-03 3.214385e-01
    outer loop
      vertex   -2.047277e+02 1.700000e+01 -3.130260e+02
      vertex   -2.031828e+02 0.000000e+00 -3.174476e+02
      vertex   -2.021865e+02 1.700000e+01 -3.205121e+02
    endloop
  endfacet
  facet normal 9.548280e-01 -2.391725e-03 2.971494e-01
    outer loop
      vertex   -2.021865e+02 1.700000e+01 -3.205121e+02
      vertex   -2.031828e+02 0.000000e+00 -3.174476e+02
      vertex   -2.008666e+02 0.000000e+00 -3.248901e+02
    endloop
  endfacet
  facet normal 9.600469e-01 2.474196e-03 2.798282e-01
    outer loop
      vertex   -2.021865e+02 1.700000e+01 -3.205121e+02
      vertex   -2.008666e+02 0.000000e+00 -3.248901e+02
      vertex   -1.999742e+02 1.700000e+01 -3.281020e+02
    endloop
  endfacet
  facet normal 9.667239e-01 -2.414075e-03 2.558105e-01
    outer loop
      vertex   -1.999742e+02 1.700000e+01 -3.281020e+02
      vertex   -2.008666e+02 0.000000e+00 -3.248901e+02
      vertex   -1.988727e+02 0.000000e+00 -3.324254e+02
    endloop
  endfacet
  facet normal 9.713390e-01 2.494541e-03 2.376852e-01
    outer loop
      vertex   -1.999742e+02 1.700000e+01 -3.281020e+02
      vertex   -1.988727e+02 0.000000e+00 -3.324254e+02
      vertex   -1.980952e+02 1.700000e+01 -3.357811e+02
    endloop
  endfacet
  facet normal 9.768310e-01 -2.432416e-03 2.139982e-01
    outer loop
      vertex   -1.980952e+02 1.700000e+01 -3.357811e+02
      vertex   -1.988727e+02 0.000000e+00 -3.324254e+02
      vertex   -1.972046e+02 0.000000e+00 -3.400394e+02
    endloop
  endfacet
  facet normal 9.807822e-01 2.510878e-03 1.950897e-01
    outer loop
      vertex   -1.980952e+02 1.700000e+01 -3.357811e+02
      vertex   -1.972046e+02 0.000000e+00 -3.400394e+02
      vertex   -1.965528e+02 1.700000e+01 -3.435350e+02
    endloop
  endfacet
  facet normal 9.851306e-01 -2.446749e-03 1.717899e-01
    outer loop
      vertex   -1.965528e+02 1.700000e+01 -3.435350e+02
      vertex   -1.972046e+02 0.000000e+00 -3.400394e+02
      vertex   -1.958656e+02 0.000000e+00 -3.477182e+02
    endloop
  endfacet
  facet normal 9.883584e-01 2.523207e-03 1.521229e-01
    outer loop
      vertex   -1.965528e+02 1.700000e+01 -3.435350e+02
      vertex   -1.958656e+02 0.000000e+00 -3.477182e+02
      vertex   -1.953502e+02 1.700000e+01 -3.513487e+02
    endloop
  endfacet
  facet normal 9.916072e-01 -2.457073e-03 1.292637e-01
    outer loop
      vertex   -1.953502e+02 1.700000e+01 -3.513487e+02
      vertex   -1.958656e+02 0.000000e+00 -3.477182e+02
      vertex   -1.948580e+02 0.000000e+00 -3.554474e+02
    endloop
  endfacet
  facet normal 9.940532e-01 2.531527e-03 1.088665e-01
    outer loop
      vertex   -1.953502e+02 1.700000e+01 -3.513487e+02
      vertex   -1.948580e+02 0.000000e+00 -3.554474e+02
      vertex   -1.944895e+02 1.700000e+01 -3.592074e+02
    endloop
  endfacet
  facet normal 9.962490e-01 -2.463390e-03 8.649831e-02
    outer loop
      vertex   -1.944895e+02 1.700000e+01 -3.592074e+02
      vertex   -1.948580e+02 0.000000e+00 -3.554474e+02
      vertex   -1.941838e+02 0.000000e+00 -3.632128e+02
    endloop
  endfacet
  facet normal 9.978557e-01 2.535839e-03 6.540292e-02
    outer loop
      vertex   -1.944895e+02 1.700000e+01 -3.592074e+02
      vertex   -1.941838e+02 0.000000e+00 -3.632128e+02
      vertex   -1.939725e+02 1.700000e+01 -3.670962e+02
    endloop
  endfacet
  facet normal 9.990472e-01 -2.465697e-03 4.357288e-02
    outer loop
      vertex   -1.939725e+02 1.700000e+01 -3.670962e+02
      vertex   -1.941838e+02 0.000000e+00 -3.632128e+02
      vertex   -1.938442e+02 1.341104e-07 -3.710000e+02
    endloop
  endfacet
  facet normal 9.994603e-01 0.000000e+00 3.284911e-02
    outer loop
      vertex   -1.939725e+02 1.700000e+01 -3.670962e+02
      vertex   -1.938442e+02 1.341104e-07 -3.710000e+02
      vertex   -1.938442e+02 3.000000e+00 -3.710000e+02
    endloop
  endfacet
  facet normal 9.995484e-01 7.843568e-04 3.003914e-02
    outer loop
      vertex   -1.938442e+02 3.000000e+00 -3.710000e+02
      vertex   -1.938437e+02 3.192247e+00 -3.710189e+02
      vertex   -1.939725e+02 1.700000e+01 -3.670962e+02
    endloop
  endfacet
  facet normal 9.996302e-01 1.607550e-03 2.714427e-02
    outer loop
      vertex   -1.939725e+02 1.700000e+01 -3.670962e+02
      vertex   -1.938437e+02 3.192247e+00 -3.710189e+02
      vertex   -1.938425e+02 3.382710e+00 -3.710761e+02
    endloop
  endfacet
  facet normal 9.996764e-01 2.132388e-03 2.535006e-02
    outer loop
      vertex   -1.939725e+02 1.700000e+01 -3.670962e+02
      vertex   -1.938425e+02 3.382710e+00 -3.710761e+02
      vertex   -1.938405e+02 3.557826e+00 -3.711704e+02
    endloop
  endfacet
  facet normal 9.997105e-01 2.564917e-03 2.392411e-02
    outer loop
      vertex   -1.938405e+02 3.557826e+00 -3.711704e+02
      vertex   -1.938379e+02 3.707130e+00 -3.712929e+02
      vertex   -1.939725e+02 1.700000e+01 -3.670962e+02
    endloop
  endfacet
  facet normal 9.997421e-01 3.011590e-03 2.251032e-02
    outer loop
      vertex   -1.939725e+02 1.700000e+01 -3.670962e+02
      vertex   -1.938379e+02 3.707130e+00 -3.712929e+02
      vertex   -1.938349e+02 3.829670e+00 -3.714422e+02
    endloop
  endfacet
  facet normal 9.997726e-01 3.497739e-03 2.103806e-02
    outer loop
      vertex   -1.939725e+02 1.700000e+01 -3.670962e+02
      vertex   -1.938349e+02 3.829670e+00 -3.714422e+02
      vertex   -1.938316e+02 3.923888e+00 -3.716173e+02
    endloop
  endfacet
  facet normal 9.997568e-01 3.229014e-03 2.181477e-02
    outer loop
      vertex   -1.939725e+02 1.700000e+01 -3.670962e+02
      vertex   -1.938316e+02 3.923888e+00 -3.716173e+02
      vertex   -1.938000e+02 1.700000e+01 -3.750000e+02
    endloop
  endfacet
  facet normal 9.998189e-01 2.467056e-03 1.886990e-02
    outer loop
      vertex   -1.938000e+02 1.700000e+01 -3.750000e+02
      vertex   -1.938316e+02 3.923888e+00 -3.716173e+02
      vertex   -1.938281e+02 3.981077e+00 -3.718078e+02
    endloop
  endfacet
  facet normal 9.998481e-01 2.083227e-03 1.730477e-02
    outer loop
      vertex   -1.938000e+02 1.700000e+01 -3.750000e+02
      vertex   -1.938281e+02 3.981077e+00 -3.718078e+02
      vertex   -1.938248e+02 4.000000e+00 -3.720000e+02
    endloop
  endfacet
  facet normal 9.999040e-01 1.273650e-03 1.379707e-02
    outer loop
      vertex   -1.938248e+02 4.000000e+00 -3.720000e+02
      vertex   -1.938110e+02 4.000000e+00 -3.730000e+02
      vertex   -1.938000e+02 1.700000e+01 -3.750000e+02
    endloop
  endfacet
  facet normal 9.999656e-01 4.245548e-04 8.278413e-03
    outer loop
      vertex   -1.938000e+02 1.700000e+01 -3.750000e+02
      vertex   -1.938110e+02 4.000000e+00 -3.730000e+02
      vertex   -1.938028e+02 4.000000e+00 -3.740000e+02
    endloop
  endfacet
  facet normal 9.999962e-01 0.000000e+00 2.759499e-03
    outer loop
      vertex   -1.938000e+02 1.700000e+01 -3.750000e+02
      vertex   -1.938028e+02 4.000000e+00 -3.740000e+02
      vertex   -1.938000e+02 4.000000e+00 -3.750000e+02
    endloop
  endfacet
  facet normal 0.000000e+00 -1.000000e+00 0.000000e+00
    outer loop
      vertex   -3.750000e+02 0.000000e+00 -1.938000e+02
      vertex   -3.750000e+02 0.000000e+00 -1.948000e+02
      vertex   -3.672072e+02 0.000000e+00 -1.939676e+02
    endloop
  endfacet
  facet normal 0.000000e+00 -1.000000e+00 0.000000e+00
    outer loop
      vertex   -3.672072e+02 0.000000e+00 -1.939676e+02
      vertex   -3.750000e+02 0.000000e+00 -1.948000e+02
      vertex   -3.672508e+02 0.000000e+00 -1.949667e+02
    endloop
  endfacet
  facet normal 0.000000e+00 -1.000000e+00 -0.000000e+00
    outer loop
      vertex   -3.672072e+02 0.000000e+00 -1.939676e+02
      vertex   -3.672508e+02 0.000000e+00 -1.949667e+02
      vertex   -3.594288e+02 0.000000e+00 -1.944703e+02
    endloop
  endfacet
  facet normal 0.000000e+00 -1.000000e+00 0.000000e+00
    outer loop
      vertex   -3.594288e+02 0.000000e+00 -1.944703e+02
      vertex   -3.672508e+02 0.000000e+00 -1.949667e+02
      vertex   -3.595159e+02 0.000000e+00 -1.954665e+02
    endloop
  endfacet
  facet normal 0.000000e+00 -1.000000e+00 -0.000000e+00
    outer loop
      vertex   -3.594288e+02 0.000000e+00 -1.944703e+02
      vertex   -3.595159e+02 0.000000e+00 -1.954665e+02
      vertex   -3.516792e+02 0.000000e+00 -1.953070e+02
    endloop
  endfacet
  facet normal 0.000000e+00 -1.000000e+00 0.000000e+00
    outer loop
      vertex   -3.516792e+02 0.000000e+00 -1.953070e+02
      vertex   -3.595159e+02 0.000000e+00 -1.954665e+02
      vertex   -3.518097e+02 0.000000e+00 -1.962984e+02
    endloop
  endfacet
  facet normal 0.000000e+00 -1.000000e+00 -0.000000e+00
    outer loop
      vertex   -3.516792e+02 0.000000e+00 -1.953070e+02
      vertex   -3.518097e+02 0.000000e+00 -1.962984e+02
      vertex   -3.439728e+02 0.000000e+00 -1.964762e+02
    endloop
  endfacet
  facet normal -0.000000e+00 -1.000000e+00 0.000000e+00
    outer loop
      vertex   -3.439728e+02 0.000000e+00 -1.964762e+02
      vertex   -3.518097e+02 0.000000e+00 -1.962984e+02
      vertex   -3.441464e+02 0.000000e+00 -1.974610e+02
    endloop
  endfacet
  facet normal 0.000000e+00 -1.000000e+00 -0.000000e+00
    outer loop
      vertex   -3.439728e+02 0.000000e+00 -1.964762e+02
      vertex   -3.441464e+02 0.000000e+00 -1.974610e+02
      vertex   -3.363238e+02 0.000000e+00 -1.979757e+02
    endloop
  endfacet
  facet normal -0.000000e+00 -1.000000e+00 0.000000e+00
    outer loop
      vertex   -3.363238e+02 0.000000e+00 -1.979757e+02
      vertex   -3.441464e+02 0.000000e+00 -1.974610e+02
      vertex   -3.365402e+02 0.000000e+00 -1.989520e+02
    endloop
  endfacet
  facet normal 0.000000e+00 -1.000000e+00 -0.000000e+00
    outer loop
      vertex   -3.363238e+02 0.000000e+00 -1.979757e+02
      vertex   -3.365402e+02 0.000000e+00 -1.989520e+02
      vertex   -3.287463e+02 0.000000e+00 -1.998029e+02
    endloop
  endfacet
  facet normal -0.000000e+00 -1.000000e+00 0.000000e+00
    outer loop
      vertex   -3.287463e+02 0.000000e+00 -1.998029e+02
      vertex   -3.365402e+02 0.000000e+00 -1.989520e+02
      vertex   -3.290051e+02 0.000000e+00 -2.007688e+02
    endloop
  endfacet
  facet normal 0.000000e+00 -1.000000e+00 -0.000000e+00
    outer loop
      vertex   -3.287463e+02 0.000000e+00 -1.998029e+02
      vertex   -3.290051e+02 0.000000e+00 -2.007688e+02
      vertex   -3.212544e+02 0.000000e+00 -2.019542e+02
    endloop
  endfacet
  facet normal -0.000000e+00 -1.000000e+00 0.000000e+00
    outer loop
      vertex   -3.212544e+02 0.000000e+00 -2.019542e+02
      vertex   -3.290051e+02 0.000000e+00 -2.007688e+02
      vertex   -3.215552e+02 0.000000e+00 -2.029079e+02
    endloop
  endfacet
  facet normal 0.000000e+00 -1.000000e+00 -0.000000e+00
    outer loop
      vertex   -3.212544e+02 0.000000e+00 -2.019542e+02
      vertex   -3.215552e+02 0.000000e+00 -2.029079e+02
      vertex   -3.138620e+02 0.000000e+00 -2.044257e+02
    endloop
  endfacet
  facet normal -0.000000e+00 -1.000000e+00 0.000000e+00
    outer loop
      vertex   -3.138620e+02 0.000000e+00 -2.044257e+02
      vertex   -3.215552e+02 0.000000e+00 -2.029079e+02
      vertex   -3.142041e+02 0.000000e+00 -2.053654e+02
    endloop
  endfacet
  facet normal 0.000000e+00 -1.000000e+00 -0.000000e+00
    outer loop
      vertex   -3.138620e+02 0.000000e+00 -2.044257e+02
      vertex   -3.142041e+02 0.000000e+00 -2.053654e+02
      vertex   -3.065828e+02 0.000000e+00 -2.072129e+02
    endloop
  endfacet
  facet normal -0.000000e+00 -1.000000e+00 0.000000e+00
    outer loop
      vertex   -3.065828e+02 0.000000e+00 -2.072129e+02
      vertex   -3.142041e+02 0.000000e+00 -2.053654e+02
      vertex   -3.069655e+02 0.000000e+00 -2.081368e+02
    endloop
  endfacet
  facet normal 0.000000e+00 -1.000000e+00 -0.000000e+00
    outer loop
      vertex   -3.065828e+02 0.000000e+00 -2.072129e+02
      vertex   -3.069655e+02 0.000000e+00 -2.081368e+02
      vertex   -2.994301e+02 0.000000e+00 -2.103105e+02
    endloop
  endfacet
  facet normal -0.000000e+00 -1.000000e+00 0.000000e+00
    outer loop
      vertex   -2.994301e+02 0.000000e+00 -2.103105e+02
      vertex   -3.069655e+02 0.000000e+00 -2.081368e+02
      vertex   -2.998527e+02 0.000000e+00 -2.112168e+02
    endloop
  endfacet
  facet normal 0.000000e+00 -1.000000e+00 -0.000000e+00
    outer loop
      vertex   -2.994301e+02 0.000000e+00 -2.103105e+02
      vertex   -2.998527e+02 0.000000e+00 -2.112168e+02
      vertex   -2.924173e+02 0.000000e+00 -2.137129e+02
    endloop
  endfacet
  facet normal -0.000000e+00 -1.000000e+00 0.000000e+00
    outer loop
      vertex   -2.924173e+02 0.000000e+00 -2.137129e+02
      vertex   -2.998527e+02 0.000000e+00 -2.112168e+02
      vertex   -2.928790e+02 0.000000e+00 -2.145999e+02
    endloop
  endfacet
  facet normal 0.000000e+00 -1.000000e+00 -0.000000e+00
    outer loop
      vertex   -2.924173e+02 0.000000e+00 -2.137129e+02
      vertex   -2.928790e+02 0.000000e+00 -2.145999e+02
      vertex   -2.855572e+02 0.000000e+00 -2.174137e+02
    endloop
  endfacet
  facet normal -0.000000e+00 -1.000000e+00 0.000000e+00
    outer loop
      vertex   -2.855572e+02 0.000000e+00 -2.174137e+02
      vertex   -2.928790e+02 0.000000e+00 -2.145999e+02
      vertex   -2.860573e+02 0.000000e+00 -2.182798e+02
    endloop
  endfacet
  facet normal 0.000000e+00 -1.000000e+00 -0.000000e+00
    outer loop
      vertex   -2.855572e+02 0.000000e+00 -2.174137e+02
      vertex   -2.860573e+02 0.000000e+00 -2.182798e+02
      vertex   -2.788627e+02 0.000000e+00 -2.214062e+02
    endloop
  endfacet
  facet normal -0.000000e+00 -1.000000e+00 0.000000e+00
    outer loop
      vertex   -2.788627e+02 0.000000e+00 -2.214062e+02
      vertex   -2.860573e+02 0.000000e+00 -2.182798e+02
      vertex   -2.794000e+02 0.000000e+00 -2.222496e+02
    endloop
  endfacet
  facet normal 0.000000e+00 -1.000000e+00 -0.000000e+00
    outer loop
      vertex   -2.788627e+02 0.000000e+00 -2.214062e+02
      vertex   -2.794000e+02 0.000000e+00 -2.222496e+02
      vertex   -2.723461e+02 0.000000e+00 -2.256828e+02
    endloop
  endfacet
  facet normal -0.000000e+00 -1.000000e+00 0.000000e+00
    outer loop
      vertex   -2.723461e+02 0.000000e+00 -2.256828e+02
      vertex   -2.794000e+02 0.000000e+00 -2.222496e+02
      vertex   -2.729197e+02 0.000000e+00 -2.265020e+02
    endloop
  endfacet
  facet normal 0.000000e+00 -1.000000e+00 -0.000000e+00
    outer loop
      vertex   -2.723461e+02 0.000000e+00 -2.256828e+02
      vertex   -2.729197e+02 0.000000e+00 -2.265020e+02
      vertex   -2.660194e+02 0.000000e+00 -2.302358e+02
    endloop
  endfacet
  facet normal -0.000000e+00 -1.000000e+00 0.000000e+00
    outer loop
      vertex   -2.660194e+02 0.000000e+00 -2.302358e+02
      vertex   -2.729197e+02 0.000000e+00 -2.265020e+02
      vertex   -2.666282e+02 0.000000e+00 -2.310292e+02
    endloop
  endfacet
  facet normal 0.000000e+00 -1.000000e+00 -0.000000e+00
    outer loop
      vertex   -2.660194e+02 0.000000e+00 -2.302358e+02
      vertex   -2.666282e+02 0.000000e+00 -2.310292e+02
      vertex   -2.598944e+02 0.000000e+00 -2.350566e+02
    endloop
  endfacet
  facet normal -0.000000e+00 -1.000000e+00 0.000000e+00
    outer loop
      vertex   -2.598944e+02 0.000000e+00 -2.350566e+02
      vertex   -2.666282e+02 0.000000e+00 -2.310292e+02
      vertex   -2.605373e+02 0.000000e+00 -2.358227e+02
    endloop
  endfacet
  facet normal 0.000000e+00 -1.000000e+00 -0.000000e+00
    outer loop
      vertex   -2.598944e+02 0.000000e+00 -2.350566e+02
      vertex   -2.605373e+02 0.000000e+00 -2.358227e+02
      vertex   -2.539824e+02 0.000000e+00 -2.401364e+02
    endloop
  endfacet
  facet normal -0.000000e+00 -1.000000e+00 0.000000e+00
    outer loop
      vertex   -2.539824e+02 0.000000e+00 -2.401364e+02
      vertex   -2.605373e+02 0.000000e+00 -2.358227e+02
      vertex   -2.546581e+02 0.000000e+00 -2.408737e+02
    endloop
  endfacet
  facet normal 0.000000e+00 -1.000000e+00 -0.000000e+00
    outer loop
      vertex   -2.539824e+02 0.000000e+00 -2.401364e+02
      vertex   -2.546581e+02 0.000000e+00 -2.408737e+02
      vertex   -2.482944e+02 0.000000e+00 -2.454658e+02
    endloop
  endfacet
  facet normal -0.000000e+00 -1.000000e+00 0.000000e+00
    outer loop
      vertex   -2.482944e+02 0.000000e+00 -2.454658e+02
      vertex   -2.546581e+02 0.000000e+00 -2.408737e+02
      vertex   -2.490015e+02 0.000000e+00 -2.461729e+02
    endloop
  endfacet
  facet normal 0.000000e+00 -1.000000e+00 -0.000000e+00
    outer loop
      vertex   -2.482944e+02 0.000000e+00 -2.454658e+02
      vertex   -2.490015e+02 0.000000e+00 -2.461729e+02
      vertex   -2.428407e+02 0.000000e+00 -2.510348e+02
    endloop
  endfacet
  facet normal -0.000000e+00 -1.000000e+00 0.000000e+00
    outer loop
      vertex   -2.428407e+02 0.000000e+00 -2.510348e+02
      vertex   -2.490015e+02 0.000000e+00 -2.461729e+02
      vertex   -2.435781e+02 0.000000e+00 -2.517104e+02
    endloop
  endfacet
  facet normal 0.000000e+00 -1.000000e+00 -0.000000e+00
    outer loop
      vertex   -2.428407e+02 0.000000e+00 -2.510348e+02
      vertex   -2.435781e+02 0.000000e+00 -2.517104e+02
      vertex   -2.376317e+02 0.000000e+00 -2.568332e+02
    endloop
  endfacet
  facet normal -0.000000e+00 -1.000000e+00 0.000000e+00
    outer loop
      vertex   -2.376317e+02 0.000000e+00 -2.568332e+02
      vertex   -2.435781e+02 0.000000e+00 -2.517104e+02
      vertex   -2.383978e+02 0.000000e+00 -2.574761e+02
    endloop
  endfacet
  facet normal 0.000000e+00 -1.000000e+00 -0.000000e+00
    outer loop
      vertex   -2.376317e+02 0.000000e+00 -2.568332e+02
      vertex   -2.383978e+02 0.000000e+00 -2.574761e+02
      vertex   -2.326768e+02 0.000000e+00 -2.628503e+02
    endloop
  endfacet
  facet normal -0.000000e+00 -1.000000e+00 0.000000e+00
    outer loop
      vertex   -2.326768e+02 0.000000e+00 -2.628503e+02
      vertex   -2.383978e+02 0.000000e+00 -2.574761e+02
      vertex   -2.334702e+02 0.000000e+00 -2.634591e+02
    endloop
  endfacet
  facet normal 0.000000e+00 -1.000000e+00 -0.000000e+00
    outer loop
      vertex   -2.326768e+02 0.000000e+00 -2.628503e+02
      vertex   -2.334702e+02 0.000000e+00 -2.634591e+02
      vertex   -2.279853e+02 0.000000e+00 -2.690749e+02
    endloop
  endfacet
  facet normal -0.000000e+00 -1.000000e+00 0.000000e+00
    outer loop
      vertex   -2.279853e+02 0.000000e+00 -2.690749e+02
      vertex   -2.334702e+02 0.000000e+00 -2.634591e+02
      vertex   -2.288045e+02 0.000000e+00 -2.696486e+02
    endloop
  endfacet
  facet normal 0.000000e+00 -1.000000e+00 -0.000000e+00
    outer loop
      vertex   -2.279853e+02 0.000000e+00 -2.690749e+02
      vertex   -2.288045e+02 0.000000e+00 -2.696486e+02
      vertex   -2.235658e+02 0.000000e+00 -2.754956e+02
    endloop
  endfacet
  facet normal -0.000000e+00 -1.000000e+00 0.000000e+00
    outer loop
      vertex   -2.235658e+02 0.000000e+00 -2.754956e+02
      vertex   -2.288045e+02 0.000000e+00 -2.696486e+02
      vertex   -2.244093e+02 0.000000e+00 -2.760329e+02
    endloop
  endfacet
  facet normal 0.000000e+00 -1.000000e+00 -0.000000e+00
    outer loop
      vertex   -2.235658e+02 0.000000e+00 -2.754956e+02
      vertex   -2.244093e+02 0.000000e+00 -2.760329e+02
      vertex   -2.194266e+02 0.000000e+00 -2.821003e+02
    endloop
  endfacet
  facet normal -0.000000e+00 -1.000000e+00 0.000000e+00
    outer loop
      vertex   -2.194266e+02 0.000000e+00 -2.821003e+02
      vertex   -2.244093e+02 0.000000e+00 -2.760329e+02
      vertex   -2.202927e+02 0.000000e+00 -2.826004e+02
    endloop
  endfacet
  facet normal 0.000000e+00 -1.000000e+00 -0.000000e+00
    outer loop
      vertex   -2.194266e+02 0.000000e+00 -2.821003e+02
      vertex   -2.202927e+02 0.000000e+00 -2.826004e+02
      vertex   -2.155752e+02 0.000000e+00 -2.888770e+02
    endloop
  endfacet
  facet normal -0.000000e+00 -1.000000e+00 0.000000e+00
    outer loop
      vertex   -2.155752e+02 0.000000e+00 -2.888770e+02
      vertex   -2.202927e+02 0.000000e+00 -2.826004e+02
      vertex   -2.164623e+02 0.000000e+00 -2.893388e+02
    endloop
  endfacet
  facet normal 0.000000e+00 -1.000000e+00 -0.000000e+00
    outer loop
      vertex   -2.155752e+02 0.000000e+00 -2.888770e+02
      vertex   -2.164623e+02 0.000000e+00 -2.893388e+02
      vertex   -2.120188e+02 0.000000e+00 -2.958130e+02
    endloop
  endfacet
  facet normal -0.000000e+00 -1.000000e+00 0.000000e+00
    outer loop
      vertex   -2.120188e+02 0.000000e+00 -2.958130e+02
      vertex   -2.164623e+02 0.000000e+00 -2.893388e+02
      vertex   -2.129253e+02 0.000000e+00 -2.962357e+02
    endloop
  endfacet
  facet normal 0.000000e+00 -1.000000e+00 -0.000000e+00
    outer loop
      vertex   -2.120188e+02 0.000000e+00 -2.958130e+02
      vertex   -2.129253e+02 0.000000e+00 -2.962357e+02
      vertex   -2.096881e+02 0.000000e+00 -3.032783e+02
    endloop
  endfacet
  facet normal 0.000000e+00 -1.000000e+00 0.000000e+00
    outer loop
      vertex   -2.120188e+02 0.000000e+00 -2.958130e+02
      vertex   -2.096881e+02 0.000000e+00 -3.032783e+02
      vertex   -2.087641e+02 0.000000e+00 -3.028955e+02
    endloop
  endfacet
  facet normal 0.000000e+00 -1.000000e+00 -0.000000e+00
    outer loop
      vertex   -2.087641e+02 0.000000e+00 -3.028955e+02
      vertex   -2.096881e+02 0.000000e+00 -3.032783e+02
      vertex   -2.067567e+02 0.000000e+00 -3.104536e+02
    endloop
  endfacet
  facet normal 0.000000e+00 -1.000000e+00 0.000000e+00
    outer loop
      vertex   -2.087641e+02 0.000000e+00 -3.028955e+02
      vertex   -2.067567e+02 0.000000e+00 -3.104536e+02
      vertex   -2.058169e+02 0.000000e+00 -3.101115e+02
    endloop
  endfacet
  facet normal 0.000000e+00 -1.000000e+00 -0.000000e+00
    outer loop
      vertex   -2.058169e+02 0.000000e+00 -3.101115e+02
      vertex   -2.067567e+02 0.000000e+00 -3.104536e+02
      vertex   -2.041367e+02 0.000000e+00 -3.177483e+02
    endloop
  endfacet
  facet normal 0.000000e+00 -1.000000e+00 0.000000e+00
    outer loop
      vertex   -2.058169e+02 0.000000e+00 -3.101115e+02
      vertex   -2.041367e+02 0.000000e+00 -3.177483e+02
      vertex   -2.031828e+02 0.000000e+00 -3.174476e+02
    endloop
  endfacet
  facet normal 0.000000e+00 -1.000000e+00 -0.000000e+00
    outer loop
      vertex   -2.031828e+02 0.000000e+00 -3.174476e+02
      vertex   -2.041367e+02 0.000000e+00 -3.177483e+02
      vertex   -2.018327e+02 0.000000e+00 -3.251490e+02
    endloop
  endfacet
  facet normal 0.000000e+00 -1.000000e+00 0.000000e+00
    outer loop
      vertex   -2.031828e+02 0.000000e+00 -3.174476e+02
      vertex   -2.018327e+02 0.000000e+00 -3.251490e+02
      vertex   -2.008666e+02 0.000000e+00 -3.248901e+02
    endloop
  endfacet
  facet normal 0.000000e+00 -1.000000e+00 -0.000000e+00
    outer loop
      vertex   -2.008666e+02 0.000000e+00 -3.248901e+02
      vertex   -2.018327e+02 0.000000e+00 -3.251490e+02
      vertex   -1.998491e+02 0.000000e+00 -3.326418e+02
    endloop
  endfacet
  facet normal 0.000000e+00 -1.000000e+00 0.000000e+00
    outer loop
      vertex   -2.008666e+02 0.000000e+00 -3.248901e+02
      vertex   -1.998491e+02 0.000000e+00 -3.326418e+02
      vertex   -1.988727e+02 0.000000e+00 -3.324254e+02
    endloop
  endfacet
  facet normal 0.000000e+00 -1.000000e+00 -0.000000e+00
    outer loop
      vertex   -1.988727e+02 0.000000e+00 -3.324254e+02
      vertex   -1.998491e+02 0.000000e+00 -3.326418e+02
      vertex   -1.981896e+02 0.000000e+00 -3.402131e+02
    endloop
  endfacet
  facet normal 0.000000e+00 -1.000000e+00 0.000000e+00
    outer loop
      vertex   -1.988727e+02 0.000000e+00 -3.324254e+02
      vertex   -1.981896e+02 0.000000e+00 -3.402131e+02
      vertex   -1.972046e+02 0.000000e+00 -3.400394e+02
    endloop
  endfacet
  facet normal 0.000000e+00 -1.000000e+00 -0.000000e+00
    outer loop
      vertex   -1.972046e+02 0.000000e+00 -3.400394e+02
      vertex   -1.981896e+02 0.000000e+00 -3.402131e+02
      vertex   -1.968572e+02 0.000000e+00 -3.478487e+02
    endloop
  endfacet
  facet normal 0.000000e+00 -1.000000e+00 0.000000e+00
    outer loop
      vertex   -1.972046e+02 0.000000e+00 -3.400394e+02
      vertex   -1.968572e+02 0.000000e+00 -3.478487e+02
      vertex   -1.958656e+02 0.000000e+00 -3.477182e+02
    endloop
  endfacet
  facet normal 0.000000e+00 -1.000000e+00 -0.000000e+00
    outer loop
      vertex   -1.958656e+02 0.000000e+00 -3.477182e+02
      vertex   -1.968572e+02 0.000000e+00 -3.478487e+02
      vertex   -1.958544e+02 0.000000e+00 -3.555346e+02
    endloop
  endfacet
  facet normal 0.000000e+00 -1.000000e+00 0.000000e+00
    outer loop
      vertex   -1.958656e+02 0.000000e+00 -3.477182e+02
      vertex   -1.958544e+02 0.000000e+00 -3.555346e+02
      vertex   -1.948580e+02 0.000000e+00 -3.554474e+02
    endloop
  endfacet
  facet normal 0.000000e+00 -1.000000e+00 0.000000e+00
    outer loop
      vertex   -1.948580e+02 0.000000e+00 -3.554474e+02
      vertex   -1.958544e+02 0.000000e+00 -3.555346e+02
      vertex   -1.951831e+02 0.000000e+00 -3.632564e+02
    endloop
  endfacet
  facet normal 0.000000e+00 -1.000000e+00 -0.000000e+00
    outer loop
      vertex   -1.948580e+02 0.000000e+00 -3.554474e+02
      vertex   -1.951831e+02 0.000000e+00 -3.632564e+02
      vertex   -1.941838e+02 0.000000e+00 -3.632128e+02
    endloop
  endfacet
  facet normal 7.547151e-10 -1.000000e+00 -1.728589e-08
    outer loop
      vertex   -1.941838e+02 0.000000e+00 -3.632128e+02
      vertex   -1.951831e+02 0.000000e+00 -3.632564e+02
      vertex   -1.948444e+02 1.341104e-07 -3.710000e+02
    endloop
  endfacet
  facet normal 0.000000e+00 -1.000000e+00 -1.722187e-08
    outer loop
      vertex   -1.941838e+02 0.000000e+00 -3.632128e+02
      vertex   -1.948444e+02 1.341104e-07 -3.710000e+02
      vertex   -1.938442e+02 1.341104e-07 -3.710000e+02
    endloop
  endfacet
  facet normal -2.150663e-02 0.000000e+00 -9.997687e-01
    outer loop
      vertex   -3.750000e+02 0.000000e+00 -1.948000e+02
      vertex   -3.750000e+02 1.800000e+01 -1.948000e+02
      vertex   -3.672508e+02 0.000000e+00 -1.949667e+02
    endloop
  endfacet
  facet normal -2.181488e-02 -1.327677e-04 -9.997620e-01
    outer loop
      vertex   -3.672508e+02 0.000000e+00 -1.949667e+02
      vertex   -3.750000e+02 1.800000e+01 -1.948000e+02
      vertex   -3.671398e+02 1.800000e+01 -1.949715e+02
    endloop
  endfacet
  facet normal -6.448011e-02 1.308648e-04 -9.979190e-01
    outer loop
      vertex   -3.672508e+02 0.000000e+00 -1.949667e+02
      vertex   -3.671398e+02 1.800000e+01 -1.949715e+02
      vertex   -3.595159e+02 0.000000e+00 -1.954665e+02
    endloop
  endfacet
  facet normal -6.540313e-02 -2.617295e-04 -9.978589e-01
    outer loop
      vertex   -3.595159e+02 0.000000e+00 -1.954665e+02
      vertex   -3.671398e+02 1.800000e+01 -1.949715e+02
      vertex   -3.592945e+02 1.800000e+01 -1.954857e+02
    endloop
  endfacet
  facet normal -1.073343e-01 2.579236e-04 -9.942230e-01
    outer loop
      vertex   -3.595159e+02 0.000000e+00 -1.954665e+02
      vertex   -3.592945e+02 1.800000e+01 -1.954857e+02
      vertex   -3.518097e+02 0.000000e+00 -1.962984e+02
    endloop
  endfacet
  facet normal -1.088669e-01 -3.868853e-04 -9.940563e-01
    outer loop
      vertex   -3.518097e+02 0.000000e+00 -1.962984e+02
      vertex   -3.592945e+02 1.800000e+01 -1.954857e+02
      vertex   -3.514792e+02 1.800000e+01 -1.963416e+02
    endloop
  endfacet
  facet normal -1.499899e-01 3.811763e-04 -9.886875e-01
    outer loop
      vertex   -3.518097e+02 0.000000e+00 -1.962984e+02
      vertex   -3.514792e+02 1.800000e+01 -1.963416e+02
      vertex   -3.441464e+02 0.000000e+00 -1.974610e+02
    endloop
  endfacet
  facet normal -1.521234e-01 -5.082350e-04 -9.883614e-01
    outer loop
      vertex   -3.441464e+02 0.000000e+00 -1.974610e+02
      vertex   -3.514792e+02 1.800000e+01 -1.963416e+02
      vertex   -3.437086e+02 1.800000e+01 -1.975376e+02
    endloop
  endfacet
  facet normal -1.923680e-01 5.006231e-04 -9.813227e-01
    outer loop
      vertex   -3.441464e+02 0.000000e+00 -1.974610e+02
      vertex   -3.437086e+02 1.800000e+01 -1.975376e+02
      vertex   -3.365402e+02 0.000000e+00 -1.989520e+02
    endloop
  endfacet
  facet normal -1.950903e-01 -6.257787e-04 -9.807851e-01
    outer loop
      vertex   -3.365402e+02 0.000000e+00 -1.989520e+02
      vertex   -3.437086e+02 1.800000e+01 -1.975376e+02
      vertex   -3.359976e+02 1.800000e+01 -1.990715e+02
    endloop
  endfacet
  facet normal -2.343901e-01 6.162637e-04 -9.721424e-01
    outer loop
      vertex   -3.365402e+02 0.000000e+00 -1.989520e+02
      vertex   -3.359976e+02 1.800000e+01 -1.990715e+02
      vertex   -3.290051e+02 0.000000e+00 -2.007688e+02
    endloop
  endfacet
  facet normal -2.376858e-01 -7.395162e-04 -9.713418e-01
    outer loop
      vertex   -3.290051e+02 0.000000e+00 -2.007688e+02
      vertex   -3.359976e+02 1.800000e+01 -1.990715e+02
      vertex   -3.283608e+02 1.800000e+01 -2.009402e+02
    endloop
  endfacet
  facet normal -2.759786e-01 7.280982e-04 -9.611635e-01
    outer loop
      vertex   -3.290051e+02 0.000000e+00 -2.007688e+02
      vertex   -3.283608e+02 1.800000e+01 -2.009402e+02
      vertex   -3.215552e+02 0.000000e+00 -2.029079e+02
    endloop
  endfacet
  facet normal -2.798289e-01 -8.494476e-04 -9.600495e-01
    outer loop
      vertex   -3.215552e+02 0.000000e+00 -2.029079e+02
      vertex   -3.283608e+02 1.800000e+01 -2.009402e+02
      vertex   -3.208128e+02 1.800000e+01 -2.031402e+02
    endloop
  endfacet
  facet normal -3.170565e-01 8.361264e-04 -9.484063e-01
    outer loop
      vertex   -3.215552e+02 0.000000e+00 -2.029079e+02
      vertex   -3.208128e+02 1.800000e+01 -2.031402e+02
      vertex   -3.142041e+02 0.000000e+00 -2.053654e+02
    endloop
  endfacet
  facet normal -3.214393e-01 -9.555727e-04 -9.469297e-01
    outer loop
      vertex   -3.142041e+02 0.000000e+00 -2.053654e+02
      vertex   -3.208128e+02 1.800000e+01 -2.031402e+02
      vertex   -3.133680e+02 1.800000e+01 -2.056674e+02
    endloop
  endfacet
  facet normal -3.575478e-01 9.403484e-04 -9.338944e-01
    outer loop
      vertex   -3.142041e+02 0.000000e+00 -2.053654e+02
      vertex   -3.133680e+02 1.800000e+01 -2.056674e+02
      vertex   -3.069655e+02 0.000000e+00 -2.081368e+02
    endloop
  endfacet
  facet normal -3.624378e-01 -1.057892e-03 -9.320073e-01
    outer loop
      vertex   -3.069655e+02 0.000000e+00 -2.081368e+02
      vertex   -3.133680e+02 1.800000e+01 -2.056674e+02
      vertex   -3.060404e+02 1.800000e+01 -2.085169e+02
    endloop
  endfacet
  facet normal -3.973776e-01 1.040764e-03 -9.176546e-01
    outer loop
      vertex   -3.069655e+02 0.000000e+00 -2.081368e+02
      vertex   -3.060404e+02 1.800000e+01 -2.085169e+02
      vertex   -2.998527e+02 0.000000e+00 -2.112168e+02
    endloop
  endfacet
  facet normal -4.027464e-01 -1.156404e-03 -9.153109e-01
    outer loop
      vertex   -2.998527e+02 0.000000e+00 -2.112168e+02
      vertex   -3.060404e+02 1.800000e+01 -2.085169e+02
      vertex   -2.988442e+02 1.800000e+01 -2.116833e+02
    endloop
  endfacet
  facet normal -4.364721e-01 1.137374e-03 -8.997171e-01
    outer loop
      vertex   -2.998527e+02 0.000000e+00 -2.112168e+02
      vertex   -2.988442e+02 1.800000e+01 -2.116833e+02
      vertex   -2.928790e+02 0.000000e+00 -2.145999e+02
    endloop
  endfacet
  facet normal -4.422883e-01 -1.251110e-03 -8.968720e-01
    outer loop
      vertex   -2.928790e+02 0.000000e+00 -2.145999e+02
      vertex   -2.988442e+02 1.800000e+01 -2.116833e+02
      vertex   -2.917929e+02 1.800000e+01 -2.151606e+02
    endloop
  endfacet
  facet normal -4.747591e-01 1.230177e-03 -8.801149e-01
    outer loop
      vertex   -2.928790e+02 0.000000e+00 -2.145999e+02
      vertex   -2.917929e+02 1.800000e+01 -2.151606e+02
      vertex   -2.860573e+02 0.000000e+00 -2.182798e+02
    endloop
  endfacet
  facet normal -4.809883e-01 -1.342010e-03 -8.767260e-01
    outer loop
      vertex   -2.860573e+02 0.000000e+00 -2.182798e+02
      vertex   -2.917929e+02 1.800000e+01 -2.151606e+02
      vertex   -2.849000e+02 1.800000e+01 -2.189422e+02
    endloop
  endfacet
  facet normal -5.121677e-01 1.319173e-03 -8.588844e-01
    outer loop
      vertex   -2.860573e+02 0.000000e+00 -2.182798e+02
      vertex   -2.849000e+02 1.800000e+01 -2.189422e+02
      vertex   -2.794000e+02 0.000000e+00 -2.222496e+02
    endloop
  endfacet
  facet normal -5.187727e-01 -1.429104e-03 -8.549110e-01
    outer loop
      vertex   -2.794000e+02 0.000000e+00 -2.222496e+02
      vertex   -2.849000e+02 1.800000e+01 -2.189422e+02
      vertex   -2.781786e+02 1.800000e+01 -2.230209e+02
    endloop
  endfacet
  facet normal -5.486287e-01 1.404364e-03 -8.360649e-01
    outer loop
      vertex   -2.794000e+02 0.000000e+00 -2.222496e+02
      vertex   -2.781786e+02 1.800000e+01 -2.230209e+02
      vertex   -2.729197e+02 0.000000e+00 -2.265020e+02
    endloop
  endfacet
  facet normal -5.555696e-01 -1.512391e-03 -8.314687e-01
    outer loop
      vertex   -2.729197e+02 0.000000e+00 -2.265020e+02
      vertex   -2.781786e+02 1.800000e+01 -2.230209e+02
      vertex   -2.716415e+02 1.800000e+01 -2.273888e+02
    endloop
  endfacet
  facet normal -5.840747e-01 1.485747e-03 -8.116985e-01
    outer loop
      vertex   -2.729197e+02 0.000000e+00 -2.265020e+02
      vertex   -2.716415e+02 1.800000e+01 -2.273888e+02
      vertex   -2.666282e+02 0.000000e+00 -2.310292e+02
    endloop
  endfacet
  facet normal -5.913089e-01 -1.591871e-03 -8.064436e-01
    outer loop
      vertex   -2.666282e+02 0.000000e+00 -2.310292e+02
      vertex   -2.716415e+02 1.800000e+01 -2.273888e+02
      vertex   -2.653012e+02 1.800000e+01 -2.320377e+02
    endloop
  endfacet
  facet normal -6.184401e-01 1.563325e-03 -7.858304e-01
    outer loop
      vertex   -2.666282e+02 0.000000e+00 -2.310292e+02
      vertex   -2.653012e+02 1.800000e+01 -2.320377e+02
      vertex   -2.605373e+02 0.000000e+00 -2.358227e+02
    endloop
  endfacet
  facet normal -6.259226e-01 -1.667545e-03 -7.798834e-01
    outer loop
      vertex   -2.605373e+02 0.000000e+00 -2.358227e+02
      vertex   -2.653012e+02 1.800000e+01 -2.320377e+02
      vertex   -2.591697e+02 1.800000e+01 -2.369588e+02
    endloop
  endfacet
  facet normal -6.516612e-01 1.637096e-03 -7.585084e-01
    outer loop
      vertex   -2.605373e+02 0.000000e+00 -2.358227e+02
      vertex   -2.591697e+02 1.800000e+01 -2.369588e+02
      vertex   -2.546581e+02 0.000000e+00 -2.408737e+02
    endloop
  endfacet
  facet normal -6.593448e-01 -1.739413e-03 -7.518387e-01
    outer loop
      vertex   -2.546581e+02 0.000000e+00 -2.408737e+02
      vertex   -2.591697e+02 1.800000e+01 -2.369588e+02
      vertex   -2.532586e+02 1.800000e+01 -2.421426e+02
    endloop
  endfacet
  facet normal -6.836767e-01 1.707060e-03 -7.297831e-01
    outer loop
      vertex   -2.546581e+02 0.000000e+00 -2.408737e+02
      vertex   -2.532586e+02 1.800000e+01 -2.421426e+02
      vertex   -2.490015e+02 0.000000e+00 -2.461729e+02
    endloop
  endfacet
  facet normal -6.915119e-01 -1.807474e-03 -7.223628e-01
    outer loop
      vertex   -2.490015e+02 0.000000e+00 -2.461729e+02
      vertex   -2.532586e+02 1.800000e+01 -2.421426e+02
      vertex   -2.475794e+02 1.800000e+01 -2.475794e+02
    endloop
  endfacet
  facet normal -7.144272e-01 1.773218e-03 -6.997075e-01
    outer loop
      vertex   -2.490015e+02 0.000000e+00 -2.461729e+02
      vertex   -2.475794e+02 1.800000e+01 -2.475794e+02
      vertex   -2.435781e+02 0.000000e+00 -2.517104e+02
    endloop
  endfacet
  facet normal -7.223627e-01 -1.871728e-03 -6.915118e-01
    outer loop
      vertex   -2.435781e+02 0.000000e+00 -2.517104e+02
      vertex   -2.475794e+02 1.800000e+01 -2.475794e+02
      vertex   -2.421426e+02 1.800000e+01 -2.532586e+02
    endloop
  endfacet
  facet normal -7.438560e-01 1.835569e-03 -6.683374e-01
    outer loop
      vertex   -2.435781e+02 0.000000e+00 -2.517104e+02
      vertex   -2.421426e+02 1.800000e+01 -2.532586e+02
      vertex   -2.383978e+02 0.000000e+00 -2.574761e+02
    endloop
  endfacet
  facet normal -7.518384e-01 -1.932176e-03 -6.593446e-01
    outer loop
      vertex   -2.383978e+02 0.000000e+00 -2.574761e+02
      vertex   -2.421426e+02 1.800000e+01 -2.532586e+02
      vertex   -2.369588e+02 1.800000e+01 -2.591697e+02
    endloop
  endfacet
  facet normal -7.719085e-01 1.894113e-03 -6.357308e-01
    outer loop
      vertex   -2.383978e+02 0.000000e+00 -2.574761e+02
      vertex   -2.369588e+02 1.800000e+01 -2.591697e+02
      vertex   -2.334702e+02 0.000000e+00 -2.634591e+02
    endloop
  endfacet
  facet normal -7.798829e-01 -1.988817e-03 -6.259222e-01
    outer loop
      vertex   -2.334702e+02 0.000000e+00 -2.634591e+02
      vertex   -2.369588e+02 1.800000e+01 -2.591697e+02
      vertex   -2.320377e+02 1.800000e+01 -2.653012e+02
    endloop
  endfacet
  facet normal -7.985329e-01 1.948851e-03 -6.019480e-01
    outer loop
      vertex   -2.334702e+02 0.000000e+00 -2.634591e+02
      vertex   -2.320377e+02 1.800000e+01 -2.653012e+02
      vertex   -2.288045e+02 0.000000e+00 -2.696486e+02
    endloop
  endfacet
  facet normal -8.064429e-01 -2.041652e-03 -5.913084e-01
    outer loop
      vertex   -2.288045e+02 0.000000e+00 -2.696486e+02
      vertex   -2.320377e+02 1.800000e+01 -2.653012e+02
      vertex   -2.273888e+02 1.800000e+01 -2.716415e+02
    endloop
  endfacet
  facet normal -8.236799e-01 1.999782e-03 -5.670516e-01
    outer loop
      vertex   -2.288045e+02 0.000000e+00 -2.696486e+02
      vertex   -2.273888e+02 1.800000e+01 -2.716415e+02
      vertex   -2.244093e+02 0.000000e+00 -2.760329e+02
    endloop
  endfacet
  facet normal -8.314678e-01 -2.090680e-03 -5.555690e-01
    outer loop
      vertex   -2.244093e+02 0.000000e+00 -2.760329e+02
      vertex   -2.273888e+02 1.800000e+01 -2.716415e+02
      vertex   -2.230209e+02 1.800000e+01 -2.781786e+02
    endloop
  endfacet
  facet normal -8.473029e-01 2.046907e-03 -5.311060e-01
    outer loop
      vertex   -2.244093e+02 0.000000e+00 -2.760329e+02
      vertex   -2.230209e+02 1.800000e+01 -2.781786e+02
      vertex   -2.202927e+02 0.000000e+00 -2.826004e+02
    endloop
  endfacet
  facet normal -8.549099e-01 -2.135901e-03 -5.187721e-01
    outer loop
      vertex   -2.202927e+02 0.000000e+00 -2.826004e+02
      vertex   -2.230209e+02 1.800000e+01 -2.781786e+02
      vertex   -2.189422e+02 1.800000e+01 -2.849000e+02
    endloop
  endfacet
  facet normal -8.693584e-01 2.090225e-03 -4.941778e-01
    outer loop
      vertex   -2.202927e+02 0.000000e+00 -2.826004e+02
      vertex   -2.189422e+02 1.800000e+01 -2.849000e+02
      vertex   -2.164623e+02 0.000000e+00 -2.893388e+02
    endloop
  endfacet
  facet normal -8.767247e-01 -2.177316e-03 -4.809876e-01
    outer loop
      vertex   -2.164623e+02 0.000000e+00 -2.893388e+02
      vertex   -2.189422e+02 1.800000e+01 -2.849000e+02
      vertex   -2.151606e+02 1.800000e+01 -2.917929e+02
    endloop
  endfacet
  facet normal -8.898053e-01 2.129736e-03 -4.563353e-01
    outer loop
      vertex   -2.164623e+02 0.000000e+00 -2.893388e+02
      vertex   -2.151606e+02 1.800000e+01 -2.917929e+02
      vertex   -2.129253e+02 0.000000e+00 -2.962357e+02
    endloop
  endfacet
  facet normal -8.968705e-01 -2.214924e-03 -4.422876e-01
    outer loop
      vertex   -2.129253e+02 0.000000e+00 -2.962357e+02
      vertex   -2.151606e+02 1.800000e+01 -2.917929e+02
      vertex   -2.116833e+02 1.800000e+01 -2.988442e+02
    endloop
  endfacet
  facet normal -9.086061e-01 2.165441e-03 -4.176486e-01
    outer loop
      vertex   -2.129253e+02 0.000000e+00 -2.962357e+02
      vertex   -2.116833e+02 1.800000e+01 -2.988442e+02
      vertex   -2.096881e+02 0.000000e+00 -3.032783e+02
    endloop
  endfacet
  facet normal -9.153092e-01 -2.248725e-03 -4.027457e-01
    outer loop
      vertex   -2.096881e+02 0.000000e+00 -3.032783e+02
      vertex   -2.116833e+02 1.800000e+01 -2.988442e+02
      vertex   -2.085169e+02 1.800000e+01 -3.060404e+02
    endloop
  endfacet
  facet normal -9.257258e-01 2.197339e-03 -3.781891e-01
    outer loop
      vertex   -2.096881e+02 0.000000e+00 -3.032783e+02
      vertex   -2.085169e+02 1.800000e+01 -3.060404e+02
      vertex   -2.067567e+02 0.000000e+00 -3.104536e+02
    endloop
  endfacet
  facet normal -9.320054e-01 -2.278719e-03 -3.624371e-01
    outer loop
      vertex   -2.067567e+02 0.000000e+00 -3.104536e+02
      vertex   -2.085169e+02 1.800000e+01 -3.060404e+02
      vertex   -2.056674e+02 1.800000e+01 -3.133680e+02
    endloop
  endfacet
  facet normal -9.411327e-01 2.225430e-03 -3.380299e-01
    outer loop
      vertex   -2.067567e+02 0.000000e+00 -3.104536e+02
      vertex   -2.056674e+02 1.800000e+01 -3.133680e+02
      vertex   -2.041367e+02 0.000000e+00 -3.177483e+02
    endloop
  endfacet
  facet normal -9.469276e-01 -2.304907e-03 -3.214386e-01
    outer loop
      vertex   -2.041367e+02 0.000000e+00 -3.177483e+02
      vertex   -2.056674e+02 1.800000e+01 -3.133680e+02
      vertex   -2.031402e+02 1.800000e+01 -3.208128e+02
    endloop
  endfacet
  facet normal -9.547985e-01 2.249715e-03 -2.972454e-01
    outer loop
      vertex   -2.041367e+02 0.000000e+00 -3.177483e+02
      vertex   -2.031402e+02 1.800000e+01 -3.208128e+02
      vertex   -2.018327e+02 0.000000e+00 -3.251490e+02
    endloop
  endfacet
  facet normal -9.600473e-01 -2.327288e-03 -2.798283e-01
    outer loop
      vertex   -2.018327e+02 0.000000e+00 -3.251490e+02
      vertex   -2.031402e+02 1.800000e+01 -3.208128e+02
      vertex   -2.009402e+02 1.800000e+01 -3.283608e+02
    endloop
  endfacet
  facet normal -9.666977e-01 2.270192e-03 -2.559109e-01
    outer loop
      vertex   -2.018327e+02 0.000000e+00 -3.251490e+02
      vertex   -2.009402e+02 1.800000e+01 -3.283608e+02
      vertex   -1.998491e+02 0.000000e+00 -3.326418e+02
    endloop
  endfacet
  facet normal -9.713394e-01 -2.345863e-03 -2.376852e-01
    outer loop
      vertex   -1.998491e+02 0.000000e+00 -3.326418e+02
      vertex   -2.009402e+02 1.800000e+01 -3.283608e+02
      vertex   -1.990715e+02 1.800000e+01 -3.359976e+02
    endloop
  endfacet
  facet normal -9.768084e-01 2.286863e-03 -2.141030e-01
    outer loop
      vertex   -1.998491e+02 0.000000e+00 -3.326418e+02
      vertex   -1.990715e+02 1.800000e+01 -3.359976e+02
      vertex   -1.981896e+02 0.000000e+00 -3.402131e+02
    endloop
  endfacet
  facet normal -9.807825e-01 -2.360630e-03 -1.950898e-01
    outer loop
      vertex   -1.981896e+02 0.000000e+00 -3.402131e+02
      vertex   -1.990715e+02 1.800000e+01 -3.359976e+02
      vertex   -1.975376e+02 1.800000e+01 -3.437086e+02
    endloop
  endfacet
  facet normal -9.851119e-01 2.299728e-03 -1.718989e-01
    outer loop
      vertex   -1.981896e+02 0.000000e+00 -3.402131e+02
      vertex   -1.975376e+02 1.800000e+01 -3.437086e+02
      vertex   -1.968572e+02 0.000000e+00 -3.478487e+02
    endloop
  endfacet
  facet normal -9.883587e-01 -2.371591e-03 -1.521230e-01
    outer loop
      vertex   -1.968572e+02 0.000000e+00 -3.478487e+02
      vertex   -1.975376e+02 1.800000e+01 -3.437086e+02
      vertex   -1.963416e+02 1.800000e+01 -3.514792e+02
    endloop
  endfacet
  facet normal -9.915928e-01 2.308785e-03 -1.293768e-01
    outer loop
      vertex   -1.968572e+02 0.000000e+00 -3.478487e+02
      vertex   -1.963416e+02 1.800000e+01 -3.514792e+02
      vertex   -1.958544e+02 0.000000e+00 -3.555346e+02
    endloop
  endfacet
  facet normal -9.940535e-01 -2.378745e-03 -1.088666e-01
    outer loop
      vertex   -1.958544e+02 0.000000e+00 -3.555346e+02
      vertex   -1.963416e+02 1.800000e+01 -3.514792e+02
      vertex   -1.954857e+02 1.800000e+01 -3.592945e+02
    endloop
  endfacet
  facet normal -9.962391e-01 2.314036e-03 -8.661532e-02
    outer loop
      vertex   -1.958544e+02 0.000000e+00 -3.555346e+02
      vertex   -1.954857e+02 1.800000e+01 -3.592945e+02
      vertex   -1.951831e+02 0.000000e+00 -3.632564e+02
    endloop
  endfacet
  facet normal -9.978561e-01 -2.382093e-03 -6.540294e-02
    outer loop
      vertex   -1.951831e+02 0.000000e+00 -3.632564e+02
      vertex   -1.954857e+02 1.800000e+01 -3.592945e+02
      vertex   -1.949715e+02 1.800000e+01 -3.671398e+02
    endloop
  endfacet
  facet normal -9.990423e-01 2.315480e-03 -4.369361e-02
    outer loop
      vertex   -1.951831e+02 0.000000e+00 -3.632564e+02
      vertex   -1.949715e+02 1.800000e+01 -3.671398e+02
      vertex   -1.948444e+02 1.341104e-07 -3.710000e+02
    endloop
  endfacet
  facet normal -9.994583e-01 0.000000e+00 -3.291035e-02
    outer loop
      vertex   -1.948444e+02 1.341104e-07 -3.710000e+02
      vertex   -1.949715e+02 1.800000e+01 -3.671398e+02
      vertex   -1.948444e+02 3.000000e+00 -3.710000e+02
    endloop
  endfacet
  facet normal -9.995512e-01 -7.632635e-04 -2.994752e-02
    outer loop
      vertex   -1.948444e+02 3.000000e+00 -3.710000e+02
      vertex   -1.949715e+02 1.800000e+01 -3.671398e+02
      vertex   -1.948440e+02 3.192247e+00 -3.710189e+02
    endloop
  endfacet
  facet normal -9.996339e-01 -1.532276e-03 -2.701471e-02
    outer loop
      vertex   -1.948440e+02 3.192247e+00 -3.710189e+02
      vertex   -1.949715e+02 1.800000e+01 -3.671398e+02
      vertex   -1.948427e+02 3.382709e+00 -3.710761e+02
    endloop
  endfacet
  facet normal -9.997577e-01 -2.933676e-03 -2.181479e-02
    outer loop
      vertex   -1.948427e+02 3.382709e+00 -3.710761e+02
      vertex   -1.949715e+02 1.800000e+01 -3.671398e+02
      vertex   -1.948000e+02 1.800000e+01 -3.750000e+02
    endloop
  endfacet
  facet normal -9.994694e-01 -5.687764e-03 -3.207126e-02
    outer loop
      vertex   -1.948427e+02 3.382709e+00 -3.710761e+02
      vertex   -1.948000e+02 1.800000e+01 -3.750000e+02
      vertex   -1.948407e+02 3.557825e+00 -3.711704e+02
    endloop
  endfacet
  facet normal -9.996584e-01 -4.030732e-03 -2.582432e-02
    outer loop
      vertex   -1.948407e+02 3.557825e+00 -3.711704e+02
      vertex   -1.948000e+02 1.800000e+01 -3.750000e+02
      vertex   -1.948381e+02 3.707131e+00 -3.712929e+02
    endloop
  endfacet
  facet normal -9.997344e-01 -3.250704e-03 -2.281766e-02
    outer loop
      vertex   -1.948381e+02 3.707131e+00 -3.712929e+02
      vertex   -1.948000e+02 1.800000e+01 -3.750000e+02
      vertex   -1.948351e+02 3.829669e+00 -3.714422e+02
    endloop
  endfacet
  facet normal -9.997814e-01 -2.726313e-03 -2.072951e-02
    outer loop
      vertex   -1.948351e+02 3.829669e+00 -3.714422e+02
      vertex   -1.948000e+02 1.800000e+01 -3.750000e+02
      vertex   -1.948318e+02 3.923888e+00 -3.716173e+02
    endloop
  endfacet
  facet normal -9.998184e-01 -2.290808e-03 -1.891761e-02
    outer loop
      vertex   -1.948318e+02 3.923888e+00 -3.716173e+02
      vertex   -1.948000e+02 1.800000e+01 -3.750000e+02
      vertex   -1.948283e+02 3.981077e+00 -3.718078e+02
    endloop
  endfacet
  facet normal -9.998470e-01 -1.941938e-03 -1.738576e-02
    outer loop
      vertex   -1.948283e+02 3.981077e+00 -3.718078e+02
      vertex   -1.948000e+02 1.800000e+01 -3.750000e+02
      vertex   -1.948250e+02 4.000000e+00 -3.720000e+02
    endloop
  endfacet
  facet normal -9.999030e-01 -1.189240e-03 -1.387363e-02
    outer loop
      vertex   -1.948250e+02 4.000000e+00 -3.720000e+02
      vertex   -1.948000e+02 1.800000e+01 -3.750000e+02
      vertex   -1.948111e+02 4.000000e+00 -3.730000e+02
    endloop
  endfacet
  facet normal -9.999653e-01 -3.964175e-04 -8.324357e-03
    outer loop
      vertex   -1.948111e+02 4.000000e+00 -3.730000e+02
      vertex   -1.948000e+02 1.800000e+01 -3.750000e+02
      vertex   -1.948028e+02 4.000000e+00 -3.740000e+02
    endloop
  endfacet
  facet normal -9.999962e-01 0.000000e+00 -2.774814e-03
    outer loop
      vertex   -1.948028e+02 4.000000e+00 -3.740000e+02
      vertex   -1.948000e+02 1.800000e+01 -3.750000e+02
      vertex   -1.948000e+02 4.000000e+00 -3.750000e+02
    endloop
  endfacet
  facet normal 0.000000e+00 1.000000e+00 0.000000e+00
    outer loop
      vertex   -3.750000e+02 1.800000e+01 -1.850000e+02
      vertex   -3.669362e+02 1.800000e+01 -1.851712e+02
      vertex   -3.750000e+02 1.800000e+01 -1.948000e+02
    endloop
  endfacet
  facet normal -0.000000e+00 1.000000e+00 0.000000e+00
    outer loop
      vertex   -3.750000e+02 1.800000e+01 -1.948000e+02
      vertex   -3.669362e+02 1.800000e+01 -1.851712e+02
      vertex   -3.671398e+02 1.800000e+01 -1.949715e+02
    endloop
  endfacet
  facet normal 0.000000e+00 1.000000e+00 0.000000e+00
    outer loop
      vertex   -3.671398e+02 1.800000e+01 -1.949715e+02
      vertex   -3.669362e+02 1.800000e+01 -1.851712e+02
      vertex   -3.588869e+02 1.800000e+01 -1.856845e+02
    endloop
  endfacet
  facet normal -0.000000e+00 1.000000e+00 0.000000e+00
    outer loop
      vertex   -3.671398e+02 1.800000e+01 -1.949715e+02
      vertex   -3.588869e+02 1.800000e+01 -1.856845e+02
      vertex   -3.592945e+02 1.800000e+01 -1.954857e+02
    endloop
  endfacet
  facet normal 0.000000e+00 1.000000e+00 0.000000e+00
    outer loop
      vertex   -3.592945e+02 1.800000e+01 -1.954857e+02
      vertex   -3.588869e+02 1.800000e+01 -1.856845e+02
      vertex   -3.508666e+02 1.800000e+01 -1.865389e+02
    endloop
  endfacet
  facet normal -0.000000e+00 1.000000e+00 0.000000e+00
    outer loop
      vertex   -3.592945e+02 1.800000e+01 -1.954857e+02
      vertex   -3.508666e+02 1.800000e+01 -1.865389e+02
      vertex   -3.514792e+02 1.800000e+01 -1.963416e+02
    endloop
  endfacet
  facet normal 0.000000e+00 1.000000e+00 0.000000e+00
    outer loop
      vertex   -3.514792e+02 1.800000e+01 -1.963416e+02
      vertex   -3.508666e+02 1.800000e+01 -1.865389e+02
      vertex   -3.428898e+02 1.800000e+01 -1.877330e+02
    endloop
  endfacet
  facet normal -0.000000e+00 1.000000e+00 0.000000e+00
    outer loop
      vertex   -3.514792e+02 1.800000e+01 -1.963416e+02
      vertex   -3.428898e+02 1.800000e+01 -1.877330e+02
      vertex   -3.437086e+02 1.800000e+01 -1.975376e+02
    endloop
  endfacet
  facet normal 0.000000e+00 1.000000e+00 0.000000e+00
    outer loop
      vertex   -3.437086e+02 1.800000e+01 -1.975376e+02
      vertex   -3.428898e+02 1.800000e+01 -1.877330e+02
      vertex   -3.349709e+02 1.800000e+01 -1.892645e+02
    endloop
  endfacet
  facet normal -0.000000e+00 1.000000e+00 0.000000e+00
    outer loop
      vertex   -3.437086e+02 1.800000e+01 -1.975376e+02
      vertex   -3.349709e+02 1.800000e+01 -1.892645e+02
      vertex   -3.359976e+02 1.800000e+01 -1.990715e+02
    endloop
  endfacet
  facet normal 0.000000e+00 1.000000e+00 0.000000e+00
    outer loop
      vertex   -3.359976e+02 1.800000e+01 -1.990715e+02
      vertex   -3.349709e+02 1.800000e+01 -1.892645e+02
      vertex   -3.271242e+02 1.800000e+01 -1.911307e+02
    endloop
  endfacet
  facet normal -0.000000e+00 1.000000e+00 0.000000e+00
    outer loop
      vertex   -3.359976e+02 1.800000e+01 -1.990715e+02
      vertex   -3.271242e+02 1.800000e+01 -1.911307e+02
      vertex   -3.283608e+02 1.800000e+01 -2.009402e+02
    endloop
  endfacet
  facet normal 0.000000e+00 1.000000e+00 0.000000e+00
    outer loop
      vertex   -3.283608e+02 1.800000e+01 -2.009402e+02
      vertex   -3.271242e+02 1.800000e+01 -1.911307e+02
      vertex   -3.193637e+02 1.800000e+01 -1.933283e+02
    endloop
  endfacet
  facet normal -0.000000e+00 1.000000e+00 0.000000e+00
    outer loop
      vertex   -3.283608e+02 1.800000e+01 -2.009402e+02
      vertex   -3.193637e+02 1.800000e+01 -1.933283e+02
      vertex   -3.208128e+02 1.800000e+01 -2.031402e+02
    endloop
  endfacet
  facet normal 0.000000e+00 1.000000e+00 0.000000e+00
    outer loop
      vertex   -3.208128e+02 1.800000e+01 -2.031402e+02
      vertex   -3.193637e+02 1.800000e+01 -1.933283e+02
      vertex   -3.117034e+02 1.800000e+01 -1.958533e+02
    endloop
  endfacet
  facet normal -0.000000e+00 1.000000e+00 0.000000e+00
    outer loop
      vertex   -3.208128e+02 1.800000e+01 -2.031402e+02
      vertex   -3.117034e+02 1.800000e+01 -1.958533e+02
      vertex   -3.133680e+02 1.800000e+01 -2.056674e+02
    endloop
  endfacet
  facet normal 0.000000e+00 1.000000e+00 0.000000e+00
    outer loop
      vertex   -3.133680e+02 1.800000e+01 -2.056674e+02
      vertex   -3.117034e+02 1.800000e+01 -1.958533e+02
      vertex   -3.041573e+02 1.800000e+01 -1.987011e+02
    endloop
  endfacet
  facet normal -0.000000e+00 1.000000e+00 0.000000e+00
    outer loop
      vertex   -3.133680e+02 1.800000e+01 -2.056674e+02
      vertex   -3.041573e+02 1.800000e+01 -1.987011e+02
      vertex   -3.060404e+02 1.800000e+01 -2.085169e+02
    endloop
  endfacet
  facet normal 0.000000e+00 1.000000e+00 0.000000e+00
    outer loop
      vertex   -3.060404e+02 1.800000e+01 -2.085169e+02
      vertex   -3.041573e+02 1.800000e+01 -1.987011e+02
      vertex   -2.967388e+02 1.800000e+01 -2.018666e+02
    endloop
  endfacet
  facet normal -0.000000e+00 1.000000e+00 0.000000e+00
    outer loop
      vertex   -3.060404e+02 1.800000e+01 -2.085169e+02
      vertex   -2.967388e+02 1.800000e+01 -2.018666e+02
      vertex   -2.988442e+02 1.800000e+01 -2.116833e+02
    endloop
  endfacet
  facet normal 0.000000e+00 1.000000e+00 0.000000e+00
    outer loop
      vertex   -2.988442e+02 1.800000e+01 -2.116833e+02
      vertex   -2.967388e+02 1.800000e+01 -2.018666e+02
      vertex   -2.894613e+02 1.800000e+01 -2.053441e+02
    endloop
  endfacet
  facet normal -0.000000e+00 1.000000e+00 0.000000e+00
    outer loop
      vertex   -2.988442e+02 1.800000e+01 -2.116833e+02
      vertex   -2.894613e+02 1.800000e+01 -2.053441e+02
      vertex   -2.917929e+02 1.800000e+01 -2.151606e+02
    endloop
  endfacet
  facet normal 0.000000e+00 1.000000e+00 0.000000e+00
    outer loop
      vertex   -2.917929e+02 1.800000e+01 -2.151606e+02
      vertex   -2.894613e+02 1.800000e+01 -2.053441e+02
      vertex   -2.823380e+02 1.800000e+01 -2.091273e+02
    endloop
  endfacet
  facet normal -0.000000e+00 1.000000e+00 0.000000e+00
    outer loop
      vertex   -2.917929e+02 1.800000e+01 -2.151606e+02
      vertex   -2.823380e+02 1.800000e+01 -2.091273e+02
      vertex   -2.849000e+02 1.800000e+01 -2.189422e+02
    endloop
  endfacet
  facet normal 0.000000e+00 1.000000e+00 0.000000e+00
    outer loop
      vertex   -2.849000e+02 1.800000e+01 -2.189422e+02
      vertex   -2.823380e+02 1.800000e+01 -2.091273e+02
      vertex   -2.753816e+02 1.800000e+01 -2.132095e+02
    endloop
  endfacet
  facet normal -0.000000e+00 1.000000e+00 0.000000e+00
    outer loop
      vertex   -2.849000e+02 1.800000e+01 -2.189422e+02
      vertex   -2.753816e+02 1.800000e+01 -2.132095e+02
      vertex   -2.781786e+02 1.800000e+01 -2.230209e+02
    endloop
  endfacet
  facet normal 0.000000e+00 1.000000e+00 0.000000e+00
    outer loop
      vertex   -2.781786e+02 1.800000e+01 -2.230209e+02
      vertex   -2.753816e+02 1.800000e+01 -2.132095e+02
      vertex   -2.686048e+02 1.800000e+01 -2.175832e+02
    endloop
  endfacet
  facet normal -0.000000e+00 1.000000e+00 0.000000e+00
    outer loop
      vertex   -2.781786e+02 1.800000e+01 -2.230209e+02
      vertex   -2.686048e+02 1.800000e+01 -2.175832e+02
      vertex   -2.716415e+02 1.800000e+01 -2.273888e+02
    endloop
  endfacet
  facet normal 0.000000e+00 1.000000e+00 0.000000e+00
    outer loop
      vertex   -2.716415e+02 1.800000e+01 -2.273888e+02
      vertex   -2.686048e+02 1.800000e+01 -2.175832e+02
      vertex   -2.620197e+02 1.800000e+01 -2.222405e+02
    endloop
  endfacet
  facet normal -0.000000e+00 1.000000e+00 0.000000e+00
    outer loop
      vertex   -2.716415e+02 1.800000e+01 -2.273888e+02
      vertex   -2.620197e+02 1.800000e+01 -2.222405e+02
      vertex   -2.653012e+02 1.800000e+01 -2.320377e+02
    endloop
  endfacet
  facet normal 0.000000e+00 1.000000e+00 0.000000e+00
    outer loop
      vertex   -2.653012e+02 1.800000e+01 -2.320377e+02
      vertex   -2.620197e+02 1.800000e+01 -2.222405e+02
      vertex   -2.556382e+02 1.800000e+01 -2.271732e+02
    endloop
  endfacet
  facet normal -0.000000e+00 1.000000e+00 0.000000e+00
    outer loop
      vertex   -2.653012e+02 1.800000e+01 -2.320377e+02
      vertex   -2.556382e+02 1.800000e+01 -2.271732e+02
      vertex   -2.591697e+02 1.800000e+01 -2.369588e+02
    endloop
  endfacet
  facet normal 0.000000e+00 1.000000e+00 0.000000e+00
    outer loop
      vertex   -2.591697e+02 1.800000e+01 -2.369588e+02
      vertex   -2.556382e+02 1.800000e+01 -2.271732e+02
      vertex   -2.494718e+02 1.800000e+01 -2.323723e+02
    endloop
  endfacet
  facet normal -0.000000e+00 1.000000e+00 0.000000e+00
    outer loop
      vertex   -2.591697e+02 1.800000e+01 -2.369588e+02
      vertex   -2.494718e+02 1.800000e+01 -2.323723e+02
      vertex   -2.532586e+02 1.800000e+01 -2.421426e+02
    endloop
  endfacet
  facet normal 0.000000e+00 1.000000e+00 0.000000e+00
    outer loop
      vertex   -2.532586e+02 1.800000e+01 -2.421426e+02
      vertex   -2.494718e+02 1.800000e+01 -2.323723e+02
      vertex   -2.435316e+02 1.800000e+01 -2.378283e+02
    endloop
  endfacet
  facet normal -0.000000e+00 1.000000e+00 0.000000e+00
    outer loop
      vertex   -2.532586e+02 1.800000e+01 -2.421426e+02
      vertex   -2.435316e+02 1.800000e+01 -2.378283e+02
      vertex   -2.475794e+02 1.800000e+01 -2.475794e+02
    endloop
  endfacet
  facet normal 0.000000e+00 1.000000e+00 0.000000e+00
    outer loop
      vertex   -2.475794e+02 1.800000e+01 -2.475794e+02
      vertex   -2.435316e+02 1.800000e+01 -2.378283e+02
      vertex   -2.378283e+02 1.800000e+01 -2.435316e+02
    endloop
  endfacet
  facet normal -0.000000e+00 1.000000e+00 0.000000e+00
    outer loop
      vertex   -2.475794e+02 1.800000e+01 -2.475794e+02
      vertex   -2.378283e+02 1.800000e+01 -2.435316e+02
      vertex   -2.421426e+02 1.800000e+01 -2.532586e+02
    endloop
  endfacet
  facet normal 0.000000e+00 1.000000e+00 0.000000e+00
    outer loop
      vertex   -2.421426e+02 1.800000e+01 -2.532586e+02
      vertex   -2.378283e+02 1.800000e+01 -2.435316e+02
      vertex   -2.323723e+02 1.800000e+01 -2.494718e+02
    endloop
  endfacet
  facet normal -0.000000e+00 1.000000e+00 0.000000e+00
    outer loop
      vertex   -2.421426e+02 1.800000e+01 -2.532586e+02
      vertex   -2.323723e+02 1.800000e+01 -2.494718e+02
      vertex   -2.369588e+02 1.800000e+01 -2.591697e+02
    endloop
  endfacet
  facet normal 0.000000e+00 1.000000e+00 0.000000e+00
    outer loop
      vertex   -2.369588e+02 1.800000e+01 -2.591697e+02
      vertex   -2.323723e+02 1.800000e+01 -2.494718e+02
      vertex   -2.271732e+02 1.800000e+01 -2.556382e+02
    endloop
  endfacet
  facet normal -0.000000e+00 1.000000e+00 0.000000e+00
    outer loop
      vertex   -2.369588e+02 1.800000e+01 -2.591697e+02
      vertex   -2.271732e+02 1.800000e+01 -2.556382e+02
      vertex   -2.320377e+02 1.800000e+01 -2.653012e+02
    endloop
  endfacet
  facet normal 0.000000e+00 1.000000e+00 0.000000e+00
    outer loop
      vertex   -2.320377e+02 1.800000e+01 -2.653012e+02
      vertex   -2.271732e+02 1.800000e+01 -2.556382e+02
      vertex   -2.222405e+02 1.800000e+01 -2.620197e+02
    endloop
  endfacet
  facet normal -0.000000e+00 1.000000e+00 0.000000e+00
    outer loop
      vertex   -2.320377e+02 1.800000e+01 -2.653012e+02
      vertex   -2.222405e+02 1.800000e+01 -2.620197e+02
      vertex   -2.273888e+02 1.800000e+01 -2.716415e+02
    endloop
  endfacet
  facet normal 0.000000e+00 1.000000e+00 0.000000e+00
    outer loop
      vertex   -2.273888e+02 1.800000e+01 -2.716415e+02
      vertex   -2.222405e+02 1.800000e+01 -2.620197e+02
      vertex   -2.175832e+02 1.800000e+01 -2.686048e+02
    endloop
  endfacet
  facet normal -0.000000e+00 1.000000e+00 0.000000e+00
    outer loop
      vertex   -2.273888e+02 1.800000e+01 -2.716415e+02
      vertex   -2.175832e+02 1.800000e+01 -2.686048e+02
      vertex   -2.230209e+02 1.800000e+01 -2.781786e+02
    endloop
  endfacet
  facet normal 0.000000e+00 1.000000e+00 0.000000e+00
    outer loop
      vertex   -2.230209e+02 1.800000e+01 -2.781786e+02
      vertex   -2.175832e+02 1.800000e+01 -2.686048e+02
      vertex   -2.132095e+02 1.800000e+01 -2.753816e+02
    endloop
  endfacet
  facet normal -0.000000e+00 1.000000e+00 0.000000e+00
    outer loop
      vertex   -2.230209e+02 1.800000e+01 -2.781786e+02
      vertex   -2.132095e+02 1.800000e+01 -2.753816e+02
      vertex   -2.189422e+02 1.800000e+01 -2.849000e+02
    endloop
  endfacet
  facet normal 0.000000e+00 1.000000e+00 0.000000e+00
    outer loop
      vertex   -2.189422e+02 1.800000e+01 -2.849000e+02
      vertex   -2.132095e+02 1.800000e+01 -2.753816e+02
      vertex   -2.091273e+02 1.800000e+01 -2.823380e+02
    endloop
  endfacet
  facet normal -0.000000e+00 1.000000e+00 0.000000e+00
    outer loop
      vertex   -2.189422e+02 1.800000e+01 -2.849000e+02
      vertex   -2.091273e+02 1.800000e+01 -2.823380e+02
      vertex   -2.151606e+02 1.800000e+01 -2.917929e+02
    endloop
  endfacet
  facet normal 0.000000e+00 1.000000e+00 0.000000e+00
    outer loop
      vertex   -2.151606e+02 1.800000e+01 -2.917929e+02
      vertex   -2.091273e+02 1.800000e+01 -2.823380e+02
      vertex   -2.053441e+02 1.800000e+01 -2.894613e+02
    endloop
  endfacet
  facet normal -0.000000e+00 1.000000e+00 0.000000e+00
    outer loop
      vertex   -2.151606e+02 1.800000e+01 -2.917929e+02
      vertex   -2.053441e+02 1.800000e+01 -2.894613e+02
      vertex   -2.116833e+02 1.800000e+01 -2.988442e+02
    endloop
  endfacet
  facet normal 0.000000e+00 1.000000e+00 0.000000e+00
    outer loop
      vertex   -2.116833e+02 1.800000e+01 -2.988442e+02
      vertex   -2.053441e+02 1.800000e+01 -2.894613e+02
      vertex   -2.018666e+02 1.800000e+01 -2.967388e+02
    endloop
  endfacet
  facet normal -0.000000e+00 1.000000e+00 0.000000e+00
    outer loop
      vertex   -2.116833e+02 1.800000e+01 -2.988442e+02
      vertex   -2.018666e+02 1.800000e+01 -2.967388e+02
      vertex   -2.085169e+02 1.800000e+01 -3.060404e+02
    endloop
  endfacet
  facet normal 0.000000e+00 1.000000e+00 0.000000e+00
    outer loop
      vertex   -2.085169e+02 1.800000e+01 -3.060404e+02
      vertex   -2.018666e+02 1.800000e+01 -2.967388e+02
      vertex   -1.987011e+02 1.800000e+01 -3.041573e+02
    endloop
  endfacet
  facet normal -0.000000e+00 1.000000e+00 0.000000e+00
    outer loop
      vertex   -2.085169e+02 1.800000e+01 -3.060404e+02
      vertex   -1.987011e+02 1.800000e+01 -3.041573e+02
      vertex   -2.056674e+02 1.800000e+01 -3.133680e+02
    endloop
  endfacet
  facet normal 0.000000e+00 1.000000e+00 0.000000e+00
    outer loop
      vertex   -2.056674e+02 1.800000e+01 -3.133680e+02
      vertex   -1.987011e+02 1.800000e+01 -3.041573e+02
      vertex   -1.958533e+02 1.800000e+01 -3.117034e+02
    endloop
  endfacet
  facet normal -0.000000e+00 1.000000e+00 0.000000e+00
    outer loop
      vertex   -2.056674e+02 1.800000e+01 -3.133680e+02
      vertex   -1.958533e+02 1.800000e+01 -3.117034e+02
      vertex   -2.031402e+02 1.800000e+01 -3.208128e+02
    endloop
  endfacet
  facet normal 0.000000e+00 1.000000e+00 0.000000e+00
    outer loop
      vertex   -2.031402e+02 1.800000e+01 -3.208128e+02
      vertex   -1.958533e+02 1.800000e+01 -3.117034e+02
      vertex   -1.933283e+02 1.800000e+01 -3.193637e+02
    endloop
  endfacet
  facet normal -0.000000e+00 1.000000e+00 0.000000e+00
    outer loop
      vertex   -2.031402e+02 1.800000e+01 -3.208128e+02
      vertex   -1.933283e+02 1.800000e+01 -3.193637e+02
      vertex   -2.009402e+02 1.800000e+01 -3.283608e+02
    endloop
  endfacet
  facet normal 0.000000e+00 1.000000e+00 0.000000e+00
    outer loop
      vertex   -2.009402e+02 1.800000e+01 -3.283608e+02
      vertex   -1.933283e+02 1.800000e+01 -3.193637e+02
      vertex   -1.911307e+02 1.800000e+01 -3.271242e+02
    endloop
  endfacet
  facet normal -0.000000e+00 1.000000e+00 0.000000e+00
    outer loop
      vertex   -2.009402e+02 1.800000e+01 -3.283608e+02
      vertex   -1.911307e+02 1.800000e+01 -3.271242e+02
      vertex   -1.990715e+02 1.800000e+01 -3.359976e+02
    endloop
  endfacet
  facet normal 0.000000e+00 1.000000e+00 0.000000e+00
    outer loop
      vertex   -1.990715e+02 1.800000e+01 -3.359976e+02
      vertex   -1.911307e+02 1.800000e+01 -3.271242e+02
      vertex   -1.892645e+02 1.800000e+01 -3.349709e+02
    endloop
  endfacet
  facet normal -0.000000e+00 1.000000e+00 0.000000e+00
    outer loop
      vertex   -1.990715e+02 1.800000e+01 -3.359976e+02
      vertex   -1.892645e+02 1.800000e+01 -3.349709e+02
      vertex   -1.975376e+02 1.800000e+01 -3.437086e+02
    endloop
  endfacet
  facet normal 0.000000e+00 1.000000e+00 0.000000e+00
    outer loop
      vertex   -1.975376e+02 1.800000e+01 -3.437086e+02
      vertex   -1.892645e+02 1.800000e+01 -3.349709e+02
      vertex   -1.877330e+02 1.800000e+01 -3.428898e+02
    endloop
  endfacet
  facet normal -0.000000e+00 1.000000e+00 0.000000e+00
    outer loop
      vertex   -1.975376e+02 1.800000e+01 -3.437086e+02
      vertex   -1.877330e+02 1.800000e+01 -3.428898e+02
      vertex   -1.963416e+02 1.800000e+01 -3.514792e+02
    endloop
  endfacet
  facet normal 0.000000e+00 1.000000e+00 0.000000e+00
    outer loop
      vertex   -1.963416e+02 1.800000e+01 -3.514792e+02
      vertex   -1.877330e+02 1.800000e+01 -3.428898e+02
      vertex   -1.865389e+02 1.800000e+01 -3.508666e+02
    endloop
  endfacet
  facet normal -0.000000e+00 1.000000e+00 0.000000e+00
    outer loop
      vertex   -1.963416e+02 1.800000e+01 -3.514792e+02
      vertex   -1.865389e+02 1.800000e+01 -3.508666e+02
      vertex   -1.954857e+02 1.800000e+01 -3.592945e+02
    endloop
  endfacet
  facet normal 0.000000e+00 1.000000e+00 0.000000e+00
    outer loop
      vertex   -1.954857e+02 1.800000e+01 -3.592945e+02
      vertex   -1.865389e+02 1.800000e+01 -3.508666e+02
      vertex   -1.856845e+02 1.800000e+01 -3.588869e+02
    endloop
  endfacet
  facet normal -0.000000e+00 1.000000e+00 0.000000e+00
    outer loop
      vertex   -1.954857e+02 1.800000e+01 -3.592945e+02
      vertex   -1.856845e+02 1.800000e+01 -3.588869e+02
      vertex   -1.949715e+02 1.800000e+01 -3.671398e+02
    endloop
  endfacet
  facet normal 0.000000e+00 1.000000e+00 0.000000e+00
    outer loop
      vertex   -1.949715e+02 1.800000e+01 -3.671398e+02
      vertex   -1.856845e+02 1.800000e+01 -3.588869e+02
      vertex   -1.851712e+02 1.800000e+01 -3.669362e+02
    endloop
  endfacet
  facet normal -0.000000e+00 1.000000e+00 0.000000e+00
    outer loop
      vertex   -1.949715e+02 1.800000e+01 -3.671398e+02
      vertex   -1.851712e+02 1.800000e+01 -3.669362e+02
      vertex   -1.948000e+02 1.800000e+01 -3.750000e+02
    endloop
  endfacet
  facet normal 0.000000e+00 1.000000e+00 0.000000e+00
    outer loop
      vertex   -1.948000e+02 1.800000e+01 -3.750000e+02
      vertex   -1.851712e+02 1.800000e+01 -3.669362e+02
      vertex   -1.850000e+02 1.800000e+01 -3.750000e+02
    endloop
  endfacet
  facet normal 2.122538e-02 0.000000e+00 9.997747e-01
    outer loop
      vertex   -3.750000e+02 1.800000e+01 -1.850000e+02
      vertex   -3.750000e+02 6.000000e+00 -1.850000e+02
      vertex   -3.669362e+02 1.800000e+01 -1.851712e+02
    endloop
  endfacet
  facet normal 2.122538e-02 0.000000e+00 9.997747e-01
    outer loop
      vertex   -3.669362e+02 1.800000e+01 -1.851712e+02
      vertex   -3.750000e+02 6.000000e+00 -1.850000e+02
      vertex   -3.669362e+02 6.000000e+00 -1.851712e+02
    endloop
  endfacet
  facet normal 6.363790e-02 0.000000e+00 9.979731e-01
    outer loop
      vertex   -3.669362e+02 1.800000e+01 -1.851712e+02
      vertex   -3.669362e+02 6.000000e+00 -1.851712e+02
      vertex   -3.588869e+02 1.800000e+01 -1.856845e+02
    endloop
  endfacet
  facet normal 6.363790e-02 0.000000e+00 9.979731e-01
    outer loop
      vertex   -3.588869e+02 1.800000e+01 -1.856845e+02
      vertex   -3.669362e+02 6.000000e+00 -1.851712e+02
      vertex   -3.588869e+02 6.000000e+00 -1.856845e+02
    endloop
  endfacet
  facet normal 1.059357e-01 0.000000e+00 9.943730e-01
    outer loop
      vertex   -3.588869e+02 1.800000e+01 -1.856845e+02
      vertex   -3.588869e+02 6.000000e+00 -1.856845e+02
      vertex   -3.508666e+02 1.800000e+01 -1.865389e+02
    endloop
  endfacet
  facet normal 1.059357e-01 0.000000e+00 9.943730e-01
    outer loop
      vertex   -3.508666e+02 1.800000e+01 -1.865389e+02
      vertex   -3.588869e+02 6.000000e+00 -1.856845e+02
      vertex   -3.508666e+02 6.000000e+00 -1.865389e+02
    endloop
  endfacet
  facet normal 1.480427e-01 0.000000e+00 9.889810e-01
    outer loop
      vertex   -3.508666e+02 1.800000e+01 -1.865389e+02
      vertex   -3.508666e+02 6.000000e+00 -1.865389e+02
      vertex   -3.428898e+02 1.800000e+01 -1.877330e+02
    endloop
  endfacet
  facet normal 1.480427e-01 0.000000e+00 9.889810e-01
    outer loop
      vertex   -3.428898e+02 1.800000e+01 -1.877330e+02
      vertex   -3.508666e+02 6.000000e+00 -1.865389e+02
      vertex   -3.428898e+02 6.000000e+00 -1.877330e+02
    endloop
  endfacet
  facet normal 1.898828e-01 0.000000e+00 9.818068e-01
    outer loop
      vertex   -3.428898e+02 1.800000e+01 -1.877330e+02
      vertex   -3.428898e+02 6.000000e+00 -1.877330e+02
      vertex   -3.349709e+02 1.800000e+01 -1.892645e+02
    endloop
  endfacet
  facet normal 1.898828e-01 0.000000e+00 9.818068e-01
    outer loop
      vertex   -3.349709e+02 1.800000e+01 -1.892645e+02
      vertex   -3.428898e+02 6.000000e+00 -1.877330e+02
      vertex   -3.349709e+02 6.000000e+00 -1.892645e+02
    endloop
  endfacet
  facet normal 2.313808e-01 0.000000e+00 9.728633e-01
    outer loop
      vertex   -3.349709e+02 1.800000e+01 -1.892645e+02
      vertex   -3.349709e+02 6.000000e+00 -1.892645e+02
      vertex   -3.271242e+02 1.800000e+01 -1.911307e+02
    endloop
  endfacet
  facet normal 2.313808e-01 0.000000e+00 9.728633e-01
    outer loop
      vertex   -3.271242e+02 1.800000e+01 -1.911307e+02
      vertex   -3.349709e+02 6.000000e+00 -1.892645e+02
      vertex   -3.271242e+02 6.000000e+00 -1.911307e+02
    endloop
  endfacet
  facet normal 2.724618e-01 0.000000e+00 9.621666e-01
    outer loop
      vertex   -3.271242e+02 1.800000e+01 -1.911307e+02
      vertex   -3.271242e+02 6.000000e+00 -1.911307e+02
      vertex   -3.193637e+02 1.800000e+01 -1.933283e+02
    endloop
  endfacet
  facet normal 2.724618e-01 0.000000e+00 9.621666e-01
    outer loop
      vertex   -3.193637e+02 1.800000e+01 -1.933283e+02
      vertex   -3.271242e+02 6.000000e+00 -1.911307e+02
      vertex   -3.193637e+02 6.000000e+00 -1.933283e+02
    endloop
  endfacet
  facet normal 3.130518e-01 0.000000e+00 9.497361e-01
    outer loop
      vertex   -3.193637e+02 1.800000e+01 -1.933283e+02
      vertex   -3.193637e+02 6.000000e+00 -1.933283e+02
      vertex   -3.117034e+02 1.800000e+01 -1.958533e+02
    endloop
  endfacet
  facet normal 3.130518e-01 0.000000e+00 9.497361e-01
    outer loop
      vertex   -3.117034e+02 1.800000e+01 -1.958533e+02
      vertex   -3.193637e+02 6.000000e+00 -1.933283e+02
      vertex   -3.117034e+02 6.000000e+00 -1.958533e+02
    endloop
  endfacet
  facet normal 3.530777e-01 0.000000e+00 9.355940e-01
    outer loop
      vertex   -3.117034e+02 1.800000e+01 -1.958533e+02
      vertex   -3.117034e+02 6.000000e+00 -1.958533e+02
      vertex   -3.041573e+02 1.800000e+01 -1.987011e+02
    endloop
  endfacet
  facet normal 3.530777e-01 0.000000e+00 9.355940e-01
    outer loop
      vertex   -3.041573e+02 1.800000e+01 -1.987011e+02
      vertex   -3.117034e+02 6.000000e+00 -1.958533e+02
      vertex   -3.041573e+02 6.000000e+00 -1.987011e+02
    endloop
  endfacet
  facet normal 3.924673e-01 0.000000e+00 9.197660e-01
    outer loop
      vertex   -3.041573e+02 1.800000e+01 -1.987011e+02
      vertex   -3.041573e+02 6.000000e+00 -1.987011e+02
      vertex   -2.967388e+02 1.800000e+01 -2.018666e+02
    endloop
  endfacet
  facet normal 3.924673e-01 0.000000e+00 9.197660e-01
    outer loop
      vertex   -2.967388e+02 1.800000e+01 -2.018666e+02
      vertex   -3.041573e+02 6.000000e+00 -1.987011e+02
      vertex   -2.967388e+02 6.000000e+00 -2.018666e+02
    endloop
  endfacet
  facet normal 4.311496e-01 0.000000e+00 9.022804e-01
    outer loop
      vertex   -2.967388e+02 1.800000e+01 -2.018666e+02
      vertex   -2.967388e+02 6.000000e+00 -2.018666e+02
      vertex   -2.894613e+02 1.800000e+01 -2.053441e+02
    endloop
  endfacet
  facet normal 4.311496e-01 0.000000e+00 9.022804e-01
    outer loop
      vertex   -2.894613e+02 1.800000e+01 -2.053441e+02
      vertex   -2.967388e+02 6.000000e+00 -2.018666e+02
      vertex   -2.894613e+02 6.000000e+00 -2.053441e+02
    endloop
  endfacet
  facet normal 4.690550e-01 0.000000e+00 8.831689e-01
    outer loop
      vertex   -2.894613e+02 1.800000e+01 -2.053441e+02
      vertex   -2.894613e+02 6.000000e+00 -2.053441e+02
      vertex   -2.823380e+02 1.800000e+01 -2.091273e+02
    endloop
  endfacet
  facet normal 4.690550e-01 0.000000e+00 8.831689e-01
    outer loop
      vertex   -2.823380e+02 1.800000e+01 -2.091273e+02
      vertex   -2.894613e+02 6.000000e+00 -2.053441e+02
      vertex   -2.823380e+02 6.000000e+00 -2.091273e+02
    endloop
  endfacet
  facet normal 5.061151e-01 0.000000e+00 8.624659e-01
    outer loop
      vertex   -2.823380e+02 1.800000e+01 -2.091273e+02
      vertex   -2.823380e+02 6.000000e+00 -2.091273e+02
      vertex   -2.753816e+02 1.800000e+01 -2.132095e+02
    endloop
  endfacet
  facet normal 5.061151e-01 0.000000e+00 8.624659e-01
    outer loop
      vertex   -2.753816e+02 1.800000e+01 -2.132095e+02
      vertex   -2.823380e+02 6.000000e+00 -2.091273e+02
      vertex   -2.753816e+02 6.000000e+00 -2.132095e+02
    endloop
  endfacet
  facet normal 5.422632e-01 0.000000e+00 8.402087e-01
    outer loop
      vertex   -2.753816e+02 1.800000e+01 -2.132095e+02
      vertex   -2.753816e+02 6.000000e+00 -2.132095e+02
      vertex   -2.686048e+02 1.800000e+01 -2.175832e+02
    endloop
  endfacet
  facet normal 5.422632e-01 0.000000e+00 8.402087e-01
    outer loop
      vertex   -2.686048e+02 1.800000e+01 -2.175832e+02
      vertex   -2.753816e+02 6.000000e+00 -2.132095e+02
      vertex   -2.686048e+02 6.000000e+00 -2.175832e+02
    endloop
  endfacet
  facet normal 5.774341e-01 0.000000e+00 8.164373e-01
    outer loop
      vertex   -2.686048e+02 1.800000e+01 -2.175832e+02
      vertex   -2.686048e+02 6.000000e+00 -2.175832e+02
      vertex   -2.620197e+02 1.800000e+01 -2.222405e+02
    endloop
  endfacet
  facet normal 5.774341e-01 0.000000e+00 8.164373e-01
    outer loop
      vertex   -2.620197e+02 1.800000e+01 -2.222405e+02
      vertex   -2.686048e+02 6.000000e+00 -2.175832e+02
      vertex   -2.620197e+02 6.000000e+00 -2.222405e+02
    endloop
  endfacet
  facet normal 6.115644e-01 0.000000e+00 7.911947e-01
    outer loop
      vertex   -2.620197e+02 1.800000e+01 -2.222405e+02
      vertex   -2.620197e+02 6.000000e+00 -2.222405e+02
      vertex   -2.556382e+02 1.800000e+01 -2.271732e+02
    endloop
  endfacet
  facet normal 6.115644e-01 0.000000e+00 7.911947e-01
    outer loop
      vertex   -2.556382e+02 1.800000e+01 -2.271732e+02
      vertex   -2.620197e+02 6.000000e+00 -2.222405e+02
      vertex   -2.556382e+02 6.000000e+00 -2.271732e+02
    endloop
  endfacet
  facet normal 6.445926e-01 0.000000e+00 7.645263e-01
    outer loop
      vertex   -2.556382e+02 1.800000e+01 -2.271732e+02
      vertex   -2.556382e+02 6.000000e+00 -2.271732e+02
      vertex   -2.494718e+02 1.800000e+01 -2.323723e+02
    endloop
  endfacet
  facet normal 6.445926e-01 0.000000e+00 7.645263e-01
    outer loop
      vertex   -2.494718e+02 1.800000e+01 -2.323723e+02
      vertex   -2.556382e+02 6.000000e+00 -2.271732e+02
      vertex   -2.494718e+02 6.000000e+00 -2.323723e+02
    endloop
  endfacet
  facet normal 6.764592e-01 0.000000e+00 7.364801e-01
    outer loop
      vertex   -2.494718e+02 1.800000e+01 -2.323723e+02
      vertex   -2.494718e+02 6.000000e+00 -2.323723e+02
      vertex   -2.435316e+02 1.800000e+01 -2.378283e+02
    endloop
  endfacet
  facet normal 6.764592e-01 -1.460019e-15 7.364801e-01
    outer loop
      vertex   -2.435316e+02 1.800000e+01 -2.378283e+02
      vertex   -2.494718e+02 6.000000e+00 -2.323723e+02
      vertex   -2.435316e+02 6.000000e+00 -2.378283e+02
    endloop
  endfacet
  facet normal 7.071068e-01 -1.674765e-15 7.071068e-01
    outer loop
      vertex   -2.435316e+02 1.800000e+01 -2.378283e+02
      vertex   -2.435316e+02 6.000000e+00 -2.378283e+02
      vertex   -2.378283e+02 1.800000e+01 -2.435316e+02
    endloop
  endfacet
  facet normal 7.071068e-01 -8.346031e-30 7.071068e-01
    outer loop
      vertex   -2.378283e+02 1.800000e+01 -2.435316e+02
      vertex   -2.435316e+02 6.000000e+00 -2.378283e+02
      vertex   -2.378283e+02 6.000000e+00 -2.435316e+02
    endloop
  endfacet
  facet normal 7.364801e-01 -1.421581e-16 6.764592e-01
    outer loop
      vertex   -2.378283e+02 1.800000e+01 -2.435316e+02
      vertex   -2.378283e+02 6.000000e+00 -2.435316e+02
      vertex   -2.323723e+02 1.800000e+01 -2.494718e+02
    endloop
  endfacet
  facet normal 7.364801e-01 1.602177e-15 6.764592e-01
    outer loop
      vertex   -2.323723e+02 1.800000e+01 -2.494718e+02
      vertex   -2.378283e+02 6.000000e+00 -2.435316e+02
      vertex   -2.323723e+02 6.000000e+00 -2.494718e+02
    endloop
  endfacet
  facet normal 7.645263e-01 1.526702e-15 6.445926e-01
    outer loop
      vertex   -2.323723e+02 1.800000e+01 -2.494718e+02
      vertex   -2.323723e+02 6.000000e+00 -2.494718e+02
      vertex   -2.271732e+02 1.800000e+01 -2.556382e+02
    endloop
  endfacet
  facet normal 7.645263e-01 0.000000e+00 6.445926e-01
    outer loop
      vertex   -2.271732e+02 1.800000e+01 -2.556382e+02
      vertex   -2.323723e+02 6.000000e+00 -2.494718e+02
      vertex   -2.271732e+02 6.000000e+00 -2.556382e+02
    endloop
  endfacet
  facet normal 7.911947e-01 0.000000e+00 6.115644e-01
    outer loop
      vertex   -2.271732e+02 1.800000e+01 -2.556382e+02
      vertex   -2.271732e+02 6.000000e+00 -2.556382e+02
      vertex   -2.222405e+02 1.800000e+01 -2.620197e+02
    endloop
  endfacet
  facet normal 7.911947e-01 0.000000e+00 6.115644e-01
    outer loop
      vertex   -2.222405e+02 1.800000e+01 -2.620197e+02
      vertex   -2.271732e+02 6.000000e+00 -2.556382e+02
      vertex   -2.222405e+02 6.000000e+00 -2.620197e+02
    endloop
  endfacet
  facet normal 8.164373e-01 0.000000e+00 5.774341e-01
    outer loop
      vertex   -2.222405e+02 1.800000e+01 -2.620197e+02
      vertex   -2.222405e+02 6.000000e+00 -2.620197e+02
      vertex   -2.175832e+02 1.800000e+01 -2.686048e+02
    endloop
  endfacet
  facet normal 8.164373e-01 0.000000e+00 5.774341e-01
    outer loop
      vertex   -2.175832e+02 1.800000e+01 -2.686048e+02
      vertex   -2.222405e+02 6.000000e+00 -2.620197e+02
      vertex   -2.175832e+02 6.000000e+00 -2.686048e+02
    endloop
  endfacet
  facet normal 8.402087e-01 0.000000e+00 5.422632e-01
    outer loop
      vertex   -2.175832e+02 1.800000e+01 -2.686048e+02
      vertex   -2.175832e+02 6.000000e+00 -2.686048e+02
      vertex   -2.132095e+02 1.800000e+01 -2.753816e+02
    endloop
  endfacet
  facet normal 8.402087e-01 -2.568675e-15 5.422632e-01
    outer loop
      vertex   -2.132095e+02 1.800000e+01 -2.753816e+02
      vertex   -2.175832e+02 6.000000e+00 -2.686048e+02
      vertex   -2.132095e+02 6.000000e+00 -2.753816e+02
    endloop
  endfacet
  facet normal 8.624659e-01 -2.397443e-15 5.061151e-01
    outer loop
      vertex   -2.132095e+02 1.800000e+01 -2.753816e+02
      vertex   -2.132095e+02 6.000000e+00 -2.753816e+02
      vertex   -2.091273e+02 1.800000e+01 -2.823380e+02
    endloop
  endfacet
  facet normal 8.624659e-01 0.000000e+00 5.061151e-01
    outer loop
      vertex   -2.091273e+02 1.800000e+01 -2.823380e+02
      vertex   -2.132095e+02 6.000000e+00 -2.753816e+02
      vertex   -2.091273e+02 6.000000e+00 -2.823380e+02
    endloop
  endfacet
  facet normal 8.831689e-01 0.000000e+00 4.690550e-01
    outer loop
      vertex   -2.091273e+02 1.800000e+01 -2.823380e+02
      vertex   -2.091273e+02 6.000000e+00 -2.823380e+02
      vertex   -2.053441e+02 1.800000e+01 -2.894613e+02
    endloop
  endfacet
  facet normal 8.831689e-01 0.000000e+00 4.690550e-01
    outer loop
      vertex   -2.053441e+02 1.800000e+01 -2.894613e+02
      vertex   -2.091273e+02 6.000000e+00 -2.823380e+02
      vertex   -2.053441e+02 6.000000e+00 -2.894613e+02
    endloop
  endfacet
  facet normal 9.022804e-01 0.000000e+00 4.311496e-01
    outer loop
      vertex   -2.053441e+02 1.800000e+01 -2.894613e+02
      vertex   -2.053441e+02 6.000000e+00 -2.894613e+02
      vertex   -2.018666e+02 1.800000e+01 -2.967388e+02
    endloop
  endfacet
  facet normal 9.022804e-01 2.042335e-15 4.311496e-01
    outer loop
      vertex   -2.018666e+02 1.800000e+01 -2.967388e+02
      vertex   -2.053441e+02 6.000000e+00 -2.894613e+02
      vertex   -2.018666e+02 6.000000e+00 -2.967388e+02
    endloop
  endfacet
  facet normal 9.197660e-01 1.859098e-15 3.924673e-01
    outer loop
      vertex   -2.018666e+02 1.800000e+01 -2.967388e+02
      vertex   -2.018666e+02 6.000000e+00 -2.967388e+02
      vertex   -1.987011e+02 1.800000e+01 -3.041573e+02
    endloop
  endfacet
  facet normal 9.197660e-01 0.000000e+00 3.924673e-01
    outer loop
      vertex   -1.987011e+02 1.800000e+01 -3.041573e+02
      vertex   -2.018666e+02 6.000000e+00 -2.967388e+02
      vertex   -1.987011e+02 6.000000e+00 -3.041573e+02
    endloop
  endfacet
  facet normal 9.355940e-01 0.000000e+00 3.530777e-01
    outer loop
      vertex   -1.987011e+02 1.800000e+01 -3.041573e+02
      vertex   -1.987011e+02 6.000000e+00 -3.041573e+02
      vertex   -1.958533e+02 1.800000e+01 -3.117034e+02
    endloop
  endfacet
  facet normal 9.355940e-01 0.000000e+00 3.530777e-01
    outer loop
      vertex   -1.958533e+02 1.800000e+01 -3.117034e+02
      vertex   -1.987011e+02 6.000000e+00 -3.041573e+02
      vertex   -1.958533e+02 6.000000e+00 -3.117034e+02
    endloop
  endfacet
  facet normal 9.497361e-01 0.000000e+00 3.130518e-01
    outer loop
      vertex   -1.958533e+02 1.800000e+01 -3.117034e+02
      vertex   -1.958533e+02 6.000000e+00 -3.117034e+02
      vertex   -1.933283e+02 1.800000e+01 -3.193637e+02
    endloop
  endfacet
  facet normal 9.497361e-01 0.000000e+00 3.130518e-01
    outer loop
      vertex   -1.933283e+02 1.800000e+01 -3.193637e+02
      vertex   -1.958533e+02 6.000000e+00 -3.117034e+02
      vertex   -1.933283e+02 6.000000e+00 -3.193637e+02
    endloop
  endfacet
  facet normal 9.621666e-01 0.000000e+00 2.724618e-01
    outer loop
      vertex   -1.933283e+02 1.800000e+01 -3.193637e+02
      vertex   -1.933283e+02 6.000000e+00 -3.193637e+02
      vertex   -1.911307e+02 1.800000e+01 -3.271242e+02
    endloop
  endfacet
  facet normal 9.621666e-01 -9.882300e-16 2.724618e-01
    outer loop
      vertex   -1.911307e+02 1.800000e+01 -3.271242e+02
      vertex   -1.933283e+02 6.000000e+00 -3.193637e+02
      vertex   -1.911307e+02 6.000000e+00 -3.271242e+02
    endloop
  endfacet
  facet normal 9.728633e-01 -1.208163e-15 2.313808e-01
    outer loop
      vertex   -1.911307e+02 1.800000e+01 -3.271242e+02
      vertex   -1.911307e+02 6.000000e+00 -3.271242e+02
      vertex   -1.892645e+02 1.800000e+01 -3.349709e+02
    endloop
  endfacet
  facet normal 9.728633e-01 0.000000e+00 2.313808e-01
    outer loop
      vertex   -1.892645e+02 1.800000e+01 -3.349709e+02
      vertex   -1.911307e+02 6.000000e+00 -3.271242e+02
      vertex   -1.892645e+02 6.000000e+00 -3.349709e+02
    endloop
  endfacet
  facet normal 9.818068e-01 0.000000e+00 1.898828e-01
    outer loop
      vertex   -1.892645e+02 1.800000e+01 -3.349709e+02
      vertex   -1.892645e+02 6.000000e+00 -3.349709e+02
      vertex   -1.877330e+02 1.800000e+01 -3.428898e+02
    endloop
  endfacet
  facet normal 9.818068e-01 0.000000e+00 1.898828e-01
    outer loop
      vertex   -1.877330e+02 1.800000e+01 -3.428898e+02
      vertex   -1.892645e+02 6.000000e+00 -3.349709e+02
      vertex   -1.877330e+02 6.000000e+00 -3.428898e+02
    endloop
  endfacet
  facet normal 9.889810e-01 0.000000e+00 1.480427e-01
    outer loop
      vertex   -1.877330e+02 1.800000e+01 -3.428898e+02
      vertex   -1.877330e+02 6.000000e+00 -3.428898e+02
      vertex   -1.865389e+02 1.800000e+01 -3.508666e+02
    endloop
  endfacet
  facet normal 9.889810e-01 7.012710e-16 1.480427e-01
    outer loop
      vertex   -1.865389e+02 1.800000e+01 -3.508666e+02
      vertex   -1.877330e+02 6.000000e+00 -3.428898e+02
      vertex   -1.865389e+02 6.000000e+00 -3.508666e+02
    endloop
  endfacet
  facet normal 9.943730e-01 5.018125e-16 1.059357e-01
    outer loop
      vertex   -1.865389e+02 1.800000e+01 -3.508666e+02
      vertex   -1.865389e+02 6.000000e+00 -3.508666e+02
      vertex   -1.856845e+02 1.800000e+01 -3.588869e+02
    endloop
  endfacet
  facet normal 9.943730e-01 0.000000e+00 1.059357e-01
    outer loop
      vertex   -1.856845e+02 1.800000e+01 -3.588869e+02
      vertex   -1.865389e+02 6.000000e+00 -3.508666e+02
      vertex   -1.856845e+02 6.000000e+00 -3.588869e+02
    endloop
  endfacet
  facet normal 9.979731e-01 0.000000e+00 6.363790e-02
    outer loop
      vertex   -1.856845e+02 1.800000e+01 -3.588869e+02
      vertex   -1.856845e+02 6.000000e+00 -3.588869e+02
      vertex   -1.851712e+02 1.800000e+01 -3.669362e+02
    endloop
  endfacet
  facet normal 9.979731e-01 0.000000e+00 6.363790e-02
    outer loop
      vertex   -1.851712e+02 1.800000e+01 -3.669362e+02
      vertex   -1.856845e+02 6.000000e+00 -3.588869e+02
      vertex   -1.851712e+02 6.000000e+00 -3.669362e+02
    endloop
  endfacet
  facet normal 9.997747e-01 0.000000e+00 2.122538e-02
    outer loop
      vertex   -1.851712e+02 1.800000e+01 -3.669362e+02
      vertex   -1.851712e+02 6.000000e+00 -3.669362e+02
      vertex   -1.850000e+02 1.800000e+01 -3.750000e+02
    endloop
  endfacet
  facet normal 9.997747e-01 0.000000e+00 2.122538e-02
    outer loop
      vertex   -1.850000e+02 1.800000e+01 -3.750000e+02
      vertex   -1.851712e+02 6.000000e+00 -3.669362e+02
      vertex   -1.850000e+02 6.000000e+00 -3.750000e+02
    endloop
  endfacet
  facet normal 0.000000e+00 1.000000e+00 0.000000e+00
    outer loop
      vertex   -3.750000e+02 6.000000e+00 -1.750000e+02
      vertex   -3.667350e+02 6.000000e+00 -1.751708e+02
      vertex   -3.750000e+02 6.000000e+00 -1.850000e+02
    endloop
  endfacet
  facet normal -0.000000e+00 1.000000e+00 0.000000e+00
    outer loop
      vertex   -3.750000e+02 6.000000e+00 -1.850000e+02
      vertex   -3.667350e+02 6.000000e+00 -1.751708e+02
      vertex   -3.669362e+02 6.000000e+00 -1.851712e+02
    endloop
  endfacet
  facet normal 0.000000e+00 1.000000e+00 0.000000e+00
    outer loop
      vertex   -3.669362e+02 6.000000e+00 -1.851712e+02
      vertex   -3.667350e+02 6.000000e+00 -1.751708e+02
      vertex   -3.584841e+02 6.000000e+00 -1.756831e+02
    endloop
  endfacet
  facet normal -0.000000e+00 1.000000e+00 0.000000e+00
    outer loop
      vertex   -3.669362e+02 6.000000e+00 -1.851712e+02
      vertex   -3.584841e+02 6.000000e+00 -1.756831e+02
      vertex   -3.588869e+02 6.000000e+00 -1.856845e+02
    endloop
  endfacet
  facet normal 0.000000e+00 1.000000e+00 0.000000e+00
    outer loop
      vertex   -3.588869e+02 6.000000e+00 -1.856845e+02
      vertex   -3.584841e+02 6.000000e+00 -1.756831e+02
      vertex   -3.502615e+02 6.000000e+00 -1.765359e+02
    endloop
  endfacet
  facet normal -0.000000e+00 1.000000e+00 0.000000e+00
    outer loop
      vertex   -3.588869e+02 6.000000e+00 -1.856845e+02
      vertex   -3.502615e+02 6.000000e+00 -1.765359e+02
      vertex   -3.508666e+02 6.000000e+00 -1.865389e+02
    endloop
  endfacet
  facet normal 0.000000e+00 1.000000e+00 0.000000e+00
    outer loop
      vertex   -3.508666e+02 6.000000e+00 -1.865389e+02
      vertex   -3.502615e+02 6.000000e+00 -1.765359e+02
      vertex   -3.420811e+02 6.000000e+00 -1.777277e+02
    endloop
  endfacet
  facet normal -0.000000e+00 1.000000e+00 0.000000e+00
    outer loop
      vertex   -3.508666e+02 6.000000e+00 -1.865389e+02
      vertex   -3.420811e+02 6.000000e+00 -1.777277e+02
      vertex   -3.428898e+02 6.000000e+00 -1.877330e+02
    endloop
  endfacet
  facet normal 0.000000e+00 1.000000e+00 0.000000e+00
    outer loop
      vertex   -3.428898e+02 6.000000e+00 -1.877330e+02
      vertex   -3.420811e+02 6.000000e+00 -1.777277e+02
      vertex   -3.339569e+02 6.000000e+00 -1.792566e+02
    endloop
  endfacet
  facet normal -0.000000e+00 1.000000e+00 0.000000e+00
    outer loop
      vertex   -3.428898e+02 6.000000e+00 -1.877330e+02
      vertex   -3.339569e+02 6.000000e+00 -1.792566e+02
      vertex   -3.349709e+02 6.000000e+00 -1.892645e+02
    endloop
  endfacet
  facet normal 0.000000e+00 1.000000e+00 0.000000e+00
    outer loop
      vertex   -3.349709e+02 6.000000e+00 -1.892645e+02
      vertex   -3.339569e+02 6.000000e+00 -1.792566e+02
      vertex   -3.259029e+02 6.000000e+00 -1.811199e+02
    endloop
  endfacet
  facet normal -0.000000e+00 1.000000e+00 0.000000e+00
    outer loop
      vertex   -3.349709e+02 6.000000e+00 -1.892645e+02
      vertex   -3.259029e+02 6.000000e+00 -1.811199e+02
      vertex   -3.271242e+02 6.000000e+00 -1.911307e+02
    endloop
  endfacet
  facet normal 0.000000e+00 1.000000e+00 0.000000e+00
    outer loop
      vertex   -3.271242e+02 6.000000e+00 -1.911307e+02
      vertex   -3.259029e+02 6.000000e+00 -1.811199e+02
      vertex   -3.179328e+02 6.000000e+00 -1.833145e+02
    endloop
  endfacet
  facet normal -0.000000e+00 1.000000e+00 0.000000e+00
    outer loop
      vertex   -3.271242e+02 6.000000e+00 -1.911307e+02
      vertex   -3.179328e+02 6.000000e+00 -1.833145e+02
      vertex   -3.193637e+02 6.000000e+00 -1.933283e+02
    endloop
  endfacet
  facet normal 0.000000e+00 1.000000e+00 0.000000e+00
    outer loop
      vertex   -3.193637e+02 6.000000e+00 -1.933283e+02
      vertex   -3.179328e+02 6.000000e+00 -1.833145e+02
      vertex   -3.100601e+02 6.000000e+00 -1.858366e+02
    endloop
  endfacet
  facet normal -0.000000e+00 1.000000e+00 0.000000e+00
    outer loop
      vertex   -3.193637e+02 6.000000e+00 -1.933283e+02
      vertex   -3.100601e+02 6.000000e+00 -1.858366e+02
      vertex   -3.117034e+02 6.000000e+00 -1.958533e+02
    endloop
  endfacet
  facet normal 0.000000e+00 1.000000e+00 0.000000e+00
    outer loop
      vertex   -3.117034e+02 6.000000e+00 -1.958533e+02
      vertex   -3.100601e+02 6.000000e+00 -1.858366e+02
      vertex   -3.022984e+02 6.000000e+00 -1.886818e+02
    endloop
  endfacet
  facet normal -0.000000e+00 1.000000e+00 0.000000e+00
    outer loop
      vertex   -3.117034e+02 6.000000e+00 -1.958533e+02
      vertex   -3.022984e+02 6.000000e+00 -1.886818e+02
      vertex   -3.041573e+02 6.000000e+00 -1.987011e+02
    endloop
  endfacet
  facet normal 0.000000e+00 1.000000e+00 0.000000e+00
    outer loop
      vertex   -3.041573e+02 6.000000e+00 -1.987011e+02
      vertex   -3.022984e+02 6.000000e+00 -1.886818e+02
      vertex   -2.946609e+02 6.000000e+00 -1.918453e+02
    endloop
  endfacet
  facet normal -0.000000e+00 1.000000e+00 0.000000e+00
    outer loop
      vertex   -3.041573e+02 6.000000e+00 -1.987011e+02
      vertex   -2.946609e+02 6.000000e+00 -1.918453e+02
      vertex   -2.967388e+02 6.000000e+00 -2.018666e+02
    endloop
  endfacet
  facet normal 0.000000e+00 1.000000e+00 0.000000e+00
    outer loop
      vertex   -2.967388e+02 6.000000e+00 -2.018666e+02
      vertex   -2.946609e+02 6.000000e+00 -1.918453e+02
      vertex   -2.871607e+02 6.000000e+00 -1.953218e+02
    endloop
  endfacet
  facet normal -0.000000e+00 1.000000e+00 0.000000e+00
    outer loop
      vertex   -2.967388e+02 6.000000e+00 -2.018666e+02
      vertex   -2.871607e+02 6.000000e+00 -1.953218e+02
      vertex   -2.894613e+02 6.000000e+00 -2.053441e+02
    endloop
  endfacet
  facet normal 0.000000e+00 1.000000e+00 0.000000e+00
    outer loop
      vertex   -2.894613e+02 6.000000e+00 -2.053441e+02
      vertex   -2.871607e+02 6.000000e+00 -1.953218e+02
      vertex   -2.798105e+02 6.000000e+00 -1.991052e+02
    endloop
  endfacet
  facet normal -0.000000e+00 1.000000e+00 0.000000e+00
    outer loop
      vertex   -2.894613e+02 6.000000e+00 -2.053441e+02
      vertex   -2.798105e+02 6.000000e+00 -1.991052e+02
      vertex   -2.823380e+02 6.000000e+00 -2.091273e+02
    endloop
  endfacet
  facet normal 0.000000e+00 1.000000e+00 0.000000e+00
    outer loop
      vertex   -2.823380e+02 6.000000e+00 -2.091273e+02
      vertex   -2.798105e+02 6.000000e+00 -1.991052e+02
      vertex   -2.726230e+02 6.000000e+00 -2.031892e+02
    endloop
  endfacet
  facet normal -0.000000e+00 1.000000e+00 0.000000e+00
    outer loop
      vertex   -2.823380e+02 6.000000e+00 -2.091273e+02
      vertex   -2.726230e+02 6.000000e+00 -2.031892e+02
      vertex   -2.753816e+02 6.000000e+00 -2.132095e+02
    endloop
  endfacet
  facet normal 0.000000e+00 1.000000e+00 0.000000e+00
    outer loop
      vertex   -2.753816e+02 6.000000e+00 -2.132095e+02
      vertex   -2.726230e+02 6.000000e+00 -2.031892e+02
      vertex   -2.656104e+02 6.000000e+00 -2.075667e+02
    endloop
  endfacet
  facet normal -0.000000e+00 1.000000e+00 0.000000e+00
    outer loop
      vertex   -2.753816e+02 6.000000e+00 -2.132095e+02
      vertex   -2.656104e+02 6.000000e+00 -2.075667e+02
      vertex   -2.686048e+02 6.000000e+00 -2.175832e+02
    endloop
  endfacet
  facet normal 0.000000e+00 1.000000e+00 0.000000e+00
    outer loop
      vertex   -2.686048e+02 6.000000e+00 -2.175832e+02
      vertex   -2.656104e+02 6.000000e+00 -2.075667e+02
      vertex   -2.587846e+02 6.000000e+00 -2.122303e+02
    endloop
  endfacet
  facet normal -0.000000e+00 1.000000e+00 0.000000e+00
    outer loop
      vertex   -2.686048e+02 6.000000e+00 -2.175832e+02
      vertex   -2.587846e+02 6.000000e+00 -2.122303e+02
      vertex   -2.620197e+02 6.000000e+00 -2.222405e+02
    endloop
  endfacet
  facet normal 0.000000e+00 1.000000e+00 0.000000e+00
    outer loop
      vertex   -2.620197e+02 6.000000e+00 -2.222405e+02
      vertex   -2.587846e+02 6.000000e+00 -2.122303e+02
      vertex   -2.521575e+02 6.000000e+00 -2.171719e+02
    endloop
  endfacet
  facet normal -0.000000e+00 1.000000e+00 0.000000e+00
    outer loop
      vertex   -2.620197e+02 6.000000e+00 -2.222405e+02
      vertex   -2.521575e+02 6.000000e+00 -2.171719e+02
      vertex   -2.556382e+02 6.000000e+00 -2.271732e+02
    endloop
  endfacet
  facet normal 0.000000e+00 1.000000e+00 0.000000e+00
    outer loop
      vertex   -2.556382e+02 6.000000e+00 -2.271732e+02
      vertex   -2.521575e+02 6.000000e+00 -2.171719e+02
      vertex   -2.457402e+02 6.000000e+00 -2.223832e+02
    endloop
  endfacet
  facet normal -0.000000e+00 1.000000e+00 0.000000e+00
    outer loop
      vertex   -2.556382e+02 6.000000e+00 -2.271732e+02
      vertex   -2.457402e+02 6.000000e+00 -2.223832e+02
      vertex   -2.494718e+02 6.000000e+00 -2.323723e+02
    endloop
  endfacet
  facet normal 0.000000e+00 1.000000e+00 0.000000e+00
    outer loop
      vertex   -2.494718e+02 6.000000e+00 -2.323723e+02
      vertex   -2.457402e+02 6.000000e+00 -2.223832e+02
      vertex   -2.395437e+02 6.000000e+00 -2.278552e+02
    endloop
  endfacet
  facet normal -0.000000e+00 1.000000e+00 0.000000e+00
    outer loop
      vertex   -2.494718e+02 6.000000e+00 -2.323723e+02
      vertex   -2.395437e+02 6.000000e+00 -2.278552e+02
      vertex   -2.435316e+02 6.000000e+00 -2.378283e+02
    endloop
  endfacet
  facet normal 0.000000e+00 1.000000e+00 0.000000e+00
    outer loop
      vertex   -2.435316e+02 6.000000e+00 -2.378283e+02
      vertex   -2.395437e+02 6.000000e+00 -2.278552e+02
      vertex   -2.335786e+02 6.000000e+00 -2.335786e+02
    endloop
  endfacet
  facet normal -0.000000e+00 1.000000e+00 0.000000e+00
    outer loop
      vertex   -2.435316e+02 6.000000e+00 -2.378283e+02
      vertex   -2.335786e+02 6.000000e+00 -2.335786e+02
      vertex   -2.378283e+02 6.000000e+00 -2.435316e+02
    endloop
  endfacet
  facet normal 0.000000e+00 1.000000e+00 0.000000e+00
    outer loop
      vertex   -2.378283e+02 6.000000e+00 -2.435316e+02
      vertex   -2.335786e+02 6.000000e+00 -2.335786e+02
      vertex   -2.278552e+02 6.000000e+00 -2.395437e+02
    endloop
  endfacet
  facet normal -0.000000e+00 1.000000e+00 0.000000e+00
    outer loop
      vertex   -2.378283e+02 6.000000e+00 -2.435316e+02
      vertex   -2.278552e+02 6.000000e+00 -2.395437e+02
      vertex   -2.323723e+02 6.000000e+00 -2.494718e+02
    endloop
  endfacet
  facet normal 0.000000e+00 1.000000e+00 0.000000e+00
    outer loop
      vertex   -2.323723e+02 6.000000e+00 -2.494718e+02
      vertex   -2.278552e+02 6.000000e+00 -2.395437e+02
      vertex   -2.223832e+02 6.000000e+00 -2.457402e+02
    endloop
  endfacet
  facet normal -0.000000e+00 1.000000e+00 0.000000e+00
    outer loop
      vertex   -2.323723e+02 6.000000e+00 -2.494718e+02
      vertex   -2.223832e+02 6.000000e+00 -2.457402e+02
      vertex   -2.271732e+02 6.000000e+00 -2.556382e+02
    endloop
  endfacet
  facet normal 0.000000e+00 1.000000e+00 0.000000e+00
    outer loop
      vertex   -2.271732e+02 6.000000e+00 -2.556382e+02
      vertex   -2.223832e+02 6.000000e+00 -2.457402e+02
      vertex   -2.171719e+02 6.000000e+00 -2.521575e+02
    endloop
  endfacet
  facet normal -0.000000e+00 1.000000e+00 0.000000e+00
    outer loop
      vertex   -2.271732e+02 6.000000e+00 -2.556382e+02
      vertex   -2.171719e+02 6.000000e+00 -2.521575e+02
      vertex   -2.222405e+02 6.000000e+00 -2.620197e+02
    endloop
  endfacet
  facet normal 0.000000e+00 1.000000e+00 0.000000e+00
    outer loop
      vertex   -2.222405e+02 6.000000e+00 -2.620197e+02
      vertex   -2.171719e+02 6.000000e+00 -2.521575e+02
      vertex   -2.122303e+02 6.000000e+00 -2.587846e+02
    endloop
  endfacet
  facet normal -0.000000e+00 1.000000e+00 0.000000e+00
    outer loop
      vertex   -2.222405e+02 6.000000e+00 -2.620197e+02
      vertex   -2.122303e+02 6.000000e+00 -2.587846e+02
      vertex   -2.175832e+02 6.000000e+00 -2.686048e+02
    endloop
  endfacet
  facet normal 0.000000e+00 1.000000e+00 0.000000e+00
    outer loop
      vertex   -2.175832e+02 6.000000e+00 -2.686048e+02
      vertex   -2.122303e+02 6.000000e+00 -2.587846e+02
      vertex   -2.075667e+02 6.000000e+00 -2.656104e+02
    endloop
  endfacet
  facet normal -0.000000e+00 1.000000e+00 0.000000e+00
    outer loop
      vertex   -2.175832e+02 6.000000e+00 -2.686048e+02
      vertex   -2.075667e+02 6.000000e+00 -2.656104e+02
      vertex   -2.132095e+02 6.000000e+00 -2.753816e+02
    endloop
  endfacet
  facet normal 0.000000e+00 1.000000e+00 0.000000e+00
    outer loop
      vertex   -2.132095e+02 6.000000e+00 -2.753816e+02
      vertex   -2.075667e+02 6.000000e+00 -2.656104e+02
      vertex   -2.031892e+02 6.000000e+00 -2.726230e+02
    endloop
  endfacet
  facet normal -0.000000e+00 1.000000e+00 0.000000e+00
    outer loop
      vertex   -2.132095e+02 6.000000e+00 -2.753816e+02
      vertex   -2.031892e+02 6.000000e+00 -2.726230e+02
      vertex   -2.091273e+02 6.000000e+00 -2.823380e+02
    endloop
  endfacet
  facet normal 0.000000e+00 1.000000e+00 0.000000e+00
    outer loop
      vertex   -2.091273e+02 6.000000e+00 -2.823380e+02
      vertex   -2.031892e+02 6.000000e+00 -2.726230e+02
      vertex   -1.991052e+02 6.000000e+00 -2.798105e+02
    endloop
  endfacet
  facet normal -0.000000e+00 1.000000e+00 0.000000e+00
    outer loop
      vertex   -2.091273e+02 6.000000e+00 -2.823380e+02
      vertex   -1.991052e+02 6.000000e+00 -2.798105e+02
      vertex   -2.053441e+02 6.000000e+00 -2.894613e+02
    endloop
  endfacet
  facet normal 0.000000e+00 1.000000e+00 0.000000e+00
    outer loop
      vertex   -2.053441e+02 6.000000e+00 -2.894613e+02
      vertex   -1.991052e+02 6.000000e+00 -2.798105e+02
      vertex   -1.953218e+02 6.000000e+00 -2.871607e+02
    endloop
  endfacet
  facet normal -0.000000e+00 1.000000e+00 0.000000e+00
    outer loop
      vertex   -2.053441e+02 6.000000e+00 -2.894613e+02
      vertex   -1.953218e+02 6.000000e+00 -2.871607e+02
      vertex   -2.018666e+02 6.000000e+00 -2.967388e+02
    endloop
  endfacet
  facet normal 0.000000e+00 1.000000e+00 0.000000e+00
    outer loop
      vertex   -2.018666e+02 6.000000e+00 -2.967388e+02
      vertex   -1.953218e+02 6.000000e+00 -2.871607e+02
      vertex   -1.918453e+02 6.000000e+00 -2.946609e+02
    endloop
  endfacet
  facet normal -0.000000e+00 1.000000e+00 0.000000e+00
    outer loop
      vertex   -2.018666e+02 6.000000e+00 -2.967388e+02
      vertex   -1.918453e+02 6.000000e+00 -2.946609e+02
      vertex   -1.987011e+02 6.000000e+00 -3.041573e+02
    endloop
  endfacet
  facet normal 0.000000e+00 1.000000e+00 0.000000e+00
    outer loop
      vertex   -1.987011e+02 6.000000e+00 -3.041573e+02
      vertex   -1.918453e+02 6.000000e+00 -2.946609e+02
      vertex   -1.886818e+02 6.000000e+00 -3.022984e+02
    endloop
  endfacet
  facet normal -0.000000e+00 1.000000e+00 0.000000e+00
    outer loop
      vertex   -1.987011e+02 6.000000e+00 -3.041573e+02
      vertex   -1.886818e+02 6.000000e+00 -3.022984e+02
      vertex   -1.958533e+02 6.000000e+00 -3.117034e+02
    endloop
  endfacet
  facet normal 0.000000e+00 1.000000e+00 0.000000e+00
    outer loop
      vertex   -1.958533e+02 6.000000e+00 -3.117034e+02
      vertex   -1.886818e+02 6.000000e+00 -3.022984e+02
      vertex   -1.858366e+02 6.000000e+00 -3.100601e+02
    endloop
  endfacet
  facet normal -0.000000e+00 1.000000e+00 0.000000e+00
    outer loop
      vertex   -1.958533e+02 6.000000e+00 -3.117034e+02
      vertex   -1.858366e+02 6.000000e+00 -3.100601e+02
      vertex   -1.933283e+02 6.000000e+00 -3.193637e+02
    endloop
  endfacet
  facet normal 0.000000e+00 1.000000e+00 0.000000e+00
    outer loop
      vertex   -1.933283e+02 6.000000e+00 -3.193637e+02
      vertex   -1.858366e+02 6.000000e+00 -3.100601e+02
      vertex   -1.833145e+02 6.000000e+00 -3.179328e+02
    endloop
  endfacet
  facet normal -0.000000e+00 1.000000e+00 0.000000e+00
    outer loop
      vertex   -1.933283e+02 6.000000e+00 -3.193637e+02
      vertex   -1.833145e+02 6.000000e+00 -3.179328e+02
      vertex   -1.911307e+02 6.000000e+00 -3.271242e+02
    endloop
  endfacet
  facet normal 0.000000e+00 1.000000e+00 0.000000e+00
    outer loop
      vertex   -1.911307e+02 6.000000e+00 -3.271242e+02
      vertex   -1.833145e+02 6.000000e+00 -3.179328e+02
      vertex   -1.811199e+02 6.000000e+00 -3.259029e+02
    endloop
  endfacet
  facet normal -0.000000e+00 1.000000e+00 0.000000e+00
    outer loop
      vertex   -1.911307e+02 6.000000e+00 -3.271242e+02
      vertex   -1.811199e+02 6.000000e+00 -3.259029e+02
      vertex   -1.892645e+02 6.000000e+00 -3.349709e+02
    endloop
  endfacet
  facet normal 0.000000e+00 1.000000e+00 0.000000e+00
    outer loop
      vertex   -1.892645e+02 6.000000e+00 -3.349709e+02
      vertex   -1.811199e+02 6.000000e+00 -3.259029e+02
      vertex   -1.792566e+02 6.000000e+00 -3.339569e+02
    endloop
  endfacet
  facet normal -0.000000e+00 1.000000e+00 0.000000e+00
    outer loop
      vertex   -1.892645e+02 6.000000e+00 -3.349709e+02
      vertex   -1.792566e+02 6.000000e+00 -3.339569e+02
      vertex   -1.877330e+02 6.000000e+00 -3.428898e+02
    endloop
  endfacet
  facet normal 0.000000e+00 1.000000e+00 0.000000e+00
    outer loop
      vertex   -1.877330e+02 6.000000e+00 -3.428898e+02
      vertex   -1.792566e+02 6.000000e+00 -3.339569e+02
      vertex   -1.777277e+02 6.000000e+00 -3.420811e+02
    endloop
  endfacet
  facet normal -0.000000e+00 1.000000e+00 0.000000e+00
    outer loop
      vertex   -1.877330e+02 6.000000e+00 -3.428898e+02
      vertex   -1.777277e+02 6.000000e+00 -3.420811e+02
      vertex   -1.865389e+02 6.000000e+00 -3.508666e+02
    endloop
  endfacet
  facet normal 0.000000e+00 1.000000e+00 0.000000e+00
    outer loop
      vertex   -1.865389e+02 6.000000e+00 -3.508666e+02
      vertex   -1.777277e+02 6.000000e+00 -3.420811e+02
      vertex   -1.765359e+02 6.000000e+00 -3.502615e+02
    endloop
  endfacet
  facet normal -0.000000e+00 1.000000e+00 0.000000e+00
    outer loop
      vertex   -1.865389e+02 6.000000e+00 -3.508666e+02
      vertex   -1.765359e+02 6.000000e+00 -3.502615e+02
      vertex   -1.856845e+02 6.000000e+00 -3.588869e+02
    endloop
  endfacet
  facet normal 0.000000e+00 1.000000e+00 0.000000e+00
    outer loop
      vertex   -1.856845e+02 6.000000e+00 -3.588869e+02
      vertex   -1.765359e+02 6.000000e+00 -3.502615e+02
      vertex   -1.756831e+02 6.000000e+00 -3.584841e+02
    endloop
  endfacet
  facet normal -0.000000e+00 1.000000e+00 0.000000e+00
    outer loop
      vertex   -1.856845e+02 6.000000e+00 -3.588869e+02
      vertex   -1.756831e+02 6.000000e+00 -3.584841e+02
      vertex   -1.851712e+02 6.000000e+00 -3.669362e+02
    endloop
  endfacet
  facet normal 0.000000e+00 1.000000e+00 0.000000e+00
    outer loop
      vertex   -1.851712e+02 6.000000e+00 -3.669362e+02
      vertex   -1.756831e+02 6.000000e+00 -3.584841e+02
      vertex   -1.751708e+02 6.000000e+00 -3.667350e+02
    endloop
  endfacet
  facet normal -0.000000e+00 1.000000e+00 0.000000e+00
    outer loop
      vertex   -1.851712e+02 6.000000e+00 -3.669362e+02
      vertex   -1.751708e+02 6.000000e+00 -3.667350e+02
      vertex   -1.850000e+02 6.000000e+00 -3.750000e+02
    endloop
  endfacet
  facet normal 0.000000e+00 1.000000e+00 0.000000e+00
    outer loop
      vertex   -1.850000e+02 6.000000e+00 -3.750000e+02
      vertex   -1.751708e+02 6.000000e+00 -3.667350e+02
      vertex   -1.750000e+02 6.000000e+00 -3.750000e+02
    endloop
  endfacet
  facet normal 0.000000e+00 0.000000e+00 -1.000000e+00
    outer loop
      vertex   -1.850000e+02 6.000000e+00 -3.750000e+02
      vertex   -1.860000e+02 1.700000e+01 -3.750000e+02
      vertex   -1.850000e+02 1.800000e+01 -3.750000e+02
    endloop
  endfacet
  facet normal 0.000000e+00 0.000000e+00 -1.000000e+00
    outer loop
      vertex   -1.850000e+02 1.800000e+01 -3.750000e+02
      vertex   -1.860000e+02 1.700000e+01 -3.750000e+02
      vertex   -1.938000e+02 1.700000e+01 -3.750000e+02
    endloop
  endfacet
  facet normal -0.000000e+00 0.000000e+00 -1.000000e+00
    outer loop
      vertex   -1.850000e+02 1.800000e+01 -3.750000e+02
      vertex   -1.938000e+02 1.700000e+01 -3.750000e+02
      vertex   -1.948000e+02 1.800000e+01 -3.750000e+02
    endloop
  endfacet
  facet normal 0.000000e+00 0.000000e+00 -1.000000e+00
    outer loop
      vertex   -1.948000e+02 1.800000e+01 -3.750000e+02
      vertex   -1.938000e+02 1.700000e+01 -3.750000e+02
      vertex   -1.948000e+02 4.000000e+00 -3.750000e+02
    endloop
  endfacet
  facet normal 0.000000e+00 0.000000e+00 -1.000000e+00
    outer loop
      vertex   -1.948000e+02 4.000000e+00 -3.750000e+02
      vertex   -1.938000e+02 1.700000e+01 -3.750000e+02
      vertex   -1.938000e+02 4.000000e+00 -3.750000e+02
    endloop
  endfacet
  facet normal -0.000000e+00 0.000000e+00 -1.000000e+00
    outer loop
      vertex   -1.750000e+02 6.000000e+00 -3.750000e+02
      vertex   -1.760000e+02 5.000000e+00 -3.750000e+02
      vertex   -1.850000e+02 6.000000e+00 -3.750000e+02
    endloop
  endfacet
  facet normal 0.000000e+00 -0.000000e+00 -1.000000e+00
    outer loop
      vertex   -1.850000e+02 6.000000e+00 -3.750000e+02
      vertex   -1.760000e+02 5.000000e+00 -3.750000e+02
      vertex   -1.860000e+02 5.000000e+00 -3.750000e+02
    endloop
  endfacet
  facet normal -0.000000e+00 0.000000e+00 -1.000000e+00
    outer loop
      vertex   -1.850000e+02 6.000000e+00 -3.750000e+02
      vertex   -1.860000e+02 5.000000e+00 -3.750000e+02
      vertex   -1.860000e+02 1.700000e+01 -3.750000e+02
    endloop
  endfacet
  facet normal 0.000000e+00 -0.000000e+00 -1.000000e+00
    outer loop
      vertex   -1.750000e+02 6.000000e+00 -3.750000e+02
      vertex   -1.750000e+02 4.000000e+00 -3.750000e+02
      vertex   -1.760000e+02 5.000000e+00 -3.750000e+02
    endloop
  endfacet
  facet normal 0.000000e+00 0.000000e+00 -1.000000e+00
    outer loop
      vertex   -1.760000e+02 5.000000e+00 -3.750000e+02
      vertex   -1.750000e+02 4.000000e+00 -3.750000e+02
      vertex   -1.760000e+02 4.000000e+00 -3.750000e+02
    endloop
  endfacet
  facet normal -0.000000e+00 -1.000000e+00 -6.217053e-15
    outer loop
      vertex   -1.750000e+02 4.000000e+00 -3.750000e+02
      vertex   -1.750025e+02 4.000000e+00 -3.740000e+02
      vertex   -1.760000e+02 4.000000e+00 -3.750000e+02
    endloop
  endfacet
  facet normal -2.088379e-21 -1.000000e+00 -6.217051e-15
    outer loop
      vertex   -1.760000e+02 4.000000e+00 -3.750000e+02
      vertex   -1.750025e+02 4.000000e+00 -3.740000e+02
      vertex   -1.760025e+02 4.000000e+00 -3.740000e+02
    endloop
  endfacet
  facet normal -2.685127e-21 -1.000000e+00 -7.993554e-15
    outer loop
      vertex   -1.760025e+02 4.000000e+00 -3.740000e+02
      vertex   -1.750025e+02 4.000000e+00 -3.740000e+02
      vertex   -1.750100e+02 4.000000e+00 -3.730000e+02
    endloop
  endfacet
  facet normal -3.356256e-21 -1.000000e+00 -7.993553e-15
    outer loop
      vertex   -1.760025e+02 4.000000e+00 -3.740000e+02
      vertex   -1.750100e+02 4.000000e+00 -3.730000e+02
      vertex   -1.760101e+02 4.000000e+00 -3.730000e+02
    endloop
  endfacet
  facet normal 1.566331e-20 -1.000000e+00 3.730512e-14
    outer loop
      vertex   -1.760101e+02 4.000000e+00 -3.730000e+02
      vertex   -1.750100e+02 4.000000e+00 -3.730000e+02
      vertex   -1.750225e+02 4.000000e+00 -3.720000e+02
    endloop
  endfacet
  facet normal 0.000000e+00 -1.000000e+00 3.730513e-14
    outer loop
      vertex   -1.760101e+02 4.000000e+00 -3.730000e+02
      vertex   -1.750225e+02 4.000000e+00 -3.720000e+02
      vertex   -1.760226e+02 4.000000e+00 -3.720000e+02
    endloop
  endfacet
  facet normal -1.080027e-16 -1.000000e+00 -0.000000e+00
    outer loop
      vertex   -3.750000e+02 5.000000e+00 -1.760000e+02
      vertex   -3.750000e+02 5.000000e+00 -1.860000e+02
      vertex   -3.667763e+02 5.000000e+00 -1.761700e+02
    endloop
  endfacet
  facet normal -1.106788e-16 -1.000000e+00 2.238770e-18
    outer loop
      vertex   -3.667763e+02 5.000000e+00 -1.761700e+02
      vertex   -3.750000e+02 5.000000e+00 -1.860000e+02
      vertex   -3.669786e+02 5.000000e+00 -1.861703e+02
    endloop
  endfacet
  facet normal 0.000000e+00 -1.000000e+00 -0.000000e+00
    outer loop
      vertex   -3.667763e+02 5.000000e+00 -1.761700e+02
      vertex   -3.669786e+02 5.000000e+00 -1.861703e+02
      vertex   -3.585667e+02 5.000000e+00 -1.766797e+02
    endloop
  endfacet
  facet normal 0.000000e+00 -1.000000e+00 0.000000e+00
    outer loop
      vertex   -3.585667e+02 5.000000e+00 -1.766797e+02
      vertex   -3.669786e+02 5.000000e+00 -1.861703e+02
      vertex   -3.589717e+02 5.000000e+00 -1.866809e+02
    endloop
  endfacet
  facet normal 0.000000e+00 -1.000000e+00 -0.000000e+00
    outer loop
      vertex   -3.585667e+02 5.000000e+00 -1.766797e+02
      vertex   -3.589717e+02 5.000000e+00 -1.866809e+02
      vertex   -3.503852e+02 5.000000e+00 -1.775282e+02
    endloop
  endfacet
  facet normal 0.000000e+00 -1.000000e+00 0.000000e+00
    outer loop
      vertex   -3.503852e+02 5.000000e+00 -1.775282e+02
      vertex   -3.589717e+02 5.000000e+00 -1.866809e+02
      vertex   -3.509936e+02 5.000000e+00 -1.875308e+02
    endloop
  endfacet
  facet normal 0.000000e+00 -1.000000e+00 -0.000000e+00
    outer loop
      vertex   -3.503852e+02 5.000000e+00 -1.775282e+02
      vertex   -3.509936e+02 5.000000e+00 -1.875308e+02
      vertex   -3.422457e+02 5.000000e+00 -1.787141e+02
    endloop
  endfacet
  facet normal 0.000000e+00 -1.000000e+00 0.000000e+00
    outer loop
      vertex   -3.422457e+02 5.000000e+00 -1.787141e+02
      vertex   -3.509936e+02 5.000000e+00 -1.875308e+02
      vertex   -3.430588e+02 5.000000e+00 -1.887186e+02
    endloop
  endfacet
  facet normal 0.000000e+00 -1.000000e+00 -0.000000e+00
    outer loop
      vertex   -3.422457e+02 5.000000e+00 -1.787141e+02
      vertex   -3.430588e+02 5.000000e+00 -1.887186e+02
      vertex   -3.341621e+02 5.000000e+00 -1.802353e+02
    endloop
  endfacet
  facet normal 0.000000e+00 -1.000000e+00 0.000000e+00
    outer loop
      vertex   -3.341621e+02 5.000000e+00 -1.802353e+02
      vertex   -3.430588e+02 5.000000e+00 -1.887186e+02
      vertex   -3.351816e+02 5.000000e+00 -1.902421e+02
    endloop
  endfacet
  facet normal 0.000000e+00 -1.000000e+00 -0.000000e+00
    outer loop
      vertex   -3.341621e+02 5.000000e+00 -1.802353e+02
      vertex   -3.351816e+02 5.000000e+00 -1.902421e+02
      vertex   -3.261484e+02 5.000000e+00 -1.820893e+02
    endloop
  endfacet
  facet normal 0.000000e+00 -1.000000e+00 0.000000e+00
    outer loop
      vertex   -3.261484e+02 5.000000e+00 -1.820893e+02
      vertex   -3.351816e+02 5.000000e+00 -1.902421e+02
      vertex   -3.273761e+02 5.000000e+00 -1.920985e+02
    endloop
  endfacet
  facet normal 0.000000e+00 -1.000000e+00 -0.000000e+00
    outer loop
      vertex   -3.261484e+02 5.000000e+00 -1.820893e+02
      vertex   -3.273761e+02 5.000000e+00 -1.920985e+02
      vertex   -3.182181e+02 5.000000e+00 -1.842729e+02
    endloop
  endfacet
  facet normal 0.000000e+00 -1.000000e+00 0.000000e+00
    outer loop
      vertex   -3.182181e+02 5.000000e+00 -1.842729e+02
      vertex   -3.273761e+02 5.000000e+00 -1.920985e+02
      vertex   -3.196565e+02 5.000000e+00 -1.942845e+02
    endloop
  endfacet
  facet normal 0.000000e+00 -1.000000e+00 -0.000000e+00
    outer loop
      vertex   -3.182181e+02 5.000000e+00 -1.842729e+02
      vertex   -3.196565e+02 5.000000e+00 -1.942845e+02
      vertex   -3.103848e+02 5.000000e+00 -1.867824e+02
    endloop
  endfacet
  facet normal 0.000000e+00 -1.000000e+00 0.000000e+00
    outer loop
      vertex   -3.103848e+02 5.000000e+00 -1.867824e+02
      vertex   -3.196565e+02 5.000000e+00 -1.942845e+02
      vertex   -3.120366e+02 5.000000e+00 -1.967962e+02
    endloop
  endfacet
  facet normal 0.000000e+00 -1.000000e+00 -0.000000e+00
    outer loop
      vertex   -3.103848e+02 5.000000e+00 -1.867824e+02
      vertex   -3.120366e+02 5.000000e+00 -1.967962e+02
      vertex   -3.026619e+02 5.000000e+00 -1.896134e+02
    endloop
  endfacet
  facet normal 0.000000e+00 -1.000000e+00 0.000000e+00
    outer loop
      vertex   -3.026619e+02 5.000000e+00 -1.896134e+02
      vertex   -3.120366e+02 5.000000e+00 -1.967962e+02
      vertex   -3.045301e+02 5.000000e+00 -1.996290e+02
    endloop
  endfacet
  facet normal 0.000000e+00 -1.000000e+00 -0.000000e+00
    outer loop
      vertex   -3.026619e+02 5.000000e+00 -1.896134e+02
      vertex   -3.045301e+02 5.000000e+00 -1.996290e+02
      vertex   -2.950626e+02 5.000000e+00 -1.927611e+02
    endloop
  endfacet
  facet normal 0.000000e+00 -1.000000e+00 0.000000e+00
    outer loop
      vertex   -2.950626e+02 5.000000e+00 -1.927611e+02
      vertex   -3.045301e+02 5.000000e+00 -1.996290e+02
      vertex   -2.971507e+02 5.000000e+00 -2.027778e+02
    endloop
  endfacet
  facet normal 0.000000e+00 -1.000000e+00 -0.000000e+00
    outer loop
      vertex   -2.950626e+02 5.000000e+00 -1.927611e+02
      vertex   -2.971507e+02 5.000000e+00 -2.027778e+02
      vertex   -2.875999e+02 5.000000e+00 -1.962202e+02
    endloop
  endfacet
  facet normal 0.000000e+00 -1.000000e+00 0.000000e+00
    outer loop
      vertex   -2.875999e+02 5.000000e+00 -1.962202e+02
      vertex   -2.971507e+02 5.000000e+00 -2.027778e+02
      vertex   -2.899115e+02 5.000000e+00 -2.062370e+02
    endloop
  endfacet
  facet normal 0.000000e+00 -1.000000e+00 -0.000000e+00
    outer loop
      vertex   -2.875999e+02 5.000000e+00 -1.962202e+02
      vertex   -2.899115e+02 5.000000e+00 -2.062370e+02
      vertex   -2.802865e+02 5.000000e+00 -1.999847e+02
    endloop
  endfacet
  facet normal 0.000000e+00 -1.000000e+00 0.000000e+00
    outer loop
      vertex   -2.802865e+02 5.000000e+00 -1.999847e+02
      vertex   -2.899115e+02 5.000000e+00 -2.062370e+02
      vertex   -2.828257e+02 5.000000e+00 -2.100003e+02
    endloop
  endfacet
  facet normal 0.000000e+00 -1.000000e+00 -0.000000e+00
    outer loop
      vertex   -2.802865e+02 5.000000e+00 -1.999847e+02
      vertex   -2.828257e+02 5.000000e+00 -2.100003e+02
      vertex   -2.731349e+02 5.000000e+00 -2.040483e+02
    endloop
  endfacet
  facet normal 0.000000e+00 -1.000000e+00 0.000000e+00
    outer loop
      vertex   -2.731349e+02 5.000000e+00 -2.040483e+02
      vertex   -2.828257e+02 5.000000e+00 -2.100003e+02
      vertex   -2.759059e+02 5.000000e+00 -2.140610e+02
    endloop
  endfacet
  facet normal 0.000000e+00 -1.000000e+00 -0.000000e+00
    outer loop
      vertex   -2.731349e+02 5.000000e+00 -2.040483e+02
      vertex   -2.759059e+02 5.000000e+00 -2.140610e+02
      vertex   -2.661573e+02 5.000000e+00 -2.084039e+02
    endloop
  endfacet
  facet normal 0.000000e+00 -1.000000e+00 0.000000e+00
    outer loop
      vertex   -2.661573e+02 5.000000e+00 -2.084039e+02
      vertex   -2.759059e+02 5.000000e+00 -2.140610e+02
      vertex   -2.691648e+02 5.000000e+00 -2.184117e+02
    endloop
  endfacet
  facet normal 0.000000e+00 -1.000000e+00 -0.000000e+00
    outer loop
      vertex   -2.661573e+02 5.000000e+00 -2.084039e+02
      vertex   -2.691648e+02 5.000000e+00 -2.184117e+02
      vertex   -2.593657e+02 5.000000e+00 -2.130441e+02
    endloop
  endfacet
  facet normal 0.000000e+00 -1.000000e+00 0.000000e+00
    outer loop
      vertex   -2.593657e+02 5.000000e+00 -2.130441e+02
      vertex   -2.691648e+02 5.000000e+00 -2.184117e+02
      vertex   -2.626143e+02 5.000000e+00 -2.230445e+02
    endloop
  endfacet
  facet normal 0.000000e+00 -1.000000e+00 -0.000000e+00
    outer loop
      vertex   -2.593657e+02 5.000000e+00 -2.130441e+02
      vertex   -2.626143e+02 5.000000e+00 -2.230445e+02
      vertex   -2.527717e+02 5.000000e+00 -2.179610e+02
    endloop
  endfacet
  facet normal 0.000000e+00 -1.000000e+00 0.000000e+00
    outer loop
      vertex   -2.527717e+02 5.000000e+00 -2.179610e+02
      vertex   -2.626143e+02 5.000000e+00 -2.230445e+02
      vertex   -2.562664e+02 5.000000e+00 -2.279512e+02
    endloop
  endfacet
  facet normal 0.000000e+00 -1.000000e+00 -0.000000e+00
    outer loop
      vertex   -2.527717e+02 5.000000e+00 -2.179610e+02
      vertex   -2.562664e+02 5.000000e+00 -2.279512e+02
      vertex   -2.463865e+02 5.000000e+00 -2.231463e+02
    endloop
  endfacet
  facet normal 0.000000e+00 -1.000000e+00 0.000000e+00
    outer loop
      vertex   -2.463865e+02 5.000000e+00 -2.231463e+02
      vertex   -2.562664e+02 5.000000e+00 -2.279512e+02
      vertex   -2.501325e+02 5.000000e+00 -2.331229e+02
    endloop
  endfacet
  facet normal 0.000000e+00 -1.000000e+00 -0.000000e+00
    outer loop
      vertex   -2.463865e+02 5.000000e+00 -2.231463e+02
      vertex   -2.501325e+02 5.000000e+00 -2.331229e+02
      vertex   -2.402210e+02 5.000000e+00 -2.285909e+02
    endloop
  endfacet
  facet normal 0.000000e+00 -1.000000e+00 0.000000e+00
    outer loop
      vertex   -2.402210e+02 5.000000e+00 -2.285909e+02
      vertex   -2.501325e+02 5.000000e+00 -2.331229e+02
      vertex   -2.442236e+02 5.000000e+00 -2.385503e+02
    endloop
  endfacet
  facet normal 0.000000e+00 -1.000000e+00 -0.000000e+00
    outer loop
      vertex   -2.402210e+02 5.000000e+00 -2.285909e+02
      vertex   -2.442236e+02 5.000000e+00 -2.385503e+02
      vertex   -2.342858e+02 5.000000e+00 -2.342858e+02
    endloop
  endfacet
  facet normal 0.000000e+00 -1.000000e+00 0.000000e+00
    outer loop
      vertex   -2.342858e+02 5.000000e+00 -2.342858e+02
      vertex   -2.442236e+02 5.000000e+00 -2.385503e+02
      vertex   -2.385503e+02 5.000000e+00 -2.442236e+02
    endloop
  endfacet
  facet normal 0.000000e+00 -1.000000e+00 -0.000000e+00
    outer loop
      vertex   -2.342858e+02 5.000000e+00 -2.342858e+02
      vertex   -2.385503e+02 5.000000e+00 -2.442236e+02
      vertex   -2.285909e+02 5.000000e+00 -2.402210e+02
    endloop
  endfacet
  facet normal 0.000000e+00 -1.000000e+00 0.000000e+00
    outer loop
      vertex   -2.285909e+02 5.000000e+00 -2.402210e+02
      vertex   -2.385503e+02 5.000000e+00 -2.442236e+02
      vertex   -2.331229e+02 5.000000e+00 -2.501325e+02
    endloop
  endfacet
  facet normal 0.000000e+00 -1.000000e+00 -0.000000e+00
    outer loop
      vertex   -2.285909e+02 5.000000e+00 -2.402210e+02
      vertex   -2.331229e+02 5.000000e+00 -2.501325e+02
      vertex   -2.231463e+02 5.000000e+00 -2.463865e+02
    endloop
  endfacet
  facet normal 0.000000e+00 -1.000000e+00 0.000000e+00
    outer loop
      vertex   -2.231463e+02 5.000000e+00 -2.463865e+02
      vertex   -2.331229e+02 5.000000e+00 -2.501325e+02
      vertex   -2.279512e+02 5.000000e+00 -2.562664e+02
    endloop
  endfacet
  facet normal 0.000000e+00 -1.000000e+00 -0.000000e+00
    outer loop
      vertex   -2.231463e+02 5.000000e+00 -2.463865e+02
      vertex   -2.279512e+02 5.000000e+00 -2.562664e+02
      vertex   -2.179610e+02 5.000000e+00 -2.527717e+02
    endloop
  endfacet
  facet normal 0.000000e+00 -1.000000e+00 0.000000e+00
    outer loop
      vertex   -2.179610e+02 5.000000e+00 -2.527717e+02
      vertex   -2.279512e+02 5.000000e+00 -2.562664e+02
      vertex   -2.230445e+02 5.000000e+00 -2.626143e+02
    endloop
  endfacet
  facet normal 0.000000e+00 -1.000000e+00 -0.000000e+00
    outer loop
      vertex   -2.179610e+02 5.000000e+00 -2.527717e+02
      vertex   -2.230445e+02 5.000000e+00 -2.626143e+02
      vertex   -2.130441e+02 5.000000e+00 -2.593657e+02
    endloop
  endfacet
  facet normal 0.000000e+00 -1.000000e+00 0.000000e+00
    outer loop
      vertex   -2.130441e+02 5.000000e+00 -2.593657e+02
      vertex   -2.230445e+02 5.000000e+00 -2.626143e+02
      vertex   -2.184117e+02 5.000000e+00 -2.691648e+02
    endloop
  endfacet
  facet normal 0.000000e+00 -1.000000e+00 -0.000000e+00
    outer loop
      vertex   -2.130441e+02 5.000000e+00 -2.593657e+02
      vertex   -2.184117e+02 5.000000e+00 -2.691648e+02
      vertex   -2.084039e+02 5.000000e+00 -2.661573e+02
    endloop
  endfacet
  facet normal 0.000000e+00 -1.000000e+00 0.000000e+00
    outer loop
      vertex   -2.084039e+02 5.000000e+00 -2.661573e+02
      vertex   -2.184117e+02 5.000000e+00 -2.691648e+02
      vertex   -2.140610e+02 5.000000e+00 -2.759059e+02
    endloop
  endfacet
  facet normal 0.000000e+00 -1.000000e+00 -0.000000e+00
    outer loop
      vertex   -2.084039e+02 5.000000e+00 -2.661573e+02
      vertex   -2.140610e+02 5.000000e+00 -2.759059e+02
      vertex   -2.040483e+02 5.000000e+00 -2.731349e+02
    endloop
  endfacet
  facet normal 0.000000e+00 -1.000000e+00 0.000000e+00
    outer loop
      vertex   -2.040483e+02 5.000000e+00 -2.731349e+02
      vertex   -2.140610e+02 5.000000e+00 -2.759059e+02
      vertex   -2.100003e+02 5.000000e+00 -2.828257e+02
    endloop
  endfacet
  facet normal 0.000000e+00 -1.000000e+00 -0.000000e+00
    outer loop
      vertex   -2.040483e+02 5.000000e+00 -2.731349e+02
      vertex   -2.100003e+02 5.000000e+00 -2.828257e+02
      vertex   -1.999847e+02 5.000000e+00 -2.802865e+02
    endloop
  endfacet
  facet normal 0.000000e+00 -1.000000e+00 0.000000e+00
    outer loop
      vertex   -1.999847e+02 5.000000e+00 -2.802865e+02
      vertex   -2.100003e+02 5.000000e+00 -2.828257e+02
      vertex   -2.062370e+02 5.000000e+00 -2.899115e+02
    endloop
  endfacet
  facet normal 0.000000e+00 -1.000000e+00 -0.000000e+00
    outer loop
      vertex   -1.999847e+02 5.000000e+00 -2.802865e+02
      vertex   -2.062370e+02 5.000000e+00 -2.899115e+02
      vertex   -1.962202e+02 5.000000e+00 -2.875999e+02
    endloop
  endfacet
  facet normal 0.000000e+00 -1.000000e+00 0.000000e+00
    outer loop
      vertex   -1.962202e+02 5.000000e+00 -2.875999e+02
      vertex   -2.062370e+02 5.000000e+00 -2.899115e+02
      vertex   -2.027778e+02 5.000000e+00 -2.971507e+02
    endloop
  endfacet
  facet normal 0.000000e+00 -1.000000e+00 -0.000000e+00
    outer loop
      vertex   -1.962202e+02 5.000000e+00 -2.875999e+02
      vertex   -2.027778e+02 5.000000e+00 -2.971507e+02
      vertex   -1.927611e+02 5.000000e+00 -2.950626e+02
    endloop
  endfacet
  facet normal 0.000000e+00 -1.000000e+00 0.000000e+00
    outer loop
      vertex   -1.927611e+02 5.000000e+00 -2.950626e+02
      vertex   -2.027778e+02 5.000000e+00 -2.971507e+02
      vertex   -1.996290e+02 5.000000e+00 -3.045301e+02
    endloop
  endfacet
  facet normal 0.000000e+00 -1.000000e+00 -0.000000e+00
    outer loop
      vertex   -1.927611e+02 5.000000e+00 -2.950626e+02
      vertex   -1.996290e+02 5.000000e+00 -3.045301e+02
      vertex   -1.896134e+02 5.000000e+00 -3.026619e+02
    endloop
  endfacet
  facet normal 0.000000e+00 -1.000000e+00 0.000000e+00
    outer loop
      vertex   -1.896134e+02 5.000000e+00 -3.026619e+02
      vertex   -1.996290e+02 5.000000e+00 -3.045301e+02
      vertex   -1.967962e+02 5.000000e+00 -3.120366e+02
    endloop
  endfacet
  facet normal 0.000000e+00 -1.000000e+00 -0.000000e+00
    outer loop
      vertex   -1.896134e+02 5.000000e+00 -3.026619e+02
      vertex   -1.967962e+02 5.000000e+00 -3.120366e+02
      vertex   -1.867824e+02 5.000000e+00 -3.103848e+02
    endloop
  endfacet
  facet normal 0.000000e+00 -1.000000e+00 0.000000e+00
    outer loop
      vertex   -1.867824e+02 5.000000e+00 -3.103848e+02
      vertex   -1.967962e+02 5.000000e+00 -3.120366e+02
      vertex   -1.942845e+02 5.000000e+00 -3.196565e+02
    endloop
  endfacet
  facet normal 0.000000e+00 -1.000000e+00 -0.000000e+00
    outer loop
      vertex   -1.867824e+02 5.000000e+00 -3.103848e+02
      vertex   -1.942845e+02 5.000000e+00 -3.196565e+02
      vertex   -1.842729e+02 5.000000e+00 -3.182181e+02
    endloop
  endfacet
  facet normal 0.000000e+00 -1.000000e+00 0.000000e+00
    outer loop
      vertex   -1.842729e+02 5.000000e+00 -3.182181e+02
      vertex   -1.942845e+02 5.000000e+00 -3.196565e+02
      vertex   -1.920985e+02 5.000000e+00 -3.273761e+02
    endloop
  endfacet
  facet normal 0.000000e+00 -1.000000e+00 -0.000000e+00
    outer loop
      vertex   -1.842729e+02 5.000000e+00 -3.182181e+02
      vertex   -1.920985e+02 5.000000e+00 -3.273761e+02
      vertex   -1.820893e+02 5.000000e+00 -3.261484e+02
    endloop
  endfacet
  facet normal 0.000000e+00 -1.000000e+00 0.000000e+00
    outer loop
      vertex   -1.820893e+02 5.000000e+00 -3.261484e+02
      vertex   -1.920985e+02 5.000000e+00 -3.273761e+02
      vertex   -1.902421e+02 5.000000e+00 -3.351816e+02
    endloop
  endfacet
  facet normal 0.000000e+00 -1.000000e+00 -0.000000e+00
    outer loop
      vertex   -1.820893e+02 5.000000e+00 -3.261484e+02
      vertex   -1.902421e+02 5.000000e+00 -3.351816e+02
      vertex   -1.802353e+02 5.000000e+00 -3.341621e+02
    endloop
  endfacet
  facet normal 0.000000e+00 -1.000000e+00 0.000000e+00
    outer loop
      vertex   -1.802353e+02 5.000000e+00 -3.341621e+02
      vertex   -1.902421e+02 5.000000e+00 -3.351816e+02
      vertex   -1.887186e+02 5.000000e+00 -3.430588e+02
    endloop
  endfacet
  facet normal 0.000000e+00 -1.000000e+00 -0.000000e+00
    outer loop
      vertex   -1.802353e+02 5.000000e+00 -3.341621e+02
      vertex   -1.887186e+02 5.000000e+00 -3.430588e+02
      vertex   -1.787141e+02 5.000000e+00 -3.422457e+02
    endloop
  endfacet
  facet normal 0.000000e+00 -1.000000e+00 0.000000e+00
    outer loop
      vertex   -1.787141e+02 5.000000e+00 -3.422457e+02
      vertex   -1.887186e+02 5.000000e+00 -3.430588e+02
      vertex   -1.875308e+02 5.000000e+00 -3.509936e+02
    endloop
  endfacet
  facet normal 0.000000e+00 -1.000000e+00 -0.000000e+00
    outer loop
      vertex   -1.787141e+02 5.000000e+00 -3.422457e+02
      vertex   -1.875308e+02 5.000000e+00 -3.509936e+02
      vertex   -1.775282e+02 5.000000e+00 -3.503852e+02
    endloop
  endfacet
  facet normal 0.000000e+00 -1.000000e+00 0.000000e+00
    outer loop
      vertex   -1.775282e+02 5.000000e+00 -3.503852e+02
      vertex   -1.875308e+02 5.000000e+00 -3.509936e+02
      vertex   -1.866809e+02 5.000000e+00 -3.589717e+02
    endloop
  endfacet
  facet normal 0.000000e+00 -1.000000e+00 -0.000000e+00
    outer loop
      vertex   -1.775282e+02 5.000000e+00 -3.503852e+02
      vertex   -1.866809e+02 5.000000e+00 -3.589717e+02
      vertex   -1.766797e+02 5.000000e+00 -3.585667e+02
    endloop
  endfacet
  facet normal 0.000000e+00 -1.000000e+00 0.000000e+00
    outer loop
      vertex   -1.766797e+02 5.000000e+00 -3.585667e+02
      vertex   -1.866809e+02 5.000000e+00 -3.589717e+02
      vertex   -1.861703e+02 5.000000e+00 -3.669786e+02
    endloop
  endfacet
  facet normal 0.000000e+00 -1.000000e+00 -0.000000e+00
    outer loop
      vertex   -1.766797e+02 5.000000e+00 -3.585667e+02
      vertex   -1.861703e+02 5.000000e+00 -3.669786e+02
      vertex   -1.761700e+02 5.000000e+00 -3.667763e+02
    endloop
  endfacet
  facet normal 2.238770e-18 -1.000000e+00 -1.106788e-16
    outer loop
      vertex   -1.761700e+02 5.000000e+00 -3.667763e+02
      vertex   -1.861703e+02 5.000000e+00 -3.669786e+02
      vertex   -1.860000e+02 5.000000e+00 -3.750000e+02
    endloop
  endfacet
  facet normal 0.000000e+00 -1.000000e+00 -1.080027e-16
    outer loop
      vertex   -1.761700e+02 5.000000e+00 -3.667763e+02
      vertex   -1.860000e+02 5.000000e+00 -3.750000e+02
      vertex   -1.760000e+02 5.000000e+00 -3.750000e+02
    endloop
  endfacet
  facet normal -2.040246e-02 0.000000e+00 -9.997918e-01
    outer loop
      vertex   -3.750000e+02 1.000000e+00 -1.760000e+02
      vertex   -3.750000e+02 5.000000e+00 -1.760000e+02
      vertex   -3.668815e+02 1.000000e+00 -1.761657e+02
    endloop
  endfacet
  facet normal -2.066690e-02 -5.369421e-04 -9.997863e-01
    outer loop
      vertex   -3.668815e+02 1.000000e+00 -1.761657e+02
      vertex   -3.750000e+02 5.000000e+00 -1.760000e+02
      vertex   -3.667763e+02 5.000000e+00 -1.761700e+02
    endloop
  endfacet
  facet normal -6.117340e-02 5.299827e-04 -9.981270e-01
    outer loop
      vertex   -3.668815e+02 1.000000e+00 -1.761657e+02
      vertex   -3.667763e+02 5.000000e+00 -1.761700e+02
      vertex   -3.587765e+02 1.000000e+00 -1.766624e+02
    endloop
  endfacet
  facet normal -6.196536e-02 -1.059965e-03 -9.980777e-01
    outer loop
      vertex   -3.587765e+02 1.000000e+00 -1.766624e+02
      vertex   -3.667763e+02 5.000000e+00 -1.761700e+02
      vertex   -3.585667e+02 5.000000e+00 -1.766797e+02
    endloop
  endfacet
  facet normal -1.018424e-01 1.046046e-03 -9.948000e-01
    outer loop
      vertex   -3.587765e+02 1.000000e+00 -1.766624e+02
      vertex   -3.585667e+02 5.000000e+00 -1.766797e+02
      vertex   -3.506986e+02 1.000000e+00 -1.774894e+02
    endloop
  endfacet
  facet normal -1.031579e-01 -1.569068e-03 -9.946638e-01
    outer loop
      vertex   -3.506986e+02 1.000000e+00 -1.774894e+02
      vertex   -3.585667e+02 5.000000e+00 -1.766797e+02
      vertex   -3.503852e+02 5.000000e+00 -1.775282e+02
    endloop
  endfacet
  facet normal -1.423418e-01 1.548189e-03 -9.898163e-01
    outer loop
      vertex   -3.506986e+02 1.000000e+00 -1.774894e+02
      vertex   -3.503852e+02 5.000000e+00 -1.775282e+02
      vertex   -3.426611e+02 1.000000e+00 -1.786452e+02
    endloop
  endfacet
  facet normal -1.441741e-01 -2.064250e-03 -9.895502e-01
    outer loop
      vertex   -3.426611e+02 1.000000e+00 -1.786452e+02
      vertex   -3.503852e+02 5.000000e+00 -1.775282e+02
      vertex   -3.422457e+02 5.000000e+00 -1.787141e+02
    endloop
  endfacet
  facet normal -1.826042e-01 2.036412e-03 -9.831844e-01
    outer loop
      vertex   -3.426611e+02 1.000000e+00 -1.786452e+02
      vertex   -3.422457e+02 5.000000e+00 -1.787141e+02
      vertex   -3.346774e+02 1.000000e+00 -1.801280e+02
    endloop
  endfacet
  facet normal -1.849439e-01 -2.545511e-03 -9.827458e-01
    outer loop
      vertex   -3.346774e+02 1.000000e+00 -1.801280e+02
      vertex   -3.422457e+02 5.000000e+00 -1.787141e+02
      vertex   -3.341621e+02 5.000000e+00 -1.802353e+02
    endloop
  endfacet
  facet normal -2.225623e-01 2.510713e-03 -9.749152e-01
    outer loop
      vertex   -3.346774e+02 1.000000e+00 -1.801280e+02
      vertex   -3.341621e+02 5.000000e+00 -1.802353e+02
      vertex   -3.267609e+02 1.000000e+00 -1.819353e+02
    endloop
  endfacet
  facet normal -2.253975e-01 -3.012851e-03 -9.742622e-01
    outer loop
      vertex   -3.267609e+02 1.000000e+00 -1.819353e+02
      vertex   -3.341621e+02 5.000000e+00 -1.802353e+02
      vertex   -3.261484e+02 5.000000e+00 -1.820893e+02
    endloop
  endfacet
  facet normal -2.621497e-01 2.971094e-03 -9.650226e-01
    outer loop
      vertex   -3.267609e+02 1.000000e+00 -1.819353e+02
      vertex   -3.261484e+02 5.000000e+00 -1.820893e+02
      vertex   -3.189247e+02 1.000000e+00 -1.840640e+02
    endloop
  endfacet
  facet normal -2.654660e-01 -3.466270e-03 -9.641140e-01
    outer loop
      vertex   -3.189247e+02 1.000000e+00 -1.840640e+02
      vertex   -3.261484e+02 5.000000e+00 -1.820893e+02
      vertex   -3.182181e+02 5.000000e+00 -1.842729e+02
    endloop
  endfacet
  facet normal -3.013005e-01 3.417553e-03 -9.535231e-01
    outer loop
      vertex   -3.189247e+02 1.000000e+00 -1.840640e+02
      vertex   -3.182181e+02 5.000000e+00 -1.842729e+02
      vertex   -3.111819e+02 1.000000e+00 -1.865106e+02
    endloop
  endfacet
  facet normal -3.050807e-01 -3.905767e-03 -9.523185e-01
    outer loop
      vertex   -3.111819e+02 1.000000e+00 -1.865106e+02
      vertex   -3.182181e+02 5.000000e+00 -1.842729e+02
      vertex   -3.103848e+02 5.000000e+00 -1.867824e+02
    endloop
  endfacet
  facet normal -3.399495e-01 3.850091e-03 -9.404358e-01
    outer loop
      vertex   -3.111819e+02 1.000000e+00 -1.865106e+02
      vertex   -3.103848e+02 5.000000e+00 -1.867824e+02
      vertex   -3.035453e+02 1.000000e+00 -1.892711e+02
    endloop
  endfacet
  facet normal -3.441740e-01 -4.331343e-03 -9.388959e-01
    outer loop
      vertex   -3.035453e+02 1.000000e+00 -1.892711e+02
      vertex   -3.103848e+02 5.000000e+00 -1.867824e+02
      vertex   -3.026619e+02 5.000000e+00 -1.896134e+02
    endloop
  endfacet
  facet normal -3.780323e-01 4.268706e-03 -9.257826e-01
    outer loop
      vertex   -3.035453e+02 1.000000e+00 -1.892711e+02
      vertex   -3.026619e+02 5.000000e+00 -1.896134e+02
      vertex   -2.960278e+02 1.000000e+00 -1.923408e+02
    endloop
  endfacet
  facet normal -3.826791e-01 -4.742996e-03 -9.238691e-01
    outer loop
      vertex   -2.960278e+02 1.000000e+00 -1.923408e+02
      vertex   -3.026619e+02 5.000000e+00 -1.896134e+02
      vertex   -2.950626e+02 5.000000e+00 -1.927611e+02
    endloop
  endfacet
  facet normal -4.154854e-01 4.673400e-03 -9.095878e-01
    outer loop
      vertex   -2.960278e+02 1.000000e+00 -1.923408e+02
      vertex   -2.950626e+02 5.000000e+00 -1.927611e+02
      vertex   -2.886417e+02 1.000000e+00 -1.957146e+02
    endloop
  endfacet
  facet normal -4.205303e-01 -5.140727e-03 -9.072639e-01
    outer loop
      vertex   -2.886417e+02 1.000000e+00 -1.957146e+02
      vertex   -2.950626e+02 5.000000e+00 -1.927611e+02
      vertex   -2.875999e+02 5.000000e+00 -1.962202e+02
    endloop
  endfacet
  facet normal -4.522466e-01 5.064172e-03 -8.918786e-01
    outer loop
      vertex   -2.886417e+02 1.000000e+00 -1.957146e+02
      vertex   -2.875999e+02 5.000000e+00 -1.962202e+02
      vertex   -2.813994e+02 1.000000e+00 -1.993870e+02
    endloop
  endfacet
  facet normal -4.576628e-01 -5.524536e-03 -8.891087e-01
    outer loop
      vertex   -2.813994e+02 1.000000e+00 -1.993870e+02
      vertex   -2.875999e+02 5.000000e+00 -1.962202e+02
      vertex   -2.802865e+02 5.000000e+00 -1.999847e+02
    endloop
  endfacet
  facet normal -4.882546e-01 5.441022e-03 -8.726843e-01
    outer loop
      vertex   -2.813994e+02 1.000000e+00 -1.993870e+02
      vertex   -2.802865e+02 5.000000e+00 -1.999847e+02
      vertex   -2.743129e+02 1.000000e+00 -2.033518e+02
    endloop
  endfacet
  facet normal -4.940132e-01 -5.894423e-03 -8.694344e-01
    outer loop
      vertex   -2.743129e+02 1.000000e+00 -2.033518e+02
      vertex   -2.802865e+02 5.000000e+00 -1.999847e+02
      vertex   -2.731349e+02 5.000000e+00 -2.040483e+02
    endloop
  endfacet
  facet normal -5.234494e-01 5.803949e-03 -8.520370e-01
    outer loop
      vertex   -2.743129e+02 1.000000e+00 -2.033518e+02
      vertex   -2.731349e+02 5.000000e+00 -2.040483e+02
      vertex   -2.673941e+02 1.000000e+00 -2.076024e+02
    endloop
  endfacet
  facet normal -5.295194e-01 -6.250388e-03 -8.482748e-01
    outer loop
      vertex   -2.673941e+02 1.000000e+00 -2.076024e+02
      vertex   -2.731349e+02 5.000000e+00 -2.040483e+02
      vertex   -2.661573e+02 5.000000e+00 -2.084039e+02
    endloop
  endfacet
  facet normal -5.577725e-01 6.152955e-03 -8.299711e-01
    outer loop
      vertex   -2.673941e+02 1.000000e+00 -2.076024e+02
      vertex   -2.661573e+02 5.000000e+00 -2.084039e+02
      vertex   -2.606544e+02 1.000000e+00 -2.121317e+02
    endloop
  endfacet
  facet normal -5.641207e-01 -6.592431e-03 -8.256660e-01
    outer loop
      vertex   -2.606544e+02 1.000000e+00 -2.121317e+02
      vertex   -2.661573e+02 5.000000e+00 -2.084039e+02
      vertex   -2.593657e+02 5.000000e+00 -2.130441e+02
    endloop
  endfacet
  facet normal -5.911668e-01 6.488038e-03 -8.065233e-01
    outer loop
      vertex   -2.606544e+02 1.000000e+00 -2.121317e+02
      vertex   -2.593657e+02 5.000000e+00 -2.130441e+02
      vertex   -2.541052e+02 1.000000e+00 -2.169321e+02
    endloop
  endfacet
  facet normal -5.977581e-01 -6.920552e-03 -8.016466e-01
    outer loop
      vertex   -2.541052e+02 1.000000e+00 -2.169321e+02
      vertex   -2.593657e+02 5.000000e+00 -2.130441e+02
      vertex   -2.527717e+02 5.000000e+00 -2.179610e+02
    endloop
  endfacet
  facet normal -6.235765e-01 6.809200e-03 -7.817326e-01
    outer loop
      vertex   -2.541052e+02 1.000000e+00 -2.169321e+02
      vertex   -2.527717e+02 5.000000e+00 -2.179610e+02
      vertex   -2.477572e+02 1.000000e+00 -2.219958e+02
    endloop
  endfacet
  facet normal -6.303741e-01 -7.234750e-03 -7.762578e-01
    outer loop
      vertex   -2.477572e+02 1.000000e+00 -2.219958e+02
      vertex   -2.527717e+02 5.000000e+00 -2.179610e+02
      vertex   -2.463865e+02 5.000000e+00 -2.231463e+02
    endloop
  endfacet
  facet normal -6.549479e-01 7.116439e-03 -7.556405e-01
    outer loop
      vertex   -2.477572e+02 1.000000e+00 -2.219958e+02
      vertex   -2.463865e+02 5.000000e+00 -2.231463e+02
      vertex   -2.416212e+02 1.000000e+00 -2.273142e+02
    endloop
  endfacet
  facet normal -6.619130e-01 -7.535027e-03 -7.495428e-01
    outer loop
      vertex   -2.416212e+02 1.000000e+00 -2.273142e+02
      vertex   -2.463865e+02 5.000000e+00 -2.231463e+02
      vertex   -2.402210e+02 5.000000e+00 -2.285909e+02
    endloop
  endfacet
  facet normal -6.852286e-01 7.409757e-03 -7.282904e-01
    outer loop
      vertex   -2.416212e+02 1.000000e+00 -2.273142e+02
      vertex   -2.402210e+02 5.000000e+00 -2.285909e+02
      vertex   -2.357071e+02 1.000000e+00 -2.328786e+02
    endloop
  endfacet
  facet normal -6.923209e-01 -7.821383e-03 -7.215474e-01
    outer loop
      vertex   -2.357071e+02 1.000000e+00 -2.328786e+02
      vertex   -2.402210e+02 5.000000e+00 -2.285909e+02
      vertex   -2.342858e+02 5.000000e+00 -2.342858e+02
    endloop
  endfacet
  facet normal -7.143683e-01 7.689153e-03 -6.997277e-01
    outer loop
      vertex   -2.357071e+02 1.000000e+00 -2.328786e+02
      vertex   -2.342858e+02 5.000000e+00 -2.342858e+02
      vertex   -2.300251e+02 1.000000e+00 -2.386795e+02
    endloop
  endfacet
  facet normal -7.215458e-01 -8.093816e-03 -6.923194e-01
    outer loop
      vertex   -2.300251e+02 1.000000e+00 -2.386795e+02
      vertex   -2.342858e+02 5.000000e+00 -2.342858e+02
      vertex   -2.285909e+02 5.000000e+00 -2.402210e+02
    endloop
  endfacet
  facet normal -7.423184e-01 7.954628e-03 -6.700001e-01
    outer loop
      vertex   -2.300251e+02 1.000000e+00 -2.386795e+02
      vertex   -2.285909e+02 5.000000e+00 -2.402210e+02
      vertex   -2.245844e+02 1.000000e+00 -2.447075e+02
    endloop
  endfacet
  facet normal -7.495379e-01 -8.352328e-03 -6.619087e-01
    outer loop
      vertex   -2.245844e+02 1.000000e+00 -2.447075e+02
      vertex   -2.285909e+02 5.000000e+00 -2.402210e+02
      vertex   -2.231463e+02 5.000000e+00 -2.463865e+02
    endloop
  endfacet
  facet normal -7.690325e-01 8.206181e-03 -6.391571e-01
    outer loop
      vertex   -2.245844e+02 1.000000e+00 -2.447075e+02
      vertex   -2.231463e+02 5.000000e+00 -2.463865e+02
      vertex   -2.193941e+02 1.000000e+00 -2.509524e+02
    endloop
  endfacet
  facet normal -7.762494e-01 -8.596919e-03 -6.303673e-01
    outer loop
      vertex   -2.193941e+02 1.000000e+00 -2.509524e+02
      vertex   -2.231463e+02 5.000000e+00 -2.463865e+02
      vertex   -2.179610e+02 5.000000e+00 -2.527717e+02
    endloop
  endfacet
  facet normal -7.944660e-01 8.443813e-03 -6.072500e-01
    outer loop
      vertex   -2.193941e+02 1.000000e+00 -2.509524e+02
      vertex   -2.179610e+02 5.000000e+00 -2.527717e+02
      vertex   -2.144630e+02 1.000000e+00 -2.574038e+02
    endloop
  endfacet
  facet normal -8.016346e-01 -8.827588e-03 -5.977491e-01
    outer loop
      vertex   -2.144630e+02 1.000000e+00 -2.574038e+02
      vertex   -2.179610e+02 5.000000e+00 -2.527717e+02
      vertex   -2.130441e+02 5.000000e+00 -2.593657e+02
    endloop
  endfacet
  facet normal -8.185766e-01 8.667523e-03 -5.743319e-01
    outer loop
      vertex   -2.144630e+02 1.000000e+00 -2.574038e+02
      vertex   -2.130441e+02 5.000000e+00 -2.593657e+02
      vertex   -2.097991e+02 1.000000e+00 -2.640511e+02
    endloop
  endfacet
  facet normal -8.256502e-01 -9.044337e-03 -5.641099e-01
    outer loop
      vertex   -2.097991e+02 1.000000e+00 -2.640511e+02
      vertex   -2.130441e+02 5.000000e+00 -2.593657e+02
      vertex   -2.084039e+02 5.000000e+00 -2.661573e+02
    endloop
  endfacet
  facet normal -8.413243e-01 8.877313e-03 -5.404578e-01
    outer loop
      vertex   -2.097991e+02 1.000000e+00 -2.640511e+02
      vertex   -2.084039e+02 5.000000e+00 -2.661573e+02
      vertex   -2.054103e+02 1.000000e+00 -2.708830e+02
    endloop
  endfacet
  facet normal -8.482551e-01 -9.247164e-03 -5.295071e-01
    outer loop
      vertex   -2.054103e+02 1.000000e+00 -2.708830e+02
      vertex   -2.084039e+02 5.000000e+00 -2.661573e+02
      vertex   -2.040483e+02 5.000000e+00 -2.731349e+02
    endloop
  endfacet
  facet normal -8.626711e-01 9.073181e-03 -5.056840e-01
    outer loop
      vertex   -2.054103e+02 1.000000e+00 -2.708830e+02
      vertex   -2.040483e+02 5.000000e+00 -2.731349e+02
      vertex   -2.013039e+02 1.000000e+00 -2.778884e+02
    endloop
  endfacet
  facet normal -8.694108e-01 -9.436071e-03 -4.939997e-01
    outer loop
      vertex   -2.013039e+02 1.000000e+00 -2.778884e+02
      vertex   -2.040483e+02 5.000000e+00 -2.731349e+02
      vertex   -1.999847e+02 5.000000e+00 -2.802865e+02
    endloop
  endfacet
  facet normal -8.825815e-01 9.255129e-03 -4.700683e-01
    outer loop
      vertex   -2.013039e+02 1.000000e+00 -2.778884e+02
      vertex   -1.999847e+02 5.000000e+00 -2.802865e+02
      vertex   -1.974867e+02 1.000000e+00 -2.850554e+02
    endloop
  endfacet
  facet normal -8.890812e-01 -9.611058e-03 -4.576486e-01
    outer loop
      vertex   -1.974867e+02 1.000000e+00 -2.850554e+02
      vertex   -1.999847e+02 5.000000e+00 -2.802865e+02
      vertex   -1.962202e+02 5.000000e+00 -2.875999e+02
    endloop
  endfacet
  facet normal -9.010225e-01 9.423157e-03 -4.336701e-01
    outer loop
      vertex   -1.974867e+02 1.000000e+00 -2.850554e+02
      vertex   -1.962202e+02 5.000000e+00 -2.875999e+02
      vertex   -1.939651e+02 1.000000e+00 -2.923722e+02
    endloop
  endfacet
  facet normal -9.072326e-01 -9.772123e-03 -4.205157e-01
    outer loop
      vertex   -1.939651e+02 1.000000e+00 -2.923722e+02
      vertex   -1.962202e+02 5.000000e+00 -2.875999e+02
      vertex   -1.927611e+02 5.000000e+00 -2.950626e+02
    endloop
  endfacet
  facet normal -9.179632e-01 9.577263e-03 -3.965500e-01
    outer loop
      vertex   -1.939651e+02 1.000000e+00 -2.923722e+02
      vertex   -1.927611e+02 5.000000e+00 -2.950626e+02
      vertex   -1.907449e+02 1.000000e+00 -2.998265e+02
    endloop
  endfacet
  facet normal -9.238341e-01 -9.919269e-03 -3.826646e-01
    outer loop
      vertex   -1.907449e+02 1.000000e+00 -2.998265e+02
      vertex   -1.927611e+02 5.000000e+00 -2.950626e+02
      vertex   -1.896134e+02 5.000000e+00 -3.026619e+02
    endloop
  endfacet
  facet normal -9.333755e-01 9.717450e-03 -3.587697e-01
    outer loop
      vertex   -1.907449e+02 1.000000e+00 -2.998265e+02
      vertex   -1.896134e+02 5.000000e+00 -3.026619e+02
      vertex   -1.878315e+02 1.000000e+00 -3.074061e+02
    endloop
  endfacet
  facet normal -9.388573e-01 -1.005249e-02 -3.441598e-01
    outer loop
      vertex   -1.878315e+02 1.000000e+00 -3.074061e+02
      vertex   -1.896134e+02 5.000000e+00 -3.026619e+02
      vertex   -1.867824e+02 5.000000e+00 -3.103848e+02
    endloop
  endfacet
  facet normal -9.472338e-01 9.843716e-03 -3.203923e-01
    outer loop
      vertex   -1.878315e+02 1.000000e+00 -3.074061e+02
      vertex   -1.867824e+02 5.000000e+00 -3.103848e+02
      vertex   -1.852297e+02 1.000000e+00 -3.150982e+02
    endloop
  endfacet
  facet normal -9.522765e-01 -1.017180e-02 -3.050672e-01
    outer loop
      vertex   -1.852297e+02 1.000000e+00 -3.150982e+02
      vertex   -1.867824e+02 5.000000e+00 -3.103848e+02
      vertex   -1.842729e+02 5.000000e+00 -3.182181e+02
    endloop
  endfacet
  facet normal -9.595150e-01 9.956062e-03 -2.814815e-01
    outer loop
      vertex   -1.852297e+02 1.000000e+00 -3.150982e+02
      vertex   -1.842729e+02 5.000000e+00 -3.182181e+02
      vertex   -1.829439e+02 1.000000e+00 -3.228900e+02
    endloop
  endfacet
  facet normal -9.640689e-01 -1.027718e-02 -2.654535e-01
    outer loop
      vertex   -1.829439e+02 1.000000e+00 -3.228900e+02
      vertex   -1.842729e+02 5.000000e+00 -3.182181e+02
      vertex   -1.820893e+02 5.000000e+00 -3.261484e+02
    endloop
  endfacet
  facet normal -9.701987e-01 1.005449e-02 -2.421021e-01
    outer loop
      vertex   -1.829439e+02 1.000000e+00 -3.228900e+02
      vertex   -1.820893e+02 5.000000e+00 -3.261484e+02
      vertex   -1.809779e+02 1.000000e+00 -3.307686e+02
    endloop
  endfacet
  facet normal -9.742143e-01 -1.036865e-02 -2.253864e-01
    outer loop
      vertex   -1.809779e+02 1.000000e+00 -3.307686e+02
      vertex   -1.820893e+02 5.000000e+00 -3.261484e+02
      vertex   -1.802353e+02 5.000000e+00 -3.341621e+02
    endloop
  endfacet
  facet normal -9.792670e-01 1.013899e-02 -2.023198e-01
    outer loop
      vertex   -1.809779e+02 1.000000e+00 -3.307686e+02
      vertex   -1.802353e+02 5.000000e+00 -3.341621e+02
      vertex   -1.793349e+02 1.000000e+00 -3.387208e+02
    endloop
  endfacet
  facet normal -9.826954e-01 -1.044620e-02 -1.849344e-01
    outer loop
      vertex   -1.793349e+02 1.000000e+00 -3.387208e+02
      vertex   -1.802353e+02 5.000000e+00 -3.341621e+02
      vertex   -1.787141e+02 5.000000e+00 -3.422457e+02
    endloop
  endfacet
  facet normal -9.867050e-01 1.020958e-02 -1.622006e-01
    outer loop
      vertex   -1.793349e+02 1.000000e+00 -3.387208e+02
      vertex   -1.787141e+02 5.000000e+00 -3.422457e+02
      vertex   -1.780178e+02 1.000000e+00 -3.467334e+02
    endloop
  endfacet
  facet normal -9.894976e-01 -1.050982e-02 -1.441664e-01
    outer loop
      vertex   -1.780178e+02 1.000000e+00 -3.467334e+02
      vertex   -1.787141e+02 5.000000e+00 -3.422457e+02
      vertex   -1.775282e+02 5.000000e+00 -3.503852e+02
    endloop
  endfacet
  facet normal -9.925002e-01 1.026625e-02 -1.218115e-01
    outer loop
      vertex   -1.780178e+02 1.000000e+00 -3.467334e+02
      vertex   -1.775282e+02 5.000000e+00 -3.503852e+02
      vertex   -1.770286e+02 1.000000e+00 -3.547931e+02
    endloop
  endfacet
  facet normal -9.946095e-01 -1.055953e-02 -1.031523e-01
    outer loop
      vertex   -1.770286e+02 1.000000e+00 -3.547931e+02
      vertex   -1.775282e+02 5.000000e+00 -3.503852e+02
      vertex   -1.766797e+02 5.000000e+00 -3.585667e+02
    endloop
  endfacet
  facet normal -9.966429e-01 1.030899e-02 -8.121956e-02
    outer loop
      vertex   -1.770286e+02 1.000000e+00 -3.547931e+02
      vertex   -1.766797e+02 5.000000e+00 -3.585667e+02
      vertex   -1.763690e+02 1.000000e+00 -3.628865e+02
    endloop
  endfacet
  facet normal -9.980223e-01 -1.059531e-02 -6.196192e-02
    outer loop
      vertex   -1.763690e+02 1.000000e+00 -3.628865e+02
      vertex   -1.766797e+02 5.000000e+00 -3.585667e+02
      vertex   -1.761700e+02 5.000000e+00 -3.667763e+02
    endloop
  endfacet
  facet normal -9.991264e-01 1.033782e-02 -4.049246e-02
    outer loop
      vertex   -1.763690e+02 1.000000e+00 -3.628865e+02
      vertex   -1.761700e+02 5.000000e+00 -3.667763e+02
      vertex   -1.760402e+02 1.000000e+00 -3.710000e+02
    endloop
  endfacet
  facet normal -9.995282e-01 0.000000e+00 -3.071446e-02
    outer loop
      vertex   -1.760402e+02 1.000000e+00 -3.710000e+02
      vertex   -1.761700e+02 5.000000e+00 -3.667763e+02
      vertex   -1.760402e+02 3.000000e+00 -3.710000e+02
    endloop
  endfacet
  facet normal -9.995421e-01 -9.987942e-04 -3.024193e-02
    outer loop
      vertex   -1.760402e+02 3.000000e+00 -3.710000e+02
      vertex   -1.761700e+02 5.000000e+00 -3.667763e+02
      vertex   -1.760398e+02 3.192245e+00 -3.710189e+02
    endloop
  endfacet
  facet normal -9.995624e-01 -2.882986e-03 -2.943971e-02
    outer loop
      vertex   -1.760398e+02 3.192245e+00 -3.710189e+02
      vertex   -1.761700e+02 5.000000e+00 -3.667763e+02
      vertex   -1.760387e+02 3.382705e+00 -3.710761e+02
    endloop
  endfacet
  facet normal -9.995769e-01 -4.946564e-03 -2.866397e-02
    outer loop
      vertex   -1.760387e+02 3.382705e+00 -3.710761e+02
      vertex   -1.761700e+02 5.000000e+00 -3.667763e+02
      vertex   -1.760369e+02 3.557821e+00 -3.711704e+02
    endloop
  endfacet
  facet normal -9.995844e-01 -7.340243e-03 -2.787856e-02
    outer loop
      vertex   -1.760369e+02 3.557821e+00 -3.711704e+02
      vertex   -1.761700e+02 5.000000e+00 -3.667763e+02
      vertex   -1.760345e+02 3.707126e+00 -3.712929e+02
    endloop
  endfacet
  facet normal -9.995807e-01 -1.060282e-02 -2.694454e-02
    outer loop
      vertex   -1.760345e+02 3.707126e+00 -3.712929e+02
      vertex   -1.761700e+02 5.000000e+00 -3.667763e+02
      vertex   -1.760318e+02 3.829667e+00 -3.714422e+02
    endloop
  endfacet
  facet normal -9.995499e-01 -1.542028e-02 -2.573528e-02
    outer loop
      vertex   -1.760318e+02 3.829667e+00 -3.714422e+02
      vertex   -1.761700e+02 5.000000e+00 -3.667763e+02
      vertex   -1.760288e+02 3.923887e+00 -3.716173e+02
    endloop
  endfacet
  facet normal -9.994238e-01 -2.422340e-02 -2.377475e-02
    outer loop
      vertex   -1.760288e+02 3.923887e+00 -3.716173e+02
      vertex   -1.761700e+02 5.000000e+00 -3.667763e+02
      vertex   -1.760256e+02 3.981077e+00 -3.718078e+02
    endloop
  endfacet
  facet normal -9.990026e-01 -3.959029e-02 -2.065070e-02
    outer loop
      vertex   -1.760256e+02 3.981077e+00 -3.718078e+02
      vertex   -1.761700e+02 5.000000e+00 -3.667763e+02
      vertex   -1.760000e+02 5.000000e+00 -3.750000e+02
    endloop
  endfacet
  facet normal -9.992366e-01 -3.417757e-02 -1.892489e-02
    outer loop
      vertex   -1.760256e+02 3.981077e+00 -3.718078e+02
      vertex   -1.760000e+02 5.000000e+00 -3.750000e+02
      vertex   -1.760226e+02 4.000000e+00 -3.720000e+02
    endloop
  endfacet
  facet normal -9.998075e-01 -1.507455e-02 -1.256151e-02
    outer loop
      vertex   -1.760226e+02 4.000000e+00 -3.720000e+02
      vertex   -1.760000e+02 5.000000e+00 -3.750000e+02
      vertex   -1.760101e+02 4.000000e+00 -3.730000e+02
    endloop
  endfacet
  facet normal -9.999590e-01 -5.025398e-03 -7.537793e-03
    outer loop
      vertex   -1.760101e+02 4.000000e+00 -3.730000e+02
      vertex   -1.760000e+02 5.000000e+00 -3.750000e+02
      vertex   -1.760025e+02 4.000000e+00 -3.740000e+02
    endloop
  endfacet
  facet normal -9.999968e-01 0.000000e+00 -2.512651e-03
    outer loop
      vertex   -1.760025e+02 4.000000e+00 -3.740000e+02
      vertex   -1.760000e+02 5.000000e+00 -3.750000e+02
      vertex   -1.760000e+02 4.000000e+00 -3.750000e+02
    endloop
  endfacet
  facet normal -2.122538e-02 0.000000e+00 -9.997747e-01
    outer loop
      vertex   -3.750000e+02 5.000000e+00 -1.860000e+02
      vertex   -3.750000e+02 1.700000e+01 -1.860000e+02
      vertex   -3.669786e+02 5.000000e+00 -1.861703e+02
    endloop
  endfacet
  facet normal -2.122538e-02 0.000000e+00 -9.997747e-01
    outer loop
      vertex   -3.669786e+02 5.000000e+00 -1.861703e+02
      vertex   -3.750000e+02 1.700000e+01 -1.860000e+02
      vertex   -3.669786e+02 1.700000e+01 -1.861703e+02
    endloop
  endfacet
  facet normal -6.363790e-02 0.000000e+00 -9.979731e-01
    outer loop
      vertex   -3.669786e+02 5.000000e+00 -1.861703e+02
      vertex   -3.669786e+02 1.700000e+01 -1.861703e+02
      vertex   -3.589717e+02 5.000000e+00 -1.866809e+02
    endloop
  endfacet
  facet normal -6.363790e-02 0.000000e+00 -9.979731e-01
    outer loop
      vertex   -3.589717e+02 5.000000e+00 -1.866809e+02
      vertex   -3.669786e+02 1.700000e+01 -1.861703e+02
      vertex   -3.589717e+02 1.700000e+01 -1.866809e+02
    endloop
  endfacet
  facet normal -1.059357e-01 0.000000e+00 -9.943730e-01
    outer loop
      vertex   -3.589717e+02 5.000000e+00 -1.866809e+02
      vertex   -3.589717e+02 1.700000e+01 -1.866809e+02
      vertex   -3.509936e+02 5.000000e+00 -1.875308e+02
    endloop
  endfacet
  facet normal -1.059357e-01 0.000000e+00 -9.943730e-01
    outer loop
      vertex   -3.509936e+02 5.000000e+00 -1.875308e+02
      vertex   -3.589717e+02 1.700000e+01 -1.866809e+02
      vertex   -3.509936e+02 1.700000e+01 -1.875308e+02
    endloop
  endfacet
  facet normal -1.480427e-01 0.000000e+00 -9.889810e-01
    outer loop
      vertex   -3.509936e+02 5.000000e+00 -1.875308e+02
      vertex   -3.509936e+02 1.700000e+01 -1.875308e+02
      vertex   -3.430588e+02 5.000000e+00 -1.887186e+02
    endloop
  endfacet
  facet normal -1.480427e-01 0.000000e+00 -9.889810e-01
    outer loop
      vertex   -3.430588e+02 5.000000e+00 -1.887186e+02
      vertex   -3.509936e+02 1.700000e+01 -1.875308e+02
      vertex   -3.430588e+02 1.700000e+01 -1.887186e+02
    endloop
  endfacet
  facet normal -1.898828e-01 0.000000e+00 -9.818068e-01
    outer loop
      vertex   -3.430588e+02 5.000000e+00 -1.887186e+02
      vertex   -3.430588e+02 1.700000e+01 -1.887186e+02
      vertex   -3.351816e+02 5.000000e+00 -1.902421e+02
    endloop
  endfacet
  facet normal -1.898828e-01 0.000000e+00 -9.818068e-01
    outer loop
      vertex   -3.351816e+02 5.000000e+00 -1.902421e+02
      vertex   -3.430588e+02 1.700000e+01 -1.887186e+02
      vertex   -3.351816e+02 1.700000e+01 -1.902421e+02
    endloop
  endfacet
  facet normal -2.313808e-01 0.000000e+00 -9.728633e-01
    outer loop
      vertex   -3.351816e+02 5.000000e+00 -1.902421e+02
      vertex   -3.351816e+02 1.700000e+01 -1.902421e+02
      vertex   -3.273761e+02 5.000000e+00 -1.920985e+02
    endloop
  endfacet
  facet normal -2.313808e-01 0.000000e+00 -9.728633e-01
    outer loop
      vertex   -3.273761e+02 5.000000e+00 -1.920985e+02
      vertex   -3.351816e+02 1.700000e+01 -1.902421e+02
      vertex   -3.273761e+02 1.700000e+01 -1.920985e+02
    endloop
  endfacet
  facet normal -2.724618e-01 0.000000e+00 -9.621666e-01
    outer loop
      vertex   -3.273761e+02 5.000000e+00 -1.920985e+02
      vertex   -3.273761e+02 1.700000e+01 -1.920985e+02
      vertex   -3.196565e+02 5.000000e+00 -1.942845e+02
    endloop
  endfacet
  facet normal -2.724618e-01 0.000000e+00 -9.621666e-01
    outer loop
      vertex   -3.196565e+02 5.000000e+00 -1.942845e+02
      vertex   -3.273761e+02 1.700000e+01 -1.920985e+02
      vertex   -3.196565e+02 1.700000e+01 -1.942845e+02
    endloop
  endfacet
  facet normal -3.130518e-01 0.000000e+00 -9.497361e-01
    outer loop
      vertex   -3.196565e+02 5.000000e+00 -1.942845e+02
      vertex   -3.196565e+02 1.700000e+01 -1.942845e+02
      vertex   -3.120366e+02 5.000000e+00 -1.967962e+02
    endloop
  endfacet
  facet normal -3.130518e-01 0.000000e+00 -9.497361e-01
    outer loop
      vertex   -3.120366e+02 5.000000e+00 -1.967962e+02
      vertex   -3.196565e+02 1.700000e+01 -1.942845e+02
      vertex   -3.120366e+02 1.700000e+01 -1.967962e+02
    endloop
  endfacet
  facet normal -3.530777e-01 0.000000e+00 -9.355940e-01
    outer loop
      vertex   -3.120366e+02 5.000000e+00 -1.967962e+02
      vertex   -3.120366e+02 1.700000e+01 -1.967962e+02
      vertex   -3.045301e+02 5.000000e+00 -1.996290e+02
    endloop
  endfacet
  facet normal -3.530777e-01 0.000000e+00 -9.355940e-01
    outer loop
      vertex   -3.045301e+02 5.000000e+00 -1.996290e+02
      vertex   -3.120366e+02 1.700000e+01 -1.967962e+02
      vertex   -3.045301e+02 1.700000e+01 -1.996290e+02
    endloop
  endfacet
  facet normal -3.924673e-01 0.000000e+00 -9.197660e-01
    outer loop
      vertex   -3.045301e+02 5.000000e+00 -1.996290e+02
      vertex   -3.045301e+02 1.700000e+01 -1.996290e+02
      vertex   -2.971507e+02 5.000000e+00 -2.027778e+02
    endloop
  endfacet
  facet normal -3.924673e-01 0.000000e+00 -9.197660e-01
    outer loop
      vertex   -2.971507e+02 5.000000e+00 -2.027778e+02
      vertex   -3.045301e+02 1.700000e+01 -1.996290e+02
      vertex   -2.971507e+02 1.700000e+01 -2.027778e+02
    endloop
  endfacet
  facet normal -4.311496e-01 0.000000e+00 -9.022804e-01
    outer loop
      vertex   -2.971507e+02 5.000000e+00 -2.027778e+02
      vertex   -2.971507e+02 1.700000e+01 -2.027778e+02
      vertex   -2.899115e+02 5.000000e+00 -2.062370e+02
    endloop
  endfacet
  facet normal -4.311496e-01 0.000000e+00 -9.022804e-01
    outer loop
      vertex   -2.899115e+02 5.000000e+00 -2.062370e+02
      vertex   -2.971507e+02 1.700000e+01 -2.027778e+02
      vertex   -2.899115e+02 1.700000e+01 -2.062370e+02
    endloop
  endfacet
  facet normal -4.690550e-01 0.000000e+00 -8.831689e-01
    outer loop
      vertex   -2.899115e+02 5.000000e+00 -2.062370e+02
      vertex   -2.899115e+02 1.700000e+01 -2.062370e+02
      vertex   -2.828257e+02 5.000000e+00 -2.100003e+02
    endloop
  endfacet
  facet normal -4.690550e-01 0.000000e+00 -8.831689e-01
    outer loop
      vertex   -2.828257e+02 5.000000e+00 -2.100003e+02
      vertex   -2.899115e+02 1.700000e+01 -2.062370e+02
      vertex   -2.828257e+02 1.700000e+01 -2.100003e+02
    endloop
  endfacet
  facet normal -5.061151e-01 0.000000e+00 -8.624659e-01
    outer loop
      vertex   -2.828257e+02 5.000000e+00 -2.100003e+02
      vertex   -2.828257e+02 1.700000e+01 -2.100003e+02
      vertex   -2.759059e+02 5.000000e+00 -2.140610e+02
    endloop
  endfacet
  facet normal -5.061151e-01 0.000000e+00 -8.624659e-01
    outer loop
      vertex   -2.759059e+02 5.000000e+00 -2.140610e+02
      vertex   -2.828257e+02 1.700000e+01 -2.100003e+02
      vertex   -2.759059e+02 1.700000e+01 -2.140610e+02
    endloop
  endfacet
  facet normal -5.422632e-01 0.000000e+00 -8.402087e-01
    outer loop
      vertex   -2.759059e+02 5.000000e+00 -2.140610e+02
      vertex   -2.759059e+02 1.700000e+01 -2.140610e+02
      vertex   -2.691648e+02 5.000000e+00 -2.184117e+02
    endloop
  endfacet
  facet normal -5.422632e-01 0.000000e+00 -8.402087e-01
    outer loop
      vertex   -2.691648e+02 5.000000e+00 -2.184117e+02
      vertex   -2.759059e+02 1.700000e+01 -2.140610e+02
      vertex   -2.691648e+02 1.700000e+01 -2.184117e+02
    endloop
  endfacet
  facet normal -5.774341e-01 0.000000e+00 -8.164373e-01
    outer loop
      vertex   -2.691648e+02 5.000000e+00 -2.184117e+02
      vertex   -2.691648e+02 1.700000e+01 -2.184117e+02
      vertex   -2.626143e+02 5.000000e+00 -2.230445e+02
    endloop
  endfacet
  facet normal -5.774341e-01 0.000000e+00 -8.164373e-01
    outer loop
      vertex   -2.626143e+02 5.000000e+00 -2.230445e+02
      vertex   -2.691648e+02 1.700000e+01 -2.184117e+02
      vertex   -2.626143e+02 1.700000e+01 -2.230445e+02
    endloop
  endfacet
  facet normal -6.115644e-01 0.000000e+00 -7.911947e-01
    outer loop
      vertex   -2.626143e+02 5.000000e+00 -2.230445e+02
      vertex   -2.626143e+02 1.700000e+01 -2.230445e+02
      vertex   -2.562664e+02 5.000000e+00 -2.279512e+02
    endloop
  endfacet
  facet normal -6.115644e-01 0.000000e+00 -7.911947e-01
    outer loop
      vertex   -2.562664e+02 5.000000e+00 -2.279512e+02
      vertex   -2.626143e+02 1.700000e+01 -2.230445e+02
      vertex   -2.562664e+02 1.700000e+01 -2.279512e+02
    endloop
  endfacet
  facet normal -6.445926e-01 0.000000e+00 -7.645263e-01
    outer loop
      vertex   -2.562664e+02 5.000000e+00 -2.279512e+02
      vertex   -2.562664e+02 1.700000e+01 -2.279512e+02
      vertex   -2.501325e+02 5.000000e+00 -2.331229e+02
    endloop
  endfacet
  facet normal -6.445926e-01 0.000000e+00 -7.645263e-01
    outer loop
      vertex   -2.501325e+02 5.000000e+00 -2.331229e+02
      vertex   -2.562664e+02 1.700000e+01 -2.279512e+02
      vertex   -2.501325e+02 1.700000e+01 -2.331229e+02
    endloop
  endfacet
  facet normal -6.764592e-01 0.000000e+00 -7.364801e-01
    outer loop
      vertex   -2.501325e+02 5.000000e+00 -2.331229e+02
      vertex   -2.501325e+02 1.700000e+01 -2.331229e+02
      vertex   -2.442236e+02 5.000000e+00 -2.385503e+02
    endloop
  endfacet
  facet normal -6.764592e-01 0.000000e+00 -7.364801e-01
    outer loop
      vertex   -2.442236e+02 5.000000e+00 -2.385503e+02
      vertex   -2.501325e+02 1.700000e+01 -2.331229e+02
      vertex   -2.442236e+02 1.700000e+01 -2.385503e+02
    endloop
  endfacet
  facet normal -7.071068e-01 0.000000e+00 -7.071068e-01
    outer loop
      vertex   -2.442236e+02 5.000000e+00 -2.385503e+02
      vertex   -2.442236e+02 1.700000e+01 -2.385503e+02
      vertex   -2.385503e+02 5.000000e+00 -2.442236e+02
    endloop
  endfacet
  facet normal -7.071068e-01 0.000000e+00 -7.071068e-01
    outer loop
      vertex   -2.385503e+02 5.000000e+00 -2.442236e+02
      vertex   -2.442236e+02 1.700000e+01 -2.385503e+02
      vertex   -2.385503e+02 1.700000e+01 -2.442236e+02
    endloop
  endfacet
  facet normal -7.364801e-01 0.000000e+00 -6.764592e-01
    outer loop
      vertex   -2.385503e+02 5.000000e+00 -2.442236e+02
      vertex   -2.385503e+02 1.700000e+01 -2.442236e+02
      vertex   -2.331229e+02 5.000000e+00 -2.501325e+02
    endloop
  endfacet
  facet normal -7.364801e-01 0.000000e+00 -6.764592e-01
    outer loop
      vertex   -2.331229e+02 5.000000e+00 -2.501325e+02
      vertex   -2.385503e+02 1.700000e+01 -2.442236e+02
      vertex   -2.331229e+02 1.700000e+01 -2.501325e+02
    endloop
  endfacet
  facet normal -7.645263e-01 0.000000e+00 -6.445926e-01
    outer loop
      vertex   -2.331229e+02 5.000000e+00 -2.501325e+02
      vertex   -2.331229e+02 1.700000e+01 -2.501325e+02
      vertex   -2.279512e+02 5.000000e+00 -2.562664e+02
    endloop
  endfacet
  facet normal -7.645263e-01 0.000000e+00 -6.445926e-01
    outer loop
      vertex   -2.279512e+02 5.000000e+00 -2.562664e+02
      vertex   -2.331229e+02 1.700000e+01 -2.501325e+02
      vertex   -2.279512e+02 1.700000e+01 -2.562664e+02
    endloop
  endfacet
  facet normal -7.911947e-01 0.000000e+00 -6.115644e-01
    outer loop
      vertex   -2.279512e+02 5.000000e+00 -2.562664e+02
      vertex   -2.279512e+02 1.700000e+01 -2.562664e+02
      vertex   -2.230445e+02 5.000000e+00 -2.626143e+02
    endloop
  endfacet
  facet normal -7.911947e-01 0.000000e+00 -6.115644e-01
    outer loop
      vertex   -2.230445e+02 5.000000e+00 -2.626143e+02
      vertex   -2.279512e+02 1.700000e+01 -2.562664e+02
      vertex   -2.230445e+02 1.700000e+01 -2.626143e+02
    endloop
  endfacet
  facet normal -8.164373e-01 0.000000e+00 -5.774341e-01
    outer loop
      vertex   -2.230445e+02 5.000000e+00 -2.626143e+02
      vertex   -2.230445e+02 1.700000e+01 -2.626143e+02
      vertex   -2.184117e+02 5.000000e+00 -2.691648e+02
    endloop
  endfacet
  facet normal -8.164373e-01 0.000000e+00 -5.774341e-01
    outer loop
      vertex   -2.184117e+02 5.000000e+00 -2.691648e+02
      vertex   -2.230445e+02 1.700000e+01 -2.626143e+02
      vertex   -2.184117e+02 1.700000e+01 -2.691648e+02
    endloop
  endfacet
  facet normal -8.402087e-01 0.000000e+00 -5.422632e-01
    outer loop
      vertex   -2.184117e+02 5.000000e+00 -2.691648e+02
      vertex   -2.184117e+02 1.700000e+01 -2.691648e+02
      vertex   -2.140610e+02 5.000000e+00 -2.759059e+02
    endloop
  endfacet
  facet normal -8.402087e-01 0.000000e+00 -5.422632e-01
    outer loop
      vertex   -2.140610e+02 5.000000e+00 -2.759059e+02
      vertex   -2.184117e+02 1.700000e+01 -2.691648e+02
      vertex   -2.140610e+02 1.700000e+01 -2.759059e+02
    endloop
  endfacet
  facet normal -8.624659e-01 0.000000e+00 -5.061151e-01
    outer loop
      vertex   -2.140610e+02 5.000000e+00 -2.759059e+02
      vertex   -2.140610e+02 1.700000e+01 -2.759059e+02
      vertex   -2.100003e+02 5.000000e+00 -2.828257e+02
    endloop
  endfacet
  facet normal -8.624659e-01 0.000000e+00 -5.061151e-01
    outer loop
      vertex   -2.100003e+02 5.000000e+00 -2.828257e+02
      vertex   -2.140610e+02 1.700000e+01 -2.759059e+02
      vertex   -2.100003e+02 1.700000e+01 -2.828257e+02
    endloop
  endfacet
  facet normal -8.831689e-01 0.000000e+00 -4.690550e-01
    outer loop
      vertex   -2.100003e+02 5.000000e+00 -2.828257e+02
      vertex   -2.100003e+02 1.700000e+01 -2.828257e+02
      vertex   -2.062370e+02 5.000000e+00 -2.899115e+02
    endloop
  endfacet
  facet normal -8.831689e-01 0.000000e+00 -4.690550e-01
    outer loop
      vertex   -2.062370e+02 5.000000e+00 -2.899115e+02
      vertex   -2.100003e+02 1.700000e+01 -2.828257e+02
      vertex   -2.062370e+02 1.700000e+01 -2.899115e+02
    endloop
  endfacet
  facet normal -9.022804e-01 0.000000e+00 -4.311496e-01
    outer loop
      vertex   -2.062370e+02 5.000000e+00 -2.899115e+02
      vertex   -2.062370e+02 1.700000e+01 -2.899115e+02
      vertex   -2.027778e+02 5.000000e+00 -2.971507e+02
    endloop
  endfacet
  facet normal -9.022804e-01 0.000000e+00 -4.311496e-01
    outer loop
      vertex   -2.027778e+02 5.000000e+00 -2.971507e+02
      vertex   -2.062370e+02 1.700000e+01 -2.899115e+02
      vertex   -2.027778e+02 1.700000e+01 -2.971507e+02
    endloop
  endfacet
  facet normal -9.197660e-01 0.000000e+00 -3.924673e-01
    outer loop
      vertex   -2.027778e+02 5.000000e+00 -2.971507e+02
      vertex   -2.027778e+02 1.700000e+01 -2.971507e+02
      vertex   -1.996290e+02 5.000000e+00 -3.045301e+02
    endloop
  endfacet
  facet normal -9.197660e-01 0.000000e+00 -3.924673e-01
    outer loop
      vertex   -1.996290e+02 5.000000e+00 -3.045301e+02
      vertex   -2.027778e+02 1.700000e+01 -2.971507e+02
      vertex   -1.996290e+02 1.700000e+01 -3.045301e+02
    endloop
  endfacet
  facet normal -9.355940e-01 0.000000e+00 -3.530777e-01
    outer loop
      vertex   -1.996290e+02 5.000000e+00 -3.045301e+02
      vertex   -1.996290e+02 1.700000e+01 -3.045301e+02
      vertex   -1.967962e+02 5.000000e+00 -3.120366e+02
    endloop
  endfacet
  facet normal -9.355940e-01 0.000000e+00 -3.530777e-01
    outer loop
      vertex   -1.967962e+02 5.000000e+00 -3.120366e+02
      vertex   -1.996290e+02 1.700000e+01 -3.045301e+02
      vertex   -1.967962e+02 1.700000e+01 -3.120366e+02
    endloop
  endfacet
  facet normal -9.497361e-01 0.000000e+00 -3.130518e-01
    outer loop
      vertex   -1.967962e+02 5.000000e+00 -3.120366e+02
      vertex   -1.967962e+02 1.700000e+01 -3.120366e+02
      vertex   -1.942845e+02 5.000000e+00 -3.196565e+02
    endloop
  endfacet
  facet normal -9.497361e-01 0.000000e+00 -3.130518e-01
    outer loop
      vertex   -1.942845e+02 5.000000e+00 -3.196565e+02
      vertex   -1.967962e+02 1.700000e+01 -3.120366e+02
      vertex   -1.942845e+02 1.700000e+01 -3.196565e+02
    endloop
  endfacet
  facet normal -9.621666e-01 0.000000e+00 -2.724618e-01
    outer loop
      vertex   -1.942845e+02 5.000000e+00 -3.196565e+02
      vertex   -1.942845e+02 1.700000e+01 -3.196565e+02
      vertex   -1.920985e+02 5.000000e+00 -3.273761e+02
    endloop
  endfacet
  facet normal -9.621666e-01 0.000000e+00 -2.724618e-01
    outer loop
      vertex   -1.920985e+02 5.000000e+00 -3.273761e+02
      vertex   -1.942845e+02 1.700000e+01 -3.196565e+02
      vertex   -1.920985e+02 1.700000e+01 -3.273761e+02
    endloop
  endfacet
  facet normal -9.728633e-01 0.000000e+00 -2.313808e-01
    outer loop
      vertex   -1.920985e+02 5.000000e+00 -3.273761e+02
      vertex   -1.920985e+02 1.700000e+01 -3.273761e+02
      vertex   -1.902421e+02 5.000000e+00 -3.351816e+02
    endloop
  endfacet
  facet normal -9.728633e-01 0.000000e+00 -2.313808e-01
    outer loop
      vertex   -1.902421e+02 5.000000e+00 -3.351816e+02
      vertex   -1.920985e+02 1.700000e+01 -3.273761e+02
      vertex   -1.902421e+02 1.700000e+01 -3.351816e+02
    endloop
  endfacet
  facet normal -9.818068e-01 0.000000e+00 -1.898828e-01
    outer loop
      vertex   -1.902421e+02 5.000000e+00 -3.351816e+02
      vertex   -1.902421e+02 1.700000e+01 -3.351816e+02
      vertex   -1.887186e+02 5.000000e+00 -3.430588e+02
    endloop
  endfacet
  facet normal -9.818068e-01 0.000000e+00 -1.898828e-01
    outer loop
      vertex   -1.887186e+02 5.000000e+00 -3.430588e+02
      vertex   -1.902421e+02 1.700000e+01 -3.351816e+02
      vertex   -1.887186e+02 1.700000e+01 -3.430588e+02
    endloop
  endfacet
  facet normal -9.889810e-01 0.000000e+00 -1.480427e-01
    outer loop
      vertex   -1.887186e+02 5.000000e+00 -3.430588e+02
      vertex   -1.887186e+02 1.700000e+01 -3.430588e+02
      vertex   -1.875308e+02 5.000000e+00 -3.509936e+02
    endloop
  endfacet
  facet normal -9.889810e-01 0.000000e+00 -1.480427e-01
    outer loop
      vertex   -1.875308e+02 5.000000e+00 -3.509936e+02
      vertex   -1.887186e+02 1.700000e+01 -3.430588e+02
      vertex   -1.875308e+02 1.700000e+01 -3.509936e+02
    endloop
  endfacet
  facet normal -9.943730e-01 0.000000e+00 -1.059357e-01
    outer loop
      vertex   -1.875308e+02 5.000000e+00 -3.509936e+02
      vertex   -1.875308e+02 1.700000e+01 -3.509936e+02
      vertex   -1.866809e+02 5.000000e+00 -3.589717e+02
    endloop
  endfacet
  facet normal -9.943730e-01 0.000000e+00 -1.059357e-01
    outer loop
      vertex   -1.866809e+02 5.000000e+00 -3.589717e+02
      vertex   -1.875308e+02 1.700000e+01 -3.509936e+02
      vertex   -1.866809e+02 1.700000e+01 -3.589717e+02
    endloop
  endfacet
  facet normal -9.979731e-01 0.000000e+00 -6.363790e-02
    outer loop
      vertex   -1.866809e+02 5.000000e+00 -3.589717e+02
      vertex   -1.866809e+02 1.700000e+01 -3.589717e+02
      vertex   -1.861703e+02 5.000000e+00 -3.669786e+02
    endloop
  endfacet
  facet normal -9.979731e-01 0.000000e+00 -6.363790e-02
    outer loop
      vertex   -1.861703e+02 5.000000e+00 -3.669786e+02
      vertex   -1.866809e+02 1.700000e+01 -3.589717e+02
      vertex   -1.861703e+02 1.700000e+01 -3.669786e+02
    endloop
  endfacet
  facet normal -9.997747e-01 0.000000e+00 -2.122538e-02
    outer loop
      vertex   -1.861703e+02 5.000000e+00 -3.669786e+02
      vertex   -1.861703e+02 1.700000e+01 -3.669786e+02
      vertex   -1.860000e+02 5.000000e+00 -3.750000e+02
    endloop
  endfacet
  facet normal -9.997747e-01 0.000000e+00 -2.122538e-02
    outer loop
      vertex   -1.860000e+02 5.000000e+00 -3.750000e+02
      vertex   -1.861703e+02 1.700000e+01 -3.669786e+02
      vertex   -1.860000e+02 1.700000e+01 -3.750000e+02
    endloop
  endfacet
  facet normal 2.040378e-02 -0.000000e+00 9.997918e-01
    outer loop
      vertex   -3.750000e+02 0.000000e+00 -1.750000e+02
      vertex   -3.668402e+02 0.000000e+00 -1.751665e+02
      vertex   -3.750000e+02 6.000000e+00 -1.750000e+02
    endloop
  endfacet
  facet normal 2.066690e-02 3.579844e-04 9.997864e-01
    outer loop
      vertex   -3.750000e+02 6.000000e+00 -1.750000e+02
      vertex   -3.668402e+02 0.000000e+00 -1.751665e+02
      vertex   -3.667350e+02 6.000000e+00 -1.751708e+02
    endloop
  endfacet
  facet normal 6.117736e-02 -3.533680e-04 9.981268e-01
    outer loop
      vertex   -3.667350e+02 6.000000e+00 -1.751708e+02
      vertex   -3.668402e+02 0.000000e+00 -1.751665e+02
      vertex   -3.586940e+02 0.000000e+00 -1.756658e+02
    endloop
  endfacet
  facet normal 6.196538e-02 7.067358e-04 9.980780e-01
    outer loop
      vertex   -3.667350e+02 6.000000e+00 -1.751708e+02
      vertex   -3.586940e+02 0.000000e+00 -1.756658e+02
      vertex   -3.584841e+02 6.000000e+00 -1.756831e+02
    endloop
  endfacet
  facet normal 1.018491e-01 -6.975028e-04 9.947996e-01
    outer loop
      vertex   -3.584841e+02 6.000000e+00 -1.756831e+02
      vertex   -3.586940e+02 0.000000e+00 -1.756658e+02
      vertex   -3.505749e+02 0.000000e+00 -1.764971e+02
    endloop
  endfacet
  facet normal 1.031580e-01 1.046254e-03 9.946644e-01
    outer loop
      vertex   -3.584841e+02 6.000000e+00 -1.756831e+02
      vertex   -3.505749e+02 0.000000e+00 -1.764971e+02
      vertex   -3.502615e+02 6.000000e+00 -1.765359e+02
    endloop
  endfacet
  facet normal 1.423511e-01 -1.032404e-03 9.898157e-01
    outer loop
      vertex   -3.502615e+02 6.000000e+00 -1.765359e+02
      vertex   -3.505749e+02 0.000000e+00 -1.764971e+02
      vertex   -3.424965e+02 0.000000e+00 -1.776589e+02
    endloop
  endfacet
  facet normal 1.441743e-01 1.376538e-03 9.895514e-01
    outer loop
      vertex   -3.502615e+02 6.000000e+00 -1.765359e+02
      vertex   -3.424965e+02 0.000000e+00 -1.776589e+02
      vertex   -3.420811e+02 6.000000e+00 -1.777277e+02
    endloop
  endfacet
  facet normal 1.826161e-01 -1.358072e-03 9.831834e-01
    outer loop
      vertex   -3.420811e+02 6.000000e+00 -1.777277e+02
      vertex   -3.424965e+02 0.000000e+00 -1.776589e+02
      vertex   -3.344722e+02 0.000000e+00 -1.791493e+02
    endloop
  endfacet
  facet normal 1.849442e-01 1.697589e-03 9.827476e-01
    outer loop
      vertex   -3.420811e+02 6.000000e+00 -1.777277e+02
      vertex   -3.344722e+02 0.000000e+00 -1.791493e+02
      vertex   -3.339569e+02 6.000000e+00 -1.792566e+02
    endloop
  endfacet
  facet normal 2.225769e-01 -1.674507e-03 9.749137e-01
    outer loop
      vertex   -3.339569e+02 6.000000e+00 -1.792566e+02
      vertex   -3.344722e+02 0.000000e+00 -1.791493e+02
      vertex   -3.265154e+02 0.000000e+00 -1.809659e+02
    endloop
  endfacet
  facet normal 2.253981e-01 2.009407e-03 9.742647e-01
    outer loop
      vertex   -3.339569e+02 6.000000e+00 -1.792566e+02
      vertex   -3.265154e+02 0.000000e+00 -1.809659e+02
      vertex   -3.259029e+02 6.000000e+00 -1.811199e+02
    endloop
  endfacet
  facet normal 2.621670e-01 -1.981707e-03 9.650205e-01
    outer loop
      vertex   -3.259029e+02 6.000000e+00 -1.811199e+02
      vertex   -3.265154e+02 0.000000e+00 -1.809659e+02
      vertex   -3.186394e+02 0.000000e+00 -1.831055e+02
    endloop
  endfacet
  facet normal 2.654668e-01 2.311990e-03 9.641172e-01
    outer loop
      vertex   -3.259029e+02 6.000000e+00 -1.811199e+02
      vertex   -3.186394e+02 0.000000e+00 -1.831055e+02
      vertex   -3.179328e+02 6.000000e+00 -1.833145e+02
    endloop
  endfacet
  facet normal 3.013204e-01 -2.279674e-03 9.535202e-01
    outer loop
      vertex   -3.179328e+02 6.000000e+00 -1.833145e+02
      vertex   -3.186394e+02 0.000000e+00 -1.831055e+02
      vertex   -3.108572e+02 0.000000e+00 -1.855648e+02
    endloop
  endfacet
  facet normal 3.050820e-01 2.605339e-03 9.523225e-01
    outer loop
      vertex   -3.179328e+02 6.000000e+00 -1.833145e+02
      vertex   -3.108572e+02 0.000000e+00 -1.855648e+02
      vertex   -3.100601e+02 6.000000e+00 -1.858366e+02
    endloop
  endfacet
  facet normal 3.399720e-01 -2.568407e-03 9.404320e-01
    outer loop
      vertex   -3.100601e+02 6.000000e+00 -1.858366e+02
      vertex   -3.108572e+02 0.000000e+00 -1.855648e+02
      vertex   -3.031818e+02 0.000000e+00 -1.883395e+02
    endloop
  endfacet
  facet normal 3.441758e-01 2.889454e-03 9.389008e-01
    outer loop
      vertex   -3.100601e+02 6.000000e+00 -1.858366e+02
      vertex   -3.031818e+02 0.000000e+00 -1.883395e+02
      vertex   -3.022984e+02 6.000000e+00 -1.886818e+02
    endloop
  endfacet
  facet normal 3.780574e-01 -2.847905e-03 9.257778e-01
    outer loop
      vertex   -3.022984e+02 6.000000e+00 -1.886818e+02
      vertex   -3.031818e+02 0.000000e+00 -1.883395e+02
      vertex   -2.956261e+02 0.000000e+00 -1.914250e+02
    endloop
  endfacet
  facet normal 3.826815e-01 3.164335e-03 9.238749e-01
    outer loop
      vertex   -3.022984e+02 6.000000e+00 -1.886818e+02
      vertex   -2.956261e+02 0.000000e+00 -1.914250e+02
      vertex   -2.946609e+02 6.000000e+00 -1.918453e+02
    endloop
  endfacet
  facet normal 4.155132e-01 -3.118169e-03 9.095818e-01
    outer loop
      vertex   -2.946609e+02 6.000000e+00 -1.918453e+02
      vertex   -2.956261e+02 0.000000e+00 -1.914250e+02
      vertex   -2.882025e+02 0.000000e+00 -1.948162e+02
    endloop
  endfacet
  facet normal 4.205334e-01 3.429982e-03 9.072706e-01
    outer loop
      vertex   -2.946609e+02 6.000000e+00 -1.918453e+02
      vertex   -2.882025e+02 0.000000e+00 -1.948162e+02
      vertex   -2.871607e+02 6.000000e+00 -1.953218e+02
    endloop
  endfacet
  facet normal 4.522769e-01 -3.379199e-03 8.918712e-01
    outer loop
      vertex   -2.871607e+02 6.000000e+00 -1.953218e+02
      vertex   -2.882025e+02 0.000000e+00 -1.948162e+02
      vertex   -2.809234e+02 0.000000e+00 -1.985075e+02
    endloop
  endfacet
  facet normal 4.576666e-01 3.686394e-03 8.891162e-01
    outer loop
      vertex   -2.871607e+02 6.000000e+00 -1.953218e+02
      vertex   -2.809234e+02 0.000000e+00 -1.985075e+02
      vertex   -2.798105e+02 6.000000e+00 -1.991052e+02
    endloop
  endfacet
  facet normal 4.882874e-01 -3.630995e-03 8.726753e-01
    outer loop
      vertex   -2.798105e+02 6.000000e+00 -1.991052e+02
      vertex   -2.809234e+02 0.000000e+00 -1.985075e+02
      vertex   -2.738010e+02 0.000000e+00 -2.024927e+02
    endloop
  endfacet
  facet normal 4.940179e-01 3.933572e-03 8.694428e-01
    outer loop
      vertex   -2.798105e+02 6.000000e+00 -1.991052e+02
      vertex   -2.738010e+02 0.000000e+00 -2.024927e+02
      vertex   -2.726230e+02 6.000000e+00 -2.031892e+02
    endloop
  endfacet
  facet normal 5.234847e-01 -3.873556e-03 8.520263e-01
    outer loop
      vertex   -2.726230e+02 6.000000e+00 -2.031892e+02
      vertex   -2.738010e+02 0.000000e+00 -2.024927e+02
      vertex   -2.668471e+02 0.000000e+00 -2.067652e+02
    endloop
  endfacet
  facet normal 5.295251e-01 4.171516e-03 8.482840e-01
    outer loop
      vertex   -2.726230e+02 6.000000e+00 -2.031892e+02
      vertex   -2.668471e+02 0.000000e+00 -2.067652e+02
      vertex   -2.656104e+02 6.000000e+00 -2.075667e+02
    endloop
  endfacet
  facet normal 5.578102e-01 -4.106883e-03 8.299584e-01
    outer loop
      vertex   -2.656104e+02 6.000000e+00 -2.075667e+02
      vertex   -2.668471e+02 0.000000e+00 -2.067652e+02
      vertex   -2.600734e+02 0.000000e+00 -2.113178e+02
    endloop
  endfacet
  facet normal 5.641275e-01 4.400225e-03 8.256760e-01
    outer loop
      vertex   -2.656104e+02 6.000000e+00 -2.075667e+02
      vertex   -2.600734e+02 0.000000e+00 -2.113178e+02
      vertex   -2.587846e+02 6.000000e+00 -2.122303e+02
    endloop
  endfacet
  facet normal 5.912067e-01 -4.330975e-03 8.065084e-01
    outer loop
      vertex   -2.587846e+02 6.000000e+00 -2.122303e+02
      vertex   -2.600734e+02 0.000000e+00 -2.113178e+02
      vertex   -2.534910e+02 0.000000e+00 -2.161430e+02
    endloop
  endfacet
  facet normal 5.977661e-01 4.619699e-03 8.016573e-01
    outer loop
      vertex   -2.587846e+02 6.000000e+00 -2.122303e+02
      vertex   -2.534910e+02 0.000000e+00 -2.161430e+02
      vertex   -2.521575e+02 6.000000e+00 -2.171719e+02
    endloop
  endfacet
  facet normal 6.236187e-01 -4.545833e-03 7.817155e-01
    outer loop
      vertex   -2.521575e+02 6.000000e+00 -2.171719e+02
      vertex   -2.534910e+02 0.000000e+00 -2.161430e+02
      vertex   -2.471109e+02 0.000000e+00 -2.212327e+02
    endloop
  endfacet
  facet normal 6.303833e-01 4.829939e-03 7.762690e-01
    outer loop
      vertex   -2.521575e+02 6.000000e+00 -2.171719e+02
      vertex   -2.471109e+02 0.000000e+00 -2.212327e+02
      vertex   -2.457402e+02 6.000000e+00 -2.223832e+02
    endloop
  endfacet
  facet normal 6.549921e-01 -4.751457e-03 7.556208e-01
    outer loop
      vertex   -2.457402e+02 6.000000e+00 -2.223832e+02
      vertex   -2.471109e+02 0.000000e+00 -2.212327e+02
      vertex   -2.409438e+02 0.000000e+00 -2.265785e+02
    endloop
  endfacet
  facet normal 6.619234e-01 5.030945e-03 7.495546e-01
    outer loop
      vertex   -2.457402e+02 6.000000e+00 -2.223832e+02
      vertex   -2.409438e+02 0.000000e+00 -2.265785e+02
      vertex   -2.395437e+02 6.000000e+00 -2.278552e+02
    endloop
  endfacet
  facet normal 6.852747e-01 -4.947846e-03 7.282679e-01
    outer loop
      vertex   -2.395437e+02 6.000000e+00 -2.278552e+02
      vertex   -2.409438e+02 0.000000e+00 -2.265785e+02
      vertex   -2.350000e+02 0.000000e+00 -2.321714e+02
    endloop
  endfacet
  facet normal 6.923326e-01 5.222716e-03 7.215596e-01
    outer loop
      vertex   -2.395437e+02 6.000000e+00 -2.278552e+02
      vertex   -2.350000e+02 0.000000e+00 -2.321714e+02
      vertex   -2.335786e+02 6.000000e+00 -2.335786e+02
    endloop
  endfacet
  facet normal 7.144161e-01 -5.135000e-03 6.997023e-01
    outer loop
      vertex   -2.335786e+02 6.000000e+00 -2.335786e+02
      vertex   -2.350000e+02 0.000000e+00 -2.321714e+02
      vertex   -2.292893e+02 0.000000e+00 -2.380022e+02
    endloop
  endfacet
  facet normal 7.215589e-01 5.405253e-03 6.923319e-01
    outer loop
      vertex   -2.335786e+02 6.000000e+00 -2.335786e+02
      vertex   -2.292893e+02 0.000000e+00 -2.380022e+02
      vertex   -2.278552e+02 6.000000e+00 -2.395437e+02
    endloop
  endfacet
  facet normal 7.423677e-01 -5.312920e-03 6.699716e-01
    outer loop
      vertex   -2.278552e+02 6.000000e+00 -2.395437e+02
      vertex   -2.292893e+02 0.000000e+00 -2.380022e+02
      vertex   -2.238212e+02 0.000000e+00 -2.440612e+02
    endloop
  endfacet
  facet normal 7.495524e-01 5.578555e-03 6.619215e-01
    outer loop
      vertex   -2.278552e+02 6.000000e+00 -2.395437e+02
      vertex   -2.238212e+02 0.000000e+00 -2.440612e+02
      vertex   -2.223832e+02 6.000000e+00 -2.457402e+02
    endloop
  endfacet
  facet normal 7.690831e-01 -5.481606e-03 6.391252e-01
    outer loop
      vertex   -2.223832e+02 6.000000e+00 -2.457402e+02
      vertex   -2.238212e+02 0.000000e+00 -2.440612e+02
      vertex   -2.186049e+02 0.000000e+00 -2.503381e+02
    endloop
  endfacet
  facet normal 7.762653e-01 5.742623e-03 6.303802e-01
    outer loop
      vertex   -2.223832e+02 6.000000e+00 -2.457402e+02
      vertex   -2.186049e+02 0.000000e+00 -2.503381e+02
      vertex   -2.171719e+02 6.000000e+00 -2.521575e+02
    endloop
  endfacet
  facet normal 7.945178e-01 -5.641057e-03 6.072147e-01
    outer loop
      vertex   -2.171719e+02 6.000000e+00 -2.521575e+02
      vertex   -2.186049e+02 0.000000e+00 -2.503381e+02
      vertex   -2.136491e+02 0.000000e+00 -2.568227e+02
    endloop
  endfacet
  facet normal 8.016519e-01 5.897457e-03 5.977620e-01
    outer loop
      vertex   -2.171719e+02 6.000000e+00 -2.521575e+02
      vertex   -2.136491e+02 0.000000e+00 -2.568227e+02
      vertex   -2.122303e+02 6.000000e+00 -2.587846e+02
    endloop
  endfacet
  facet normal 8.186293e-01 -5.791274e-03 5.742930e-01
    outer loop
      vertex   -2.122303e+02 6.000000e+00 -2.587846e+02
      vertex   -2.136491e+02 0.000000e+00 -2.568227e+02
      vertex   -2.089619e+02 0.000000e+00 -2.635041e+02
    endloop
  endfacet
  facet normal 8.256689e-01 6.043056e-03 5.641227e-01
    outer loop
      vertex   -2.122303e+02 6.000000e+00 -2.587846e+02
      vertex   -2.089619e+02 0.000000e+00 -2.635041e+02
      vertex   -2.075667e+02 6.000000e+00 -2.656104e+02
    endloop
  endfacet
  facet normal 8.413777e-01 -5.932256e-03 5.404151e-01
    outer loop
      vertex   -2.075667e+02 6.000000e+00 -2.656104e+02
      vertex   -2.089619e+02 0.000000e+00 -2.635041e+02
      vertex   -2.045512e+02 0.000000e+00 -2.703711e+02
    endloop
  endfacet
  facet normal 8.482752e-01 6.179421e-03 5.295196e-01
    outer loop
      vertex   -2.075667e+02 6.000000e+00 -2.656104e+02
      vertex   -2.045512e+02 0.000000e+00 -2.703711e+02
      vertex   -2.031892e+02 6.000000e+00 -2.726230e+02
    endloop
  endfacet
  facet normal 8.627249e-01 -6.064004e-03 5.056373e-01
    outer loop
      vertex   -2.031892e+02 6.000000e+00 -2.726230e+02
      vertex   -2.045512e+02 0.000000e+00 -2.703711e+02
      vertex   -2.004244e+02 0.000000e+00 -2.774124e+02
    endloop
  endfacet
  facet normal 8.694323e-01 6.306551e-03 4.940119e-01
    outer loop
      vertex   -2.031892e+02 6.000000e+00 -2.726230e+02
      vertex   -2.004244e+02 0.000000e+00 -2.774124e+02
      vertex   -1.991052e+02 6.000000e+00 -2.798105e+02
    endloop
  endfacet
  facet normal 8.826354e-01 -6.186517e-03 4.700175e-01
    outer loop
      vertex   -1.991052e+02 6.000000e+00 -2.798105e+02
      vertex   -2.004244e+02 0.000000e+00 -2.774124e+02
      vertex   -1.965882e+02 0.000000e+00 -2.846161e+02
    endloop
  endfacet
  facet normal 8.891039e-01 6.424447e-03 4.576603e-01
    outer loop
      vertex   -1.991052e+02 6.000000e+00 -2.798105e+02
      vertex   -1.965882e+02 0.000000e+00 -2.846161e+02
      vertex   -1.953218e+02 6.000000e+00 -2.871607e+02
    endloop
  endfacet
  facet normal 9.010761e-01 -6.299797e-03 4.336152e-01
    outer loop
      vertex   -1.953218e+02 6.000000e+00 -2.871607e+02
      vertex   -1.965882e+02 0.000000e+00 -2.846161e+02
      vertex   -1.930492e+02 0.000000e+00 -2.919704e+02
    endloop
  endfacet
  facet normal 9.072566e-01 6.533109e-03 4.205269e-01
    outer loop
      vertex   -1.953218e+02 6.000000e+00 -2.871607e+02
      vertex   -1.930492e+02 0.000000e+00 -2.919704e+02
      vertex   -1.918453e+02 6.000000e+00 -2.946609e+02
    endloop
  endfacet
  facet normal 9.180163e-01 -6.403842e-03 3.964908e-01
    outer loop
      vertex   -1.918453e+02 6.000000e+00 -2.946609e+02
      vertex   -1.930492e+02 0.000000e+00 -2.919704e+02
      vertex   -1.898132e+02 0.000000e+00 -2.994630e+02
    endloop
  endfacet
  facet normal 9.238592e-01 6.632536e-03 3.826750e-01
    outer loop
      vertex   -1.918453e+02 6.000000e+00 -2.946609e+02
      vertex   -1.898132e+02 0.000000e+00 -2.994630e+02
      vertex   -1.886818e+02 6.000000e+00 -3.022984e+02
    endloop
  endfacet
  facet normal 9.334279e-01 -6.498652e-03 3.587063e-01
    outer loop
      vertex   -1.886818e+02 6.000000e+00 -3.022984e+02
      vertex   -1.898132e+02 0.000000e+00 -2.994630e+02
      vertex   -1.868855e+02 0.000000e+00 -3.070813e+02
    endloop
  endfacet
  facet normal 9.388835e-01 6.722729e-03 3.441695e-01
    outer loop
      vertex   -1.886818e+02 6.000000e+00 -3.022984e+02
      vertex   -1.868855e+02 0.000000e+00 -3.070813e+02
      vertex   -1.858366e+02 6.000000e+00 -3.100601e+02
    endloop
  endfacet
  facet normal 9.472850e-01 -6.584229e-03 3.203244e-01
    outer loop
      vertex   -1.858366e+02 6.000000e+00 -3.100601e+02
      vertex   -1.868855e+02 0.000000e+00 -3.070813e+02
      vertex   -1.842711e+02 0.000000e+00 -3.148128e+02
    endloop
  endfacet
  facet normal 9.523037e-01 6.803688e-03 3.050759e-01
    outer loop
      vertex   -1.858366e+02 6.000000e+00 -3.100601e+02
      vertex   -1.842711e+02 0.000000e+00 -3.148128e+02
      vertex   -1.833145e+02 6.000000e+00 -3.179328e+02
    endloop
  endfacet
  facet normal 9.595647e-01 -6.660571e-03 2.814092e-01
    outer loop
      vertex   -1.833145e+02 6.000000e+00 -3.179328e+02
      vertex   -1.842711e+02 0.000000e+00 -3.148128e+02
      vertex   -1.819744e+02 0.000000e+00 -3.226445e+02
    endloop
  endfacet
  facet normal 9.640970e-01 6.875413e-03 2.654613e-01
    outer loop
      vertex   -1.833145e+02 6.000000e+00 -3.179328e+02
      vertex   -1.819744e+02 0.000000e+00 -3.226445e+02
      vertex   -1.811199e+02 6.000000e+00 -3.259029e+02
    endloop
  endfacet
  facet normal 9.702466e-01 -6.727679e-03 2.420255e-01
    outer loop
      vertex   -1.811199e+02 6.000000e+00 -3.259029e+02
      vertex   -1.819744e+02 0.000000e+00 -3.226445e+02
      vertex   -1.799990e+02 0.000000e+00 -3.305633e+02
    endloop
  endfacet
  facet normal 9.742432e-01 6.937904e-03 2.253931e-01
    outer loop
      vertex   -1.811199e+02 6.000000e+00 -3.259029e+02
      vertex   -1.799990e+02 0.000000e+00 -3.305633e+02
      vertex   -1.792566e+02 6.000000e+00 -3.339569e+02
    endloop
  endfacet
  facet normal 9.793127e-01 -6.785553e-03 2.022387e-01
    outer loop
      vertex   -1.792566e+02 6.000000e+00 -3.339569e+02
      vertex   -1.799990e+02 0.000000e+00 -3.305633e+02
      vertex   -1.783484e+02 0.000000e+00 -3.385562e+02
    endloop
  endfacet
  facet normal 9.827250e-01 6.991160e-03 1.849399e-01
    outer loop
      vertex   -1.792566e+02 6.000000e+00 -3.339569e+02
      vertex   -1.783484e+02 0.000000e+00 -3.385562e+02
      vertex   -1.777277e+02 6.000000e+00 -3.420811e+02
    endloop
  endfacet
  facet normal 9.867482e-01 -6.834192e-03 1.621152e-01
    outer loop
      vertex   -1.777277e+02 6.000000e+00 -3.420811e+02
      vertex   -1.783484e+02 0.000000e+00 -3.385562e+02
      vertex   -1.770253e+02 0.000000e+00 -3.466097e+02
    endloop
  endfacet
  facet normal 9.895278e-01 7.035182e-03 1.441708e-01
    outer loop
      vertex   -1.777277e+02 6.000000e+00 -3.420811e+02
      vertex   -1.770253e+02 0.000000e+00 -3.466097e+02
      vertex   -1.765359e+02 6.000000e+00 -3.502615e+02
    endloop
  endfacet
  facet normal 9.925405e-01 -6.873597e-03 1.217218e-01
    outer loop
      vertex   -1.765359e+02 6.000000e+00 -3.502615e+02
      vertex   -1.770253e+02 0.000000e+00 -3.466097e+02
      vertex   -1.760318e+02 0.000000e+00 -3.547105e+02
    endloop
  endfacet
  facet normal 9.946401e-01 7.069970e-03 1.031554e-01
    outer loop
      vertex   -1.765359e+02 6.000000e+00 -3.502615e+02
      vertex   -1.760318e+02 0.000000e+00 -3.547105e+02
      vertex   -1.756831e+02 6.000000e+00 -3.584841e+02
    endloop
  endfacet
  facet normal 9.966800e-01 -6.903769e-03 8.112571e-02
    outer loop
      vertex   -1.756831e+02 6.000000e+00 -3.584841e+02
      vertex   -1.760318e+02 0.000000e+00 -3.547105e+02
      vertex   -1.753697e+02 0.000000e+00 -3.628452e+02
    endloop
  endfacet
  facet normal 9.980532e-01 7.095524e-03 6.196383e-02
    outer loop
      vertex   -1.756831e+02 6.000000e+00 -3.584841e+02
      vertex   -1.753697e+02 0.000000e+00 -3.628452e+02
      vertex   -1.751708e+02 6.000000e+00 -3.667350e+02
    endloop
  endfacet
  facet normal 9.991598e-01 -6.924706e-03 4.039454e-02
    outer loop
      vertex   -1.751708e+02 6.000000e+00 -3.667350e+02
      vertex   -1.753697e+02 0.000000e+00 -3.628452e+02
      vertex   -1.750400e+02 0.000000e+00 -3.710000e+02
    endloop
  endfacet
  facet normal 9.995297e-01 0.000000e+00 3.066422e-02
    outer loop
      vertex   -1.751708e+02 6.000000e+00 -3.667350e+02
      vertex   -1.750400e+02 0.000000e+00 -3.710000e+02
      vertex   -1.750400e+02 3.000000e+00 -3.710000e+02
    endloop
  endfacet
  facet normal 9.995502e-01 9.822861e-04 2.997391e-02
    outer loop
      vertex   -1.750400e+02 3.000000e+00 -3.710000e+02
      vertex   -1.750396e+02 3.192244e+00 -3.710189e+02
      vertex   -1.751708e+02 6.000000e+00 -3.667350e+02
    endloop
  endfacet
  facet normal 9.995806e-01 2.729476e-03 2.882970e-02
    outer loop
      vertex   -1.751708e+02 6.000000e+00 -3.667350e+02
      vertex   -1.750396e+02 3.192244e+00 -3.710189e+02
      vertex   -1.750385e+02 3.382705e+00 -3.710761e+02
    endloop
  endfacet
  facet normal 9.996045e-01 4.510443e-03 2.775667e-02
    outer loop
      vertex   -1.751708e+02 6.000000e+00 -3.667350e+02
      vertex   -1.750385e+02 3.382705e+00 -3.710761e+02
      vertex   -1.750367e+02 3.557821e+00 -3.711704e+02
    endloop
  endfacet
  facet normal 9.996229e-01 6.443955e-03 2.669261e-02
    outer loop
      vertex   -1.750367e+02 3.557821e+00 -3.711704e+02
      vertex   -1.750344e+02 3.707126e+00 -3.712929e+02
      vertex   -1.751708e+02 6.000000e+00 -3.667350e+02
    endloop
  endfacet
  facet normal 9.996363e-01 8.900520e-03 2.545723e-02
    outer loop
      vertex   -1.751708e+02 6.000000e+00 -3.667350e+02
      vertex   -1.750344e+02 3.707126e+00 -3.712929e+02
      vertex   -1.750316e+02 3.829667e+00 -3.714422e+02
    endloop
  endfacet
  facet normal 9.996390e-01 1.221915e-02 2.392721e-02
    outer loop
      vertex   -1.751708e+02 6.000000e+00 -3.667350e+02
      vertex   -1.750316e+02 3.829667e+00 -3.714422e+02
      vertex   -1.750286e+02 3.923886e+00 -3.716173e+02
    endloop
  endfacet
  facet normal 9.996117e-01 1.750627e-02 2.167817e-02
    outer loop
      vertex   -1.750286e+02 3.923886e+00 -3.716173e+02
      vertex   -1.750255e+02 3.981077e+00 -3.718078e+02
      vertex   -1.751708e+02 6.000000e+00 -3.667350e+02
    endloop
  endfacet
  facet normal 9.995853e-01 2.005574e-02 2.066274e-02
    outer loop
      vertex   -1.751708e+02 6.000000e+00 -3.667350e+02
      vertex   -1.750255e+02 3.981077e+00 -3.718078e+02
      vertex   -1.750000e+02 6.000000e+00 -3.750000e+02
    endloop
  endfacet
  facet normal 9.997587e-01 1.406480e-02 1.687515e-02
    outer loop
      vertex   -1.750000e+02 6.000000e+00 -3.750000e+02
      vertex   -1.750255e+02 3.981077e+00 -3.718078e+02
      vertex   -1.750225e+02 4.000000e+00 -3.720000e+02
    endloop
  endfacet
  facet normal 9.998937e-01 7.500223e-03 1.249977e-02
    outer loop
      vertex   -1.750000e+02 6.000000e+00 -3.750000e+02
      vertex   -1.750225e+02 4.000000e+00 -3.720000e+02
      vertex   -1.750100e+02 4.000000e+00 -3.730000e+02
    endloop
  endfacet
  facet normal 9.999687e-01 2.500158e-03 7.500174e-03
    outer loop
      vertex   -1.750100e+02 4.000000e+00 -3.730000e+02
      vertex   -1.750025e+02 4.000000e+00 -3.740000e+02
      vertex   -1.750000e+02 6.000000e+00 -3.750000e+02
    endloop
  endfacet
  facet normal 9.999969e-01 0.000000e+00 2.500086e-03
    outer loop
      vertex   -1.750000e+02 6.000000e+00 -3.750000e+02
      vertex   -1.750025e+02 4.000000e+00 -3.740000e+02
      vertex   -1.750000e+02 4.000000e+00 -3.750000e+02
    endloop
  endfacet
  facet normal 8.881784e-16 -1.000000e+00 -6.214557e-15
    outer loop
      vertex   -1.938000e+02 4.000000e+00 -3.750000e+02
      vertex   -1.938028e+02 4.000000e+00 -3.740000e+02
      vertex   -1.948000e+02 4.000000e+00 -3.750000e+02
    endloop
  endfacet
  facet normal 1.776326e-15 -1.000000e+00 -7.100220e-15
    outer loop
      vertex   -1.948000e+02 4.000000e+00 -3.750000e+02
      vertex   -1.938028e+02 4.000000e+00 -3.740000e+02
      vertex   -1.948028e+02 4.000000e+00 -3.740000e+02
    endloop
  endfacet
  facet normal 1.776326e-15 -1.000000e+00 -7.978834e-15
    outer loop
      vertex   -1.948028e+02 4.000000e+00 -3.740000e+02
      vertex   -1.938028e+02 4.000000e+00 -3.740000e+02
      vertex   -1.938110e+02 4.000000e+00 -3.730000e+02
    endloop
  endfacet
  facet normal 8.881200e-16 -1.000000e+00 -7.097974e-15
    outer loop
      vertex   -1.948028e+02 4.000000e+00 -3.740000e+02
      vertex   -1.938110e+02 4.000000e+00 -3.730000e+02
      vertex   -1.948111e+02 4.000000e+00 -3.730000e+02
    endloop
  endfacet
  facet normal 8.881451e-16 -1.000000e+00 3.731771e-14
    outer loop
      vertex   -1.948111e+02 4.000000e+00 -3.730000e+02
      vertex   -1.938110e+02 4.000000e+00 -3.730000e+02
      vertex   -1.938248e+02 4.000000e+00 -3.720000e+02
    endloop
  endfacet
  facet normal -8.880560e-16 -1.000000e+00 3.906961e-14
    outer loop
      vertex   -1.948111e+02 4.000000e+00 -3.730000e+02
      vertex   -1.938248e+02 4.000000e+00 -3.720000e+02
      vertex   -1.948250e+02 4.000000e+00 -3.720000e+02
    endloop
  endfacet
  facet normal -0.000000e+00 -9.951892e-01 -9.797196e-02
    outer loop
      vertex   -1.750225e+02 4.000000e+00 -3.720000e+02
      vertex   -1.750255e+02 3.981077e+00 -3.718078e+02
      vertex   -1.760226e+02 4.000000e+00 -3.720000e+02
    endloop
  endfacet
  facet normal -8.427987e-09 -9.951892e-01 -9.797192e-02
    outer loop
      vertex   -1.760226e+02 4.000000e+00 -3.720000e+02
      vertex   -1.750255e+02 3.981077e+00 -3.718078e+02
      vertex   -1.760256e+02 3.981077e+00 -3.718078e+02
    endloop
  endfacet
  facet normal 8.136100e-09 -9.577474e-01 -2.876108e-01
    outer loop
      vertex   -1.760256e+02 3.981077e+00 -3.718078e+02
      vertex   -1.750255e+02 3.981077e+00 -3.718078e+02
      vertex   -1.750286e+02 3.923886e+00 -3.716173e+02
    endloop
  endfacet
  facet normal -1.796949e-08 -9.577474e-01 -2.876107e-01
    outer loop
      vertex   -1.760256e+02 3.981077e+00 -3.718078e+02
      vertex   -1.750286e+02 3.923886e+00 -3.716173e+02
      vertex   -1.760288e+02 3.923887e+00 -3.716173e+02
    endloop
  endfacet
  facet normal 1.797082e-08 -8.806176e-01 -4.738277e-01
    outer loop
      vertex   -1.760288e+02 3.923887e+00 -3.716173e+02
      vertex   -1.750286e+02 3.923886e+00 -3.716173e+02
      vertex   -1.750316e+02 3.829667e+00 -3.714422e+02
    endloop
  endfacet
  facet normal -2.511033e-08 -8.806177e-01 -4.738275e-01
    outer loop
      vertex   -1.760288e+02 3.923887e+00 -3.716173e+02
      vertex   -1.750316e+02 3.829667e+00 -3.714422e+02
      vertex   -1.760318e+02 3.829667e+00 -3.714422e+02
    endloop
  endfacet
  facet normal 2.363369e-08 -7.730009e-01 -6.344050e-01
    outer loop
      vertex   -1.760318e+02 3.829667e+00 -3.714422e+02
      vertex   -1.750316e+02 3.829667e+00 -3.714422e+02
      vertex   -1.750344e+02 3.707126e+00 -3.712929e+02
    endloop
  endfacet
  facet normal -2.689643e-08 -7.730010e-01 -6.344048e-01
    outer loop
      vertex   -1.760318e+02 3.829667e+00 -3.714422e+02
      vertex   -1.750344e+02 3.707126e+00 -3.712929e+02
      vertex   -1.760345e+02 3.707126e+00 -3.712929e+02
    endloop
  endfacet
  facet normal 2.690028e-08 -6.344467e-01 -7.729666e-01
    outer loop
      vertex   -1.760345e+02 3.707126e+00 -3.712929e+02
      vertex   -1.750344e+02 3.707126e+00 -3.712929e+02
      vertex   -1.750367e+02 3.557821e+00 -3.711704e+02
    endloop
  endfacet
  facet normal -2.778396e-08 -6.344470e-01 -7.729664e-01
    outer loop
      vertex   -1.760345e+02 3.707126e+00 -3.712929e+02
      vertex   -1.750367e+02 3.557821e+00 -3.711704e+02
      vertex   -1.760369e+02 3.557821e+00 -3.711704e+02
    endloop
  endfacet
  facet normal 2.845760e-08 -4.738696e-01 -8.805950e-01
    outer loop
      vertex   -1.760369e+02 3.557821e+00 -3.711704e+02
      vertex   -1.750367e+02 3.557821e+00 -3.711704e+02
      vertex   -1.750385e+02 3.382705e+00 -3.710761e+02
    endloop
  endfacet
  facet normal -2.384637e-08 -4.738699e-01 -8.805949e-01
    outer loop
      vertex   -1.760369e+02 3.557821e+00 -3.711704e+02
      vertex   -1.750385e+02 3.382705e+00 -3.710761e+02
      vertex   -1.760387e+02 3.382705e+00 -3.710761e+02
    endloop
  endfacet
  facet normal 2.384796e-08 -2.876408e-01 -9.577384e-01
    outer loop
      vertex   -1.760387e+02 3.382705e+00 -3.710761e+02
      vertex   -1.750385e+02 3.382705e+00 -3.710761e+02
      vertex   -1.750396e+02 3.192244e+00 -3.710189e+02
    endloop
  endfacet
  facet normal -1.281410e-08 -2.876410e-01 -9.577383e-01
    outer loop
      vertex   -1.760387e+02 3.382705e+00 -3.710761e+02
      vertex   -1.750396e+02 3.192244e+00 -3.710189e+02
      vertex   -1.760398e+02 3.192245e+00 -3.710189e+02
    endloop
  endfacet
  facet normal 1.286701e-08 -9.798285e-02 -9.951881e-01
    outer loop
      vertex   -1.760398e+02 3.192245e+00 -3.710189e+02
      vertex   -1.750396e+02 3.192244e+00 -3.710189e+02
      vertex   -1.750400e+02 3.000000e+00 -3.710000e+02
    endloop
  endfacet
  facet normal 0.000000e+00 -9.798292e-02 -9.951881e-01
    outer loop
      vertex   -1.760398e+02 3.192245e+00 -3.710189e+02
      vertex   -1.750400e+02 3.000000e+00 -3.710000e+02
      vertex   -1.760402e+02 3.000000e+00 -3.710000e+02
    endloop
  endfacet
  facet normal 0.000000e+00 0.000000e+00 -1.000000e+00
    outer loop
      vertex   -1.760402e+02 3.000000e+00 -3.710000e+02
      vertex   -1.750400e+02 3.000000e+00 -3.710000e+02
      vertex   -1.760402e+02 1.000000e+00 -3.710000e+02
    endloop
  endfacet
  facet normal 0.000000e+00 0.000000e+00 -1.000000e+00
    outer loop
      vertex   -1.760402e+02 1.000000e+00 -3.710000e+02
      vertex   -1.750400e+02 3.000000e+00 -3.710000e+02
      vertex   -1.750400e+02 0.000000e+00 -3.710000e+02
    endloop
  endfacet
  facet normal 0.000000e+00 -0.000000e+00 -1.000000e+00
    outer loop
      vertex   -1.760402e+02 1.000000e+00 -3.710000e+02
      vertex   -1.750400e+02 0.000000e+00 -3.710000e+02
      vertex   -1.860423e+02 1.341104e-07 -3.710000e+02
    endloop
  endfacet
  facet normal 0.000000e+00 0.000000e+00 -1.000000e+00
    outer loop
      vertex   -1.860423e+02 1.341104e-07 -3.710000e+02
      vertex   -1.860423e+02 1.000000e+00 -3.710000e+02
      vertex   -1.760402e+02 1.000000e+00 -3.710000e+02
    endloop
  endfacet
  facet normal -8.837838e-16 -9.951893e-01 -9.797102e-02
    outer loop
      vertex   -1.938248e+02 4.000000e+00 -3.720000e+02
      vertex   -1.938281e+02 3.981077e+00 -3.718078e+02
      vertex   -1.948250e+02 4.000000e+00 -3.720000e+02
    endloop
  endfacet
  facet normal 9.445304e-09 -9.951893e-01 -9.797107e-02
    outer loop
      vertex   -1.948250e+02 4.000000e+00 -3.720000e+02
      vertex   -1.938281e+02 3.981077e+00 -3.718078e+02
      vertex   -1.948283e+02 3.981077e+00 -3.718078e+02
    endloop
  endfacet
  facet normal -5.526590e-08 -9.577482e-01 -2.876081e-01
    outer loop
      vertex   -1.948283e+02 3.981077e+00 -3.718078e+02
      vertex   -1.938281e+02 3.981077e+00 -3.718078e+02
      vertex   -1.938316e+02 3.923888e+00 -3.716173e+02
    endloop
  endfacet
  facet normal 9.677143e-08 -9.577480e-01 -2.876088e-01
    outer loop
      vertex   -1.948283e+02 3.981077e+00 -3.718078e+02
      vertex   -1.938316e+02 3.923888e+00 -3.716173e+02
      vertex   -1.948318e+02 3.923888e+00 -3.716173e+02
    endloop
  endfacet
  facet normal -9.682605e-08 -8.806198e-01 -4.738236e-01
    outer loop
      vertex   -1.948318e+02 3.923888e+00 -3.716173e+02
      vertex   -1.938316e+02 3.923888e+00 -3.716173e+02
      vertex   -1.938349e+02 3.829670e+00 -3.714422e+02
    endloop
  endfacet
  facet normal 8.807541e-08 -8.806194e-01 -4.738244e-01
    outer loop
      vertex   -1.948318e+02 3.923888e+00 -3.716173e+02
      vertex   -1.938349e+02 3.829670e+00 -3.714422e+02
      vertex   -1.948351e+02 3.829669e+00 -3.714422e+02
    endloop
  endfacet
  facet normal -1.283248e-07 -7.730045e-01 -6.344006e-01
    outer loop
      vertex   -1.948351e+02 3.829669e+00 -3.714422e+02
      vertex   -1.938349e+02 3.829670e+00 -3.714422e+02
      vertex   -1.938379e+02 3.707130e+00 -3.712929e+02
    endloop
  endfacet
  facet normal -2.203748e-08 -7.730041e-01 -6.344010e-01
    outer loop
      vertex   -1.948351e+02 3.829669e+00 -3.714422e+02
      vertex   -1.938379e+02 3.707130e+00 -3.712929e+02
      vertex   -1.948381e+02 3.707131e+00 -3.712929e+02
    endloop
  endfacet
  facet normal 2.181591e-08 -6.344515e-01 -7.729627e-01
    outer loop
      vertex   -1.948381e+02 3.707131e+00 -3.712929e+02
      vertex   -1.938379e+02 3.707130e+00 -3.712929e+02
      vertex   -1.938405e+02 3.557826e+00 -3.711704e+02
    endloop
  endfacet
  facet normal 1.228312e-07 -6.344511e-01 -7.729630e-01
    outer loop
      vertex   -1.948381e+02 3.707131e+00 -3.712929e+02
      vertex   -1.938405e+02 3.557826e+00 -3.711704e+02
      vertex   -1.948407e+02 3.557825e+00 -3.711704e+02
    endloop
  endfacet
  facet normal -8.351370e-08 -4.738747e-01 -8.805923e-01
    outer loop
      vertex   -1.948407e+02 3.557825e+00 -3.711704e+02
      vertex   -1.938405e+02 3.557826e+00 -3.711704e+02
      vertex   -1.938425e+02 3.382710e+00 -3.710761e+02
    endloop
  endfacet
  facet normal 8.890783e-08 -4.738739e-01 -8.805927e-01
    outer loop
      vertex   -1.948407e+02 3.557825e+00 -3.711704e+02
      vertex   -1.938425e+02 3.382710e+00 -3.710761e+02
      vertex   -1.948427e+02 3.382709e+00 -3.710761e+02
    endloop
  endfacet
  facet normal -8.896473e-08 -2.876446e-01 -9.577372e-01
    outer loop
      vertex   -1.948427e+02 3.382709e+00 -3.710761e+02
      vertex   -1.938425e+02 3.382710e+00 -3.710761e+02
      vertex   -1.938437e+02 3.192247e+00 -3.710189e+02
    endloop
  endfacet
  facet normal 4.900554e-08 -2.876440e-01 -9.577374e-01
    outer loop
      vertex   -1.948427e+02 3.382709e+00 -3.710761e+02
      vertex   -1.938437e+02 3.192247e+00 -3.710189e+02
      vertex   -1.948440e+02 3.192247e+00 -3.710189e+02
    endloop
  endfacet
  facet normal -3.472149e-09 -9.798429e-02 -9.951880e-01
    outer loop
      vertex   -1.948440e+02 3.192247e+00 -3.710189e+02
      vertex   -1.938437e+02 3.192247e+00 -3.710189e+02
      vertex   -1.938442e+02 3.000000e+00 -3.710000e+02
    endloop
  endfacet
  facet normal 1.301780e-16 -9.798427e-02 -9.951880e-01
    outer loop
      vertex   -1.948440e+02 3.192247e+00 -3.710189e+02
      vertex   -1.938442e+02 3.000000e+00 -3.710000e+02
      vertex   -1.948444e+02 3.000000e+00 -3.710000e+02
    endloop
  endfacet
  facet normal 0.000000e+00 -0.000000e+00 -1.000000e+00
    outer loop
      vertex   -1.938442e+02 3.000000e+00 -3.710000e+02
      vertex   -1.938442e+02 1.341104e-07 -3.710000e+02
      vertex   -1.948444e+02 3.000000e+00 -3.710000e+02
    endloop
  endfacet
  facet normal 0.000000e+00 0.000000e+00 -1.000000e+00
    outer loop
      vertex   -1.948444e+02 3.000000e+00 -3.710000e+02
      vertex   -1.938442e+02 1.341104e-07 -3.710000e+02
      vertex   -1.948444e+02 1.341104e-07 -3.710000e+02
    endloop
  endfacet
  facet normal 0.000000e+00 -1.000000e+00 0.000000e+00
    outer loop
      vertex   -3.750000e+02 0.000000e+00 -1.750000e+02
      vertex   -3.750000e+02 0.000000e+00 -1.860000e+02
      vertex   -3.668402e+02 0.000000e+00 -1.751665e+02
    endloop
  endfacet
  facet normal 0.000000e+00 -1.000000e+00 0.000000e+00
    outer loop
      vertex   -3.668402e+02 0.000000e+00 -1.751665e+02
      vertex   -3.750000e+02 0.000000e+00 -1.860000e+02
      vertex   -3.670866e+02 0.000000e+00 -1.861657e+02
    endloop
  endfacet
  facet normal 0.000000e+00 -1.000000e+00 -0.000000e+00
    outer loop
      vertex   -3.668402e+02 0.000000e+00 -1.751665e+02
      vertex   -3.670866e+02 0.000000e+00 -1.861657e+02
      vertex   -3.586940e+02 0.000000e+00 -1.756658e+02
    endloop
  endfacet
  facet normal 0.000000e+00 -1.000000e+00 0.000000e+00
    outer loop
      vertex   -3.586940e+02 0.000000e+00 -1.756658e+02
      vertex   -3.670866e+02 0.000000e+00 -1.861657e+02
      vertex   -3.591871e+02 0.000000e+00 -1.866627e+02
    endloop
  endfacet
  facet normal 0.000000e+00 -1.000000e+00 -0.000000e+00
    outer loop
      vertex   -3.586940e+02 0.000000e+00 -1.756658e+02
      vertex   -3.591871e+02 0.000000e+00 -1.866627e+02
      vertex   -3.505749e+02 0.000000e+00 -1.764971e+02
    endloop
  endfacet
  facet normal 0.000000e+00 -1.000000e+00 0.000000e+00
    outer loop
      vertex   -3.505749e+02 0.000000e+00 -1.764971e+02
      vertex   -3.591871e+02 0.000000e+00 -1.866627e+02
      vertex   -3.513154e+02 0.000000e+00 -1.874899e+02
    endloop
  endfacet
  facet normal 0.000000e+00 -1.000000e+00 -0.000000e+00
    outer loop
      vertex   -3.505749e+02 0.000000e+00 -1.764971e+02
      vertex   -3.513154e+02 0.000000e+00 -1.874899e+02
      vertex   -3.424965e+02 0.000000e+00 -1.776589e+02
    endloop
  endfacet
  facet normal 0.000000e+00 -1.000000e+00 0.000000e+00
    outer loop
      vertex   -3.424965e+02 0.000000e+00 -1.776589e+02
      vertex   -3.513154e+02 0.000000e+00 -1.874899e+02
      vertex   -3.434852e+02 0.000000e+00 -1.886460e+02
    endloop
  endfacet
  facet normal 0.000000e+00 -1.000000e+00 -0.000000e+00
    outer loop
      vertex   -3.424965e+02 0.000000e+00 -1.776589e+02
      vertex   -3.434852e+02 0.000000e+00 -1.886460e+02
      vertex   -3.344722e+02 0.000000e+00 -1.791493e+02
    endloop
  endfacet
  facet normal 0.000000e+00 -1.000000e+00 0.000000e+00
    outer loop
      vertex   -3.344722e+02 0.000000e+00 -1.791493e+02
      vertex   -3.434852e+02 0.000000e+00 -1.886460e+02
      vertex   -3.357102e+02 0.000000e+00 -1.901289e+02
    endloop
  endfacet
  facet normal 0.000000e+00 -1.000000e+00 -0.000000e+00
    outer loop
      vertex   -3.344722e+02 0.000000e+00 -1.791493e+02
      vertex   -3.357102e+02 0.000000e+00 -1.901289e+02
      vertex   -3.265154e+02 0.000000e+00 -1.809659e+02
    endloop
  endfacet
  facet normal 0.000000e+00 -1.000000e+00 0.000000e+00
    outer loop
      vertex   -3.265154e+02 0.000000e+00 -1.809659e+02
      vertex   -3.357102e+02 0.000000e+00 -1.901289e+02
      vertex   -3.280042e+02 0.000000e+00 -1.919361e+02
    endloop
  endfacet
  facet normal 0.000000e+00 -1.000000e+00 -0.000000e+00
    outer loop
      vertex   -3.265154e+02 0.000000e+00 -1.809659e+02
      vertex   -3.280042e+02 0.000000e+00 -1.919361e+02
      vertex   -3.186394e+02 0.000000e+00 -1.831055e+02
    endloop
  endfacet
  facet normal 0.000000e+00 -1.000000e+00 0.000000e+00
    outer loop
      vertex   -3.186394e+02 0.000000e+00 -1.831055e+02
      vertex   -3.280042e+02 0.000000e+00 -1.919361e+02
      vertex   -3.203806e+02 0.000000e+00 -1.940643e+02
    endloop
  endfacet
  facet normal 0.000000e+00 -1.000000e+00 -0.000000e+00
    outer loop
      vertex   -3.186394e+02 0.000000e+00 -1.831055e+02
      vertex   -3.203806e+02 0.000000e+00 -1.940643e+02
      vertex   -3.108572e+02 0.000000e+00 -1.855648e+02
    endloop
  endfacet
  facet normal 0.000000e+00 -1.000000e+00 0.000000e+00
    outer loop
      vertex   -3.108572e+02 0.000000e+00 -1.855648e+02
      vertex   -3.203806e+02 0.000000e+00 -1.940643e+02
      vertex   -3.128528e+02 0.000000e+00 -1.965099e+02
    endloop
  endfacet
  facet normal 0.000000e+00 -1.000000e+00 -0.000000e+00
    outer loop
      vertex   -3.108572e+02 0.000000e+00 -1.855648e+02
      vertex   -3.128528e+02 0.000000e+00 -1.965099e+02
      vertex   -3.031818e+02 0.000000e+00 -1.883395e+02
    endloop
  endfacet
  facet normal 0.000000e+00 -1.000000e+00 0.000000e+00
    outer loop
      vertex   -3.031818e+02 0.000000e+00 -1.883395e+02
      vertex   -3.128528e+02 0.000000e+00 -1.965099e+02
      vertex   -3.054339e+02 0.000000e+00 -1.992685e+02
    endloop
  endfacet
  facet normal 0.000000e+00 -1.000000e+00 -0.000000e+00
    outer loop
      vertex   -3.031818e+02 0.000000e+00 -1.883395e+02
      vertex   -3.054339e+02 0.000000e+00 -1.992685e+02
      vertex   -2.956261e+02 0.000000e+00 -1.914250e+02
    endloop
  endfacet
  facet normal 0.000000e+00 -1.000000e+00 0.000000e+00
    outer loop
      vertex   -2.956261e+02 0.000000e+00 -1.914250e+02
      vertex   -3.054339e+02 0.000000e+00 -1.992685e+02
      vertex   -2.981371e+02 0.000000e+00 -2.023353e+02
    endloop
  endfacet
  facet normal 0.000000e+00 -1.000000e+00 -0.000000e+00
    outer loop
      vertex   -2.956261e+02 0.000000e+00 -1.914250e+02
      vertex   -2.981371e+02 0.000000e+00 -2.023353e+02
      vertex   -2.882025e+02 0.000000e+00 -1.948162e+02
    endloop
  endfacet
  facet normal 0.000000e+00 -1.000000e+00 0.000000e+00
    outer loop
      vertex   -2.882025e+02 0.000000e+00 -1.948162e+02
      vertex   -2.981371e+02 0.000000e+00 -2.023353e+02
      vertex   -2.909751e+02 0.000000e+00 -2.057049e+02
    endloop
  endfacet
  facet normal 0.000000e+00 -1.000000e+00 -0.000000e+00
    outer loop
      vertex   -2.882025e+02 0.000000e+00 -1.948162e+02
      vertex   -2.909751e+02 0.000000e+00 -2.057049e+02
      vertex   -2.809234e+02 0.000000e+00 -1.985075e+02
    endloop
  endfacet
  facet normal 0.000000e+00 -1.000000e+00 0.000000e+00
    outer loop
      vertex   -2.809234e+02 0.000000e+00 -1.985075e+02
      vertex   -2.909751e+02 0.000000e+00 -2.057049e+02
      vertex   -2.839605e+02 0.000000e+00 -2.093715e+02
    endloop
  endfacet
  facet normal 0.000000e+00 -1.000000e+00 -0.000000e+00
    outer loop
      vertex   -2.809234e+02 0.000000e+00 -1.985075e+02
      vertex   -2.839605e+02 0.000000e+00 -2.093715e+02
      vertex   -2.738010e+02 0.000000e+00 -2.024927e+02
    endloop
  endfacet
  facet normal 0.000000e+00 -1.000000e+00 0.000000e+00
    outer loop
      vertex   -2.738010e+02 0.000000e+00 -2.024927e+02
      vertex   -2.839605e+02 0.000000e+00 -2.093715e+02
      vertex   -2.771055e+02 0.000000e+00 -2.133285e+02
    endloop
  endfacet
  facet normal 0.000000e+00 -1.000000e+00 -0.000000e+00
    outer loop
      vertex   -2.738010e+02 0.000000e+00 -2.024927e+02
      vertex   -2.771055e+02 0.000000e+00 -2.133285e+02
      vertex   -2.668471e+02 0.000000e+00 -2.067652e+02
    endloop
  endfacet
  facet normal 0.000000e+00 -1.000000e+00 0.000000e+00
    outer loop
      vertex   -2.668471e+02 0.000000e+00 -2.067652e+02
      vertex   -2.771055e+02 0.000000e+00 -2.133285e+02
      vertex   -2.704222e+02 0.000000e+00 -2.175691e+02
    endloop
  endfacet
  facet normal 0.000000e+00 -1.000000e+00 -0.000000e+00
    outer loop
      vertex   -2.668471e+02 0.000000e+00 -2.067652e+02
      vertex   -2.704222e+02 0.000000e+00 -2.175691e+02
      vertex   -2.600734e+02 0.000000e+00 -2.113178e+02
    endloop
  endfacet
  facet normal 0.000000e+00 -1.000000e+00 0.000000e+00
    outer loop
      vertex   -2.600734e+02 0.000000e+00 -2.113178e+02
      vertex   -2.704222e+02 0.000000e+00 -2.175691e+02
      vertex   -2.639223e+02 0.000000e+00 -2.220858e+02
    endloop
  endfacet
  facet normal 0.000000e+00 -1.000000e+00 -0.000000e+00
    outer loop
      vertex   -2.600734e+02 0.000000e+00 -2.113178e+02
      vertex   -2.639223e+02 0.000000e+00 -2.220858e+02
      vertex   -2.534910e+02 0.000000e+00 -2.161430e+02
    endloop
  endfacet
  facet normal 0.000000e+00 -1.000000e+00 0.000000e+00
    outer loop
      vertex   -2.534910e+02 0.000000e+00 -2.161430e+02
      vertex   -2.639223e+02 0.000000e+00 -2.220858e+02
      vertex   -2.576173e+02 0.000000e+00 -2.268707e+02
    endloop
  endfacet
  facet normal 0.000000e+00 -1.000000e+00 -0.000000e+00
    outer loop
      vertex   -2.534910e+02 0.000000e+00 -2.161430e+02
      vertex   -2.576173e+02 0.000000e+00 -2.268707e+02
      vertex   -2.471109e+02 0.000000e+00 -2.212327e+02
    endloop
  endfacet
  facet normal 0.000000e+00 -1.000000e+00 0.000000e+00
    outer loop
      vertex   -2.471109e+02 0.000000e+00 -2.212327e+02
      vertex   -2.576173e+02 0.000000e+00 -2.268707e+02
      vertex   -2.515181e+02 0.000000e+00 -2.319154e+02
    endloop
  endfacet
  facet normal 0.000000e+00 -1.000000e+00 -0.000000e+00
    outer loop
      vertex   -2.471109e+02 0.000000e+00 -2.212327e+02
      vertex   -2.515181e+02 0.000000e+00 -2.319154e+02
      vertex   -2.409438e+02 0.000000e+00 -2.265785e+02
    endloop
  endfacet
  facet normal 0.000000e+00 -1.000000e+00 0.000000e+00
    outer loop
      vertex   -2.409438e+02 0.000000e+00 -2.265785e+02
      vertex   -2.515181e+02 0.000000e+00 -2.319154e+02
      vertex   -2.456355e+02 0.000000e+00 -2.372110e+02
    endloop
  endfacet
  facet normal 0.000000e+00 -1.000000e+00 -0.000000e+00
    outer loop
      vertex   -2.409438e+02 0.000000e+00 -2.265785e+02
      vertex   -2.456355e+02 0.000000e+00 -2.372110e+02
      vertex   -2.350000e+02 0.000000e+00 -2.321714e+02
    endloop
  endfacet
  facet normal 0.000000e+00 -1.000000e+00 0.000000e+00
    outer loop
      vertex   -2.350000e+02 0.000000e+00 -2.321714e+02
      vertex   -2.456355e+02 0.000000e+00 -2.372110e+02
      vertex   -2.399797e+02 0.000000e+00 -2.427483e+02
    endloop
  endfacet
  facet normal 0.000000e+00 -1.000000e+00 -0.000000e+00
    outer loop
      vertex   -2.350000e+02 0.000000e+00 -2.321714e+02
      vertex   -2.399797e+02 0.000000e+00 -2.427483e+02
      vertex   -2.292893e+02 0.000000e+00 -2.380022e+02
    endloop
  endfacet
  facet normal 0.000000e+00 -1.000000e+00 0.000000e+00
    outer loop
      vertex   -2.292893e+02 0.000000e+00 -2.380022e+02
      vertex   -2.399797e+02 0.000000e+00 -2.427483e+02
      vertex   -2.345608e+02 0.000000e+00 -2.485175e+02
    endloop
  endfacet
  facet normal 0.000000e+00 -1.000000e+00 -0.000000e+00
    outer loop
      vertex   -2.292893e+02 0.000000e+00 -2.380022e+02
      vertex   -2.345608e+02 0.000000e+00 -2.485175e+02
      vertex   -2.238212e+02 0.000000e+00 -2.440612e+02
    endloop
  endfacet
  facet normal 0.000000e+00 -1.000000e+00 0.000000e+00
    outer loop
      vertex   -2.238212e+02 0.000000e+00 -2.440612e+02
      vertex   -2.345608e+02 0.000000e+00 -2.485175e+02
      vertex   -2.293882e+02 0.000000e+00 -2.545085e+02
    endloop
  endfacet
  facet normal 0.000000e+00 -1.000000e+00 -0.000000e+00
    outer loop
      vertex   -2.238212e+02 0.000000e+00 -2.440612e+02
      vertex   -2.293882e+02 0.000000e+00 -2.545085e+02
      vertex   -2.186049e+02 0.000000e+00 -2.503381e+02
    endloop
  endfacet
  facet normal 0.000000e+00 -1.000000e+00 0.000000e+00
    outer loop
      vertex   -2.186049e+02 0.000000e+00 -2.503381e+02
      vertex   -2.293882e+02 0.000000e+00 -2.545085e+02
      vertex   -2.244709e+02 0.000000e+00 -2.607109e+02
    endloop
  endfacet
  facet normal 0.000000e+00 -1.000000e+00 -0.000000e+00
    outer loop
      vertex   -2.186049e+02 0.000000e+00 -2.503381e+02
      vertex   -2.244709e+02 0.000000e+00 -2.607109e+02
      vertex   -2.136491e+02 0.000000e+00 -2.568227e+02
    endloop
  endfacet
  facet normal 0.000000e+00 -1.000000e+00 0.000000e+00
    outer loop
      vertex   -2.136491e+02 0.000000e+00 -2.568227e+02
      vertex   -2.244709e+02 0.000000e+00 -2.607109e+02
      vertex   -2.198177e+02 0.000000e+00 -2.671138e+02
    endloop
  endfacet
  facet normal 0.000000e+00 -1.000000e+00 -0.000000e+00
    outer loop
      vertex   -2.136491e+02 0.000000e+00 -2.568227e+02
      vertex   -2.198177e+02 0.000000e+00 -2.671138e+02
      vertex   -2.089619e+02 0.000000e+00 -2.635041e+02
    endloop
  endfacet
  facet normal 0.000000e+00 -1.000000e+00 0.000000e+00
    outer loop
      vertex   -2.089619e+02 0.000000e+00 -2.635041e+02
      vertex   -2.198177e+02 0.000000e+00 -2.671138e+02
      vertex   -2.154366e+02 0.000000e+00 -2.737058e+02
    endloop
  endfacet
  facet normal 0.000000e+00 -1.000000e+00 -0.000000e+00
    outer loop
      vertex   -2.089619e+02 0.000000e+00 -2.635041e+02
      vertex   -2.154366e+02 0.000000e+00 -2.737058e+02
      vertex   -2.045512e+02 0.000000e+00 -2.703711e+02
    endloop
  endfacet
  facet normal 0.000000e+00 -1.000000e+00 0.000000e+00
    outer loop
      vertex   -2.045512e+02 0.000000e+00 -2.703711e+02
      vertex   -2.154366e+02 0.000000e+00 -2.737058e+02
      vertex   -2.113354e+02 0.000000e+00 -2.804755e+02
    endloop
  endfacet
  facet normal 0.000000e+00 -1.000000e+00 -0.000000e+00
    outer loop
      vertex   -2.045512e+02 0.000000e+00 -2.703711e+02
      vertex   -2.113354e+02 0.000000e+00 -2.804755e+02
      vertex   -2.004244e+02 0.000000e+00 -2.774124e+02
    endloop
  endfacet
  facet normal 0.000000e+00 -1.000000e+00 0.000000e+00
    outer loop
      vertex   -2.004244e+02 0.000000e+00 -2.774124e+02
      vertex   -2.113354e+02 0.000000e+00 -2.804755e+02
      vertex   -2.075212e+02 0.000000e+00 -2.874110e+02
    endloop
  endfacet
  facet normal 0.000000e+00 -1.000000e+00 -0.000000e+00
    outer loop
      vertex   -2.004244e+02 0.000000e+00 -2.774124e+02
      vertex   -2.075212e+02 0.000000e+00 -2.874110e+02
      vertex   -1.965882e+02 0.000000e+00 -2.846161e+02
    endloop
  endfacet
  facet normal 0.000000e+00 -1.000000e+00 0.000000e+00
    outer loop
      vertex   -1.965882e+02 0.000000e+00 -2.846161e+02
      vertex   -2.075212e+02 0.000000e+00 -2.874110e+02
      vertex   -2.040007e+02 0.000000e+00 -2.945001e+02
    endloop
  endfacet
  facet normal 0.000000e+00 -1.000000e+00 -0.000000e+00
    outer loop
      vertex   -1.965882e+02 0.000000e+00 -2.846161e+02
      vertex   -2.040007e+02 0.000000e+00 -2.945001e+02
      vertex   -1.930492e+02 0.000000e+00 -2.919704e+02
    endloop
  endfacet
  facet normal 0.000000e+00 -1.000000e+00 0.000000e+00
    outer loop
      vertex   -1.930492e+02 0.000000e+00 -2.919704e+02
      vertex   -2.040007e+02 0.000000e+00 -2.945001e+02
      vertex   -2.007802e+02 0.000000e+00 -3.017303e+02
    endloop
  endfacet
  facet normal 0.000000e+00 -1.000000e+00 -0.000000e+00
    outer loop
      vertex   -1.930492e+02 0.000000e+00 -2.919704e+02
      vertex   -2.007802e+02 0.000000e+00 -3.017303e+02
      vertex   -1.898132e+02 0.000000e+00 -2.994630e+02
    endloop
  endfacet
  facet normal 0.000000e+00 -1.000000e+00 0.000000e+00
    outer loop
      vertex   -1.898132e+02 0.000000e+00 -2.994630e+02
      vertex   -2.007802e+02 0.000000e+00 -3.017303e+02
      vertex   -1.978652e+02 0.000000e+00 -3.090891e+02
    endloop
  endfacet
  facet normal 0.000000e+00 -1.000000e+00 -0.000000e+00
    outer loop
      vertex   -1.898132e+02 0.000000e+00 -2.994630e+02
      vertex   -1.978652e+02 0.000000e+00 -3.090891e+02
      vertex   -1.868855e+02 0.000000e+00 -3.070813e+02
    endloop
  endfacet
  facet normal 0.000000e+00 -1.000000e+00 0.000000e+00
    outer loop
      vertex   -1.868855e+02 0.000000e+00 -3.070813e+02
      vertex   -1.978652e+02 0.000000e+00 -3.090891e+02
      vertex   -1.952608e+02 0.000000e+00 -3.165635e+02
    endloop
  endfacet
  facet normal 0.000000e+00 -1.000000e+00 -0.000000e+00
    outer loop
      vertex   -1.868855e+02 0.000000e+00 -3.070813e+02
      vertex   -1.952608e+02 0.000000e+00 -3.165635e+02
      vertex   -1.842711e+02 0.000000e+00 -3.148128e+02
    endloop
  endfacet
  facet normal 0.000000e+00 -1.000000e+00 0.000000e+00
    outer loop
      vertex   -1.842711e+02 0.000000e+00 -3.148128e+02
      vertex   -1.952608e+02 0.000000e+00 -3.165635e+02
      vertex   -1.929717e+02 0.000000e+00 -3.241404e+02
    endloop
  endfacet
  facet normal 0.000000e+00 -1.000000e+00 -0.000000e+00
    outer loop
      vertex   -1.842711e+02 0.000000e+00 -3.148128e+02
      vertex   -1.929717e+02 0.000000e+00 -3.241404e+02
      vertex   -1.819744e+02 0.000000e+00 -3.226445e+02
    endloop
  endfacet
  facet normal 0.000000e+00 -1.000000e+00 0.000000e+00
    outer loop
      vertex   -1.819744e+02 0.000000e+00 -3.226445e+02
      vertex   -1.929717e+02 0.000000e+00 -3.241404e+02
      vertex   -1.910019e+02 0.000000e+00 -3.318064e+02
    endloop
  endfacet
  facet normal 0.000000e+00 -1.000000e+00 -0.000000e+00
    outer loop
      vertex   -1.819744e+02 0.000000e+00 -3.226445e+02
      vertex   -1.910019e+02 0.000000e+00 -3.318064e+02
      vertex   -1.799990e+02 0.000000e+00 -3.305633e+02
    endloop
  endfacet
  facet normal 0.000000e+00 -1.000000e+00 0.000000e+00
    outer loop
      vertex   -1.799990e+02 0.000000e+00 -3.305633e+02
      vertex   -1.910019e+02 0.000000e+00 -3.318064e+02
      vertex   -1.893547e+02 0.000000e+00 -3.395482e+02
    endloop
  endfacet
  facet normal 0.000000e+00 -1.000000e+00 -0.000000e+00
    outer loop
      vertex   -1.799990e+02 0.000000e+00 -3.305633e+02
      vertex   -1.893547e+02 0.000000e+00 -3.395482e+02
      vertex   -1.783484e+02 0.000000e+00 -3.385562e+02
    endloop
  endfacet
  facet normal 0.000000e+00 -1.000000e+00 0.000000e+00
    outer loop
      vertex   -1.783484e+02 0.000000e+00 -3.385562e+02
      vertex   -1.893547e+02 0.000000e+00 -3.395482e+02
      vertex   -1.880332e+02 0.000000e+00 -3.473522e+02
    endloop
  endfacet
  facet normal 0.000000e+00 -1.000000e+00 -0.000000e+00
    outer loop
      vertex   -1.783484e+02 0.000000e+00 -3.385562e+02
      vertex   -1.880332e+02 0.000000e+00 -3.473522e+02
      vertex   -1.770253e+02 0.000000e+00 -3.466097e+02
    endloop
  endfacet
  facet normal 0.000000e+00 -1.000000e+00 0.000000e+00
    outer loop
      vertex   -1.770253e+02 0.000000e+00 -3.466097e+02
      vertex   -1.880332e+02 0.000000e+00 -3.473522e+02
      vertex   -1.870395e+02 0.000000e+00 -3.552047e+02
    endloop
  endfacet
  facet normal 0.000000e+00 -1.000000e+00 -0.000000e+00
    outer loop
      vertex   -1.770253e+02 0.000000e+00 -3.466097e+02
      vertex   -1.870395e+02 0.000000e+00 -3.552047e+02
      vertex   -1.760318e+02 0.000000e+00 -3.547105e+02
    endloop
  endfacet
  facet normal 0.000000e+00 -1.000000e+00 0.000000e+00
    outer loop
      vertex   -1.760318e+02 0.000000e+00 -3.547105e+02
      vertex   -1.870395e+02 0.000000e+00 -3.552047e+02
      vertex   -1.863755e+02 0.000000e+00 -3.630919e+02
    endloop
  endfacet
  facet normal 0.000000e+00 -1.000000e+00 -0.000000e+00
    outer loop
      vertex   -1.760318e+02 0.000000e+00 -3.547105e+02
      vertex   -1.863755e+02 0.000000e+00 -3.630919e+02
      vertex   -1.753697e+02 0.000000e+00 -3.628452e+02
    endloop
  endfacet
  facet normal 3.798742e-10 -1.000000e+00 -1.694264e-08
    outer loop
      vertex   -1.753697e+02 0.000000e+00 -3.628452e+02
      vertex   -1.863755e+02 0.000000e+00 -3.630919e+02
      vertex   -1.860423e+02 1.341104e-07 -3.710000e+02
    endloop
  endfacet
  facet normal -1.218928e-08 -1.000000e+00 -4.927943e-10
    outer loop
      vertex   -1.753697e+02 0.000000e+00 -3.628452e+02
      vertex   -1.860423e+02 1.341104e-07 -3.710000e+02
      vertex   -1.750400e+02 0.000000e+00 -3.710000e+02
    endloop
  endfacet
  facet normal -2.093943e-02 0.000000e+00 -9.997807e-01
    outer loop
      vertex   -3.750000e+02 0.000000e+00 -1.860000e+02
      vertex   -3.750000e+02 1.000000e+00 -1.860000e+02
      vertex   -3.670866e+02 0.000000e+00 -1.861657e+02
    endloop
  endfacet
  facet normal -2.093943e-02 0.000000e+00 -9.997807e-01
    outer loop
      vertex   -3.670866e+02 0.000000e+00 -1.861657e+02
      vertex   -3.750000e+02 1.000000e+00 -1.860000e+02
      vertex   -3.670866e+02 1.000000e+00 -1.861657e+02
    endloop
  endfacet
  facet normal -6.278155e-02 0.000000e+00 -9.980273e-01
    outer loop
      vertex   -3.670866e+02 0.000000e+00 -1.861657e+02
      vertex   -3.670866e+02 1.000000e+00 -1.861657e+02
      vertex   -3.591871e+02 0.000000e+00 -1.866627e+02
    endloop
  endfacet
  facet normal -6.278155e-02 -3.568718e-15 -9.980273e-01
    outer loop
      vertex   -3.591871e+02 0.000000e+00 -1.866627e+02
      vertex   -3.670866e+02 1.000000e+00 -1.861657e+02
      vertex   -3.591871e+02 1.000000e+00 -1.866627e+02
    endloop
  endfacet
  facet normal -1.045136e-01 -5.940909e-15 -9.945235e-01
    outer loop
      vertex   -3.591871e+02 0.000000e+00 -1.866627e+02
      vertex   -3.591871e+02 1.000000e+00 -1.866627e+02
      vertex   -3.513154e+02 0.000000e+00 -1.874899e+02
    endloop
  endfacet
  facet normal -1.045136e-01 -5.940909e-15 -9.945235e-01
    outer loop
      vertex   -3.513154e+02 0.000000e+00 -1.874899e+02
      vertex   -3.591871e+02 1.000000e+00 -1.866627e+02
      vertex   -3.513154e+02 1.000000e+00 -1.874899e+02
    endloop
  endfacet
  facet normal -1.460623e-01 -8.302680e-15 -9.892754e-01
    outer loop
      vertex   -3.513154e+02 0.000000e+00 -1.874899e+02
      vertex   -3.513154e+02 1.000000e+00 -1.874899e+02
      vertex   -3.434852e+02 0.000000e+00 -1.886460e+02
    endloop
  endfacet
  facet normal -1.460623e-01 0.000000e+00 -9.892754e-01
    outer loop
      vertex   -3.434852e+02 0.000000e+00 -1.886460e+02
      vertex   -3.513154e+02 1.000000e+00 -1.874899e+02
      vertex   -3.434852e+02 1.000000e+00 -1.886460e+02
    endloop
  endfacet
  facet normal -1.873548e-01 0.000000e+00 -9.822923e-01
    outer loop
      vertex   -3.434852e+02 0.000000e+00 -1.886460e+02
      vertex   -3.434852e+02 1.000000e+00 -1.886460e+02
      vertex   -3.357102e+02 0.000000e+00 -1.901289e+02
    endloop
  endfacet
  facet normal -1.873548e-01 0.000000e+00 -9.822923e-01
    outer loop
      vertex   -3.357102e+02 0.000000e+00 -1.901289e+02
      vertex   -3.434852e+02 1.000000e+00 -1.886460e+02
      vertex   -3.357102e+02 1.000000e+00 -1.901289e+02
    endloop
  endfacet
  facet normal -2.283188e-01 0.000000e+00 -9.735864e-01
    outer loop
      vertex   -3.357102e+02 0.000000e+00 -1.901289e+02
      vertex   -3.357102e+02 1.000000e+00 -1.901289e+02
      vertex   -3.280042e+02 0.000000e+00 -1.919361e+02
    endloop
  endfacet
  facet normal -2.283188e-01 1.714148e-15 -9.735864e-01
    outer loop
      vertex   -3.280042e+02 0.000000e+00 -1.919361e+02
      vertex   -3.357102e+02 1.000000e+00 -1.901289e+02
      vertex   -3.280042e+02 1.000000e+00 -1.919361e+02
    endloop
  endfacet
  facet normal -2.688823e-01 -3.193357e-15 -9.631730e-01
    outer loop
      vertex   -3.280042e+02 0.000000e+00 -1.919361e+02
      vertex   -3.280042e+02 1.000000e+00 -1.919361e+02
      vertex   -3.203806e+02 0.000000e+00 -1.940643e+02
    endloop
  endfacet
  facet normal -2.688823e-01 0.000000e+00 -9.631730e-01
    outer loop
      vertex   -3.203806e+02 0.000000e+00 -1.940643e+02
      vertex   -3.280042e+02 1.000000e+00 -1.919361e+02
      vertex   -3.203806e+02 1.000000e+00 -1.940643e+02
    endloop
  endfacet
  facet normal -3.089743e-01 0.000000e+00 -9.510704e-01
    outer loop
      vertex   -3.203806e+02 0.000000e+00 -1.940643e+02
      vertex   -3.203806e+02 1.000000e+00 -1.940643e+02
      vertex   -3.128528e+02 0.000000e+00 -1.965099e+02
    endloop
  endfacet
  facet normal -3.089743e-01 0.000000e+00 -9.510704e-01
    outer loop
      vertex   -3.128528e+02 0.000000e+00 -1.965099e+02
      vertex   -3.203806e+02 1.000000e+00 -1.940643e+02
      vertex   -3.128528e+02 1.000000e+00 -1.965099e+02
    endloop
  endfacet
  facet normal -3.485243e-01 0.000000e+00 -9.372997e-01
    outer loop
      vertex   -3.128528e+02 0.000000e+00 -1.965099e+02
      vertex   -3.128528e+02 1.000000e+00 -1.965099e+02
      vertex   -3.054339e+02 0.000000e+00 -1.992685e+02
    endloop
  endfacet
  facet normal -3.485243e-01 0.000000e+00 -9.372997e-01
    outer loop
      vertex   -3.054339e+02 0.000000e+00 -1.992685e+02
      vertex   -3.128528e+02 1.000000e+00 -1.965099e+02
      vertex   -3.054339e+02 1.000000e+00 -1.992685e+02
    endloop
  endfacet
  facet normal -3.874631e-01 0.000000e+00 -9.218852e-01
    outer loop
      vertex   -3.054339e+02 0.000000e+00 -1.992685e+02
      vertex   -3.054339e+02 1.000000e+00 -1.992685e+02
      vertex   -2.981371e+02 0.000000e+00 -2.023353e+02
    endloop
  endfacet
  facet normal -3.874631e-01 4.176824e-15 -9.218852e-01
    outer loop
      vertex   -2.981371e+02 0.000000e+00 -2.023353e+02
      vertex   -3.054339e+02 1.000000e+00 -1.992685e+02
      vertex   -2.981371e+02 1.000000e+00 -2.023353e+02
    endloop
  endfacet
  facet normal -4.257224e-01 1.517977e-15 -9.048538e-01
    outer loop
      vertex   -2.981371e+02 0.000000e+00 -2.023353e+02
      vertex   -2.981371e+02 1.000000e+00 -2.023353e+02
      vertex   -2.909751e+02 0.000000e+00 -2.057049e+02
    endloop
  endfacet
  facet normal -4.257224e-01 0.000000e+00 -9.048538e-01
    outer loop
      vertex   -2.909751e+02 0.000000e+00 -2.057049e+02
      vertex   -2.981371e+02 1.000000e+00 -2.023353e+02
      vertex   -2.909751e+02 1.000000e+00 -2.057049e+02
    endloop
  endfacet
  facet normal -4.632350e-01 0.000000e+00 -8.862355e-01
    outer loop
      vertex   -2.909751e+02 0.000000e+00 -2.057049e+02
      vertex   -2.909751e+02 1.000000e+00 -2.057049e+02
      vertex   -2.839605e+02 0.000000e+00 -2.093715e+02
    endloop
  endfacet
  facet normal -4.632350e-01 0.000000e+00 -8.862355e-01
    outer loop
      vertex   -2.839605e+02 0.000000e+00 -2.093715e+02
      vertex   -2.909751e+02 1.000000e+00 -2.057049e+02
      vertex   -2.839605e+02 1.000000e+00 -2.093715e+02
    endloop
  endfacet
  facet normal -4.999352e-01 0.000000e+00 -8.660628e-01
    outer loop
      vertex   -2.839605e+02 0.000000e+00 -2.093715e+02
      vertex   -2.839605e+02 1.000000e+00 -2.093715e+02
      vertex   -2.771055e+02 0.000000e+00 -2.133285e+02
    endloop
  endfacet
  facet normal -4.999352e-01 2.081195e-14 -8.660628e-01
    outer loop
      vertex   -2.771055e+02 0.000000e+00 -2.133285e+02
      vertex   -2.839605e+02 1.000000e+00 -2.093715e+02
      vertex   -2.771055e+02 1.000000e+00 -2.133285e+02
    endloop
  endfacet
  facet normal -5.357585e-01 1.754260e-14 -8.443713e-01
    outer loop
      vertex   -2.771055e+02 0.000000e+00 -2.133285e+02
      vertex   -2.771055e+02 1.000000e+00 -2.133285e+02
      vertex   -2.704222e+02 0.000000e+00 -2.175691e+02
    endloop
  endfacet
  facet normal -5.357585e-01 2.399847e-14 -8.443713e-01
    outer loop
      vertex   -2.704222e+02 0.000000e+00 -2.175691e+02
      vertex   -2.771055e+02 1.000000e+00 -2.133285e+02
      vertex   -2.704222e+02 1.000000e+00 -2.175691e+02
    endloop
  endfacet
  facet normal -5.706422e-01 2.333987e-14 -8.211988e-01
    outer loop
      vertex   -2.704222e+02 0.000000e+00 -2.175691e+02
      vertex   -2.704222e+02 1.000000e+00 -2.175691e+02
      vertex   -2.639223e+02 0.000000e+00 -2.220858e+02
    endloop
  endfacet
  facet normal -5.706422e-01 -3.243726e-14 -8.211988e-01
    outer loop
      vertex   -2.639223e+02 0.000000e+00 -2.220858e+02
      vertex   -2.704222e+02 1.000000e+00 -2.175691e+02
      vertex   -2.639223e+02 1.000000e+00 -2.220858e+02
    endloop
  endfacet
  facet normal -6.045252e-01 -3.436328e-14 -7.965860e-01
    outer loop
      vertex   -2.639223e+02 0.000000e+00 -2.220858e+02
      vertex   -2.639223e+02 1.000000e+00 -2.220858e+02
      vertex   -2.576173e+02 0.000000e+00 -2.268707e+02
    endloop
  endfacet
  facet normal -6.045252e-01 -4.608622e-14 -7.965860e-01
    outer loop
      vertex   -2.576173e+02 0.000000e+00 -2.268707e+02
      vertex   -2.639223e+02 1.000000e+00 -2.220858e+02
      vertex   -2.576173e+02 1.000000e+00 -2.268707e+02
    endloop
  endfacet
  facet normal -6.373478e-01 -5.055697e-14 -7.705762e-01
    outer loop
      vertex   -2.576173e+02 0.000000e+00 -2.268707e+02
      vertex   -2.576173e+02 1.000000e+00 -2.268707e+02
      vertex   -2.515181e+02 0.000000e+00 -2.319154e+02
    endloop
  endfacet
  facet normal -6.373478e-01 2.190109e-14 -7.705762e-01
    outer loop
      vertex   -2.515181e+02 0.000000e+00 -2.319154e+02
      vertex   -2.576173e+02 1.000000e+00 -2.268707e+02
      vertex   -2.515181e+02 1.000000e+00 -2.319154e+02
    endloop
  endfacet
  facet normal -6.690527e-01 2.112344e-14 -7.432150e-01
    outer loop
      vertex   -2.515181e+02 0.000000e+00 -2.319154e+02
      vertex   -2.515181e+02 1.000000e+00 -2.319154e+02
      vertex   -2.456355e+02 0.000000e+00 -2.372110e+02
    endloop
  endfacet
  facet normal -6.690527e-01 2.107818e-15 -7.432150e-01
    outer loop
      vertex   -2.456355e+02 0.000000e+00 -2.372110e+02
      vertex   -2.515181e+02 1.000000e+00 -2.319154e+02
      vertex   -2.456355e+02 1.000000e+00 -2.372110e+02
    endloop
  endfacet
  facet normal -6.995842e-01 4.253604e-16 -7.145502e-01
    outer loop
      vertex   -2.456355e+02 0.000000e+00 -2.372110e+02
      vertex   -2.456355e+02 1.000000e+00 -2.372110e+02
      vertex   -2.399797e+02 0.000000e+00 -2.427483e+02
    endloop
  endfacet
  facet normal -6.995842e-01 2.115946e-14 -7.145502e-01
    outer loop
      vertex   -2.399797e+02 0.000000e+00 -2.427483e+02
      vertex   -2.456355e+02 1.000000e+00 -2.372110e+02
      vertex   -2.399797e+02 1.000000e+00 -2.427483e+02
    endloop
  endfacet
  facet normal -7.288887e-01 1.694273e-14 -6.846322e-01
    outer loop
      vertex   -2.399797e+02 0.000000e+00 -2.427483e+02
      vertex   -2.399797e+02 1.000000e+00 -2.427483e+02
      vertex   -2.345608e+02 0.000000e+00 -2.485175e+02
    endloop
  endfacet
  facet normal -7.288887e-01 1.820058e-14 -6.846322e-01
    outer loop
      vertex   -2.345608e+02 0.000000e+00 -2.485175e+02
      vertex   -2.399797e+02 1.000000e+00 -2.427483e+02
      vertex   -2.345608e+02 1.000000e+00 -2.485175e+02
    endloop
  endfacet
  facet normal -7.569148e-01 1.563513e-14 -6.535136e-01
    outer loop
      vertex   -2.345608e+02 0.000000e+00 -2.485175e+02
      vertex   -2.345608e+02 1.000000e+00 -2.485175e+02
      vertex   -2.293882e+02 0.000000e+00 -2.545085e+02
    endloop
  endfacet
  facet normal -7.569148e-01 1.563513e-14 -6.535136e-01
    outer loop
      vertex   -2.293882e+02 0.000000e+00 -2.545085e+02
      vertex   -2.345608e+02 1.000000e+00 -2.485175e+02
      vertex   -2.293882e+02 1.000000e+00 -2.545085e+02
    endloop
  endfacet
  facet normal -7.836135e-01 1.304227e-14 -6.212487e-01
    outer loop
      vertex   -2.293882e+02 0.000000e+00 -2.545085e+02
      vertex   -2.293882e+02 1.000000e+00 -2.545085e+02
      vertex   -2.244709e+02 0.000000e+00 -2.607109e+02
    endloop
  endfacet
  facet normal -7.836135e-01 3.531390e-14 -6.212487e-01
    outer loop
      vertex   -2.244709e+02 0.000000e+00 -2.607109e+02
      vertex   -2.293882e+02 1.000000e+00 -2.545085e+02
      vertex   -2.244709e+02 1.000000e+00 -2.607109e+02
    endloop
  endfacet
  facet normal -8.089378e-01 3.341792e-14 -5.878943e-01
    outer loop
      vertex   -2.244709e+02 0.000000e+00 -2.607109e+02
      vertex   -2.244709e+02 1.000000e+00 -2.607109e+02
      vertex   -2.198177e+02 0.000000e+00 -2.671138e+02
    endloop
  endfacet
  facet normal -8.089378e-01 -4.598279e-14 -5.878943e-01
    outer loop
      vertex   -2.198177e+02 0.000000e+00 -2.671138e+02
      vertex   -2.244709e+02 1.000000e+00 -2.607109e+02
      vertex   -2.198177e+02 1.000000e+00 -2.671138e+02
    endloop
  endfacet
  facet normal -8.328433e-01 -4.734166e-14 -5.535088e-01
    outer loop
      vertex   -2.198177e+02 0.000000e+00 -2.671138e+02
      vertex   -2.198177e+02 1.000000e+00 -2.671138e+02
      vertex   -2.154366e+02 0.000000e+00 -2.737058e+02
    endloop
  endfacet
  facet normal -8.328433e-01 -2.367083e-14 -5.535088e-01
    outer loop
      vertex   -2.154366e+02 0.000000e+00 -2.737058e+02
      vertex   -2.198177e+02 1.000000e+00 -2.671138e+02
      vertex   -2.154366e+02 1.000000e+00 -2.737058e+02
    endloop
  endfacet
  facet normal -8.552882e-01 -2.430875e-14 -5.181525e-01
    outer loop
      vertex   -2.154366e+02 0.000000e+00 -2.737058e+02
      vertex   -2.154366e+02 1.000000e+00 -2.737058e+02
      vertex   -2.113354e+02 0.000000e+00 -2.804755e+02
    endloop
  endfacet
  facet normal -8.552882e-01 0.000000e+00 -5.181525e-01
    outer loop
      vertex   -2.113354e+02 0.000000e+00 -2.804755e+02
      vertex   -2.154366e+02 1.000000e+00 -2.737058e+02
      vertex   -2.113354e+02 1.000000e+00 -2.804755e+02
    endloop
  endfacet
  facet normal -8.762331e-01 0.000000e+00 -4.818875e-01
    outer loop
      vertex   -2.113354e+02 0.000000e+00 -2.804755e+02
      vertex   -2.113354e+02 1.000000e+00 -2.804755e+02
      vertex   -2.075212e+02 0.000000e+00 -2.874110e+02
    endloop
  endfacet
  facet normal -8.762331e-01 2.739213e-14 -4.818875e-01
    outer loop
      vertex   -2.075212e+02 0.000000e+00 -2.874110e+02
      vertex   -2.113354e+02 1.000000e+00 -2.804755e+02
      vertex   -2.075212e+02 1.000000e+00 -2.874110e+02
    endloop
  endfacet
  facet normal -8.956412e-01 2.528267e-14 -4.447773e-01
    outer loop
      vertex   -2.075212e+02 0.000000e+00 -2.874110e+02
      vertex   -2.075212e+02 1.000000e+00 -2.874110e+02
      vertex   -2.040007e+02 0.000000e+00 -2.945001e+02
    endloop
  endfacet
  facet normal -8.956412e-01 2.510968e-14 -4.447773e-01
    outer loop
      vertex   -2.040007e+02 0.000000e+00 -2.945001e+02
      vertex   -2.075212e+02 1.000000e+00 -2.874110e+02
      vertex   -2.040007e+02 1.000000e+00 -2.945001e+02
    endloop
  endfacet
  facet normal -9.134784e-01 2.029509e-14 -4.068871e-01
    outer loop
      vertex   -2.040007e+02 0.000000e+00 -2.945001e+02
      vertex   -2.040007e+02 1.000000e+00 -2.945001e+02
      vertex   -2.007802e+02 0.000000e+00 -3.017303e+02
    endloop
  endfacet
  facet normal -9.134784e-01 -2.596262e-14 -4.068871e-01
    outer loop
      vertex   -2.007802e+02 0.000000e+00 -3.017303e+02
      vertex   -2.040007e+02 1.000000e+00 -2.945001e+02
      vertex   -2.007802e+02 1.000000e+00 -3.017303e+02
    endloop
  endfacet
  facet normal -9.297136e-01 -2.642405e-14 -3.682833e-01
    outer loop
      vertex   -2.007802e+02 0.000000e+00 -3.017303e+02
      vertex   -2.007802e+02 1.000000e+00 -3.017303e+02
      vertex   -1.978652e+02 0.000000e+00 -3.090891e+02
    endloop
  endfacet
  facet normal -9.297136e-01 2.093448e-14 -3.682833e-01
    outer loop
      vertex   -1.978652e+02 0.000000e+00 -3.090891e+02
      vertex   -2.007802e+02 1.000000e+00 -3.017303e+02
      vertex   -1.978652e+02 1.000000e+00 -3.090891e+02
    endloop
  endfacet
  facet normal -9.443182e-01 1.870339e-14 -3.290335e-01
    outer loop
      vertex   -1.978652e+02 0.000000e+00 -3.090891e+02
      vertex   -1.978652e+02 1.000000e+00 -3.090891e+02
      vertex   -1.952608e+02 0.000000e+00 -3.165635e+02
    endloop
  endfacet
  facet normal -9.443182e-01 0.000000e+00 -3.290335e-01
    outer loop
      vertex   -1.952608e+02 0.000000e+00 -3.165635e+02
      vertex   -1.978652e+02 1.000000e+00 -3.090891e+02
      vertex   -1.952608e+02 1.000000e+00 -3.165635e+02
    endloop
  endfacet
  facet normal -9.572667e-01 0.000000e+00 -2.892067e-01
    outer loop
      vertex   -1.952608e+02 0.000000e+00 -3.165635e+02
      vertex   -1.952608e+02 1.000000e+00 -3.165635e+02
      vertex   -1.929717e+02 0.000000e+00 -3.241404e+02
    endloop
  endfacet
  facet normal -9.572667e-01 1.643950e-14 -2.892067e-01
    outer loop
      vertex   -1.929717e+02 0.000000e+00 -3.241404e+02
      vertex   -1.952608e+02 1.000000e+00 -3.165635e+02
      vertex   -1.929717e+02 1.000000e+00 -3.241404e+02
    endloop
  endfacet
  facet normal -9.685362e-01 1.414677e-14 -2.488726e-01
    outer loop
      vertex   -1.929717e+02 0.000000e+00 -3.241404e+02
      vertex   -1.929717e+02 1.000000e+00 -3.241404e+02
      vertex   -1.910019e+02 0.000000e+00 -3.318064e+02
    endloop
  endfacet
  facet normal -9.685362e-01 0.000000e+00 -2.488726e-01
    outer loop
      vertex   -1.910019e+02 0.000000e+00 -3.318064e+02
      vertex   -1.929717e+02 1.000000e+00 -3.241404e+02
      vertex   -1.910019e+02 1.000000e+00 -3.318064e+02
    endloop
  endfacet
  facet normal -9.781071e-01 0.000000e+00 -2.081021e-01
    outer loop
      vertex   -1.910019e+02 0.000000e+00 -3.318064e+02
      vertex   -1.910019e+02 1.000000e+00 -3.318064e+02
      vertex   -1.893547e+02 0.000000e+00 -3.395482e+02
    endloop
  endfacet
  facet normal -9.781071e-01 0.000000e+00 -2.081021e-01
    outer loop
      vertex   -1.893547e+02 0.000000e+00 -3.395482e+02
      vertex   -1.910019e+02 1.000000e+00 -3.318064e+02
      vertex   -1.893547e+02 1.000000e+00 -3.395482e+02
    endloop
  endfacet
  facet normal -9.859626e-01 0.000000e+00 -1.669666e-01
    outer loop
      vertex   -1.893547e+02 0.000000e+00 -3.395482e+02
      vertex   -1.893547e+02 1.000000e+00 -3.395482e+02
      vertex   -1.880332e+02 0.000000e+00 -3.473522e+02
    endloop
  endfacet
  facet normal -9.859626e-01 -1.853179e-14 -1.669666e-01
    outer loop
      vertex   -1.880332e+02 0.000000e+00 -3.473522e+02
      vertex   -1.893547e+02 1.000000e+00 -3.395482e+02
      vertex   -1.880332e+02 1.000000e+00 -3.473522e+02
    endloop
  endfacet
  facet normal -9.920888e-01 -2.106084e-14 -1.255382e-01
    outer loop
      vertex   -1.880332e+02 0.000000e+00 -3.473522e+02
      vertex   -1.880332e+02 1.000000e+00 -3.473522e+02
      vertex   -1.870395e+02 0.000000e+00 -3.552047e+02
    endloop
  endfacet
  facet normal -9.920888e-01 0.000000e+00 -1.255382e-01
    outer loop
      vertex   -1.870395e+02 0.000000e+00 -3.552047e+02
      vertex   -1.880332e+02 1.000000e+00 -3.473522e+02
      vertex   -1.870395e+02 1.000000e+00 -3.552047e+02
    endloop
  endfacet
  facet normal -9.964750e-01 0.000000e+00 -8.388973e-02
    outer loop
      vertex   -1.870395e+02 0.000000e+00 -3.552047e+02
      vertex   -1.870395e+02 1.000000e+00 -3.552047e+02
      vertex   -1.863755e+02 0.000000e+00 -3.630919e+02
    endloop
  endfacet
  facet normal -9.964750e-01 9.537158e-15 -8.388973e-02
    outer loop
      vertex   -1.863755e+02 0.000000e+00 -3.630919e+02
      vertex   -1.870395e+02 1.000000e+00 -3.552047e+02
      vertex   -1.863755e+02 1.000000e+00 -3.630919e+02
    endloop
  endfacet
  facet normal -9.991137e-01 4.785544e-15 -4.209409e-02
    outer loop
      vertex   -1.863755e+02 0.000000e+00 -3.630919e+02
      vertex   -1.863755e+02 1.000000e+00 -3.630919e+02
      vertex   -1.860423e+02 1.341104e-07 -3.710000e+02
    endloop
  endfacet
  facet normal -9.991137e-01 0.000000e+00 -4.209409e-02
    outer loop
      vertex   -1.860423e+02 1.341104e-07 -3.710000e+02
      vertex   -1.863755e+02 1.000000e+00 -3.630919e+02
      vertex   -1.860423e+02 1.000000e+00 -3.710000e+02
    endloop
  endfacet
  facet normal 5.470097e-17 1.000000e+00 0.000000e+00
    outer loop
      vertex   -3.750000e+02 1.000000e+00 -1.760000e+02
      vertex   -3.668815e+02 1.000000e+00 -1.761657e+02
      vertex   -3.750000e+02 1.000000e+00 -1.860000e+02
    endloop
  endfacet
  facet normal 5.609477e-17 1.000000e+00 -1.150614e-18
    outer loop
      vertex   -3.750000e+02 1.000000e+00 -1.860000e+02
      vertex   -3.668815e+02 1.000000e+00 -1.761657e+02
      vertex   -3.670866e+02 1.000000e+00 -1.861657e+02
    endloop
  endfacet
  facet normal 0.000000e+00 1.000000e+00 0.000000e+00
    outer loop
      vertex   -3.670866e+02 1.000000e+00 -1.861657e+02
      vertex   -3.668815e+02 1.000000e+00 -1.761657e+02
      vertex   -3.587765e+02 1.000000e+00 -1.766624e+02
    endloop
  endfacet
  facet normal -0.000000e+00 1.000000e+00 0.000000e+00
    outer loop
      vertex   -3.670866e+02 1.000000e+00 -1.861657e+02
      vertex   -3.587765e+02 1.000000e+00 -1.766624e+02
      vertex   -3.591871e+02 1.000000e+00 -1.866627e+02
    endloop
  endfacet
  facet normal 0.000000e+00 1.000000e+00 0.000000e+00
    outer loop
      vertex   -3.591871e+02 1.000000e+00 -1.866627e+02
      vertex   -3.587765e+02 1.000000e+00 -1.766624e+02
      vertex   -3.506986e+02 1.000000e+00 -1.774894e+02
    endloop
  endfacet
  facet normal -0.000000e+00 1.000000e+00 0.000000e+00
    outer loop
      vertex   -3.591871e+02 1.000000e+00 -1.866627e+02
      vertex   -3.506986e+02 1.000000e+00 -1.774894e+02
      vertex   -3.513154e+02 1.000000e+00 -1.874899e+02
    endloop
  endfacet
  facet normal 0.000000e+00 1.000000e+00 0.000000e+00
    outer loop
      vertex   -3.513154e+02 1.000000e+00 -1.874899e+02
      vertex   -3.506986e+02 1.000000e+00 -1.774894e+02
      vertex   -3.426611e+02 1.000000e+00 -1.786452e+02
    endloop
  endfacet
  facet normal -0.000000e+00 1.000000e+00 0.000000e+00
    outer loop
      vertex   -3.513154e+02 1.000000e+00 -1.874899e+02
      vertex   -3.426611e+02 1.000000e+00 -1.786452e+02
      vertex   -3.434852e+02 1.000000e+00 -1.886460e+02
    endloop
  endfacet
  facet normal 0.000000e+00 1.000000e+00 0.000000e+00
    outer loop
      vertex   -3.434852e+02 1.000000e+00 -1.886460e+02
      vertex   -3.426611e+02 1.000000e+00 -1.786452e+02
      vertex   -3.346774e+02 1.000000e+00 -1.801280e+02
    endloop
  endfacet
  facet normal -0.000000e+00 1.000000e+00 0.000000e+00
    outer loop
      vertex   -3.434852e+02 1.000000e+00 -1.886460e+02
      vertex   -3.346774e+02 1.000000e+00 -1.801280e+02
      vertex   -3.357102e+02 1.000000e+00 -1.901289e+02
    endloop
  endfacet
  facet normal 0.000000e+00 1.000000e+00 0.000000e+00
    outer loop
      vertex   -3.357102e+02 1.000000e+00 -1.901289e+02
      vertex   -3.346774e+02 1.000000e+00 -1.801280e+02
      vertex   -3.267609e+02 1.000000e+00 -1.819353e+02
    endloop
  endfacet
  facet normal -0.000000e+00 1.000000e+00 0.000000e+00
    outer loop
      vertex   -3.357102e+02 1.000000e+00 -1.901289e+02
      vertex   -3.267609e+02 1.000000e+00 -1.819353e+02
      vertex   -3.280042e+02 1.000000e+00 -1.919361e+02
    endloop
  endfacet
  facet normal 0.000000e+00 1.000000e+00 0.000000e+00
    outer loop
      vertex   -3.280042e+02 1.000000e+00 -1.919361e+02
      vertex   -3.267609e+02 1.000000e+00 -1.819353e+02
      vertex   -3.189247e+02 1.000000e+00 -1.840640e+02
    endloop
  endfacet
  facet normal -0.000000e+00 1.000000e+00 0.000000e+00
    outer loop
      vertex   -3.280042e+02 1.000000e+00 -1.919361e+02
      vertex   -3.189247e+02 1.000000e+00 -1.840640e+02
      vertex   -3.203806e+02 1.000000e+00 -1.940643e+02
    endloop
  endfacet
  facet normal 0.000000e+00 1.000000e+00 0.000000e+00
    outer loop
      vertex   -3.203806e+02 1.000000e+00 -1.940643e+02
      vertex   -3.189247e+02 1.000000e+00 -1.840640e+02
      vertex   -3.111819e+02 1.000000e+00 -1.865106e+02
    endloop
  endfacet
  facet normal -0.000000e+00 1.000000e+00 0.000000e+00
    outer loop
      vertex   -3.203806e+02 1.000000e+00 -1.940643e+02
      vertex   -3.111819e+02 1.000000e+00 -1.865106e+02
      vertex   -3.128528e+02 1.000000e+00 -1.965099e+02
    endloop
  endfacet
  facet normal 0.000000e+00 1.000000e+00 0.000000e+00
    outer loop
      vertex   -3.128528e+02 1.000000e+00 -1.965099e+02
      vertex   -3.111819e+02 1.000000e+00 -1.865106e+02
      vertex   -3.035453e+02 1.000000e+00 -1.892711e+02
    endloop
  endfacet
  facet normal -0.000000e+00 1.000000e+00 0.000000e+00
    outer loop
      vertex   -3.128528e+02 1.000000e+00 -1.965099e+02
      vertex   -3.035453e+02 1.000000e+00 -1.892711e+02
      vertex   -3.054339e+02 1.000000e+00 -1.992685e+02
    endloop
  endfacet
  facet normal 0.000000e+00 1.000000e+00 0.000000e+00
    outer loop
      vertex   -3.054339e+02 1.000000e+00 -1.992685e+02
      vertex   -3.035453e+02 1.000000e+00 -1.892711e+02
      vertex   -2.960278e+02 1.000000e+00 -1.923408e+02
    endloop
  endfacet
  facet normal -0.000000e+00 1.000000e+00 0.000000e+00
    outer loop
      vertex   -3.054339e+02 1.000000e+00 -1.992685e+02
      vertex   -2.960278e+02 1.000000e+00 -1.923408e+02
      vertex   -2.981371e+02 1.000000e+00 -2.023353e+02
    endloop
  endfacet
  facet normal 0.000000e+00 1.000000e+00 0.000000e+00
    outer loop
      vertex   -2.981371e+02 1.000000e+00 -2.023353e+02
      vertex   -2.960278e+02 1.000000e+00 -1.923408e+02
      vertex   -2.886417e+02 1.000000e+00 -1.957146e+02
    endloop
  endfacet
  facet normal -0.000000e+00 1.000000e+00 0.000000e+00
    outer loop
      vertex   -2.981371e+02 1.000000e+00 -2.023353e+02
      vertex   -2.886417e+02 1.000000e+00 -1.957146e+02
      vertex   -2.909751e+02 1.000000e+00 -2.057049e+02
    endloop
  endfacet
  facet normal 0.000000e+00 1.000000e+00 0.000000e+00
    outer loop
      vertex   -2.909751e+02 1.000000e+00 -2.057049e+02
      vertex   -2.886417e+02 1.000000e+00 -1.957146e+02
      vertex   -2.813994e+02 1.000000e+00 -1.993870e+02
    endloop
  endfacet
  facet normal -0.000000e+00 1.000000e+00 0.000000e+00
    outer loop
      vertex   -2.909751e+02 1.000000e+00 -2.057049e+02
      vertex   -2.813994e+02 1.000000e+00 -1.993870e+02
      vertex   -2.839605e+02 1.000000e+00 -2.093715e+02
    endloop
  endfacet
  facet normal 0.000000e+00 1.000000e+00 0.000000e+00
    outer loop
      vertex   -2.839605e+02 1.000000e+00 -2.093715e+02
      vertex   -2.813994e+02 1.000000e+00 -1.993870e+02
      vertex   -2.743129e+02 1.000000e+00 -2.033518e+02
    endloop
  endfacet
  facet normal -0.000000e+00 1.000000e+00 0.000000e+00
    outer loop
      vertex   -2.839605e+02 1.000000e+00 -2.093715e+02
      vertex   -2.743129e+02 1.000000e+00 -2.033518e+02
      vertex   -2.771055e+02 1.000000e+00 -2.133285e+02
    endloop
  endfacet
  facet normal 0.000000e+00 1.000000e+00 0.000000e+00
    outer loop
      vertex   -2.771055e+02 1.000000e+00 -2.133285e+02
      vertex   -2.743129e+02 1.000000e+00 -2.033518e+02
      vertex   -2.673941e+02 1.000000e+00 -2.076024e+02
    endloop
  endfacet
  facet normal -0.000000e+00 1.000000e+00 0.000000e+00
    outer loop
      vertex   -2.771055e+02 1.000000e+00 -2.133285e+02
      vertex   -2.673941e+02 1.000000e+00 -2.076024e+02
      vertex   -2.704222e+02 1.000000e+00 -2.175691e+02
    endloop
  endfacet
  facet normal 0.000000e+00 1.000000e+00 0.000000e+00
    outer loop
      vertex   -2.704222e+02 1.000000e+00 -2.175691e+02
      vertex   -2.673941e+02 1.000000e+00 -2.076024e+02
      vertex   -2.606544e+02 1.000000e+00 -2.121317e+02
    endloop
  endfacet
  facet normal -0.000000e+00 1.000000e+00 0.000000e+00
    outer loop
      vertex   -2.704222e+02 1.000000e+00 -2.175691e+02
      vertex   -2.606544e+02 1.000000e+00 -2.121317e+02
      vertex   -2.639223e+02 1.000000e+00 -2.220858e+02
    endloop
  endfacet
  facet normal 0.000000e+00 1.000000e+00 0.000000e+00
    outer loop
      vertex   -2.639223e+02 1.000000e+00 -2.220858e+02
      vertex   -2.606544e+02 1.000000e+00 -2.121317e+02
      vertex   -2.541052e+02 1.000000e+00 -2.169321e+02
    endloop
  endfacet
  facet normal -0.000000e+00 1.000000e+00 0.000000e+00
    outer loop
      vertex   -2.639223e+02 1.000000e+00 -2.220858e+02
      vertex   -2.541052e+02 1.000000e+00 -2.169321e+02
      vertex   -2.576173e+02 1.000000e+00 -2.268707e+02
    endloop
  endfacet
  facet normal 0.000000e+00 1.000000e+00 0.000000e+00
    outer loop
      vertex   -2.576173e+02 1.000000e+00 -2.268707e+02
      vertex   -2.541052e+02 1.000000e+00 -2.169321e+02
      vertex   -2.477572e+02 1.000000e+00 -2.219958e+02
    endloop
  endfacet
  facet normal -0.000000e+00 1.000000e+00 0.000000e+00
    outer loop
      vertex   -2.576173e+02 1.000000e+00 -2.268707e+02
      vertex   -2.477572e+02 1.000000e+00 -2.219958e+02
      vertex   -2.515181e+02 1.000000e+00 -2.319154e+02
    endloop
  endfacet
  facet normal 0.000000e+00 1.000000e+00 0.000000e+00
    outer loop
      vertex   -2.515181e+02 1.000000e+00 -2.319154e+02
      vertex   -2.477572e+02 1.000000e+00 -2.219958e+02
      vertex   -2.416212e+02 1.000000e+00 -2.273142e+02
    endloop
  endfacet
  facet normal -0.000000e+00 1.000000e+00 0.000000e+00
    outer loop
      vertex   -2.515181e+02 1.000000e+00 -2.319154e+02
      vertex   -2.416212e+02 1.000000e+00 -2.273142e+02
      vertex   -2.456355e+02 1.000000e+00 -2.372110e+02
    endloop
  endfacet
  facet normal 0.000000e+00 1.000000e+00 0.000000e+00
    outer loop
      vertex   -2.456355e+02 1.000000e+00 -2.372110e+02
      vertex   -2.416212e+02 1.000000e+00 -2.273142e+02
      vertex   -2.357071e+02 1.000000e+00 -2.328786e+02
    endloop
  endfacet
  facet normal -0.000000e+00 1.000000e+00 0.000000e+00
    outer loop
      vertex   -2.456355e+02 1.000000e+00 -2.372110e+02
      vertex   -2.357071e+02 1.000000e+00 -2.328786e+02
      vertex   -2.399797e+02 1.000000e+00 -2.427483e+02
    endloop
  endfacet
  facet normal 0.000000e+00 1.000000e+00 0.000000e+00
    outer loop
      vertex   -2.399797e+02 1.000000e+00 -2.427483e+02
      vertex   -2.357071e+02 1.000000e+00 -2.328786e+02
      vertex   -2.300251e+02 1.000000e+00 -2.386795e+02
    endloop
  endfacet
  facet normal -0.000000e+00 1.000000e+00 0.000000e+00
    outer loop
      vertex   -2.399797e+02 1.000000e+00 -2.427483e+02
      vertex   -2.300251e+02 1.000000e+00 -2.386795e+02
      vertex   -2.345608e+02 1.000000e+00 -2.485175e+02
    endloop
  endfacet
  facet normal 0.000000e+00 1.000000e+00 0.000000e+00
    outer loop
      vertex   -2.345608e+02 1.000000e+00 -2.485175e+02
      vertex   -2.300251e+02 1.000000e+00 -2.386795e+02
      vertex   -2.245844e+02 1.000000e+00 -2.447075e+02
    endloop
  endfacet
  facet normal -0.000000e+00 1.000000e+00 0.000000e+00
    outer loop
      vertex   -2.345608e+02 1.000000e+00 -2.485175e+02
      vertex   -2.245844e+02 1.000000e+00 -2.447075e+02
      vertex   -2.293882e+02 1.000000e+00 -2.545085e+02
    endloop
  endfacet
  facet normal 0.000000e+00 1.000000e+00 0.000000e+00
    outer loop
      vertex   -2.293882e+02 1.000000e+00 -2.545085e+02
      vertex   -2.245844e+02 1.000000e+00 -2.447075e+02
      vertex   -2.193941e+02 1.000000e+00 -2.509524e+02
    endloop
  endfacet
  facet normal -0.000000e+00 1.000000e+00 0.000000e+00
    outer loop
      vertex   -2.293882e+02 1.000000e+00 -2.545085e+02
      vertex   -2.193941e+02 1.000000e+00 -2.509524e+02
      vertex   -2.244709e+02 1.000000e+00 -2.607109e+02
    endloop
  endfacet
  facet normal 0.000000e+00 1.000000e+00 0.000000e+00
    outer loop
      vertex   -2.244709e+02 1.000000e+00 -2.607109e+02
      vertex   -2.193941e+02 1.000000e+00 -2.509524e+02
      vertex   -2.144630e+02 1.000000e+00 -2.574038e+02
    endloop
  endfacet
  facet normal -0.000000e+00 1.000000e+00 0.000000e+00
    outer loop
      vertex   -2.244709e+02 1.000000e+00 -2.607109e+02
      vertex   -2.144630e+02 1.000000e+00 -2.574038e+02
      vertex   -2.198177e+02 1.000000e+00 -2.671138e+02
    endloop
  endfacet
  facet normal 0.000000e+00 1.000000e+00 0.000000e+00
    outer loop
      vertex   -2.198177e+02 1.000000e+00 -2.671138e+02
      vertex   -2.144630e+02 1.000000e+00 -2.574038e+02
      vertex   -2.097991e+02 1.000000e+00 -2.640511e+02
    endloop
  endfacet
  facet normal -0.000000e+00 1.000000e+00 0.000000e+00
    outer loop
      vertex   -2.198177e+02 1.000000e+00 -2.671138e+02
      vertex   -2.097991e+02 1.000000e+00 -2.640511e+02
      vertex   -2.154366e+02 1.000000e+00 -2.737058e+02
    endloop
  endfacet
  facet normal 0.000000e+00 1.000000e+00 0.000000e+00
    outer loop
      vertex   -2.154366e+02 1.000000e+00 -2.737058e+02
      vertex   -2.097991e+02 1.000000e+00 -2.640511e+02
      vertex   -2.054103e+02 1.000000e+00 -2.708830e+02
    endloop
  endfacet
  facet normal -0.000000e+00 1.000000e+00 0.000000e+00
    outer loop
      vertex   -2.154366e+02 1.000000e+00 -2.737058e+02
      vertex   -2.054103e+02 1.000000e+00 -2.708830e+02
      vertex   -2.113354e+02 1.000000e+00 -2.804755e+02
    endloop
  endfacet
  facet normal 0.000000e+00 1.000000e+00 0.000000e+00
    outer loop
      vertex   -2.113354e+02 1.000000e+00 -2.804755e+02
      vertex   -2.054103e+02 1.000000e+00 -2.708830e+02
      vertex   -2.013039e+02 1.000000e+00 -2.778884e+02
    endloop
  endfacet
  facet normal -0.000000e+00 1.000000e+00 0.000000e+00
    outer loop
      vertex   -2.113354e+02 1.000000e+00 -2.804755e+02
      vertex   -2.013039e+02 1.000000e+00 -2.778884e+02
      vertex   -2.075212e+02 1.000000e+00 -2.874110e+02
    endloop
  endfacet
  facet normal 0.000000e+00 1.000000e+00 0.000000e+00
    outer loop
      vertex   -2.075212e+02 1.000000e+00 -2.874110e+02
      vertex   -2.013039e+02 1.000000e+00 -2.778884e+02
      vertex   -1.974867e+02 1.000000e+00 -2.850554e+02
    endloop
  endfacet
  facet normal -0.000000e+00 1.000000e+00 0.000000e+00
    outer loop
      vertex   -2.075212e+02 1.000000e+00 -2.874110e+02
      vertex   -1.974867e+02 1.000000e+00 -2.850554e+02
      vertex   -2.040007e+02 1.000000e+00 -2.945001e+02
    endloop
  endfacet
  facet normal 0.000000e+00 1.000000e+00 0.000000e+00
    outer loop
      vertex   -2.040007e+02 1.000000e+00 -2.945001e+02
      vertex   -1.974867e+02 1.000000e+00 -2.850554e+02
      vertex   -1.939651e+02 1.000000e+00 -2.923722e+02
    endloop
  endfacet
  facet normal -0.000000e+00 1.000000e+00 0.000000e+00
    outer loop
      vertex   -2.040007e+02 1.000000e+00 -2.945001e+02
      vertex   -1.939651e+02 1.000000e+00 -2.923722e+02
      vertex   -2.007802e+02 1.000000e+00 -3.017303e+02
    endloop
  endfacet
  facet normal 0.000000e+00 1.000000e+00 0.000000e+00
    outer loop
      vertex   -2.007802e+02 1.000000e+00 -3.017303e+02
      vertex   -1.939651e+02 1.000000e+00 -2.923722e+02
      vertex   -1.907449e+02 1.000000e+00 -2.998265e+02
    endloop
  endfacet
  facet normal -0.000000e+00 1.000000e+00 0.000000e+00
    outer loop
      vertex   -2.007802e+02 1.000000e+00 -3.017303e+02
      vertex   -1.907449e+02 1.000000e+00 -2.998265e+02
      vertex   -1.978652e+02 1.000000e+00 -3.090891e+02
    endloop
  endfacet
  facet normal 0.000000e+00 1.000000e+00 0.000000e+00
    outer loop
      vertex   -1.978652e+02 1.000000e+00 -3.090891e+02
      vertex   -1.907449e+02 1.000000e+00 -2.998265e+02
      vertex   -1.878315e+02 1.000000e+00 -3.074061e+02
    endloop
  endfacet
  facet normal -0.000000e+00 1.000000e+00 0.000000e+00
    outer loop
      vertex   -1.978652e+02 1.000000e+00 -3.090891e+02
      vertex   -1.878315e+02 1.000000e+00 -3.074061e+02
      vertex   -1.952608e+02 1.000000e+00 -3.165635e+02
    endloop
  endfacet
  facet normal 0.000000e+00 1.000000e+00 0.000000e+00
    outer loop
      vertex   -1.952608e+02 1.000000e+00 -3.165635e+02
      vertex   -1.878315e+02 1.000000e+00 -3.074061e+02
      vertex   -1.852297e+02 1.000000e+00 -3.150982e+02
    endloop
  endfacet
  facet normal -0.000000e+00 1.000000e+00 0.000000e+00
    outer loop
      vertex   -1.952608e+02 1.000000e+00 -3.165635e+02
      vertex   -1.852297e+02 1.000000e+00 -3.150982e+02
      vertex   -1.929717e+02 1.000000e+00 -3.241404e+02
    endloop
  endfacet
  facet normal 0.000000e+00 1.000000e+00 0.000000e+00
    outer loop
      vertex   -1.929717e+02 1.000000e+00 -3.241404e+02
      vertex   -1.852297e+02 1.000000e+00 -3.150982e+02
      vertex   -1.829439e+02 1.000000e+00 -3.228900e+02
    endloop
  endfacet
  facet normal -0.000000e+00 1.000000e+00 0.000000e+00
    outer loop
      vertex   -1.929717e+02 1.000000e+00 -3.241404e+02
      vertex   -1.829439e+02 1.000000e+00 -3.228900e+02
      vertex   -1.910019e+02 1.000000e+00 -3.318064e+02
    endloop
  endfacet
  facet normal 0.000000e+00 1.000000e+00 0.000000e+00
    outer loop
      vertex   -1.910019e+02 1.000000e+00 -3.318064e+02
      vertex   -1.829439e+02 1.000000e+00 -3.228900e+02
      vertex   -1.809779e+02 1.000000e+00 -3.307686e+02
    endloop
  endfacet
  facet normal -0.000000e+00 1.000000e+00 0.000000e+00
    outer loop
      vertex   -1.910019e+02 1.000000e+00 -3.318064e+02
      vertex   -1.809779e+02 1.000000e+00 -3.307686e+02
      vertex   -1.893547e+02 1.000000e+00 -3.395482e+02
    endloop
  endfacet
  facet normal 0.000000e+00 1.000000e+00 0.000000e+00
    outer loop
      vertex   -1.893547e+02 1.000000e+00 -3.395482e+02
      vertex   -1.809779e+02 1.000000e+00 -3.307686e+02
      vertex   -1.793349e+02 1.000000e+00 -3.387208e+02
    endloop
  endfacet
  facet normal -0.000000e+00 1.000000e+00 0.000000e+00
    outer loop
      vertex   -1.893547e+02 1.000000e+00 -3.395482e+02
      vertex   -1.793349e+02 1.000000e+00 -3.387208e+02
      vertex   -1.880332e+02 1.000000e+00 -3.473522e+02
    endloop
  endfacet
  facet normal 0.000000e+00 1.000000e+00 0.000000e+00
    outer loop
      vertex   -1.880332e+02 1.000000e+00 -3.473522e+02
      vertex   -1.793349e+02 1.000000e+00 -3.387208e+02
      vertex   -1.780178e+02 1.000000e+00 -3.467334e+02
    endloop
  endfacet
  facet normal -0.000000e+00 1.000000e+00 0.000000e+00
    outer loop
      vertex   -1.880332e+02 1.000000e+00 -3.473522e+02
      vertex   -1.780178e+02 1.000000e+00 -3.467334e+02
      vertex   -1.870395e+02 1.000000e+00 -3.552047e+02
    endloop
  endfacet
  facet normal 0.000000e+00 1.000000e+00 0.000000e+00
    outer loop
      vertex   -1.870395e+02 1.000000e+00 -3.552047e+02
      vertex   -1.780178e+02 1.000000e+00 -3.467334e+02
      vertex   -1.770286e+02 1.000000e+00 -3.547931e+02
    endloop
  endfacet
  facet normal -0.000000e+00 1.000000e+00 0.000000e+00
    outer loop
      vertex   -1.870395e+02 1.000000e+00 -3.552047e+02
      vertex   -1.770286e+02 1.000000e+00 -3.547931e+02
      vertex   -1.863755e+02 1.000000e+00 -3.630919e+02
    endloop
  endfacet
  facet normal 0.000000e+00 1.000000e+00 0.000000e+00
    outer loop
      vertex   -1.863755e+02 1.000000e+00 -3.630919e+02
      vertex   -1.770286e+02 1.000000e+00 -3.547931e+02
      vertex   -1.763690e+02 1.000000e+00 -3.628865e+02
    endloop
  endfacet
  facet normal -0.000000e+00 1.000000e+00 0.000000e+00
    outer loop
      vertex   -1.863755e+02 1.000000e+00 -3.630919e+02
      vertex   -1.763690e+02 1.000000e+00 -3.628865e+02
      vertex   -1.860423e+02 1.000000e+00 -3.710000e+02
    endloop
  endfacet
  facet normal 0.000000e+00 1.000000e+00 0.000000e+00
    outer loop
      vertex   -1.860423e+02 1.000000e+00 -3.710000e+02
      vertex   -1.763690e+02 1.000000e+00 -3.628865e+02
      vertex   -1.760402e+02 1.000000e+00 -3.710000e+02
    endloop
  endfacet
endsolid
