solid ASCII
  facet normal 0.000000e+00 1.305262e-01 -9.914449e-01
    outer loop
      vertex   -4.110000e+01 1.109898e+01 -1.282149e+01
      vertex   -4.210000e+01 1.109898e+01 -1.282149e+01
      vertex   -4.110000e+01 1.125428e+01 -1.280104e+01
    endloop
  endfacet
  facet normal 0.000000e+00 1.305262e-01 -9.914449e-01
    outer loop
      vertex   -4.110000e+01 1.125428e+01 -1.280104e+01
      vertex   -4.210000e+01 1.109898e+01 -1.282149e+01
      vertex   -4.210000e+01 1.125428e+01 -1.280104e+01
    endloop
  endfacet
  facet normal -0.000000e+00 -1.305262e-01 -9.914449e-01
    outer loop
      vertex   -4.110000e+01 1.125428e+01 -1.280104e+01
      vertex   -4.210000e+01 1.125428e+01 -1.280104e+01
      vertex   -4.110000e+01 1.140957e+01 -1.282149e+01
    endloop
  endfacet
  facet normal -0.000000e+00 -1.305262e-01 -9.914449e-01
    outer loop
      vertex   -4.110000e+01 1.140957e+01 -1.282149e+01
      vertex   -4.210000e+01 1.125428e+01 -1.280104e+01
      vertex   -4.210000e+01 1.140957e+01 -1.282149e+01
    endloop
  endfacet
  facet normal -0.000000e+00 -3.826834e-01 -9.238795e-01
    outer loop
      vertex   -4.110000e+01 1.140957e+01 -1.282149e+01
      vertex   -4.210000e+01 1.140957e+01 -1.282149e+01
      vertex   -4.110000e+01 1.155428e+01 -1.288143e+01
    endloop
  endfacet
  facet normal -0.000000e+00 -3.826834e-01 -9.238795e-01
    outer loop
      vertex   -4.110000e+01 1.155428e+01 -1.288143e+01
      vertex   -4.210000e+01 1.140957e+01 -1.282149e+01
      vertex   -4.210000e+01 1.155428e+01 -1.288143e+01
    endloop
  endfacet
  facet normal -0.000000e+00 -6.087614e-01 -7.933533e-01
    outer loop
      vertex   -4.110000e+01 1.155428e+01 -1.288143e+01
      vertex   -4.210000e+01 1.155428e+01 -1.288143e+01
      vertex   -4.110000e+01 1.167854e+01 -1.297678e+01
    endloop
  endfacet
  facet normal -0.000000e+00 -6.087614e-01 -7.933533e-01
    outer loop
      vertex   -4.110000e+01 1.167854e+01 -1.297678e+01
      vertex   -4.210000e+01 1.155428e+01 -1.288143e+01
      vertex   -4.210000e+01 1.167854e+01 -1.297678e+01
    endloop
  endfacet
  facet normal -0.000000e+00 -7.933533e-01 -6.087614e-01
    outer loop
      vertex   -4.110000e+01 1.167854e+01 -1.297678e+01
      vertex   -4.210000e+01 1.167854e+01 -1.297678e+01
      vertex   -4.110000e+01 1.177389e+01 -1.310104e+01
    endloop
  endfacet
  facet normal -0.000000e+00 -7.933533e-01 -6.087614e-01
    outer loop
      vertex   -4.110000e+01 1.177389e+01 -1.310104e+01
      vertex   -4.210000e+01 1.167854e+01 -1.297678e+01
      vertex   -4.210000e+01 1.177389e+01 -1.310104e+01
    endloop
  endfacet
  facet normal -0.000000e+00 -9.238795e-01 -3.826834e-01
    outer loop
      vertex   -4.110000e+01 1.177389e+01 -1.310104e+01
      vertex   -4.210000e+01 1.177389e+01 -1.310104e+01
      vertex   -4.110000e+01 1.183383e+01 -1.324575e+01
    endloop
  endfacet
  facet normal -0.000000e+00 -9.238795e-01 -3.826834e-01
    outer loop
      vertex   -4.110000e+01 1.183383e+01 -1.324575e+01
      vertex   -4.210000e+01 1.177389e+01 -1.310104e+01
      vertex   -4.210000e+01 1.183383e+01 -1.324575e+01
    endloop
  endfacet
  facet normal -0.000000e+00 -9.914449e-01 -1.305262e-01
    outer loop
      vertex   -4.110000e+01 1.183383e+01 -1.324575e+01
      vertex   -4.210000e+01 1.183383e+01 -1.324575e+01
      vertex   -4.110000e+01 1.185428e+01 -1.340104e+01
    endloop
  endfacet
  facet normal -0.000000e+00 -9.914449e-01 -1.305262e-01
    outer loop
      vertex   -4.110000e+01 1.185428e+01 -1.340104e+01
      vertex   -4.210000e+01 1.183383e+01 -1.324575e+01
      vertex   -4.210000e+01 1.185428e+01 -1.340104e+01
    endloop
  endfacet
  facet normal 0.000000e+00 -9.914449e-01 1.305262e-01
    outer loop
      vertex   -4.110000e+01 1.185428e+01 -1.340104e+01
      vertex   -4.210000e+01 1.185428e+01 -1.340104e+01
      vertex   -4.110000e+01 1.183383e+01 -1.355633e+01
    endloop
  endfacet
  facet normal 0.000000e+00 -9.914449e-01 1.305262e-01
    outer loop
      vertex   -4.110000e+01 1.183383e+01 -1.355633e+01
      vertex   -4.210000e+01 1.185428e+01 -1.340104e+01
      vertex   -4.210000e+01 1.183383e+01 -1.355633e+01
    endloop
  endfacet
  facet normal 0.000000e+00 -9.238795e-01 3.826834e-01
    outer loop
      vertex   -4.110000e+01 1.183383e+01 -1.355633e+01
      vertex   -4.210000e+01 1.183383e+01 -1.355633e+01
      vertex   -4.110000e+01 1.177389e+01 -1.370104e+01
    endloop
  endfacet
  facet normal 0.000000e+00 -9.238795e-01 3.826834e-01
    outer loop
      vertex   -4.110000e+01 1.177389e+01 -1.370104e+01
      vertex   -4.210000e+01 1.183383e+01 -1.355633e+01
      vertex   -4.210000e+01 1.177389e+01 -1.370104e+01
    endloop
  endfacet
  facet normal 0.000000e+00 -7.933533e-01 6.087614e-01
    outer loop
      vertex   -4.110000e+01 1.177389e+01 -1.370104e+01
      vertex   -4.210000e+01 1.177389e+01 -1.370104e+01
      vertex   -4.110000e+01 1.167854e+01 -1.382531e+01
    endloop
  endfacet
  facet normal 0.000000e+00 -7.933533e-01 6.087614e-01
    outer loop
      vertex   -4.110000e+01 1.167854e+01 -1.382531e+01
      vertex   -4.210000e+01 1.177389e+01 -1.370104e+01
      vertex   -4.210000e+01 1.167854e+01 -1.382531e+01
    endloop
  endfacet
  facet normal 0.000000e+00 -6.087614e-01 7.933533e-01
    outer loop
      vertex   -4.110000e+01 1.167854e+01 -1.382531e+01
      vertex   -4.210000e+01 1.167854e+01 -1.382531e+01
      vertex   -4.110000e+01 1.155428e+01 -1.392066e+01
    endloop
  endfacet
  facet normal 0.000000e+00 -6.087614e-01 7.933533e-01
    outer loop
      vertex   -4.110000e+01 1.155428e+01 -1.392066e+01
      vertex   -4.210000e+01 1.167854e+01 -1.382531e+01
      vertex   -4.210000e+01 1.155428e+01 -1.392066e+01
    endloop
  endfacet
  facet normal 0.000000e+00 -3.826834e-01 9.238795e-01
    outer loop
      vertex   -4.110000e+01 1.155428e+01 -1.392066e+01
      vertex   -4.210000e+01 1.155428e+01 -1.392066e+01
      vertex   -4.110000e+01 1.140957e+01 -1.398060e+01
    endloop
  endfacet
  facet normal 0.000000e+00 -3.826834e-01 9.238795e-01
    outer loop
      vertex   -4.110000e+01 1.140957e+01 -1.398060e+01
      vertex   -4.210000e+01 1.155428e+01 -1.392066e+01
      vertex   -4.210000e+01 1.140957e+01 -1.398060e+01
    endloop
  endfacet
  facet normal 0.000000e+00 -1.305262e-01 9.914449e-01
    outer loop
      vertex   -4.110000e+01 1.140957e+01 -1.398060e+01
      vertex   -4.210000e+01 1.140957e+01 -1.398060e+01
      vertex   -4.110000e+01 1.125428e+01 -1.400104e+01
    endloop
  endfacet
  facet normal 0.000000e+00 -1.305262e-01 9.914449e-01
    outer loop
      vertex   -4.110000e+01 1.125428e+01 -1.400104e+01
      vertex   -4.210000e+01 1.140957e+01 -1.398060e+01
      vertex   -4.210000e+01 1.125428e+01 -1.400104e+01
    endloop
  endfacet
  facet normal 0.000000e+00 1.305262e-01 9.914449e-01
    outer loop
      vertex   -4.110000e+01 1.125428e+01 -1.400104e+01
      vertex   -4.210000e+01 1.125428e+01 -1.400104e+01
      vertex   -4.110000e+01 1.109898e+01 -1.398060e+01
    endloop
  endfacet
  facet normal 0.000000e+00 1.305262e-01 9.914449e-01
    outer loop
      vertex   -4.110000e+01 1.109898e+01 -1.398060e+01
      vertex   -4.210000e+01 1.125428e+01 -1.400104e+01
      vertex   -4.210000e+01 1.109898e+01 -1.398060e+01
    endloop
  endfacet
  facet normal 0.000000e+00 3.826834e-01 9.238795e-01
    outer loop
      vertex   -4.110000e+01 1.109898e+01 -1.398060e+01
      vertex   -4.210000e+01 1.109898e+01 -1.398060e+01
      vertex   -4.110000e+01 1.095428e+01 -1.392066e+01
    endloop
  endfacet
  facet normal 0.000000e+00 3.826834e-01 9.238795e-01
    outer loop
      vertex   -4.110000e+01 1.095428e+01 -1.392066e+01
      vertex   -4.210000e+01 1.109898e+01 -1.398060e+01
      vertex   -4.210000e+01 1.095428e+01 -1.392066e+01
    endloop
  endfacet
  facet normal 0.000000e+00 6.087614e-01 7.933533e-01
    outer loop
      vertex   -4.110000e+01 1.095428e+01 -1.392066e+01
      vertex   -4.210000e+01 1.095428e+01 -1.392066e+01
      vertex   -4.110000e+01 1.083001e+01 -1.382531e+01
    endloop
  endfacet
  facet normal 0.000000e+00 6.087614e-01 7.933533e-01
    outer loop
      vertex   -4.110000e+01 1.083001e+01 -1.382531e+01
      vertex   -4.210000e+01 1.095428e+01 -1.392066e+01
      vertex   -4.210000e+01 1.083001e+01 -1.382531e+01
    endloop
  endfacet
  facet normal 0.000000e+00 7.933533e-01 6.087614e-01
    outer loop
      vertex   -4.110000e+01 1.083001e+01 -1.382531e+01
      vertex   -4.210000e+01 1.083001e+01 -1.382531e+01
      vertex   -4.110000e+01 1.073466e+01 -1.370104e+01
    endloop
  endfacet
  facet normal 0.000000e+00 7.933533e-01 6.087614e-01
    outer loop
      vertex   -4.110000e+01 1.073466e+01 -1.370104e+01
      vertex   -4.210000e+01 1.083001e+01 -1.382531e+01
      vertex   -4.210000e+01 1.073466e+01 -1.370104e+01
    endloop
  endfacet
  facet normal 0.000000e+00 9.238795e-01 3.826834e-01
    outer loop
      vertex   -4.110000e+01 1.073466e+01 -1.370104e+01
      vertex   -4.210000e+01 1.073466e+01 -1.370104e+01
      vertex   -4.110000e+01 1.067472e+01 -1.355633e+01
    endloop
  endfacet
  facet normal 0.000000e+00 9.238795e-01 3.826834e-01
    outer loop
      vertex   -4.110000e+01 1.067472e+01 -1.355633e+01
      vertex   -4.210000e+01 1.073466e+01 -1.370104e+01
      vertex   -4.210000e+01 1.067472e+01 -1.355633e+01
    endloop
  endfacet
  facet normal 0.000000e+00 9.914449e-01 1.305262e-01
    outer loop
      vertex   -4.110000e+01 1.067472e+01 -1.355633e+01
      vertex   -4.210000e+01 1.067472e+01 -1.355633e+01
      vertex   -4.110000e+01 1.065428e+01 -1.340104e+01
    endloop
  endfacet
  facet normal 0.000000e+00 9.914449e-01 1.305262e-01
    outer loop
      vertex   -4.110000e+01 1.065428e+01 -1.340104e+01
      vertex   -4.210000e+01 1.067472e+01 -1.355633e+01
      vertex   -4.210000e+01 1.065428e+01 -1.340104e+01
    endloop
  endfacet
  facet normal 0.000000e+00 9.914449e-01 -1.305262e-01
    outer loop
      vertex   -4.110000e+01 1.065428e+01 -1.340104e+01
      vertex   -4.210000e+01 1.065428e+01 -1.340104e+01
      vertex   -4.110000e+01 1.067472e+01 -1.324575e+01
    endloop
  endfacet
  facet normal 0.000000e+00 9.914449e-01 -1.305262e-01
    outer loop
      vertex   -4.110000e+01 1.067472e+01 -1.324575e+01
      vertex   -4.210000e+01 1.065428e+01 -1.340104e+01
      vertex   -4.210000e+01 1.067472e+01 -1.324575e+01
    endloop
  endfacet
  facet normal 0.000000e+00 9.238795e-01 -3.826834e-01
    outer loop
      vertex   -4.110000e+01 1.067472e+01 -1.324575e+01
      vertex   -4.210000e+01 1.067472e+01 -1.324575e+01
      vertex   -4.110000e+01 1.073466e+01 -1.310104e+01
    endloop
  endfacet
  facet normal 0.000000e+00 9.238795e-01 -3.826834e-01
    outer loop
      vertex   -4.110000e+01 1.073466e+01 -1.310104e+01
      vertex   -4.210000e+01 1.067472e+01 -1.324575e+01
      vertex   -4.210000e+01 1.073466e+01 -1.310104e+01
    endloop
  endfacet
  facet normal 0.000000e+00 7.933533e-01 -6.087614e-01
    outer loop
      vertex   -4.110000e+01 1.073466e+01 -1.310104e+01
      vertex   -4.210000e+01 1.073466e+01 -1.310104e+01
      vertex   -4.110000e+01 1.083001e+01 -1.297678e+01
    endloop
  endfacet
  facet normal 0.000000e+00 7.933533e-01 -6.087614e-01
    outer loop
      vertex   -4.110000e+01 1.083001e+01 -1.297678e+01
      vertex   -4.210000e+01 1.073466e+01 -1.310104e+01
      vertex   -4.210000e+01 1.083001e+01 -1.297678e+01
    endloop
  endfacet
  facet normal 0.000000e+00 6.087614e-01 -7.933533e-01
    outer loop
      vertex   -4.110000e+01 1.083001e+01 -1.297678e+01
      vertex   -4.210000e+01 1.083001e+01 -1.297678e+01
      vertex   -4.110000e+01 1.095428e+01 -1.288143e+01
    endloop
  endfacet
  facet normal 0.000000e+00 6.087614e-01 -7.933533e-01
    outer loop
      vertex   -4.110000e+01 1.095428e+01 -1.288143e+01
      vertex   -4.210000e+01 1.083001e+01 -1.297678e+01
      vertex   -4.210000e+01 1.095428e+01 -1.288143e+01
    endloop
  endfacet
  facet normal 0.000000e+00 3.826834e-01 -9.238795e-01
    outer loop
      vertex   -4.110000e+01 1.095428e+01 -1.288143e+01
      vertex   -4.210000e+01 1.095428e+01 -1.288143e+01
      vertex   -4.110000e+01 1.109898e+01 -1.282149e+01
    endloop
  endfacet
  facet normal 0.000000e+00 3.826834e-01 -9.238795e-01
    outer loop
      vertex   -4.110000e+01 1.109898e+01 -1.282149e+01
      vertex   -4.210000e+01 1.095428e+01 -1.288143e+01
      vertex   -4.210000e+01 1.109898e+01 -1.282149e+01
    endloop
  endfacet
  facet normal 0.000000e+00 1.305262e-01 -9.914449e-01
    outer loop
      vertex   -5.350372e+01 1.109898e+01 -1.282149e+01
      vertex   -5.450372e+01 1.109898e+01 -1.282149e+01
      vertex   -5.350372e+01 1.125428e+01 -1.280104e+01
    endloop
  endfacet
  facet normal 0.000000e+00 1.305262e-01 -9.914449e-01
    outer loop
      vertex   -5.350372e+01 1.125428e+01 -1.280104e+01
      vertex   -5.450372e+01 1.109898e+01 -1.282149e+01
      vertex   -5.450372e+01 1.125428e+01 -1.280104e+01
    endloop
  endfacet
  facet normal -0.000000e+00 -1.305262e-01 -9.914449e-01
    outer loop
      vertex   -5.350372e+01 1.125428e+01 -1.280104e+01
      vertex   -5.450372e+01 1.125428e+01 -1.280104e+01
      vertex   -5.350372e+01 1.140957e+01 -1.282149e+01
    endloop
  endfacet
  facet normal -0.000000e+00 -1.305262e-01 -9.914449e-01
    outer loop
      vertex   -5.350372e+01 1.140957e+01 -1.282149e+01
      vertex   -5.450372e+01 1.125428e+01 -1.280104e+01
      vertex   -5.450372e+01 1.140957e+01 -1.282149e+01
    endloop
  endfacet
  facet normal -0.000000e+00 -3.826834e-01 -9.238795e-01
    outer loop
      vertex   -5.350372e+01 1.140957e+01 -1.282149e+01
      vertex   -5.450372e+01 1.140957e+01 -1.282149e+01
      vertex   -5.350372e+01 1.155428e+01 -1.288143e+01
    endloop
  endfacet
  facet normal -0.000000e+00 -3.826834e-01 -9.238795e-01
    outer loop
      vertex   -5.350372e+01 1.155428e+01 -1.288143e+01
      vertex   -5.450372e+01 1.140957e+01 -1.282149e+01
      vertex   -5.450372e+01 1.155428e+01 -1.288143e+01
    endloop
  endfacet
  facet normal -0.000000e+00 -6.087614e-01 -7.933533e-01
    outer loop
      vertex   -5.350372e+01 1.155428e+01 -1.288143e+01
      vertex   -5.450372e+01 1.155428e+01 -1.288143e+01
      vertex   -5.350372e+01 1.167854e+01 -1.297678e+01
    endloop
  endfacet
  facet normal -0.000000e+00 -6.087614e-01 -7.933533e-01
    outer loop
      vertex   -5.350372e+01 1.167854e+01 -1.297678e+01
      vertex   -5.450372e+01 1.155428e+01 -1.288143e+01
      vertex   -5.450372e+01 1.167854e+01 -1.297678e+01
    endloop
  endfacet
  facet normal -0.000000e+00 -7.933533e-01 -6.087614e-01
    outer loop
      vertex   -5.350372e+01 1.167854e+01 -1.297678e+01
      vertex   -5.450372e+01 1.167854e+01 -1.297678e+01
      vertex   -5.350372e+01 1.177389e+01 -1.310104e+01
    endloop
  endfacet
  facet normal -0.000000e+00 -7.933533e-01 -6.087614e-01
    outer loop
      vertex   -5.350372e+01 1.177389e+01 -1.310104e+01
      vertex   -5.450372e+01 1.167854e+01 -1.297678e+01
      vertex   -5.450372e+01 1.177389e+01 -1.310104e+01
    endloop
  endfacet
  facet normal -0.000000e+00 -9.238795e-01 -3.826834e-01
    outer loop
      vertex   -5.350372e+01 1.177389e+01 -1.310104e+01
      vertex   -5.450372e+01 1.177389e+01 -1.310104e+01
      vertex   -5.350372e+01 1.183383e+01 -1.324575e+01
    endloop
  endfacet
  facet normal -0.000000e+00 -9.238795e-01 -3.826834e-01
    outer loop
      vertex   -5.350372e+01 1.183383e+01 -1.324575e+01
      vertex   -5.450372e+01 1.177389e+01 -1.310104e+01
      vertex   -5.450372e+01 1.183383e+01 -1.324575e+01
    endloop
  endfacet
  facet normal -0.000000e+00 -9.914449e-01 -1.305262e-01
    outer loop
      vertex   -5.350372e+01 1.183383e+01 -1.324575e+01
      vertex   -5.450372e+01 1.183383e+01 -1.324575e+01
      vertex   -5.350372e+01 1.185428e+01 -1.340104e+01
    endloop
  endfacet
  facet normal -0.000000e+00 -9.914449e-01 -1.305262e-01
    outer loop
      vertex   -5.350372e+01 1.185428e+01 -1.340104e+01
      vertex   -5.450372e+01 1.183383e+01 -1.324575e+01
      vertex   -5.450372e+01 1.185428e+01 -1.340104e+01
    endloop
  endfacet
  facet normal 0.000000e+00 -9.914449e-01 1.305262e-01
    outer loop
      vertex   -5.350372e+01 1.185428e+01 -1.340104e+01
      vertex   -5.450372e+01 1.185428e+01 -1.340104e+01
      vertex   -5.350372e+01 1.183383e+01 -1.355633e+01
    endloop
  endfacet
  facet normal 0.000000e+00 -9.914449e-01 1.305262e-01
    outer loop
      vertex   -5.350372e+01 1.183383e+01 -1.355633e+01
      vertex   -5.450372e+01 1.185428e+01 -1.340104e+01
      vertex   -5.450372e+01 1.183383e+01 -1.355633e+01
    endloop
  endfacet
  facet normal 0.000000e+00 -9.238795e-01 3.826834e-01
    outer loop
      vertex   -5.350372e+01 1.183383e+01 -1.355633e+01
      vertex   -5.450372e+01 1.183383e+01 -1.355633e+01
      vertex   -5.350372e+01 1.177389e+01 -1.370104e+01
    endloop
  endfacet
  facet normal 0.000000e+00 -9.238795e-01 3.826834e-01
    outer loop
      vertex   -5.350372e+01 1.177389e+01 -1.370104e+01
      vertex   -5.450372e+01 1.183383e+01 -1.355633e+01
      vertex   -5.450372e+01 1.177389e+01 -1.370104e+01
    endloop
  endfacet
  facet normal 0.000000e+00 -7.933533e-01 6.087614e-01
    outer loop
      vertex   -5.350372e+01 1.177389e+01 -1.370104e+01
      vertex   -5.450372e+01 1.177389e+01 -1.370104e+01
      vertex   -5.350372e+01 1.167854e+01 -1.382531e+01
    endloop
  endfacet
  facet normal 0.000000e+00 -7.933533e-01 6.087614e-01
    outer loop
      vertex   -5.350372e+01 1.167854e+01 -1.382531e+01
      vertex   -5.450372e+01 1.177389e+01 -1.370104e+01
      vertex   -5.450372e+01 1.167854e+01 -1.382531e+01
    endloop
  endfacet
  facet normal 0.000000e+00 -6.087614e-01 7.933533e-01
    outer loop
      vertex   -5.350372e+01 1.167854e+01 -1.382531e+01
      vertex   -5.450372e+01 1.167854e+01 -1.382531e+01
      vertex   -5.350372e+01 1.155428e+01 -1.392066e+01
    endloop
  endfacet
  facet normal 0.000000e+00 -6.087614e-01 7.933533e-01
    outer loop
      vertex   -5.350372e+01 1.155428e+01 -1.392066e+01
      vertex   -5.450372e+01 1.167854e+01 -1.382531e+01
      vertex   -5.450372e+01 1.155428e+01 -1.392066e+01
    endloop
  endfacet
  facet normal 0.000000e+00 -3.826834e-01 9.238795e-01
    outer loop
      vertex   -5.350372e+01 1.155428e+01 -1.392066e+01
      vertex   -5.450372e+01 1.155428e+01 -1.392066e+01
      vertex   -5.350372e+01 1.140957e+01 -1.398060e+01
    endloop
  endfacet
  facet normal 0.000000e+00 -3.826834e-01 9.238795e-01
    outer loop
      vertex   -5.350372e+01 1.140957e+01 -1.398060e+01
      vertex   -5.450372e+01 1.155428e+01 -1.392066e+01
      vertex   -5.450372e+01 1.140957e+01 -1.398060e+01
    endloop
  endfacet
  facet normal 0.000000e+00 -1.305262e-01 9.914449e-01
    outer loop
      vertex   -5.350372e+01 1.140957e+01 -1.398060e+01
      vertex   -5.450372e+01 1.140957e+01 -1.398060e+01
      vertex   -5.350372e+01 1.125428e+01 -1.400104e+01
    endloop
  endfacet
  facet normal 0.000000e+00 -1.305262e-01 9.914449e-01
    outer loop
      vertex   -5.350372e+01 1.125428e+01 -1.400104e+01
      vertex   -5.450372e+01 1.140957e+01 -1.398060e+01
      vertex   -5.450372e+01 1.125428e+01 -1.400104e+01
    endloop
  endfacet
  facet normal 0.000000e+00 1.305262e-01 9.914449e-01
    outer loop
      vertex   -5.350372e+01 1.125428e+01 -1.400104e+01
      vertex   -5.450372e+01 1.125428e+01 -1.400104e+01
      vertex   -5.350372e+01 1.109898e+01 -1.398060e+01
    endloop
  endfacet
  facet normal 0.000000e+00 1.305262e-01 9.914449e-01
    outer loop
      vertex   -5.350372e+01 1.109898e+01 -1.398060e+01
      vertex   -5.450372e+01 1.125428e+01 -1.400104e+01
      vertex   -5.450372e+01 1.109898e+01 -1.398060e+01
    endloop
  endfacet
  facet normal 0.000000e+00 3.826834e-01 9.238795e-01
    outer loop
      vertex   -5.350372e+01 1.109898e+01 -1.398060e+01
      vertex   -5.450372e+01 1.109898e+01 -1.398060e+01
      vertex   -5.350372e+01 1.095428e+01 -1.392066e+01
    endloop
  endfacet
  facet normal 0.000000e+00 3.826834e-01 9.238795e-01
    outer loop
      vertex   -5.350372e+01 1.095428e+01 -1.392066e+01
      vertex   -5.450372e+01 1.109898e+01 -1.398060e+01
      vertex   -5.450372e+01 1.095428e+01 -1.392066e+01
    endloop
  endfacet
  facet normal 0.000000e+00 6.087614e-01 7.933533e-01
    outer loop
      vertex   -5.350372e+01 1.095428e+01 -1.392066e+01
      vertex   -5.450372e+01 1.095428e+01 -1.392066e+01
      vertex   -5.350372e+01 1.083001e+01 -1.382531e+01
    endloop
  endfacet
  facet normal 0.000000e+00 6.087614e-01 7.933533e-01
    outer loop
      vertex   -5.350372e+01 1.083001e+01 -1.382531e+01
      vertex   -5.450372e+01 1.095428e+01 -1.392066e+01
      vertex   -5.450372e+01 1.083001e+01 -1.382531e+01
    endloop
  endfacet
  facet normal 0.000000e+00 7.933533e-01 6.087614e-01
    outer loop
      vertex   -5.350372e+01 1.083001e+01 -1.382531e+01
      vertex   -5.450372e+01 1.083001e+01 -1.382531e+01
      vertex   -5.350372e+01 1.073466e+01 -1.370104e+01
    endloop
  endfacet
  facet normal 0.000000e+00 7.933533e-01 6.087614e-01
    outer loop
      vertex   -5.350372e+01 1.073466e+01 -1.370104e+01
      vertex   -5.450372e+01 1.083001e+01 -1.382531e+01
      vertex   -5.450372e+01 1.073466e+01 -1.370104e+01
    endloop
  endfacet
  facet normal 0.000000e+00 9.238795e-01 3.826834e-01
    outer loop
      vertex   -5.350372e+01 1.073466e+01 -1.370104e+01
      vertex   -5.450372e+01 1.073466e+01 -1.370104e+01
      vertex   -5.350372e+01 1.067472e+01 -1.355633e+01
    endloop
  endfacet
  facet normal 0.000000e+00 9.238795e-01 3.826834e-01
    outer loop
      vertex   -5.350372e+01 1.067472e+01 -1.355633e+01
      vertex   -5.450372e+01 1.073466e+01 -1.370104e+01
      vertex   -5.450372e+01 1.067472e+01 -1.355633e+01
    endloop
  endfacet
  facet normal 0.000000e+00 9.914449e-01 1.305262e-01
    outer loop
      vertex   -5.350372e+01 1.067472e+01 -1.355633e+01
      vertex   -5.450372e+01 1.067472e+01 -1.355633e+01
      vertex   -5.350372e+01 1.065428e+01 -1.340104e+01
    endloop
  endfacet
  facet normal 0.000000e+00 9.914449e-01 1.305262e-01
    outer loop
      vertex   -5.350372e+01 1.065428e+01 -1.340104e+01
      vertex   -5.450372e+01 1.067472e+01 -1.355633e+01
      vertex   -5.450372e+01 1.065428e+01 -1.340104e+01
    endloop
  endfacet
  facet normal 0.000000e+00 9.914449e-01 -1.305262e-01
    outer loop
      vertex   -5.350372e+01 1.065428e+01 -1.340104e+01
      vertex   -5.450372e+01 1.065428e+01 -1.340104e+01
      vertex   -5.350372e+01 1.067472e+01 -1.324575e+01
    endloop
  endfacet
  facet normal 0.000000e+00 9.914449e-01 -1.305262e-01
    outer loop
      vertex   -5.350372e+01 1.067472e+01 -1.324575e+01
      vertex   -5.450372e+01 1.065428e+01 -1.340104e+01
      vertex   -5.450372e+01 1.067472e+01 -1.324575e+01
    endloop
  endfacet
  facet normal 0.000000e+00 9.238795e-01 -3.826834e-01
    outer loop
      vertex   -5.350372e+01 1.067472e+01 -1.324575e+01
      vertex   -5.450372e+01 1.067472e+01 -1.324575e+01
      vertex   -5.350372e+01 1.073466e+01 -1.310104e+01
    endloop
  endfacet
  facet normal 0.000000e+00 9.238795e-01 -3.826834e-01
    outer loop
      vertex   -5.350372e+01 1.073466e+01 -1.310104e+01
      vertex   -5.450372e+01 1.067472e+01 -1.324575e+01
      vertex   -5.450372e+01 1.073466e+01 -1.310104e+01
    endloop
  endfacet
  facet normal 0.000000e+00 7.933533e-01 -6.087614e-01
    outer loop
      vertex   -5.350372e+01 1.073466e+01 -1.310104e+01
      vertex   -5.450372e+01 1.073466e+01 -1.310104e+01
      vertex   -5.350372e+01 1.083001e+01 -1.297678e+01
    endloop
  endfacet
  facet normal 0.000000e+00 7.933533e-01 -6.087614e-01
    outer loop
      vertex   -5.350372e+01 1.083001e+01 -1.297678e+01
      vertex   -5.450372e+01 1.073466e+01 -1.310104e+01
      vertex   -5.450372e+01 1.083001e+01 -1.297678e+01
    endloop
  endfacet
  facet normal 0.000000e+00 6.087614e-01 -7.933533e-01
    outer loop
      vertex   -5.350372e+01 1.083001e+01 -1.297678e+01
      vertex   -5.450372e+01 1.083001e+01 -1.297678e+01
      vertex   -5.350372e+01 1.095428e+01 -1.288143e+01
    endloop
  endfacet
  facet normal 0.000000e+00 6.087614e-01 -7.933533e-01
    outer loop
      vertex   -5.350372e+01 1.095428e+01 -1.288143e+01
      vertex   -5.450372e+01 1.083001e+01 -1.297678e+01
      vertex   -5.450372e+01 1.095428e+01 -1.288143e+01
    endloop
  endfacet
  facet normal 0.000000e+00 3.826834e-01 -9.238795e-01
    outer loop
      vertex   -5.350372e+01 1.095428e+01 -1.288143e+01
      vertex   -5.450372e+01 1.095428e+01 -1.288143e+01
      vertex   -5.350372e+01 1.109898e+01 -1.282149e+01
    endloop
  endfacet
  facet normal 0.000000e+00 3.826834e-01 -9.238795e-01
    outer loop
      vertex   -5.350372e+01 1.109898e+01 -1.282149e+01
      vertex   -5.450372e+01 1.095428e+01 -1.288143e+01
      vertex   -5.450372e+01 1.109898e+01 -1.282149e+01
    endloop
  endfacet
  facet normal 9.914449e-01 -2.398563e-17 -1.305262e-01
    outer loop
      vertex   -4.754385e+01 1.850000e+01 -1.109656e+00
      vertex   -4.754385e+01 1.366667e+01 -1.109656e+00
      vertex   -4.758218e+01 1.850000e+01 -1.400828e+00
    endloop
  endfacet
  facet normal 9.914449e-01 0.000000e+00 -1.305262e-01
    outer loop
      vertex   -4.758218e+01 1.850000e+01 -1.400828e+00
      vertex   -4.754385e+01 1.366667e+01 -1.109656e+00
      vertex   -4.758218e+01 1.366667e+01 -1.400828e+00
    endloop
  endfacet
  facet normal 9.914449e-01 0.000000e+00 1.305262e-01
    outer loop
      vertex   -4.758218e+01 1.850000e+01 -1.400828e+00
      vertex   -4.758218e+01 1.366667e+01 -1.400828e+00
      vertex   -4.754385e+01 1.850000e+01 -1.691999e+00
    endloop
  endfacet
  facet normal 9.914449e-01 -1.798922e-17 1.305262e-01
    outer loop
      vertex   -4.754385e+01 1.850000e+01 -1.691999e+00
      vertex   -4.758218e+01 1.366667e+01 -1.400828e+00
      vertex   -4.754385e+01 1.366667e+01 -1.691999e+00
    endloop
  endfacet
  facet normal 9.238795e-01 -5.274173e-17 3.826834e-01
    outer loop
      vertex   -4.754385e+01 1.850000e+01 -1.691999e+00
      vertex   -4.754385e+01 1.366667e+01 -1.691999e+00
      vertex   -4.743146e+01 1.850000e+01 -1.963328e+00
    endloop
  endfacet
  facet normal 9.238795e-01 1.406446e-16 3.826834e-01
    outer loop
      vertex   -4.743146e+01 1.850000e+01 -1.963328e+00
      vertex   -4.754385e+01 1.366667e+01 -1.691999e+00
      vertex   -4.743146e+01 1.366667e+01 -1.963328e+00
    endloop
  endfacet
  facet normal 7.933533e-01 2.237333e-16 6.087614e-01
    outer loop
      vertex   -4.743146e+01 1.850000e+01 -1.963328e+00
      vertex   -4.743146e+01 1.366667e+01 -1.963328e+00
      vertex   -4.725267e+01 1.850000e+01 -2.196323e+00
    endloop
  endfacet
  facet normal 7.933533e-01 1.678000e-16 6.087614e-01
    outer loop
      vertex   -4.725267e+01 1.850000e+01 -2.196323e+00
      vertex   -4.743146e+01 1.366667e+01 -1.963328e+00
      vertex   -4.725267e+01 1.366667e+01 -2.196323e+00
    endloop
  endfacet
  facet normal 6.087614e-01 2.186812e-16 7.933533e-01
    outer loop
      vertex   -4.725267e+01 1.850000e+01 -2.196323e+00
      vertex   -4.725267e+01 1.366667e+01 -2.196323e+00
      vertex   -4.701968e+01 1.850000e+01 -2.375106e+00
    endloop
  endfacet
  facet normal 6.087614e-01 2.186812e-16 7.933533e-01
    outer loop
      vertex   -4.701968e+01 1.850000e+01 -2.375106e+00
      vertex   -4.725267e+01 1.366667e+01 -2.196323e+00
      vertex   -4.701968e+01 1.366667e+01 -2.375106e+00
    endloop
  endfacet
  facet normal 3.826834e-01 2.546596e-16 9.238795e-01
    outer loop
      vertex   -4.701968e+01 1.850000e+01 -2.375106e+00
      vertex   -4.701968e+01 1.366667e+01 -2.375106e+00
      vertex   -4.674835e+01 1.850000e+01 -2.487494e+00
    endloop
  endfacet
  facet normal 3.826834e-01 1.697731e-16 9.238795e-01
    outer loop
      vertex   -4.674835e+01 1.850000e+01 -2.487494e+00
      vertex   -4.701968e+01 1.366667e+01 -2.375106e+00
      vertex   -4.674835e+01 1.366667e+01 -2.487494e+00
    endloop
  endfacet
  facet normal 1.305262e-01 1.821890e-16 9.914449e-01
    outer loop
      vertex   -4.674835e+01 1.850000e+01 -2.487494e+00
      vertex   -4.674835e+01 1.366667e+01 -2.487494e+00
      vertex   -4.645718e+01 1.850000e+01 -2.525828e+00
    endloop
  endfacet
  facet normal 1.305262e-01 0.000000e+00 9.914449e-01
    outer loop
      vertex   -4.645718e+01 1.850000e+01 -2.525828e+00
      vertex   -4.674835e+01 1.366667e+01 -2.487494e+00
      vertex   -4.645718e+01 1.366667e+01 -2.525828e+00
    endloop
  endfacet
  facet normal -1.305262e-01 0.000000e+00 9.914449e-01
    outer loop
      vertex   -4.645718e+01 1.850000e+01 -2.525828e+00
      vertex   -4.645718e+01 1.366667e+01 -2.525828e+00
      vertex   -4.616601e+01 1.850000e+01 -2.487494e+00
    endloop
  endfacet
  facet normal -1.305262e-01 1.821890e-16 9.914449e-01
    outer loop
      vertex   -4.616601e+01 1.850000e+01 -2.487494e+00
      vertex   -4.645718e+01 1.366667e+01 -2.525828e+00
      vertex   -4.616601e+01 1.366667e+01 -2.487494e+00
    endloop
  endfacet
  facet normal -3.826834e-01 1.697731e-16 9.238795e-01
    outer loop
      vertex   -4.616601e+01 1.850000e+01 -2.487494e+00
      vertex   -4.616601e+01 1.366667e+01 -2.487494e+00
      vertex   -4.589468e+01 1.850000e+01 -2.375106e+00
    endloop
  endfacet
  facet normal -3.826834e-01 2.546596e-16 9.238795e-01
    outer loop
      vertex   -4.589468e+01 1.850000e+01 -2.375106e+00
      vertex   -4.616601e+01 1.366667e+01 -2.487494e+00
      vertex   -4.589468e+01 1.366667e+01 -2.375106e+00
    endloop
  endfacet
  facet normal -6.087614e-01 2.186812e-16 7.933533e-01
    outer loop
      vertex   -4.589468e+01 1.850000e+01 -2.375106e+00
      vertex   -4.589468e+01 1.366667e+01 -2.375106e+00
      vertex   -4.566168e+01 1.850000e+01 -2.196323e+00
    endloop
  endfacet
  facet normal -6.087614e-01 2.186812e-16 7.933533e-01
    outer loop
      vertex   -4.566168e+01 1.850000e+01 -2.196323e+00
      vertex   -4.589468e+01 1.366667e+01 -2.375106e+00
      vertex   -4.566168e+01 1.366667e+01 -2.196323e+00
    endloop
  endfacet
  facet normal -7.933533e-01 1.678000e-16 6.087614e-01
    outer loop
      vertex   -4.566168e+01 1.850000e+01 -2.196323e+00
      vertex   -4.566168e+01 1.366667e+01 -2.196323e+00
      vertex   -4.548290e+01 1.850000e+01 -1.963328e+00
    endloop
  endfacet
  facet normal -7.933533e-01 2.237333e-16 6.087614e-01
    outer loop
      vertex   -4.548290e+01 1.850000e+01 -1.963328e+00
      vertex   -4.566168e+01 1.366667e+01 -2.196323e+00
      vertex   -4.548290e+01 1.366667e+01 -1.963328e+00
    endloop
  endfacet
  facet normal -9.238795e-01 1.406446e-16 3.826834e-01
    outer loop
      vertex   -4.548290e+01 1.850000e+01 -1.963328e+00
      vertex   -4.548290e+01 1.366667e+01 -1.963328e+00
      vertex   -4.537051e+01 1.850000e+01 -1.691999e+00
    endloop
  endfacet
  facet normal -9.238795e-01 -5.274173e-17 3.826834e-01
    outer loop
      vertex   -4.537051e+01 1.850000e+01 -1.691999e+00
      vertex   -4.548290e+01 1.366667e+01 -1.963328e+00
      vertex   -4.537051e+01 1.366667e+01 -1.691999e+00
    endloop
  endfacet
  facet normal -9.914449e-01 -1.798922e-17 1.305262e-01
    outer loop
      vertex   -4.537051e+01 1.850000e+01 -1.691999e+00
      vertex   -4.537051e+01 1.366667e+01 -1.691999e+00
      vertex   -4.533218e+01 1.850000e+01 -1.400828e+00
    endloop
  endfacet
  facet normal -9.914449e-01 0.000000e+00 1.305262e-01
    outer loop
      vertex   -4.533218e+01 1.850000e+01 -1.400828e+00
      vertex   -4.537051e+01 1.366667e+01 -1.691999e+00
      vertex   -4.533218e+01 1.366667e+01 -1.400828e+00
    endloop
  endfacet
  facet normal -9.914449e-01 -0.000000e+00 -1.305262e-01
    outer loop
      vertex   -4.533218e+01 1.850000e+01 -1.400828e+00
      vertex   -4.533218e+01 1.366667e+01 -1.400828e+00
      vertex   -4.537051e+01 1.850000e+01 -1.109656e+00
    endloop
  endfacet
  facet normal -9.914449e-01 -2.998204e-17 -1.305262e-01
    outer loop
      vertex   -4.537051e+01 1.850000e+01 -1.109656e+00
      vertex   -4.533218e+01 1.366667e+01 -1.400828e+00
      vertex   -4.537051e+01 1.366667e+01 -1.109656e+00
    endloop
  endfacet
  facet normal -9.238795e-01 -8.790289e-17 -3.826834e-01
    outer loop
      vertex   -4.537051e+01 1.850000e+01 -1.109656e+00
      vertex   -4.537051e+01 1.366667e+01 -1.109656e+00
      vertex   -4.548290e+01 1.850000e+01 -8.383279e-01
    endloop
  endfacet
  facet normal -9.238795e-01 1.142738e-16 -3.826834e-01
    outer loop
      vertex   -4.548290e+01 1.850000e+01 -8.383279e-01
      vertex   -4.537051e+01 1.366667e+01 -1.109656e+00
      vertex   -4.548290e+01 1.366667e+01 -8.383279e-01
    endloop
  endfacet
  facet normal -7.933533e-01 1.817833e-16 -6.087614e-01
    outer loop
      vertex   -4.548290e+01 1.850000e+01 -8.383279e-01
      vertex   -4.548290e+01 1.366667e+01 -8.383279e-01
      vertex   -4.566168e+01 1.850000e+01 -6.053328e-01
    endloop
  endfacet
  facet normal -7.933533e-01 1.538166e-16 -6.087614e-01
    outer loop
      vertex   -4.566168e+01 1.850000e+01 -6.053328e-01
      vertex   -4.548290e+01 1.366667e+01 -8.383279e-01
      vertex   -4.566168e+01 1.366667e+01 -6.053328e-01
    endloop
  endfacet
  facet normal -6.087614e-01 2.004577e-16 -7.933533e-01
    outer loop
      vertex   -4.566168e+01 1.850000e+01 -6.053328e-01
      vertex   -4.566168e+01 1.366667e+01 -6.053328e-01
      vertex   -4.589468e+01 1.850000e+01 -4.265493e-01
    endloop
  endfacet
  facet normal -6.087614e-01 2.277929e-16 -7.933533e-01
    outer loop
      vertex   -4.589468e+01 1.850000e+01 -4.265493e-01
      vertex   -4.566168e+01 1.366667e+01 -6.053328e-01
      vertex   -4.589468e+01 1.366667e+01 -4.265493e-01
    endloop
  endfacet
  facet normal -3.826834e-01 2.652704e-16 -9.238795e-01
    outer loop
      vertex   -4.589468e+01 1.850000e+01 -4.265493e-01
      vertex   -4.589468e+01 1.366667e+01 -4.265493e-01
      vertex   -4.616601e+01 1.850000e+01 -3.141613e-01
    endloop
  endfacet
  facet normal -3.826834e-01 4.244327e-17 -9.238795e-01
    outer loop
      vertex   -4.616601e+01 1.850000e+01 -3.141613e-01
      vertex   -4.589468e+01 1.366667e+01 -4.265493e-01
      vertex   -4.616601e+01 1.366667e+01 -3.141613e-01
    endloop
  endfacet
  facet normal -1.305262e-01 4.554724e-17 -9.914449e-01
    outer loop
      vertex   -4.616601e+01 1.850000e+01 -3.141613e-01
      vertex   -4.616601e+01 1.366667e+01 -3.141613e-01
      vertex   -4.645718e+01 1.850000e+01 -2.758279e-01
    endloop
  endfacet
  facet normal -1.305262e-01 -0.000000e+00 -9.914449e-01
    outer loop
      vertex   -4.645718e+01 1.850000e+01 -2.758279e-01
      vertex   -4.616601e+01 1.366667e+01 -3.141613e-01
      vertex   -4.645718e+01 1.366667e+01 -2.758279e-01
    endloop
  endfacet
  facet normal 1.305262e-01 0.000000e+00 -9.914449e-01
    outer loop
      vertex   -4.645718e+01 1.850000e+01 -2.758279e-01
      vertex   -4.645718e+01 1.366667e+01 -2.758279e-01
      vertex   -4.674835e+01 1.850000e+01 -3.141613e-01
    endloop
  endfacet
  facet normal 1.305262e-01 1.138681e-16 -9.914449e-01
    outer loop
      vertex   -4.674835e+01 1.850000e+01 -3.141613e-01
      vertex   -4.645718e+01 1.366667e+01 -2.758279e-01
      vertex   -4.674835e+01 1.366667e+01 -3.141613e-01
    endloop
  endfacet
  facet normal 3.826834e-01 1.061082e-16 -9.238795e-01
    outer loop
      vertex   -4.674835e+01 1.850000e+01 -3.141613e-01
      vertex   -4.674835e+01 1.366667e+01 -3.141613e-01
      vertex   -4.701968e+01 1.850000e+01 -4.265493e-01
    endloop
  endfacet
  facet normal 3.826834e-01 3.607678e-16 -9.238795e-01
    outer loop
      vertex   -4.701968e+01 1.850000e+01 -4.265493e-01
      vertex   -4.674835e+01 1.366667e+01 -3.141613e-01
      vertex   -4.701968e+01 1.366667e+01 -4.265493e-01
    endloop
  endfacet
  facet normal 6.087614e-01 3.097983e-16 -7.933533e-01
    outer loop
      vertex   -4.701968e+01 1.850000e+01 -4.265493e-01
      vertex   -4.701968e+01 1.366667e+01 -4.265493e-01
      vertex   -4.725267e+01 1.850000e+01 -6.053328e-01
    endloop
  endfacet
  facet normal 6.087614e-01 2.369046e-16 -7.933533e-01
    outer loop
      vertex   -4.725267e+01 1.850000e+01 -6.053328e-01
      vertex   -4.701968e+01 1.366667e+01 -4.265493e-01
      vertex   -4.725267e+01 1.366667e+01 -6.053328e-01
    endloop
  endfacet
  facet normal 7.933533e-01 1.817833e-16 -6.087614e-01
    outer loop
      vertex   -4.725267e+01 1.850000e+01 -6.053328e-01
      vertex   -4.725267e+01 1.366667e+01 -6.053328e-01
      vertex   -4.743146e+01 1.850000e+01 -8.383279e-01
    endloop
  endfacet
  facet normal 7.933533e-01 2.097500e-16 -6.087614e-01
    outer loop
      vertex   -4.743146e+01 1.850000e+01 -8.383279e-01
      vertex   -4.725267e+01 1.366667e+01 -6.053328e-01
      vertex   -4.743146e+01 1.366667e+01 -8.383279e-01
    endloop
  endfacet
  facet normal 9.238795e-01 1.318543e-16 -3.826834e-01
    outer loop
      vertex   -4.743146e+01 1.850000e+01 -8.383279e-01
      vertex   -4.743146e+01 1.366667e+01 -8.383279e-01
      vertex   -4.754385e+01 1.850000e+01 -1.109656e+00
    endloop
  endfacet
  facet normal 9.238795e-01 -7.032231e-17 -3.826834e-01
    outer loop
      vertex   -4.754385e+01 1.850000e+01 -1.109656e+00
      vertex   -4.743146e+01 1.366667e+01 -8.383279e-01
      vertex   -4.754385e+01 1.366667e+01 -1.109656e+00
    endloop
  endfacet
  facet normal 9.914449e-01 2.398563e-17 1.305262e-01
    outer loop
      vertex   -4.754385e+01 4.000000e+00 -1.691999e+00
      vertex   -4.754385e+01 8.833333e+00 -1.691999e+00
      vertex   -4.758218e+01 4.000000e+00 -1.400828e+00
    endloop
  endfacet
  facet normal 9.914449e-01 -0.000000e+00 1.305262e-01
    outer loop
      vertex   -4.758218e+01 4.000000e+00 -1.400828e+00
      vertex   -4.754385e+01 8.833333e+00 -1.691999e+00
      vertex   -4.758218e+01 8.833333e+00 -1.400828e+00
    endloop
  endfacet
  facet normal 9.914449e-01 0.000000e+00 -1.305262e-01
    outer loop
      vertex   -4.758218e+01 4.000000e+00 -1.400828e+00
      vertex   -4.758218e+01 8.833333e+00 -1.400828e+00
      vertex   -4.754385e+01 4.000000e+00 -1.109656e+00
    endloop
  endfacet
  facet normal 9.914449e-01 3.597845e-17 -1.305262e-01
    outer loop
      vertex   -4.754385e+01 4.000000e+00 -1.109656e+00
      vertex   -4.758218e+01 8.833333e+00 -1.400828e+00
      vertex   -4.754385e+01 8.833333e+00 -1.109656e+00
    endloop
  endfacet
  facet normal 9.238795e-01 1.054835e-16 -3.826834e-01
    outer loop
      vertex   -4.754385e+01 4.000000e+00 -1.109656e+00
      vertex   -4.754385e+01 8.833333e+00 -1.109656e+00
      vertex   -4.743146e+01 4.000000e+00 -8.383279e-01
    endloop
  endfacet
  facet normal 9.238795e-01 -1.142738e-16 -3.826834e-01
    outer loop
      vertex   -4.743146e+01 4.000000e+00 -8.383279e-01
      vertex   -4.754385e+01 8.833333e+00 -1.109656e+00
      vertex   -4.743146e+01 8.833333e+00 -8.383279e-01
    endloop
  endfacet
  facet normal 7.933533e-01 -1.817833e-16 -6.087614e-01
    outer loop
      vertex   -4.743146e+01 4.000000e+00 -8.383279e-01
      vertex   -4.743146e+01 8.833333e+00 -8.383279e-01
      vertex   -4.725267e+01 4.000000e+00 -6.053328e-01
    endloop
  endfacet
  facet normal 7.933533e-01 -1.817833e-16 -6.087614e-01
    outer loop
      vertex   -4.725267e+01 4.000000e+00 -6.053328e-01
      vertex   -4.743146e+01 8.833333e+00 -8.383279e-01
      vertex   -4.725267e+01 8.833333e+00 -6.053328e-01
    endloop
  endfacet
  facet normal 6.087614e-01 -2.369046e-16 -7.933533e-01
    outer loop
      vertex   -4.725267e+01 4.000000e+00 -6.053328e-01
      vertex   -4.725267e+01 8.833333e+00 -6.053328e-01
      vertex   -4.701968e+01 4.000000e+00 -4.265493e-01
    endloop
  endfacet
  facet normal 6.087614e-01 -2.460163e-16 -7.933533e-01
    outer loop
      vertex   -4.701968e+01 4.000000e+00 -4.265493e-01
      vertex   -4.725267e+01 8.833333e+00 -6.053328e-01
      vertex   -4.701968e+01 8.833333e+00 -4.265493e-01
    endloop
  endfacet
  facet normal 3.826834e-01 -2.864921e-16 -9.238795e-01
    outer loop
      vertex   -4.701968e+01 4.000000e+00 -4.265493e-01
      vertex   -4.701968e+01 8.833333e+00 -4.265493e-01
      vertex   -4.674835e+01 4.000000e+00 -3.141613e-01
    endloop
  endfacet
  facet normal 3.826834e-01 -8.488654e-17 -9.238795e-01
    outer loop
      vertex   -4.674835e+01 4.000000e+00 -3.141613e-01
      vertex   -4.701968e+01 8.833333e+00 -4.265493e-01
      vertex   -4.674835e+01 8.833333e+00 -3.141613e-01
    endloop
  endfacet
  facet normal 1.305262e-01 -9.109448e-17 -9.914449e-01
    outer loop
      vertex   -4.674835e+01 4.000000e+00 -3.141613e-01
      vertex   -4.674835e+01 8.833333e+00 -3.141613e-01
      vertex   -4.645718e+01 4.000000e+00 -2.758279e-01
    endloop
  endfacet
  facet normal 1.305262e-01 0.000000e+00 -9.914449e-01
    outer loop
      vertex   -4.645718e+01 4.000000e+00 -2.758279e-01
      vertex   -4.674835e+01 8.833333e+00 -3.141613e-01
      vertex   -4.645718e+01 8.833333e+00 -2.758279e-01
    endloop
  endfacet
  facet normal -1.305262e-01 0.000000e+00 -9.914449e-01
    outer loop
      vertex   -4.645718e+01 4.000000e+00 -2.758279e-01
      vertex   -4.645718e+01 8.833333e+00 -2.758279e-01
      vertex   -4.616601e+01 4.000000e+00 -3.141613e-01
    endloop
  endfacet
  facet normal -1.305262e-01 -1.138681e-16 -9.914449e-01
    outer loop
      vertex   -4.616601e+01 4.000000e+00 -3.141613e-01
      vertex   -4.645718e+01 8.833333e+00 -2.758279e-01
      vertex   -4.616601e+01 8.833333e+00 -3.141613e-01
    endloop
  endfacet
  facet normal -3.826834e-01 -1.061082e-16 -9.238795e-01
    outer loop
      vertex   -4.616601e+01 4.000000e+00 -3.141613e-01
      vertex   -4.616601e+01 8.833333e+00 -3.141613e-01
      vertex   -4.589468e+01 4.000000e+00 -4.265493e-01
    endloop
  endfacet
  facet normal -3.826834e-01 -3.183245e-16 -9.238795e-01
    outer loop
      vertex   -4.589468e+01 4.000000e+00 -4.265493e-01
      vertex   -4.616601e+01 8.833333e+00 -3.141613e-01
      vertex   -4.589468e+01 8.833333e+00 -4.265493e-01
    endloop
  endfacet
  facet normal -6.087614e-01 -2.733515e-16 -7.933533e-01
    outer loop
      vertex   -4.589468e+01 4.000000e+00 -4.265493e-01
      vertex   -4.589468e+01 8.833333e+00 -4.265493e-01
      vertex   -4.566168e+01 4.000000e+00 -6.053328e-01
    endloop
  endfacet
  facet normal -6.087614e-01 -2.733515e-16 -7.933533e-01
    outer loop
      vertex   -4.566168e+01 4.000000e+00 -6.053328e-01
      vertex   -4.589468e+01 8.833333e+00 -4.265493e-01
      vertex   -4.566168e+01 8.833333e+00 -6.053328e-01
    endloop
  endfacet
  facet normal -7.933533e-01 -2.097500e-16 -6.087614e-01
    outer loop
      vertex   -4.566168e+01 4.000000e+00 -6.053328e-01
      vertex   -4.566168e+01 8.833333e+00 -6.053328e-01
      vertex   -4.548290e+01 4.000000e+00 -8.383279e-01
    endloop
  endfacet
  facet normal -7.933533e-01 -2.237333e-16 -6.087614e-01
    outer loop
      vertex   -4.548290e+01 4.000000e+00 -8.383279e-01
      vertex   -4.566168e+01 8.833333e+00 -6.053328e-01
      vertex   -4.548290e+01 8.833333e+00 -8.383279e-01
    endloop
  endfacet
  facet normal -9.238795e-01 -1.406446e-16 -3.826834e-01
    outer loop
      vertex   -4.548290e+01 4.000000e+00 -8.383279e-01
      vertex   -4.548290e+01 8.833333e+00 -8.383279e-01
      vertex   -4.537051e+01 4.000000e+00 -1.109656e+00
    endloop
  endfacet
  facet normal -9.238795e-01 7.032231e-17 -3.826834e-01
    outer loop
      vertex   -4.537051e+01 4.000000e+00 -1.109656e+00
      vertex   -4.548290e+01 8.833333e+00 -8.383279e-01
      vertex   -4.537051e+01 8.833333e+00 -1.109656e+00
    endloop
  endfacet
  facet normal -9.914449e-01 2.398563e-17 -1.305262e-01
    outer loop
      vertex   -4.537051e+01 4.000000e+00 -1.109656e+00
      vertex   -4.537051e+01 8.833333e+00 -1.109656e+00
      vertex   -4.533218e+01 4.000000e+00 -1.400828e+00
    endloop
  endfacet
  facet normal -9.914449e-01 0.000000e+00 -1.305262e-01
    outer loop
      vertex   -4.533218e+01 4.000000e+00 -1.400828e+00
      vertex   -4.537051e+01 8.833333e+00 -1.109656e+00
      vertex   -4.533218e+01 8.833333e+00 -1.400828e+00
    endloop
  endfacet
  facet normal -9.914449e-01 0.000000e+00 1.305262e-01
    outer loop
      vertex   -4.533218e+01 4.000000e+00 -1.400828e+00
      vertex   -4.533218e+01 8.833333e+00 -1.400828e+00
      vertex   -4.537051e+01 4.000000e+00 -1.691999e+00
    endloop
  endfacet
  facet normal -9.914449e-01 3.597845e-17 1.305262e-01
    outer loop
      vertex   -4.537051e+01 4.000000e+00 -1.691999e+00
      vertex   -4.533218e+01 8.833333e+00 -1.400828e+00
      vertex   -4.537051e+01 8.833333e+00 -1.691999e+00
    endloop
  endfacet
  facet normal -9.238795e-01 1.054835e-16 3.826834e-01
    outer loop
      vertex   -4.537051e+01 4.000000e+00 -1.691999e+00
      vertex   -4.537051e+01 8.833333e+00 -1.691999e+00
      vertex   -4.548290e+01 4.000000e+00 -1.963328e+00
    endloop
  endfacet
  facet normal -9.238795e-01 -1.230640e-16 3.826834e-01
    outer loop
      vertex   -4.548290e+01 4.000000e+00 -1.963328e+00
      vertex   -4.537051e+01 8.833333e+00 -1.691999e+00
      vertex   -4.548290e+01 8.833333e+00 -1.963328e+00
    endloop
  endfacet
  facet normal -7.933533e-01 -1.957666e-16 6.087614e-01
    outer loop
      vertex   -4.548290e+01 4.000000e+00 -1.963328e+00
      vertex   -4.548290e+01 8.833333e+00 -1.963328e+00
      vertex   -4.566168e+01 4.000000e+00 -2.196323e+00
    endloop
  endfacet
  facet normal -7.933533e-01 -1.118666e-16 6.087614e-01
    outer loop
      vertex   -4.566168e+01 4.000000e+00 -2.196323e+00
      vertex   -4.548290e+01 8.833333e+00 -1.963328e+00
      vertex   -4.566168e+01 8.833333e+00 -2.196323e+00
    endloop
  endfacet
  facet normal -6.087614e-01 -1.457874e-16 7.933533e-01
    outer loop
      vertex   -4.566168e+01 4.000000e+00 -2.196323e+00
      vertex   -4.566168e+01 8.833333e+00 -2.196323e+00
      vertex   -4.589468e+01 4.000000e+00 -2.375106e+00
    endloop
  endfacet
  facet normal -6.087614e-01 -2.186812e-16 7.933533e-01
    outer loop
      vertex   -4.589468e+01 4.000000e+00 -2.375106e+00
      vertex   -4.566168e+01 8.833333e+00 -2.196323e+00
      vertex   -4.589468e+01 8.833333e+00 -2.375106e+00
    endloop
  endfacet
  facet normal -3.826834e-01 -2.546596e-16 9.238795e-01
    outer loop
      vertex   -4.589468e+01 4.000000e+00 -2.375106e+00
      vertex   -4.589468e+01 8.833333e+00 -2.375106e+00
      vertex   -4.616601e+01 4.000000e+00 -2.487494e+00
    endloop
  endfacet
  facet normal -3.826834e-01 0.000000e+00 9.238795e-01
    outer loop
      vertex   -4.616601e+01 4.000000e+00 -2.487494e+00
      vertex   -4.589468e+01 8.833333e+00 -2.375106e+00
      vertex   -4.616601e+01 8.833333e+00 -2.487494e+00
    endloop
  endfacet
  facet normal -1.305262e-01 0.000000e+00 9.914449e-01
    outer loop
      vertex   -4.616601e+01 4.000000e+00 -2.487494e+00
      vertex   -4.616601e+01 8.833333e+00 -2.487494e+00
      vertex   -4.645718e+01 4.000000e+00 -2.525828e+00
    endloop
  endfacet
  facet normal -1.305262e-01 0.000000e+00 9.914449e-01
    outer loop
      vertex   -4.645718e+01 4.000000e+00 -2.525828e+00
      vertex   -4.616601e+01 8.833333e+00 -2.487494e+00
      vertex   -4.645718e+01 8.833333e+00 -2.525828e+00
    endloop
  endfacet
  facet normal 1.305262e-01 -0.000000e+00 9.914449e-01
    outer loop
      vertex   -4.645718e+01 4.000000e+00 -2.525828e+00
      vertex   -4.645718e+01 8.833333e+00 -2.525828e+00
      vertex   -4.674835e+01 4.000000e+00 -2.487494e+00
    endloop
  endfacet
  facet normal 1.305262e-01 -1.821890e-16 9.914449e-01
    outer loop
      vertex   -4.674835e+01 4.000000e+00 -2.487494e+00
      vertex   -4.645718e+01 8.833333e+00 -2.525828e+00
      vertex   -4.674835e+01 8.833333e+00 -2.487494e+00
    endloop
  endfacet
  facet normal 3.826834e-01 -1.697731e-16 9.238795e-01
    outer loop
      vertex   -4.674835e+01 4.000000e+00 -2.487494e+00
      vertex   -4.674835e+01 8.833333e+00 -2.487494e+00
      vertex   -4.701968e+01 4.000000e+00 -2.375106e+00
    endloop
  endfacet
  facet normal 3.826834e-01 -3.395462e-16 9.238795e-01
    outer loop
      vertex   -4.701968e+01 4.000000e+00 -2.375106e+00
      vertex   -4.674835e+01 8.833333e+00 -2.487494e+00
      vertex   -4.701968e+01 8.833333e+00 -2.375106e+00
    endloop
  endfacet
  facet normal 6.087614e-01 -2.915749e-16 7.933533e-01
    outer loop
      vertex   -4.701968e+01 4.000000e+00 -2.375106e+00
      vertex   -4.701968e+01 8.833333e+00 -2.375106e+00
      vertex   -4.725267e+01 4.000000e+00 -2.196323e+00
    endloop
  endfacet
  facet normal 6.087614e-01 -2.186812e-16 7.933533e-01
    outer loop
      vertex   -4.725267e+01 4.000000e+00 -2.196323e+00
      vertex   -4.701968e+01 8.833333e+00 -2.375106e+00
      vertex   -4.725267e+01 8.833333e+00 -2.196323e+00
    endloop
  endfacet
  facet normal 7.933533e-01 -1.678000e-16 6.087614e-01
    outer loop
      vertex   -4.725267e+01 4.000000e+00 -2.196323e+00
      vertex   -4.725267e+01 8.833333e+00 -2.196323e+00
      vertex   -4.743146e+01 4.000000e+00 -1.963328e+00
    endloop
  endfacet
  facet normal 7.933533e-01 -2.237333e-16 6.087614e-01
    outer loop
      vertex   -4.743146e+01 4.000000e+00 -1.963328e+00
      vertex   -4.725267e+01 8.833333e+00 -2.196323e+00
      vertex   -4.743146e+01 8.833333e+00 -1.963328e+00
    endloop
  endfacet
  facet normal 9.238795e-01 -1.406446e-16 3.826834e-01
    outer loop
      vertex   -4.743146e+01 4.000000e+00 -1.963328e+00
      vertex   -4.743146e+01 8.833333e+00 -1.963328e+00
      vertex   -4.754385e+01 4.000000e+00 -1.691999e+00
    endloop
  endfacet
  facet normal 9.238795e-01 7.032231e-17 3.826834e-01
    outer loop
      vertex   -4.754385e+01 4.000000e+00 -1.691999e+00
      vertex   -4.743146e+01 8.833333e+00 -1.963328e+00
      vertex   -4.754385e+01 8.833333e+00 -1.691999e+00
    endloop
  endfacet
  facet normal 9.914449e-01 0.000000e+00 1.305262e-01
    outer loop
      vertex   -4.758218e+01 1.366667e+01 -1.400828e+00
      vertex   -4.758218e+01 8.833333e+00 -1.400828e+00
      vertex   -4.754385e+01 1.366667e+01 -1.691999e+00
    endloop
  endfacet
  facet normal 9.914449e-01 -1.798922e-17 1.305262e-01
    outer loop
      vertex   -4.754385e+01 1.366667e+01 -1.691999e+00
      vertex   -4.758218e+01 8.833333e+00 -1.400828e+00
      vertex   -4.754385e+01 8.833333e+00 -1.691999e+00
    endloop
  endfacet
  facet normal 9.238795e-01 -5.274173e-17 3.826834e-01
    outer loop
      vertex   -4.754385e+01 1.366667e+01 -1.691999e+00
      vertex   -4.754385e+01 8.833333e+00 -1.691999e+00
      vertex   -4.743146e+01 1.366667e+01 -1.963328e+00
    endloop
  endfacet
  facet normal 9.238795e-01 -1.758058e-17 3.826834e-01
    outer loop
      vertex   -4.743146e+01 1.366667e+01 -1.963328e+00
      vertex   -4.754385e+01 8.833333e+00 -1.691999e+00
      vertex   -4.743146e+01 8.833333e+00 -1.963328e+00
    endloop
  endfacet
  facet normal 7.933533e-01 -2.796666e-17 6.087614e-01
    outer loop
      vertex   -4.743146e+01 1.366667e+01 -1.963328e+00
      vertex   -4.743146e+01 8.833333e+00 -1.963328e+00
      vertex   -4.725267e+01 1.366667e+01 -2.196323e+00
    endloop
  endfacet
  facet normal 7.933533e-01 0.000000e+00 6.087614e-01
    outer loop
      vertex   -4.725267e+01 1.366667e+01 -2.196323e+00
      vertex   -4.743146e+01 8.833333e+00 -1.963328e+00
      vertex   -4.725267e+01 8.833333e+00 -2.196323e+00
    endloop
  endfacet
  facet normal 6.087614e-01 0.000000e+00 7.933533e-01
    outer loop
      vertex   -4.725267e+01 1.366667e+01 -2.196323e+00
      vertex   -4.725267e+01 8.833333e+00 -2.196323e+00
      vertex   -4.701968e+01 1.366667e+01 -2.375106e+00
    endloop
  endfacet
  facet normal 6.087614e-01 0.000000e+00 7.933533e-01
    outer loop
      vertex   -4.701968e+01 1.366667e+01 -2.375106e+00
      vertex   -4.725267e+01 8.833333e+00 -2.196323e+00
      vertex   -4.701968e+01 8.833333e+00 -2.375106e+00
    endloop
  endfacet
  facet normal 3.826834e-01 0.000000e+00 9.238795e-01
    outer loop
      vertex   -4.701968e+01 1.366667e+01 -2.375106e+00
      vertex   -4.701968e+01 8.833333e+00 -2.375106e+00
      vertex   -4.674835e+01 1.366667e+01 -2.487494e+00
    endloop
  endfacet
  facet normal 3.826834e-01 0.000000e+00 9.238795e-01
    outer loop
      vertex   -4.674835e+01 1.366667e+01 -2.487494e+00
      vertex   -4.701968e+01 8.833333e+00 -2.375106e+00
      vertex   -4.674835e+01 8.833333e+00 -2.487494e+00
    endloop
  endfacet
  facet normal 1.305262e-01 0.000000e+00 9.914449e-01
    outer loop
      vertex   -4.674835e+01 1.366667e+01 -2.487494e+00
      vertex   -4.674835e+01 8.833333e+00 -2.487494e+00
      vertex   -4.645718e+01 1.366667e+01 -2.525828e+00
    endloop
  endfacet
  facet normal 1.305262e-01 0.000000e+00 9.914449e-01
    outer loop
      vertex   -4.645718e+01 1.366667e+01 -2.525828e+00
      vertex   -4.674835e+01 8.833333e+00 -2.487494e+00
      vertex   -4.645718e+01 8.833333e+00 -2.525828e+00
    endloop
  endfacet
  facet normal -1.305262e-01 0.000000e+00 9.914449e-01
    outer loop
      vertex   -4.645718e+01 1.366667e+01 -2.525828e+00
      vertex   -4.645718e+01 8.833333e+00 -2.525828e+00
      vertex   -4.616601e+01 1.366667e+01 -2.487494e+00
    endloop
  endfacet
  facet normal -1.305262e-01 0.000000e+00 9.914449e-01
    outer loop
      vertex   -4.616601e+01 1.366667e+01 -2.487494e+00
      vertex   -4.645718e+01 8.833333e+00 -2.525828e+00
      vertex   -4.616601e+01 8.833333e+00 -2.487494e+00
    endloop
  endfacet
  facet normal -3.826834e-01 0.000000e+00 9.238795e-01
    outer loop
      vertex   -4.616601e+01 1.366667e+01 -2.487494e+00
      vertex   -4.616601e+01 8.833333e+00 -2.487494e+00
      vertex   -4.589468e+01 1.366667e+01 -2.375106e+00
    endloop
  endfacet
  facet normal -3.826834e-01 0.000000e+00 9.238795e-01
    outer loop
      vertex   -4.589468e+01 1.366667e+01 -2.375106e+00
      vertex   -4.616601e+01 8.833333e+00 -2.487494e+00
      vertex   -4.589468e+01 8.833333e+00 -2.375106e+00
    endloop
  endfacet
  facet normal -6.087614e-01 0.000000e+00 7.933533e-01
    outer loop
      vertex   -4.589468e+01 1.366667e+01 -2.375106e+00
      vertex   -4.589468e+01 8.833333e+00 -2.375106e+00
      vertex   -4.566168e+01 1.366667e+01 -2.196323e+00
    endloop
  endfacet
  facet normal -6.087614e-01 0.000000e+00 7.933533e-01
    outer loop
      vertex   -4.566168e+01 1.366667e+01 -2.196323e+00
      vertex   -4.589468e+01 8.833333e+00 -2.375106e+00
      vertex   -4.566168e+01 8.833333e+00 -2.196323e+00
    endloop
  endfacet
  facet normal -7.933533e-01 0.000000e+00 6.087614e-01
    outer loop
      vertex   -4.566168e+01 1.366667e+01 -2.196323e+00
      vertex   -4.566168e+01 8.833333e+00 -2.196323e+00
      vertex   -4.548290e+01 1.366667e+01 -1.963328e+00
    endloop
  endfacet
  facet normal -7.933533e-01 2.796666e-17 6.087614e-01
    outer loop
      vertex   -4.548290e+01 1.366667e+01 -1.963328e+00
      vertex   -4.566168e+01 8.833333e+00 -2.196323e+00
      vertex   -4.548290e+01 8.833333e+00 -1.963328e+00
    endloop
  endfacet
  facet normal -9.238795e-01 1.758058e-17 3.826834e-01
    outer loop
      vertex   -4.548290e+01 1.366667e+01 -1.963328e+00
      vertex   -4.548290e+01 8.833333e+00 -1.963328e+00
      vertex   -4.537051e+01 1.366667e+01 -1.691999e+00
    endloop
  endfacet
  facet normal -9.238795e-01 0.000000e+00 3.826834e-01
    outer loop
      vertex   -4.537051e+01 1.366667e+01 -1.691999e+00
      vertex   -4.548290e+01 8.833333e+00 -1.963328e+00
      vertex   -4.537051e+01 8.833333e+00 -1.691999e+00
    endloop
  endfacet
  facet normal -9.914449e-01 0.000000e+00 1.305262e-01
    outer loop
      vertex   -4.537051e+01 1.366667e+01 -1.691999e+00
      vertex   -4.537051e+01 8.833333e+00 -1.691999e+00
      vertex   -4.533218e+01 1.366667e+01 -1.400828e+00
    endloop
  endfacet
  facet normal -9.914449e-01 0.000000e+00 1.305262e-01
    outer loop
      vertex   -4.533218e+01 1.366667e+01 -1.400828e+00
      vertex   -4.537051e+01 8.833333e+00 -1.691999e+00
      vertex   -4.533218e+01 8.833333e+00 -1.400828e+00
    endloop
  endfacet
  facet normal -9.914449e-01 -0.000000e+00 -1.305262e-01
    outer loop
      vertex   -4.533218e+01 1.366667e+01 -1.400828e+00
      vertex   -4.533218e+01 8.833333e+00 -1.400828e+00
      vertex   -4.537051e+01 1.366667e+01 -1.109656e+00
    endloop
  endfacet
  facet normal -9.914449e-01 -5.996408e-18 -1.305262e-01
    outer loop
      vertex   -4.537051e+01 1.366667e+01 -1.109656e+00
      vertex   -4.533218e+01 8.833333e+00 -1.400828e+00
      vertex   -4.537051e+01 8.833333e+00 -1.109656e+00
    endloop
  endfacet
  facet normal -9.238795e-01 -1.758058e-17 -3.826834e-01
    outer loop
      vertex   -4.537051e+01 1.366667e+01 -1.109656e+00
      vertex   -4.537051e+01 8.833333e+00 -1.109656e+00
      vertex   -4.548290e+01 1.366667e+01 -8.383279e-01
    endloop
  endfacet
  facet normal -9.238795e-01 -1.758058e-17 -3.826834e-01
    outer loop
      vertex   -4.548290e+01 1.366667e+01 -8.383279e-01
      vertex   -4.537051e+01 8.833333e+00 -1.109656e+00
      vertex   -4.548290e+01 8.833333e+00 -8.383279e-01
    endloop
  endfacet
  facet normal -7.933533e-01 -2.796666e-17 -6.087614e-01
    outer loop
      vertex   -4.548290e+01 1.366667e+01 -8.383279e-01
      vertex   -4.548290e+01 8.833333e+00 -8.383279e-01
      vertex   -4.566168e+01 1.366667e+01 -6.053328e-01
    endloop
  endfacet
  facet normal -7.933533e-01 -0.000000e+00 -6.087614e-01
    outer loop
      vertex   -4.566168e+01 1.366667e+01 -6.053328e-01
      vertex   -4.548290e+01 8.833333e+00 -8.383279e-01
      vertex   -4.566168e+01 8.833333e+00 -6.053328e-01
    endloop
  endfacet
  facet normal -6.087614e-01 -0.000000e+00 -7.933533e-01
    outer loop
      vertex   -4.566168e+01 1.366667e+01 -6.053328e-01
      vertex   -4.566168e+01 8.833333e+00 -6.053328e-01
      vertex   -4.589468e+01 1.366667e+01 -4.265493e-01
    endloop
  endfacet
  facet normal -6.087614e-01 -0.000000e+00 -7.933533e-01
    outer loop
      vertex   -4.589468e+01 1.366667e+01 -4.265493e-01
      vertex   -4.566168e+01 8.833333e+00 -6.053328e-01
      vertex   -4.589468e+01 8.833333e+00 -4.265493e-01
    endloop
  endfacet
  facet normal -3.826834e-01 -0.000000e+00 -9.238795e-01
    outer loop
      vertex   -4.589468e+01 1.366667e+01 -4.265493e-01
      vertex   -4.589468e+01 8.833333e+00 -4.265493e-01
      vertex   -4.616601e+01 1.366667e+01 -3.141613e-01
    endloop
  endfacet
  facet normal -3.826834e-01 -0.000000e+00 -9.238795e-01
    outer loop
      vertex   -4.616601e+01 1.366667e+01 -3.141613e-01
      vertex   -4.589468e+01 8.833333e+00 -4.265493e-01
      vertex   -4.616601e+01 8.833333e+00 -3.141613e-01
    endloop
  endfacet
  facet normal -1.305262e-01 -0.000000e+00 -9.914449e-01
    outer loop
      vertex   -4.616601e+01 1.366667e+01 -3.141613e-01
      vertex   -4.616601e+01 8.833333e+00 -3.141613e-01
      vertex   -4.645718e+01 1.366667e+01 -2.758279e-01
    endloop
  endfacet
  facet normal -1.305262e-01 -0.000000e+00 -9.914449e-01
    outer loop
      vertex   -4.645718e+01 1.366667e+01 -2.758279e-01
      vertex   -4.616601e+01 8.833333e+00 -3.141613e-01
      vertex   -4.645718e+01 8.833333e+00 -2.758279e-01
    endloop
  endfacet
  facet normal 1.305262e-01 0.000000e+00 -9.914449e-01
    outer loop
      vertex   -4.645718e+01 1.366667e+01 -2.758279e-01
      vertex   -4.645718e+01 8.833333e+00 -2.758279e-01
      vertex   -4.674835e+01 1.366667e+01 -3.141613e-01
    endloop
  endfacet
  facet normal 1.305262e-01 0.000000e+00 -9.914449e-01
    outer loop
      vertex   -4.674835e+01 1.366667e+01 -3.141613e-01
      vertex   -4.645718e+01 8.833333e+00 -2.758279e-01
      vertex   -4.674835e+01 8.833333e+00 -3.141613e-01
    endloop
  endfacet
  facet normal 3.826834e-01 0.000000e+00 -9.238795e-01
    outer loop
      vertex   -4.674835e+01 1.366667e+01 -3.141613e-01
      vertex   -4.674835e+01 8.833333e+00 -3.141613e-01
      vertex   -4.701968e+01 1.366667e+01 -4.265493e-01
    endloop
  endfacet
  facet normal 3.826834e-01 3.183245e-17 -9.238795e-01
    outer loop
      vertex   -4.701968e+01 1.366667e+01 -4.265493e-01
      vertex   -4.674835e+01 8.833333e+00 -3.141613e-01
      vertex   -4.701968e+01 8.833333e+00 -4.265493e-01
    endloop
  endfacet
  facet normal 6.087614e-01 2.733515e-17 -7.933533e-01
    outer loop
      vertex   -4.701968e+01 1.366667e+01 -4.265493e-01
      vertex   -4.701968e+01 8.833333e+00 -4.265493e-01
      vertex   -4.725267e+01 1.366667e+01 -6.053328e-01
    endloop
  endfacet
  facet normal 6.087614e-01 0.000000e+00 -7.933533e-01
    outer loop
      vertex   -4.725267e+01 1.366667e+01 -6.053328e-01
      vertex   -4.701968e+01 8.833333e+00 -4.265493e-01
      vertex   -4.725267e+01 8.833333e+00 -6.053328e-01
    endloop
  endfacet
  facet normal 7.933533e-01 0.000000e+00 -6.087614e-01
    outer loop
      vertex   -4.725267e+01 1.366667e+01 -6.053328e-01
      vertex   -4.725267e+01 8.833333e+00 -6.053328e-01
      vertex   -4.743146e+01 1.366667e+01 -8.383279e-01
    endloop
  endfacet
  facet normal 7.933533e-01 0.000000e+00 -6.087614e-01
    outer loop
      vertex   -4.743146e+01 1.366667e+01 -8.383279e-01
      vertex   -4.725267e+01 8.833333e+00 -6.053328e-01
      vertex   -4.743146e+01 8.833333e+00 -8.383279e-01
    endloop
  endfacet
  facet normal 9.238795e-01 0.000000e+00 -3.826834e-01
    outer loop
      vertex   -4.743146e+01 1.366667e+01 -8.383279e-01
      vertex   -4.743146e+01 8.833333e+00 -8.383279e-01
      vertex   -4.754385e+01 1.366667e+01 -1.109656e+00
    endloop
  endfacet
  facet normal 9.238795e-01 0.000000e+00 -3.826834e-01
    outer loop
      vertex   -4.754385e+01 1.366667e+01 -1.109656e+00
      vertex   -4.743146e+01 8.833333e+00 -8.383279e-01
      vertex   -4.754385e+01 8.833333e+00 -1.109656e+00
    endloop
  endfacet
  facet normal 9.914449e-01 0.000000e+00 -1.305262e-01
    outer loop
      vertex   -4.754385e+01 1.366667e+01 -1.109656e+00
      vertex   -4.754385e+01 8.833333e+00 -1.109656e+00
      vertex   -4.758218e+01 1.366667e+01 -1.400828e+00
    endloop
  endfacet
  facet normal 9.914449e-01 0.000000e+00 -1.305262e-01
    outer loop
      vertex   -4.758218e+01 1.366667e+01 -1.400828e+00
      vertex   -4.754385e+01 8.833333e+00 -1.109656e+00
      vertex   -4.758218e+01 8.833333e+00 -1.400828e+00
    endloop
  endfacet
  facet normal 9.951847e-01 0.000000e+00 -9.801714e-02
    outer loop
      vertex   -4.925242e+01 1.750000e+01 -1.284576e+01
      vertex   -4.930718e+01 1.750000e+01 -1.340177e+01
      vertex   -4.930718e+01 1.850000e+01 -1.340177e+01
    endloop
  endfacet
  facet normal 9.951847e-01 0.000000e+00 9.801714e-02
    outer loop
      vertex   -4.930718e+01 1.850000e+01 -1.340177e+01
      vertex   -4.930718e+01 1.750000e+01 -1.340177e+01
      vertex   -4.925242e+01 1.750000e+01 -1.395778e+01
    endloop
  endfacet
  facet normal 9.951847e-01 0.000000e+00 9.801714e-02
    outer loop
      vertex   -4.930718e+01 1.850000e+01 -1.340177e+01
      vertex   -4.925242e+01 1.750000e+01 -1.395778e+01
      vertex   -4.925242e+01 1.850000e+01 -1.395778e+01
    endloop
  endfacet
  facet normal 9.569403e-01 0.000000e+00 2.902847e-01
    outer loop
      vertex   -4.925242e+01 1.850000e+01 -1.395778e+01
      vertex   -4.925242e+01 1.750000e+01 -1.395778e+01
      vertex   -4.909024e+01 1.850000e+01 -1.449242e+01
    endloop
  endfacet
  facet normal 9.569403e-01 6.283821e-15 2.902847e-01
    outer loop
      vertex   -4.909024e+01 1.850000e+01 -1.449242e+01
      vertex   -4.925242e+01 1.750000e+01 -1.395778e+01
      vertex   -4.909024e+01 1.750000e+01 -1.449242e+01
    endloop
  endfacet
  facet normal 8.819213e-01 5.429059e-15 4.713967e-01
    outer loop
      vertex   -4.909024e+01 1.850000e+01 -1.449242e+01
      vertex   -4.909024e+01 1.750000e+01 -1.449242e+01
      vertex   -4.882687e+01 1.850000e+01 -1.498514e+01
    endloop
  endfacet
  facet normal 8.819213e-01 0.000000e+00 4.713967e-01
    outer loop
      vertex   -4.882687e+01 1.850000e+01 -1.498514e+01
      vertex   -4.909024e+01 1.750000e+01 -1.449242e+01
      vertex   -4.882687e+01 1.750000e+01 -1.498514e+01
    endloop
  endfacet
  facet normal 7.730105e-01 0.000000e+00 6.343933e-01
    outer loop
      vertex   -4.882687e+01 1.850000e+01 -1.498514e+01
      vertex   -4.882687e+01 1.750000e+01 -1.498514e+01
      vertex   -4.847243e+01 1.850000e+01 -1.541702e+01
    endloop
  endfacet
  facet normal 7.730105e-01 0.000000e+00 6.343933e-01
    outer loop
      vertex   -4.847243e+01 1.850000e+01 -1.541702e+01
      vertex   -4.882687e+01 1.750000e+01 -1.498514e+01
      vertex   -4.847243e+01 1.750000e+01 -1.541702e+01
    endloop
  endfacet
  facet normal 6.343933e-01 0.000000e+00 7.730105e-01
    outer loop
      vertex   -4.847243e+01 1.850000e+01 -1.541702e+01
      vertex   -4.847243e+01 1.750000e+01 -1.541702e+01
      vertex   -4.804055e+01 1.850000e+01 -1.577146e+01
    endloop
  endfacet
  facet normal 6.343933e-01 0.000000e+00 7.730105e-01
    outer loop
      vertex   -4.804055e+01 1.850000e+01 -1.577146e+01
      vertex   -4.847243e+01 1.750000e+01 -1.541702e+01
      vertex   -4.804055e+01 1.750000e+01 -1.577146e+01
    endloop
  endfacet
  facet normal 4.713967e-01 0.000000e+00 8.819213e-01
    outer loop
      vertex   -4.804055e+01 1.850000e+01 -1.577146e+01
      vertex   -4.804055e+01 1.750000e+01 -1.577146e+01
      vertex   -4.754783e+01 1.850000e+01 -1.603483e+01
    endloop
  endfacet
  facet normal 4.713967e-01 0.000000e+00 8.819213e-01
    outer loop
      vertex   -4.754783e+01 1.850000e+01 -1.603483e+01
      vertex   -4.804055e+01 1.750000e+01 -1.577146e+01
      vertex   -4.754783e+01 1.750000e+01 -1.603483e+01
    endloop
  endfacet
  facet normal 2.902847e-01 0.000000e+00 9.569403e-01
    outer loop
      vertex   -4.754783e+01 1.850000e+01 -1.603483e+01
      vertex   -4.754783e+01 1.750000e+01 -1.603483e+01
      vertex   -4.701319e+01 1.850000e+01 -1.619701e+01
    endloop
  endfacet
  facet normal 2.902847e-01 0.000000e+00 9.569403e-01
    outer loop
      vertex   -4.701319e+01 1.850000e+01 -1.619701e+01
      vertex   -4.754783e+01 1.750000e+01 -1.603483e+01
      vertex   -4.701319e+01 1.750000e+01 -1.619701e+01
    endloop
  endfacet
  facet normal 9.801714e-02 0.000000e+00 9.951847e-01
    outer loop
      vertex   -4.701319e+01 1.850000e+01 -1.619701e+01
      vertex   -4.701319e+01 1.750000e+01 -1.619701e+01
      vertex   -4.645718e+01 1.850000e+01 -1.625177e+01
    endloop
  endfacet
  facet normal 9.801714e-02 0.000000e+00 9.951847e-01
    outer loop
      vertex   -4.645718e+01 1.850000e+01 -1.625177e+01
      vertex   -4.701319e+01 1.750000e+01 -1.619701e+01
      vertex   -4.645718e+01 1.750000e+01 -1.625177e+01
    endloop
  endfacet
  facet normal -9.801714e-02 0.000000e+00 9.951847e-01
    outer loop
      vertex   -4.645718e+01 1.850000e+01 -1.625177e+01
      vertex   -4.645718e+01 1.750000e+01 -1.625177e+01
      vertex   -4.590117e+01 1.850000e+01 -1.619701e+01
    endloop
  endfacet
  facet normal -9.801714e-02 0.000000e+00 9.951847e-01
    outer loop
      vertex   -4.590117e+01 1.850000e+01 -1.619701e+01
      vertex   -4.645718e+01 1.750000e+01 -1.625177e+01
      vertex   -4.590117e+01 1.750000e+01 -1.619701e+01
    endloop
  endfacet
  facet normal -2.902847e-01 0.000000e+00 9.569403e-01
    outer loop
      vertex   -4.590117e+01 1.850000e+01 -1.619701e+01
      vertex   -4.590117e+01 1.750000e+01 -1.619701e+01
      vertex   -4.536653e+01 1.850000e+01 -1.603483e+01
    endloop
  endfacet
  facet normal -2.902847e-01 0.000000e+00 9.569403e-01
    outer loop
      vertex   -4.536653e+01 1.850000e+01 -1.603483e+01
      vertex   -4.590117e+01 1.750000e+01 -1.619701e+01
      vertex   -4.536653e+01 1.750000e+01 -1.603483e+01
    endloop
  endfacet
  facet normal -4.713967e-01 0.000000e+00 8.819213e-01
    outer loop
      vertex   -4.536653e+01 1.850000e+01 -1.603483e+01
      vertex   -4.536653e+01 1.750000e+01 -1.603483e+01
      vertex   -4.487380e+01 1.850000e+01 -1.577146e+01
    endloop
  endfacet
  facet normal -4.713967e-01 0.000000e+00 8.819213e-01
    outer loop
      vertex   -4.487380e+01 1.850000e+01 -1.577146e+01
      vertex   -4.536653e+01 1.750000e+01 -1.603483e+01
      vertex   -4.487380e+01 1.750000e+01 -1.577146e+01
    endloop
  endfacet
  facet normal -6.343933e-01 0.000000e+00 7.730105e-01
    outer loop
      vertex   -4.487380e+01 1.850000e+01 -1.577146e+01
      vertex   -4.487380e+01 1.750000e+01 -1.577146e+01
      vertex   -4.444192e+01 1.850000e+01 -1.541702e+01
    endloop
  endfacet
  facet normal -6.343933e-01 0.000000e+00 7.730105e-01
    outer loop
      vertex   -4.444192e+01 1.850000e+01 -1.541702e+01
      vertex   -4.487380e+01 1.750000e+01 -1.577146e+01
      vertex   -4.444192e+01 1.750000e+01 -1.541702e+01
    endloop
  endfacet
  facet normal -7.730105e-01 0.000000e+00 6.343933e-01
    outer loop
      vertex   -4.444192e+01 1.850000e+01 -1.541702e+01
      vertex   -4.444192e+01 1.750000e+01 -1.541702e+01
      vertex   -4.408749e+01 1.850000e+01 -1.498514e+01
    endloop
  endfacet
  facet normal -7.730105e-01 0.000000e+00 6.343933e-01
    outer loop
      vertex   -4.408749e+01 1.850000e+01 -1.498514e+01
      vertex   -4.444192e+01 1.750000e+01 -1.541702e+01
      vertex   -4.408749e+01 1.750000e+01 -1.498514e+01
    endloop
  endfacet
  facet normal -8.819213e-01 0.000000e+00 4.713967e-01
    outer loop
      vertex   -4.408749e+01 1.850000e+01 -1.498514e+01
      vertex   -4.408749e+01 1.750000e+01 -1.498514e+01
      vertex   -4.382412e+01 1.850000e+01 -1.449242e+01
    endloop
  endfacet
  facet normal -8.819213e-01 0.000000e+00 4.713967e-01
    outer loop
      vertex   -4.382412e+01 1.850000e+01 -1.449242e+01
      vertex   -4.408749e+01 1.750000e+01 -1.498514e+01
      vertex   -4.382412e+01 1.750000e+01 -1.449242e+01
    endloop
  endfacet
  facet normal -9.569403e-01 0.000000e+00 2.902847e-01
    outer loop
      vertex   -4.382412e+01 1.850000e+01 -1.449242e+01
      vertex   -4.382412e+01 1.750000e+01 -1.449242e+01
      vertex   -4.366194e+01 1.850000e+01 -1.395778e+01
    endloop
  endfacet
  facet normal -9.569403e-01 0.000000e+00 2.902847e-01
    outer loop
      vertex   -4.366194e+01 1.850000e+01 -1.395778e+01
      vertex   -4.382412e+01 1.750000e+01 -1.449242e+01
      vertex   -4.366194e+01 1.750000e+01 -1.395778e+01
    endloop
  endfacet
  facet normal -9.951847e-01 0.000000e+00 9.801714e-02
    outer loop
      vertex   -4.366194e+01 1.850000e+01 -1.395778e+01
      vertex   -4.366194e+01 1.750000e+01 -1.395778e+01
      vertex   -4.360718e+01 1.850000e+01 -1.340177e+01
    endloop
  endfacet
  facet normal -9.951847e-01 0.000000e+00 9.801714e-02
    outer loop
      vertex   -4.360718e+01 1.850000e+01 -1.340177e+01
      vertex   -4.366194e+01 1.750000e+01 -1.395778e+01
      vertex   -4.360718e+01 1.750000e+01 -1.340177e+01
    endloop
  endfacet
  facet normal -9.951847e-01 -0.000000e+00 -9.801714e-02
    outer loop
      vertex   -4.360718e+01 1.850000e+01 -1.340177e+01
      vertex   -4.360718e+01 1.750000e+01 -1.340177e+01
      vertex   -4.366194e+01 1.850000e+01 -1.284576e+01
    endloop
  endfacet
  facet normal -9.951847e-01 -0.000000e+00 -9.801714e-02
    outer loop
      vertex   -4.366194e+01 1.850000e+01 -1.284576e+01
      vertex   -4.360718e+01 1.750000e+01 -1.340177e+01
      vertex   -4.366194e+01 1.750000e+01 -1.284576e+01
    endloop
  endfacet
  facet normal -9.569403e-01 -0.000000e+00 -2.902847e-01
    outer loop
      vertex   -4.366194e+01 1.850000e+01 -1.284576e+01
      vertex   -4.366194e+01 1.750000e+01 -1.284576e+01
      vertex   -4.382412e+01 1.850000e+01 -1.231112e+01
    endloop
  endfacet
  facet normal -9.569403e-01 -0.000000e+00 -2.902847e-01
    outer loop
      vertex   -4.382412e+01 1.850000e+01 -1.231112e+01
      vertex   -4.366194e+01 1.750000e+01 -1.284576e+01
      vertex   -4.382412e+01 1.750000e+01 -1.231112e+01
    endloop
  endfacet
  facet normal -8.819213e-01 -0.000000e+00 -4.713967e-01
    outer loop
      vertex   -4.382412e+01 1.850000e+01 -1.231112e+01
      vertex   -4.382412e+01 1.750000e+01 -1.231112e+01
      vertex   -4.408749e+01 1.850000e+01 -1.181839e+01
    endloop
  endfacet
  facet normal -8.819213e-01 -0.000000e+00 -4.713967e-01
    outer loop
      vertex   -4.408749e+01 1.850000e+01 -1.181839e+01
      vertex   -4.382412e+01 1.750000e+01 -1.231112e+01
      vertex   -4.408749e+01 1.750000e+01 -1.181839e+01
    endloop
  endfacet
  facet normal -7.730105e-01 -0.000000e+00 -6.343933e-01
    outer loop
      vertex   -4.408749e+01 1.850000e+01 -1.181839e+01
      vertex   -4.408749e+01 1.750000e+01 -1.181839e+01
      vertex   -4.444192e+01 1.850000e+01 -1.138651e+01
    endloop
  endfacet
  facet normal -7.730105e-01 -0.000000e+00 -6.343933e-01
    outer loop
      vertex   -4.444192e+01 1.850000e+01 -1.138651e+01
      vertex   -4.408749e+01 1.750000e+01 -1.181839e+01
      vertex   -4.444192e+01 1.750000e+01 -1.138651e+01
    endloop
  endfacet
  facet normal -6.343933e-01 -0.000000e+00 -7.730105e-01
    outer loop
      vertex   -4.444192e+01 1.850000e+01 -1.138651e+01
      vertex   -4.444192e+01 1.750000e+01 -1.138651e+01
      vertex   -4.487380e+01 1.850000e+01 -1.103208e+01
    endloop
  endfacet
  facet normal -6.343933e-01 -0.000000e+00 -7.730105e-01
    outer loop
      vertex   -4.487380e+01 1.850000e+01 -1.103208e+01
      vertex   -4.444192e+01 1.750000e+01 -1.138651e+01
      vertex   -4.487380e+01 1.750000e+01 -1.103208e+01
    endloop
  endfacet
  facet normal -4.713967e-01 -0.000000e+00 -8.819213e-01
    outer loop
      vertex   -4.487380e+01 1.850000e+01 -1.103208e+01
      vertex   -4.487380e+01 1.750000e+01 -1.103208e+01
      vertex   -4.536653e+01 1.850000e+01 -1.076871e+01
    endloop
  endfacet
  facet normal -4.713967e-01 -0.000000e+00 -8.819213e-01
    outer loop
      vertex   -4.536653e+01 1.850000e+01 -1.076871e+01
      vertex   -4.487380e+01 1.750000e+01 -1.103208e+01
      vertex   -4.536653e+01 1.750000e+01 -1.076871e+01
    endloop
  endfacet
  facet normal -2.902847e-01 -0.000000e+00 -9.569403e-01
    outer loop
      vertex   -4.536653e+01 1.850000e+01 -1.076871e+01
      vertex   -4.536653e+01 1.750000e+01 -1.076871e+01
      vertex   -4.590117e+01 1.850000e+01 -1.060653e+01
    endloop
  endfacet
  facet normal -2.902847e-01 -0.000000e+00 -9.569403e-01
    outer loop
      vertex   -4.590117e+01 1.850000e+01 -1.060653e+01
      vertex   -4.536653e+01 1.750000e+01 -1.076871e+01
      vertex   -4.590117e+01 1.750000e+01 -1.060653e+01
    endloop
  endfacet
  facet normal -9.801714e-02 -0.000000e+00 -9.951847e-01
    outer loop
      vertex   -4.590117e+01 1.850000e+01 -1.060653e+01
      vertex   -4.590117e+01 1.750000e+01 -1.060653e+01
      vertex   -4.645718e+01 1.850000e+01 -1.055177e+01
    endloop
  endfacet
  facet normal -9.801714e-02 -0.000000e+00 -9.951847e-01
    outer loop
      vertex   -4.645718e+01 1.850000e+01 -1.055177e+01
      vertex   -4.590117e+01 1.750000e+01 -1.060653e+01
      vertex   -4.645718e+01 1.750000e+01 -1.055177e+01
    endloop
  endfacet
  facet normal 9.801714e-02 0.000000e+00 -9.951847e-01
    outer loop
      vertex   -4.645718e+01 1.850000e+01 -1.055177e+01
      vertex   -4.645718e+01 1.750000e+01 -1.055177e+01
      vertex   -4.701319e+01 1.850000e+01 -1.060653e+01
    endloop
  endfacet
  facet normal 9.801714e-02 0.000000e+00 -9.951847e-01
    outer loop
      vertex   -4.701319e+01 1.850000e+01 -1.060653e+01
      vertex   -4.645718e+01 1.750000e+01 -1.055177e+01
      vertex   -4.701319e+01 1.750000e+01 -1.060653e+01
    endloop
  endfacet
  facet normal 2.902847e-01 0.000000e+00 -9.569403e-01
    outer loop
      vertex   -4.701319e+01 1.850000e+01 -1.060653e+01
      vertex   -4.701319e+01 1.750000e+01 -1.060653e+01
      vertex   -4.754783e+01 1.850000e+01 -1.076871e+01
    endloop
  endfacet
  facet normal 2.902847e-01 0.000000e+00 -9.569403e-01
    outer loop
      vertex   -4.754783e+01 1.850000e+01 -1.076871e+01
      vertex   -4.701319e+01 1.750000e+01 -1.060653e+01
      vertex   -4.754783e+01 1.750000e+01 -1.076871e+01
    endloop
  endfacet
  facet normal 4.713967e-01 0.000000e+00 -8.819213e-01
    outer loop
      vertex   -4.754783e+01 1.850000e+01 -1.076871e+01
      vertex   -4.754783e+01 1.750000e+01 -1.076871e+01
      vertex   -4.804055e+01 1.850000e+01 -1.103208e+01
    endloop
  endfacet
  facet normal 4.713967e-01 0.000000e+00 -8.819213e-01
    outer loop
      vertex   -4.804055e+01 1.850000e+01 -1.103208e+01
      vertex   -4.754783e+01 1.750000e+01 -1.076871e+01
      vertex   -4.804055e+01 1.750000e+01 -1.103208e+01
    endloop
  endfacet
  facet normal 6.343933e-01 0.000000e+00 -7.730105e-01
    outer loop
      vertex   -4.804055e+01 1.850000e+01 -1.103208e+01
      vertex   -4.804055e+01 1.750000e+01 -1.103208e+01
      vertex   -4.847243e+01 1.850000e+01 -1.138651e+01
    endloop
  endfacet
  facet normal 6.343933e-01 0.000000e+00 -7.730105e-01
    outer loop
      vertex   -4.847243e+01 1.850000e+01 -1.138651e+01
      vertex   -4.804055e+01 1.750000e+01 -1.103208e+01
      vertex   -4.847243e+01 1.750000e+01 -1.138651e+01
    endloop
  endfacet
  facet normal 7.730105e-01 0.000000e+00 -6.343933e-01
    outer loop
      vertex   -4.847243e+01 1.850000e+01 -1.138651e+01
      vertex   -4.847243e+01 1.750000e+01 -1.138651e+01
      vertex   -4.882687e+01 1.850000e+01 -1.181839e+01
    endloop
  endfacet
  facet normal 7.730105e-01 0.000000e+00 -6.343933e-01
    outer loop
      vertex   -4.882687e+01 1.850000e+01 -1.181839e+01
      vertex   -4.847243e+01 1.750000e+01 -1.138651e+01
      vertex   -4.882687e+01 1.750000e+01 -1.181839e+01
    endloop
  endfacet
  facet normal 8.819213e-01 0.000000e+00 -4.713967e-01
    outer loop
      vertex   -4.882687e+01 1.850000e+01 -1.181839e+01
      vertex   -4.882687e+01 1.750000e+01 -1.181839e+01
      vertex   -4.909024e+01 1.850000e+01 -1.231112e+01
    endloop
  endfacet
  facet normal 8.819213e-01 -5.429059e-15 -4.713967e-01
    outer loop
      vertex   -4.909024e+01 1.850000e+01 -1.231112e+01
      vertex   -4.882687e+01 1.750000e+01 -1.181839e+01
      vertex   -4.909024e+01 1.750000e+01 -1.231112e+01
    endloop
  endfacet
  facet normal 9.569403e-01 -6.283821e-15 -2.902847e-01
    outer loop
      vertex   -4.909024e+01 1.850000e+01 -1.231112e+01
      vertex   -4.909024e+01 1.750000e+01 -1.231112e+01
      vertex   -4.925242e+01 1.850000e+01 -1.284576e+01
    endloop
  endfacet
  facet normal 9.569403e-01 0.000000e+00 -2.902847e-01
    outer loop
      vertex   -4.925242e+01 1.850000e+01 -1.284576e+01
      vertex   -4.909024e+01 1.750000e+01 -1.231112e+01
      vertex   -4.925242e+01 1.750000e+01 -1.284576e+01
    endloop
  endfacet
  facet normal 9.951847e-01 0.000000e+00 -9.801714e-02
    outer loop
      vertex   -4.925242e+01 1.850000e+01 -1.284576e+01
      vertex   -4.925242e+01 1.750000e+01 -1.284576e+01
      vertex   -4.930718e+01 1.850000e+01 -1.340177e+01
    endloop
  endfacet
  facet normal -8.008129e-01 -0.000000e+00 -5.989146e-01
    outer loop
      vertex   -5.047866e+01 1.650000e+01 -4.423180e+00
      vertex   -5.047866e+01 4.000000e+00 -4.423180e+00
      vertex   -5.052869e+01 1.650000e+01 -4.356278e+00
    endloop
  endfacet
  facet normal -8.008129e-01 -0.000000e+00 -5.989146e-01
    outer loop
      vertex   -5.052869e+01 1.650000e+01 -4.356278e+00
      vertex   -5.047866e+01 4.000000e+00 -4.423180e+00
      vertex   -5.052869e+01 4.000000e+00 -4.356278e+00
    endloop
  endfacet
  facet normal 8.050042e-01 0.000000e+00 -5.932691e-01
    outer loop
      vertex   -4.247081e+01 1.650000e+01 -4.356278e+00
      vertex   -4.247081e+01 4.000000e+00 -4.356278e+00
      vertex   -4.247866e+01 1.650000e+01 -4.366928e+00
    endloop
  endfacet
  facet normal 8.050042e-01 0.000000e+00 -5.932691e-01
    outer loop
      vertex   -4.247866e+01 1.650000e+01 -4.366928e+00
      vertex   -4.247081e+01 4.000000e+00 -4.356278e+00
      vertex   -4.247866e+01 4.000000e+00 -4.366928e+00
    endloop
  endfacet
  facet normal 2.179199e-08 -1.000000e+00 -2.868970e-09
    outer loop
      vertex   -4.754385e+01 4.000000e+00 -1.109656e+00
      vertex   -4.982502e+01 4.000000e+00 2.338716e+00
      vertex   -4.758218e+01 4.000000e+00 -1.400828e+00
    endloop
  endfacet
  facet normal 1.062482e-08 -1.000000e+00 -9.566632e-09
    outer loop
      vertex   -4.758218e+01 4.000000e+00 -1.400828e+00
      vertex   -4.982502e+01 4.000000e+00 2.338716e+00
      vertex   -5.056086e+01 4.000000e+00 1.521487e+00
    endloop
  endfacet
  facet normal 1.225146e-08 -1.000000e+00 -7.908619e-09
    outer loop
      vertex   -4.758218e+01 4.000000e+00 -1.400828e+00
      vertex   -5.056086e+01 4.000000e+00 1.521487e+00
      vertex   -5.082988e+01 4.000000e+00 1.104740e+00
    endloop
  endfacet
  facet normal 1.892712e-08 -1.000000e+00 -7.839869e-09
    outer loop
      vertex   -4.743146e+01 4.000000e+00 -8.383279e-01
      vertex   -4.902341e+01 4.000000e+00 2.921122e+00
      vertex   -4.754385e+01 4.000000e+00 -1.109656e+00
    endloop
  endfacet
  facet normal 7.792073e-09 -1.000000e+00 -1.192717e-08
    outer loop
      vertex   -4.754385e+01 4.000000e+00 -1.109656e+00
      vertex   -4.902341e+01 4.000000e+00 2.921122e+00
      vertex   -4.943868e+01 4.000000e+00 2.649825e+00
    endloop
  endfacet
  facet normal 9.081277e-09 -1.000000e+00 -1.127739e-08
    outer loop
      vertex   -4.754385e+01 4.000000e+00 -1.109656e+00
      vertex   -4.943868e+01 4.000000e+00 2.649825e+00
      vertex   -4.982502e+01 4.000000e+00 2.338716e+00
    endloop
  endfacet
  facet normal 5.939194e-09 -1.000000e+00 -1.333965e-08
    outer loop
      vertex   -4.902341e+01 4.000000e+00 2.921122e+00
      vertex   -4.743146e+01 4.000000e+00 -8.383279e-01
      vertex   -4.801879e+01 4.000000e+00 3.368406e+00
    endloop
  endfacet
  facet normal 1.562263e-08 -1.000000e+00 -1.198767e-08
    outer loop
      vertex   -4.801879e+01 4.000000e+00 3.368406e+00
      vertex   -4.743146e+01 4.000000e+00 -8.383279e-01
      vertex   -4.725267e+01 4.000000e+00 -6.053328e-01
    endloop
  endfacet
  facet normal 3.781950e-09 -1.000000e+00 -1.427050e-08
    outer loop
      vertex   -4.801879e+01 4.000000e+00 3.368406e+00
      vertex   -4.725267e+01 4.000000e+00 -6.053328e-01
      vertex   -4.753931e+01 4.000000e+00 3.495478e+00
    endloop
  endfacet
  facet normal 1.058525e-08 -1.000000e+00 -1.379496e-08
    outer loop
      vertex   -4.753931e+01 4.000000e+00 3.495478e+00
      vertex   -4.725267e+01 4.000000e+00 -6.053328e-01
      vertex   -4.701968e+01 4.000000e+00 -4.265493e-01
    endloop
  endfacet
  facet normal 2.398454e-09 -1.000000e+00 -1.487963e-08
    outer loop
      vertex   -4.753931e+01 4.000000e+00 3.495478e+00
      vertex   -4.701968e+01 4.000000e+00 -4.265493e-01
      vertex   -4.704960e+01 4.000000e+00 3.574415e+00
    endloop
  endfacet
  facet normal 6.151722e-09 -1.000000e+00 -1.485157e-08
    outer loop
      vertex   -4.704960e+01 4.000000e+00 3.574415e+00
      vertex   -4.701968e+01 4.000000e+00 -4.265493e-01
      vertex   -4.674835e+01 4.000000e+00 -3.141613e-01
    endloop
  endfacet
  facet normal 1.997614e-09 -1.000000e+00 -1.517339e-08
    outer loop
      vertex   -4.704960e+01 4.000000e+00 3.574415e+00
      vertex   -4.674835e+01 4.000000e+00 -3.141613e-01
      vertex   -4.645718e+01 4.000000e+00 -2.758279e-01
    endloop
  endfacet
  facet normal -9.757512e-19 -1.000000e+00 -1.548075e-08
    outer loop
      vertex   -4.704960e+01 4.000000e+00 3.574415e+00
      vertex   -4.645718e+01 4.000000e+00 -2.758279e-01
      vertex   -4.594991e+01 4.000000e+00 3.574415e+00
    endloop
  endfacet
  facet normal -2.003331e-09 -1.000000e+00 -1.521681e-08
    outer loop
      vertex   -4.594991e+01 4.000000e+00 3.574415e+00
      vertex   -4.645718e+01 4.000000e+00 -2.758279e-01
      vertex   -4.616601e+01 4.000000e+00 -3.141613e-01
    endloop
  endfacet
  facet normal -2.448812e-09 -1.000000e+00 -1.519205e-08
    outer loop
      vertex   -4.594991e+01 4.000000e+00 3.574415e+00
      vertex   -4.616601e+01 4.000000e+00 -3.141613e-01
      vertex   -4.546019e+01 4.000000e+00 3.495478e+00
    endloop
  endfacet
  facet normal -6.018788e-09 -1.000000e+00 -1.453064e-08
    outer loop
      vertex   -4.546019e+01 4.000000e+00 3.495478e+00
      vertex   -4.616601e+01 4.000000e+00 -3.141613e-01
      vertex   -4.589468e+01 4.000000e+00 -4.265493e-01
    endloop
  endfacet
  facet normal -3.912725e-09 -1.000000e+00 -1.476395e-08
    outer loop
      vertex   -4.546019e+01 4.000000e+00 3.495478e+00
      vertex   -4.589468e+01 4.000000e+00 -4.265493e-01
      vertex   -4.498071e+01 4.000000e+00 3.368406e+00
    endloop
  endfacet
  facet normal -1.017205e-08 -1.000000e+00 -1.325647e-08
    outer loop
      vertex   -4.498071e+01 4.000000e+00 3.368406e+00
      vertex   -4.589468e+01 4.000000e+00 -4.265493e-01
      vertex   -4.566168e+01 4.000000e+00 -6.053328e-01
    endloop
  endfacet
  facet normal -1.597924e-08 -1.000000e+00 -1.226130e-08
    outer loop
      vertex   -4.498071e+01 4.000000e+00 3.368406e+00
      vertex   -4.566168e+01 4.000000e+00 -6.053328e-01
      vertex   -4.548290e+01 4.000000e+00 -8.383279e-01
    endloop
  endfacet
  facet normal -5.990014e-09 -1.000000e+00 -1.345379e-08
    outer loop
      vertex   -4.498071e+01 4.000000e+00 3.368406e+00
      vertex   -4.548290e+01 4.000000e+00 -8.383279e-01
      vertex   -4.397609e+01 4.000000e+00 2.921122e+00
    endloop
  endfacet
  facet normal -1.945308e-08 -1.000000e+00 -8.057728e-09
    outer loop
      vertex   -4.397609e+01 4.000000e+00 2.921122e+00
      vertex   -4.548290e+01 4.000000e+00 -8.383279e-01
      vertex   -4.537051e+01 4.000000e+00 -1.109656e+00
    endloop
  endfacet
  facet normal -7.879783e-09 -1.000000e+00 -1.206142e-08
    outer loop
      vertex   -4.397609e+01 4.000000e+00 2.921122e+00
      vertex   -4.537051e+01 4.000000e+00 -1.109656e+00
      vertex   -4.356083e+01 4.000000e+00 2.649825e+00
    endloop
  endfacet
  facet normal -9.200632e-09 -1.000000e+00 -1.142561e-08
    outer loop
      vertex   -4.356083e+01 4.000000e+00 2.649825e+00
      vertex   -4.537051e+01 4.000000e+00 -1.109656e+00
      vertex   -4.317448e+01 4.000000e+00 2.338716e+00
    endloop
  endfacet
  facet normal -2.249216e-08 -1.000000e+00 -2.961150e-09
    outer loop
      vertex   -4.317448e+01 4.000000e+00 2.338716e+00
      vertex   -4.537051e+01 4.000000e+00 -1.109656e+00
      vertex   -4.533218e+01 4.000000e+00 -1.400828e+00
    endloop
  endfacet
  facet normal -1.078856e-08 -1.000000e+00 -9.714067e-09
    outer loop
      vertex   -4.317448e+01 4.000000e+00 2.338716e+00
      vertex   -4.533218e+01 4.000000e+00 -1.400828e+00
      vertex   -4.243865e+01 4.000000e+00 1.521487e+00
    endloop
  endfacet
  facet normal -1.246969e-08 -1.000000e+00 -8.049494e-09
    outer loop
      vertex   -4.243865e+01 4.000000e+00 1.521487e+00
      vertex   -4.533218e+01 4.000000e+00 -1.400828e+00
      vertex   -4.216962e+01 4.000000e+00 1.104740e+00
    endloop
  endfacet
  facet normal -1.805796e-08 -1.000000e+00 -9.959281e-10
    outer loop
      vertex   -4.216962e+01 4.000000e+00 1.104740e+00
      vertex   -4.533218e+01 4.000000e+00 -1.400828e+00
      vertex   -4.192096e+01 4.000000e+00 -3.403918e+00
    endloop
  endfacet
  facet normal 0.000000e+00 -1.000000e+00 0.000000e+00
    outer loop
      vertex   -4.216962e+01 4.000000e+00 1.104740e+00
      vertex   -4.192096e+01 4.000000e+00 -3.403918e+00
      vertex   -4.194322e+01 4.000000e+00 6.633875e-01
    endloop
  endfacet
  facet normal 0.000000e+00 -1.000000e+00 0.000000e+00
    outer loop
      vertex   -4.194322e+01 4.000000e+00 6.633875e-01
      vertex   -4.192096e+01 4.000000e+00 -3.403918e+00
      vertex   -4.174447e+01 4.000000e+00 -2.940345e+00
    endloop
  endfacet
  facet normal 0.000000e+00 -1.000000e+00 0.000000e+00
    outer loop
      vertex   -4.194322e+01 4.000000e+00 6.633875e-01
      vertex   -4.174447e+01 4.000000e+00 -2.940345e+00
      vertex   -4.161478e+01 4.000000e+00 -2.461566e+00
    endloop
  endfacet
  facet normal -1.837372e-08 -1.000000e+00 2.418947e-09
    outer loop
      vertex   -4.537051e+01 4.000000e+00 -1.691999e+00
      vertex   -4.247866e+01 4.000000e+00 -4.366928e+00
      vertex   -4.533218e+01 4.000000e+00 -1.400828e+00
    endloop
  endfacet
  facet normal -1.182757e-08 -1.000000e+00 8.716639e-09
    outer loop
      vertex   -4.533218e+01 4.000000e+00 -1.400828e+00
      vertex   -4.247866e+01 4.000000e+00 -4.366928e+00
      vertex   -4.247081e+01 4.000000e+00 -4.356278e+00
    endloop
  endfacet
  facet normal -1.304916e-08 -1.000000e+00 7.533936e-09
    outer loop
      vertex   -4.533218e+01 4.000000e+00 -1.400828e+00
      vertex   -4.247081e+01 4.000000e+00 -4.356278e+00
      vertex   -4.192096e+01 4.000000e+00 -3.403918e+00
    endloop
  endfacet
  facet normal 0.000000e+00 -1.000000e+00 -0.000000e+00
    outer loop
      vertex   -4.192096e+01 4.000000e+00 -3.403918e+00
      vertex   -4.247081e+01 4.000000e+00 -4.356278e+00
      vertex   -4.181008e+01 4.000000e+00 -4.841868e+00
    endloop
  endfacet
  facet normal 0.000000e+00 -1.000000e+00 0.000000e+00
    outer loop
      vertex   -4.192096e+01 4.000000e+00 -3.403918e+00
      vertex   -4.181008e+01 4.000000e+00 -4.841868e+00
      vertex   -4.173290e+01 4.000000e+00 -4.884030e+00
    endloop
  endfacet
  facet normal -1.490173e-08 -1.000000e+00 6.172500e-09
    outer loop
      vertex   -4.537051e+01 4.000000e+00 -1.691999e+00
      vertex   -4.548290e+01 4.000000e+00 -1.963328e+00
      vertex   -4.247866e+01 4.000000e+00 -4.366928e+00
    endloop
  endfacet
  facet normal -1.229319e-08 -1.000000e+00 9.432898e-09
    outer loop
      vertex   -4.247866e+01 4.000000e+00 -4.366928e+00
      vertex   -4.548290e+01 4.000000e+00 -1.963328e+00
      vertex   -4.566168e+01 4.000000e+00 -2.196323e+00
    endloop
  endfacet
  facet normal -1.872578e-08 -1.000000e+00 -1.087740e-15
    outer loop
      vertex   -4.247866e+01 4.000000e+00 -4.366928e+00
      vertex   -4.566168e+01 4.000000e+00 -2.196323e+00
      vertex   -4.247866e+01 4.000000e+00 -6.000000e+00
    endloop
  endfacet
  facet normal -7.322371e-09 -1.000000e+00 9.542699e-09
    outer loop
      vertex   -4.247866e+01 4.000000e+00 -6.000000e+00
      vertex   -4.566168e+01 4.000000e+00 -2.196323e+00
      vertex   -4.589468e+01 4.000000e+00 -2.375106e+00
    endloop
  endfacet
  facet normal -4.898761e-09 -1.000000e+00 1.182666e-08
    outer loop
      vertex   -4.247866e+01 4.000000e+00 -6.000000e+00
      vertex   -4.589468e+01 4.000000e+00 -2.375106e+00
      vertex   -4.616601e+01 4.000000e+00 -2.487494e+00
    endloop
  endfacet
  facet normal -1.962779e-09 -1.000000e+00 1.490878e-08
    outer loop
      vertex   -4.616601e+01 4.000000e+00 -2.487494e+00
      vertex   -4.645718e+01 4.000000e+00 -2.525828e+00
      vertex   -4.247866e+01 4.000000e+00 -6.000000e+00
    endloop
  endfacet
  facet normal -2.155679e-08 -1.000000e+00 -7.529700e-09
    outer loop
      vertex   -4.247866e+01 4.000000e+00 -6.000000e+00
      vertex   -4.645718e+01 4.000000e+00 -2.525828e+00
      vertex   -4.210000e+01 4.000000e+00 -1.500000e+01
    endloop
  endfacet
  facet normal 4.323379e-08 -1.000000e+00 -4.803755e-09
    outer loop
      vertex   -4.247866e+01 4.000000e+00 -6.000000e+00
      vertex   -4.210000e+01 4.000000e+00 -1.500000e+01
      vertex   -4.110000e+01 4.000000e+00 -6.000000e+00
    endloop
  endfacet
  facet normal 0.000000e+00 -1.000000e+00 -0.000000e+00
    outer loop
      vertex   -4.110000e+01 4.000000e+00 -6.000000e+00
      vertex   -4.210000e+01 4.000000e+00 -1.500000e+01
      vertex   -4.110000e+01 4.000000e+00 -2.175000e+01
    endloop
  endfacet
  facet normal 0.000000e+00 -1.000000e+00 0.000000e+00
    outer loop
      vertex   -4.110000e+01 4.000000e+00 -2.175000e+01
      vertex   -4.210000e+01 4.000000e+00 -1.500000e+01
      vertex   -4.210000e+01 4.000000e+00 -2.175000e+01
    endloop
  endfacet
  facet normal 1.138581e-08 -1.000000e+00 3.977018e-09
    outer loop
      vertex   -4.210000e+01 4.000000e+00 -1.500000e+01
      vertex   -4.645718e+01 4.000000e+00 -2.525828e+00
      vertex   -5.047866e+01 4.000000e+00 -6.000000e+00
    endloop
  endfacet
  facet normal 1.960006e-09 -1.000000e+00 1.488772e-08
    outer loop
      vertex   -5.047866e+01 4.000000e+00 -6.000000e+00
      vertex   -4.645718e+01 4.000000e+00 -2.525828e+00
      vertex   -4.674835e+01 4.000000e+00 -2.487494e+00
    endloop
  endfacet
  facet normal 4.881526e-09 -1.000000e+00 1.178505e-08
    outer loop
      vertex   -5.047866e+01 4.000000e+00 -6.000000e+00
      vertex   -4.674835e+01 4.000000e+00 -2.487494e+00
      vertex   -4.701968e+01 4.000000e+00 -2.375106e+00
    endloop
  endfacet
  facet normal 7.283930e-09 -1.000000e+00 9.492603e-09
    outer loop
      vertex   -4.701968e+01 4.000000e+00 -2.375106e+00
      vertex   -4.725267e+01 4.000000e+00 -2.196323e+00
      vertex   -5.047866e+01 4.000000e+00 -6.000000e+00
    endloop
  endfacet
  facet normal 1.847642e-08 -1.000000e+00 0.000000e+00
    outer loop
      vertex   -5.047866e+01 4.000000e+00 -6.000000e+00
      vertex   -4.725267e+01 4.000000e+00 -2.196323e+00
      vertex   -5.047866e+01 4.000000e+00 -4.423180e+00
    endloop
  endfacet
  facet normal 1.207865e-08 -1.000000e+00 9.268272e-09
    outer loop
      vertex   -5.047866e+01 4.000000e+00 -4.423180e+00
      vertex   -4.725267e+01 4.000000e+00 -2.196323e+00
      vertex   -4.743146e+01 4.000000e+00 -1.963328e+00
    endloop
  endfacet
  facet normal 1.465890e-08 -1.000000e+00 6.071917e-09
    outer loop
      vertex   -5.047866e+01 4.000000e+00 -4.423180e+00
      vertex   -4.743146e+01 4.000000e+00 -1.963328e+00
      vertex   -4.754385e+01 4.000000e+00 -1.691999e+00
    endloop
  endfacet
  facet normal 1.809283e-08 -1.000000e+00 2.381966e-09
    outer loop
      vertex   -4.754385e+01 4.000000e+00 -1.691999e+00
      vertex   -4.758218e+01 4.000000e+00 -1.400828e+00
      vertex   -5.047866e+01 4.000000e+00 -4.423180e+00
    endloop
  endfacet
  facet normal 1.155835e-08 -1.000000e+00 8.644298e-09
    outer loop
      vertex   -5.047866e+01 4.000000e+00 -4.423180e+00
      vertex   -4.758218e+01 4.000000e+00 -1.400828e+00
      vertex   -5.052869e+01 4.000000e+00 -4.356278e+00
    endloop
  endfacet
  facet normal 1.281037e-08 -1.000000e+00 7.396068e-09
    outer loop
      vertex   -5.052869e+01 4.000000e+00 -4.356278e+00
      vertex   -4.758218e+01 4.000000e+00 -1.400828e+00
      vertex   -5.107854e+01 4.000000e+00 -3.403918e+00
    endloop
  endfacet
  facet normal -0.000000e+00 -1.000000e+00 0.000000e+00
    outer loop
      vertex   -5.052869e+01 4.000000e+00 -4.356278e+00
      vertex   -5.107854e+01 4.000000e+00 -3.403918e+00
      vertex   -5.118942e+01 4.000000e+00 -4.841868e+00
    endloop
  endfacet
  facet normal -0.000000e+00 -1.000000e+00 0.000000e+00
    outer loop
      vertex   -5.118942e+01 4.000000e+00 -4.841868e+00
      vertex   -5.107854e+01 4.000000e+00 -3.403918e+00
      vertex   -5.126661e+01 4.000000e+00 -4.884030e+00
    endloop
  endfacet
  facet normal 0.000000e+00 -1.000000e+00 0.000000e+00
    outer loop
      vertex   -5.126661e+01 4.000000e+00 -4.884030e+00
      vertex   -5.107854e+01 4.000000e+00 -3.403918e+00
      vertex   -5.182944e+01 4.000000e+00 -3.733327e+00
    endloop
  endfacet
  facet normal -0.000000e+00 -1.000000e+00 0.000000e+00
    outer loop
      vertex   -5.126661e+01 4.000000e+00 -4.884030e+00
      vertex   -5.182944e+01 4.000000e+00 -3.733327e+00
      vertex   -5.143226e+01 4.000000e+00 -4.950485e+00
    endloop
  endfacet
  facet normal -0.000000e+00 -1.000000e+00 0.000000e+00
    outer loop
      vertex   -5.143226e+01 4.000000e+00 -4.950485e+00
      vertex   -5.182944e+01 4.000000e+00 -3.733327e+00
      vertex   -5.157651e+01 4.000000e+00 -4.992933e+00
    endloop
  endfacet
  facet normal -0.000000e+00 -1.000000e+00 0.000000e+00
    outer loop
      vertex   -5.157651e+01 4.000000e+00 -4.992933e+00
      vertex   -5.182944e+01 4.000000e+00 -3.733327e+00
      vertex   -5.175500e+01 4.000000e+00 -5.031269e+00
    endloop
  endfacet
  facet normal 0.000000e+00 -1.000000e+00 0.000000e+00
    outer loop
      vertex   -5.175500e+01 4.000000e+00 -5.031269e+00
      vertex   -5.182944e+01 4.000000e+00 -3.733327e+00
      vertex   -5.190454e+01 4.000000e+00 -3.779093e+00
    endloop
  endfacet
  facet normal 0.000000e+00 -1.000000e+00 0.000000e+00
    outer loop
      vertex   -5.175500e+01 4.000000e+00 -5.031269e+00
      vertex   -5.190454e+01 4.000000e+00 -3.779093e+00
      vertex   -5.204492e+01 4.000000e+00 -3.889327e+00
    endloop
  endfacet
  facet normal -0.000000e+00 -1.000000e+00 -6.622738e-09
    outer loop
      vertex   -4.210000e+01 4.000000e+00 -1.500000e+01
      vertex   -5.047866e+01 4.000000e+00 -6.000000e+00
      vertex   -5.350372e+01 4.000000e+00 -1.500000e+01
    endloop
  endfacet
  facet normal -1.480838e-08 -1.000000e+00 -1.645376e-09
    outer loop
      vertex   -5.350372e+01 4.000000e+00 -1.500000e+01
      vertex   -5.047866e+01 4.000000e+00 -6.000000e+00
      vertex   -5.450372e+01 4.000000e+00 -6.000000e+00
    endloop
  endfacet
  facet normal -0.000000e+00 -1.000000e+00 0.000000e+00
    outer loop
      vertex   -5.350372e+01 4.000000e+00 -1.500000e+01
      vertex   -5.450372e+01 4.000000e+00 -6.000000e+00
      vertex   -5.450372e+01 4.000000e+00 -2.175000e+01
    endloop
  endfacet
  facet normal 0.000000e+00 -1.000000e+00 0.000000e+00
    outer loop
      vertex   -5.450372e+01 4.000000e+00 -2.175000e+01
      vertex   -5.350372e+01 4.000000e+00 -2.175000e+01
      vertex   -5.350372e+01 4.000000e+00 -1.500000e+01
    endloop
  endfacet
  facet normal 0.000000e+00 -1.000000e+00 0.000000e+00
    outer loop
      vertex   -4.192096e+01 4.000000e+00 -3.403918e+00
      vertex   -4.173290e+01 4.000000e+00 -4.884030e+00
      vertex   -4.117007e+01 4.000000e+00 -3.733327e+00
    endloop
  endfacet
  facet normal 0.000000e+00 -1.000000e+00 0.000000e+00
    outer loop
      vertex   -4.117007e+01 4.000000e+00 -3.733327e+00
      vertex   -4.173290e+01 4.000000e+00 -4.884030e+00
      vertex   -4.156724e+01 4.000000e+00 -4.950485e+00
    endloop
  endfacet
  facet normal 0.000000e+00 -1.000000e+00 0.000000e+00
    outer loop
      vertex   -4.117007e+01 4.000000e+00 -3.733327e+00
      vertex   -4.156724e+01 4.000000e+00 -4.950485e+00
      vertex   -4.142300e+01 4.000000e+00 -4.992933e+00
    endloop
  endfacet
  facet normal 0.000000e+00 -1.000000e+00 0.000000e+00
    outer loop
      vertex   -4.142300e+01 4.000000e+00 -4.992933e+00
      vertex   -4.124451e+01 4.000000e+00 -5.031269e+00
      vertex   -4.117007e+01 4.000000e+00 -3.733327e+00
    endloop
  endfacet
  facet normal 0.000000e+00 -1.000000e+00 -0.000000e+00
    outer loop
      vertex   -4.117007e+01 4.000000e+00 -3.733327e+00
      vertex   -4.124451e+01 4.000000e+00 -5.031269e+00
      vertex   -4.109496e+01 4.000000e+00 -3.779093e+00
    endloop
  endfacet
  facet normal 0.000000e+00 -1.000000e+00 -0.000000e+00
    outer loop
      vertex   -4.109496e+01 4.000000e+00 -3.779093e+00
      vertex   -4.124451e+01 4.000000e+00 -5.031269e+00
      vertex   -4.095458e+01 4.000000e+00 -3.889327e+00
    endloop
  endfacet
  facet normal 0.000000e+00 -1.000000e+00 0.000000e+00
    outer loop
      vertex   -4.095458e+01 4.000000e+00 -3.889327e+00
      vertex   -4.124451e+01 4.000000e+00 -5.031269e+00
      vertex   -4.103093e+01 4.000000e+00 -5.060674e+00
    endloop
  endfacet
  facet normal 0.000000e+00 -1.000000e+00 -0.000000e+00
    outer loop
      vertex   -4.095458e+01 4.000000e+00 -3.889327e+00
      vertex   -4.103093e+01 4.000000e+00 -5.060674e+00
      vertex   -4.084570e+01 4.000000e+00 -3.993022e+00
    endloop
  endfacet
  facet normal 0.000000e+00 -1.000000e+00 -0.000000e+00
    outer loop
      vertex   -4.084570e+01 4.000000e+00 -3.993022e+00
      vertex   -4.103093e+01 4.000000e+00 -5.060674e+00
      vertex   -4.072325e+01 4.000000e+00 -4.128432e+00
    endloop
  endfacet
  facet normal 0.000000e+00 -1.000000e+00 0.000000e+00
    outer loop
      vertex   -4.072325e+01 4.000000e+00 -4.128432e+00
      vertex   -4.103093e+01 4.000000e+00 -5.060674e+00
      vertex   -4.078145e+01 4.000000e+00 -5.076326e+00
    endloop
  endfacet
  facet normal 0.000000e+00 -1.000000e+00 -0.000000e+00
    outer loop
      vertex   -4.072325e+01 4.000000e+00 -4.128432e+00
      vertex   -4.078145e+01 4.000000e+00 -5.076326e+00
      vertex   -4.059100e+01 4.000000e+00 -4.298688e+00
    endloop
  endfacet
  facet normal 0.000000e+00 -1.000000e+00 -0.000000e+00
    outer loop
      vertex   -4.059100e+01 4.000000e+00 -4.298688e+00
      vertex   -4.078145e+01 4.000000e+00 -5.076326e+00
      vertex   -4.045271e+01 4.000000e+00 -4.506921e+00
    endloop
  endfacet
  facet normal 0.000000e+00 -1.000000e+00 0.000000e+00
    outer loop
      vertex   -4.081367e+01 4.000000e+00 -2.636434e+00
      vertex   -4.149983e+01 4.000000e+00 -1.367900e+00
      vertex   -4.161478e+01 4.000000e+00 -2.461566e+00
    endloop
  endfacet
  facet normal 0.000000e+00 -1.000000e+00 0.000000e+00
    outer loop
      vertex   -4.161478e+01 4.000000e+00 -2.461566e+00
      vertex   -4.149983e+01 4.000000e+00 -1.367900e+00
      vertex   -4.152714e+01 4.000000e+00 -8.726180e-01
    endloop
  endfacet
  facet normal 0.000000e+00 -1.000000e+00 0.000000e+00
    outer loop
      vertex   -4.161478e+01 4.000000e+00 -2.461566e+00
      vertex   -4.152714e+01 4.000000e+00 -8.726180e-01
      vertex   -4.160340e+01 4.000000e+00 -3.824800e-01
    endloop
  endfacet
  facet normal 0.000000e+00 -1.000000e+00 0.000000e+00
    outer loop
      vertex   -4.149983e+01 4.000000e+00 -1.367900e+00
      vertex   -4.081367e+01 4.000000e+00 -2.636434e+00
      vertex   -4.067987e+01 4.000000e+00 -1.363413e+00
    endloop
  endfacet
  facet normal 0.000000e+00 -1.000000e+00 0.000000e+00
    outer loop
      vertex   -4.067987e+01 4.000000e+00 -1.363413e+00
      vertex   -4.081367e+01 4.000000e+00 -2.636434e+00
      vertex   -4.072600e+01 4.000000e+00 -2.643555e+00
    endloop
  endfacet
  facet normal 0.000000e+00 -1.000000e+00 -0.000000e+00
    outer loop
      vertex   -4.067987e+01 4.000000e+00 -1.363413e+00
      vertex   -4.072600e+01 4.000000e+00 -2.643555e+00
      vertex   -4.059264e+01 4.000000e+00 -1.374674e+00
    endloop
  endfacet
  facet normal 0.000000e+00 -1.000000e+00 -0.000000e+00
    outer loop
      vertex   -4.059264e+01 4.000000e+00 -1.374674e+00
      vertex   -4.072600e+01 4.000000e+00 -2.643555e+00
      vertex   -4.054764e+01 4.000000e+00 -2.636887e+00
    endloop
  endfacet
  facet normal 0.000000e+00 -1.000000e+00 0.000000e+00
    outer loop
      vertex   -4.059264e+01 4.000000e+00 -1.374674e+00
      vertex   -4.054764e+01 4.000000e+00 -2.636887e+00
      vertex   -4.041956e+01 4.000000e+00 -1.418280e+00
    endloop
  endfacet
  facet normal 0.000000e+00 -1.000000e+00 -0.000000e+00
    outer loop
      vertex   -4.041956e+01 4.000000e+00 -1.418280e+00
      vertex   -4.054764e+01 4.000000e+00 -2.636887e+00
      vertex   -4.039860e+01 4.000000e+00 -2.616996e+00
    endloop
  endfacet
  facet normal 0.000000e+00 -1.000000e+00 0.000000e+00
    outer loop
      vertex   -4.041956e+01 4.000000e+00 -1.418280e+00
      vertex   -4.039860e+01 4.000000e+00 -2.616996e+00
      vertex   -4.027791e+01 4.000000e+00 -1.468723e+00
    endloop
  endfacet
  facet normal 0.000000e+00 -1.000000e+00 -0.000000e+00
    outer loop
      vertex   -4.027791e+01 4.000000e+00 -1.468723e+00
      vertex   -4.039860e+01 4.000000e+00 -2.616996e+00
      vertex   -4.021995e+01 4.000000e+00 -2.579419e+00
    endloop
  endfacet
  facet normal 0.000000e+00 -1.000000e+00 0.000000e+00
    outer loop
      vertex   -4.027791e+01 4.000000e+00 -1.468723e+00
      vertex   -4.021995e+01 4.000000e+00 -2.579419e+00
      vertex   -4.011098e+01 4.000000e+00 -1.542623e+00
    endloop
  endfacet
  facet normal 0.000000e+00 -1.000000e+00 -0.000000e+00
    outer loop
      vertex   -4.011098e+01 4.000000e+00 -1.542623e+00
      vertex   -4.021995e+01 4.000000e+00 -2.579419e+00
      vertex   -4.001288e+01 4.000000e+00 -2.519414e+00
    endloop
  endfacet
  facet normal 0.000000e+00 -1.000000e+00 0.000000e+00
    outer loop
      vertex   -4.011098e+01 4.000000e+00 -1.542623e+00
      vertex   -4.001288e+01 4.000000e+00 -2.519414e+00
      vertex   -3.992091e+01 4.000000e+00 -1.644368e+00
    endloop
  endfacet
  facet normal 0.000000e+00 -1.000000e+00 -0.000000e+00
    outer loop
      vertex   -3.992091e+01 4.000000e+00 -1.644368e+00
      vertex   -4.001288e+01 4.000000e+00 -2.519414e+00
      vertex   -3.977860e+01 4.000000e+00 -2.432239e+00
    endloop
  endfacet
  facet normal 0.000000e+00 -1.000000e+00 0.000000e+00
    outer loop
      vertex   -3.992091e+01 4.000000e+00 -1.644368e+00
      vertex   -3.977860e+01 4.000000e+00 -2.432239e+00
      vertex   -3.970987e+01 4.000000e+00 -1.778348e+00
    endloop
  endfacet
  facet normal -0.000000e+00 -1.000000e+00 0.000000e+00
    outer loop
      vertex   -4.080042e+01 4.000000e+00 -2.163895e-01
      vertex   -4.119598e+01 4.000000e+00 1.000995e+00
      vertex   -4.160340e+01 4.000000e+00 -3.824800e-01
    endloop
  endfacet
  facet normal 0.000000e+00 -1.000000e+00 0.000000e+00
    outer loop
      vertex   -4.160340e+01 4.000000e+00 -3.824800e-01
      vertex   -4.119598e+01 4.000000e+00 1.000995e+00
      vertex   -4.194322e+01 4.000000e+00 6.633875e-01
    endloop
  endfacet
  facet normal -0.000000e+00 -1.000000e+00 0.000000e+00
    outer loop
      vertex   -4.160340e+01 4.000000e+00 -3.824800e-01
      vertex   -4.194322e+01 4.000000e+00 6.633875e-01
      vertex   -4.161478e+01 4.000000e+00 -2.461566e+00
    endloop
  endfacet
  facet normal -0.000000e+00 -1.000000e+00 0.000000e+00
    outer loop
      vertex   -4.071744e+01 4.000000e+00 -1.872389e-01
      vertex   -4.078594e+01 4.000000e+00 1.068278e+00
      vertex   -4.080042e+01 4.000000e+00 -2.163895e-01
    endloop
  endfacet
  facet normal 0.000000e+00 -1.000000e+00 0.000000e+00
    outer loop
      vertex   -4.080042e+01 4.000000e+00 -2.163895e-01
      vertex   -4.078594e+01 4.000000e+00 1.068278e+00
      vertex   -4.093586e+01 4.000000e+00 1.056748e+00
    endloop
  endfacet
  facet normal 0.000000e+00 -1.000000e+00 0.000000e+00
    outer loop
      vertex   -4.080042e+01 4.000000e+00 -2.163895e-01
      vertex   -4.093586e+01 4.000000e+00 1.056748e+00
      vertex   -4.111171e+01 4.000000e+00 1.026186e+00
    endloop
  endfacet
  facet normal 0.000000e+00 -1.000000e+00 0.000000e+00
    outer loop
      vertex   -4.071744e+01 4.000000e+00 -1.872389e-01
      vertex   -4.055721e+01 4.000000e+00 -1.086006e-01
      vertex   -4.078594e+01 4.000000e+00 1.068278e+00
    endloop
  endfacet
  facet normal 0.000000e+00 -1.000000e+00 0.000000e+00
    outer loop
      vertex   -4.078594e+01 4.000000e+00 1.068278e+00
      vertex   -4.055721e+01 4.000000e+00 -1.086006e-01
      vertex   -4.060338e+01 4.000000e+00 1.068666e+00
    endloop
  endfacet
  facet normal 0.000000e+00 -1.000000e+00 0.000000e+00
    outer loop
      vertex   -4.060338e+01 4.000000e+00 1.068666e+00
      vertex   -4.055721e+01 4.000000e+00 -1.086006e-01
      vertex   -4.042915e+01 4.000000e+00 -2.980936e-02
    endloop
  endfacet
  facet normal 0.000000e+00 -1.000000e+00 0.000000e+00
    outer loop
      vertex   -4.060338e+01 4.000000e+00 1.068666e+00
      vertex   -4.042915e+01 4.000000e+00 -2.980936e-02
      vertex   -4.038836e+01 4.000000e+00 1.053024e+00
    endloop
  endfacet
  facet normal 0.000000e+00 -1.000000e+00 -0.000000e+00
    outer loop
      vertex   -4.038836e+01 4.000000e+00 1.053024e+00
      vertex   -4.042915e+01 4.000000e+00 -2.980936e-02
      vertex   -4.028122e+01 4.000000e+00 7.718335e-02
    endloop
  endfacet
  facet normal 0.000000e+00 -1.000000e+00 0.000000e+00
    outer loop
      vertex   -4.038836e+01 4.000000e+00 1.053024e+00
      vertex   -4.028122e+01 4.000000e+00 7.718335e-02
      vertex   -4.011647e+01 4.000000e+00 2.162221e-01
    endloop
  endfacet
  facet normal -0.000000e+00 -1.000000e+00 0.000000e+00
    outer loop
      vertex   -3.993790e+01 4.000000e+00 3.911515e-01
      vertex   -4.014107e+01 4.000000e+00 1.016464e+00
      vertex   -4.011647e+01 4.000000e+00 2.162221e-01
    endloop
  endfacet
  facet normal 0.000000e+00 -1.000000e+00 0.000000e+00
    outer loop
      vertex   -4.011647e+01 4.000000e+00 2.162221e-01
      vertex   -4.014107e+01 4.000000e+00 1.016464e+00
      vertex   -4.038836e+01 4.000000e+00 1.053024e+00
    endloop
  endfacet
  facet normal 0.000000e+00 -1.000000e+00 -0.000000e+00
    outer loop
      vertex   -4.111171e+01 4.000000e+00 1.026186e+00
      vertex   -4.119598e+01 4.000000e+00 1.000995e+00
      vertex   -4.080042e+01 4.000000e+00 -2.163895e-01
    endloop
  endfacet
  facet normal -0.000000e+00 -1.000000e+00 0.000000e+00
    outer loop
      vertex   -4.177265e+01 4.000000e+00 1.999818e+00
      vertex   -4.241420e+01 4.000000e+00 3.107801e+00
      vertex   -4.243865e+01 4.000000e+00 1.521487e+00
    endloop
  endfacet
  facet normal 0.000000e+00 -1.000000e+00 0.000000e+00
    outer loop
      vertex   -4.243865e+01 4.000000e+00 1.521487e+00
      vertex   -4.241420e+01 4.000000e+00 3.107801e+00
      vertex   -4.256242e+01 4.000000e+00 3.008356e+00
    endloop
  endfacet
  facet normal 0.000000e+00 -1.000000e+00 0.000000e+00
    outer loop
      vertex   -4.243865e+01 4.000000e+00 1.521487e+00
      vertex   -4.256242e+01 4.000000e+00 3.008356e+00
      vertex   -4.262916e+01 4.000000e+00 2.951068e+00
    endloop
  endfacet
  facet normal -0.000000e+00 -1.000000e+00 0.000000e+00
    outer loop
      vertex   -4.170870e+01 4.000000e+00 2.060199e+00
      vertex   -4.191252e+01 4.000000e+00 3.327086e+00
      vertex   -4.177265e+01 4.000000e+00 1.999818e+00
    endloop
  endfacet
  facet normal 0.000000e+00 -1.000000e+00 0.000000e+00
    outer loop
      vertex   -4.177265e+01 4.000000e+00 1.999818e+00
      vertex   -4.191252e+01 4.000000e+00 3.327086e+00
      vertex   -4.211531e+01 4.000000e+00 3.253920e+00
    endloop
  endfacet
  facet normal 0.000000e+00 -1.000000e+00 0.000000e+00
    outer loop
      vertex   -4.177265e+01 4.000000e+00 1.999818e+00
      vertex   -4.211531e+01 4.000000e+00 3.253920e+00
      vertex   -4.228193e+01 4.000000e+00 3.179311e+00
    endloop
  endfacet
  facet normal 0.000000e+00 -1.000000e+00 0.000000e+00
    outer loop
      vertex   -4.170870e+01 4.000000e+00 2.060199e+00
      vertex   -4.159430e+01 4.000000e+00 2.197211e+00
      vertex   -4.191252e+01 4.000000e+00 3.327086e+00
    endloop
  endfacet
  facet normal 0.000000e+00 -1.000000e+00 0.000000e+00
    outer loop
      vertex   -4.191252e+01 4.000000e+00 3.327086e+00
      vertex   -4.159430e+01 4.000000e+00 2.197211e+00
      vertex   -4.150936e+01 4.000000e+00 2.321278e+00
    endloop
  endfacet
  facet normal 0.000000e+00 -1.000000e+00 0.000000e+00
    outer loop
      vertex   -4.191252e+01 4.000000e+00 3.327086e+00
      vertex   -4.150936e+01 4.000000e+00 2.321278e+00
      vertex   -4.167175e+01 4.000000e+00 3.394267e+00
    endloop
  endfacet
  facet normal 0.000000e+00 -1.000000e+00 0.000000e+00
    outer loop
      vertex   -4.167175e+01 4.000000e+00 3.394267e+00
      vertex   -4.150936e+01 4.000000e+00 2.321278e+00
      vertex   -4.141774e+01 4.000000e+00 2.479187e+00
    endloop
  endfacet
  facet normal 0.000000e+00 -1.000000e+00 0.000000e+00
    outer loop
      vertex   -4.167175e+01 4.000000e+00 3.394267e+00
      vertex   -4.141774e+01 4.000000e+00 2.479187e+00
      vertex   -4.132378e+01 4.000000e+00 2.673218e+00
    endloop
  endfacet
  facet normal 0.000000e+00 -1.000000e+00 0.000000e+00
    outer loop
      vertex   -4.132378e+01 4.000000e+00 2.673218e+00
      vertex   -4.123180e+01 4.000000e+00 2.905655e+00
      vertex   -4.167175e+01 4.000000e+00 3.394267e+00
    endloop
  endfacet
  facet normal 0.000000e+00 -1.000000e+00 -0.000000e+00
    outer loop
      vertex   -4.228193e+01 4.000000e+00 3.179311e+00
      vertex   -4.241420e+01 4.000000e+00 3.107801e+00
      vertex   -4.177265e+01 4.000000e+00 1.999818e+00
    endloop
  endfacet
  facet normal 0.000000e+00 -1.000000e+00 -0.000000e+00
    outer loop
      vertex   -4.262916e+01 4.000000e+00 2.951068e+00
      vertex   -4.317448e+01 4.000000e+00 2.338716e+00
      vertex   -4.243865e+01 4.000000e+00 1.521487e+00
    endloop
  endfacet
  facet normal -0.000000e+00 -1.000000e+00 0.000000e+00
    outer loop
      vertex   -4.356223e+01 4.000000e+00 3.628985e+00
      vertex   -4.422986e+01 4.000000e+00 4.784612e+00
      vertex   -4.397609e+01 4.000000e+00 2.921122e+00
    endloop
  endfacet
  facet normal 0.000000e+00 -1.000000e+00 0.000000e+00
    outer loop
      vertex   -4.397609e+01 4.000000e+00 2.921122e+00
      vertex   -4.422986e+01 4.000000e+00 4.784612e+00
      vertex   -4.438536e+01 4.000000e+00 4.635289e+00
    endloop
  endfacet
  facet normal 0.000000e+00 -1.000000e+00 0.000000e+00
    outer loop
      vertex   -4.397609e+01 4.000000e+00 2.921122e+00
      vertex   -4.438536e+01 4.000000e+00 4.635289e+00
      vertex   -4.450723e+01 4.000000e+00 4.499359e+00
    endloop
  endfacet
  facet normal 0.000000e+00 -1.000000e+00 0.000000e+00
    outer loop
      vertex   -4.422986e+01 4.000000e+00 4.784612e+00
      vertex   -4.356223e+01 4.000000e+00 3.628985e+00
      vertex   -4.403723e+01 4.000000e+00 4.943917e+00
    endloop
  endfacet
  facet normal 0.000000e+00 -1.000000e+00 0.000000e+00
    outer loop
      vertex   -4.403723e+01 4.000000e+00 4.943917e+00
      vertex   -4.356223e+01 4.000000e+00 3.628985e+00
      vertex   -4.352837e+01 4.000000e+00 3.710157e+00
    endloop
  endfacet
  facet normal 0.000000e+00 -1.000000e+00 0.000000e+00
    outer loop
      vertex   -4.403723e+01 4.000000e+00 4.943917e+00
      vertex   -4.352837e+01 4.000000e+00 3.710157e+00
      vertex   -4.347959e+01 4.000000e+00 3.881851e+00
    endloop
  endfacet
  facet normal 0.000000e+00 -1.000000e+00 0.000000e+00
    outer loop
      vertex   -4.347959e+01 4.000000e+00 3.881851e+00
      vertex   -4.345245e+01 4.000000e+00 4.029742e+00
      vertex   -4.403723e+01 4.000000e+00 4.943917e+00
    endloop
  endfacet
  facet normal 0.000000e+00 -1.000000e+00 0.000000e+00
    outer loop
      vertex   -4.403723e+01 4.000000e+00 4.943917e+00
      vertex   -4.345245e+01 4.000000e+00 4.029742e+00
      vertex   -4.343298e+01 4.000000e+00 4.211263e+00
    endloop
  endfacet
  facet normal 0.000000e+00 -1.000000e+00 0.000000e+00
    outer loop
      vertex   -4.403723e+01 4.000000e+00 4.943917e+00
      vertex   -4.343298e+01 4.000000e+00 4.211263e+00
      vertex   -4.342606e+01 4.000000e+00 4.426738e+00
    endloop
  endfacet
  facet normal 0.000000e+00 -1.000000e+00 0.000000e+00
    outer loop
      vertex   -4.342606e+01 4.000000e+00 4.426738e+00
      vertex   -4.343658e+01 4.000000e+00 4.676491e+00
      vertex   -4.403723e+01 4.000000e+00 4.943917e+00
    endloop
  endfacet
  facet normal 0.000000e+00 -1.000000e+00 -0.000000e+00
    outer loop
      vertex   -4.450723e+01 4.000000e+00 4.499359e+00
      vertex   -4.459898e+01 4.000000e+00 4.380234e+00
      vertex   -4.397609e+01 4.000000e+00 2.921122e+00
    endloop
  endfacet
  facet normal 0.000000e+00 -1.000000e+00 0.000000e+00
    outer loop
      vertex   -4.397609e+01 4.000000e+00 2.921122e+00
      vertex   -4.459898e+01 4.000000e+00 4.380234e+00
      vertex   -4.469393e+01 4.000000e+00 4.229101e+00
    endloop
  endfacet
  facet normal 0.000000e+00 -1.000000e+00 0.000000e+00
    outer loop
      vertex   -4.397609e+01 4.000000e+00 2.921122e+00
      vertex   -4.469393e+01 4.000000e+00 4.229101e+00
      vertex   -4.473160e+01 4.000000e+00 4.149621e+00
    endloop
  endfacet
  facet normal 0.000000e+00 -1.000000e+00 -0.000000e+00
    outer loop
      vertex   -4.473160e+01 4.000000e+00 4.149621e+00
      vertex   -4.498071e+01 4.000000e+00 3.368406e+00
      vertex   -4.397609e+01 4.000000e+00 2.921122e+00
    endloop
  endfacet
  facet normal 0.000000e+00 -1.000000e+00 0.000000e+00
    outer loop
      vertex   -4.594991e+01 4.000000e+00 3.574415e+00
      vertex   -4.585973e+01 4.000000e+00 4.389414e+00
      vertex   -4.704960e+01 4.000000e+00 3.574415e+00
    endloop
  endfacet
  facet normal 0.000000e+00 -1.000000e+00 0.000000e+00
    outer loop
      vertex   -4.704960e+01 4.000000e+00 3.574415e+00
      vertex   -4.585973e+01 4.000000e+00 4.389414e+00
      vertex   -4.713977e+01 4.000000e+00 4.389414e+00
    endloop
  endfacet
  facet normal 0.000000e+00 -1.000000e+00 0.000000e+00
    outer loop
      vertex   -4.713977e+01 4.000000e+00 4.389414e+00
      vertex   -4.585973e+01 4.000000e+00 4.389414e+00
      vertex   -4.592245e+01 4.000000e+00 4.800174e+00
    endloop
  endfacet
  facet normal 0.000000e+00 -1.000000e+00 0.000000e+00
    outer loop
      vertex   -4.713977e+01 4.000000e+00 4.389414e+00
      vertex   -4.592245e+01 4.000000e+00 4.800174e+00
      vertex   -4.707705e+01 4.000000e+00 4.800174e+00
    endloop
  endfacet
  facet normal 0.000000e+00 -1.000000e+00 0.000000e+00
    outer loop
      vertex   -4.707705e+01 4.000000e+00 4.800174e+00
      vertex   -4.592245e+01 4.000000e+00 4.800174e+00
      vertex   -4.597850e+01 4.000000e+00 4.973920e+00
    endloop
  endfacet
  facet normal 0.000000e+00 -1.000000e+00 0.000000e+00
    outer loop
      vertex   -4.707705e+01 4.000000e+00 4.800174e+00
      vertex   -4.597850e+01 4.000000e+00 4.973920e+00
      vertex   -4.702100e+01 4.000000e+00 4.973920e+00
    endloop
  endfacet
  facet normal 0.000000e+00 -1.000000e+00 0.000000e+00
    outer loop
      vertex   -4.702100e+01 4.000000e+00 4.973920e+00
      vertex   -4.597850e+01 4.000000e+00 4.973920e+00
      vertex   -4.693968e+01 4.000000e+00 5.173581e+00
    endloop
  endfacet
  facet normal 0.000000e+00 -1.000000e+00 0.000000e+00
    outer loop
      vertex   -4.693968e+01 4.000000e+00 5.173581e+00
      vertex   -4.597850e+01 4.000000e+00 4.973920e+00
      vertex   -4.605982e+01 4.000000e+00 5.173581e+00
    endloop
  endfacet
  facet normal 0.000000e+00 -1.000000e+00 0.000000e+00
    outer loop
      vertex   -4.693968e+01 4.000000e+00 5.173581e+00
      vertex   -4.605982e+01 4.000000e+00 5.173581e+00
      vertex   -4.682850e+01 4.000000e+00 5.397466e+00
    endloop
  endfacet
  facet normal 0.000000e+00 -1.000000e+00 0.000000e+00
    outer loop
      vertex   -4.682850e+01 4.000000e+00 5.397466e+00
      vertex   -4.605982e+01 4.000000e+00 5.173581e+00
      vertex   -4.617101e+01 4.000000e+00 5.397466e+00
    endloop
  endfacet
  facet normal -0.000000e+00 -1.000000e+00 -0.000000e+00
    outer loop
      vertex   -4.586182e+01 4.000000e+00 4.477342e+00
      vertex   -4.588709e+01 4.000000e+00 4.654031e+00
      vertex   -4.585973e+01 4.000000e+00 4.389414e+00
    endloop
  endfacet
  facet normal 0.000000e+00 -1.000000e+00 0.000000e+00
    outer loop
      vertex   -4.585973e+01 4.000000e+00 4.389414e+00
      vertex   -4.588709e+01 4.000000e+00 4.654031e+00
      vertex   -4.592245e+01 4.000000e+00 4.800174e+00
    endloop
  endfacet
  facet normal 0.000000e+00 -1.000000e+00 0.000000e+00
    outer loop
      vertex   -4.707705e+01 4.000000e+00 4.800174e+00
      vertex   -4.711241e+01 4.000000e+00 4.654031e+00
      vertex   -4.713977e+01 4.000000e+00 4.389414e+00
    endloop
  endfacet
  facet normal 0.000000e+00 -1.000000e+00 0.000000e+00
    outer loop
      vertex   -4.713977e+01 4.000000e+00 4.389414e+00
      vertex   -4.711241e+01 4.000000e+00 4.654031e+00
      vertex   -4.713769e+01 4.000000e+00 4.477342e+00
    endloop
  endfacet
  facet normal -0.000000e+00 -1.000000e+00 0.000000e+00
    outer loop
      vertex   -4.801879e+01 4.000000e+00 3.368406e+00
      vertex   -4.826791e+01 4.000000e+00 4.149621e+00
      vertex   -4.902341e+01 4.000000e+00 2.921122e+00
    endloop
  endfacet
  facet normal 0.000000e+00 -1.000000e+00 0.000000e+00
    outer loop
      vertex   -4.902341e+01 4.000000e+00 2.921122e+00
      vertex   -4.826791e+01 4.000000e+00 4.149621e+00
      vertex   -4.830557e+01 4.000000e+00 4.229101e+00
    endloop
  endfacet
  facet normal 0.000000e+00 -1.000000e+00 0.000000e+00
    outer loop
      vertex   -4.902341e+01 4.000000e+00 2.921122e+00
      vertex   -4.830557e+01 4.000000e+00 4.229101e+00
      vertex   -4.840053e+01 4.000000e+00 4.380234e+00
    endloop
  endfacet
  facet normal -0.000000e+00 -1.000000e+00 0.000000e+00
    outer loop
      vertex   -4.840053e+01 4.000000e+00 4.380234e+00
      vertex   -4.849227e+01 4.000000e+00 4.499359e+00
      vertex   -4.902341e+01 4.000000e+00 2.921122e+00
    endloop
  endfacet
  facet normal 0.000000e+00 -1.000000e+00 0.000000e+00
    outer loop
      vertex   -4.902341e+01 4.000000e+00 2.921122e+00
      vertex   -4.849227e+01 4.000000e+00 4.499359e+00
      vertex   -4.861414e+01 4.000000e+00 4.635289e+00
    endloop
  endfacet
  facet normal 0.000000e+00 -1.000000e+00 0.000000e+00
    outer loop
      vertex   -4.902341e+01 4.000000e+00 2.921122e+00
      vertex   -4.861414e+01 4.000000e+00 4.635289e+00
      vertex   -4.876964e+01 4.000000e+00 4.784612e+00
    endloop
  endfacet
  facet normal 0.000000e+00 -1.000000e+00 0.000000e+00
    outer loop
      vertex   -4.902341e+01 4.000000e+00 2.921122e+00
      vertex   -4.876964e+01 4.000000e+00 4.784612e+00
      vertex   -4.943728e+01 4.000000e+00 3.628985e+00
    endloop
  endfacet
  facet normal 0.000000e+00 -1.000000e+00 0.000000e+00
    outer loop
      vertex   -4.943728e+01 4.000000e+00 3.628985e+00
      vertex   -4.876964e+01 4.000000e+00 4.784612e+00
      vertex   -4.896228e+01 4.000000e+00 4.943917e+00
    endloop
  endfacet
  facet normal 0.000000e+00 -1.000000e+00 0.000000e+00
    outer loop
      vertex   -4.943728e+01 4.000000e+00 3.628985e+00
      vertex   -4.896228e+01 4.000000e+00 4.943917e+00
      vertex   -4.947114e+01 4.000000e+00 3.710157e+00
    endloop
  endfacet
  facet normal 0.000000e+00 -1.000000e+00 0.000000e+00
    outer loop
      vertex   -4.947114e+01 4.000000e+00 3.710157e+00
      vertex   -4.896228e+01 4.000000e+00 4.943917e+00
      vertex   -4.951991e+01 4.000000e+00 3.881851e+00
    endloop
  endfacet
  facet normal 0.000000e+00 -1.000000e+00 0.000000e+00
    outer loop
      vertex   -4.951991e+01 4.000000e+00 3.881851e+00
      vertex   -4.896228e+01 4.000000e+00 4.943917e+00
      vertex   -4.954705e+01 4.000000e+00 4.029742e+00
    endloop
  endfacet
  facet normal 0.000000e+00 -1.000000e+00 0.000000e+00
    outer loop
      vertex   -4.954705e+01 4.000000e+00 4.029742e+00
      vertex   -4.896228e+01 4.000000e+00 4.943917e+00
      vertex   -4.956652e+01 4.000000e+00 4.211263e+00
    endloop
  endfacet
  facet normal 0.000000e+00 -1.000000e+00 0.000000e+00
    outer loop
      vertex   -4.956652e+01 4.000000e+00 4.211263e+00
      vertex   -4.896228e+01 4.000000e+00 4.943917e+00
      vertex   -4.957344e+01 4.000000e+00 4.426738e+00
    endloop
  endfacet
  facet normal 0.000000e+00 -1.000000e+00 0.000000e+00
    outer loop
      vertex   -4.957344e+01 4.000000e+00 4.426738e+00
      vertex   -4.896228e+01 4.000000e+00 4.943917e+00
      vertex   -4.956293e+01 4.000000e+00 4.676491e+00
    endloop
  endfacet
  facet normal -0.000000e+00 -1.000000e+00 0.000000e+00
    outer loop
      vertex   -4.982502e+01 4.000000e+00 2.338716e+00
      vertex   -5.037035e+01 4.000000e+00 2.951068e+00
      vertex   -5.056086e+01 4.000000e+00 1.521487e+00
    endloop
  endfacet
  facet normal 0.000000e+00 -1.000000e+00 0.000000e+00
    outer loop
      vertex   -5.056086e+01 4.000000e+00 1.521487e+00
      vertex   -5.037035e+01 4.000000e+00 2.951068e+00
      vertex   -5.043708e+01 4.000000e+00 3.008356e+00
    endloop
  endfacet
  facet normal 0.000000e+00 -1.000000e+00 0.000000e+00
    outer loop
      vertex   -5.056086e+01 4.000000e+00 1.521487e+00
      vertex   -5.043708e+01 4.000000e+00 3.008356e+00
      vertex   -5.058530e+01 4.000000e+00 3.107801e+00
    endloop
  endfacet
  facet normal 0.000000e+00 -1.000000e+00 0.000000e+00
    outer loop
      vertex   -5.056086e+01 4.000000e+00 1.521487e+00
      vertex   -5.058530e+01 4.000000e+00 3.107801e+00
      vertex   -5.122686e+01 4.000000e+00 1.999818e+00
    endloop
  endfacet
  facet normal 0.000000e+00 -1.000000e+00 0.000000e+00
    outer loop
      vertex   -5.122686e+01 4.000000e+00 1.999818e+00
      vertex   -5.058530e+01 4.000000e+00 3.107801e+00
      vertex   -5.071757e+01 4.000000e+00 3.179311e+00
    endloop
  endfacet
  facet normal 0.000000e+00 -1.000000e+00 0.000000e+00
    outer loop
      vertex   -5.122686e+01 4.000000e+00 1.999818e+00
      vertex   -5.071757e+01 4.000000e+00 3.179311e+00
      vertex   -5.088419e+01 4.000000e+00 3.253920e+00
    endloop
  endfacet
  facet normal -0.000000e+00 -1.000000e+00 0.000000e+00
    outer loop
      vertex   -5.088419e+01 4.000000e+00 3.253920e+00
      vertex   -5.108698e+01 4.000000e+00 3.327086e+00
      vertex   -5.122686e+01 4.000000e+00 1.999818e+00
    endloop
  endfacet
  facet normal 0.000000e+00 -1.000000e+00 0.000000e+00
    outer loop
      vertex   -5.122686e+01 4.000000e+00 1.999818e+00
      vertex   -5.108698e+01 4.000000e+00 3.327086e+00
      vertex   -5.129081e+01 4.000000e+00 2.060199e+00
    endloop
  endfacet
  facet normal 0.000000e+00 -1.000000e+00 0.000000e+00
    outer loop
      vertex   -5.129081e+01 4.000000e+00 2.060199e+00
      vertex   -5.108698e+01 4.000000e+00 3.327086e+00
      vertex   -5.140520e+01 4.000000e+00 2.197211e+00
    endloop
  endfacet
  facet normal 0.000000e+00 -1.000000e+00 0.000000e+00
    outer loop
      vertex   -5.140520e+01 4.000000e+00 2.197211e+00
      vertex   -5.108698e+01 4.000000e+00 3.327086e+00
      vertex   -5.149014e+01 4.000000e+00 2.321278e+00
    endloop
  endfacet
  facet normal 0.000000e+00 -1.000000e+00 0.000000e+00
    outer loop
      vertex   -5.149014e+01 4.000000e+00 2.321278e+00
      vertex   -5.108698e+01 4.000000e+00 3.327086e+00
      vertex   -5.132776e+01 4.000000e+00 3.394267e+00
    endloop
  endfacet
  facet normal 0.000000e+00 -1.000000e+00 0.000000e+00
    outer loop
      vertex   -5.149014e+01 4.000000e+00 2.321278e+00
      vertex   -5.132776e+01 4.000000e+00 3.394267e+00
      vertex   -5.158176e+01 4.000000e+00 2.479187e+00
    endloop
  endfacet
  facet normal 0.000000e+00 -1.000000e+00 0.000000e+00
    outer loop
      vertex   -5.158176e+01 4.000000e+00 2.479187e+00
      vertex   -5.132776e+01 4.000000e+00 3.394267e+00
      vertex   -5.167572e+01 4.000000e+00 2.673218e+00
    endloop
  endfacet
  facet normal 0.000000e+00 -1.000000e+00 0.000000e+00
    outer loop
      vertex   -5.167572e+01 4.000000e+00 2.673218e+00
      vertex   -5.132776e+01 4.000000e+00 3.394267e+00
      vertex   -5.176770e+01 4.000000e+00 2.905655e+00
    endloop
  endfacet
  facet normal 1.760385e-08 -1.000000e+00 -9.708835e-10
    outer loop
      vertex   -4.758218e+01 4.000000e+00 -1.400828e+00
      vertex   -5.082988e+01 4.000000e+00 1.104740e+00
      vertex   -5.107854e+01 4.000000e+00 -3.403918e+00
    endloop
  endfacet
  facet normal 0.000000e+00 -1.000000e+00 0.000000e+00
    outer loop
      vertex   -5.107854e+01 4.000000e+00 -3.403918e+00
      vertex   -5.082988e+01 4.000000e+00 1.104740e+00
      vertex   -5.105628e+01 4.000000e+00 6.633875e-01
    endloop
  endfacet
  facet normal 0.000000e+00 -1.000000e+00 0.000000e+00
    outer loop
      vertex   -5.107854e+01 4.000000e+00 -3.403918e+00
      vertex   -5.105628e+01 4.000000e+00 6.633875e-01
      vertex   -5.125503e+01 4.000000e+00 -2.940345e+00
    endloop
  endfacet
  facet normal 0.000000e+00 -1.000000e+00 0.000000e+00
    outer loop
      vertex   -5.125503e+01 4.000000e+00 -2.940345e+00
      vertex   -5.105628e+01 4.000000e+00 6.633875e-01
      vertex   -5.138473e+01 4.000000e+00 -2.461566e+00
    endloop
  endfacet
  facet normal 0.000000e+00 -1.000000e+00 0.000000e+00
    outer loop
      vertex   -5.138473e+01 4.000000e+00 -2.461566e+00
      vertex   -5.105628e+01 4.000000e+00 6.633875e-01
      vertex   -5.139610e+01 4.000000e+00 -3.824800e-01
    endloop
  endfacet
  facet normal 0.000000e+00 -1.000000e+00 0.000000e+00
    outer loop
      vertex   -5.138473e+01 4.000000e+00 -2.461566e+00
      vertex   -5.139610e+01 4.000000e+00 -3.824800e-01
      vertex   -5.147236e+01 4.000000e+00 -8.726180e-01
    endloop
  endfacet
  facet normal -0.000000e+00 -1.000000e+00 0.000000e+00
    outer loop
      vertex   -5.105628e+01 4.000000e+00 6.633875e-01
      vertex   -5.180353e+01 4.000000e+00 1.000995e+00
      vertex   -5.139610e+01 4.000000e+00 -3.824800e-01
    endloop
  endfacet
  facet normal 0.000000e+00 -1.000000e+00 0.000000e+00
    outer loop
      vertex   -5.139610e+01 4.000000e+00 -3.824800e-01
      vertex   -5.180353e+01 4.000000e+00 1.000995e+00
      vertex   -5.219908e+01 4.000000e+00 -2.163895e-01
    endloop
  endfacet
  facet normal 0.000000e+00 -1.000000e+00 0.000000e+00
    outer loop
      vertex   -5.219908e+01 4.000000e+00 -2.163895e-01
      vertex   -5.180353e+01 4.000000e+00 1.000995e+00
      vertex   -5.188780e+01 4.000000e+00 1.026186e+00
    endloop
  endfacet
  facet normal 0.000000e+00 -1.000000e+00 0.000000e+00
    outer loop
      vertex   -5.219908e+01 4.000000e+00 -2.163895e-01
      vertex   -5.188780e+01 4.000000e+00 1.026186e+00
      vertex   -5.206365e+01 4.000000e+00 1.056748e+00
    endloop
  endfacet
  facet normal -0.000000e+00 -1.000000e+00 0.000000e+00
    outer loop
      vertex   -5.206365e+01 4.000000e+00 1.056748e+00
      vertex   -5.221356e+01 4.000000e+00 1.068278e+00
      vertex   -5.219908e+01 4.000000e+00 -2.163895e-01
    endloop
  endfacet
  facet normal 0.000000e+00 -1.000000e+00 0.000000e+00
    outer loop
      vertex   -5.219908e+01 4.000000e+00 -2.163895e-01
      vertex   -5.221356e+01 4.000000e+00 1.068278e+00
      vertex   -5.228206e+01 4.000000e+00 -1.872389e-01
    endloop
  endfacet
  facet normal 0.000000e+00 -1.000000e+00 0.000000e+00
    outer loop
      vertex   -5.228206e+01 4.000000e+00 -1.872389e-01
      vertex   -5.221356e+01 4.000000e+00 1.068278e+00
      vertex   -5.244229e+01 4.000000e+00 -1.086006e-01
    endloop
  endfacet
  facet normal 0.000000e+00 -1.000000e+00 0.000000e+00
    outer loop
      vertex   -5.244229e+01 4.000000e+00 -1.086006e-01
      vertex   -5.221356e+01 4.000000e+00 1.068278e+00
      vertex   -5.239613e+01 4.000000e+00 1.068666e+00
    endloop
  endfacet
  facet normal 0.000000e+00 -1.000000e+00 0.000000e+00
    outer loop
      vertex   -5.244229e+01 4.000000e+00 -1.086006e-01
      vertex   -5.239613e+01 4.000000e+00 1.068666e+00
      vertex   -5.257035e+01 4.000000e+00 -2.980936e-02
    endloop
  endfacet
  facet normal 0.000000e+00 -1.000000e+00 0.000000e+00
    outer loop
      vertex   -5.257035e+01 4.000000e+00 -2.980936e-02
      vertex   -5.239613e+01 4.000000e+00 1.068666e+00
      vertex   -5.261114e+01 4.000000e+00 1.053024e+00
    endloop
  endfacet
  facet normal 0.000000e+00 -1.000000e+00 0.000000e+00
    outer loop
      vertex   -5.257035e+01 4.000000e+00 -2.980936e-02
      vertex   -5.261114e+01 4.000000e+00 1.053024e+00
      vertex   -5.271828e+01 4.000000e+00 7.718335e-02
    endloop
  endfacet
  facet normal 0.000000e+00 -1.000000e+00 0.000000e+00
    outer loop
      vertex   -5.271828e+01 4.000000e+00 7.718335e-02
      vertex   -5.261114e+01 4.000000e+00 1.053024e+00
      vertex   -5.288304e+01 4.000000e+00 2.162221e-01
    endloop
  endfacet
  facet normal 0.000000e+00 -1.000000e+00 0.000000e+00
    outer loop
      vertex   -5.288304e+01 4.000000e+00 2.162221e-01
      vertex   -5.261114e+01 4.000000e+00 1.053024e+00
      vertex   -5.285843e+01 4.000000e+00 1.016464e+00
    endloop
  endfacet
  facet normal 0.000000e+00 -1.000000e+00 0.000000e+00
    outer loop
      vertex   -5.288304e+01 4.000000e+00 2.162221e-01
      vertex   -5.285843e+01 4.000000e+00 1.016464e+00
      vertex   -5.306161e+01 4.000000e+00 3.911515e-01
    endloop
  endfacet
  facet normal 0.000000e+00 -1.000000e+00 -0.000000e+00
    outer loop
      vertex   -5.147236e+01 4.000000e+00 -8.726180e-01
      vertex   -5.149968e+01 4.000000e+00 -1.367900e+00
      vertex   -5.138473e+01 4.000000e+00 -2.461566e+00
    endloop
  endfacet
  facet normal -0.000000e+00 -1.000000e+00 0.000000e+00
    outer loop
      vertex   -5.138473e+01 4.000000e+00 -2.461566e+00
      vertex   -5.149968e+01 4.000000e+00 -1.367900e+00
      vertex   -5.218584e+01 4.000000e+00 -2.636434e+00
    endloop
  endfacet
  facet normal 0.000000e+00 -1.000000e+00 0.000000e+00
    outer loop
      vertex   -5.218584e+01 4.000000e+00 -2.636434e+00
      vertex   -5.149968e+01 4.000000e+00 -1.367900e+00
      vertex   -5.231964e+01 4.000000e+00 -1.363413e+00
    endloop
  endfacet
  facet normal -0.000000e+00 -1.000000e+00 0.000000e+00
    outer loop
      vertex   -5.218584e+01 4.000000e+00 -2.636434e+00
      vertex   -5.231964e+01 4.000000e+00 -1.363413e+00
      vertex   -5.227350e+01 4.000000e+00 -2.643555e+00
    endloop
  endfacet
  facet normal 0.000000e+00 -1.000000e+00 0.000000e+00
    outer loop
      vertex   -5.227350e+01 4.000000e+00 -2.643555e+00
      vertex   -5.231964e+01 4.000000e+00 -1.363413e+00
      vertex   -5.240687e+01 4.000000e+00 -1.374674e+00
    endloop
  endfacet
  facet normal 0.000000e+00 -1.000000e+00 0.000000e+00
    outer loop
      vertex   -5.227350e+01 4.000000e+00 -2.643555e+00
      vertex   -5.240687e+01 4.000000e+00 -1.374674e+00
      vertex   -5.245186e+01 4.000000e+00 -2.636887e+00
    endloop
  endfacet
  facet normal 0.000000e+00 -1.000000e+00 0.000000e+00
    outer loop
      vertex   -5.245186e+01 4.000000e+00 -2.636887e+00
      vertex   -5.240687e+01 4.000000e+00 -1.374674e+00
      vertex   -5.257994e+01 4.000000e+00 -1.418280e+00
    endloop
  endfacet
  facet normal 0.000000e+00 -1.000000e+00 0.000000e+00
    outer loop
      vertex   -5.245186e+01 4.000000e+00 -2.636887e+00
      vertex   -5.257994e+01 4.000000e+00 -1.418280e+00
      vertex   -5.260090e+01 4.000000e+00 -2.616996e+00
    endloop
  endfacet
  facet normal 0.000000e+00 -1.000000e+00 0.000000e+00
    outer loop
      vertex   -5.260090e+01 4.000000e+00 -2.616996e+00
      vertex   -5.257994e+01 4.000000e+00 -1.418280e+00
      vertex   -5.272159e+01 4.000000e+00 -1.468723e+00
    endloop
  endfacet
  facet normal 0.000000e+00 -1.000000e+00 0.000000e+00
    outer loop
      vertex   -5.260090e+01 4.000000e+00 -2.616996e+00
      vertex   -5.272159e+01 4.000000e+00 -1.468723e+00
      vertex   -5.277956e+01 4.000000e+00 -2.579419e+00
    endloop
  endfacet
  facet normal 0.000000e+00 -1.000000e+00 0.000000e+00
    outer loop
      vertex   -5.277956e+01 4.000000e+00 -2.579419e+00
      vertex   -5.272159e+01 4.000000e+00 -1.468723e+00
      vertex   -5.288853e+01 4.000000e+00 -1.542623e+00
    endloop
  endfacet
  facet normal 0.000000e+00 -1.000000e+00 0.000000e+00
    outer loop
      vertex   -5.277956e+01 4.000000e+00 -2.579419e+00
      vertex   -5.288853e+01 4.000000e+00 -1.542623e+00
      vertex   -5.298662e+01 4.000000e+00 -2.519414e+00
    endloop
  endfacet
  facet normal 0.000000e+00 -1.000000e+00 0.000000e+00
    outer loop
      vertex   -5.298662e+01 4.000000e+00 -2.519414e+00
      vertex   -5.288853e+01 4.000000e+00 -1.542623e+00
      vertex   -5.307859e+01 4.000000e+00 -1.644368e+00
    endloop
  endfacet
  facet normal 0.000000e+00 -1.000000e+00 0.000000e+00
    outer loop
      vertex   -5.298662e+01 4.000000e+00 -2.519414e+00
      vertex   -5.307859e+01 4.000000e+00 -1.644368e+00
      vertex   -5.322090e+01 4.000000e+00 -2.432239e+00
    endloop
  endfacet
  facet normal 0.000000e+00 -1.000000e+00 0.000000e+00
    outer loop
      vertex   -5.322090e+01 4.000000e+00 -2.432239e+00
      vertex   -5.307859e+01 4.000000e+00 -1.644368e+00
      vertex   -5.328963e+01 4.000000e+00 -1.778348e+00
    endloop
  endfacet
  facet normal -0.000000e+00 -1.000000e+00 0.000000e+00
    outer loop
      vertex   -5.175500e+01 4.000000e+00 -5.031269e+00
      vertex   -5.204492e+01 4.000000e+00 -3.889327e+00
      vertex   -5.196857e+01 4.000000e+00 -5.060674e+00
    endloop
  endfacet
  facet normal 0.000000e+00 -1.000000e+00 0.000000e+00
    outer loop
      vertex   -5.196857e+01 4.000000e+00 -5.060674e+00
      vertex   -5.204492e+01 4.000000e+00 -3.889327e+00
      vertex   -5.215380e+01 4.000000e+00 -3.993022e+00
    endloop
  endfacet
  facet normal 0.000000e+00 -1.000000e+00 0.000000e+00
    outer loop
      vertex   -5.196857e+01 4.000000e+00 -5.060674e+00
      vertex   -5.215380e+01 4.000000e+00 -3.993022e+00
      vertex   -5.227625e+01 4.000000e+00 -4.128432e+00
    endloop
  endfacet
  facet normal -0.000000e+00 -1.000000e+00 0.000000e+00
    outer loop
      vertex   -5.196857e+01 4.000000e+00 -5.060674e+00
      vertex   -5.227625e+01 4.000000e+00 -4.128432e+00
      vertex   -5.221805e+01 4.000000e+00 -5.076326e+00
    endloop
  endfacet
  facet normal 0.000000e+00 -1.000000e+00 0.000000e+00
    outer loop
      vertex   -5.221805e+01 4.000000e+00 -5.076326e+00
      vertex   -5.227625e+01 4.000000e+00 -4.128432e+00
      vertex   -5.240850e+01 4.000000e+00 -4.298688e+00
    endloop
  endfacet
  facet normal 0.000000e+00 -1.000000e+00 0.000000e+00
    outer loop
      vertex   -5.221805e+01 4.000000e+00 -5.076326e+00
      vertex   -5.240850e+01 4.000000e+00 -4.298688e+00
      vertex   -5.254680e+01 4.000000e+00 -4.506921e+00
    endloop
  endfacet
  facet normal -4.413243e-16 0.000000e+00 1.000000e+00
    outer loop
      vertex   -5.047866e+01 4.000000e+00 -6.000000e+00
      vertex   -5.047866e+01 1.850000e+01 -6.000000e+00
      vertex   -5.450372e+01 4.000000e+00 -6.000000e+00
    endloop
  endfacet
  facet normal -4.413243e-16 0.000000e+00 1.000000e+00
    outer loop
      vertex   -5.450372e+01 4.000000e+00 -6.000000e+00
      vertex   -5.047866e+01 1.850000e+01 -6.000000e+00
      vertex   -5.450372e+01 1.850000e+01 -6.000000e+00
    endloop
  endfacet
  facet normal -1.000000e+00 0.000000e+00 -0.000000e+00
    outer loop
      vertex   -5.047866e+01 1.850000e+01 -4.423180e+00
      vertex   -5.047866e+01 1.850000e+01 -6.000000e+00
      vertex   -5.047866e+01 1.650000e+01 -4.423180e+00
    endloop
  endfacet
  facet normal -1.000000e+00 0.000000e+00 -0.000000e+00
    outer loop
      vertex   -5.047866e+01 1.650000e+01 -4.423180e+00
      vertex   -5.047866e+01 1.850000e+01 -6.000000e+00
      vertex   -5.047866e+01 4.000000e+00 -6.000000e+00
    endloop
  endfacet
  facet normal -1.000000e+00 -0.000000e+00 0.000000e+00
    outer loop
      vertex   -5.047866e+01 1.650000e+01 -4.423180e+00
      vertex   -5.047866e+01 4.000000e+00 -6.000000e+00
      vertex   -5.047866e+01 4.000000e+00 -4.423180e+00
    endloop
  endfacet
  facet normal 1.000000e+00 -0.000000e+00 0.000000e+00
    outer loop
      vertex   -4.247866e+01 4.000000e+00 -4.366928e+00
      vertex   -4.247866e+01 4.000000e+00 -6.000000e+00
      vertex   -4.247866e+01 1.650000e+01 -4.366928e+00
    endloop
  endfacet
  facet normal 1.000000e+00 0.000000e+00 0.000000e+00
    outer loop
      vertex   -4.247866e+01 1.650000e+01 -4.366928e+00
      vertex   -4.247866e+01 4.000000e+00 -6.000000e+00
      vertex   -4.247866e+01 1.850000e+01 -6.000000e+00
    endloop
  endfacet
  facet normal 1.000000e+00 -0.000000e+00 0.000000e+00
    outer loop
      vertex   -4.247866e+01 1.650000e+01 -4.366928e+00
      vertex   -4.247866e+01 1.850000e+01 -6.000000e+00
      vertex   -4.247866e+01 1.850000e+01 -4.366928e+00
    endloop
  endfacet
  facet normal 8.050042e-01 5.269288e-16 -5.932691e-01
    outer loop
      vertex   -4.247866e+01 1.650000e+01 -4.366928e+00
      vertex   -4.247866e+01 1.850000e+01 -4.366928e+00
      vertex   -4.247081e+01 1.650000e+01 -4.356278e+00
    endloop
  endfacet
  facet normal 8.050042e-01 0.000000e+00 -5.932691e-01
    outer loop
      vertex   -4.247081e+01 1.650000e+01 -4.356278e+00
      vertex   -4.247866e+01 1.850000e+01 -4.366928e+00
      vertex   -4.247081e+01 1.850000e+01 -4.356278e+00
    endloop
  endfacet
  facet normal 3.314361e-01 0.000000e+00 -9.434777e-01
    outer loop
      vertex   -4.071744e+01 4.000000e+00 -1.872389e-01
      vertex   -4.080042e+01 4.000000e+00 -2.163895e-01
      vertex   -4.071744e+01 8.833333e+00 -1.872389e-01
    endloop
  endfacet
  facet normal 3.314361e-01 3.740650e-18 -9.434777e-01
    outer loop
      vertex   -4.071744e+01 8.833333e+00 -1.872389e-01
      vertex   -4.080042e+01 4.000000e+00 -2.163895e-01
      vertex   -4.080042e+01 1.850000e+01 -2.163895e-01
    endloop
  endfacet
  facet normal 3.314361e-01 0.000000e+00 -9.434777e-01
    outer loop
      vertex   -4.071744e+01 8.833333e+00 -1.872389e-01
      vertex   -4.080042e+01 1.850000e+01 -2.163895e-01
      vertex   -4.071744e+01 1.366667e+01 -1.872389e-01
    endloop
  endfacet
  facet normal 3.314361e-01 0.000000e+00 -9.434777e-01
    outer loop
      vertex   -4.071744e+01 1.366667e+01 -1.872389e-01
      vertex   -4.080042e+01 1.850000e+01 -2.163895e-01
      vertex   -4.071744e+01 1.850000e+01 -1.872389e-01
    endloop
  endfacet
  facet normal 4.405814e-01 0.000000e+00 -8.977127e-01
    outer loop
      vertex   -4.071744e+01 1.366667e+01 -1.872389e-01
      vertex   -4.071744e+01 1.850000e+01 -1.872389e-01
      vertex   -4.055721e+01 1.850000e+01 -1.086006e-01
    endloop
  endfacet
  facet normal 4.405814e-01 0.000000e+00 -8.977127e-01
    outer loop
      vertex   -4.055721e+01 1.850000e+01 -1.086006e-01
      vertex   -4.055721e+01 4.000000e+00 -1.086006e-01
      vertex   -4.071744e+01 1.366667e+01 -1.872389e-01
    endloop
  endfacet
  facet normal 4.405814e-01 0.000000e+00 -8.977127e-01
    outer loop
      vertex   -4.071744e+01 1.366667e+01 -1.872389e-01
      vertex   -4.055721e+01 4.000000e+00 -1.086006e-01
      vertex   -4.071744e+01 8.833333e+00 -1.872389e-01
    endloop
  endfacet
  facet normal 4.405814e-01 0.000000e+00 -8.977127e-01
    outer loop
      vertex   -4.055721e+01 4.000000e+00 -1.086006e-01
      vertex   -4.071744e+01 4.000000e+00 -1.872389e-01
      vertex   -4.071744e+01 8.833333e+00 -1.872389e-01
    endloop
  endfacet
  facet normal 5.240172e-01 -1.630320e-18 -8.517077e-01
    outer loop
      vertex   -4.042915e+01 4.000000e+00 -2.980936e-02
      vertex   -4.055721e+01 4.000000e+00 -1.086006e-01
      vertex   -4.042915e+01 1.125000e+01 -2.980936e-02
    endloop
  endfacet
  facet normal 5.240172e-01 0.000000e+00 -8.517077e-01
    outer loop
      vertex   -4.042915e+01 1.125000e+01 -2.980936e-02
      vertex   -4.055721e+01 4.000000e+00 -1.086006e-01
      vertex   -4.055721e+01 1.850000e+01 -1.086006e-01
    endloop
  endfacet
  facet normal 5.240172e-01 1.630320e-18 -8.517077e-01
    outer loop
      vertex   -4.042915e+01 1.125000e+01 -2.980936e-02
      vertex   -4.055721e+01 1.850000e+01 -1.086006e-01
      vertex   -4.042915e+01 1.850000e+01 -2.980936e-02
    endloop
  endfacet
  facet normal 5.860626e-01 1.550993e-18 -8.102658e-01
    outer loop
      vertex   -4.042915e+01 1.850000e+01 -2.980936e-02
      vertex   -4.028122e+01 1.850000e+01 7.718335e-02
      vertex   -4.042915e+01 1.125000e+01 -2.980936e-02
    endloop
  endfacet
  facet normal 5.860626e-01 5.740585e-16 -8.102658e-01
    outer loop
      vertex   -4.042915e+01 1.125000e+01 -2.980936e-02
      vertex   -4.028122e+01 1.850000e+01 7.718335e-02
      vertex   -4.028122e+01 1.125000e+01 7.718335e-02
    endloop
  endfacet
  facet normal 5.860626e-01 -1.550993e-18 -8.102658e-01
    outer loop
      vertex   -4.042915e+01 1.125000e+01 -2.980936e-02
      vertex   -4.028122e+01 1.125000e+01 7.718335e-02
      vertex   -4.042915e+01 4.000000e+00 -2.980936e-02
    endloop
  endfacet
  facet normal 5.860626e-01 -5.740585e-16 -8.102658e-01
    outer loop
      vertex   -4.042915e+01 4.000000e+00 -2.980936e-02
      vertex   -4.028122e+01 1.125000e+01 7.718335e-02
      vertex   -4.028122e+01 4.000000e+00 7.718335e-02
    endloop
  endfacet
  facet normal 6.449342e-01 -6.320735e-16 -7.642381e-01
    outer loop
      vertex   -4.028122e+01 4.000000e+00 7.718335e-02
      vertex   -4.028122e+01 1.125000e+01 7.718335e-02
      vertex   -4.011647e+01 1.125000e+01 2.162221e-01
    endloop
  endfacet
  facet normal 6.449342e-01 0.000000e+00 -7.642381e-01
    outer loop
      vertex   -4.028122e+01 4.000000e+00 7.718335e-02
      vertex   -4.011647e+01 1.125000e+01 2.162221e-01
      vertex   -4.011647e+01 4.000000e+00 2.162221e-01
    endloop
  endfacet
  facet normal 6.997898e-01 0.000000e+00 -7.143488e-01
    outer loop
      vertex   -4.011647e+01 4.000000e+00 2.162221e-01
      vertex   -4.011647e+01 1.125000e+01 2.162221e-01
      vertex   -3.993790e+01 4.000000e+00 3.911515e-01
    endloop
  endfacet
  facet normal 6.997898e-01 0.000000e+00 -7.143488e-01
    outer loop
      vertex   -3.993790e+01 4.000000e+00 3.911515e-01
      vertex   -4.011647e+01 1.125000e+01 2.162221e-01
      vertex   -3.993790e+01 1.850000e+01 3.911515e-01
    endloop
  endfacet
  facet normal 6.997898e-01 0.000000e+00 -7.143488e-01
    outer loop
      vertex   -3.993790e+01 1.850000e+01 3.911515e-01
      vertex   -4.011647e+01 1.125000e+01 2.162221e-01
      vertex   -4.011647e+01 1.850000e+01 2.162221e-01
    endloop
  endfacet
  facet normal 6.449342e-01 0.000000e+00 -7.642381e-01
    outer loop
      vertex   -4.011647e+01 1.850000e+01 2.162221e-01
      vertex   -4.011647e+01 1.125000e+01 2.162221e-01
      vertex   -4.028122e+01 1.125000e+01 7.718335e-02
    endloop
  endfacet
  facet normal 6.449342e-01 6.326253e-16 -7.642381e-01
    outer loop
      vertex   -4.011647e+01 1.850000e+01 2.162221e-01
      vertex   -4.028122e+01 1.125000e+01 7.718335e-02
      vertex   -4.028122e+01 1.850000e+01 7.718335e-02
    endloop
  endfacet
  facet normal 9.510565e-01 0.000000e+00 3.090170e-01
    outer loop
      vertex   -3.993790e+01 1.850000e+01 3.911515e-01
      vertex   -4.014107e+01 1.850000e+01 1.016464e+00
      vertex   -3.993790e+01 4.000000e+00 3.911515e-01
    endloop
  endfacet
  facet normal 9.510565e-01 1.164533e-17 3.090170e-01
    outer loop
      vertex   -3.993790e+01 4.000000e+00 3.911515e-01
      vertex   -4.014107e+01 1.850000e+01 1.016464e+00
      vertex   -4.014107e+01 4.000000e+00 1.016464e+00
    endloop
  endfacet
  facet normal 1.462581e-01 -3.029750e-17 9.892465e-01
    outer loop
      vertex   -4.038836e+01 4.000000e+00 1.053024e+00
      vertex   -4.014107e+01 4.000000e+00 1.016464e+00
      vertex   -4.038836e+01 1.125000e+01 1.053024e+00
    endloop
  endfacet
  facet normal 1.462581e-01 3.015141e-17 9.892465e-01
    outer loop
      vertex   -4.038836e+01 1.125000e+01 1.053024e+00
      vertex   -4.014107e+01 4.000000e+00 1.016464e+00
      vertex   -4.014107e+01 1.850000e+01 1.016464e+00
    endloop
  endfacet
  facet normal 1.462581e-01 3.029750e-17 9.892465e-01
    outer loop
      vertex   -4.038836e+01 1.125000e+01 1.053024e+00
      vertex   -4.014107e+01 1.850000e+01 1.016464e+00
      vertex   -4.038836e+01 1.850000e+01 1.053024e+00
    endloop
  endfacet
  facet normal 7.255483e-02 3.054612e-17 9.973644e-01
    outer loop
      vertex   -4.038836e+01 1.850000e+01 1.053024e+00
      vertex   -4.060338e+01 1.850000e+01 1.068666e+00
      vertex   -4.038836e+01 1.125000e+01 1.053024e+00
    endloop
  endfacet
  facet normal 7.255483e-02 0.000000e+00 9.973644e-01
    outer loop
      vertex   -4.038836e+01 1.125000e+01 1.053024e+00
      vertex   -4.060338e+01 1.850000e+01 1.068666e+00
      vertex   -4.060338e+01 1.125000e+01 1.068666e+00
    endloop
  endfacet
  facet normal 7.255483e-02 -3.054612e-17 9.973644e-01
    outer loop
      vertex   -4.038836e+01 1.125000e+01 1.053024e+00
      vertex   -4.060338e+01 1.125000e+01 1.068666e+00
      vertex   -4.038836e+01 4.000000e+00 1.053024e+00
    endloop
  endfacet
  facet normal 7.255483e-02 0.000000e+00 9.973644e-01
    outer loop
      vertex   -4.038836e+01 4.000000e+00 1.053024e+00
      vertex   -4.060338e+01 1.125000e+01 1.068666e+00
      vertex   -4.060338e+01 4.000000e+00 1.068666e+00
    endloop
  endfacet
  facet normal -2.127718e-03 0.000000e+00 9.999977e-01
    outer loop
      vertex   -4.060338e+01 4.000000e+00 1.068666e+00
      vertex   -4.060338e+01 1.125000e+01 1.068666e+00
      vertex   -4.078594e+01 1.125000e+01 1.068278e+00
    endloop
  endfacet
  facet normal -2.127718e-03 0.000000e+00 9.999977e-01
    outer loop
      vertex   -4.060338e+01 4.000000e+00 1.068666e+00
      vertex   -4.078594e+01 1.125000e+01 1.068278e+00
      vertex   -4.078594e+01 4.000000e+00 1.068278e+00
    endloop
  endfacet
  facet normal -7.668244e-02 0.000000e+00 9.970556e-01
    outer loop
      vertex   -4.078594e+01 4.000000e+00 1.068278e+00
      vertex   -4.078594e+01 1.125000e+01 1.068278e+00
      vertex   -4.093586e+01 4.000000e+00 1.056748e+00
    endloop
  endfacet
  facet normal -7.668244e-02 4.580500e-17 9.970556e-01
    outer loop
      vertex   -4.093586e+01 4.000000e+00 1.056748e+00
      vertex   -4.078594e+01 1.125000e+01 1.068278e+00
      vertex   -4.093586e+01 1.850000e+01 1.056748e+00
    endloop
  endfacet
  facet normal -7.668244e-02 0.000000e+00 9.970556e-01
    outer loop
      vertex   -4.093586e+01 1.850000e+01 1.056748e+00
      vertex   -4.078594e+01 1.125000e+01 1.068278e+00
      vertex   -4.078594e+01 1.850000e+01 1.068278e+00
    endloop
  endfacet
  facet normal -2.127718e-03 0.000000e+00 9.999977e-01
    outer loop
      vertex   -4.078594e+01 1.850000e+01 1.068278e+00
      vertex   -4.078594e+01 1.125000e+01 1.068278e+00
      vertex   -4.060338e+01 1.125000e+01 1.068666e+00
    endloop
  endfacet
  facet normal -2.127718e-03 0.000000e+00 9.999977e-01
    outer loop
      vertex   -4.078594e+01 1.850000e+01 1.068278e+00
      vertex   -4.060338e+01 1.125000e+01 1.068666e+00
      vertex   -4.060338e+01 1.850000e+01 1.068666e+00
    endloop
  endfacet
  facet normal -1.712245e-01 -4.526182e-17 9.852320e-01
    outer loop
      vertex   -4.111171e+01 4.000000e+00 1.026186e+00
      vertex   -4.093586e+01 4.000000e+00 1.056748e+00
      vertex   -4.111171e+01 8.833333e+00 1.026186e+00
    endloop
  endfacet
  facet normal -1.712245e-01 4.524366e-17 9.852320e-01
    outer loop
      vertex   -4.111171e+01 8.833333e+00 1.026186e+00
      vertex   -4.093586e+01 4.000000e+00 1.056748e+00
      vertex   -4.093586e+01 1.850000e+01 1.056748e+00
    endloop
  endfacet
  facet normal -1.712245e-01 0.000000e+00 9.852320e-01
    outer loop
      vertex   -4.111171e+01 8.833333e+00 1.026186e+00
      vertex   -4.093586e+01 1.850000e+01 1.056748e+00
      vertex   -4.111171e+01 1.366667e+01 1.026186e+00
    endloop
  endfacet
  facet normal -1.712245e-01 4.526182e-17 9.852320e-01
    outer loop
      vertex   -4.111171e+01 1.366667e+01 1.026186e+00
      vertex   -4.093586e+01 1.850000e+01 1.056748e+00
      vertex   -4.111171e+01 1.850000e+01 1.026186e+00
    endloop
  endfacet
  facet normal -2.864248e-01 4.401549e-17 9.581027e-01
    outer loop
      vertex   -4.111171e+01 1.366667e+01 1.026186e+00
      vertex   -4.111171e+01 1.850000e+01 1.026186e+00
      vertex   -4.119598e+01 1.850000e+01 1.000995e+00
    endloop
  endfacet
  facet normal -2.864248e-01 -2.934366e-17 9.581027e-01
    outer loop
      vertex   -4.119598e+01 1.850000e+01 1.000995e+00
      vertex   -4.119598e+01 4.000000e+00 1.000995e+00
      vertex   -4.111171e+01 1.366667e+01 1.026186e+00
    endloop
  endfacet
  facet normal -2.864248e-01 0.000000e+00 9.581027e-01
    outer loop
      vertex   -4.111171e+01 1.366667e+01 1.026186e+00
      vertex   -4.119598e+01 4.000000e+00 1.000995e+00
      vertex   -4.111171e+01 8.833333e+00 1.026186e+00
    endloop
  endfacet
  facet normal -2.864248e-01 -4.488781e-17 9.581027e-01
    outer loop
      vertex   -4.119598e+01 4.000000e+00 1.000995e+00
      vertex   -4.111171e+01 4.000000e+00 1.026186e+00
      vertex   -4.111171e+01 8.833333e+00 1.026186e+00
    endloop
  endfacet
  facet normal -4.117296e-01 -2.791043e-17 9.113061e-01
    outer loop
      vertex   -4.119598e+01 1.850000e+01 1.000995e+00
      vertex   -4.194322e+01 1.850000e+01 6.633875e-01
      vertex   -4.119598e+01 4.000000e+00 1.000995e+00
    endloop
  endfacet
  facet normal -4.117296e-01 -3.735105e-17 9.113061e-01
    outer loop
      vertex   -4.119598e+01 4.000000e+00 1.000995e+00
      vertex   -4.194322e+01 1.850000e+01 6.633875e-01
      vertex   -4.194322e+01 4.000000e+00 6.633875e-01
    endloop
  endfacet
  facet normal 8.897610e-01 -1.747363e-17 4.564266e-01
    outer loop
      vertex   -4.194322e+01 1.850000e+01 6.633875e-01
      vertex   -4.216962e+01 1.850000e+01 1.104740e+00
      vertex   -4.194322e+01 4.000000e+00 6.633875e-01
    endloop
  endfacet
  facet normal 8.897610e-01 0.000000e+00 4.564266e-01
    outer loop
      vertex   -4.194322e+01 4.000000e+00 6.633875e-01
      vertex   -4.216962e+01 1.850000e+01 1.104740e+00
      vertex   -4.216962e+01 4.000000e+00 1.104740e+00
    endloop
  endfacet
  facet normal 8.401576e-01 -0.000000e+00 5.423423e-01
    outer loop
      vertex   -4.216962e+01 4.000000e+00 1.104740e+00
      vertex   -4.216962e+01 1.850000e+01 1.104740e+00
      vertex   -4.243865e+01 1.850000e+01 1.521487e+00
    endloop
  endfacet
  facet normal 8.401576e-01 0.000000e+00 5.423423e-01
    outer loop
      vertex   -4.216962e+01 4.000000e+00 1.104740e+00
      vertex   -4.243865e+01 1.850000e+01 1.521487e+00
      vertex   -4.243865e+01 4.000000e+00 1.521487e+00
    endloop
  endfacet
  facet normal 5.833494e-01 0.000000e+00 -8.122213e-01
    outer loop
      vertex   -4.243865e+01 1.850000e+01 1.521487e+00
      vertex   -4.177265e+01 1.850000e+01 1.999818e+00
      vertex   -4.243865e+01 4.000000e+00 1.521487e+00
    endloop
  endfacet
  facet normal 5.833494e-01 -1.400664e-17 -8.122213e-01
    outer loop
      vertex   -4.243865e+01 4.000000e+00 1.521487e+00
      vertex   -4.177265e+01 1.850000e+01 1.999818e+00
      vertex   -4.177265e+01 4.000000e+00 1.999818e+00
    endloop
  endfacet
  facet normal 6.865289e-01 0.000000e+00 -7.271025e-01
    outer loop
      vertex   -4.170870e+01 4.000000e+00 2.060199e+00
      vertex   -4.177265e+01 4.000000e+00 1.999818e+00
      vertex   -4.170870e+01 8.833333e+00 2.060199e+00
    endloop
  endfacet
  facet normal 6.865289e-01 -1.122195e-17 -7.271025e-01
    outer loop
      vertex   -4.170870e+01 8.833333e+00 2.060199e+00
      vertex   -4.177265e+01 4.000000e+00 1.999818e+00
      vertex   -4.177265e+01 1.850000e+01 1.999818e+00
    endloop
  endfacet
  facet normal 6.865289e-01 0.000000e+00 -7.271025e-01
    outer loop
      vertex   -4.170870e+01 8.833333e+00 2.060199e+00
      vertex   -4.177265e+01 1.850000e+01 1.999818e+00
      vertex   -4.170870e+01 1.366667e+01 2.060199e+00
    endloop
  endfacet
  facet normal 6.865289e-01 0.000000e+00 -7.271025e-01
    outer loop
      vertex   -4.170870e+01 1.366667e+01 2.060199e+00
      vertex   -4.177265e+01 1.850000e+01 1.999818e+00
      vertex   -4.170870e+01 1.850000e+01 2.060199e+00
    endloop
  endfacet
  facet normal 7.676237e-01 0.000000e+00 -6.409008e-01
    outer loop
      vertex   -4.170870e+01 1.366667e+01 2.060199e+00
      vertex   -4.170870e+01 1.850000e+01 2.060199e+00
      vertex   -4.159430e+01 1.850000e+01 2.197211e+00
    endloop
  endfacet
  facet normal 7.676237e-01 0.000000e+00 -6.409008e-01
    outer loop
      vertex   -4.159430e+01 1.850000e+01 2.197211e+00
      vertex   -4.159430e+01 4.000000e+00 2.197211e+00
      vertex   -4.170870e+01 1.366667e+01 2.060199e+00
    endloop
  endfacet
  facet normal 7.676237e-01 0.000000e+00 -6.409008e-01
    outer loop
      vertex   -4.170870e+01 1.366667e+01 2.060199e+00
      vertex   -4.159430e+01 4.000000e+00 2.197211e+00
      vertex   -4.170870e+01 8.833333e+00 2.060199e+00
    endloop
  endfacet
  facet normal 7.676237e-01 0.000000e+00 -6.409008e-01
    outer loop
      vertex   -4.159430e+01 4.000000e+00 2.197211e+00
      vertex   -4.170870e+01 4.000000e+00 2.060199e+00
      vertex   -4.170870e+01 8.833333e+00 2.060199e+00
    endloop
  endfacet
  facet normal 8.251342e-01 0.000000e+00 -5.649367e-01
    outer loop
      vertex   -4.150936e+01 4.000000e+00 2.321278e+00
      vertex   -4.159430e+01 4.000000e+00 2.197211e+00
      vertex   -4.150936e+01 1.125000e+01 2.321278e+00
    endloop
  endfacet
  facet normal 8.251342e-01 0.000000e+00 -5.649367e-01
    outer loop
      vertex   -4.150936e+01 1.125000e+01 2.321278e+00
      vertex   -4.159430e+01 4.000000e+00 2.197211e+00
      vertex   -4.159430e+01 1.850000e+01 2.197211e+00
    endloop
  endfacet
  facet normal 8.251342e-01 0.000000e+00 -5.649367e-01
    outer loop
      vertex   -4.150936e+01 1.125000e+01 2.321278e+00
      vertex   -4.159430e+01 1.850000e+01 2.197211e+00
      vertex   -4.150936e+01 1.850000e+01 2.321278e+00
    endloop
  endfacet
  facet normal 8.649596e-01 0.000000e+00 -5.018415e-01
    outer loop
      vertex   -4.150936e+01 1.850000e+01 2.321278e+00
      vertex   -4.141774e+01 1.850000e+01 2.479187e+00
      vertex   -4.150936e+01 1.125000e+01 2.321278e+00
    endloop
  endfacet
  facet normal 8.649596e-01 0.000000e+00 -5.018415e-01
    outer loop
      vertex   -4.150936e+01 1.125000e+01 2.321278e+00
      vertex   -4.141774e+01 1.850000e+01 2.479187e+00
      vertex   -4.141774e+01 1.125000e+01 2.479187e+00
    endloop
  endfacet
  facet normal 8.649596e-01 0.000000e+00 -5.018415e-01
    outer loop
      vertex   -4.150936e+01 1.125000e+01 2.321278e+00
      vertex   -4.141774e+01 1.125000e+01 2.479187e+00
      vertex   -4.150936e+01 4.000000e+00 2.321278e+00
    endloop
  endfacet
  facet normal 8.649596e-01 0.000000e+00 -5.018415e-01
    outer loop
      vertex   -4.150936e+01 4.000000e+00 2.321278e+00
      vertex   -4.141774e+01 1.125000e+01 2.479187e+00
      vertex   -4.141774e+01 4.000000e+00 2.479187e+00
    endloop
  endfacet
  facet normal 9.000203e-01 0.000000e+00 -4.358479e-01
    outer loop
      vertex   -4.141774e+01 4.000000e+00 2.479187e+00
      vertex   -4.141774e+01 1.125000e+01 2.479187e+00
      vertex   -4.132378e+01 1.125000e+01 2.673218e+00
    endloop
  endfacet
  facet normal 9.000203e-01 -2.663686e-17 -4.358479e-01
    outer loop
      vertex   -4.141774e+01 4.000000e+00 2.479187e+00
      vertex   -4.132378e+01 1.125000e+01 2.673218e+00
      vertex   -4.132378e+01 4.000000e+00 2.673218e+00
    endloop
  endfacet
  facet normal 9.298416e-01 -2.253890e-17 -3.679600e-01
    outer loop
      vertex   -4.132378e+01 4.000000e+00 2.673218e+00
      vertex   -4.132378e+01 1.125000e+01 2.673218e+00
      vertex   -4.123180e+01 4.000000e+00 2.905655e+00
    endloop
  endfacet
  facet normal 9.298416e-01 1.126945e-17 -3.679600e-01
    outer loop
      vertex   -4.123180e+01 4.000000e+00 2.905655e+00
      vertex   -4.132378e+01 1.125000e+01 2.673218e+00
      vertex   -4.123180e+01 1.850000e+01 2.905655e+00
    endloop
  endfacet
  facet normal 9.298416e-01 2.297250e-17 -3.679600e-01
    outer loop
      vertex   -4.123180e+01 1.850000e+01 2.905655e+00
      vertex   -4.132378e+01 1.125000e+01 2.673218e+00
      vertex   -4.132378e+01 1.850000e+01 2.673218e+00
    endloop
  endfacet
  facet normal 9.000203e-01 2.669729e-17 -4.358479e-01
    outer loop
      vertex   -4.132378e+01 1.850000e+01 2.673218e+00
      vertex   -4.132378e+01 1.125000e+01 2.673218e+00
      vertex   -4.141774e+01 1.125000e+01 2.479187e+00
    endloop
  endfacet
  facet normal 9.000203e-01 0.000000e+00 -4.358479e-01
    outer loop
      vertex   -4.132378e+01 1.850000e+01 2.673218e+00
      vertex   -4.141774e+01 1.125000e+01 2.479187e+00
      vertex   -4.141774e+01 1.850000e+01 2.479187e+00
    endloop
  endfacet
  facet normal 7.431448e-01 -2.049336e-17 6.691306e-01
    outer loop
      vertex   -4.123180e+01 1.850000e+01 2.905655e+00
      vertex   -4.167175e+01 1.850000e+01 3.394267e+00
      vertex   -4.123180e+01 4.000000e+00 2.905655e+00
    endloop
  endfacet
  facet normal 7.431448e-01 -2.037932e-17 6.691306e-01
    outer loop
      vertex   -4.123180e+01 4.000000e+00 2.905655e+00
      vertex   -4.167175e+01 1.850000e+01 3.394267e+00
      vertex   -4.167175e+01 4.000000e+00 3.394267e+00
    endloop
  endfacet
  facet normal -2.687493e-01 3.223904e-16 9.632102e-01
    outer loop
      vertex   -4.191252e+01 4.000000e+00 3.327086e+00
      vertex   -4.167175e+01 4.000000e+00 3.394267e+00
      vertex   -4.191252e+01 1.125000e+01 3.327086e+00
    endloop
  endfacet
  facet normal -2.687493e-01 -2.967281e-17 9.632102e-01
    outer loop
      vertex   -4.191252e+01 1.125000e+01 3.327086e+00
      vertex   -4.167175e+01 4.000000e+00 3.394267e+00
      vertex   -4.167175e+01 1.850000e+01 3.394267e+00
    endloop
  endfacet
  facet normal -2.687493e-01 -3.223904e-16 9.632102e-01
    outer loop
      vertex   -4.191252e+01 1.125000e+01 3.327086e+00
      vertex   -4.167175e+01 1.850000e+01 3.394267e+00
      vertex   -4.191252e+01 1.850000e+01 3.327086e+00
    endloop
  endfacet
  facet normal -3.393825e-01 -3.902331e-16 9.406484e-01
    outer loop
      vertex   -4.191252e+01 1.850000e+01 3.327086e+00
      vertex   -4.211531e+01 1.850000e+01 3.253920e+00
      vertex   -4.191252e+01 1.125000e+01 3.327086e+00
    endloop
  endfacet
  facet normal -3.393825e-01 0.000000e+00 9.406484e-01
    outer loop
      vertex   -4.191252e+01 1.125000e+01 3.327086e+00
      vertex   -4.211531e+01 1.850000e+01 3.253920e+00
      vertex   -4.211531e+01 1.125000e+01 3.253920e+00
    endloop
  endfacet
  facet normal -3.393825e-01 3.902331e-16 9.406484e-01
    outer loop
      vertex   -4.191252e+01 1.125000e+01 3.327086e+00
      vertex   -4.211531e+01 1.125000e+01 3.253920e+00
      vertex   -4.191252e+01 4.000000e+00 3.327086e+00
    endloop
  endfacet
  facet normal -3.393825e-01 0.000000e+00 9.406484e-01
    outer loop
      vertex   -4.191252e+01 4.000000e+00 3.327086e+00
      vertex   -4.211531e+01 1.125000e+01 3.253920e+00
      vertex   -4.211531e+01 4.000000e+00 3.253920e+00
    endloop
  endfacet
  facet normal -4.086795e-01 0.000000e+00 9.126780e-01
    outer loop
      vertex   -4.211531e+01 4.000000e+00 3.253920e+00
      vertex   -4.211531e+01 1.125000e+01 3.253920e+00
      vertex   -4.228193e+01 1.125000e+01 3.179311e+00
    endloop
  endfacet
  facet normal -4.086795e-01 -3.997439e-16 9.126780e-01
    outer loop
      vertex   -4.211531e+01 4.000000e+00 3.253920e+00
      vertex   -4.228193e+01 1.125000e+01 3.179311e+00
      vertex   -4.228193e+01 4.000000e+00 3.179311e+00
    endloop
  endfacet
  facet normal -4.755919e-01 -4.661081e-16 8.796660e-01
    outer loop
      vertex   -4.228193e+01 4.000000e+00 3.179311e+00
      vertex   -4.228193e+01 1.125000e+01 3.179311e+00
      vertex   -4.241420e+01 4.000000e+00 3.107801e+00
    endloop
  endfacet
  facet normal -4.755919e-01 -2.694139e-17 8.796660e-01
    outer loop
      vertex   -4.241420e+01 4.000000e+00 3.107801e+00
      vertex   -4.228193e+01 1.125000e+01 3.179311e+00
      vertex   -4.241420e+01 1.850000e+01 3.107801e+00
    endloop
  endfacet
  facet normal -4.755919e-01 4.662594e-16 8.796660e-01
    outer loop
      vertex   -4.241420e+01 1.850000e+01 3.107801e+00
      vertex   -4.228193e+01 1.125000e+01 3.179311e+00
      vertex   -4.228193e+01 1.850000e+01 3.179311e+00
    endloop
  endfacet
  facet normal -4.086795e-01 4.005300e-16 9.126780e-01
    outer loop
      vertex   -4.228193e+01 1.850000e+01 3.179311e+00
      vertex   -4.228193e+01 1.125000e+01 3.179311e+00
      vertex   -4.211531e+01 1.125000e+01 3.253920e+00
    endloop
  endfacet
  facet normal -4.086795e-01 0.000000e+00 9.126780e-01
    outer loop
      vertex   -4.228193e+01 1.850000e+01 3.179311e+00
      vertex   -4.211531e+01 1.125000e+01 3.253920e+00
      vertex   -4.211531e+01 1.850000e+01 3.253920e+00
    endloop
  endfacet
  facet normal -5.571513e-01 0.000000e+00 8.304110e-01
    outer loop
      vertex   -4.256242e+01 4.000000e+00 3.008356e+00
      vertex   -4.241420e+01 4.000000e+00 3.107801e+00
      vertex   -4.256242e+01 8.833333e+00 3.008356e+00
    endloop
  endfacet
  facet normal -5.571513e-01 -2.547051e-17 8.304110e-01
    outer loop
      vertex   -4.256242e+01 8.833333e+00 3.008356e+00
      vertex   -4.241420e+01 4.000000e+00 3.107801e+00
      vertex   -4.241420e+01 1.850000e+01 3.107801e+00
    endloop
  endfacet
  facet normal -5.571513e-01 0.000000e+00 8.304110e-01
    outer loop
      vertex   -4.256242e+01 8.833333e+00 3.008356e+00
      vertex   -4.241420e+01 1.850000e+01 3.107801e+00
      vertex   -4.256242e+01 1.366667e+01 3.008356e+00
    endloop
  endfacet
  facet normal -5.571513e-01 0.000000e+00 8.304110e-01
    outer loop
      vertex   -4.256242e+01 1.366667e+01 3.008356e+00
      vertex   -4.241420e+01 1.850000e+01 3.107801e+00
      vertex   -4.256242e+01 1.850000e+01 3.008356e+00
    endloop
  endfacet
  facet normal -6.513576e-01 0.000000e+00 7.587709e-01
    outer loop
      vertex   -4.256242e+01 1.366667e+01 3.008356e+00
      vertex   -4.256242e+01 1.850000e+01 3.008356e+00
      vertex   -4.262916e+01 1.850000e+01 2.951068e+00
    endloop
  endfacet
  facet normal -6.513576e-01 0.000000e+00 7.587709e-01
    outer loop
      vertex   -4.262916e+01 1.850000e+01 2.951068e+00
      vertex   -4.262916e+01 4.000000e+00 2.951068e+00
      vertex   -4.256242e+01 1.366667e+01 3.008356e+00
    endloop
  endfacet
  facet normal -6.513576e-01 0.000000e+00 7.587709e-01
    outer loop
      vertex   -4.256242e+01 1.366667e+01 3.008356e+00
      vertex   -4.262916e+01 4.000000e+00 2.951068e+00
      vertex   -4.256242e+01 8.833333e+00 3.008356e+00
    endloop
  endfacet
  facet normal -6.513576e-01 0.000000e+00 7.587709e-01
    outer loop
      vertex   -4.262916e+01 4.000000e+00 2.951068e+00
      vertex   -4.256242e+01 4.000000e+00 3.008356e+00
      vertex   -4.256242e+01 8.833333e+00 3.008356e+00
    endloop
  endfacet
  facet normal -7.467952e-01 0.000000e+00 6.650540e-01
    outer loop
      vertex   -4.262916e+01 1.850000e+01 2.951068e+00
      vertex   -4.317448e+01 1.850000e+01 2.338716e+00
      vertex   -4.262916e+01 4.000000e+00 2.951068e+00
    endloop
  endfacet
  facet normal -7.467952e-01 1.867552e-17 6.650540e-01
    outer loop
      vertex   -4.262916e+01 4.000000e+00 2.951068e+00
      vertex   -4.317448e+01 1.850000e+01 2.338716e+00
      vertex   -4.317448e+01 4.000000e+00 2.338716e+00
    endloop
  endfacet
  facet normal 6.271917e-01 2.385417e-17 7.788649e-01
    outer loop
      vertex   -4.317448e+01 1.850000e+01 2.338716e+00
      vertex   -4.356083e+01 1.850000e+01 2.649825e+00
      vertex   -4.317448e+01 4.000000e+00 2.338716e+00
    endloop
  endfacet
  facet normal 6.271917e-01 0.000000e+00 7.788649e-01
    outer loop
      vertex   -4.317448e+01 4.000000e+00 2.338716e+00
      vertex   -4.356083e+01 1.850000e+01 2.649825e+00
      vertex   -4.356083e+01 4.000000e+00 2.649825e+00
    endloop
  endfacet
  facet normal 5.469316e-01 -0.000000e+00 8.371773e-01
    outer loop
      vertex   -4.356083e+01 4.000000e+00 2.649825e+00
      vertex   -4.356083e+01 1.850000e+01 2.649825e+00
      vertex   -4.397609e+01 1.850000e+01 2.921122e+00
    endloop
  endfacet
  facet normal 5.469316e-01 2.681978e-16 8.371773e-01
    outer loop
      vertex   -4.356083e+01 4.000000e+00 2.649825e+00
      vertex   -4.397609e+01 1.850000e+01 2.921122e+00
      vertex   -4.397609e+01 4.000000e+00 2.921122e+00
    endloop
  endfacet
  facet normal 8.632764e-01 4.230309e-16 -5.047315e-01
    outer loop
      vertex   -4.397609e+01 1.850000e+01 2.921122e+00
      vertex   -4.356223e+01 1.850000e+01 3.628985e+00
      vertex   -4.397609e+01 4.000000e+00 2.921122e+00
    endloop
  endfacet
  facet normal 8.632764e-01 0.000000e+00 -5.047315e-01
    outer loop
      vertex   -4.397609e+01 4.000000e+00 2.921122e+00
      vertex   -4.356223e+01 1.850000e+01 3.628985e+00
      vertex   -4.356223e+01 4.000000e+00 3.628985e+00
    endloop
  endfacet
  facet normal 9.229146e-01 0.000000e+00 -3.850047e-01
    outer loop
      vertex   -4.352837e+01 4.000000e+00 3.710157e+00
      vertex   -4.356223e+01 4.000000e+00 3.628985e+00
      vertex   -4.352837e+01 8.833333e+00 3.710157e+00
    endloop
  endfacet
  facet normal 9.229146e-01 0.000000e+00 -3.850047e-01
    outer loop
      vertex   -4.352837e+01 8.833333e+00 3.710157e+00
      vertex   -4.356223e+01 4.000000e+00 3.628985e+00
      vertex   -4.356223e+01 1.850000e+01 3.628985e+00
    endloop
  endfacet
  facet normal 9.229146e-01 0.000000e+00 -3.850047e-01
    outer loop
      vertex   -4.352837e+01 8.833333e+00 3.710157e+00
      vertex   -4.356223e+01 1.850000e+01 3.628985e+00
      vertex   -4.352837e+01 1.366667e+01 3.710157e+00
    endloop
  endfacet
  facet normal 9.229146e-01 0.000000e+00 -3.850047e-01
    outer loop
      vertex   -4.352837e+01 1.366667e+01 3.710157e+00
      vertex   -4.356223e+01 1.850000e+01 3.628985e+00
      vertex   -4.352837e+01 1.850000e+01 3.710157e+00
    endloop
  endfacet
  facet normal 9.619370e-01 0.000000e+00 -2.732713e-01
    outer loop
      vertex   -4.352837e+01 1.366667e+01 3.710157e+00
      vertex   -4.352837e+01 1.850000e+01 3.710157e+00
      vertex   -4.347959e+01 1.850000e+01 3.881851e+00
    endloop
  endfacet
  facet normal 9.619370e-01 0.000000e+00 -2.732713e-01
    outer loop
      vertex   -4.347959e+01 1.850000e+01 3.881851e+00
      vertex   -4.347959e+01 4.000000e+00 3.881851e+00
      vertex   -4.352837e+01 1.366667e+01 3.710157e+00
    endloop
  endfacet
  facet normal 9.619370e-01 0.000000e+00 -2.732713e-01
    outer loop
      vertex   -4.352837e+01 1.366667e+01 3.710157e+00
      vertex   -4.347959e+01 4.000000e+00 3.881851e+00
      vertex   -4.352837e+01 8.833333e+00 3.710157e+00
    endloop
  endfacet
  facet normal 9.619370e-01 0.000000e+00 -2.732713e-01
    outer loop
      vertex   -4.347959e+01 4.000000e+00 3.881851e+00
      vertex   -4.352837e+01 4.000000e+00 3.710157e+00
      vertex   -4.352837e+01 8.833333e+00 3.710157e+00
    endloop
  endfacet
  facet normal 9.835781e-01 0.000000e+00 -1.804831e-01
    outer loop
      vertex   -4.345245e+01 4.000000e+00 4.029742e+00
      vertex   -4.347959e+01 4.000000e+00 3.881851e+00
      vertex   -4.345245e+01 1.125000e+01 4.029742e+00
    endloop
  endfacet
  facet normal 9.835781e-01 0.000000e+00 -1.804831e-01
    outer loop
      vertex   -4.345245e+01 1.125000e+01 4.029742e+00
      vertex   -4.347959e+01 4.000000e+00 3.881851e+00
      vertex   -4.347959e+01 1.850000e+01 3.881851e+00
    endloop
  endfacet
  facet normal 9.835781e-01 0.000000e+00 -1.804831e-01
    outer loop
      vertex   -4.345245e+01 1.125000e+01 4.029742e+00
      vertex   -4.347959e+01 1.850000e+01 3.881851e+00
      vertex   -4.345245e+01 1.850000e+01 4.029742e+00
    endloop
  endfacet
  facet normal 9.942972e-01 0.000000e+00 -1.066443e-01
    outer loop
      vertex   -4.345245e+01 1.850000e+01 4.029742e+00
      vertex   -4.343298e+01 1.850000e+01 4.211263e+00
      vertex   -4.345245e+01 1.125000e+01 4.029742e+00
    endloop
  endfacet
  facet normal 9.942972e-01 -9.744578e-16 -1.066443e-01
    outer loop
      vertex   -4.345245e+01 1.125000e+01 4.029742e+00
      vertex   -4.343298e+01 1.850000e+01 4.211263e+00
      vertex   -4.343298e+01 1.125000e+01 4.211263e+00
    endloop
  endfacet
  facet normal 9.942972e-01 0.000000e+00 -1.066443e-01
    outer loop
      vertex   -4.345245e+01 1.125000e+01 4.029742e+00
      vertex   -4.343298e+01 1.125000e+01 4.211263e+00
      vertex   -4.345245e+01 4.000000e+00 4.029742e+00
    endloop
  endfacet
  facet normal 9.942972e-01 9.744578e-16 -1.066443e-01
    outer loop
      vertex   -4.345245e+01 4.000000e+00 4.029742e+00
      vertex   -4.343298e+01 1.125000e+01 4.211263e+00
      vertex   -4.343298e+01 4.000000e+00 4.211263e+00
    endloop
  endfacet
  facet normal 9.994848e-01 9.795540e-16 -3.209561e-02
    outer loop
      vertex   -4.343298e+01 4.000000e+00 4.211263e+00
      vertex   -4.343298e+01 1.125000e+01 4.211263e+00
      vertex   -4.342606e+01 1.125000e+01 4.426738e+00
    endloop
  endfacet
  facet normal 9.994848e-01 4.023275e-18 -3.209561e-02
    outer loop
      vertex   -4.343298e+01 4.000000e+00 4.211263e+00
      vertex   -4.342606e+01 1.125000e+01 4.426738e+00
      vertex   -4.342606e+01 4.000000e+00 4.426738e+00
    endloop
  endfacet
  facet normal 9.991154e-01 -5.151742e-18 4.205251e-02
    outer loop
      vertex   -4.342606e+01 4.000000e+00 4.426738e+00
      vertex   -4.342606e+01 1.125000e+01 4.426738e+00
      vertex   -4.343658e+01 4.000000e+00 4.676491e+00
    endloop
  endfacet
  facet normal 9.991154e-01 -0.000000e+00 4.205251e-02
    outer loop
      vertex   -4.343658e+01 4.000000e+00 4.676491e+00
      vertex   -4.342606e+01 1.125000e+01 4.426738e+00
      vertex   -4.343658e+01 1.850000e+01 4.676491e+00
    endloop
  endfacet
  facet normal 9.991154e-01 5.264532e-18 4.205251e-02
    outer loop
      vertex   -4.343658e+01 1.850000e+01 4.676491e+00
      vertex   -4.342606e+01 1.125000e+01 4.426738e+00
      vertex   -4.342606e+01 1.850000e+01 4.426738e+00
    endloop
  endfacet
  facet normal 9.994848e-01 -3.931949e-18 -3.209561e-02
    outer loop
      vertex   -4.342606e+01 1.850000e+01 4.426738e+00
      vertex   -4.342606e+01 1.125000e+01 4.426738e+00
      vertex   -4.343298e+01 1.125000e+01 4.211263e+00
    endloop
  endfacet
  facet normal 9.994848e-01 -9.795981e-16 -3.209561e-02
    outer loop
      vertex   -4.342606e+01 1.850000e+01 4.426738e+00
      vertex   -4.343298e+01 1.125000e+01 4.211263e+00
      vertex   -4.343298e+01 1.850000e+01 4.211263e+00
    endloop
  endfacet
  facet normal 4.067366e-01 0.000000e+00 9.135455e-01
    outer loop
      vertex   -4.343658e+01 1.850000e+01 4.676491e+00
      vertex   -4.403723e+01 1.850000e+01 4.943917e+00
      vertex   -4.343658e+01 4.000000e+00 4.676491e+00
    endloop
  endfacet
  facet normal 4.067366e-01 0.000000e+00 9.135455e-01
    outer loop
      vertex   -4.343658e+01 4.000000e+00 4.676491e+00
      vertex   -4.403723e+01 1.850000e+01 4.943917e+00
      vertex   -4.403723e+01 4.000000e+00 4.943917e+00
    endloop
  endfacet
  facet normal -6.372876e-01 -7.189868e-16 7.706261e-01
    outer loop
      vertex   -4.422986e+01 4.000000e+00 4.784612e+00
      vertex   -4.403723e+01 4.000000e+00 4.943917e+00
      vertex   -4.422986e+01 1.125000e+01 4.784612e+00
    endloop
  endfacet
  facet normal -6.372876e-01 0.000000e+00 7.706261e-01
    outer loop
      vertex   -4.422986e+01 1.125000e+01 4.784612e+00
      vertex   -4.403723e+01 4.000000e+00 4.943917e+00
      vertex   -4.403723e+01 1.850000e+01 4.943917e+00
    endloop
  endfacet
  facet normal -6.372876e-01 7.189868e-16 7.706261e-01
    outer loop
      vertex   -4.422986e+01 1.125000e+01 4.784612e+00
      vertex   -4.403723e+01 1.850000e+01 4.943917e+00
      vertex   -4.422986e+01 1.850000e+01 4.784612e+00
    endloop
  endfacet
  facet normal -6.926376e-01 7.671885e-16 7.212858e-01
    outer loop
      vertex   -4.422986e+01 1.850000e+01 4.784612e+00
      vertex   -4.438536e+01 1.850000e+01 4.635289e+00
      vertex   -4.422986e+01 1.125000e+01 4.784612e+00
    endloop
  endfacet
  facet normal -6.926376e-01 6.770201e-16 7.212858e-01
    outer loop
      vertex   -4.422986e+01 1.125000e+01 4.784612e+00
      vertex   -4.438536e+01 1.850000e+01 4.635289e+00
      vertex   -4.438536e+01 1.125000e+01 4.635289e+00
    endloop
  endfacet
  facet normal -6.926376e-01 -7.671885e-16 7.212858e-01
    outer loop
      vertex   -4.422986e+01 1.125000e+01 4.784612e+00
      vertex   -4.438536e+01 1.125000e+01 4.635289e+00
      vertex   -4.422986e+01 4.000000e+00 4.784612e+00
    endloop
  endfacet
  facet normal -6.926376e-01 -6.770201e-16 7.212858e-01
    outer loop
      vertex   -4.422986e+01 4.000000e+00 4.784612e+00
      vertex   -4.438536e+01 1.125000e+01 4.635289e+00
      vertex   -4.438536e+01 4.000000e+00 4.635289e+00
    endloop
  endfacet
  facet normal -7.445669e-01 -7.297194e-16 6.675479e-01
    outer loop
      vertex   -4.438536e+01 4.000000e+00 4.635289e+00
      vertex   -4.438536e+01 1.125000e+01 4.635289e+00
      vertex   -4.450723e+01 1.125000e+01 4.499359e+00
    endloop
  endfacet
  facet normal -7.445669e-01 0.000000e+00 6.675479e-01
    outer loop
      vertex   -4.438536e+01 4.000000e+00 4.635289e+00
      vertex   -4.450723e+01 1.125000e+01 4.499359e+00
      vertex   -4.450723e+01 4.000000e+00 4.499359e+00
    endloop
  endfacet
  facet normal -7.922673e-01 0.000000e+00 6.101742e-01
    outer loop
      vertex   -4.450723e+01 4.000000e+00 4.499359e+00
      vertex   -4.450723e+01 1.125000e+01 4.499359e+00
      vertex   -4.459898e+01 4.000000e+00 4.380234e+00
    endloop
  endfacet
  facet normal -7.922673e-01 0.000000e+00 6.101742e-01
    outer loop
      vertex   -4.459898e+01 4.000000e+00 4.380234e+00
      vertex   -4.450723e+01 1.125000e+01 4.499359e+00
      vertex   -4.459898e+01 1.850000e+01 4.380234e+00
    endloop
  endfacet
  facet normal -7.922673e-01 0.000000e+00 6.101742e-01
    outer loop
      vertex   -4.459898e+01 1.850000e+01 4.380234e+00
      vertex   -4.450723e+01 1.125000e+01 4.499359e+00
      vertex   -4.450723e+01 1.850000e+01 4.499359e+00
    endloop
  endfacet
  facet normal -7.445669e-01 0.000000e+00 6.675479e-01
    outer loop
      vertex   -4.450723e+01 1.850000e+01 4.499359e+00
      vertex   -4.450723e+01 1.125000e+01 4.499359e+00
      vertex   -4.438536e+01 1.125000e+01 4.635289e+00
    endloop
  endfacet
  facet normal -7.445669e-01 7.287136e-16 6.675479e-01
    outer loop
      vertex   -4.450723e+01 1.850000e+01 4.499359e+00
      vertex   -4.438536e+01 1.125000e+01 4.635289e+00
      vertex   -4.438536e+01 1.850000e+01 4.635289e+00
    endloop
  endfacet
  facet normal -8.467416e-01 1.244785e-15 5.320043e-01
    outer loop
      vertex   -4.469393e+01 4.000000e+00 4.229101e+00
      vertex   -4.459898e+01 4.000000e+00 4.380234e+00
      vertex   -4.469393e+01 8.833333e+00 4.229101e+00
    endloop
  endfacet
  facet normal -8.467416e-01 0.000000e+00 5.320043e-01
    outer loop
      vertex   -4.469393e+01 8.833333e+00 4.229101e+00
      vertex   -4.459898e+01 4.000000e+00 4.380234e+00
      vertex   -4.459898e+01 1.850000e+01 4.380234e+00
    endloop
  endfacet
  facet normal -8.467416e-01 0.000000e+00 5.320043e-01
    outer loop
      vertex   -4.469393e+01 8.833333e+00 4.229101e+00
      vertex   -4.459898e+01 1.850000e+01 4.380234e+00
      vertex   -4.469393e+01 1.366667e+01 4.229101e+00
    endloop
  endfacet
  facet normal -8.467416e-01 -1.244785e-15 5.320043e-01
    outer loop
      vertex   -4.469393e+01 1.366667e+01 4.229101e+00
      vertex   -4.459898e+01 1.850000e+01 4.380234e+00
      vertex   -4.469393e+01 1.850000e+01 4.229101e+00
    endloop
  endfacet
  facet normal -9.036647e-01 -1.328467e-15 4.282407e-01
    outer loop
      vertex   -4.469393e+01 1.366667e+01 4.229101e+00
      vertex   -4.469393e+01 1.850000e+01 4.229101e+00
      vertex   -4.473160e+01 1.850000e+01 4.149621e+00
    endloop
  endfacet
  facet normal -9.036647e-01 -2.623132e-17 4.282407e-01
    outer loop
      vertex   -4.473160e+01 1.850000e+01 4.149621e+00
      vertex   -4.473160e+01 4.000000e+00 4.149621e+00
      vertex   -4.469393e+01 1.366667e+01 4.229101e+00
    endloop
  endfacet
  facet normal -9.036647e-01 0.000000e+00 4.282407e-01
    outer loop
      vertex   -4.469393e+01 1.366667e+01 4.229101e+00
      vertex   -4.473160e+01 4.000000e+00 4.149621e+00
      vertex   -4.469393e+01 8.833333e+00 4.229101e+00
    endloop
  endfacet
  facet normal -9.036647e-01 1.328271e-15 4.282407e-01
    outer loop
      vertex   -4.473160e+01 4.000000e+00 4.149621e+00
      vertex   -4.469393e+01 4.000000e+00 4.229101e+00
      vertex   -4.469393e+01 8.833333e+00 4.229101e+00
    endloop
  endfacet
  facet normal -9.527332e-01 -1.860936e-17 3.038081e-01
    outer loop
      vertex   -4.473160e+01 1.850000e+01 4.149621e+00
      vertex   -4.498071e+01 1.850000e+01 3.368406e+00
      vertex   -4.473160e+01 4.000000e+00 4.149621e+00
    endloop
  endfacet
  facet normal -9.527332e-01 0.000000e+00 3.038081e-01
    outer loop
      vertex   -4.473160e+01 4.000000e+00 4.149621e+00
      vertex   -4.498071e+01 1.850000e+01 3.368406e+00
      vertex   -4.498071e+01 4.000000e+00 3.368406e+00
    endloop
  endfacet
  facet normal 2.561752e-01 0.000000e+00 9.666304e-01
    outer loop
      vertex   -4.498071e+01 1.850000e+01 3.368406e+00
      vertex   -4.546019e+01 1.850000e+01 3.495478e+00
      vertex   -4.498071e+01 4.000000e+00 3.368406e+00
    endloop
  endfacet
  facet normal 2.561752e-01 0.000000e+00 9.666304e-01
    outer loop
      vertex   -4.498071e+01 4.000000e+00 3.368406e+00
      vertex   -4.546019e+01 1.850000e+01 3.495478e+00
      vertex   -4.546019e+01 4.000000e+00 3.495478e+00
    endloop
  endfacet
  facet normal 1.591363e-01 -0.000000e+00 9.872566e-01
    outer loop
      vertex   -4.546019e+01 4.000000e+00 3.495478e+00
      vertex   -4.546019e+01 1.850000e+01 3.495478e+00
      vertex   -4.594991e+01 1.850000e+01 3.574415e+00
    endloop
  endfacet
  facet normal 1.591363e-01 -2.990694e-17 9.872566e-01
    outer loop
      vertex   -4.546019e+01 4.000000e+00 3.495478e+00
      vertex   -4.594991e+01 1.850000e+01 3.574415e+00
      vertex   -4.594991e+01 4.000000e+00 3.574415e+00
    endloop
  endfacet
  facet normal 9.939350e-01 3.368004e-18 -1.099690e-01
    outer loop
      vertex   -4.594991e+01 1.850000e+01 3.574415e+00
      vertex   -4.585973e+01 1.850000e+01 4.389414e+00
      vertex   -4.594991e+01 4.000000e+00 3.574415e+00
    endloop
  endfacet
  facet normal 9.939350e-01 0.000000e+00 -1.099690e-01
    outer loop
      vertex   -4.594991e+01 4.000000e+00 3.574415e+00
      vertex   -4.585973e+01 1.850000e+01 4.389414e+00
      vertex   -4.585973e+01 4.000000e+00 4.389414e+00
    endloop
  endfacet
  facet normal 9.997200e-01 -0.000000e+00 2.366385e-02
    outer loop
      vertex   -4.586182e+01 4.000000e+00 4.477342e+00
      vertex   -4.585973e+01 4.000000e+00 4.389414e+00
      vertex   -4.586182e+01 8.833333e+00 4.477342e+00
    endloop
  endfacet
  facet normal 9.997200e-01 0.000000e+00 2.366385e-02
    outer loop
      vertex   -4.586182e+01 8.833333e+00 4.477342e+00
      vertex   -4.585973e+01 4.000000e+00 4.389414e+00
      vertex   -4.585973e+01 1.850000e+01 4.389414e+00
    endloop
  endfacet
  facet normal 9.997200e-01 -0.000000e+00 2.366385e-02
    outer loop
      vertex   -4.586182e+01 8.833333e+00 4.477342e+00
      vertex   -4.585973e+01 1.850000e+01 4.389414e+00
      vertex   -4.586182e+01 1.366667e+01 4.477342e+00
    endloop
  endfacet
  facet normal 9.997200e-01 -0.000000e+00 2.366385e-02
    outer loop
      vertex   -4.586182e+01 1.366667e+01 4.477342e+00
      vertex   -4.585973e+01 1.850000e+01 4.389414e+00
      vertex   -4.586182e+01 1.850000e+01 4.477342e+00
    endloop
  endfacet
  facet normal 9.899226e-01 -0.000000e+00 1.416093e-01
    outer loop
      vertex   -4.586182e+01 1.366667e+01 4.477342e+00
      vertex   -4.586182e+01 1.850000e+01 4.477342e+00
      vertex   -4.588709e+01 1.850000e+01 4.654031e+00
    endloop
  endfacet
  facet normal 9.899226e-01 0.000000e+00 1.416093e-01
    outer loop
      vertex   -4.588709e+01 1.850000e+01 4.654031e+00
      vertex   -4.588709e+01 4.000000e+00 4.654031e+00
      vertex   -4.586182e+01 1.366667e+01 4.477342e+00
    endloop
  endfacet
  facet normal 9.899226e-01 0.000000e+00 1.416093e-01
    outer loop
      vertex   -4.586182e+01 1.366667e+01 4.477342e+00
      vertex   -4.588709e+01 4.000000e+00 4.654031e+00
      vertex   -4.586182e+01 8.833333e+00 4.477342e+00
    endloop
  endfacet
  facet normal 9.899226e-01 0.000000e+00 1.416093e-01
    outer loop
      vertex   -4.588709e+01 4.000000e+00 4.654031e+00
      vertex   -4.586182e+01 4.000000e+00 4.477342e+00
      vertex   -4.586182e+01 8.833333e+00 4.477342e+00
    endloop
  endfacet
  facet normal 9.719524e-01 -0.000000e+00 2.351778e-01
    outer loop
      vertex   -4.592245e+01 4.000000e+00 4.800174e+00
      vertex   -4.588709e+01 4.000000e+00 4.654031e+00
      vertex   -4.592245e+01 1.125000e+01 4.800174e+00
    endloop
  endfacet
  facet normal 9.719524e-01 0.000000e+00 2.351778e-01
    outer loop
      vertex   -4.592245e+01 1.125000e+01 4.800174e+00
      vertex   -4.588709e+01 4.000000e+00 4.654031e+00
      vertex   -4.588709e+01 1.850000e+01 4.654031e+00
    endloop
  endfacet
  facet normal 9.719524e-01 -0.000000e+00 2.351778e-01
    outer loop
      vertex   -4.592245e+01 1.125000e+01 4.800174e+00
      vertex   -4.588709e+01 1.850000e+01 4.654031e+00
      vertex   -4.592245e+01 1.850000e+01 4.800174e+00
    endloop
  endfacet
  facet normal 9.517119e-01 0.000000e+00 3.069927e-01
    outer loop
      vertex   -4.592245e+01 1.850000e+01 4.800174e+00
      vertex   -4.597850e+01 1.850000e+01 4.973920e+00
      vertex   -4.592245e+01 1.125000e+01 4.800174e+00
    endloop
  endfacet
  facet normal 9.517119e-01 0.000000e+00 3.069927e-01
    outer loop
      vertex   -4.592245e+01 1.125000e+01 4.800174e+00
      vertex   -4.597850e+01 1.850000e+01 4.973920e+00
      vertex   -4.597850e+01 1.125000e+01 4.973920e+00
    endloop
  endfacet
  facet normal 9.517119e-01 0.000000e+00 3.069927e-01
    outer loop
      vertex   -4.592245e+01 1.125000e+01 4.800174e+00
      vertex   -4.597850e+01 1.125000e+01 4.973920e+00
      vertex   -4.592245e+01 4.000000e+00 4.800174e+00
    endloop
  endfacet
  facet normal 9.517119e-01 0.000000e+00 3.069927e-01
    outer loop
      vertex   -4.592245e+01 4.000000e+00 4.800174e+00
      vertex   -4.597850e+01 1.125000e+01 4.973920e+00
      vertex   -4.597850e+01 4.000000e+00 4.973920e+00
    endloop
  endfacet
  facet normal 9.261293e-01 -0.000000e+00 3.772063e-01
    outer loop
      vertex   -4.597850e+01 4.000000e+00 4.973920e+00
      vertex   -4.597850e+01 1.125000e+01 4.973920e+00
      vertex   -4.605982e+01 1.125000e+01 5.173581e+00
    endloop
  endfacet
  facet normal 9.261293e-01 -9.078729e-16 3.772063e-01
    outer loop
      vertex   -4.597850e+01 4.000000e+00 4.973920e+00
      vertex   -4.605982e+01 1.125000e+01 5.173581e+00
      vertex   -4.605982e+01 4.000000e+00 5.173581e+00
    endloop
  endfacet
  facet normal 8.956330e-01 -8.777732e-16 4.447937e-01
    outer loop
      vertex   -4.605982e+01 4.000000e+00 5.173581e+00
      vertex   -4.605982e+01 1.125000e+01 5.173581e+00
      vertex   -4.617101e+01 4.000000e+00 5.397466e+00
    endloop
  endfacet
  facet normal 8.956330e-01 5.449051e-17 4.447937e-01
    outer loop
      vertex   -4.617101e+01 4.000000e+00 5.397466e+00
      vertex   -4.605982e+01 1.125000e+01 5.173581e+00
      vertex   -4.617101e+01 1.850000e+01 5.397466e+00
    endloop
  endfacet
  facet normal 8.956330e-01 8.767838e-16 4.447937e-01
    outer loop
      vertex   -4.617101e+01 1.850000e+01 5.397466e+00
      vertex   -4.605982e+01 1.125000e+01 5.173581e+00
      vertex   -4.605982e+01 1.850000e+01 5.173581e+00
    endloop
  endfacet
  facet normal 9.261293e-01 9.076613e-16 3.772063e-01
    outer loop
      vertex   -4.605982e+01 1.850000e+01 5.173581e+00
      vertex   -4.605982e+01 1.125000e+01 5.173581e+00
      vertex   -4.597850e+01 1.125000e+01 4.973920e+00
    endloop
  endfacet
  facet normal 9.261293e-01 0.000000e+00 3.772063e-01
    outer loop
      vertex   -4.605982e+01 1.850000e+01 5.173581e+00
      vertex   -4.597850e+01 1.125000e+01 4.973920e+00
      vertex   -4.597850e+01 1.850000e+01 4.973920e+00
    endloop
  endfacet
  facet normal -2.673483e-11 1.225074e-16 1.000000e+00
    outer loop
      vertex   -4.617101e+01 1.850000e+01 5.397466e+00
      vertex   -4.682850e+01 1.850000e+01 5.397466e+00
      vertex   -4.617101e+01 4.000000e+00 5.397466e+00
    endloop
  endfacet
  facet normal -2.673753e-11 0.000000e+00 1.000000e+00
    outer loop
      vertex   -4.617101e+01 4.000000e+00 5.397466e+00
      vertex   -4.682850e+01 1.850000e+01 5.397466e+00
      vertex   -4.682850e+01 4.000000e+00 5.397466e+00
    endloop
  endfacet
  facet normal -8.956330e-01 -5.449051e-17 4.447937e-01
    outer loop
      vertex   -4.693968e+01 4.000000e+00 5.173581e+00
      vertex   -4.682850e+01 4.000000e+00 5.397466e+00
      vertex   -4.693968e+01 1.125000e+01 5.173581e+00
    endloop
  endfacet
  facet normal -8.956330e-01 0.000000e+00 4.447937e-01
    outer loop
      vertex   -4.693968e+01 1.125000e+01 5.173581e+00
      vertex   -4.682850e+01 4.000000e+00 5.397466e+00
      vertex   -4.682850e+01 1.850000e+01 5.397466e+00
    endloop
  endfacet
  facet normal -8.956330e-01 5.449051e-17 4.447937e-01
    outer loop
      vertex   -4.693968e+01 1.125000e+01 5.173581e+00
      vertex   -4.682850e+01 1.850000e+01 5.397466e+00
      vertex   -4.693968e+01 1.850000e+01 5.173581e+00
    endloop
  endfacet
  facet normal -9.261293e-01 4.621055e-17 3.772063e-01
    outer loop
      vertex   -4.693968e+01 1.850000e+01 5.173581e+00
      vertex   -4.702100e+01 1.850000e+01 4.973920e+00
      vertex   -4.693968e+01 1.125000e+01 5.173581e+00
    endloop
  endfacet
  facet normal -9.261293e-01 0.000000e+00 3.772063e-01
    outer loop
      vertex   -4.693968e+01 1.125000e+01 5.173581e+00
      vertex   -4.702100e+01 1.850000e+01 4.973920e+00
      vertex   -4.702100e+01 1.125000e+01 4.973920e+00
    endloop
  endfacet
  facet normal -9.261293e-01 -4.621055e-17 3.772063e-01
    outer loop
      vertex   -4.693968e+01 1.125000e+01 5.173581e+00
      vertex   -4.702100e+01 1.125000e+01 4.973920e+00
      vertex   -4.693968e+01 4.000000e+00 5.173581e+00
    endloop
  endfacet
  facet normal -9.261293e-01 0.000000e+00 3.772063e-01
    outer loop
      vertex   -4.693968e+01 4.000000e+00 5.173581e+00
      vertex   -4.702100e+01 1.125000e+01 4.973920e+00
      vertex   -4.702100e+01 4.000000e+00 4.973920e+00
    endloop
  endfacet
  facet normal -9.517119e-01 0.000000e+00 3.069927e-01
    outer loop
      vertex   -4.702100e+01 4.000000e+00 4.973920e+00
      vertex   -4.702100e+01 1.125000e+01 4.973920e+00
      vertex   -4.707705e+01 1.125000e+01 4.800174e+00
    endloop
  endfacet
  facet normal -9.517119e-01 -1.865035e-15 3.069927e-01
    outer loop
      vertex   -4.702100e+01 4.000000e+00 4.973920e+00
      vertex   -4.707705e+01 1.125000e+01 4.800174e+00
      vertex   -4.707705e+01 4.000000e+00 4.800174e+00
    endloop
  endfacet
  facet normal -9.719524e-01 -1.905141e-15 2.351778e-01
    outer loop
      vertex   -4.707705e+01 4.000000e+00 4.800174e+00
      vertex   -4.707705e+01 1.125000e+01 4.800174e+00
      vertex   -4.711241e+01 4.000000e+00 4.654031e+00
    endloop
  endfacet
  facet normal -9.719524e-01 1.440551e-17 2.351778e-01
    outer loop
      vertex   -4.711241e+01 4.000000e+00 4.654031e+00
      vertex   -4.707705e+01 1.125000e+01 4.800174e+00
      vertex   -4.711241e+01 1.850000e+01 4.654031e+00
    endloop
  endfacet
  facet normal -9.719524e-01 1.905617e-15 2.351778e-01
    outer loop
      vertex   -4.711241e+01 1.850000e+01 4.654031e+00
      vertex   -4.707705e+01 1.125000e+01 4.800174e+00
      vertex   -4.707705e+01 1.850000e+01 4.800174e+00
    endloop
  endfacet
  facet normal -9.517119e-01 1.865467e-15 3.069927e-01
    outer loop
      vertex   -4.707705e+01 1.850000e+01 4.800174e+00
      vertex   -4.707705e+01 1.125000e+01 4.800174e+00
      vertex   -4.702100e+01 1.125000e+01 4.973920e+00
    endloop
  endfacet
  facet normal -9.517119e-01 0.000000e+00 3.069927e-01
    outer loop
      vertex   -4.707705e+01 1.850000e+01 4.800174e+00
      vertex   -4.702100e+01 1.125000e+01 4.973920e+00
      vertex   -4.702100e+01 1.850000e+01 4.973920e+00
    endloop
  endfacet
  facet normal -9.899226e-01 1.455274e-15 1.416093e-01
    outer loop
      vertex   -4.713769e+01 4.000000e+00 4.477342e+00
      vertex   -4.711241e+01 4.000000e+00 4.654031e+00
      vertex   -4.713769e+01 8.833333e+00 4.477342e+00
    endloop
  endfacet
  facet normal -9.899226e-01 8.713594e-18 1.416093e-01
    outer loop
      vertex   -4.713769e+01 8.833333e+00 4.477342e+00
      vertex   -4.711241e+01 4.000000e+00 4.654031e+00
      vertex   -4.711241e+01 1.850000e+01 4.654031e+00
    endloop
  endfacet
  facet normal -9.899226e-01 0.000000e+00 1.416093e-01
    outer loop
      vertex   -4.713769e+01 8.833333e+00 4.477342e+00
      vertex   -4.711241e+01 1.850000e+01 4.654031e+00
      vertex   -4.713769e+01 1.366667e+01 4.477342e+00
    endloop
  endfacet
  facet normal -9.899226e-01 -1.455274e-15 1.416093e-01
    outer loop
      vertex   -4.713769e+01 1.366667e+01 4.477342e+00
      vertex   -4.711241e+01 1.850000e+01 4.654031e+00
      vertex   -4.713769e+01 1.850000e+01 4.477342e+00
    endloop
  endfacet
  facet normal -9.997200e-01 -1.469677e-15 2.366385e-02
    outer loop
      vertex   -4.713769e+01 1.366667e+01 4.477342e+00
      vertex   -4.713769e+01 1.850000e+01 4.477342e+00
      vertex   -4.713977e+01 1.850000e+01 4.389414e+00
    endloop
  endfacet
  facet normal -9.997200e-01 -1.449498e-18 2.366385e-02
    outer loop
      vertex   -4.713977e+01 1.850000e+01 4.389414e+00
      vertex   -4.713977e+01 4.000000e+00 4.389414e+00
      vertex   -4.713769e+01 1.366667e+01 4.477342e+00
    endloop
  endfacet
  facet normal -9.997200e-01 0.000000e+00 2.366385e-02
    outer loop
      vertex   -4.713769e+01 1.366667e+01 4.477342e+00
      vertex   -4.713977e+01 4.000000e+00 4.389414e+00
      vertex   -4.713769e+01 8.833333e+00 4.477342e+00
    endloop
  endfacet
  facet normal -9.997200e-01 1.469629e-15 2.366385e-02
    outer loop
      vertex   -4.713977e+01 4.000000e+00 4.389414e+00
      vertex   -4.713769e+01 4.000000e+00 4.477342e+00
      vertex   -4.713769e+01 8.833333e+00 4.477342e+00
    endloop
  endfacet
  facet normal -9.939350e-01 6.736008e-18 -1.099690e-01
    outer loop
      vertex   -4.713977e+01 1.850000e+01 4.389414e+00
      vertex   -4.704960e+01 1.850000e+01 3.574415e+00
      vertex   -4.713977e+01 4.000000e+00 4.389414e+00
    endloop
  endfacet
  facet normal -9.939350e-01 0.000000e+00 -1.099690e-01
    outer loop
      vertex   -4.713977e+01 4.000000e+00 4.389414e+00
      vertex   -4.704960e+01 1.850000e+01 3.574415e+00
      vertex   -4.704960e+01 4.000000e+00 3.574415e+00
    endloop
  endfacet
  facet normal -1.591363e-01 0.000000e+00 9.872566e-01
    outer loop
      vertex   -4.704960e+01 1.850000e+01 3.574415e+00
      vertex   -4.753931e+01 1.850000e+01 3.495478e+00
      vertex   -4.704960e+01 4.000000e+00 3.574415e+00
    endloop
  endfacet
  facet normal -1.591363e-01 0.000000e+00 9.872566e-01
    outer loop
      vertex   -4.704960e+01 4.000000e+00 3.574415e+00
      vertex   -4.753931e+01 1.850000e+01 3.495478e+00
      vertex   -4.753931e+01 4.000000e+00 3.495478e+00
    endloop
  endfacet
  facet normal -2.561752e-01 0.000000e+00 9.666304e-01
    outer loop
      vertex   -4.753931e+01 4.000000e+00 3.495478e+00
      vertex   -4.753931e+01 1.850000e+01 3.495478e+00
      vertex   -4.801879e+01 1.850000e+01 3.368406e+00
    endloop
  endfacet
  facet normal -2.561752e-01 5.981389e-17 9.666304e-01
    outer loop
      vertex   -4.753931e+01 4.000000e+00 3.495478e+00
      vertex   -4.801879e+01 1.850000e+01 3.368406e+00
      vertex   -4.801879e+01 4.000000e+00 3.368406e+00
    endloop
  endfacet
  facet normal 9.527332e-01 1.860936e-17 3.038081e-01
    outer loop
      vertex   -4.801879e+01 1.850000e+01 3.368406e+00
      vertex   -4.826791e+01 1.850000e+01 4.149621e+00
      vertex   -4.801879e+01 4.000000e+00 3.368406e+00
    endloop
  endfacet
  facet normal 9.527332e-01 0.000000e+00 3.038081e-01
    outer loop
      vertex   -4.801879e+01 4.000000e+00 3.368406e+00
      vertex   -4.826791e+01 1.850000e+01 4.149621e+00
      vertex   -4.826791e+01 4.000000e+00 4.149621e+00
    endloop
  endfacet
  facet normal 9.036647e-01 -0.000000e+00 4.282407e-01
    outer loop
      vertex   -4.830557e+01 4.000000e+00 4.229101e+00
      vertex   -4.826791e+01 4.000000e+00 4.149621e+00
      vertex   -4.830557e+01 8.833333e+00 4.229101e+00
    endloop
  endfacet
  facet normal 9.036647e-01 0.000000e+00 4.282407e-01
    outer loop
      vertex   -4.830557e+01 8.833333e+00 4.229101e+00
      vertex   -4.826791e+01 4.000000e+00 4.149621e+00
      vertex   -4.826791e+01 1.850000e+01 4.149621e+00
    endloop
  endfacet
  facet normal 9.036647e-01 -0.000000e+00 4.282407e-01
    outer loop
      vertex   -4.830557e+01 8.833333e+00 4.229101e+00
      vertex   -4.826791e+01 1.850000e+01 4.149621e+00
      vertex   -4.830557e+01 1.366667e+01 4.229101e+00
    endloop
  endfacet
  facet normal 9.036647e-01 -0.000000e+00 4.282407e-01
    outer loop
      vertex   -4.830557e+01 1.366667e+01 4.229101e+00
      vertex   -4.826791e+01 1.850000e+01 4.149621e+00
      vertex   -4.830557e+01 1.850000e+01 4.229101e+00
    endloop
  endfacet
  facet normal 8.467416e-01 -0.000000e+00 5.320043e-01
    outer loop
      vertex   -4.830557e+01 1.366667e+01 4.229101e+00
      vertex   -4.830557e+01 1.850000e+01 4.229101e+00
      vertex   -4.840053e+01 1.850000e+01 4.380234e+00
    endloop
  endfacet
  facet normal 8.467416e-01 0.000000e+00 5.320043e-01
    outer loop
      vertex   -4.840053e+01 1.850000e+01 4.380234e+00
      vertex   -4.840053e+01 4.000000e+00 4.380234e+00
      vertex   -4.830557e+01 1.366667e+01 4.229101e+00
    endloop
  endfacet
  facet normal 8.467416e-01 0.000000e+00 5.320043e-01
    outer loop
      vertex   -4.830557e+01 1.366667e+01 4.229101e+00
      vertex   -4.840053e+01 4.000000e+00 4.380234e+00
      vertex   -4.830557e+01 8.833333e+00 4.229101e+00
    endloop
  endfacet
  facet normal 8.467416e-01 0.000000e+00 5.320043e-01
    outer loop
      vertex   -4.840053e+01 4.000000e+00 4.380234e+00
      vertex   -4.830557e+01 4.000000e+00 4.229101e+00
      vertex   -4.830557e+01 8.833333e+00 4.229101e+00
    endloop
  endfacet
  facet normal 7.922673e-01 -7.475084e-17 6.101742e-01
    outer loop
      vertex   -4.849227e+01 4.000000e+00 4.499359e+00
      vertex   -4.840053e+01 4.000000e+00 4.380234e+00
      vertex   -4.849227e+01 1.125000e+01 4.499359e+00
    endloop
  endfacet
  facet normal 7.922673e-01 0.000000e+00 6.101742e-01
    outer loop
      vertex   -4.849227e+01 1.125000e+01 4.499359e+00
      vertex   -4.840053e+01 4.000000e+00 4.380234e+00
      vertex   -4.840053e+01 1.850000e+01 4.380234e+00
    endloop
  endfacet
  facet normal 7.922673e-01 7.475084e-17 6.101742e-01
    outer loop
      vertex   -4.849227e+01 1.125000e+01 4.499359e+00
      vertex   -4.840053e+01 1.850000e+01 4.380234e+00
      vertex   -4.849227e+01 1.850000e+01 4.499359e+00
    endloop
  endfacet
  facet normal 7.445669e-01 8.177954e-17 6.675479e-01
    outer loop
      vertex   -4.849227e+01 1.850000e+01 4.499359e+00
      vertex   -4.861414e+01 1.850000e+01 4.635289e+00
      vertex   -4.849227e+01 1.125000e+01 4.499359e+00
    endloop
  endfacet
  facet normal 7.445669e-01 0.000000e+00 6.675479e-01
    outer loop
      vertex   -4.849227e+01 1.125000e+01 4.499359e+00
      vertex   -4.861414e+01 1.850000e+01 4.635289e+00
      vertex   -4.861414e+01 1.125000e+01 4.635289e+00
    endloop
  endfacet
  facet normal 7.445669e-01 -8.177954e-17 6.675479e-01
    outer loop
      vertex   -4.849227e+01 1.125000e+01 4.499359e+00
      vertex   -4.861414e+01 1.125000e+01 4.635289e+00
      vertex   -4.849227e+01 4.000000e+00 4.499359e+00
    endloop
  endfacet
  facet normal 7.445669e-01 0.000000e+00 6.675479e-01
    outer loop
      vertex   -4.849227e+01 4.000000e+00 4.499359e+00
      vertex   -4.861414e+01 1.125000e+01 4.635289e+00
      vertex   -4.861414e+01 4.000000e+00 4.635289e+00
    endloop
  endfacet
  facet normal 6.926376e-01 -0.000000e+00 7.212858e-01
    outer loop
      vertex   -4.861414e+01 4.000000e+00 4.635289e+00
      vertex   -4.861414e+01 1.125000e+01 4.635289e+00
      vertex   -4.876964e+01 1.125000e+01 4.784612e+00
    endloop
  endfacet
  facet normal 6.926376e-01 0.000000e+00 7.212858e-01
    outer loop
      vertex   -4.861414e+01 4.000000e+00 4.635289e+00
      vertex   -4.876964e+01 1.125000e+01 4.784612e+00
      vertex   -4.876964e+01 4.000000e+00 4.784612e+00
    endloop
  endfacet
  facet normal 6.372876e-01 -0.000000e+00 7.706261e-01
    outer loop
      vertex   -4.876964e+01 4.000000e+00 4.784612e+00
      vertex   -4.876964e+01 1.125000e+01 4.784612e+00
      vertex   -4.896228e+01 4.000000e+00 4.943917e+00
    endloop
  endfacet
  facet normal 6.372876e-01 -0.000000e+00 7.706261e-01
    outer loop
      vertex   -4.896228e+01 4.000000e+00 4.943917e+00
      vertex   -4.876964e+01 1.125000e+01 4.784612e+00
      vertex   -4.896228e+01 1.850000e+01 4.943917e+00
    endloop
  endfacet
  facet normal 6.372876e-01 0.000000e+00 7.706261e-01
    outer loop
      vertex   -4.896228e+01 1.850000e+01 4.943917e+00
      vertex   -4.876964e+01 1.125000e+01 4.784612e+00
      vertex   -4.876964e+01 1.850000e+01 4.784612e+00
    endloop
  endfacet
  facet normal 6.926376e-01 0.000000e+00 7.212858e-01
    outer loop
      vertex   -4.876964e+01 1.850000e+01 4.784612e+00
      vertex   -4.876964e+01 1.125000e+01 4.784612e+00
      vertex   -4.861414e+01 1.125000e+01 4.635289e+00
    endloop
  endfacet
  facet normal 6.926376e-01 0.000000e+00 7.212858e-01
    outer loop
      vertex   -4.876964e+01 1.850000e+01 4.784612e+00
      vertex   -4.861414e+01 1.125000e+01 4.635289e+00
      vertex   -4.861414e+01 1.850000e+01 4.635289e+00
    endloop
  endfacet
  facet normal -4.067366e-01 0.000000e+00 9.135455e-01
    outer loop
      vertex   -4.896228e+01 1.850000e+01 4.943917e+00
      vertex   -4.956293e+01 1.850000e+01 4.676491e+00
      vertex   -4.896228e+01 4.000000e+00 4.943917e+00
    endloop
  endfacet
  facet normal -4.067366e-01 -5.531531e-17 9.135455e-01
    outer loop
      vertex   -4.896228e+01 4.000000e+00 4.943917e+00
      vertex   -4.956293e+01 1.850000e+01 4.676491e+00
      vertex   -4.956293e+01 4.000000e+00 4.676491e+00
    endloop
  endfacet
  facet normal -9.991154e-01 0.000000e+00 4.205251e-02
    outer loop
      vertex   -4.957344e+01 4.000000e+00 4.426738e+00
      vertex   -4.956293e+01 4.000000e+00 4.676491e+00
      vertex   -4.957344e+01 1.125000e+01 4.426738e+00
    endloop
  endfacet
  facet normal -9.991154e-01 -2.632266e-18 4.205251e-02
    outer loop
      vertex   -4.957344e+01 1.125000e+01 4.426738e+00
      vertex   -4.956293e+01 4.000000e+00 4.676491e+00
      vertex   -4.956293e+01 1.850000e+01 4.676491e+00
    endloop
  endfacet
  facet normal -9.991154e-01 0.000000e+00 4.205251e-02
    outer loop
      vertex   -4.957344e+01 1.125000e+01 4.426738e+00
      vertex   -4.956293e+01 1.850000e+01 4.676491e+00
      vertex   -4.957344e+01 1.850000e+01 4.426738e+00
    endloop
  endfacet
  facet normal -9.994848e-01 -0.000000e+00 -3.209561e-02
    outer loop
      vertex   -4.957344e+01 1.850000e+01 4.426738e+00
      vertex   -4.956652e+01 1.850000e+01 4.211263e+00
      vertex   -4.957344e+01 1.125000e+01 4.426738e+00
    endloop
  endfacet
  facet normal -9.994848e-01 0.000000e+00 -3.209561e-02
    outer loop
      vertex   -4.957344e+01 1.125000e+01 4.426738e+00
      vertex   -4.956652e+01 1.850000e+01 4.211263e+00
      vertex   -4.956652e+01 1.125000e+01 4.211263e+00
    endloop
  endfacet
  facet normal -9.994848e-01 -0.000000e+00 -3.209561e-02
    outer loop
      vertex   -4.957344e+01 1.125000e+01 4.426738e+00
      vertex   -4.956652e+01 1.125000e+01 4.211263e+00
      vertex   -4.957344e+01 4.000000e+00 4.426738e+00
    endloop
  endfacet
  facet normal -9.994848e-01 0.000000e+00 -3.209561e-02
    outer loop
      vertex   -4.957344e+01 4.000000e+00 4.426738e+00
      vertex   -4.956652e+01 1.125000e+01 4.211263e+00
      vertex   -4.956652e+01 4.000000e+00 4.211263e+00
    endloop
  endfacet
  facet normal -9.942972e-01 0.000000e+00 -1.066443e-01
    outer loop
      vertex   -4.956652e+01 4.000000e+00 4.211263e+00
      vertex   -4.956652e+01 1.125000e+01 4.211263e+00
      vertex   -4.954705e+01 1.125000e+01 4.029742e+00
    endloop
  endfacet
  facet normal -9.942972e-01 -1.310636e-17 -1.066443e-01
    outer loop
      vertex   -4.956652e+01 4.000000e+00 4.211263e+00
      vertex   -4.954705e+01 1.125000e+01 4.029742e+00
      vertex   -4.954705e+01 4.000000e+00 4.029742e+00
    endloop
  endfacet
  facet normal -9.835781e-01 -2.211050e-17 -1.804831e-01
    outer loop
      vertex   -4.954705e+01 4.000000e+00 4.029742e+00
      vertex   -4.954705e+01 1.125000e+01 4.029742e+00
      vertex   -4.951991e+01 4.000000e+00 3.881851e+00
    endloop
  endfacet
  facet normal -9.835781e-01 5.527626e-18 -1.804831e-01
    outer loop
      vertex   -4.951991e+01 4.000000e+00 3.881851e+00
      vertex   -4.954705e+01 1.125000e+01 4.029742e+00
      vertex   -4.951991e+01 1.850000e+01 3.881851e+00
    endloop
  endfacet
  facet normal -9.835781e-01 2.148294e-17 -1.804831e-01
    outer loop
      vertex   -4.951991e+01 1.850000e+01 3.881851e+00
      vertex   -4.954705e+01 1.125000e+01 4.029742e+00
      vertex   -4.954705e+01 1.850000e+01 4.029742e+00
    endloop
  endfacet
  facet normal -9.942972e-01 1.306471e-17 -1.066443e-01
    outer loop
      vertex   -4.954705e+01 1.850000e+01 4.029742e+00
      vertex   -4.954705e+01 1.125000e+01 4.029742e+00
      vertex   -4.956652e+01 1.125000e+01 4.211263e+00
    endloop
  endfacet
  facet normal -9.942972e-01 0.000000e+00 -1.066443e-01
    outer loop
      vertex   -4.954705e+01 1.850000e+01 4.029742e+00
      vertex   -4.956652e+01 1.125000e+01 4.211263e+00
      vertex   -4.956652e+01 1.850000e+01 4.211263e+00
    endloop
  endfacet
  facet normal -9.619370e-01 0.000000e+00 -2.732713e-01
    outer loop
      vertex   -4.947114e+01 4.000000e+00 3.710157e+00
      vertex   -4.951991e+01 4.000000e+00 3.881851e+00
      vertex   -4.947114e+01 8.833333e+00 3.710157e+00
    endloop
  endfacet
  facet normal -9.619370e-01 8.043318e-18 -2.732713e-01
    outer loop
      vertex   -4.947114e+01 8.833333e+00 3.710157e+00
      vertex   -4.951991e+01 4.000000e+00 3.881851e+00
      vertex   -4.951991e+01 1.850000e+01 3.881851e+00
    endloop
  endfacet
  facet normal -9.619370e-01 0.000000e+00 -2.732713e-01
    outer loop
      vertex   -4.947114e+01 8.833333e+00 3.710157e+00
      vertex   -4.951991e+01 1.850000e+01 3.881851e+00
      vertex   -4.947114e+01 1.366667e+01 3.710157e+00
    endloop
  endfacet
  facet normal -9.619370e-01 0.000000e+00 -2.732713e-01
    outer loop
      vertex   -4.947114e+01 1.366667e+01 3.710157e+00
      vertex   -4.951991e+01 1.850000e+01 3.881851e+00
      vertex   -4.947114e+01 1.850000e+01 3.710157e+00
    endloop
  endfacet
  facet normal -9.229146e-01 0.000000e+00 -3.850047e-01
    outer loop
      vertex   -4.947114e+01 1.366667e+01 3.710157e+00
      vertex   -4.947114e+01 1.850000e+01 3.710157e+00
      vertex   -4.943728e+01 1.850000e+01 3.628985e+00
    endloop
  endfacet
  facet normal -9.229146e-01 1.179148e-17 -3.850047e-01
    outer loop
      vertex   -4.943728e+01 1.850000e+01 3.628985e+00
      vertex   -4.943728e+01 4.000000e+00 3.628985e+00
      vertex   -4.947114e+01 1.366667e+01 3.710157e+00
    endloop
  endfacet
  facet normal -9.229146e-01 -0.000000e+00 -3.850047e-01
    outer loop
      vertex   -4.947114e+01 1.366667e+01 3.710157e+00
      vertex   -4.943728e+01 4.000000e+00 3.628985e+00
      vertex   -4.947114e+01 8.833333e+00 3.710157e+00
    endloop
  endfacet
  facet normal -9.229146e-01 0.000000e+00 -3.850047e-01
    outer loop
      vertex   -4.943728e+01 4.000000e+00 3.628985e+00
      vertex   -4.947114e+01 4.000000e+00 3.710157e+00
      vertex   -4.947114e+01 8.833333e+00 3.710157e+00
    endloop
  endfacet
  facet normal -8.632764e-01 1.545833e-17 -5.047315e-01
    outer loop
      vertex   -4.943728e+01 1.850000e+01 3.628985e+00
      vertex   -4.902341e+01 1.850000e+01 2.921122e+00
      vertex   -4.943728e+01 4.000000e+00 3.628985e+00
    endloop
  endfacet
  facet normal -8.632764e-01 0.000000e+00 -5.047315e-01
    outer loop
      vertex   -4.943728e+01 4.000000e+00 3.628985e+00
      vertex   -4.902341e+01 1.850000e+01 2.921122e+00
      vertex   -4.902341e+01 4.000000e+00 2.921122e+00
    endloop
  endfacet
  facet normal -5.469316e-01 0.000000e+00 8.371773e-01
    outer loop
      vertex   -4.902341e+01 1.850000e+01 2.921122e+00
      vertex   -4.943868e+01 1.850000e+01 2.649825e+00
      vertex   -4.902341e+01 4.000000e+00 2.921122e+00
    endloop
  endfacet
  facet normal -5.469316e-01 0.000000e+00 8.371773e-01
    outer loop
      vertex   -4.902341e+01 4.000000e+00 2.921122e+00
      vertex   -4.943868e+01 1.850000e+01 2.649825e+00
      vertex   -4.943868e+01 4.000000e+00 2.649825e+00
    endloop
  endfacet
  facet normal -6.271917e-01 0.000000e+00 7.788649e-01
    outer loop
      vertex   -4.943868e+01 4.000000e+00 2.649825e+00
      vertex   -4.943868e+01 1.850000e+01 2.649825e+00
      vertex   -4.982502e+01 1.850000e+01 2.338716e+00
    endloop
  endfacet
  facet normal -6.271917e-01 -2.315376e-17 7.788649e-01
    outer loop
      vertex   -4.943868e+01 4.000000e+00 2.649825e+00
      vertex   -4.982502e+01 1.850000e+01 2.338716e+00
      vertex   -4.982502e+01 4.000000e+00 2.338716e+00
    endloop
  endfacet
  facet normal 7.467952e-01 -2.036850e-17 6.650540e-01
    outer loop
      vertex   -4.982502e+01 1.850000e+01 2.338716e+00
      vertex   -5.037035e+01 1.850000e+01 2.951068e+00
      vertex   -4.982502e+01 4.000000e+00 2.338716e+00
    endloop
  endfacet
  facet normal 7.467952e-01 -1.867552e-17 6.650540e-01
    outer loop
      vertex   -4.982502e+01 4.000000e+00 2.338716e+00
      vertex   -5.037035e+01 1.850000e+01 2.951068e+00
      vertex   -5.037035e+01 4.000000e+00 2.951068e+00
    endloop
  endfacet
  facet normal 6.513576e-01 -0.000000e+00 7.587709e-01
    outer loop
      vertex   -5.043708e+01 4.000000e+00 3.008356e+00
      vertex   -5.037035e+01 4.000000e+00 2.951068e+00
      vertex   -5.043708e+01 8.833333e+00 3.008356e+00
    endloop
  endfacet
  facet normal 6.513576e-01 -2.312402e-17 7.587709e-01
    outer loop
      vertex   -5.043708e+01 8.833333e+00 3.008356e+00
      vertex   -5.037035e+01 4.000000e+00 2.951068e+00
      vertex   -5.037035e+01 1.850000e+01 2.951068e+00
    endloop
  endfacet
  facet normal 6.513576e-01 -0.000000e+00 7.587709e-01
    outer loop
      vertex   -5.043708e+01 8.833333e+00 3.008356e+00
      vertex   -5.037035e+01 1.850000e+01 2.951068e+00
      vertex   -5.043708e+01 1.366667e+01 3.008356e+00
    endloop
  endfacet
  facet normal 6.513576e-01 -0.000000e+00 7.587709e-01
    outer loop
      vertex   -5.043708e+01 1.366667e+01 3.008356e+00
      vertex   -5.037035e+01 1.850000e+01 2.951068e+00
      vertex   -5.043708e+01 1.850000e+01 3.008356e+00
    endloop
  endfacet
  facet normal 5.571513e-01 -0.000000e+00 8.304110e-01
    outer loop
      vertex   -5.043708e+01 1.366667e+01 3.008356e+00
      vertex   -5.043708e+01 1.850000e+01 3.008356e+00
      vertex   -5.058530e+01 1.850000e+01 3.107801e+00
    endloop
  endfacet
  facet normal 5.571513e-01 2.543287e-17 8.304110e-01
    outer loop
      vertex   -5.058530e+01 1.850000e+01 3.107801e+00
      vertex   -5.058530e+01 4.000000e+00 3.107801e+00
      vertex   -5.043708e+01 1.366667e+01 3.008356e+00
    endloop
  endfacet
  facet normal 5.571513e-01 0.000000e+00 8.304110e-01
    outer loop
      vertex   -5.043708e+01 1.366667e+01 3.008356e+00
      vertex   -5.058530e+01 4.000000e+00 3.107801e+00
      vertex   -5.043708e+01 8.833333e+00 3.008356e+00
    endloop
  endfacet
  facet normal 5.571513e-01 0.000000e+00 8.304110e-01
    outer loop
      vertex   -5.058530e+01 4.000000e+00 3.107801e+00
      vertex   -5.043708e+01 4.000000e+00 3.008356e+00
      vertex   -5.043708e+01 8.833333e+00 3.008356e+00
    endloop
  endfacet
  facet normal 4.755919e-01 5.388278e-17 8.796660e-01
    outer loop
      vertex   -5.071757e+01 4.000000e+00 3.179311e+00
      vertex   -5.058530e+01 4.000000e+00 3.107801e+00
      vertex   -5.071757e+01 1.125000e+01 3.179311e+00
    endloop
  endfacet
  facet normal 4.755919e-01 2.705260e-17 8.796660e-01
    outer loop
      vertex   -5.071757e+01 1.125000e+01 3.179311e+00
      vertex   -5.058530e+01 4.000000e+00 3.107801e+00
      vertex   -5.058530e+01 1.850000e+01 3.107801e+00
    endloop
  endfacet
  facet normal 4.755919e-01 -5.388278e-17 8.796660e-01
    outer loop
      vertex   -5.071757e+01 1.125000e+01 3.179311e+00
      vertex   -5.058530e+01 1.850000e+01 3.107801e+00
      vertex   -5.071757e+01 1.850000e+01 3.179311e+00
    endloop
  endfacet
  facet normal 4.086795e-01 -5.590489e-17 9.126780e-01
    outer loop
      vertex   -5.071757e+01 1.850000e+01 3.179311e+00
      vertex   -5.088419e+01 1.850000e+01 3.253920e+00
      vertex   -5.071757e+01 1.125000e+01 3.179311e+00
    endloop
  endfacet
  facet normal 4.086795e-01 0.000000e+00 9.126780e-01
    outer loop
      vertex   -5.071757e+01 1.125000e+01 3.179311e+00
      vertex   -5.088419e+01 1.850000e+01 3.253920e+00
      vertex   -5.088419e+01 1.125000e+01 3.253920e+00
    endloop
  endfacet
  facet normal 4.086795e-01 5.590489e-17 9.126780e-01
    outer loop
      vertex   -5.071757e+01 1.125000e+01 3.179311e+00
      vertex   -5.088419e+01 1.125000e+01 3.253920e+00
      vertex   -5.071757e+01 4.000000e+00 3.179311e+00
    endloop
  endfacet
  facet normal 4.086795e-01 0.000000e+00 9.126780e-01
    outer loop
      vertex   -5.071757e+01 4.000000e+00 3.179311e+00
      vertex   -5.088419e+01 1.125000e+01 3.253920e+00
      vertex   -5.088419e+01 4.000000e+00 3.253920e+00
    endloop
  endfacet
  facet normal 3.393825e-01 -0.000000e+00 9.406484e-01
    outer loop
      vertex   -5.088419e+01 4.000000e+00 3.253920e+00
      vertex   -5.088419e+01 1.125000e+01 3.253920e+00
      vertex   -5.108698e+01 1.125000e+01 3.327086e+00
    endloop
  endfacet
  facet normal 3.393825e-01 0.000000e+00 9.406484e-01
    outer loop
      vertex   -5.088419e+01 4.000000e+00 3.253920e+00
      vertex   -5.108698e+01 1.125000e+01 3.327086e+00
      vertex   -5.108698e+01 4.000000e+00 3.327086e+00
    endloop
  endfacet
  facet normal 2.687493e-01 -0.000000e+00 9.632102e-01
    outer loop
      vertex   -5.108698e+01 4.000000e+00 3.327086e+00
      vertex   -5.108698e+01 1.125000e+01 3.327086e+00
      vertex   -5.132776e+01 4.000000e+00 3.394267e+00
    endloop
  endfacet
  facet normal 2.687493e-01 -0.000000e+00 9.632102e-01
    outer loop
      vertex   -5.132776e+01 4.000000e+00 3.394267e+00
      vertex   -5.108698e+01 1.125000e+01 3.327086e+00
      vertex   -5.132776e+01 1.850000e+01 3.394267e+00
    endloop
  endfacet
  facet normal 2.687493e-01 0.000000e+00 9.632102e-01
    outer loop
      vertex   -5.132776e+01 1.850000e+01 3.394267e+00
      vertex   -5.108698e+01 1.125000e+01 3.327086e+00
      vertex   -5.108698e+01 1.850000e+01 3.327086e+00
    endloop
  endfacet
  facet normal 3.393825e-01 0.000000e+00 9.406484e-01
    outer loop
      vertex   -5.108698e+01 1.850000e+01 3.327086e+00
      vertex   -5.108698e+01 1.125000e+01 3.327086e+00
      vertex   -5.088419e+01 1.125000e+01 3.253920e+00
    endloop
  endfacet
  facet normal 3.393825e-01 0.000000e+00 9.406484e-01
    outer loop
      vertex   -5.108698e+01 1.850000e+01 3.327086e+00
      vertex   -5.088419e+01 1.125000e+01 3.253920e+00
      vertex   -5.088419e+01 1.850000e+01 3.253920e+00
    endloop
  endfacet
  facet normal -7.431448e-01 0.000000e+00 6.691306e-01
    outer loop
      vertex   -5.132776e+01 1.850000e+01 3.394267e+00
      vertex   -5.176770e+01 1.850000e+01 2.905655e+00
      vertex   -5.132776e+01 4.000000e+00 3.394267e+00
    endloop
  endfacet
  facet normal -7.431448e-01 2.037932e-17 6.691306e-01
    outer loop
      vertex   -5.132776e+01 4.000000e+00 3.394267e+00
      vertex   -5.176770e+01 1.850000e+01 2.905655e+00
      vertex   -5.176770e+01 4.000000e+00 2.905655e+00
    endloop
  endfacet
  facet normal -9.298416e-01 0.000000e+00 -3.679600e-01
    outer loop
      vertex   -5.167572e+01 4.000000e+00 2.673218e+00
      vertex   -5.176770e+01 4.000000e+00 2.905655e+00
      vertex   -5.167572e+01 1.125000e+01 2.673218e+00
    endloop
  endfacet
  facet normal -9.298416e-01 -1.052906e-17 -3.679600e-01
    outer loop
      vertex   -5.167572e+01 1.125000e+01 2.673218e+00
      vertex   -5.176770e+01 4.000000e+00 2.905655e+00
      vertex   -5.176770e+01 1.850000e+01 2.905655e+00
    endloop
  endfacet
  facet normal -9.298416e-01 0.000000e+00 -3.679600e-01
    outer loop
      vertex   -5.167572e+01 1.125000e+01 2.673218e+00
      vertex   -5.176770e+01 1.850000e+01 2.905655e+00
      vertex   -5.167572e+01 1.850000e+01 2.673218e+00
    endloop
  endfacet
  facet normal -9.000203e-01 -0.000000e+00 -4.358479e-01
    outer loop
      vertex   -5.167572e+01 1.850000e+01 2.673218e+00
      vertex   -5.158176e+01 1.850000e+01 2.479187e+00
      vertex   -5.167572e+01 1.125000e+01 2.673218e+00
    endloop
  endfacet
  facet normal -9.000203e-01 0.000000e+00 -4.358479e-01
    outer loop
      vertex   -5.167572e+01 1.125000e+01 2.673218e+00
      vertex   -5.158176e+01 1.850000e+01 2.479187e+00
      vertex   -5.158176e+01 1.125000e+01 2.479187e+00
    endloop
  endfacet
  facet normal -9.000203e-01 -0.000000e+00 -4.358479e-01
    outer loop
      vertex   -5.167572e+01 1.125000e+01 2.673218e+00
      vertex   -5.158176e+01 1.125000e+01 2.479187e+00
      vertex   -5.167572e+01 4.000000e+00 2.673218e+00
    endloop
  endfacet
  facet normal -9.000203e-01 0.000000e+00 -4.358479e-01
    outer loop
      vertex   -5.167572e+01 4.000000e+00 2.673218e+00
      vertex   -5.158176e+01 1.125000e+01 2.479187e+00
      vertex   -5.158176e+01 4.000000e+00 2.479187e+00
    endloop
  endfacet
  facet normal -8.649596e-01 0.000000e+00 -5.018415e-01
    outer loop
      vertex   -5.158176e+01 4.000000e+00 2.479187e+00
      vertex   -5.158176e+01 1.125000e+01 2.479187e+00
      vertex   -5.149014e+01 1.125000e+01 2.321278e+00
    endloop
  endfacet
  facet normal -8.649596e-01 0.000000e+00 -5.018415e-01
    outer loop
      vertex   -5.158176e+01 4.000000e+00 2.479187e+00
      vertex   -5.149014e+01 1.125000e+01 2.321278e+00
      vertex   -5.149014e+01 4.000000e+00 2.321278e+00
    endloop
  endfacet
  facet normal -8.251342e-01 0.000000e+00 -5.649367e-01
    outer loop
      vertex   -5.149014e+01 4.000000e+00 2.321278e+00
      vertex   -5.149014e+01 1.125000e+01 2.321278e+00
      vertex   -5.140520e+01 4.000000e+00 2.197211e+00
    endloop
  endfacet
  facet normal -8.251342e-01 0.000000e+00 -5.649367e-01
    outer loop
      vertex   -5.140520e+01 4.000000e+00 2.197211e+00
      vertex   -5.149014e+01 1.125000e+01 2.321278e+00
      vertex   -5.140520e+01 1.850000e+01 2.197211e+00
    endloop
  endfacet
  facet normal -8.251342e-01 0.000000e+00 -5.649367e-01
    outer loop
      vertex   -5.140520e+01 1.850000e+01 2.197211e+00
      vertex   -5.149014e+01 1.125000e+01 2.321278e+00
      vertex   -5.149014e+01 1.850000e+01 2.321278e+00
    endloop
  endfacet
  facet normal -8.649596e-01 -0.000000e+00 -5.018415e-01
    outer loop
      vertex   -5.149014e+01 1.850000e+01 2.321278e+00
      vertex   -5.149014e+01 1.125000e+01 2.321278e+00
      vertex   -5.158176e+01 1.125000e+01 2.479187e+00
    endloop
  endfacet
  facet normal -8.649596e-01 0.000000e+00 -5.018415e-01
    outer loop
      vertex   -5.149014e+01 1.850000e+01 2.321278e+00
      vertex   -5.158176e+01 1.125000e+01 2.479187e+00
      vertex   -5.158176e+01 1.850000e+01 2.479187e+00
    endloop
  endfacet
  facet normal -7.676237e-01 0.000000e+00 -6.409008e-01
    outer loop
      vertex   -5.129081e+01 4.000000e+00 2.060199e+00
      vertex   -5.140520e+01 4.000000e+00 2.197211e+00
      vertex   -5.129081e+01 8.833333e+00 2.060199e+00
    endloop
  endfacet
  facet normal -7.676237e-01 0.000000e+00 -6.409008e-01
    outer loop
      vertex   -5.129081e+01 8.833333e+00 2.060199e+00
      vertex   -5.140520e+01 4.000000e+00 2.197211e+00
      vertex   -5.140520e+01 1.850000e+01 2.197211e+00
    endloop
  endfacet
  facet normal -7.676237e-01 0.000000e+00 -6.409008e-01
    outer loop
      vertex   -5.129081e+01 8.833333e+00 2.060199e+00
      vertex   -5.140520e+01 1.850000e+01 2.197211e+00
      vertex   -5.129081e+01 1.366667e+01 2.060199e+00
    endloop
  endfacet
  facet normal -7.676237e-01 0.000000e+00 -6.409008e-01
    outer loop
      vertex   -5.129081e+01 1.366667e+01 2.060199e+00
      vertex   -5.140520e+01 1.850000e+01 2.197211e+00
      vertex   -5.129081e+01 1.850000e+01 2.060199e+00
    endloop
  endfacet
  facet normal -6.865289e-01 0.000000e+00 -7.271025e-01
    outer loop
      vertex   -5.129081e+01 1.366667e+01 2.060199e+00
      vertex   -5.129081e+01 1.850000e+01 2.060199e+00
      vertex   -5.122686e+01 1.850000e+01 1.999818e+00
    endloop
  endfacet
  facet normal -6.865289e-01 1.113443e-17 -7.271025e-01
    outer loop
      vertex   -5.122686e+01 1.850000e+01 1.999818e+00
      vertex   -5.122686e+01 4.000000e+00 1.999818e+00
      vertex   -5.129081e+01 1.366667e+01 2.060199e+00
    endloop
  endfacet
  facet normal -6.865289e-01 -0.000000e+00 -7.271025e-01
    outer loop
      vertex   -5.129081e+01 1.366667e+01 2.060199e+00
      vertex   -5.122686e+01 4.000000e+00 1.999818e+00
      vertex   -5.129081e+01 8.833333e+00 2.060199e+00
    endloop
  endfacet
  facet normal -6.865289e-01 0.000000e+00 -7.271025e-01
    outer loop
      vertex   -5.122686e+01 4.000000e+00 1.999818e+00
      vertex   -5.129081e+01 4.000000e+00 2.060199e+00
      vertex   -5.129081e+01 8.833333e+00 2.060199e+00
    endloop
  endfacet
  facet normal -5.833494e-01 1.243789e-17 -8.122213e-01
    outer loop
      vertex   -5.122686e+01 1.850000e+01 1.999818e+00
      vertex   -5.056086e+01 1.850000e+01 1.521487e+00
      vertex   -5.122686e+01 4.000000e+00 1.999818e+00
    endloop
  endfacet
  facet normal -5.833494e-01 -2.334441e-17 -8.122213e-01
    outer loop
      vertex   -5.122686e+01 4.000000e+00 1.999818e+00
      vertex   -5.056086e+01 1.850000e+01 1.521487e+00
      vertex   -5.056086e+01 4.000000e+00 1.521487e+00
    endloop
  endfacet
  facet normal -8.401576e-01 1.661023e-17 5.423423e-01
    outer loop
      vertex   -5.056086e+01 1.850000e+01 1.521487e+00
      vertex   -5.082988e+01 1.850000e+01 1.104740e+00
      vertex   -5.056086e+01 4.000000e+00 1.521487e+00
    endloop
  endfacet
  facet normal -8.401576e-01 0.000000e+00 5.423423e-01
    outer loop
      vertex   -5.056086e+01 4.000000e+00 1.521487e+00
      vertex   -5.082988e+01 1.850000e+01 1.104740e+00
      vertex   -5.082988e+01 4.000000e+00 1.104740e+00
    endloop
  endfacet
  facet normal -8.897610e-01 0.000000e+00 4.564266e-01
    outer loop
      vertex   -5.082988e+01 4.000000e+00 1.104740e+00
      vertex   -5.082988e+01 1.850000e+01 1.104740e+00
      vertex   -5.105628e+01 1.850000e+01 6.633875e-01
    endloop
  endfacet
  facet normal -8.897610e-01 1.736532e-17 4.564266e-01
    outer loop
      vertex   -5.082988e+01 4.000000e+00 1.104740e+00
      vertex   -5.105628e+01 1.850000e+01 6.633875e-01
      vertex   -5.105628e+01 4.000000e+00 6.633875e-01
    endloop
  endfacet
  facet normal 4.117296e-01 3.488803e-17 9.113061e-01
    outer loop
      vertex   -5.105628e+01 1.850000e+01 6.633875e-01
      vertex   -5.180353e+01 1.850000e+01 1.000995e+00
      vertex   -5.105628e+01 4.000000e+00 6.633875e-01
    endloop
  endfacet
  facet normal 4.117296e-01 1.400664e-17 9.113061e-01
    outer loop
      vertex   -5.105628e+01 4.000000e+00 6.633875e-01
      vertex   -5.180353e+01 1.850000e+01 1.000995e+00
      vertex   -5.180353e+01 4.000000e+00 1.000995e+00
    endloop
  endfacet
  facet normal 2.864248e-01 4.210698e-16 9.581027e-01
    outer loop
      vertex   -5.188780e+01 4.000000e+00 1.026186e+00
      vertex   -5.180353e+01 4.000000e+00 1.000995e+00
      vertex   -5.188780e+01 8.833333e+00 1.026186e+00
    endloop
  endfacet
  facet normal 2.864248e-01 1.462254e-17 9.581027e-01
    outer loop
      vertex   -5.188780e+01 8.833333e+00 1.026186e+00
      vertex   -5.180353e+01 4.000000e+00 1.000995e+00
      vertex   -5.180353e+01 1.850000e+01 1.000995e+00
    endloop
  endfacet
  facet normal 2.864248e-01 -0.000000e+00 9.581027e-01
    outer loop
      vertex   -5.188780e+01 8.833333e+00 1.026186e+00
      vertex   -5.180353e+01 1.850000e+01 1.000995e+00
      vertex   -5.188780e+01 1.366667e+01 1.026186e+00
    endloop
  endfacet
  facet normal 2.864248e-01 -4.210698e-16 9.581027e-01
    outer loop
      vertex   -5.188780e+01 1.366667e+01 1.026186e+00
      vertex   -5.180353e+01 1.850000e+01 1.000995e+00
      vertex   -5.188780e+01 1.850000e+01 1.026186e+00
    endloop
  endfacet
  facet normal 1.712245e-01 -2.517151e-16 9.852320e-01
    outer loop
      vertex   -5.188780e+01 1.366667e+01 1.026186e+00
      vertex   -5.188780e+01 1.850000e+01 1.026186e+00
      vertex   -5.206365e+01 1.850000e+01 1.056748e+00
    endloop
  endfacet
  facet normal 1.712245e-01 0.000000e+00 9.852320e-01
    outer loop
      vertex   -5.206365e+01 1.850000e+01 1.056748e+00
      vertex   -5.206365e+01 4.000000e+00 1.056748e+00
      vertex   -5.188780e+01 1.366667e+01 1.026186e+00
    endloop
  endfacet
  facet normal 1.712245e-01 0.000000e+00 9.852320e-01
    outer loop
      vertex   -5.188780e+01 1.366667e+01 1.026186e+00
      vertex   -5.206365e+01 4.000000e+00 1.056748e+00
      vertex   -5.188780e+01 8.833333e+00 1.026186e+00
    endloop
  endfacet
  facet normal 1.712245e-01 2.513537e-16 9.852320e-01
    outer loop
      vertex   -5.206365e+01 4.000000e+00 1.056748e+00
      vertex   -5.188780e+01 4.000000e+00 1.026186e+00
      vertex   -5.188780e+01 8.833333e+00 1.026186e+00
    endloop
  endfacet
  facet normal 7.668244e-02 -0.000000e+00 9.970556e-01
    outer loop
      vertex   -5.221356e+01 4.000000e+00 1.068278e+00
      vertex   -5.206365e+01 4.000000e+00 1.056748e+00
      vertex   -5.221356e+01 1.125000e+01 1.068278e+00
    endloop
  endfacet
  facet normal 7.668244e-02 0.000000e+00 9.970556e-01
    outer loop
      vertex   -5.221356e+01 1.125000e+01 1.068278e+00
      vertex   -5.206365e+01 4.000000e+00 1.056748e+00
      vertex   -5.206365e+01 1.850000e+01 1.056748e+00
    endloop
  endfacet
  facet normal 7.668244e-02 -0.000000e+00 9.970556e-01
    outer loop
      vertex   -5.221356e+01 1.125000e+01 1.068278e+00
      vertex   -5.206365e+01 1.850000e+01 1.056748e+00
      vertex   -5.221356e+01 1.850000e+01 1.068278e+00
    endloop
  endfacet
  facet normal 2.127718e-03 0.000000e+00 9.999977e-01
    outer loop
      vertex   -5.221356e+01 1.850000e+01 1.068278e+00
      vertex   -5.239613e+01 1.850000e+01 1.068666e+00
      vertex   -5.221356e+01 1.125000e+01 1.068278e+00
    endloop
  endfacet
  facet normal 2.127718e-03 -3.480353e-17 9.999977e-01
    outer loop
      vertex   -5.221356e+01 1.125000e+01 1.068278e+00
      vertex   -5.239613e+01 1.850000e+01 1.068666e+00
      vertex   -5.239613e+01 1.125000e+01 1.068666e+00
    endloop
  endfacet
  facet normal 2.127718e-03 0.000000e+00 9.999977e-01
    outer loop
      vertex   -5.221356e+01 1.125000e+01 1.068278e+00
      vertex   -5.239613e+01 1.125000e+01 1.068666e+00
      vertex   -5.221356e+01 4.000000e+00 1.068278e+00
    endloop
  endfacet
  facet normal 2.127718e-03 3.480353e-17 9.999977e-01
    outer loop
      vertex   -5.221356e+01 4.000000e+00 1.068278e+00
      vertex   -5.239613e+01 1.125000e+01 1.068666e+00
      vertex   -5.239613e+01 4.000000e+00 1.068666e+00
    endloop
  endfacet
  facet normal -7.255483e-02 -1.116699e-16 9.973644e-01
    outer loop
      vertex   -5.239613e+01 4.000000e+00 1.068666e+00
      vertex   -5.239613e+01 1.125000e+01 1.068666e+00
      vertex   -5.261114e+01 1.125000e+01 1.053024e+00
    endloop
  endfacet
  facet normal -7.255483e-02 4.051022e-17 9.973644e-01
    outer loop
      vertex   -5.239613e+01 4.000000e+00 1.068666e+00
      vertex   -5.261114e+01 1.125000e+01 1.053024e+00
      vertex   -5.261114e+01 4.000000e+00 1.053024e+00
    endloop
  endfacet
  facet normal -1.462581e-01 1.130441e-16 9.892465e-01
    outer loop
      vertex   -5.261114e+01 4.000000e+00 1.053024e+00
      vertex   -5.261114e+01 1.125000e+01 1.053024e+00
      vertex   -5.285843e+01 4.000000e+00 1.016464e+00
    endloop
  endfacet
  facet normal -1.462581e-01 -1.584903e-16 9.892465e-01
    outer loop
      vertex   -5.285843e+01 4.000000e+00 1.016464e+00
      vertex   -5.261114e+01 1.125000e+01 1.053024e+00
      vertex   -5.285843e+01 1.850000e+01 1.016464e+00
    endloop
  endfacet
  facet normal -1.462581e-01 -1.129481e-16 9.892465e-01
    outer loop
      vertex   -5.285843e+01 1.850000e+01 1.016464e+00
      vertex   -5.261114e+01 1.125000e+01 1.053024e+00
      vertex   -5.261114e+01 1.850000e+01 1.053024e+00
    endloop
  endfacet
  facet normal -7.255483e-02 -4.056188e-17 9.973644e-01
    outer loop
      vertex   -5.261114e+01 1.850000e+01 1.053024e+00
      vertex   -5.261114e+01 1.125000e+01 1.053024e+00
      vertex   -5.239613e+01 1.125000e+01 1.068666e+00
    endloop
  endfacet
  facet normal -7.255483e-02 1.115418e-16 9.973644e-01
    outer loop
      vertex   -5.261114e+01 1.850000e+01 1.053024e+00
      vertex   -5.239613e+01 1.125000e+01 1.068666e+00
      vertex   -5.239613e+01 1.850000e+01 1.068666e+00
    endloop
  endfacet
  facet normal -9.510565e-01 -9.368236e-16 3.090170e-01
    outer loop
      vertex   -5.285843e+01 1.850000e+01 1.016464e+00
      vertex   -5.306161e+01 1.850000e+01 3.911515e-01
      vertex   -5.285843e+01 4.000000e+00 1.016464e+00
    endloop
  endfacet
  facet normal -9.510565e-01 0.000000e+00 3.090170e-01
    outer loop
      vertex   -5.285843e+01 4.000000e+00 1.016464e+00
      vertex   -5.306161e+01 1.850000e+01 3.911515e-01
      vertex   -5.306161e+01 4.000000e+00 3.911515e-01
    endloop
  endfacet
  facet normal -6.997898e-01 0.000000e+00 -7.143488e-01
    outer loop
      vertex   -5.288304e+01 4.000000e+00 2.162221e-01
      vertex   -5.306161e+01 4.000000e+00 3.911515e-01
      vertex   -5.288304e+01 1.125000e+01 2.162221e-01
    endloop
  endfacet
  facet normal -6.997898e-01 -2.871563e-18 -7.143488e-01
    outer loop
      vertex   -5.288304e+01 1.125000e+01 2.162221e-01
      vertex   -5.306161e+01 4.000000e+00 3.911515e-01
      vertex   -5.306161e+01 1.850000e+01 3.911515e-01
    endloop
  endfacet
  facet normal -6.997898e-01 0.000000e+00 -7.143488e-01
    outer loop
      vertex   -5.288304e+01 1.125000e+01 2.162221e-01
      vertex   -5.306161e+01 1.850000e+01 3.911515e-01
      vertex   -5.288304e+01 1.850000e+01 2.162221e-01
    endloop
  endfacet
  facet normal -6.449342e-01 -0.000000e+00 -7.642381e-01
    outer loop
      vertex   -5.288304e+01 1.850000e+01 2.162221e-01
      vertex   -5.271828e+01 1.850000e+01 7.718335e-02
      vertex   -5.288304e+01 1.125000e+01 2.162221e-01
    endloop
  endfacet
  facet normal -6.449342e-01 0.000000e+00 -7.642381e-01
    outer loop
      vertex   -5.288304e+01 1.125000e+01 2.162221e-01
      vertex   -5.271828e+01 1.850000e+01 7.718335e-02
      vertex   -5.271828e+01 1.125000e+01 7.718335e-02
    endloop
  endfacet
  facet normal -6.449342e-01 -0.000000e+00 -7.642381e-01
    outer loop
      vertex   -5.288304e+01 1.125000e+01 2.162221e-01
      vertex   -5.271828e+01 1.125000e+01 7.718335e-02
      vertex   -5.288304e+01 4.000000e+00 2.162221e-01
    endloop
  endfacet
  facet normal -6.449342e-01 0.000000e+00 -7.642381e-01
    outer loop
      vertex   -5.288304e+01 4.000000e+00 2.162221e-01
      vertex   -5.271828e+01 1.125000e+01 7.718335e-02
      vertex   -5.271828e+01 4.000000e+00 7.718335e-02
    endloop
  endfacet
  facet normal -5.860626e-01 0.000000e+00 -8.102658e-01
    outer loop
      vertex   -5.271828e+01 4.000000e+00 7.718335e-02
      vertex   -5.271828e+01 1.125000e+01 7.718335e-02
      vertex   -5.257035e+01 1.125000e+01 -2.980936e-02
    endloop
  endfacet
  facet normal -5.860626e-01 0.000000e+00 -8.102658e-01
    outer loop
      vertex   -5.271828e+01 4.000000e+00 7.718335e-02
      vertex   -5.257035e+01 1.125000e+01 -2.980936e-02
      vertex   -5.257035e+01 4.000000e+00 -2.980936e-02
    endloop
  endfacet
  facet normal -5.240172e-01 8.151599e-19 -8.517077e-01
    outer loop
      vertex   -5.257035e+01 4.000000e+00 -2.980936e-02
      vertex   -5.257035e+01 1.125000e+01 -2.980936e-02
      vertex   -5.244229e+01 4.000000e+00 -1.086006e-01
    endloop
  endfacet
  facet normal -5.240172e-01 8.151599e-18 -8.517077e-01
    outer loop
      vertex   -5.244229e+01 4.000000e+00 -1.086006e-01
      vertex   -5.257035e+01 1.125000e+01 -2.980936e-02
      vertex   -5.244229e+01 1.850000e+01 -1.086006e-01
    endloop
  endfacet
  facet normal -5.240172e-01 -1.591329e-18 -8.517077e-01
    outer loop
      vertex   -5.244229e+01 1.850000e+01 -1.086006e-01
      vertex   -5.257035e+01 1.125000e+01 -2.980936e-02
      vertex   -5.257035e+01 1.850000e+01 -2.980936e-02
    endloop
  endfacet
  facet normal -5.860626e-01 -7.754963e-19 -8.102658e-01
    outer loop
      vertex   -5.257035e+01 1.850000e+01 -2.980936e-02
      vertex   -5.257035e+01 1.125000e+01 -2.980936e-02
      vertex   -5.271828e+01 1.125000e+01 7.718335e-02
    endloop
  endfacet
  facet normal -5.860626e-01 0.000000e+00 -8.102658e-01
    outer loop
      vertex   -5.257035e+01 1.850000e+01 -2.980936e-02
      vertex   -5.271828e+01 1.125000e+01 7.718335e-02
      vertex   -5.271828e+01 1.850000e+01 7.718335e-02
    endloop
  endfacet
  facet normal -4.405814e-01 -6.476936e-16 -8.977127e-01
    outer loop
      vertex   -5.228206e+01 4.000000e+00 -1.872389e-01
      vertex   -5.244229e+01 4.000000e+00 -1.086006e-01
      vertex   -5.228206e+01 8.833333e+00 -1.872389e-01
    endloop
  endfacet
  facet normal -4.405814e-01 8.713594e-18 -8.977127e-01
    outer loop
      vertex   -5.228206e+01 8.833333e+00 -1.872389e-01
      vertex   -5.244229e+01 4.000000e+00 -1.086006e-01
      vertex   -5.244229e+01 1.850000e+01 -1.086006e-01
    endloop
  endfacet
  facet normal -4.405814e-01 0.000000e+00 -8.977127e-01
    outer loop
      vertex   -5.228206e+01 8.833333e+00 -1.872389e-01
      vertex   -5.244229e+01 1.850000e+01 -1.086006e-01
      vertex   -5.228206e+01 1.366667e+01 -1.872389e-01
    endloop
  endfacet
  facet normal -4.405814e-01 6.476936e-16 -8.977127e-01
    outer loop
      vertex   -5.228206e+01 1.366667e+01 -1.872389e-01
      vertex   -5.244229e+01 1.850000e+01 -1.086006e-01
      vertex   -5.228206e+01 1.850000e+01 -1.872389e-01
    endloop
  endfacet
  facet normal -3.314361e-01 4.872404e-16 -9.434777e-01
    outer loop
      vertex   -5.228206e+01 1.366667e+01 -1.872389e-01
      vertex   -5.228206e+01 1.850000e+01 -1.872389e-01
      vertex   -5.219908e+01 1.850000e+01 -2.163895e-01
    endloop
  endfacet
  facet normal -3.314361e-01 -9.029919e-18 -9.434777e-01
    outer loop
      vertex   -5.219908e+01 1.850000e+01 -2.163895e-01
      vertex   -5.219908e+01 4.000000e+00 -2.163895e-01
      vertex   -5.228206e+01 1.366667e+01 -1.872389e-01
    endloop
  endfacet
  facet normal -3.314361e-01 -0.000000e+00 -9.434777e-01
    outer loop
      vertex   -5.228206e+01 1.366667e+01 -1.872389e-01
      vertex   -5.219908e+01 4.000000e+00 -2.163895e-01
      vertex   -5.228206e+01 8.833333e+00 -1.872389e-01
    endloop
  endfacet
  facet normal -3.314361e-01 -4.876448e-16 -9.434777e-01
    outer loop
      vertex   -5.219908e+01 4.000000e+00 -2.163895e-01
      vertex   -5.228206e+01 4.000000e+00 -1.872389e-01
      vertex   -5.228206e+01 8.833333e+00 -1.872389e-01
    endloop
  endfacet
  facet normal -2.025561e-01 -9.372490e-18 -9.792707e-01
    outer loop
      vertex   -5.219908e+01 1.850000e+01 -2.163895e-01
      vertex   -5.139610e+01 1.850000e+01 -3.824800e-01
      vertex   -5.219908e+01 4.000000e+00 -2.163895e-01
    endloop
  endfacet
  facet normal -2.025561e-01 -7.003322e-18 -9.792707e-01
    outer loop
      vertex   -5.219908e+01 4.000000e+00 -2.163895e-01
      vertex   -5.139610e+01 1.850000e+01 -3.824800e-01
      vertex   -5.139610e+01 4.000000e+00 -3.824800e-01
    endloop
  endfacet
  facet normal -9.881127e-01 1.177078e-18 1.537315e-01
    outer loop
      vertex   -5.139610e+01 1.850000e+01 -3.824800e-01
      vertex   -5.147236e+01 1.850000e+01 -8.726180e-01
      vertex   -5.139610e+01 4.000000e+00 -3.824800e-01
    endloop
  endfacet
  facet normal -9.881127e-01 0.000000e+00 1.537315e-01
    outer loop
      vertex   -5.139610e+01 4.000000e+00 -3.824800e-01
      vertex   -5.147236e+01 1.850000e+01 -8.726180e-01
      vertex   -5.147236e+01 4.000000e+00 -8.726180e-01
    endloop
  endfacet
  facet normal -9.984826e-01 0.000000e+00 5.506807e-02
    outer loop
      vertex   -5.147236e+01 4.000000e+00 -8.726180e-01
      vertex   -5.147236e+01 1.850000e+01 -8.726180e-01
      vertex   -5.149968e+01 1.850000e+01 -1.367900e+00
    endloop
  endfacet
  facet normal -9.984826e-01 -1.688295e-18 5.506807e-02
    outer loop
      vertex   -5.147236e+01 4.000000e+00 -8.726180e-01
      vertex   -5.149968e+01 1.850000e+01 -1.367900e+00
      vertex   -5.149968e+01 4.000000e+00 -1.367900e+00
    endloop
  endfacet
  facet normal 5.472098e-03 -3.062638e-17 9.999850e-01
    outer loop
      vertex   -5.149968e+01 1.850000e+01 -1.367900e+00
      vertex   -5.231964e+01 1.850000e+01 -1.363413e+00
      vertex   -5.149968e+01 4.000000e+00 -1.367900e+00
    endloop
  endfacet
  facet normal 5.472098e-03 -3.060306e-17 9.999850e-01
    outer loop
      vertex   -5.149968e+01 4.000000e+00 -1.367900e+00
      vertex   -5.231964e+01 1.850000e+01 -1.363413e+00
      vertex   -5.231964e+01 4.000000e+00 -1.363413e+00
    endloop
  endfacet
  facet normal -1.280334e-01 0.000000e+00 9.917699e-01
    outer loop
      vertex   -5.240687e+01 4.000000e+00 -1.374674e+00
      vertex   -5.231964e+01 4.000000e+00 -1.363413e+00
      vertex   -5.240687e+01 8.833333e+00 -1.374674e+00
    endloop
  endfacet
  facet normal -1.280334e-01 -3.026526e-17 9.917699e-01
    outer loop
      vertex   -5.240687e+01 8.833333e+00 -1.374674e+00
      vertex   -5.231964e+01 4.000000e+00 -1.363413e+00
      vertex   -5.231964e+01 1.850000e+01 -1.363413e+00
    endloop
  endfacet
  facet normal -1.280334e-01 0.000000e+00 9.917699e-01
    outer loop
      vertex   -5.240687e+01 8.833333e+00 -1.374674e+00
      vertex   -5.231964e+01 1.850000e+01 -1.363413e+00
      vertex   -5.240687e+01 1.366667e+01 -1.374674e+00
    endloop
  endfacet
  facet normal -1.280334e-01 0.000000e+00 9.917699e-01
    outer loop
      vertex   -5.240687e+01 1.366667e+01 -1.374674e+00
      vertex   -5.231964e+01 1.850000e+01 -1.363413e+00
      vertex   -5.240687e+01 1.850000e+01 -1.374674e+00
    endloop
  endfacet
  facet normal -2.443086e-01 0.000000e+00 9.696975e-01
    outer loop
      vertex   -5.240687e+01 1.366667e+01 -1.374674e+00
      vertex   -5.240687e+01 1.850000e+01 -1.374674e+00
      vertex   -5.257994e+01 1.850000e+01 -1.418280e+00
    endloop
  endfacet
  facet normal -2.443086e-01 0.000000e+00 9.696975e-01
    outer loop
      vertex   -5.257994e+01 1.850000e+01 -1.418280e+00
      vertex   -5.257994e+01 4.000000e+00 -1.418280e+00
      vertex   -5.240687e+01 1.366667e+01 -1.374674e+00
    endloop
  endfacet
  facet normal -2.443086e-01 0.000000e+00 9.696975e-01
    outer loop
      vertex   -5.240687e+01 1.366667e+01 -1.374674e+00
      vertex   -5.257994e+01 4.000000e+00 -1.418280e+00
      vertex   -5.240687e+01 8.833333e+00 -1.374674e+00
    endloop
  endfacet
  facet normal -2.443086e-01 0.000000e+00 9.696975e-01
    outer loop
      vertex   -5.257994e+01 4.000000e+00 -1.418280e+00
      vertex   -5.240687e+01 4.000000e+00 -1.374674e+00
      vertex   -5.240687e+01 8.833333e+00 -1.374674e+00
    endloop
  endfacet
  facet normal -3.354861e-01 2.885187e-17 9.420451e-01
    outer loop
      vertex   -5.272159e+01 4.000000e+00 -1.468723e+00
      vertex   -5.257994e+01 4.000000e+00 -1.418280e+00
      vertex   -5.272159e+01 1.125000e+01 -1.468723e+00
    endloop
  endfacet
  facet normal -3.354861e-01 0.000000e+00 9.420451e-01
    outer loop
      vertex   -5.272159e+01 1.125000e+01 -1.468723e+00
      vertex   -5.257994e+01 4.000000e+00 -1.418280e+00
      vertex   -5.257994e+01 1.850000e+01 -1.418280e+00
    endloop
  endfacet
  facet normal -3.354861e-01 -2.885187e-17 9.420451e-01
    outer loop
      vertex   -5.272159e+01 1.125000e+01 -1.468723e+00
      vertex   -5.257994e+01 1.850000e+01 -1.418280e+00
      vertex   -5.272159e+01 1.850000e+01 -1.468723e+00
    endloop
  endfacet
  facet normal -4.047920e-01 -2.800545e-17 9.144088e-01
    outer loop
      vertex   -5.272159e+01 1.850000e+01 -1.468723e+00
      vertex   -5.288853e+01 1.850000e+01 -1.542623e+00
      vertex   -5.272159e+01 1.125000e+01 -1.468723e+00
    endloop
  endfacet
  facet normal -4.047920e-01 0.000000e+00 9.144088e-01
    outer loop
      vertex   -5.272159e+01 1.125000e+01 -1.468723e+00
      vertex   -5.288853e+01 1.850000e+01 -1.542623e+00
      vertex   -5.288853e+01 1.125000e+01 -1.542623e+00
    endloop
  endfacet
  facet normal -4.047920e-01 2.800545e-17 9.144088e-01
    outer loop
      vertex   -5.272159e+01 1.125000e+01 -1.468723e+00
      vertex   -5.288853e+01 1.125000e+01 -1.542623e+00
      vertex   -5.272159e+01 4.000000e+00 -1.468723e+00
    endloop
  endfacet
  facet normal -4.047920e-01 0.000000e+00 9.144088e-01
    outer loop
      vertex   -5.272159e+01 4.000000e+00 -1.468723e+00
      vertex   -5.288853e+01 1.125000e+01 -1.542623e+00
      vertex   -5.288853e+01 4.000000e+00 -1.542623e+00
    endloop
  endfacet
  facet normal -4.719468e-01 0.000000e+00 8.816270e-01
    outer loop
      vertex   -5.288853e+01 4.000000e+00 -1.542623e+00
      vertex   -5.288853e+01 1.125000e+01 -1.542623e+00
      vertex   -5.307859e+01 1.125000e+01 -1.644368e+00
    endloop
  endfacet
  facet normal -4.719468e-01 0.000000e+00 8.816270e-01
    outer loop
      vertex   -5.288853e+01 4.000000e+00 -1.542623e+00
      vertex   -5.307859e+01 1.125000e+01 -1.644368e+00
      vertex   -5.307859e+01 4.000000e+00 -1.644368e+00
    endloop
  endfacet
  facet normal -5.359762e-01 0.000000e+00 8.442331e-01
    outer loop
      vertex   -5.307859e+01 4.000000e+00 -1.644368e+00
      vertex   -5.307859e+01 1.125000e+01 -1.644368e+00
      vertex   -5.328963e+01 4.000000e+00 -1.778348e+00
    endloop
  endfacet
  facet normal -5.359762e-01 0.000000e+00 8.442331e-01
    outer loop
      vertex   -5.328963e+01 4.000000e+00 -1.778348e+00
      vertex   -5.307859e+01 1.125000e+01 -1.644368e+00
      vertex   -5.328963e+01 1.850000e+01 -1.778348e+00
    endloop
  endfacet
  facet normal -5.359762e-01 0.000000e+00 8.442331e-01
    outer loop
      vertex   -5.328963e+01 1.850000e+01 -1.778348e+00
      vertex   -5.307859e+01 1.125000e+01 -1.644368e+00
      vertex   -5.307859e+01 1.850000e+01 -1.644368e+00
    endloop
  endfacet
  facet normal -4.719468e-01 0.000000e+00 8.816270e-01
    outer loop
      vertex   -5.307859e+01 1.850000e+01 -1.644368e+00
      vertex   -5.307859e+01 1.125000e+01 -1.644368e+00
      vertex   -5.288853e+01 1.125000e+01 -1.542623e+00
    endloop
  endfacet
  facet normal -4.719468e-01 0.000000e+00 8.816270e-01
    outer loop
      vertex   -5.307859e+01 1.850000e+01 -1.644368e+00
      vertex   -5.288853e+01 1.125000e+01 -1.542623e+00
      vertex   -5.288853e+01 1.850000e+01 -1.542623e+00
    endloop
  endfacet
  facet normal -9.945219e-01 -0.000000e+00 -1.045285e-01
    outer loop
      vertex   -5.328963e+01 1.850000e+01 -1.778348e+00
      vertex   -5.322090e+01 1.850000e+01 -2.432239e+00
      vertex   -5.328963e+01 4.000000e+00 -1.778348e+00
    endloop
  endfacet
  facet normal -9.945219e-01 0.000000e+00 -1.045285e-01
    outer loop
      vertex   -5.328963e+01 4.000000e+00 -1.778348e+00
      vertex   -5.322090e+01 1.850000e+01 -2.432239e+00
      vertex   -5.322090e+01 4.000000e+00 -2.432239e+00
    endloop
  endfacet
  facet normal -3.487379e-01 0.000000e+00 -9.372203e-01
    outer loop
      vertex   -5.298662e+01 4.000000e+00 -2.519414e+00
      vertex   -5.322090e+01 4.000000e+00 -2.432239e+00
      vertex   -5.298662e+01 1.125000e+01 -2.519414e+00
    endloop
  endfacet
  facet normal -3.487379e-01 0.000000e+00 -9.372203e-01
    outer loop
      vertex   -5.298662e+01 1.125000e+01 -2.519414e+00
      vertex   -5.322090e+01 4.000000e+00 -2.432239e+00
      vertex   -5.322090e+01 1.850000e+01 -2.432239e+00
    endloop
  endfacet
  facet normal -3.487379e-01 0.000000e+00 -9.372203e-01
    outer loop
      vertex   -5.298662e+01 1.125000e+01 -2.519414e+00
      vertex   -5.322090e+01 1.850000e+01 -2.432239e+00
      vertex   -5.298662e+01 1.850000e+01 -2.519414e+00
    endloop
  endfacet
  facet normal -2.783331e-01 -0.000000e+00 -9.604846e-01
    outer loop
      vertex   -5.298662e+01 1.850000e+01 -2.519414e+00
      vertex   -5.277956e+01 1.850000e+01 -2.579419e+00
      vertex   -5.298662e+01 1.125000e+01 -2.519414e+00
    endloop
  endfacet
  facet normal -2.783331e-01 0.000000e+00 -9.604846e-01
    outer loop
      vertex   -5.298662e+01 1.125000e+01 -2.519414e+00
      vertex   -5.277956e+01 1.850000e+01 -2.579419e+00
      vertex   -5.277956e+01 1.125000e+01 -2.579419e+00
    endloop
  endfacet
  facet normal -2.783331e-01 -0.000000e+00 -9.604846e-01
    outer loop
      vertex   -5.298662e+01 1.125000e+01 -2.519414e+00
      vertex   -5.277956e+01 1.125000e+01 -2.579419e+00
      vertex   -5.298662e+01 4.000000e+00 -2.519414e+00
    endloop
  endfacet
  facet normal -2.783331e-01 0.000000e+00 -9.604846e-01
    outer loop
      vertex   -5.298662e+01 4.000000e+00 -2.519414e+00
      vertex   -5.277956e+01 1.125000e+01 -2.579419e+00
      vertex   -5.277956e+01 4.000000e+00 -2.579419e+00
    endloop
  endfacet
  facet normal -2.058300e-01 0.000000e+00 -9.785878e-01
    outer loop
      vertex   -5.277956e+01 4.000000e+00 -2.579419e+00
      vertex   -5.277956e+01 1.125000e+01 -2.579419e+00
      vertex   -5.260090e+01 1.125000e+01 -2.616996e+00
    endloop
  endfacet
  facet normal -2.058300e-01 -6.028925e-17 -9.785878e-01
    outer loop
      vertex   -5.277956e+01 4.000000e+00 -2.579419e+00
      vertex   -5.260090e+01 1.125000e+01 -2.616996e+00
      vertex   -5.260090e+01 4.000000e+00 -2.616996e+00
    endloop
  endfacet
  facet normal -1.322928e-01 -6.071531e-17 -9.912107e-01
    outer loop
      vertex   -5.260090e+01 4.000000e+00 -2.616996e+00
      vertex   -5.260090e+01 1.125000e+01 -2.616996e+00
      vertex   -5.245186e+01 4.000000e+00 -2.636887e+00
    endloop
  endfacet
  facet normal -1.322928e-01 -9.107296e-17 -9.912107e-01
    outer loop
      vertex   -5.245186e+01 4.000000e+00 -2.636887e+00
      vertex   -5.260090e+01 1.125000e+01 -2.616996e+00
      vertex   -5.245186e+01 1.850000e+01 -2.636887e+00
    endloop
  endfacet
  facet normal -1.322928e-01 6.086834e-17 -9.912107e-01
    outer loop
      vertex   -5.245186e+01 1.850000e+01 -2.636887e+00
      vertex   -5.260090e+01 1.125000e+01 -2.616996e+00
      vertex   -5.260090e+01 1.850000e+01 -2.616996e+00
    endloop
  endfacet
  facet normal -2.058300e-01 5.994211e-17 -9.785878e-01
    outer loop
      vertex   -5.260090e+01 1.850000e+01 -2.616996e+00
      vertex   -5.260090e+01 1.125000e+01 -2.616996e+00
      vertex   -5.277956e+01 1.125000e+01 -2.579419e+00
    endloop
  endfacet
  facet normal -2.058300e-01 0.000000e+00 -9.785878e-01
    outer loop
      vertex   -5.260090e+01 1.850000e+01 -2.616996e+00
      vertex   -5.277956e+01 1.125000e+01 -2.579419e+00
      vertex   -5.277956e+01 1.850000e+01 -2.579419e+00
    endloop
  endfacet
  facet normal -3.735846e-02 0.000000e+00 -9.993019e-01
    outer loop
      vertex   -5.227350e+01 4.000000e+00 -2.643555e+00
      vertex   -5.245186e+01 4.000000e+00 -2.636887e+00
      vertex   -5.227350e+01 8.833333e+00 -2.643555e+00
    endloop
  endfacet
  facet normal -3.735846e-02 -9.182788e-17 -9.993019e-01
    outer loop
      vertex   -5.227350e+01 8.833333e+00 -2.643555e+00
      vertex   -5.245186e+01 4.000000e+00 -2.636887e+00
      vertex   -5.245186e+01 1.850000e+01 -2.636887e+00
    endloop
  endfacet
  facet normal -3.735846e-02 0.000000e+00 -9.993019e-01
    outer loop
      vertex   -5.227350e+01 8.833333e+00 -2.643555e+00
      vertex   -5.245186e+01 1.850000e+01 -2.636887e+00
      vertex   -5.227350e+01 1.366667e+01 -2.643555e+00
    endloop
  endfacet
  facet normal -3.735846e-02 0.000000e+00 -9.993019e-01
    outer loop
      vertex   -5.227350e+01 1.366667e+01 -2.643555e+00
      vertex   -5.245186e+01 1.850000e+01 -2.636887e+00
      vertex   -5.227350e+01 1.850000e+01 -2.643555e+00
    endloop
  endfacet
  facet normal 8.096498e-02 0.000000e+00 -9.967169e-01
    outer loop
      vertex   -5.227350e+01 1.366667e+01 -2.643555e+00
      vertex   -5.227350e+01 1.850000e+01 -2.643555e+00
      vertex   -5.218584e+01 1.850000e+01 -2.636434e+00
    endloop
  endfacet
  facet normal 8.096498e-02 0.000000e+00 -9.967169e-01
    outer loop
      vertex   -5.218584e+01 1.850000e+01 -2.636434e+00
      vertex   -5.218584e+01 4.000000e+00 -2.636434e+00
      vertex   -5.227350e+01 1.366667e+01 -2.643555e+00
    endloop
  endfacet
  facet normal 8.096498e-02 0.000000e+00 -9.967169e-01
    outer loop
      vertex   -5.227350e+01 1.366667e+01 -2.643555e+00
      vertex   -5.218584e+01 4.000000e+00 -2.636434e+00
      vertex   -5.227350e+01 8.833333e+00 -2.643555e+00
    endloop
  endfacet
  facet normal 8.096498e-02 0.000000e+00 -9.967169e-01
    outer loop
      vertex   -5.218584e+01 4.000000e+00 -2.636434e+00
      vertex   -5.227350e+01 4.000000e+00 -2.643555e+00
      vertex   -5.227350e+01 8.833333e+00 -2.643555e+00
    endloop
  endfacet
  facet normal 2.132611e-01 0.000000e+00 -9.769952e-01
    outer loop
      vertex   -5.218584e+01 1.850000e+01 -2.636434e+00
      vertex   -5.138473e+01 1.850000e+01 -2.461566e+00
      vertex   -5.218584e+01 4.000000e+00 -2.636434e+00
    endloop
  endfacet
  facet normal 2.132611e-01 -2.801329e-17 -9.769952e-01
    outer loop
      vertex   -5.218584e+01 4.000000e+00 -2.636434e+00
      vertex   -5.138473e+01 1.850000e+01 -2.461566e+00
      vertex   -5.138473e+01 4.000000e+00 -2.461566e+00
    endloop
  endfacet
  facet normal -9.652141e-01 -8.007722e-18 -2.614609e-01
    outer loop
      vertex   -5.138473e+01 1.850000e+01 -2.461566e+00
      vertex   -5.125503e+01 1.850000e+01 -2.940345e+00
      vertex   -5.138473e+01 4.000000e+00 -2.461566e+00
    endloop
  endfacet
  facet normal -9.652141e-01 0.000000e+00 -2.614609e-01
    outer loop
      vertex   -5.138473e+01 4.000000e+00 -2.461566e+00
      vertex   -5.125503e+01 1.850000e+01 -2.940345e+00
      vertex   -5.125503e+01 4.000000e+00 -2.940345e+00
    endloop
  endfacet
  facet normal -9.345574e-01 0.000000e+00 -3.558123e-01
    outer loop
      vertex   -5.125503e+01 4.000000e+00 -2.940345e+00
      vertex   -5.125503e+01 1.850000e+01 -2.940345e+00
      vertex   -5.107854e+01 1.850000e+01 -3.403918e+00
    endloop
  endfacet
  facet normal -9.345574e-01 2.315376e-17 -3.558123e-01
    outer loop
      vertex   -5.125503e+01 4.000000e+00 -2.940345e+00
      vertex   -5.107854e+01 1.850000e+01 -3.403918e+00
      vertex   -5.107854e+01 4.000000e+00 -3.403918e+00
    endloop
  endfacet
  facet normal -4.017315e-01 -5.609352e-17 9.157575e-01
    outer loop
      vertex   -5.107854e+01 1.850000e+01 -3.403918e+00
      vertex   -5.182944e+01 1.850000e+01 -3.733327e+00
      vertex   -5.107854e+01 4.000000e+00 -3.403918e+00
    endloop
  endfacet
  facet normal -4.017315e-01 2.801329e-17 9.157575e-01
    outer loop
      vertex   -5.107854e+01 4.000000e+00 -3.403918e+00
      vertex   -5.182944e+01 1.850000e+01 -3.733327e+00
      vertex   -5.182944e+01 4.000000e+00 -3.733327e+00
    endloop
  endfacet
  facet normal -5.203535e-01 0.000000e+00 8.539510e-01
    outer loop
      vertex   -5.190454e+01 4.000000e+00 -3.779093e+00
      vertex   -5.182944e+01 4.000000e+00 -3.733327e+00
      vertex   -5.190454e+01 8.833333e+00 -3.779093e+00
    endloop
  endfacet
  facet normal -5.203535e-01 2.618455e-17 8.539510e-01
    outer loop
      vertex   -5.190454e+01 8.833333e+00 -3.779093e+00
      vertex   -5.182944e+01 4.000000e+00 -3.733327e+00
      vertex   -5.182944e+01 1.850000e+01 -3.733327e+00
    endloop
  endfacet
  facet normal -5.203535e-01 0.000000e+00 8.539510e-01
    outer loop
      vertex   -5.190454e+01 8.833333e+00 -3.779093e+00
      vertex   -5.182944e+01 1.850000e+01 -3.733327e+00
      vertex   -5.190454e+01 1.366667e+01 -3.779093e+00
    endloop
  endfacet
  facet normal -5.203535e-01 0.000000e+00 8.539510e-01
    outer loop
      vertex   -5.190454e+01 1.366667e+01 -3.779093e+00
      vertex   -5.182944e+01 1.850000e+01 -3.733327e+00
      vertex   -5.190454e+01 1.850000e+01 -3.779093e+00
    endloop
  endfacet
  facet normal -6.175986e-01 0.000000e+00 7.864935e-01
    outer loop
      vertex   -5.190454e+01 1.366667e+01 -3.779093e+00
      vertex   -5.190454e+01 1.850000e+01 -3.779093e+00
      vertex   -5.204492e+01 1.850000e+01 -3.889327e+00
    endloop
  endfacet
  facet normal -6.175986e-01 0.000000e+00 7.864935e-01
    outer loop
      vertex   -5.204492e+01 1.850000e+01 -3.889327e+00
      vertex   -5.204492e+01 4.000000e+00 -3.889327e+00
      vertex   -5.190454e+01 1.366667e+01 -3.779093e+00
    endloop
  endfacet
  facet normal -6.175986e-01 0.000000e+00 7.864935e-01
    outer loop
      vertex   -5.190454e+01 1.366667e+01 -3.779093e+00
      vertex   -5.204492e+01 4.000000e+00 -3.889327e+00
      vertex   -5.190454e+01 8.833333e+00 -3.779093e+00
    endloop
  endfacet
  facet normal -6.175986e-01 0.000000e+00 7.864935e-01
    outer loop
      vertex   -5.204492e+01 4.000000e+00 -3.889327e+00
      vertex   -5.190454e+01 4.000000e+00 -3.779093e+00
      vertex   -5.190454e+01 8.833333e+00 -3.779093e+00
    endloop
  endfacet
  facet normal -6.896461e-01 4.435664e-17 7.241466e-01
    outer loop
      vertex   -5.215380e+01 4.000000e+00 -3.993022e+00
      vertex   -5.204492e+01 4.000000e+00 -3.889327e+00
      vertex   -5.215380e+01 1.125000e+01 -3.993022e+00
    endloop
  endfacet
  facet normal -6.896461e-01 0.000000e+00 7.241466e-01
    outer loop
      vertex   -5.215380e+01 1.125000e+01 -3.993022e+00
      vertex   -5.204492e+01 4.000000e+00 -3.889327e+00
      vertex   -5.204492e+01 1.850000e+01 -3.889327e+00
    endloop
  endfacet
  facet normal -6.896461e-01 -4.435664e-17 7.241466e-01
    outer loop
      vertex   -5.215380e+01 1.125000e+01 -3.993022e+00
      vertex   -5.204492e+01 1.850000e+01 -3.889327e+00
      vertex   -5.215380e+01 1.850000e+01 -3.993022e+00
    endloop
  endfacet
  facet normal -7.417194e-01 -4.108348e-17 6.707103e-01
    outer loop
      vertex   -5.215380e+01 1.850000e+01 -3.993022e+00
      vertex   -5.227625e+01 1.850000e+01 -4.128432e+00
      vertex   -5.215380e+01 1.125000e+01 -3.993022e+00
    endloop
  endfacet
  facet normal -7.417194e-01 0.000000e+00 6.707103e-01
    outer loop
      vertex   -5.215380e+01 1.125000e+01 -3.993022e+00
      vertex   -5.227625e+01 1.850000e+01 -4.128432e+00
      vertex   -5.227625e+01 1.125000e+01 -4.128432e+00
    endloop
  endfacet
  facet normal -7.417194e-01 4.108348e-17 6.707103e-01
    outer loop
      vertex   -5.215380e+01 1.125000e+01 -3.993022e+00
      vertex   -5.227625e+01 1.125000e+01 -4.128432e+00
      vertex   -5.215380e+01 4.000000e+00 -3.993022e+00
    endloop
  endfacet
  facet normal -7.417194e-01 0.000000e+00 6.707103e-01
    outer loop
      vertex   -5.215380e+01 4.000000e+00 -3.993022e+00
      vertex   -5.227625e+01 1.125000e+01 -4.128432e+00
      vertex   -5.227625e+01 4.000000e+00 -4.128432e+00
    endloop
  endfacet
  facet normal -7.897349e-01 0.000000e+00 6.134483e-01
    outer loop
      vertex   -5.227625e+01 4.000000e+00 -4.128432e+00
      vertex   -5.227625e+01 1.125000e+01 -4.128432e+00
      vertex   -5.240850e+01 1.125000e+01 -4.298688e+00
    endloop
  endfacet
  facet normal -7.897349e-01 0.000000e+00 6.134483e-01
    outer loop
      vertex   -5.227625e+01 4.000000e+00 -4.128432e+00
      vertex   -5.240850e+01 1.125000e+01 -4.298688e+00
      vertex   -5.240850e+01 4.000000e+00 -4.298688e+00
    endloop
  endfacet
  facet normal -8.330192e-01 0.000000e+00 5.532441e-01
    outer loop
      vertex   -5.240850e+01 4.000000e+00 -4.298688e+00
      vertex   -5.240850e+01 1.125000e+01 -4.298688e+00
      vertex   -5.254680e+01 4.000000e+00 -4.506921e+00
    endloop
  endfacet
  facet normal -8.330192e-01 0.000000e+00 5.532441e-01
    outer loop
      vertex   -5.254680e+01 4.000000e+00 -4.506921e+00
      vertex   -5.240850e+01 1.125000e+01 -4.298688e+00
      vertex   -5.254680e+01 1.850000e+01 -4.506921e+00
    endloop
  endfacet
  facet normal -8.330192e-01 0.000000e+00 5.532441e-01
    outer loop
      vertex   -5.254680e+01 1.850000e+01 -4.506921e+00
      vertex   -5.240850e+01 1.125000e+01 -4.298688e+00
      vertex   -5.240850e+01 1.850000e+01 -4.298688e+00
    endloop
  endfacet
  facet normal -7.897349e-01 0.000000e+00 6.134483e-01
    outer loop
      vertex   -5.240850e+01 1.850000e+01 -4.298688e+00
      vertex   -5.240850e+01 1.125000e+01 -4.298688e+00
      vertex   -5.227625e+01 1.125000e+01 -4.128432e+00
    endloop
  endfacet
  facet normal -7.897349e-01 0.000000e+00 6.134483e-01
    outer loop
      vertex   -5.240850e+01 1.850000e+01 -4.298688e+00
      vertex   -5.227625e+01 1.125000e+01 -4.128432e+00
      vertex   -5.227625e+01 1.850000e+01 -4.128432e+00
    endloop
  endfacet
  facet normal -8.660254e-01 -0.000000e+00 -5.000000e-01
    outer loop
      vertex   -5.254680e+01 1.850000e+01 -4.506921e+00
      vertex   -5.221805e+01 1.850000e+01 -5.076326e+00
      vertex   -5.254680e+01 4.000000e+00 -4.506921e+00
    endloop
  endfacet
  facet normal -8.660254e-01 0.000000e+00 -5.000000e-01
    outer loop
      vertex   -5.254680e+01 4.000000e+00 -4.506921e+00
      vertex   -5.221805e+01 1.850000e+01 -5.076326e+00
      vertex   -5.221805e+01 4.000000e+00 -5.076326e+00
    endloop
  endfacet
  facet normal 6.261386e-02 -2.449975e-16 -9.980378e-01
    outer loop
      vertex   -5.196857e+01 4.000000e+00 -5.060674e+00
      vertex   -5.221805e+01 4.000000e+00 -5.076326e+00
      vertex   -5.196857e+01 1.125000e+01 -5.060674e+00
    endloop
  endfacet
  facet normal 6.261386e-02 0.000000e+00 -9.980378e-01
    outer loop
      vertex   -5.196857e+01 1.125000e+01 -5.060674e+00
      vertex   -5.221805e+01 4.000000e+00 -5.076326e+00
      vertex   -5.221805e+01 1.850000e+01 -5.076326e+00
    endloop
  endfacet
  facet normal 6.261386e-02 2.449975e-16 -9.980378e-01
    outer loop
      vertex   -5.196857e+01 1.125000e+01 -5.060674e+00
      vertex   -5.221805e+01 1.850000e+01 -5.076326e+00
      vertex   -5.196857e+01 1.850000e+01 -5.060674e+00
    endloop
  endfacet
  facet normal 1.363944e-01 3.887116e-16 -9.906546e-01
    outer loop
      vertex   -5.196857e+01 1.850000e+01 -5.060674e+00
      vertex   -5.175500e+01 1.850000e+01 -5.031269e+00
      vertex   -5.196857e+01 1.125000e+01 -5.060674e+00
    endloop
  endfacet
  facet normal 1.363944e-01 0.000000e+00 -9.906546e-01
    outer loop
      vertex   -5.196857e+01 1.125000e+01 -5.060674e+00
      vertex   -5.175500e+01 1.850000e+01 -5.031269e+00
      vertex   -5.175500e+01 1.125000e+01 -5.031269e+00
    endloop
  endfacet
  facet normal 1.363944e-01 -3.887116e-16 -9.906546e-01
    outer loop
      vertex   -5.196857e+01 1.125000e+01 -5.060674e+00
      vertex   -5.175500e+01 1.125000e+01 -5.031269e+00
      vertex   -5.196857e+01 4.000000e+00 -5.060674e+00
    endloop
  endfacet
  facet normal 1.363944e-01 0.000000e+00 -9.906546e-01
    outer loop
      vertex   -5.196857e+01 4.000000e+00 -5.060674e+00
      vertex   -5.175500e+01 1.125000e+01 -5.031269e+00
      vertex   -5.175500e+01 4.000000e+00 -5.031269e+00
    endloop
  endfacet
  facet normal 2.099924e-01 0.000000e+00 -9.777030e-01
    outer loop
      vertex   -5.175500e+01 4.000000e+00 -5.031269e+00
      vertex   -5.175500e+01 1.125000e+01 -5.031269e+00
      vertex   -5.157651e+01 1.125000e+01 -4.992933e+00
    endloop
  endfacet
  facet normal 2.099924e-01 -4.115397e-16 -9.777030e-01
    outer loop
      vertex   -5.175500e+01 4.000000e+00 -5.031269e+00
      vertex   -5.157651e+01 1.125000e+01 -4.992933e+00
      vertex   -5.157651e+01 4.000000e+00 -4.992933e+00
    endloop
  endfacet
  facet normal 2.823063e-01 -5.533535e-16 -9.593243e-01
    outer loop
      vertex   -5.157651e+01 4.000000e+00 -4.992933e+00
      vertex   -5.157651e+01 1.125000e+01 -4.992933e+00
      vertex   -5.143226e+01 4.000000e+00 -4.950485e+00
    endloop
  endfacet
  facet normal 2.823063e-01 0.000000e+00 -9.593243e-01
    outer loop
      vertex   -5.143226e+01 4.000000e+00 -4.950485e+00
      vertex   -5.157651e+01 1.125000e+01 -4.992933e+00
      vertex   -5.143226e+01 1.850000e+01 -4.950485e+00
    endloop
  endfacet
  facet normal 2.823063e-01 5.529869e-16 -9.593243e-01
    outer loop
      vertex   -5.143226e+01 1.850000e+01 -4.950485e+00
      vertex   -5.157651e+01 1.125000e+01 -4.992933e+00
      vertex   -5.157651e+01 1.850000e+01 -4.992933e+00
    endloop
  endfacet
  facet normal 2.099924e-01 4.116099e-16 -9.777030e-01
    outer loop
      vertex   -5.157651e+01 1.850000e+01 -4.992933e+00
      vertex   -5.157651e+01 1.125000e+01 -4.992933e+00
      vertex   -5.175500e+01 1.125000e+01 -5.031269e+00
    endloop
  endfacet
  facet normal 2.099924e-01 0.000000e+00 -9.777030e-01
    outer loop
      vertex   -5.157651e+01 1.850000e+01 -4.992933e+00
      vertex   -5.175500e+01 1.125000e+01 -5.031269e+00
      vertex   -5.175500e+01 1.850000e+01 -5.031269e+00
    endloop
  endfacet
  facet normal 3.723241e-01 0.000000e+00 -9.281028e-01
    outer loop
      vertex   -5.126661e+01 4.000000e+00 -4.884030e+00
      vertex   -5.143226e+01 4.000000e+00 -4.950485e+00
      vertex   -5.126661e+01 8.833333e+00 -4.884030e+00
    endloop
  endfacet
  facet normal 3.723241e-01 0.000000e+00 -9.281028e-01
    outer loop
      vertex   -5.126661e+01 8.833333e+00 -4.884030e+00
      vertex   -5.143226e+01 4.000000e+00 -4.950485e+00
      vertex   -5.143226e+01 1.850000e+01 -4.950485e+00
    endloop
  endfacet
  facet normal 3.723241e-01 0.000000e+00 -9.281028e-01
    outer loop
      vertex   -5.126661e+01 8.833333e+00 -4.884030e+00
      vertex   -5.143226e+01 1.850000e+01 -4.950485e+00
      vertex   -5.126661e+01 1.366667e+01 -4.884030e+00
    endloop
  endfacet
  facet normal 3.723241e-01 0.000000e+00 -9.281028e-01
    outer loop
      vertex   -5.126661e+01 1.366667e+01 -4.884030e+00
      vertex   -5.143226e+01 1.850000e+01 -4.950485e+00
      vertex   -5.126661e+01 1.850000e+01 -4.884030e+00
    endloop
  endfacet
  facet normal 4.793665e-01 0.000000e+00 -8.776148e-01
    outer loop
      vertex   -5.126661e+01 1.366667e+01 -4.884030e+00
      vertex   -5.126661e+01 1.850000e+01 -4.884030e+00
      vertex   -5.118942e+01 1.850000e+01 -4.841868e+00
    endloop
  endfacet
  facet normal 4.793665e-01 0.000000e+00 -8.776148e-01
    outer loop
      vertex   -5.118942e+01 1.850000e+01 -4.841868e+00
      vertex   -5.118942e+01 4.000000e+00 -4.841868e+00
      vertex   -5.126661e+01 1.366667e+01 -4.884030e+00
    endloop
  endfacet
  facet normal 4.793665e-01 0.000000e+00 -8.776148e-01
    outer loop
      vertex   -5.126661e+01 1.366667e+01 -4.884030e+00
      vertex   -5.118942e+01 4.000000e+00 -4.841868e+00
      vertex   -5.126661e+01 8.833333e+00 -4.884030e+00
    endloop
  endfacet
  facet normal 4.793665e-01 0.000000e+00 -8.776148e-01
    outer loop
      vertex   -5.118942e+01 4.000000e+00 -4.841868e+00
      vertex   -5.126661e+01 4.000000e+00 -4.884030e+00
      vertex   -5.126661e+01 8.833333e+00 -4.884030e+00
    endloop
  endfacet
  facet normal 5.922035e-01 0.000000e+00 -8.057885e-01
    outer loop
      vertex   -5.052869e+01 4.000000e+00 -4.356278e+00
      vertex   -5.118942e+01 4.000000e+00 -4.841868e+00
      vertex   -5.052869e+01 1.650000e+01 -4.356278e+00
    endloop
  endfacet
  facet normal 5.922035e-01 0.000000e+00 -8.057885e-01
    outer loop
      vertex   -5.052869e+01 1.650000e+01 -4.356278e+00
      vertex   -5.118942e+01 4.000000e+00 -4.841868e+00
      vertex   -5.118942e+01 1.850000e+01 -4.841868e+00
    endloop
  endfacet
  facet normal 5.922035e-01 -1.073526e-15 -8.057885e-01
    outer loop
      vertex   -5.052869e+01 1.650000e+01 -4.356278e+00
      vertex   -5.118942e+01 1.850000e+01 -4.841868e+00
      vertex   -5.052869e+01 1.850000e+01 -4.356278e+00
    endloop
  endfacet
  facet normal -8.008129e-01 2.659715e-16 -5.989146e-01
    outer loop
      vertex   -5.047866e+01 1.650000e+01 -4.423180e+00
      vertex   -5.052869e+01 1.650000e+01 -4.356278e+00
      vertex   -5.047866e+01 1.850000e+01 -4.423180e+00
    endloop
  endfacet
  facet normal -8.008129e-01 -7.994284e-16 -5.989146e-01
    outer loop
      vertex   -5.047866e+01 1.850000e+01 -4.423180e+00
      vertex   -5.052869e+01 1.650000e+01 -4.356278e+00
      vertex   -5.052869e+01 1.850000e+01 -4.356278e+00
    endloop
  endfacet
  facet normal -5.922035e-01 -0.000000e+00 -8.057885e-01
    outer loop
      vertex   -4.247081e+01 1.850000e+01 -4.356278e+00
      vertex   -4.181008e+01 1.850000e+01 -4.841868e+00
      vertex   -4.247081e+01 1.650000e+01 -4.356278e+00
    endloop
  endfacet
  facet normal -5.922035e-01 0.000000e+00 -8.057885e-01
    outer loop
      vertex   -4.247081e+01 1.650000e+01 -4.356278e+00
      vertex   -4.181008e+01 1.850000e+01 -4.841868e+00
      vertex   -4.181008e+01 4.000000e+00 -4.841868e+00
    endloop
  endfacet
  facet normal -5.922035e-01 -0.000000e+00 -8.057885e-01
    outer loop
      vertex   -4.247081e+01 1.650000e+01 -4.356278e+00
      vertex   -4.181008e+01 4.000000e+00 -4.841868e+00
      vertex   -4.247081e+01 4.000000e+00 -4.356278e+00
    endloop
  endfacet
  facet normal -4.793665e-01 0.000000e+00 -8.776148e-01
    outer loop
      vertex   -4.173290e+01 4.000000e+00 -4.884030e+00
      vertex   -4.181008e+01 4.000000e+00 -4.841868e+00
      vertex   -4.173290e+01 8.833333e+00 -4.884030e+00
    endloop
  endfacet
  facet normal -4.793665e-01 0.000000e+00 -8.776148e-01
    outer loop
      vertex   -4.173290e+01 8.833333e+00 -4.884030e+00
      vertex   -4.181008e+01 4.000000e+00 -4.841868e+00
      vertex   -4.181008e+01 1.850000e+01 -4.841868e+00
    endloop
  endfacet
  facet normal -4.793665e-01 0.000000e+00 -8.776148e-01
    outer loop
      vertex   -4.173290e+01 8.833333e+00 -4.884030e+00
      vertex   -4.181008e+01 1.850000e+01 -4.841868e+00
      vertex   -4.173290e+01 1.366667e+01 -4.884030e+00
    endloop
  endfacet
  facet normal -4.793665e-01 0.000000e+00 -8.776148e-01
    outer loop
      vertex   -4.173290e+01 1.366667e+01 -4.884030e+00
      vertex   -4.181008e+01 1.850000e+01 -4.841868e+00
      vertex   -4.173290e+01 1.850000e+01 -4.884030e+00
    endloop
  endfacet
  facet normal -3.723241e-01 0.000000e+00 -9.281028e-01
    outer loop
      vertex   -4.173290e+01 1.366667e+01 -4.884030e+00
      vertex   -4.173290e+01 1.850000e+01 -4.884030e+00
      vertex   -4.156724e+01 1.850000e+01 -4.950485e+00
    endloop
  endfacet
  facet normal -3.723241e-01 -0.000000e+00 -9.281028e-01
    outer loop
      vertex   -4.156724e+01 1.850000e+01 -4.950485e+00
      vertex   -4.156724e+01 4.000000e+00 -4.950485e+00
      vertex   -4.173290e+01 1.366667e+01 -4.884030e+00
    endloop
  endfacet
  facet normal -3.723241e-01 -0.000000e+00 -9.281028e-01
    outer loop
      vertex   -4.173290e+01 1.366667e+01 -4.884030e+00
      vertex   -4.156724e+01 4.000000e+00 -4.950485e+00
      vertex   -4.173290e+01 8.833333e+00 -4.884030e+00
    endloop
  endfacet
  facet normal -3.723241e-01 0.000000e+00 -9.281028e-01
    outer loop
      vertex   -4.156724e+01 4.000000e+00 -4.950485e+00
      vertex   -4.173290e+01 4.000000e+00 -4.884030e+00
      vertex   -4.173290e+01 8.833333e+00 -4.884030e+00
    endloop
  endfacet
  facet normal -2.823063e-01 0.000000e+00 -9.593243e-01
    outer loop
      vertex   -4.142300e+01 4.000000e+00 -4.992933e+00
      vertex   -4.156724e+01 4.000000e+00 -4.950485e+00
      vertex   -4.142300e+01 1.125000e+01 -4.992933e+00
    endloop
  endfacet
  facet normal -2.823063e-01 0.000000e+00 -9.593243e-01
    outer loop
      vertex   -4.142300e+01 1.125000e+01 -4.992933e+00
      vertex   -4.156724e+01 4.000000e+00 -4.950485e+00
      vertex   -4.156724e+01 1.850000e+01 -4.950485e+00
    endloop
  endfacet
  facet normal -2.823063e-01 0.000000e+00 -9.593243e-01
    outer loop
      vertex   -4.142300e+01 1.125000e+01 -4.992933e+00
      vertex   -4.156724e+01 1.850000e+01 -4.950485e+00
      vertex   -4.142300e+01 1.850000e+01 -4.992933e+00
    endloop
  endfacet
  facet normal -2.099924e-01 -0.000000e+00 -9.777030e-01
    outer loop
      vertex   -4.142300e+01 1.850000e+01 -4.992933e+00
      vertex   -4.124451e+01 1.850000e+01 -5.031269e+00
      vertex   -4.142300e+01 1.125000e+01 -4.992933e+00
    endloop
  endfacet
  facet normal -2.099924e-01 -4.115397e-16 -9.777030e-01
    outer loop
      vertex   -4.142300e+01 1.125000e+01 -4.992933e+00
      vertex   -4.124451e+01 1.850000e+01 -5.031269e+00
      vertex   -4.124451e+01 1.125000e+01 -5.031269e+00
    endloop
  endfacet
  facet normal -2.099924e-01 -0.000000e+00 -9.777030e-01
    outer loop
      vertex   -4.142300e+01 1.125000e+01 -4.992933e+00
      vertex   -4.124451e+01 1.125000e+01 -5.031269e+00
      vertex   -4.142300e+01 4.000000e+00 -4.992933e+00
    endloop
  endfacet
  facet normal -2.099924e-01 4.115397e-16 -9.777030e-01
    outer loop
      vertex   -4.142300e+01 4.000000e+00 -4.992933e+00
      vertex   -4.124451e+01 1.125000e+01 -5.031269e+00
      vertex   -4.124451e+01 4.000000e+00 -5.031269e+00
    endloop
  endfacet
  facet normal -1.363944e-01 2.673491e-16 -9.906546e-01
    outer loop
      vertex   -4.124451e+01 4.000000e+00 -5.031269e+00
      vertex   -4.124451e+01 1.125000e+01 -5.031269e+00
      vertex   -4.103093e+01 1.125000e+01 -5.060674e+00
    endloop
  endfacet
  facet normal -1.363944e-01 1.209757e-16 -9.906546e-01
    outer loop
      vertex   -4.124451e+01 4.000000e+00 -5.031269e+00
      vertex   -4.103093e+01 1.125000e+01 -5.060674e+00
      vertex   -4.103093e+01 4.000000e+00 -5.060674e+00
    endloop
  endfacet
  facet normal -6.261386e-02 1.222670e-16 -9.980378e-01
    outer loop
      vertex   -4.103093e+01 4.000000e+00 -5.060674e+00
      vertex   -4.103093e+01 1.125000e+01 -5.060674e+00
      vertex   -4.078145e+01 4.000000e+00 -5.076326e+00
    endloop
  endfacet
  facet normal -6.261386e-02 0.000000e+00 -9.980378e-01
    outer loop
      vertex   -4.078145e+01 4.000000e+00 -5.076326e+00
      vertex   -4.103093e+01 1.125000e+01 -5.060674e+00
      vertex   -4.078145e+01 1.850000e+01 -5.076326e+00
    endloop
  endfacet
  facet normal -6.261386e-02 -1.222807e-16 -9.980378e-01
    outer loop
      vertex   -4.078145e+01 1.850000e+01 -5.076326e+00
      vertex   -4.103093e+01 1.125000e+01 -5.060674e+00
      vertex   -4.103093e+01 1.850000e+01 -5.060674e+00
    endloop
  endfacet
  facet normal -1.363944e-01 -1.213625e-16 -9.906546e-01
    outer loop
      vertex   -4.103093e+01 1.850000e+01 -5.060674e+00
      vertex   -4.103093e+01 1.125000e+01 -5.060674e+00
      vertex   -4.124451e+01 1.125000e+01 -5.031269e+00
    endloop
  endfacet
  facet normal -1.363944e-01 -2.669235e-16 -9.906546e-01
    outer loop
      vertex   -4.103093e+01 1.850000e+01 -5.060674e+00
      vertex   -4.124451e+01 1.125000e+01 -5.031269e+00
      vertex   -4.124451e+01 1.850000e+01 -5.031269e+00
    endloop
  endfacet
  facet normal 8.660254e-01 0.000000e+00 -5.000000e-01
    outer loop
      vertex   -4.078145e+01 1.850000e+01 -5.076326e+00
      vertex   -4.045271e+01 1.850000e+01 -4.506921e+00
      vertex   -4.078145e+01 4.000000e+00 -5.076326e+00
    endloop
  endfacet
  facet normal 8.660254e-01 0.000000e+00 -5.000000e-01
    outer loop
      vertex   -4.078145e+01 4.000000e+00 -5.076326e+00
      vertex   -4.045271e+01 1.850000e+01 -4.506921e+00
      vertex   -4.045271e+01 4.000000e+00 -4.506921e+00
    endloop
  endfacet
  facet normal 8.330192e-01 1.700592e-15 5.532441e-01
    outer loop
      vertex   -4.059100e+01 4.000000e+00 -4.298688e+00
      vertex   -4.045271e+01 4.000000e+00 -4.506921e+00
      vertex   -4.059100e+01 1.125000e+01 -4.298688e+00
    endloop
  endfacet
  facet normal 8.330192e-01 0.000000e+00 5.532441e-01
    outer loop
      vertex   -4.059100e+01 1.125000e+01 -4.298688e+00
      vertex   -4.045271e+01 4.000000e+00 -4.506921e+00
      vertex   -4.045271e+01 1.850000e+01 -4.506921e+00
    endloop
  endfacet
  facet normal 8.330192e-01 -1.700592e-15 5.532441e-01
    outer loop
      vertex   -4.059100e+01 1.125000e+01 -4.298688e+00
      vertex   -4.045271e+01 1.850000e+01 -4.506921e+00
      vertex   -4.059100e+01 1.850000e+01 -4.298688e+00
    endloop
  endfacet
  facet normal 7.897349e-01 -1.623125e-15 6.134483e-01
    outer loop
      vertex   -4.059100e+01 1.850000e+01 -4.298688e+00
      vertex   -4.072325e+01 1.850000e+01 -4.128432e+00
      vertex   -4.059100e+01 1.125000e+01 -4.298688e+00
    endloop
  endfacet
  facet normal 7.897349e-01 0.000000e+00 6.134483e-01
    outer loop
      vertex   -4.059100e+01 1.125000e+01 -4.298688e+00
      vertex   -4.072325e+01 1.850000e+01 -4.128432e+00
      vertex   -4.072325e+01 1.125000e+01 -4.128432e+00
    endloop
  endfacet
  facet normal 7.897349e-01 1.623125e-15 6.134483e-01
    outer loop
      vertex   -4.059100e+01 1.125000e+01 -4.298688e+00
      vertex   -4.072325e+01 1.125000e+01 -4.128432e+00
      vertex   -4.059100e+01 4.000000e+00 -4.298688e+00
    endloop
  endfacet
  facet normal 7.897349e-01 0.000000e+00 6.134483e-01
    outer loop
      vertex   -4.059100e+01 4.000000e+00 -4.298688e+00
      vertex   -4.072325e+01 1.125000e+01 -4.128432e+00
      vertex   -4.072325e+01 4.000000e+00 -4.128432e+00
    endloop
  endfacet
  facet normal 7.417194e-01 -0.000000e+00 6.707103e-01
    outer loop
      vertex   -4.072325e+01 4.000000e+00 -4.128432e+00
      vertex   -4.072325e+01 1.125000e+01 -4.128432e+00
      vertex   -4.084570e+01 1.125000e+01 -3.993022e+00
    endloop
  endfacet
  facet normal 7.417194e-01 -6.867732e-16 6.707103e-01
    outer loop
      vertex   -4.072325e+01 4.000000e+00 -4.128432e+00
      vertex   -4.084570e+01 1.125000e+01 -3.993022e+00
      vertex   -4.084570e+01 4.000000e+00 -3.993022e+00
    endloop
  endfacet
  facet normal 6.896461e-01 -6.315372e-16 7.241466e-01
    outer loop
      vertex   -4.084570e+01 4.000000e+00 -3.993022e+00
      vertex   -4.084570e+01 1.125000e+01 -3.993022e+00
      vertex   -4.095458e+01 4.000000e+00 -3.889327e+00
    endloop
  endfacet
  facet normal 6.896461e-01 -0.000000e+00 7.241466e-01
    outer loop
      vertex   -4.095458e+01 4.000000e+00 -3.889327e+00
      vertex   -4.084570e+01 1.125000e+01 -3.993022e+00
      vertex   -4.095458e+01 1.850000e+01 -3.889327e+00
    endloop
  endfacet
  facet normal 6.896461e-01 6.301663e-16 7.241466e-01
    outer loop
      vertex   -4.095458e+01 1.850000e+01 -3.889327e+00
      vertex   -4.084570e+01 1.125000e+01 -3.993022e+00
      vertex   -4.084570e+01 1.850000e+01 -3.993022e+00
    endloop
  endfacet
  facet normal 7.417194e-01 6.858453e-16 6.707103e-01
    outer loop
      vertex   -4.084570e+01 1.850000e+01 -3.993022e+00
      vertex   -4.084570e+01 1.125000e+01 -3.993022e+00
      vertex   -4.072325e+01 1.125000e+01 -4.128432e+00
    endloop
  endfacet
  facet normal 7.417194e-01 0.000000e+00 6.707103e-01
    outer loop
      vertex   -4.084570e+01 1.850000e+01 -3.993022e+00
      vertex   -4.072325e+01 1.125000e+01 -4.128432e+00
      vertex   -4.072325e+01 1.850000e+01 -4.128432e+00
    endloop
  endfacet
  facet normal 6.175986e-01 1.815849e-15 7.864935e-01
    outer loop
      vertex   -4.109496e+01 4.000000e+00 -3.779093e+00
      vertex   -4.095458e+01 4.000000e+00 -3.889327e+00
      vertex   -4.109496e+01 8.833333e+00 -3.779093e+00
    endloop
  endfacet
  facet normal 6.175986e-01 0.000000e+00 7.864935e-01
    outer loop
      vertex   -4.109496e+01 8.833333e+00 -3.779093e+00
      vertex   -4.095458e+01 4.000000e+00 -3.889327e+00
      vertex   -4.095458e+01 1.850000e+01 -3.889327e+00
    endloop
  endfacet
  facet normal 6.175986e-01 -0.000000e+00 7.864935e-01
    outer loop
      vertex   -4.109496e+01 8.833333e+00 -3.779093e+00
      vertex   -4.095458e+01 1.850000e+01 -3.889327e+00
      vertex   -4.109496e+01 1.366667e+01 -3.779093e+00
    endloop
  endfacet
  facet normal 6.175986e-01 -1.815849e-15 7.864935e-01
    outer loop
      vertex   -4.109496e+01 1.366667e+01 -3.779093e+00
      vertex   -4.095458e+01 1.850000e+01 -3.889327e+00
      vertex   -4.109496e+01 1.850000e+01 -3.779093e+00
    endloop
  endfacet
  facet normal 5.203535e-01 -1.529931e-15 8.539510e-01
    outer loop
      vertex   -4.109496e+01 1.366667e+01 -3.779093e+00
      vertex   -4.109496e+01 1.850000e+01 -3.779093e+00
      vertex   -4.117007e+01 1.850000e+01 -3.733327e+00
    endloop
  endfacet
  facet normal 5.203535e-01 0.000000e+00 8.539510e-01
    outer loop
      vertex   -4.117007e+01 1.850000e+01 -3.733327e+00
      vertex   -4.117007e+01 4.000000e+00 -3.733327e+00
      vertex   -4.109496e+01 1.366667e+01 -3.779093e+00
    endloop
  endfacet
  facet normal 5.203535e-01 0.000000e+00 8.539510e-01
    outer loop
      vertex   -4.109496e+01 1.366667e+01 -3.779093e+00
      vertex   -4.117007e+01 4.000000e+00 -3.733327e+00
      vertex   -4.109496e+01 8.833333e+00 -3.779093e+00
    endloop
  endfacet
  facet normal 5.203535e-01 1.530266e-15 8.539510e-01
    outer loop
      vertex   -4.117007e+01 4.000000e+00 -3.733327e+00
      vertex   -4.109496e+01 4.000000e+00 -3.779093e+00
      vertex   -4.109496e+01 8.833333e+00 -3.779093e+00
    endloop
  endfacet
  facet normal 4.017315e-01 0.000000e+00 9.157575e-01
    outer loop
      vertex   -4.117007e+01 1.850000e+01 -3.733327e+00
      vertex   -4.192096e+01 1.850000e+01 -3.403918e+00
      vertex   -4.117007e+01 4.000000e+00 -3.733327e+00
    endloop
  endfacet
  facet normal 4.017315e-01 0.000000e+00 9.157575e-01
    outer loop
      vertex   -4.117007e+01 4.000000e+00 -3.733327e+00
      vertex   -4.192096e+01 1.850000e+01 -3.403918e+00
      vertex   -4.192096e+01 4.000000e+00 -3.403918e+00
    endloop
  endfacet
  facet normal 9.345574e-01 0.000000e+00 -3.558123e-01
    outer loop
      vertex   -4.192096e+01 1.850000e+01 -3.403918e+00
      vertex   -4.174447e+01 1.850000e+01 -2.940345e+00
      vertex   -4.192096e+01 4.000000e+00 -3.403918e+00
    endloop
  endfacet
  facet normal 9.345574e-01 0.000000e+00 -3.558123e-01
    outer loop
      vertex   -4.192096e+01 4.000000e+00 -3.403918e+00
      vertex   -4.174447e+01 1.850000e+01 -2.940345e+00
      vertex   -4.174447e+01 4.000000e+00 -2.940345e+00
    endloop
  endfacet
  facet normal 9.652141e-01 0.000000e+00 -2.614609e-01
    outer loop
      vertex   -4.174447e+01 4.000000e+00 -2.940345e+00
      vertex   -4.174447e+01 1.850000e+01 -2.940345e+00
      vertex   -4.161478e+01 1.850000e+01 -2.461566e+00
    endloop
  endfacet
  facet normal 9.652141e-01 0.000000e+00 -2.614609e-01
    outer loop
      vertex   -4.174447e+01 4.000000e+00 -2.940345e+00
      vertex   -4.161478e+01 1.850000e+01 -2.461566e+00
      vertex   -4.161478e+01 4.000000e+00 -2.461566e+00
    endloop
  endfacet
  facet normal -2.132611e-01 -0.000000e+00 -9.769952e-01
    outer loop
      vertex   -4.161478e+01 1.850000e+01 -2.461566e+00
      vertex   -4.081367e+01 1.850000e+01 -2.636434e+00
      vertex   -4.161478e+01 4.000000e+00 -2.461566e+00
    endloop
  endfacet
  facet normal -2.132611e-01 0.000000e+00 -9.769952e-01
    outer loop
      vertex   -4.161478e+01 4.000000e+00 -2.461566e+00
      vertex   -4.081367e+01 1.850000e+01 -2.636434e+00
      vertex   -4.081367e+01 4.000000e+00 -2.636434e+00
    endloop
  endfacet
  facet normal -8.096498e-02 0.000000e+00 -9.967169e-01
    outer loop
      vertex   -4.072600e+01 4.000000e+00 -2.643555e+00
      vertex   -4.081367e+01 4.000000e+00 -2.636434e+00
      vertex   -4.072600e+01 8.833333e+00 -2.643555e+00
    endloop
  endfacet
  facet normal -8.096498e-02 0.000000e+00 -9.967169e-01
    outer loop
      vertex   -4.072600e+01 8.833333e+00 -2.643555e+00
      vertex   -4.081367e+01 4.000000e+00 -2.636434e+00
      vertex   -4.081367e+01 1.850000e+01 -2.636434e+00
    endloop
  endfacet
  facet normal -8.096498e-02 0.000000e+00 -9.967169e-01
    outer loop
      vertex   -4.072600e+01 8.833333e+00 -2.643555e+00
      vertex   -4.081367e+01 1.850000e+01 -2.636434e+00
      vertex   -4.072600e+01 1.366667e+01 -2.643555e+00
    endloop
  endfacet
  facet normal -8.096498e-02 0.000000e+00 -9.967169e-01
    outer loop
      vertex   -4.072600e+01 1.366667e+01 -2.643555e+00
      vertex   -4.081367e+01 1.850000e+01 -2.636434e+00
      vertex   -4.072600e+01 1.850000e+01 -2.643555e+00
    endloop
  endfacet
  facet normal 3.735846e-02 0.000000e+00 -9.993019e-01
    outer loop
      vertex   -4.072600e+01 1.366667e+01 -2.643555e+00
      vertex   -4.072600e+01 1.850000e+01 -2.643555e+00
      vertex   -4.054764e+01 1.850000e+01 -2.636887e+00
    endloop
  endfacet
  facet normal 3.735846e-02 0.000000e+00 -9.993019e-01
    outer loop
      vertex   -4.054764e+01 1.850000e+01 -2.636887e+00
      vertex   -4.054764e+01 4.000000e+00 -2.636887e+00
      vertex   -4.072600e+01 1.366667e+01 -2.643555e+00
    endloop
  endfacet
  facet normal 3.735846e-02 0.000000e+00 -9.993019e-01
    outer loop
      vertex   -4.072600e+01 1.366667e+01 -2.643555e+00
      vertex   -4.054764e+01 4.000000e+00 -2.636887e+00
      vertex   -4.072600e+01 8.833333e+00 -2.643555e+00
    endloop
  endfacet
  facet normal 3.735846e-02 0.000000e+00 -9.993019e-01
    outer loop
      vertex   -4.054764e+01 4.000000e+00 -2.636887e+00
      vertex   -4.072600e+01 4.000000e+00 -2.643555e+00
      vertex   -4.072600e+01 8.833333e+00 -2.643555e+00
    endloop
  endfacet
  facet normal 1.322928e-01 0.000000e+00 -9.912107e-01
    outer loop
      vertex   -4.039860e+01 4.000000e+00 -2.616996e+00
      vertex   -4.054764e+01 4.000000e+00 -2.636887e+00
      vertex   -4.039860e+01 1.125000e+01 -2.616996e+00
    endloop
  endfacet
  facet normal 1.322928e-01 0.000000e+00 -9.912107e-01
    outer loop
      vertex   -4.039860e+01 1.125000e+01 -2.616996e+00
      vertex   -4.054764e+01 4.000000e+00 -2.636887e+00
      vertex   -4.054764e+01 1.850000e+01 -2.636887e+00
    endloop
  endfacet
  facet normal 1.322928e-01 0.000000e+00 -9.912107e-01
    outer loop
      vertex   -4.039860e+01 1.125000e+01 -2.616996e+00
      vertex   -4.054764e+01 1.850000e+01 -2.636887e+00
      vertex   -4.039860e+01 1.850000e+01 -2.616996e+00
    endloop
  endfacet
  facet normal 2.058300e-01 0.000000e+00 -9.785878e-01
    outer loop
      vertex   -4.039860e+01 1.850000e+01 -2.616996e+00
      vertex   -4.021995e+01 1.850000e+01 -2.579419e+00
      vertex   -4.039860e+01 1.125000e+01 -2.616996e+00
    endloop
  endfacet
  facet normal 2.058300e-01 0.000000e+00 -9.785878e-01
    outer loop
      vertex   -4.039860e+01 1.125000e+01 -2.616996e+00
      vertex   -4.021995e+01 1.850000e+01 -2.579419e+00
      vertex   -4.021995e+01 1.125000e+01 -2.579419e+00
    endloop
  endfacet
  facet normal 2.058300e-01 0.000000e+00 -9.785878e-01
    outer loop
      vertex   -4.039860e+01 1.125000e+01 -2.616996e+00
      vertex   -4.021995e+01 1.125000e+01 -2.579419e+00
      vertex   -4.039860e+01 4.000000e+00 -2.616996e+00
    endloop
  endfacet
  facet normal 2.058300e-01 0.000000e+00 -9.785878e-01
    outer loop
      vertex   -4.039860e+01 4.000000e+00 -2.616996e+00
      vertex   -4.021995e+01 1.125000e+01 -2.579419e+00
      vertex   -4.021995e+01 4.000000e+00 -2.579419e+00
    endloop
  endfacet
  facet normal 2.783331e-01 0.000000e+00 -9.604846e-01
    outer loop
      vertex   -4.021995e+01 4.000000e+00 -2.579419e+00
      vertex   -4.021995e+01 1.125000e+01 -2.579419e+00
      vertex   -4.001288e+01 1.125000e+01 -2.519414e+00
    endloop
  endfacet
  facet normal 2.783331e-01 -5.882306e-17 -9.604846e-01
    outer loop
      vertex   -4.021995e+01 4.000000e+00 -2.579419e+00
      vertex   -4.001288e+01 1.125000e+01 -2.519414e+00
      vertex   -4.001288e+01 4.000000e+00 -2.519414e+00
    endloop
  endfacet
  facet normal 3.487379e-01 -5.740819e-17 -9.372203e-01
    outer loop
      vertex   -4.001288e+01 4.000000e+00 -2.519414e+00
      vertex   -4.001288e+01 1.125000e+01 -2.519414e+00
      vertex   -3.977860e+01 4.000000e+00 -2.432239e+00
    endloop
  endfacet
  facet normal 3.487379e-01 0.000000e+00 -9.372203e-01
    outer loop
      vertex   -3.977860e+01 4.000000e+00 -2.432239e+00
      vertex   -4.001288e+01 1.125000e+01 -2.519414e+00
      vertex   -3.977860e+01 1.850000e+01 -2.432239e+00
    endloop
  endfacet
  facet normal 3.487379e-01 5.743125e-17 -9.372203e-01
    outer loop
      vertex   -3.977860e+01 1.850000e+01 -2.432239e+00
      vertex   -4.001288e+01 1.125000e+01 -2.519414e+00
      vertex   -4.001288e+01 1.850000e+01 -2.519414e+00
    endloop
  endfacet
  facet normal 2.783331e-01 5.883322e-17 -9.604846e-01
    outer loop
      vertex   -4.001288e+01 1.850000e+01 -2.519414e+00
      vertex   -4.001288e+01 1.125000e+01 -2.519414e+00
      vertex   -4.021995e+01 1.125000e+01 -2.579419e+00
    endloop
  endfacet
  facet normal 2.783331e-01 0.000000e+00 -9.604846e-01
    outer loop
      vertex   -4.001288e+01 1.850000e+01 -2.519414e+00
      vertex   -4.021995e+01 1.125000e+01 -2.579419e+00
      vertex   -4.021995e+01 1.850000e+01 -2.579419e+00
    endloop
  endfacet
  facet normal 9.945219e-01 0.000000e+00 -1.045285e-01
    outer loop
      vertex   -3.977860e+01 1.850000e+01 -2.432239e+00
      vertex   -3.970987e+01 1.850000e+01 -1.778348e+00
      vertex   -3.977860e+01 4.000000e+00 -2.432239e+00
    endloop
  endfacet
  facet normal 9.945219e-01 0.000000e+00 -1.045285e-01
    outer loop
      vertex   -3.977860e+01 4.000000e+00 -2.432239e+00
      vertex   -3.970987e+01 1.850000e+01 -1.778348e+00
      vertex   -3.970987e+01 4.000000e+00 -1.778348e+00
    endloop
  endfacet
  facet normal 5.359762e-01 -0.000000e+00 8.442331e-01
    outer loop
      vertex   -3.992091e+01 4.000000e+00 -1.644368e+00
      vertex   -3.970987e+01 4.000000e+00 -1.778348e+00
      vertex   -3.992091e+01 1.125000e+01 -1.644368e+00
    endloop
  endfacet
  facet normal 5.359762e-01 0.000000e+00 8.442331e-01
    outer loop
      vertex   -3.992091e+01 1.125000e+01 -1.644368e+00
      vertex   -3.970987e+01 4.000000e+00 -1.778348e+00
      vertex   -3.970987e+01 1.850000e+01 -1.778348e+00
    endloop
  endfacet
  facet normal 5.359762e-01 -0.000000e+00 8.442331e-01
    outer loop
      vertex   -3.992091e+01 1.125000e+01 -1.644368e+00
      vertex   -3.970987e+01 1.850000e+01 -1.778348e+00
      vertex   -3.992091e+01 1.850000e+01 -1.644368e+00
    endloop
  endfacet
  facet normal 4.719468e-01 0.000000e+00 8.816270e-01
    outer loop
      vertex   -3.992091e+01 1.850000e+01 -1.644368e+00
      vertex   -4.011098e+01 1.850000e+01 -1.542623e+00
      vertex   -3.992091e+01 1.125000e+01 -1.644368e+00
    endloop
  endfacet
  facet normal 4.719468e-01 9.256308e-16 8.816270e-01
    outer loop
      vertex   -3.992091e+01 1.125000e+01 -1.644368e+00
      vertex   -4.011098e+01 1.850000e+01 -1.542623e+00
      vertex   -4.011098e+01 1.125000e+01 -1.542623e+00
    endloop
  endfacet
  facet normal 4.719468e-01 0.000000e+00 8.816270e-01
    outer loop
      vertex   -3.992091e+01 1.125000e+01 -1.644368e+00
      vertex   -4.011098e+01 1.125000e+01 -1.542623e+00
      vertex   -3.992091e+01 4.000000e+00 -1.644368e+00
    endloop
  endfacet
  facet normal 4.719468e-01 -9.256308e-16 8.816270e-01
    outer loop
      vertex   -3.992091e+01 4.000000e+00 -1.644368e+00
      vertex   -4.011098e+01 1.125000e+01 -1.542623e+00
      vertex   -4.011098e+01 4.000000e+00 -1.542623e+00
    endloop
  endfacet
  facet normal 4.047920e-01 -7.934400e-16 9.144088e-01
    outer loop
      vertex   -4.011098e+01 4.000000e+00 -1.542623e+00
      vertex   -4.011098e+01 1.125000e+01 -1.542623e+00
      vertex   -4.027791e+01 1.125000e+01 -1.468723e+00
    endloop
  endfacet
  facet normal 4.047920e-01 -2.752335e-17 9.144088e-01
    outer loop
      vertex   -4.011098e+01 4.000000e+00 -1.542623e+00
      vertex   -4.027791e+01 1.125000e+01 -1.468723e+00
      vertex   -4.027791e+01 4.000000e+00 -1.468723e+00
    endloop
  endfacet
  facet normal 3.354861e-01 -2.885187e-17 9.420451e-01
    outer loop
      vertex   -4.027791e+01 4.000000e+00 -1.468723e+00
      vertex   -4.027791e+01 1.125000e+01 -1.468723e+00
      vertex   -4.041956e+01 4.000000e+00 -1.418280e+00
    endloop
  endfacet
  facet normal 3.354861e-01 -1.442593e-17 9.420451e-01
    outer loop
      vertex   -4.041956e+01 4.000000e+00 -1.418280e+00
      vertex   -4.027791e+01 1.125000e+01 -1.468723e+00
      vertex   -4.041956e+01 1.850000e+01 -1.418280e+00
    endloop
  endfacet
  facet normal 3.354861e-01 2.864392e-17 9.420451e-01
    outer loop
      vertex   -4.041956e+01 1.850000e+01 -1.418280e+00
      vertex   -4.027791e+01 1.125000e+01 -1.468723e+00
      vertex   -4.027791e+01 1.850000e+01 -1.468723e+00
    endloop
  endfacet
  facet normal 4.047920e-01 2.800545e-17 9.144088e-01
    outer loop
      vertex   -4.027791e+01 1.850000e+01 -1.468723e+00
      vertex   -4.027791e+01 1.125000e+01 -1.468723e+00
      vertex   -4.011098e+01 1.125000e+01 -1.542623e+00
    endloop
  endfacet
  facet normal 4.047920e-01 7.929347e-16 9.144088e-01
    outer loop
      vertex   -4.027791e+01 1.850000e+01 -1.468723e+00
      vertex   -4.011098e+01 1.125000e+01 -1.542623e+00
      vertex   -4.011098e+01 1.850000e+01 -1.542623e+00
    endloop
  endfacet
  facet normal 2.443086e-01 -3.146071e-16 9.696975e-01
    outer loop
      vertex   -4.059264e+01 4.000000e+00 -1.374674e+00
      vertex   -4.041956e+01 4.000000e+00 -1.418280e+00
      vertex   -4.059264e+01 8.833333e+00 -1.374674e+00
    endloop
  endfacet
  facet normal 2.443086e-01 -1.508122e-17 9.696975e-01
    outer loop
      vertex   -4.059264e+01 8.833333e+00 -1.374674e+00
      vertex   -4.041956e+01 4.000000e+00 -1.418280e+00
      vertex   -4.041956e+01 1.850000e+01 -1.418280e+00
    endloop
  endfacet
  facet normal 2.443086e-01 -0.000000e+00 9.696975e-01
    outer loop
      vertex   -4.059264e+01 8.833333e+00 -1.374674e+00
      vertex   -4.041956e+01 1.850000e+01 -1.418280e+00
      vertex   -4.059264e+01 1.366667e+01 -1.374674e+00
    endloop
  endfacet
  facet normal 2.443086e-01 3.146071e-16 9.696975e-01
    outer loop
      vertex   -4.059264e+01 1.366667e+01 -1.374674e+00
      vertex   -4.041956e+01 1.850000e+01 -1.418280e+00
      vertex   -4.059264e+01 1.850000e+01 -1.374674e+00
    endloop
  endfacet
  facet normal 1.280334e-01 1.426583e-16 9.917699e-01
    outer loop
      vertex   -4.059264e+01 1.366667e+01 -1.374674e+00
      vertex   -4.059264e+01 1.850000e+01 -1.374674e+00
      vertex   -4.067987e+01 1.850000e+01 -1.363413e+00
    endloop
  endfacet
  facet normal 1.280334e-01 0.000000e+00 9.917699e-01
    outer loop
      vertex   -4.067987e+01 1.850000e+01 -1.363413e+00
      vertex   -4.067987e+01 4.000000e+00 -1.363413e+00
      vertex   -4.059264e+01 1.366667e+01 -1.374674e+00
    endloop
  endfacet
  facet normal 1.280334e-01 0.000000e+00 9.917699e-01
    outer loop
      vertex   -4.059264e+01 1.366667e+01 -1.374674e+00
      vertex   -4.067987e+01 4.000000e+00 -1.363413e+00
      vertex   -4.059264e+01 8.833333e+00 -1.374674e+00
    endloop
  endfacet
  facet normal 1.280334e-01 -1.428248e-16 9.917699e-01
    outer loop
      vertex   -4.067987e+01 4.000000e+00 -1.363413e+00
      vertex   -4.059264e+01 4.000000e+00 -1.374674e+00
      vertex   -4.059264e+01 8.833333e+00 -1.374674e+00
    endloop
  endfacet
  facet normal -5.472098e-03 0.000000e+00 9.999850e-01
    outer loop
      vertex   -4.067987e+01 1.850000e+01 -1.363413e+00
      vertex   -4.149983e+01 1.850000e+01 -1.367900e+00
      vertex   -4.067987e+01 4.000000e+00 -1.363413e+00
    endloop
  endfacet
  facet normal -5.472098e-03 0.000000e+00 9.999850e-01
    outer loop
      vertex   -4.067987e+01 4.000000e+00 -1.363413e+00
      vertex   -4.149983e+01 1.850000e+01 -1.367900e+00
      vertex   -4.149983e+01 4.000000e+00 -1.367900e+00
    endloop
  endfacet
  facet normal 9.984826e-01 0.000000e+00 5.506807e-02
    outer loop
      vertex   -4.149983e+01 1.850000e+01 -1.367900e+00
      vertex   -4.152714e+01 1.850000e+01 -8.726180e-01
      vertex   -4.149983e+01 4.000000e+00 -1.367900e+00
    endloop
  endfacet
  facet normal 9.984826e-01 0.000000e+00 5.506807e-02
    outer loop
      vertex   -4.149983e+01 4.000000e+00 -1.367900e+00
      vertex   -4.152714e+01 1.850000e+01 -8.726180e-01
      vertex   -4.152714e+01 4.000000e+00 -8.726180e-01
    endloop
  endfacet
  facet normal 9.881127e-01 -0.000000e+00 1.537315e-01
    outer loop
      vertex   -4.152714e+01 4.000000e+00 -8.726180e-01
      vertex   -4.152714e+01 1.850000e+01 -8.726180e-01
      vertex   -4.160340e+01 1.850000e+01 -3.824800e-01
    endloop
  endfacet
  facet normal 9.881127e-01 -1.929480e-18 1.537315e-01
    outer loop
      vertex   -4.152714e+01 4.000000e+00 -8.726180e-01
      vertex   -4.160340e+01 1.850000e+01 -3.824800e-01
      vertex   -4.160340e+01 4.000000e+00 -3.824800e-01
    endloop
  endfacet
  facet normal 2.025561e-01 7.497992e-18 -9.792707e-01
    outer loop
      vertex   -4.160340e+01 1.850000e+01 -3.824800e-01
      vertex   -4.080042e+01 1.850000e+01 -2.163895e-01
      vertex   -4.160340e+01 4.000000e+00 -3.824800e-01
    endloop
  endfacet
  facet normal 2.025561e-01 4.668881e-18 -9.792707e-01
    outer loop
      vertex   -4.160340e+01 4.000000e+00 -3.824800e-01
      vertex   -4.080042e+01 1.850000e+01 -2.163895e-01
      vertex   -4.080042e+01 4.000000e+00 -2.163895e-01
    endloop
  endfacet
  facet normal 0.000000e+00 0.000000e+00 -1.000000e+00
    outer loop
      vertex   -5.350372e+01 5.000000e+00 -7.000000e+00
      vertex   -5.350372e+01 1.750000e+01 -7.000000e+00
      vertex   -4.210000e+01 5.000000e+00 -7.000000e+00
    endloop
  endfacet
  facet normal 0.000000e+00 0.000000e+00 -1.000000e+00
    outer loop
      vertex   -4.210000e+01 5.000000e+00 -7.000000e+00
      vertex   -5.350372e+01 1.750000e+01 -7.000000e+00
      vertex   -4.210000e+01 1.750000e+01 -7.000000e+00
    endloop
  endfacet
  facet normal -1.809283e-08 1.000000e+00 -2.381966e-09
    outer loop
      vertex   -4.754385e+01 1.850000e+01 -1.691999e+00
      vertex   -5.047866e+01 1.850000e+01 -4.423180e+00
      vertex   -4.758218e+01 1.850000e+01 -1.400828e+00
    endloop
  endfacet
  facet normal -1.155835e-08 1.000000e+00 -8.644298e-09
    outer loop
      vertex   -4.758218e+01 1.850000e+01 -1.400828e+00
      vertex   -5.047866e+01 1.850000e+01 -4.423180e+00
      vertex   -5.052869e+01 1.850000e+01 -4.356278e+00
    endloop
  endfacet
  facet normal -1.281037e-08 1.000000e+00 -7.396068e-09
    outer loop
      vertex   -4.758218e+01 1.850000e+01 -1.400828e+00
      vertex   -5.052869e+01 1.850000e+01 -4.356278e+00
      vertex   -5.107854e+01 1.850000e+01 -3.403918e+00
    endloop
  endfacet
  facet normal 0.000000e+00 1.000000e+00 0.000000e+00
    outer loop
      vertex   -5.107854e+01 1.850000e+01 -3.403918e+00
      vertex   -5.052869e+01 1.850000e+01 -4.356278e+00
      vertex   -5.118942e+01 1.850000e+01 -4.841868e+00
    endloop
  endfacet
  facet normal 0.000000e+00 1.000000e+00 0.000000e+00
    outer loop
      vertex   -5.107854e+01 1.850000e+01 -3.403918e+00
      vertex   -5.118942e+01 1.850000e+01 -4.841868e+00
      vertex   -5.126661e+01 1.850000e+01 -4.884030e+00
    endloop
  endfacet
  facet normal -1.465890e-08 1.000000e+00 -6.071916e-09
    outer loop
      vertex   -4.754385e+01 1.850000e+01 -1.691999e+00
      vertex   -4.743146e+01 1.850000e+01 -1.963328e+00
      vertex   -5.047866e+01 1.850000e+01 -4.423180e+00
    endloop
  endfacet
  facet normal -1.207865e-08 1.000000e+00 -9.268271e-09
    outer loop
      vertex   -5.047866e+01 1.850000e+01 -4.423180e+00
      vertex   -4.743146e+01 1.850000e+01 -1.963328e+00
      vertex   -4.725267e+01 1.850000e+01 -2.196323e+00
    endloop
  endfacet
  facet normal -1.847642e-08 1.000000e+00 0.000000e+00
    outer loop
      vertex   -5.047866e+01 1.850000e+01 -4.423180e+00
      vertex   -4.725267e+01 1.850000e+01 -2.196323e+00
      vertex   -5.047866e+01 1.850000e+01 -6.000000e+00
    endloop
  endfacet
  facet normal -7.283930e-09 1.000000e+00 -9.492602e-09
    outer loop
      vertex   -5.047866e+01 1.850000e+01 -6.000000e+00
      vertex   -4.725267e+01 1.850000e+01 -2.196323e+00
      vertex   -4.701968e+01 1.850000e+01 -2.375106e+00
    endloop
  endfacet
  facet normal -1.844836e-08 1.000000e+00 1.160819e-09
    outer loop
      vertex   -5.047866e+01 1.850000e+01 -6.000000e+00
      vertex   -4.701968e+01 1.850000e+01 -2.375106e+00
      vertex   -4.754783e+01 1.850000e+01 -1.076871e+01
    endloop
  endfacet
  facet normal 0.000000e+00 1.000000e+00 0.000000e+00
    outer loop
      vertex   -4.754783e+01 1.850000e+01 -1.076871e+01
      vertex   -4.701968e+01 1.850000e+01 -2.375106e+00
      vertex   -4.701319e+01 1.850000e+01 -1.060653e+01
    endloop
  endfacet
  facet normal 0.000000e+00 1.000000e+00 -0.000000e+00
    outer loop
      vertex   -4.701319e+01 1.850000e+01 -1.060653e+01
      vertex   -4.701968e+01 1.850000e+01 -2.375106e+00
      vertex   -4.674835e+01 1.850000e+01 -2.487494e+00
    endloop
  endfacet
  facet normal 0.000000e+00 1.000000e+00 0.000000e+00
    outer loop
      vertex   -4.701319e+01 1.850000e+01 -1.060653e+01
      vertex   -4.674835e+01 1.850000e+01 -2.487494e+00
      vertex   -4.645718e+01 1.850000e+01 -1.055177e+01
    endloop
  endfacet
  facet normal 0.000000e+00 1.000000e+00 -0.000000e+00
    outer loop
      vertex   -4.645718e+01 1.850000e+01 -1.055177e+01
      vertex   -4.674835e+01 1.850000e+01 -2.487494e+00
      vertex   -4.645718e+01 1.850000e+01 -2.525828e+00
    endloop
  endfacet
  facet normal 0.000000e+00 1.000000e+00 0.000000e+00
    outer loop
      vertex   -4.645718e+01 1.850000e+01 -1.055177e+01
      vertex   -4.645718e+01 1.850000e+01 -2.525828e+00
      vertex   -4.616601e+01 1.850000e+01 -2.487494e+00
    endloop
  endfacet
  facet normal -0.000000e+00 1.000000e+00 0.000000e+00
    outer loop
      vertex   -4.645718e+01 1.850000e+01 -1.055177e+01
      vertex   -4.616601e+01 1.850000e+01 -2.487494e+00
      vertex   -4.590117e+01 1.850000e+01 -1.060653e+01
    endloop
  endfacet
  facet normal 0.000000e+00 1.000000e+00 -0.000000e+00
    outer loop
      vertex   -4.590117e+01 1.850000e+01 -1.060653e+01
      vertex   -4.616601e+01 1.850000e+01 -2.487494e+00
      vertex   -4.589468e+01 1.850000e+01 -2.375106e+00
    endloop
  endfacet
  facet normal -0.000000e+00 1.000000e+00 0.000000e+00
    outer loop
      vertex   -4.590117e+01 1.850000e+01 -1.060653e+01
      vertex   -4.589468e+01 1.850000e+01 -2.375106e+00
      vertex   -4.536653e+01 1.850000e+01 -1.076871e+01
    endloop
  endfacet
  facet normal 1.869696e-08 1.000000e+00 1.176462e-09
    outer loop
      vertex   -4.536653e+01 1.850000e+01 -1.076871e+01
      vertex   -4.589468e+01 1.850000e+01 -2.375106e+00
      vertex   -4.247866e+01 1.850000e+01 -6.000000e+00
    endloop
  endfacet
  facet normal 5.047175e-09 1.000000e+00 9.442599e-09
    outer loop
      vertex   -4.536653e+01 1.850000e+01 -1.076871e+01
      vertex   -4.247866e+01 1.850000e+01 -6.000000e+00
      vertex   -4.487380e+01 1.850000e+01 -1.103208e+01
    endloop
  endfacet
  facet normal 6.990309e-09 1.000000e+00 8.517716e-09
    outer loop
      vertex   -4.487380e+01 1.850000e+01 -1.103208e+01
      vertex   -4.247866e+01 1.850000e+01 -6.000000e+00
      vertex   -4.444192e+01 1.850000e+01 -1.138651e+01
    endloop
  endfacet
  facet normal 9.336764e-09 1.000000e+00 7.662484e-09
    outer loop
      vertex   -4.444192e+01 1.850000e+01 -1.138651e+01
      vertex   -4.247866e+01 1.850000e+01 -6.000000e+00
      vertex   -4.408749e+01 1.850000e+01 -1.181839e+01
    endloop
  endfacet
  facet normal 1.263124e-08 1.000000e+00 6.751536e-09
    outer loop
      vertex   -4.408749e+01 1.850000e+01 -1.181839e+01
      vertex   -4.247866e+01 1.850000e+01 -6.000000e+00
      vertex   -4.382412e+01 1.850000e+01 -1.231112e+01
    endloop
  endfacet
  facet normal -4.323379e-08 1.000000e+00 1.866137e-08
    outer loop
      vertex   -4.382412e+01 1.850000e+01 -1.231112e+01
      vertex   -4.247866e+01 1.850000e+01 -6.000000e+00
      vertex   -4.110000e+01 1.850000e+01 -6.000000e+00
    endloop
  endfacet
  facet normal -0.000000e+00 1.000000e+00 0.000000e+00
    outer loop
      vertex   -4.382412e+01 1.850000e+01 -1.231112e+01
      vertex   -4.110000e+01 1.850000e+01 -6.000000e+00
      vertex   -4.366194e+01 1.850000e+01 -1.284576e+01
    endloop
  endfacet
  facet normal -0.000000e+00 1.000000e+00 0.000000e+00
    outer loop
      vertex   -4.366194e+01 1.850000e+01 -1.284576e+01
      vertex   -4.110000e+01 1.850000e+01 -6.000000e+00
      vertex   -4.360718e+01 1.850000e+01 -1.340177e+01
    endloop
  endfacet
  facet normal -0.000000e+00 1.000000e+00 0.000000e+00
    outer loop
      vertex   -4.360718e+01 1.850000e+01 -1.340177e+01
      vertex   -4.110000e+01 1.850000e+01 -6.000000e+00
      vertex   -4.210000e+01 1.850000e+01 -1.900000e+01
    endloop
  endfacet
  facet normal 0.000000e+00 1.000000e+00 0.000000e+00
    outer loop
      vertex   -4.360718e+01 1.850000e+01 -1.340177e+01
      vertex   -4.210000e+01 1.850000e+01 -1.900000e+01
      vertex   -4.366194e+01 1.850000e+01 -1.395778e+01
    endloop
  endfacet
  facet normal 0.000000e+00 1.000000e+00 0.000000e+00
    outer loop
      vertex   -4.366194e+01 1.850000e+01 -1.395778e+01
      vertex   -4.210000e+01 1.850000e+01 -1.900000e+01
      vertex   -4.382412e+01 1.850000e+01 -1.449242e+01
    endloop
  endfacet
  facet normal 0.000000e+00 1.000000e+00 0.000000e+00
    outer loop
      vertex   -4.382412e+01 1.850000e+01 -1.449242e+01
      vertex   -4.210000e+01 1.850000e+01 -1.900000e+01
      vertex   -4.408749e+01 1.850000e+01 -1.498514e+01
    endloop
  endfacet
  facet normal 0.000000e+00 1.000000e+00 0.000000e+00
    outer loop
      vertex   -4.408749e+01 1.850000e+01 -1.498514e+01
      vertex   -4.210000e+01 1.850000e+01 -1.900000e+01
      vertex   -4.444192e+01 1.850000e+01 -1.541702e+01
    endloop
  endfacet
  facet normal 0.000000e+00 1.000000e+00 0.000000e+00
    outer loop
      vertex   -4.444192e+01 1.850000e+01 -1.541702e+01
      vertex   -4.210000e+01 1.850000e+01 -1.900000e+01
      vertex   -4.487380e+01 1.850000e+01 -1.577146e+01
    endloop
  endfacet
  facet normal 0.000000e+00 1.000000e+00 0.000000e+00
    outer loop
      vertex   -4.487380e+01 1.850000e+01 -1.577146e+01
      vertex   -4.210000e+01 1.850000e+01 -1.900000e+01
      vertex   -4.536653e+01 1.850000e+01 -1.603483e+01
    endloop
  endfacet
  facet normal 0.000000e+00 1.000000e+00 0.000000e+00
    outer loop
      vertex   -4.536653e+01 1.850000e+01 -1.603483e+01
      vertex   -4.210000e+01 1.850000e+01 -1.900000e+01
      vertex   -4.590117e+01 1.850000e+01 -1.619701e+01
    endloop
  endfacet
  facet normal 0.000000e+00 1.000000e+00 0.000000e+00
    outer loop
      vertex   -4.590117e+01 1.850000e+01 -1.619701e+01
      vertex   -4.210000e+01 1.850000e+01 -1.900000e+01
      vertex   -4.645718e+01 1.850000e+01 -1.625177e+01
    endloop
  endfacet
  facet normal 0.000000e+00 1.000000e+00 0.000000e+00
    outer loop
      vertex   -4.645718e+01 1.850000e+01 -1.625177e+01
      vertex   -4.210000e+01 1.850000e+01 -1.900000e+01
      vertex   -4.701319e+01 1.850000e+01 -1.619701e+01
    endloop
  endfacet
  facet normal 0.000000e+00 1.000000e+00 0.000000e+00
    outer loop
      vertex   -4.701319e+01 1.850000e+01 -1.619701e+01
      vertex   -4.210000e+01 1.850000e+01 -1.900000e+01
      vertex   -5.350372e+01 1.850000e+01 -1.900000e+01
    endloop
  endfacet
  facet normal 0.000000e+00 1.000000e+00 0.000000e+00
    outer loop
      vertex   -4.701319e+01 1.850000e+01 -1.619701e+01
      vertex   -5.350372e+01 1.850000e+01 -1.900000e+01
      vertex   -4.754783e+01 1.850000e+01 -1.603483e+01
    endloop
  endfacet
  facet normal 0.000000e+00 1.000000e+00 0.000000e+00
    outer loop
      vertex   -4.754783e+01 1.850000e+01 -1.603483e+01
      vertex   -5.350372e+01 1.850000e+01 -1.900000e+01
      vertex   -4.804055e+01 1.850000e+01 -1.577146e+01
    endloop
  endfacet
  facet normal 0.000000e+00 1.000000e+00 0.000000e+00
    outer loop
      vertex   -4.804055e+01 1.850000e+01 -1.577146e+01
      vertex   -5.350372e+01 1.850000e+01 -1.900000e+01
      vertex   -4.847243e+01 1.850000e+01 -1.541702e+01
    endloop
  endfacet
  facet normal 0.000000e+00 1.000000e+00 0.000000e+00
    outer loop
      vertex   -4.847243e+01 1.850000e+01 -1.541702e+01
      vertex   -5.350372e+01 1.850000e+01 -1.900000e+01
      vertex   -4.882687e+01 1.850000e+01 -1.498514e+01
    endloop
  endfacet
  facet normal 0.000000e+00 1.000000e+00 0.000000e+00
    outer loop
      vertex   -4.882687e+01 1.850000e+01 -1.498514e+01
      vertex   -5.350372e+01 1.850000e+01 -1.900000e+01
      vertex   -4.909024e+01 1.850000e+01 -1.449242e+01
    endloop
  endfacet
  facet normal 0.000000e+00 1.000000e+00 0.000000e+00
    outer loop
      vertex   -4.909024e+01 1.850000e+01 -1.449242e+01
      vertex   -5.350372e+01 1.850000e+01 -1.900000e+01
      vertex   -4.925242e+01 1.850000e+01 -1.395778e+01
    endloop
  endfacet
  facet normal 0.000000e+00 1.000000e+00 0.000000e+00
    outer loop
      vertex   -4.925242e+01 1.850000e+01 -1.395778e+01
      vertex   -5.350372e+01 1.850000e+01 -1.900000e+01
      vertex   -4.930718e+01 1.850000e+01 -1.340177e+01
    endloop
  endfacet
  facet normal 0.000000e+00 1.000000e+00 0.000000e+00
    outer loop
      vertex   -4.930718e+01 1.850000e+01 -1.340177e+01
      vertex   -5.350372e+01 1.850000e+01 -1.900000e+01
      vertex   -5.450372e+01 1.850000e+01 -6.000000e+00
    endloop
  endfacet
  facet normal 0.000000e+00 1.000000e+00 -0.000000e+00
    outer loop
      vertex   -4.930718e+01 1.850000e+01 -1.340177e+01
      vertex   -5.450372e+01 1.850000e+01 -6.000000e+00
      vertex   -4.925242e+01 1.850000e+01 -1.284576e+01
    endloop
  endfacet
  facet normal 1.480838e-08 1.000000e+00 1.135933e-08
    outer loop
      vertex   -4.925242e+01 1.850000e+01 -1.284576e+01
      vertex   -5.450372e+01 1.850000e+01 -6.000000e+00
      vertex   -5.047866e+01 1.850000e+01 -6.000000e+00
    endloop
  endfacet
  facet normal -1.804626e-08 1.000000e+00 5.474273e-09
    outer loop
      vertex   -4.925242e+01 1.850000e+01 -1.284576e+01
      vertex   -5.047866e+01 1.850000e+01 -6.000000e+00
      vertex   -4.909024e+01 1.850000e+01 -1.231112e+01
    endloop
  endfacet
  facet normal -1.251728e-08 1.000000e+00 6.690627e-09
    outer loop
      vertex   -4.909024e+01 1.850000e+01 -1.231112e+01
      vertex   -5.047866e+01 1.850000e+01 -6.000000e+00
      vertex   -4.882687e+01 1.850000e+01 -1.181839e+01
    endloop
  endfacet
  facet normal -9.274354e-09 1.000000e+00 7.611266e-09
    outer loop
      vertex   -4.882687e+01 1.850000e+01 -1.181839e+01
      vertex   -5.047866e+01 1.850000e+01 -6.000000e+00
      vertex   -4.847243e+01 1.850000e+01 -1.138651e+01
    endloop
  endfacet
  facet normal -6.955267e-09 1.000000e+00 8.475018e-09
    outer loop
      vertex   -4.847243e+01 1.850000e+01 -1.138651e+01
      vertex   -5.047866e+01 1.850000e+01 -6.000000e+00
      vertex   -4.804055e+01 1.850000e+01 -1.103208e+01
    endloop
  endfacet
  facet normal -5.028881e-09 1.000000e+00 9.408375e-09
    outer loop
      vertex   -4.804055e+01 1.850000e+01 -1.103208e+01
      vertex   -5.047866e+01 1.850000e+01 -6.000000e+00
      vertex   -4.754783e+01 1.850000e+01 -1.076871e+01
    endloop
  endfacet
  facet normal 7.322371e-09 1.000000e+00 -9.542699e-09
    outer loop
      vertex   -4.589468e+01 1.850000e+01 -2.375106e+00
      vertex   -4.566168e+01 1.850000e+01 -2.196323e+00
      vertex   -4.247866e+01 1.850000e+01 -6.000000e+00
    endloop
  endfacet
  facet normal 1.872578e-08 1.000000e+00 -0.000000e+00
    outer loop
      vertex   -4.247866e+01 1.850000e+01 -6.000000e+00
      vertex   -4.566168e+01 1.850000e+01 -2.196323e+00
      vertex   -4.247866e+01 1.850000e+01 -4.366928e+00
    endloop
  endfacet
  facet normal 1.229319e-08 1.000000e+00 -9.432897e-09
    outer loop
      vertex   -4.247866e+01 1.850000e+01 -4.366928e+00
      vertex   -4.566168e+01 1.850000e+01 -2.196323e+00
      vertex   -4.548290e+01 1.850000e+01 -1.963328e+00
    endloop
  endfacet
  facet normal 1.490173e-08 1.000000e+00 -6.172500e-09
    outer loop
      vertex   -4.247866e+01 1.850000e+01 -4.366928e+00
      vertex   -4.548290e+01 1.850000e+01 -1.963328e+00
      vertex   -4.537051e+01 1.850000e+01 -1.691999e+00
    endloop
  endfacet
  facet normal 1.837372e-08 1.000000e+00 -2.418947e-09
    outer loop
      vertex   -4.537051e+01 1.850000e+01 -1.691999e+00
      vertex   -4.533218e+01 1.850000e+01 -1.400828e+00
      vertex   -4.247866e+01 1.850000e+01 -4.366928e+00
    endloop
  endfacet
  facet normal 1.182757e-08 1.000000e+00 -8.716638e-09
    outer loop
      vertex   -4.247866e+01 1.850000e+01 -4.366928e+00
      vertex   -4.533218e+01 1.850000e+01 -1.400828e+00
      vertex   -4.247081e+01 1.850000e+01 -4.356278e+00
    endloop
  endfacet
  facet normal 1.304916e-08 1.000000e+00 -7.533935e-09
    outer loop
      vertex   -4.247081e+01 1.850000e+01 -4.356278e+00
      vertex   -4.533218e+01 1.850000e+01 -1.400828e+00
      vertex   -4.192096e+01 1.850000e+01 -3.403918e+00
    endloop
  endfacet
  facet normal -0.000000e+00 1.000000e+00 0.000000e+00
    outer loop
      vertex   -4.247081e+01 1.850000e+01 -4.356278e+00
      vertex   -4.192096e+01 1.850000e+01 -3.403918e+00
      vertex   -4.181008e+01 1.850000e+01 -4.841868e+00
    endloop
  endfacet
  facet normal -0.000000e+00 1.000000e+00 -0.000000e+00
    outer loop
      vertex   -4.181008e+01 1.850000e+01 -4.841868e+00
      vertex   -4.192096e+01 1.850000e+01 -3.403918e+00
      vertex   -4.173290e+01 1.850000e+01 -4.884030e+00
    endloop
  endfacet
  facet normal 0.000000e+00 1.000000e+00 -0.000000e+00
    outer loop
      vertex   -4.173290e+01 1.850000e+01 -4.884030e+00
      vertex   -4.192096e+01 1.850000e+01 -3.403918e+00
      vertex   -4.117007e+01 1.850000e+01 -3.733327e+00
    endloop
  endfacet
  facet normal -0.000000e+00 1.000000e+00 0.000000e+00
    outer loop
      vertex   -4.173290e+01 1.850000e+01 -4.884030e+00
      vertex   -4.117007e+01 1.850000e+01 -3.733327e+00
      vertex   -4.156724e+01 1.850000e+01 -4.950485e+00
    endloop
  endfacet
  facet normal -0.000000e+00 1.000000e+00 0.000000e+00
    outer loop
      vertex   -4.156724e+01 1.850000e+01 -4.950485e+00
      vertex   -4.117007e+01 1.850000e+01 -3.733327e+00
      vertex   -4.142300e+01 1.850000e+01 -4.992933e+00
    endloop
  endfacet
  facet normal -0.000000e+00 1.000000e+00 0.000000e+00
    outer loop
      vertex   -4.142300e+01 1.850000e+01 -4.992933e+00
      vertex   -4.117007e+01 1.850000e+01 -3.733327e+00
      vertex   -4.124451e+01 1.850000e+01 -5.031269e+00
    endloop
  endfacet
  facet normal 0.000000e+00 1.000000e+00 0.000000e+00
    outer loop
      vertex   -4.124451e+01 1.850000e+01 -5.031269e+00
      vertex   -4.117007e+01 1.850000e+01 -3.733327e+00
      vertex   -4.109496e+01 1.850000e+01 -3.779093e+00
    endloop
  endfacet
  facet normal 0.000000e+00 1.000000e+00 0.000000e+00
    outer loop
      vertex   -4.124451e+01 1.850000e+01 -5.031269e+00
      vertex   -4.109496e+01 1.850000e+01 -3.779093e+00
      vertex   -4.095458e+01 1.850000e+01 -3.889327e+00
    endloop
  endfacet
  facet normal 2.249216e-08 1.000000e+00 2.961149e-09
    outer loop
      vertex   -4.537051e+01 1.850000e+01 -1.109656e+00
      vertex   -4.317448e+01 1.850000e+01 2.338716e+00
      vertex   -4.533218e+01 1.850000e+01 -1.400828e+00
    endloop
  endfacet
  facet normal 1.078856e-08 1.000000e+00 9.714066e-09
    outer loop
      vertex   -4.533218e+01 1.850000e+01 -1.400828e+00
      vertex   -4.317448e+01 1.850000e+01 2.338716e+00
      vertex   -4.243865e+01 1.850000e+01 1.521487e+00
    endloop
  endfacet
  facet normal 1.246969e-08 1.000000e+00 8.049493e-09
    outer loop
      vertex   -4.533218e+01 1.850000e+01 -1.400828e+00
      vertex   -4.243865e+01 1.850000e+01 1.521487e+00
      vertex   -4.216962e+01 1.850000e+01 1.104740e+00
    endloop
  endfacet
  facet normal 1.945307e-08 1.000000e+00 8.057727e-09
    outer loop
      vertex   -4.548290e+01 1.850000e+01 -8.383279e-01
      vertex   -4.397609e+01 1.850000e+01 2.921122e+00
      vertex   -4.537051e+01 1.850000e+01 -1.109656e+00
    endloop
  endfacet
  facet normal 7.879782e-09 1.000000e+00 1.206142e-08
    outer loop
      vertex   -4.537051e+01 1.850000e+01 -1.109656e+00
      vertex   -4.397609e+01 1.850000e+01 2.921122e+00
      vertex   -4.356083e+01 1.850000e+01 2.649825e+00
    endloop
  endfacet
  facet normal 9.200631e-09 1.000000e+00 1.142561e-08
    outer loop
      vertex   -4.537051e+01 1.850000e+01 -1.109656e+00
      vertex   -4.356083e+01 1.850000e+01 2.649825e+00
      vertex   -4.317448e+01 1.850000e+01 2.338716e+00
    endloop
  endfacet
  facet normal 5.990013e-09 1.000000e+00 1.345379e-08
    outer loop
      vertex   -4.397609e+01 1.850000e+01 2.921122e+00
      vertex   -4.548290e+01 1.850000e+01 -8.383279e-01
      vertex   -4.498071e+01 1.850000e+01 3.368406e+00
    endloop
  endfacet
  facet normal 1.597924e-08 1.000000e+00 1.226130e-08
    outer loop
      vertex   -4.498071e+01 1.850000e+01 3.368406e+00
      vertex   -4.548290e+01 1.850000e+01 -8.383279e-01
      vertex   -4.566168e+01 1.850000e+01 -6.053328e-01
    endloop
  endfacet
  facet normal 1.017205e-08 1.000000e+00 1.325647e-08
    outer loop
      vertex   -4.498071e+01 1.850000e+01 3.368406e+00
      vertex   -4.566168e+01 1.850000e+01 -6.053328e-01
      vertex   -4.589468e+01 1.850000e+01 -4.265493e-01
    endloop
  endfacet
  facet normal 3.912725e-09 1.000000e+00 1.476395e-08
    outer loop
      vertex   -4.498071e+01 1.850000e+01 3.368406e+00
      vertex   -4.589468e+01 1.850000e+01 -4.265493e-01
      vertex   -4.546019e+01 1.850000e+01 3.495478e+00
    endloop
  endfacet
  facet normal 6.018788e-09 1.000000e+00 1.453064e-08
    outer loop
      vertex   -4.546019e+01 1.850000e+01 3.495478e+00
      vertex   -4.589468e+01 1.850000e+01 -4.265493e-01
      vertex   -4.616601e+01 1.850000e+01 -3.141613e-01
    endloop
  endfacet
  facet normal 2.448812e-09 1.000000e+00 1.519205e-08
    outer loop
      vertex   -4.546019e+01 1.850000e+01 3.495478e+00
      vertex   -4.616601e+01 1.850000e+01 -3.141613e-01
      vertex   -4.594991e+01 1.850000e+01 3.574415e+00
    endloop
  endfacet
  facet normal 2.003331e-09 1.000000e+00 1.521681e-08
    outer loop
      vertex   -4.594991e+01 1.850000e+01 3.574415e+00
      vertex   -4.616601e+01 1.850000e+01 -3.141613e-01
      vertex   -4.645718e+01 1.850000e+01 -2.758279e-01
    endloop
  endfacet
  facet normal 9.757449e-19 1.000000e+00 1.548075e-08
    outer loop
      vertex   -4.594991e+01 1.850000e+01 3.574415e+00
      vertex   -4.645718e+01 1.850000e+01 -2.758279e-01
      vertex   -4.704960e+01 1.850000e+01 3.574415e+00
    endloop
  endfacet
  facet normal -1.997614e-09 1.000000e+00 1.517339e-08
    outer loop
      vertex   -4.704960e+01 1.850000e+01 3.574415e+00
      vertex   -4.645718e+01 1.850000e+01 -2.758279e-01
      vertex   -4.674835e+01 1.850000e+01 -3.141613e-01
    endloop
  endfacet
  facet normal -6.151721e-09 1.000000e+00 1.485157e-08
    outer loop
      vertex   -4.704960e+01 1.850000e+01 3.574415e+00
      vertex   -4.674835e+01 1.850000e+01 -3.141613e-01
      vertex   -4.701968e+01 1.850000e+01 -4.265493e-01
    endloop
  endfacet
  facet normal -2.398454e-09 1.000000e+00 1.487963e-08
    outer loop
      vertex   -4.704960e+01 1.850000e+01 3.574415e+00
      vertex   -4.701968e+01 1.850000e+01 -4.265493e-01
      vertex   -4.753931e+01 1.850000e+01 3.495478e+00
    endloop
  endfacet
  facet normal -1.058525e-08 1.000000e+00 1.379496e-08
    outer loop
      vertex   -4.753931e+01 1.850000e+01 3.495478e+00
      vertex   -4.701968e+01 1.850000e+01 -4.265493e-01
      vertex   -4.725267e+01 1.850000e+01 -6.053328e-01
    endloop
  endfacet
  facet normal -3.781950e-09 1.000000e+00 1.427050e-08
    outer loop
      vertex   -4.753931e+01 1.850000e+01 3.495478e+00
      vertex   -4.725267e+01 1.850000e+01 -6.053328e-01
      vertex   -4.801879e+01 1.850000e+01 3.368406e+00
    endloop
  endfacet
  facet normal -1.562263e-08 1.000000e+00 1.198767e-08
    outer loop
      vertex   -4.801879e+01 1.850000e+01 3.368406e+00
      vertex   -4.725267e+01 1.850000e+01 -6.053328e-01
      vertex   -4.743146e+01 1.850000e+01 -8.383279e-01
    endloop
  endfacet
  facet normal -5.939194e-09 1.000000e+00 1.333965e-08
    outer loop
      vertex   -4.801879e+01 1.850000e+01 3.368406e+00
      vertex   -4.743146e+01 1.850000e+01 -8.383279e-01
      vertex   -4.902341e+01 1.850000e+01 2.921122e+00
    endloop
  endfacet
  facet normal -1.892712e-08 1.000000e+00 7.839869e-09
    outer loop
      vertex   -4.902341e+01 1.850000e+01 2.921122e+00
      vertex   -4.743146e+01 1.850000e+01 -8.383279e-01
      vertex   -4.754385e+01 1.850000e+01 -1.109656e+00
    endloop
  endfacet
  facet normal -7.792073e-09 1.000000e+00 1.192717e-08
    outer loop
      vertex   -4.902341e+01 1.850000e+01 2.921122e+00
      vertex   -4.754385e+01 1.850000e+01 -1.109656e+00
      vertex   -4.943868e+01 1.850000e+01 2.649825e+00
    endloop
  endfacet
  facet normal -9.081276e-09 1.000000e+00 1.127739e-08
    outer loop
      vertex   -4.943868e+01 1.850000e+01 2.649825e+00
      vertex   -4.754385e+01 1.850000e+01 -1.109656e+00
      vertex   -4.982502e+01 1.850000e+01 2.338716e+00
    endloop
  endfacet
  facet normal -2.179199e-08 1.000000e+00 2.868970e-09
    outer loop
      vertex   -4.982502e+01 1.850000e+01 2.338716e+00
      vertex   -4.754385e+01 1.850000e+01 -1.109656e+00
      vertex   -4.758218e+01 1.850000e+01 -1.400828e+00
    endloop
  endfacet
  facet normal -1.062482e-08 1.000000e+00 9.566632e-09
    outer loop
      vertex   -4.982502e+01 1.850000e+01 2.338716e+00
      vertex   -4.758218e+01 1.850000e+01 -1.400828e+00
      vertex   -5.056086e+01 1.850000e+01 1.521487e+00
    endloop
  endfacet
  facet normal -1.225146e-08 1.000000e+00 7.908618e-09
    outer loop
      vertex   -5.056086e+01 1.850000e+01 1.521487e+00
      vertex   -4.758218e+01 1.850000e+01 -1.400828e+00
      vertex   -5.082988e+01 1.850000e+01 1.104740e+00
    endloop
  endfacet
  facet normal -1.760385e-08 1.000000e+00 9.708834e-10
    outer loop
      vertex   -5.082988e+01 1.850000e+01 1.104740e+00
      vertex   -4.758218e+01 1.850000e+01 -1.400828e+00
      vertex   -5.107854e+01 1.850000e+01 -3.403918e+00
    endloop
  endfacet
  facet normal 0.000000e+00 1.000000e+00 0.000000e+00
    outer loop
      vertex   -5.082988e+01 1.850000e+01 1.104740e+00
      vertex   -5.107854e+01 1.850000e+01 -3.403918e+00
      vertex   -5.105628e+01 1.850000e+01 6.633875e-01
    endloop
  endfacet
  facet normal 0.000000e+00 1.000000e+00 0.000000e+00
    outer loop
      vertex   -5.105628e+01 1.850000e+01 6.633875e-01
      vertex   -5.107854e+01 1.850000e+01 -3.403918e+00
      vertex   -5.125503e+01 1.850000e+01 -2.940345e+00
    endloop
  endfacet
  facet normal 0.000000e+00 1.000000e+00 0.000000e+00
    outer loop
      vertex   -5.105628e+01 1.850000e+01 6.633875e-01
      vertex   -5.125503e+01 1.850000e+01 -2.940345e+00
      vertex   -5.138473e+01 1.850000e+01 -2.461566e+00
    endloop
  endfacet
  facet normal 0.000000e+00 1.000000e+00 0.000000e+00
    outer loop
      vertex   -4.110000e+01 1.850000e+01 -6.000000e+00
      vertex   -4.110000e+01 1.850000e+01 -2.175000e+01
      vertex   -4.210000e+01 1.850000e+01 -1.900000e+01
    endloop
  endfacet
  facet normal 0.000000e+00 1.000000e+00 0.000000e+00
    outer loop
      vertex   -4.210000e+01 1.850000e+01 -1.900000e+01
      vertex   -4.110000e+01 1.850000e+01 -2.175000e+01
      vertex   -4.210000e+01 1.850000e+01 -2.175000e+01
    endloop
  endfacet
  facet normal 0.000000e+00 1.000000e+00 -0.000000e+00
    outer loop
      vertex   -5.350372e+01 1.850000e+01 -2.175000e+01
      vertex   -5.450372e+01 1.850000e+01 -2.175000e+01
      vertex   -5.350372e+01 1.850000e+01 -1.900000e+01
    endloop
  endfacet
  facet normal 0.000000e+00 1.000000e+00 0.000000e+00
    outer loop
      vertex   -5.350372e+01 1.850000e+01 -1.900000e+01
      vertex   -5.450372e+01 1.850000e+01 -2.175000e+01
      vertex   -5.450372e+01 1.850000e+01 -6.000000e+00
    endloop
  endfacet
  facet normal 0.000000e+00 1.000000e+00 0.000000e+00
    outer loop
      vertex   -5.107854e+01 1.850000e+01 -3.403918e+00
      vertex   -5.126661e+01 1.850000e+01 -4.884030e+00
      vertex   -5.182944e+01 1.850000e+01 -3.733327e+00
    endloop
  endfacet
  facet normal 0.000000e+00 1.000000e+00 0.000000e+00
    outer loop
      vertex   -5.182944e+01 1.850000e+01 -3.733327e+00
      vertex   -5.126661e+01 1.850000e+01 -4.884030e+00
      vertex   -5.143226e+01 1.850000e+01 -4.950485e+00
    endloop
  endfacet
  facet normal 0.000000e+00 1.000000e+00 0.000000e+00
    outer loop
      vertex   -5.182944e+01 1.850000e+01 -3.733327e+00
      vertex   -5.143226e+01 1.850000e+01 -4.950485e+00
      vertex   -5.157651e+01 1.850000e+01 -4.992933e+00
    endloop
  endfacet
  facet normal 0.000000e+00 1.000000e+00 0.000000e+00
    outer loop
      vertex   -5.157651e+01 1.850000e+01 -4.992933e+00
      vertex   -5.175500e+01 1.850000e+01 -5.031269e+00
      vertex   -5.182944e+01 1.850000e+01 -3.733327e+00
    endloop
  endfacet
  facet normal 0.000000e+00 1.000000e+00 0.000000e+00
    outer loop
      vertex   -5.182944e+01 1.850000e+01 -3.733327e+00
      vertex   -5.175500e+01 1.850000e+01 -5.031269e+00
      vertex   -5.190454e+01 1.850000e+01 -3.779093e+00
    endloop
  endfacet
  facet normal 0.000000e+00 1.000000e+00 0.000000e+00
    outer loop
      vertex   -5.190454e+01 1.850000e+01 -3.779093e+00
      vertex   -5.175500e+01 1.850000e+01 -5.031269e+00
      vertex   -5.204492e+01 1.850000e+01 -3.889327e+00
    endloop
  endfacet
  facet normal 0.000000e+00 1.000000e+00 0.000000e+00
    outer loop
      vertex   -5.204492e+01 1.850000e+01 -3.889327e+00
      vertex   -5.175500e+01 1.850000e+01 -5.031269e+00
      vertex   -5.196857e+01 1.850000e+01 -5.060674e+00
    endloop
  endfacet
  facet normal 0.000000e+00 1.000000e+00 0.000000e+00
    outer loop
      vertex   -5.204492e+01 1.850000e+01 -3.889327e+00
      vertex   -5.196857e+01 1.850000e+01 -5.060674e+00
      vertex   -5.215380e+01 1.850000e+01 -3.993022e+00
    endloop
  endfacet
  facet normal 0.000000e+00 1.000000e+00 0.000000e+00
    outer loop
      vertex   -5.215380e+01 1.850000e+01 -3.993022e+00
      vertex   -5.196857e+01 1.850000e+01 -5.060674e+00
      vertex   -5.227625e+01 1.850000e+01 -4.128432e+00
    endloop
  endfacet
  facet normal 0.000000e+00 1.000000e+00 0.000000e+00
    outer loop
      vertex   -5.227625e+01 1.850000e+01 -4.128432e+00
      vertex   -5.196857e+01 1.850000e+01 -5.060674e+00
      vertex   -5.221805e+01 1.850000e+01 -5.076326e+00
    endloop
  endfacet
  facet normal 0.000000e+00 1.000000e+00 0.000000e+00
    outer loop
      vertex   -5.227625e+01 1.850000e+01 -4.128432e+00
      vertex   -5.221805e+01 1.850000e+01 -5.076326e+00
      vertex   -5.240850e+01 1.850000e+01 -4.298688e+00
    endloop
  endfacet
  facet normal 0.000000e+00 1.000000e+00 0.000000e+00
    outer loop
      vertex   -5.240850e+01 1.850000e+01 -4.298688e+00
      vertex   -5.221805e+01 1.850000e+01 -5.076326e+00
      vertex   -5.254680e+01 1.850000e+01 -4.506921e+00
    endloop
  endfacet
  facet normal 0.000000e+00 1.000000e+00 0.000000e+00
    outer loop
      vertex   -5.218584e+01 1.850000e+01 -2.636434e+00
      vertex   -5.149968e+01 1.850000e+01 -1.367900e+00
      vertex   -5.138473e+01 1.850000e+01 -2.461566e+00
    endloop
  endfacet
  facet normal 0.000000e+00 1.000000e+00 0.000000e+00
    outer loop
      vertex   -5.138473e+01 1.850000e+01 -2.461566e+00
      vertex   -5.149968e+01 1.850000e+01 -1.367900e+00
      vertex   -5.147236e+01 1.850000e+01 -8.726180e-01
    endloop
  endfacet
  facet normal 0.000000e+00 1.000000e+00 0.000000e+00
    outer loop
      vertex   -5.138473e+01 1.850000e+01 -2.461566e+00
      vertex   -5.147236e+01 1.850000e+01 -8.726180e-01
      vertex   -5.139610e+01 1.850000e+01 -3.824800e-01
    endloop
  endfacet
  facet normal 0.000000e+00 1.000000e+00 0.000000e+00
    outer loop
      vertex   -5.149968e+01 1.850000e+01 -1.367900e+00
      vertex   -5.218584e+01 1.850000e+01 -2.636434e+00
      vertex   -5.231964e+01 1.850000e+01 -1.363413e+00
    endloop
  endfacet
  facet normal 0.000000e+00 1.000000e+00 0.000000e+00
    outer loop
      vertex   -5.231964e+01 1.850000e+01 -1.363413e+00
      vertex   -5.218584e+01 1.850000e+01 -2.636434e+00
      vertex   -5.227350e+01 1.850000e+01 -2.643555e+00
    endloop
  endfacet
  facet normal 0.000000e+00 1.000000e+00 0.000000e+00
    outer loop
      vertex   -5.231964e+01 1.850000e+01 -1.363413e+00
      vertex   -5.227350e+01 1.850000e+01 -2.643555e+00
      vertex   -5.240687e+01 1.850000e+01 -1.374674e+00
    endloop
  endfacet
  facet normal 0.000000e+00 1.000000e+00 0.000000e+00
    outer loop
      vertex   -5.240687e+01 1.850000e+01 -1.374674e+00
      vertex   -5.227350e+01 1.850000e+01 -2.643555e+00
      vertex   -5.245186e+01 1.850000e+01 -2.636887e+00
    endloop
  endfacet
  facet normal 0.000000e+00 1.000000e+00 0.000000e+00
    outer loop
      vertex   -5.240687e+01 1.850000e+01 -1.374674e+00
      vertex   -5.245186e+01 1.850000e+01 -2.636887e+00
      vertex   -5.257994e+01 1.850000e+01 -1.418280e+00
    endloop
  endfacet
  facet normal 0.000000e+00 1.000000e+00 0.000000e+00
    outer loop
      vertex   -5.257994e+01 1.850000e+01 -1.418280e+00
      vertex   -5.245186e+01 1.850000e+01 -2.636887e+00
      vertex   -5.260090e+01 1.850000e+01 -2.616996e+00
    endloop
  endfacet
  facet normal 0.000000e+00 1.000000e+00 0.000000e+00
    outer loop
      vertex   -5.257994e+01 1.850000e+01 -1.418280e+00
      vertex   -5.260090e+01 1.850000e+01 -2.616996e+00
      vertex   -5.272159e+01 1.850000e+01 -1.468723e+00
    endloop
  endfacet
  facet normal 0.000000e+00 1.000000e+00 0.000000e+00
    outer loop
      vertex   -5.272159e+01 1.850000e+01 -1.468723e+00
      vertex   -5.260090e+01 1.850000e+01 -2.616996e+00
      vertex   -5.277956e+01 1.850000e+01 -2.579419e+00
    endloop
  endfacet
  facet normal 0.000000e+00 1.000000e+00 0.000000e+00
    outer loop
      vertex   -5.272159e+01 1.850000e+01 -1.468723e+00
      vertex   -5.277956e+01 1.850000e+01 -2.579419e+00
      vertex   -5.288853e+01 1.850000e+01 -1.542623e+00
    endloop
  endfacet
  facet normal 0.000000e+00 1.000000e+00 0.000000e+00
    outer loop
      vertex   -5.288853e+01 1.850000e+01 -1.542623e+00
      vertex   -5.277956e+01 1.850000e+01 -2.579419e+00
      vertex   -5.298662e+01 1.850000e+01 -2.519414e+00
    endloop
  endfacet
  facet normal 0.000000e+00 1.000000e+00 0.000000e+00
    outer loop
      vertex   -5.288853e+01 1.850000e+01 -1.542623e+00
      vertex   -5.298662e+01 1.850000e+01 -2.519414e+00
      vertex   -5.307859e+01 1.850000e+01 -1.644368e+00
    endloop
  endfacet
  facet normal 0.000000e+00 1.000000e+00 0.000000e+00
    outer loop
      vertex   -5.307859e+01 1.850000e+01 -1.644368e+00
      vertex   -5.298662e+01 1.850000e+01 -2.519414e+00
      vertex   -5.322090e+01 1.850000e+01 -2.432239e+00
    endloop
  endfacet
  facet normal 0.000000e+00 1.000000e+00 0.000000e+00
    outer loop
      vertex   -5.307859e+01 1.850000e+01 -1.644368e+00
      vertex   -5.322090e+01 1.850000e+01 -2.432239e+00
      vertex   -5.328963e+01 1.850000e+01 -1.778348e+00
    endloop
  endfacet
  facet normal -0.000000e+00 1.000000e+00 0.000000e+00
    outer loop
      vertex   -5.219908e+01 1.850000e+01 -2.163895e-01
      vertex   -5.180353e+01 1.850000e+01 1.000995e+00
      vertex   -5.139610e+01 1.850000e+01 -3.824800e-01
    endloop
  endfacet
  facet normal 0.000000e+00 1.000000e+00 -0.000000e+00
    outer loop
      vertex   -5.139610e+01 1.850000e+01 -3.824800e-01
      vertex   -5.180353e+01 1.850000e+01 1.000995e+00
      vertex   -5.105628e+01 1.850000e+01 6.633875e-01
    endloop
  endfacet
  facet normal -0.000000e+00 1.000000e+00 0.000000e+00
    outer loop
      vertex   -5.139610e+01 1.850000e+01 -3.824800e-01
      vertex   -5.105628e+01 1.850000e+01 6.633875e-01
      vertex   -5.138473e+01 1.850000e+01 -2.461566e+00
    endloop
  endfacet
  facet normal -0.000000e+00 1.000000e+00 0.000000e+00
    outer loop
      vertex   -5.228206e+01 1.850000e+01 -1.872389e-01
      vertex   -5.221356e+01 1.850000e+01 1.068278e+00
      vertex   -5.219908e+01 1.850000e+01 -2.163895e-01
    endloop
  endfacet
  facet normal 0.000000e+00 1.000000e+00 -0.000000e+00
    outer loop
      vertex   -5.219908e+01 1.850000e+01 -2.163895e-01
      vertex   -5.221356e+01 1.850000e+01 1.068278e+00
      vertex   -5.206365e+01 1.850000e+01 1.056748e+00
    endloop
  endfacet
  facet normal 0.000000e+00 1.000000e+00 0.000000e+00
    outer loop
      vertex   -5.219908e+01 1.850000e+01 -2.163895e-01
      vertex   -5.206365e+01 1.850000e+01 1.056748e+00
      vertex   -5.188780e+01 1.850000e+01 1.026186e+00
    endloop
  endfacet
  facet normal 0.000000e+00 1.000000e+00 -0.000000e+00
    outer loop
      vertex   -5.228206e+01 1.850000e+01 -1.872389e-01
      vertex   -5.244229e+01 1.850000e+01 -1.086006e-01
      vertex   -5.221356e+01 1.850000e+01 1.068278e+00
    endloop
  endfacet
  facet normal 0.000000e+00 1.000000e+00 0.000000e+00
    outer loop
      vertex   -5.221356e+01 1.850000e+01 1.068278e+00
      vertex   -5.244229e+01 1.850000e+01 -1.086006e-01
      vertex   -5.239613e+01 1.850000e+01 1.068666e+00
    endloop
  endfacet
  facet normal 0.000000e+00 1.000000e+00 0.000000e+00
    outer loop
      vertex   -5.239613e+01 1.850000e+01 1.068666e+00
      vertex   -5.244229e+01 1.850000e+01 -1.086006e-01
      vertex   -5.257035e+01 1.850000e+01 -2.980936e-02
    endloop
  endfacet
  facet normal 0.000000e+00 1.000000e+00 0.000000e+00
    outer loop
      vertex   -5.239613e+01 1.850000e+01 1.068666e+00
      vertex   -5.257035e+01 1.850000e+01 -2.980936e-02
      vertex   -5.261114e+01 1.850000e+01 1.053024e+00
    endloop
  endfacet
  facet normal 0.000000e+00 1.000000e+00 0.000000e+00
    outer loop
      vertex   -5.261114e+01 1.850000e+01 1.053024e+00
      vertex   -5.257035e+01 1.850000e+01 -2.980936e-02
      vertex   -5.271828e+01 1.850000e+01 7.718335e-02
    endloop
  endfacet
  facet normal 0.000000e+00 1.000000e+00 0.000000e+00
    outer loop
      vertex   -5.261114e+01 1.850000e+01 1.053024e+00
      vertex   -5.271828e+01 1.850000e+01 7.718335e-02
      vertex   -5.288304e+01 1.850000e+01 2.162221e-01
    endloop
  endfacet
  facet normal -0.000000e+00 1.000000e+00 0.000000e+00
    outer loop
      vertex   -5.306161e+01 1.850000e+01 3.911515e-01
      vertex   -5.285843e+01 1.850000e+01 1.016464e+00
      vertex   -5.288304e+01 1.850000e+01 2.162221e-01
    endloop
  endfacet
  facet normal 0.000000e+00 1.000000e+00 0.000000e+00
    outer loop
      vertex   -5.288304e+01 1.850000e+01 2.162221e-01
      vertex   -5.285843e+01 1.850000e+01 1.016464e+00
      vertex   -5.261114e+01 1.850000e+01 1.053024e+00
    endloop
  endfacet
  facet normal 0.000000e+00 1.000000e+00 0.000000e+00
    outer loop
      vertex   -5.188780e+01 1.850000e+01 1.026186e+00
      vertex   -5.180353e+01 1.850000e+01 1.000995e+00
      vertex   -5.219908e+01 1.850000e+01 -2.163895e-01
    endloop
  endfacet
  facet normal -0.000000e+00 1.000000e+00 0.000000e+00
    outer loop
      vertex   -5.122686e+01 1.850000e+01 1.999818e+00
      vertex   -5.058530e+01 1.850000e+01 3.107801e+00
      vertex   -5.056086e+01 1.850000e+01 1.521487e+00
    endloop
  endfacet
  facet normal 0.000000e+00 1.000000e+00 -0.000000e+00
    outer loop
      vertex   -5.056086e+01 1.850000e+01 1.521487e+00
      vertex   -5.058530e+01 1.850000e+01 3.107801e+00
      vertex   -5.043708e+01 1.850000e+01 3.008356e+00
    endloop
  endfacet
  facet normal 0.000000e+00 1.000000e+00 0.000000e+00
    outer loop
      vertex   -5.056086e+01 1.850000e+01 1.521487e+00
      vertex   -5.043708e+01 1.850000e+01 3.008356e+00
      vertex   -5.037035e+01 1.850000e+01 2.951068e+00
    endloop
  endfacet
  facet normal -0.000000e+00 1.000000e+00 0.000000e+00
    outer loop
      vertex   -5.129081e+01 1.850000e+01 2.060199e+00
      vertex   -5.108698e+01 1.850000e+01 3.327086e+00
      vertex   -5.122686e+01 1.850000e+01 1.999818e+00
    endloop
  endfacet
  facet normal 0.000000e+00 1.000000e+00 0.000000e+00
    outer loop
      vertex   -5.122686e+01 1.850000e+01 1.999818e+00
      vertex   -5.108698e+01 1.850000e+01 3.327086e+00
      vertex   -5.088419e+01 1.850000e+01 3.253920e+00
    endloop
  endfacet
  facet normal 0.000000e+00 1.000000e+00 0.000000e+00
    outer loop
      vertex   -5.122686e+01 1.850000e+01 1.999818e+00
      vertex   -5.088419e+01 1.850000e+01 3.253920e+00
      vertex   -5.071757e+01 1.850000e+01 3.179311e+00
    endloop
  endfacet
  facet normal 0.000000e+00 1.000000e+00 -0.000000e+00
    outer loop
      vertex   -5.129081e+01 1.850000e+01 2.060199e+00
      vertex   -5.140520e+01 1.850000e+01 2.197211e+00
      vertex   -5.108698e+01 1.850000e+01 3.327086e+00
    endloop
  endfacet
  facet normal 0.000000e+00 1.000000e+00 0.000000e+00
    outer loop
      vertex   -5.108698e+01 1.850000e+01 3.327086e+00
      vertex   -5.140520e+01 1.850000e+01 2.197211e+00
      vertex   -5.149014e+01 1.850000e+01 2.321278e+00
    endloop
  endfacet
  facet normal 0.000000e+00 1.000000e+00 0.000000e+00
    outer loop
      vertex   -5.108698e+01 1.850000e+01 3.327086e+00
      vertex   -5.149014e+01 1.850000e+01 2.321278e+00
      vertex   -5.132776e+01 1.850000e+01 3.394267e+00
    endloop
  endfacet
  facet normal 0.000000e+00 1.000000e+00 0.000000e+00
    outer loop
      vertex   -5.132776e+01 1.850000e+01 3.394267e+00
      vertex   -5.149014e+01 1.850000e+01 2.321278e+00
      vertex   -5.158176e+01 1.850000e+01 2.479187e+00
    endloop
  endfacet
  facet normal 0.000000e+00 1.000000e+00 0.000000e+00
    outer loop
      vertex   -5.132776e+01 1.850000e+01 3.394267e+00
      vertex   -5.158176e+01 1.850000e+01 2.479187e+00
      vertex   -5.167572e+01 1.850000e+01 2.673218e+00
    endloop
  endfacet
  facet normal 0.000000e+00 1.000000e+00 -0.000000e+00
    outer loop
      vertex   -5.167572e+01 1.850000e+01 2.673218e+00
      vertex   -5.176770e+01 1.850000e+01 2.905655e+00
      vertex   -5.132776e+01 1.850000e+01 3.394267e+00
    endloop
  endfacet
  facet normal 0.000000e+00 1.000000e+00 0.000000e+00
    outer loop
      vertex   -5.071757e+01 1.850000e+01 3.179311e+00
      vertex   -5.058530e+01 1.850000e+01 3.107801e+00
      vertex   -5.122686e+01 1.850000e+01 1.999818e+00
    endloop
  endfacet
  facet normal 0.000000e+00 1.000000e+00 0.000000e+00
    outer loop
      vertex   -5.037035e+01 1.850000e+01 2.951068e+00
      vertex   -4.982502e+01 1.850000e+01 2.338716e+00
      vertex   -5.056086e+01 1.850000e+01 1.521487e+00
    endloop
  endfacet
  facet normal -0.000000e+00 1.000000e+00 0.000000e+00
    outer loop
      vertex   -4.943728e+01 1.850000e+01 3.628985e+00
      vertex   -4.876964e+01 1.850000e+01 4.784612e+00
      vertex   -4.902341e+01 1.850000e+01 2.921122e+00
    endloop
  endfacet
  facet normal 0.000000e+00 1.000000e+00 0.000000e+00
    outer loop
      vertex   -4.902341e+01 1.850000e+01 2.921122e+00
      vertex   -4.876964e+01 1.850000e+01 4.784612e+00
      vertex   -4.861414e+01 1.850000e+01 4.635289e+00
    endloop
  endfacet
  facet normal 0.000000e+00 1.000000e+00 0.000000e+00
    outer loop
      vertex   -4.902341e+01 1.850000e+01 2.921122e+00
      vertex   -4.861414e+01 1.850000e+01 4.635289e+00
      vertex   -4.849227e+01 1.850000e+01 4.499359e+00
    endloop
  endfacet
  facet normal 0.000000e+00 1.000000e+00 0.000000e+00
    outer loop
      vertex   -4.876964e+01 1.850000e+01 4.784612e+00
      vertex   -4.943728e+01 1.850000e+01 3.628985e+00
      vertex   -4.896228e+01 1.850000e+01 4.943917e+00
    endloop
  endfacet
  facet normal 0.000000e+00 1.000000e+00 0.000000e+00
    outer loop
      vertex   -4.896228e+01 1.850000e+01 4.943917e+00
      vertex   -4.943728e+01 1.850000e+01 3.628985e+00
      vertex   -4.947114e+01 1.850000e+01 3.710157e+00
    endloop
  endfacet
  facet normal 0.000000e+00 1.000000e+00 0.000000e+00
    outer loop
      vertex   -4.896228e+01 1.850000e+01 4.943917e+00
      vertex   -4.947114e+01 1.850000e+01 3.710157e+00
      vertex   -4.951991e+01 1.850000e+01 3.881851e+00
    endloop
  endfacet
  facet normal 0.000000e+00 1.000000e+00 -0.000000e+00
    outer loop
      vertex   -4.951991e+01 1.850000e+01 3.881851e+00
      vertex   -4.954705e+01 1.850000e+01 4.029742e+00
      vertex   -4.896228e+01 1.850000e+01 4.943917e+00
    endloop
  endfacet
  facet normal 0.000000e+00 1.000000e+00 0.000000e+00
    outer loop
      vertex   -4.896228e+01 1.850000e+01 4.943917e+00
      vertex   -4.954705e+01 1.850000e+01 4.029742e+00
      vertex   -4.956652e+01 1.850000e+01 4.211263e+00
    endloop
  endfacet
  facet normal 0.000000e+00 1.000000e+00 0.000000e+00
    outer loop
      vertex   -4.896228e+01 1.850000e+01 4.943917e+00
      vertex   -4.956652e+01 1.850000e+01 4.211263e+00
      vertex   -4.957344e+01 1.850000e+01 4.426738e+00
    endloop
  endfacet
  facet normal 0.000000e+00 1.000000e+00 0.000000e+00
    outer loop
      vertex   -4.957344e+01 1.850000e+01 4.426738e+00
      vertex   -4.956293e+01 1.850000e+01 4.676491e+00
      vertex   -4.896228e+01 1.850000e+01 4.943917e+00
    endloop
  endfacet
  facet normal 0.000000e+00 1.000000e+00 0.000000e+00
    outer loop
      vertex   -4.849227e+01 1.850000e+01 4.499359e+00
      vertex   -4.840053e+01 1.850000e+01 4.380234e+00
      vertex   -4.902341e+01 1.850000e+01 2.921122e+00
    endloop
  endfacet
  facet normal 0.000000e+00 1.000000e+00 0.000000e+00
    outer loop
      vertex   -4.902341e+01 1.850000e+01 2.921122e+00
      vertex   -4.840053e+01 1.850000e+01 4.380234e+00
      vertex   -4.830557e+01 1.850000e+01 4.229101e+00
    endloop
  endfacet
  facet normal 0.000000e+00 1.000000e+00 0.000000e+00
    outer loop
      vertex   -4.902341e+01 1.850000e+01 2.921122e+00
      vertex   -4.830557e+01 1.850000e+01 4.229101e+00
      vertex   -4.826791e+01 1.850000e+01 4.149621e+00
    endloop
  endfacet
  facet normal 0.000000e+00 1.000000e+00 0.000000e+00
    outer loop
      vertex   -4.826791e+01 1.850000e+01 4.149621e+00
      vertex   -4.801879e+01 1.850000e+01 3.368406e+00
      vertex   -4.902341e+01 1.850000e+01 2.921122e+00
    endloop
  endfacet
  facet normal -0.000000e+00 1.000000e+00 -0.000000e+00
    outer loop
      vertex   -4.704960e+01 1.850000e+01 3.574415e+00
      vertex   -4.713977e+01 1.850000e+01 4.389414e+00
      vertex   -4.594991e+01 1.850000e+01 3.574415e+00
    endloop
  endfacet
  facet normal 0.000000e+00 1.000000e+00 -0.000000e+00
    outer loop
      vertex   -4.594991e+01 1.850000e+01 3.574415e+00
      vertex   -4.713977e+01 1.850000e+01 4.389414e+00
      vertex   -4.585973e+01 1.850000e+01 4.389414e+00
    endloop
  endfacet
  facet normal 0.000000e+00 1.000000e+00 0.000000e+00
    outer loop
      vertex   -4.585973e+01 1.850000e+01 4.389414e+00
      vertex   -4.713977e+01 1.850000e+01 4.389414e+00
      vertex   -4.592245e+01 1.850000e+01 4.800174e+00
    endloop
  endfacet
  facet normal 0.000000e+00 1.000000e+00 0.000000e+00
    outer loop
      vertex   -4.585973e+01 1.850000e+01 4.389414e+00
      vertex   -4.592245e+01 1.850000e+01 4.800174e+00
      vertex   -4.588709e+01 1.850000e+01 4.654031e+00
    endloop
  endfacet
  facet normal -0.000000e+00 1.000000e+00 0.000000e+00
    outer loop
      vertex   -4.713769e+01 1.850000e+01 4.477342e+00
      vertex   -4.711241e+01 1.850000e+01 4.654031e+00
      vertex   -4.713977e+01 1.850000e+01 4.389414e+00
    endloop
  endfacet
  facet normal 0.000000e+00 1.000000e+00 0.000000e+00
    outer loop
      vertex   -4.713977e+01 1.850000e+01 4.389414e+00
      vertex   -4.711241e+01 1.850000e+01 4.654031e+00
      vertex   -4.707705e+01 1.850000e+01 4.800174e+00
    endloop
  endfacet
  facet normal 0.000000e+00 1.000000e+00 0.000000e+00
    outer loop
      vertex   -4.713977e+01 1.850000e+01 4.389414e+00
      vertex   -4.707705e+01 1.850000e+01 4.800174e+00
      vertex   -4.592245e+01 1.850000e+01 4.800174e+00
    endloop
  endfacet
  facet normal 0.000000e+00 1.000000e+00 0.000000e+00
    outer loop
      vertex   -4.592245e+01 1.850000e+01 4.800174e+00
      vertex   -4.707705e+01 1.850000e+01 4.800174e+00
      vertex   -4.597850e+01 1.850000e+01 4.973920e+00
    endloop
  endfacet
  facet normal 0.000000e+00 1.000000e+00 0.000000e+00
    outer loop
      vertex   -4.597850e+01 1.850000e+01 4.973920e+00
      vertex   -4.707705e+01 1.850000e+01 4.800174e+00
      vertex   -4.702100e+01 1.850000e+01 4.973920e+00
    endloop
  endfacet
  facet normal 0.000000e+00 1.000000e+00 0.000000e+00
    outer loop
      vertex   -4.597850e+01 1.850000e+01 4.973920e+00
      vertex   -4.702100e+01 1.850000e+01 4.973920e+00
      vertex   -4.693968e+01 1.850000e+01 5.173581e+00
    endloop
  endfacet
  facet normal 0.000000e+00 1.000000e+00 0.000000e+00
    outer loop
      vertex   -4.597850e+01 1.850000e+01 4.973920e+00
      vertex   -4.693968e+01 1.850000e+01 5.173581e+00
      vertex   -4.605982e+01 1.850000e+01 5.173581e+00
    endloop
  endfacet
  facet normal 0.000000e+00 1.000000e+00 0.000000e+00
    outer loop
      vertex   -4.605982e+01 1.850000e+01 5.173581e+00
      vertex   -4.693968e+01 1.850000e+01 5.173581e+00
      vertex   -4.682850e+01 1.850000e+01 5.397466e+00
    endloop
  endfacet
  facet normal 0.000000e+00 1.000000e+00 0.000000e+00
    outer loop
      vertex   -4.605982e+01 1.850000e+01 5.173581e+00
      vertex   -4.682850e+01 1.850000e+01 5.397466e+00
      vertex   -4.617101e+01 1.850000e+01 5.397466e+00
    endloop
  endfacet
  facet normal 0.000000e+00 1.000000e+00 0.000000e+00
    outer loop
      vertex   -4.588709e+01 1.850000e+01 4.654031e+00
      vertex   -4.586182e+01 1.850000e+01 4.477342e+00
      vertex   -4.585973e+01 1.850000e+01 4.389414e+00
    endloop
  endfacet
  facet normal -0.000000e+00 1.000000e+00 0.000000e+00
    outer loop
      vertex   -4.498071e+01 1.850000e+01 3.368406e+00
      vertex   -4.473160e+01 1.850000e+01 4.149621e+00
      vertex   -4.397609e+01 1.850000e+01 2.921122e+00
    endloop
  endfacet
  facet normal 0.000000e+00 1.000000e+00 0.000000e+00
    outer loop
      vertex   -4.397609e+01 1.850000e+01 2.921122e+00
      vertex   -4.473160e+01 1.850000e+01 4.149621e+00
      vertex   -4.469393e+01 1.850000e+01 4.229101e+00
    endloop
  endfacet
  facet normal 0.000000e+00 1.000000e+00 0.000000e+00
    outer loop
      vertex   -4.397609e+01 1.850000e+01 2.921122e+00
      vertex   -4.469393e+01 1.850000e+01 4.229101e+00
      vertex   -4.459898e+01 1.850000e+01 4.380234e+00
    endloop
  endfacet
  facet normal -0.000000e+00 1.000000e+00 0.000000e+00
    outer loop
      vertex   -4.459898e+01 1.850000e+01 4.380234e+00
      vertex   -4.450723e+01 1.850000e+01 4.499359e+00
      vertex   -4.397609e+01 1.850000e+01 2.921122e+00
    endloop
  endfacet
  facet normal 0.000000e+00 1.000000e+00 0.000000e+00
    outer loop
      vertex   -4.397609e+01 1.850000e+01 2.921122e+00
      vertex   -4.450723e+01 1.850000e+01 4.499359e+00
      vertex   -4.438536e+01 1.850000e+01 4.635289e+00
    endloop
  endfacet
  facet normal 0.000000e+00 1.000000e+00 0.000000e+00
    outer loop
      vertex   -4.397609e+01 1.850000e+01 2.921122e+00
      vertex   -4.438536e+01 1.850000e+01 4.635289e+00
      vertex   -4.422986e+01 1.850000e+01 4.784612e+00
    endloop
  endfacet
  facet normal 0.000000e+00 1.000000e+00 -0.000000e+00
    outer loop
      vertex   -4.397609e+01 1.850000e+01 2.921122e+00
      vertex   -4.422986e+01 1.850000e+01 4.784612e+00
      vertex   -4.356223e+01 1.850000e+01 3.628985e+00
    endloop
  endfacet
  facet normal 0.000000e+00 1.000000e+00 0.000000e+00
    outer loop
      vertex   -4.356223e+01 1.850000e+01 3.628985e+00
      vertex   -4.422986e+01 1.850000e+01 4.784612e+00
      vertex   -4.403723e+01 1.850000e+01 4.943917e+00
    endloop
  endfacet
  facet normal 0.000000e+00 1.000000e+00 -0.000000e+00
    outer loop
      vertex   -4.356223e+01 1.850000e+01 3.628985e+00
      vertex   -4.403723e+01 1.850000e+01 4.943917e+00
      vertex   -4.352837e+01 1.850000e+01 3.710157e+00
    endloop
  endfacet
  facet normal 0.000000e+00 1.000000e+00 -0.000000e+00
    outer loop
      vertex   -4.352837e+01 1.850000e+01 3.710157e+00
      vertex   -4.403723e+01 1.850000e+01 4.943917e+00
      vertex   -4.347959e+01 1.850000e+01 3.881851e+00
    endloop
  endfacet
  facet normal 0.000000e+00 1.000000e+00 -0.000000e+00
    outer loop
      vertex   -4.347959e+01 1.850000e+01 3.881851e+00
      vertex   -4.403723e+01 1.850000e+01 4.943917e+00
      vertex   -4.345245e+01 1.850000e+01 4.029742e+00
    endloop
  endfacet
  facet normal 0.000000e+00 1.000000e+00 -0.000000e+00
    outer loop
      vertex   -4.345245e+01 1.850000e+01 4.029742e+00
      vertex   -4.403723e+01 1.850000e+01 4.943917e+00
      vertex   -4.343298e+01 1.850000e+01 4.211263e+00
    endloop
  endfacet
  facet normal 0.000000e+00 1.000000e+00 -0.000000e+00
    outer loop
      vertex   -4.343298e+01 1.850000e+01 4.211263e+00
      vertex   -4.403723e+01 1.850000e+01 4.943917e+00
      vertex   -4.342606e+01 1.850000e+01 4.426738e+00
    endloop
  endfacet
  facet normal 0.000000e+00 1.000000e+00 0.000000e+00
    outer loop
      vertex   -4.342606e+01 1.850000e+01 4.426738e+00
      vertex   -4.403723e+01 1.850000e+01 4.943917e+00
      vertex   -4.343658e+01 1.850000e+01 4.676491e+00
    endloop
  endfacet
  facet normal -0.000000e+00 1.000000e+00 0.000000e+00
    outer loop
      vertex   -4.317448e+01 1.850000e+01 2.338716e+00
      vertex   -4.262916e+01 1.850000e+01 2.951068e+00
      vertex   -4.243865e+01 1.850000e+01 1.521487e+00
    endloop
  endfacet
  facet normal 0.000000e+00 1.000000e+00 0.000000e+00
    outer loop
      vertex   -4.243865e+01 1.850000e+01 1.521487e+00
      vertex   -4.262916e+01 1.850000e+01 2.951068e+00
      vertex   -4.256242e+01 1.850000e+01 3.008356e+00
    endloop
  endfacet
  facet normal 0.000000e+00 1.000000e+00 -0.000000e+00
    outer loop
      vertex   -4.243865e+01 1.850000e+01 1.521487e+00
      vertex   -4.256242e+01 1.850000e+01 3.008356e+00
      vertex   -4.241420e+01 1.850000e+01 3.107801e+00
    endloop
  endfacet
  facet normal 0.000000e+00 1.000000e+00 0.000000e+00
    outer loop
      vertex   -4.243865e+01 1.850000e+01 1.521487e+00
      vertex   -4.241420e+01 1.850000e+01 3.107801e+00
      vertex   -4.177265e+01 1.850000e+01 1.999818e+00
    endloop
  endfacet
  facet normal 0.000000e+00 1.000000e+00 0.000000e+00
    outer loop
      vertex   -4.177265e+01 1.850000e+01 1.999818e+00
      vertex   -4.241420e+01 1.850000e+01 3.107801e+00
      vertex   -4.228193e+01 1.850000e+01 3.179311e+00
    endloop
  endfacet
  facet normal 0.000000e+00 1.000000e+00 0.000000e+00
    outer loop
      vertex   -4.177265e+01 1.850000e+01 1.999818e+00
      vertex   -4.228193e+01 1.850000e+01 3.179311e+00
      vertex   -4.211531e+01 1.850000e+01 3.253920e+00
    endloop
  endfacet
  facet normal -0.000000e+00 1.000000e+00 0.000000e+00
    outer loop
      vertex   -4.211531e+01 1.850000e+01 3.253920e+00
      vertex   -4.191252e+01 1.850000e+01 3.327086e+00
      vertex   -4.177265e+01 1.850000e+01 1.999818e+00
    endloop
  endfacet
  facet normal 0.000000e+00 1.000000e+00 -0.000000e+00
    outer loop
      vertex   -4.177265e+01 1.850000e+01 1.999818e+00
      vertex   -4.191252e+01 1.850000e+01 3.327086e+00
      vertex   -4.170870e+01 1.850000e+01 2.060199e+00
    endloop
  endfacet
  facet normal 0.000000e+00 1.000000e+00 -0.000000e+00
    outer loop
      vertex   -4.170870e+01 1.850000e+01 2.060199e+00
      vertex   -4.191252e+01 1.850000e+01 3.327086e+00
      vertex   -4.159430e+01 1.850000e+01 2.197211e+00
    endloop
  endfacet
  facet normal 0.000000e+00 1.000000e+00 -0.000000e+00
    outer loop
      vertex   -4.159430e+01 1.850000e+01 2.197211e+00
      vertex   -4.191252e+01 1.850000e+01 3.327086e+00
      vertex   -4.150936e+01 1.850000e+01 2.321278e+00
    endloop
  endfacet
  facet normal 0.000000e+00 1.000000e+00 0.000000e+00
    outer loop
      vertex   -4.150936e+01 1.850000e+01 2.321278e+00
      vertex   -4.191252e+01 1.850000e+01 3.327086e+00
      vertex   -4.167175e+01 1.850000e+01 3.394267e+00
    endloop
  endfacet
  facet normal 0.000000e+00 1.000000e+00 -0.000000e+00
    outer loop
      vertex   -4.150936e+01 1.850000e+01 2.321278e+00
      vertex   -4.167175e+01 1.850000e+01 3.394267e+00
      vertex   -4.141774e+01 1.850000e+01 2.479187e+00
    endloop
  endfacet
  facet normal 0.000000e+00 1.000000e+00 -0.000000e+00
    outer loop
      vertex   -4.141774e+01 1.850000e+01 2.479187e+00
      vertex   -4.167175e+01 1.850000e+01 3.394267e+00
      vertex   -4.132378e+01 1.850000e+01 2.673218e+00
    endloop
  endfacet
  facet normal 0.000000e+00 1.000000e+00 -0.000000e+00
    outer loop
      vertex   -4.132378e+01 1.850000e+01 2.673218e+00
      vertex   -4.167175e+01 1.850000e+01 3.394267e+00
      vertex   -4.123180e+01 1.850000e+01 2.905655e+00
    endloop
  endfacet
  facet normal 1.805796e-08 1.000000e+00 9.959280e-10
    outer loop
      vertex   -4.533218e+01 1.850000e+01 -1.400828e+00
      vertex   -4.216962e+01 1.850000e+01 1.104740e+00
      vertex   -4.192096e+01 1.850000e+01 -3.403918e+00
    endloop
  endfacet
  facet normal 0.000000e+00 1.000000e+00 0.000000e+00
    outer loop
      vertex   -4.192096e+01 1.850000e+01 -3.403918e+00
      vertex   -4.216962e+01 1.850000e+01 1.104740e+00
      vertex   -4.194322e+01 1.850000e+01 6.633875e-01
    endloop
  endfacet
  facet normal 0.000000e+00 1.000000e+00 -0.000000e+00
    outer loop
      vertex   -4.192096e+01 1.850000e+01 -3.403918e+00
      vertex   -4.194322e+01 1.850000e+01 6.633875e-01
      vertex   -4.174447e+01 1.850000e+01 -2.940345e+00
    endloop
  endfacet
  facet normal 0.000000e+00 1.000000e+00 -0.000000e+00
    outer loop
      vertex   -4.174447e+01 1.850000e+01 -2.940345e+00
      vertex   -4.194322e+01 1.850000e+01 6.633875e-01
      vertex   -4.161478e+01 1.850000e+01 -2.461566e+00
    endloop
  endfacet
  facet normal 0.000000e+00 1.000000e+00 -0.000000e+00
    outer loop
      vertex   -4.161478e+01 1.850000e+01 -2.461566e+00
      vertex   -4.194322e+01 1.850000e+01 6.633875e-01
      vertex   -4.160340e+01 1.850000e+01 -3.824800e-01
    endloop
  endfacet
  facet normal 0.000000e+00 1.000000e+00 0.000000e+00
    outer loop
      vertex   -4.161478e+01 1.850000e+01 -2.461566e+00
      vertex   -4.160340e+01 1.850000e+01 -3.824800e-01
      vertex   -4.152714e+01 1.850000e+01 -8.726180e-01
    endloop
  endfacet
  facet normal -0.000000e+00 1.000000e+00 0.000000e+00
    outer loop
      vertex   -4.194322e+01 1.850000e+01 6.633875e-01
      vertex   -4.119598e+01 1.850000e+01 1.000995e+00
      vertex   -4.160340e+01 1.850000e+01 -3.824800e-01
    endloop
  endfacet
  facet normal 0.000000e+00 1.000000e+00 0.000000e+00
    outer loop
      vertex   -4.160340e+01 1.850000e+01 -3.824800e-01
      vertex   -4.119598e+01 1.850000e+01 1.000995e+00
      vertex   -4.080042e+01 1.850000e+01 -2.163895e-01
    endloop
  endfacet
  facet normal 0.000000e+00 1.000000e+00 0.000000e+00
    outer loop
      vertex   -4.080042e+01 1.850000e+01 -2.163895e-01
      vertex   -4.119598e+01 1.850000e+01 1.000995e+00
      vertex   -4.111171e+01 1.850000e+01 1.026186e+00
    endloop
  endfacet
  facet normal 0.000000e+00 1.000000e+00 0.000000e+00
    outer loop
      vertex   -4.080042e+01 1.850000e+01 -2.163895e-01
      vertex   -4.111171e+01 1.850000e+01 1.026186e+00
      vertex   -4.093586e+01 1.850000e+01 1.056748e+00
    endloop
  endfacet
  facet normal -0.000000e+00 1.000000e+00 0.000000e+00
    outer loop
      vertex   -4.093586e+01 1.850000e+01 1.056748e+00
      vertex   -4.078594e+01 1.850000e+01 1.068278e+00
      vertex   -4.080042e+01 1.850000e+01 -2.163895e-01
    endloop
  endfacet
  facet normal 0.000000e+00 1.000000e+00 0.000000e+00
    outer loop
      vertex   -4.080042e+01 1.850000e+01 -2.163895e-01
      vertex   -4.078594e+01 1.850000e+01 1.068278e+00
      vertex   -4.071744e+01 1.850000e+01 -1.872389e-01
    endloop
  endfacet
  facet normal 0.000000e+00 1.000000e+00 -0.000000e+00
    outer loop
      vertex   -4.071744e+01 1.850000e+01 -1.872389e-01
      vertex   -4.078594e+01 1.850000e+01 1.068278e+00
      vertex   -4.055721e+01 1.850000e+01 -1.086006e-01
    endloop
  endfacet
  facet normal 0.000000e+00 1.000000e+00 0.000000e+00
    outer loop
      vertex   -4.055721e+01 1.850000e+01 -1.086006e-01
      vertex   -4.078594e+01 1.850000e+01 1.068278e+00
      vertex   -4.060338e+01 1.850000e+01 1.068666e+00
    endloop
  endfacet
  facet normal 0.000000e+00 1.000000e+00 -0.000000e+00
    outer loop
      vertex   -4.055721e+01 1.850000e+01 -1.086006e-01
      vertex   -4.060338e+01 1.850000e+01 1.068666e+00
      vertex   -4.042915e+01 1.850000e+01 -2.980936e-02
    endloop
  endfacet
  facet normal 0.000000e+00 1.000000e+00 -0.000000e+00
    outer loop
      vertex   -4.042915e+01 1.850000e+01 -2.980936e-02
      vertex   -4.060338e+01 1.850000e+01 1.068666e+00
      vertex   -4.038836e+01 1.850000e+01 1.053024e+00
    endloop
  endfacet
  facet normal 0.000000e+00 1.000000e+00 0.000000e+00
    outer loop
      vertex   -4.042915e+01 1.850000e+01 -2.980936e-02
      vertex   -4.038836e+01 1.850000e+01 1.053024e+00
      vertex   -4.028122e+01 1.850000e+01 7.718335e-02
    endloop
  endfacet
  facet normal 0.000000e+00 1.000000e+00 -0.000000e+00
    outer loop
      vertex   -4.028122e+01 1.850000e+01 7.718335e-02
      vertex   -4.038836e+01 1.850000e+01 1.053024e+00
      vertex   -4.011647e+01 1.850000e+01 2.162221e-01
    endloop
  endfacet
  facet normal 0.000000e+00 1.000000e+00 0.000000e+00
    outer loop
      vertex   -4.011647e+01 1.850000e+01 2.162221e-01
      vertex   -4.038836e+01 1.850000e+01 1.053024e+00
      vertex   -4.014107e+01 1.850000e+01 1.016464e+00
    endloop
  endfacet
  facet normal 0.000000e+00 1.000000e+00 -0.000000e+00
    outer loop
      vertex   -4.011647e+01 1.850000e+01 2.162221e-01
      vertex   -4.014107e+01 1.850000e+01 1.016464e+00
      vertex   -3.993790e+01 1.850000e+01 3.911515e-01
    endloop
  endfacet
  facet normal 0.000000e+00 1.000000e+00 0.000000e+00
    outer loop
      vertex   -4.152714e+01 1.850000e+01 -8.726180e-01
      vertex   -4.149983e+01 1.850000e+01 -1.367900e+00
      vertex   -4.161478e+01 1.850000e+01 -2.461566e+00
    endloop
  endfacet
  facet normal -0.000000e+00 1.000000e+00 0.000000e+00
    outer loop
      vertex   -4.161478e+01 1.850000e+01 -2.461566e+00
      vertex   -4.149983e+01 1.850000e+01 -1.367900e+00
      vertex   -4.081367e+01 1.850000e+01 -2.636434e+00
    endloop
  endfacet
  facet normal 0.000000e+00 1.000000e+00 -0.000000e+00
    outer loop
      vertex   -4.081367e+01 1.850000e+01 -2.636434e+00
      vertex   -4.149983e+01 1.850000e+01 -1.367900e+00
      vertex   -4.067987e+01 1.850000e+01 -1.363413e+00
    endloop
  endfacet
  facet normal -0.000000e+00 1.000000e+00 0.000000e+00
    outer loop
      vertex   -4.081367e+01 1.850000e+01 -2.636434e+00
      vertex   -4.067987e+01 1.850000e+01 -1.363413e+00
      vertex   -4.072600e+01 1.850000e+01 -2.643555e+00
    endloop
  endfacet
  facet normal 0.000000e+00 1.000000e+00 0.000000e+00
    outer loop
      vertex   -4.072600e+01 1.850000e+01 -2.643555e+00
      vertex   -4.067987e+01 1.850000e+01 -1.363413e+00
      vertex   -4.059264e+01 1.850000e+01 -1.374674e+00
    endloop
  endfacet
  facet normal 0.000000e+00 1.000000e+00 0.000000e+00
    outer loop
      vertex   -4.072600e+01 1.850000e+01 -2.643555e+00
      vertex   -4.059264e+01 1.850000e+01 -1.374674e+00
      vertex   -4.054764e+01 1.850000e+01 -2.636887e+00
    endloop
  endfacet
  facet normal 0.000000e+00 1.000000e+00 -0.000000e+00
    outer loop
      vertex   -4.054764e+01 1.850000e+01 -2.636887e+00
      vertex   -4.059264e+01 1.850000e+01 -1.374674e+00
      vertex   -4.041956e+01 1.850000e+01 -1.418280e+00
    endloop
  endfacet
  facet normal 0.000000e+00 1.000000e+00 0.000000e+00
    outer loop
      vertex   -4.054764e+01 1.850000e+01 -2.636887e+00
      vertex   -4.041956e+01 1.850000e+01 -1.418280e+00
      vertex   -4.039860e+01 1.850000e+01 -2.616996e+00
    endloop
  endfacet
  facet normal 0.000000e+00 1.000000e+00 -0.000000e+00
    outer loop
      vertex   -4.039860e+01 1.850000e+01 -2.616996e+00
      vertex   -4.041956e+01 1.850000e+01 -1.418280e+00
      vertex   -4.027791e+01 1.850000e+01 -1.468723e+00
    endloop
  endfacet
  facet normal 0.000000e+00 1.000000e+00 0.000000e+00
    outer loop
      vertex   -4.039860e+01 1.850000e+01 -2.616996e+00
      vertex   -4.027791e+01 1.850000e+01 -1.468723e+00
      vertex   -4.021995e+01 1.850000e+01 -2.579419e+00
    endloop
  endfacet
  facet normal 0.000000e+00 1.000000e+00 -0.000000e+00
    outer loop
      vertex   -4.021995e+01 1.850000e+01 -2.579419e+00
      vertex   -4.027791e+01 1.850000e+01 -1.468723e+00
      vertex   -4.011098e+01 1.850000e+01 -1.542623e+00
    endloop
  endfacet
  facet normal 0.000000e+00 1.000000e+00 0.000000e+00
    outer loop
      vertex   -4.021995e+01 1.850000e+01 -2.579419e+00
      vertex   -4.011098e+01 1.850000e+01 -1.542623e+00
      vertex   -4.001288e+01 1.850000e+01 -2.519414e+00
    endloop
  endfacet
  facet normal 0.000000e+00 1.000000e+00 -0.000000e+00
    outer loop
      vertex   -4.001288e+01 1.850000e+01 -2.519414e+00
      vertex   -4.011098e+01 1.850000e+01 -1.542623e+00
      vertex   -3.992091e+01 1.850000e+01 -1.644368e+00
    endloop
  endfacet
  facet normal 0.000000e+00 1.000000e+00 0.000000e+00
    outer loop
      vertex   -4.001288e+01 1.850000e+01 -2.519414e+00
      vertex   -3.992091e+01 1.850000e+01 -1.644368e+00
      vertex   -3.977860e+01 1.850000e+01 -2.432239e+00
    endloop
  endfacet
  facet normal 0.000000e+00 1.000000e+00 -0.000000e+00
    outer loop
      vertex   -3.977860e+01 1.850000e+01 -2.432239e+00
      vertex   -3.992091e+01 1.850000e+01 -1.644368e+00
      vertex   -3.970987e+01 1.850000e+01 -1.778348e+00
    endloop
  endfacet
  facet normal -0.000000e+00 1.000000e+00 0.000000e+00
    outer loop
      vertex   -4.124451e+01 1.850000e+01 -5.031269e+00
      vertex   -4.095458e+01 1.850000e+01 -3.889327e+00
      vertex   -4.103093e+01 1.850000e+01 -5.060674e+00
    endloop
  endfacet
  facet normal 0.000000e+00 1.000000e+00 0.000000e+00
    outer loop
      vertex   -4.103093e+01 1.850000e+01 -5.060674e+00
      vertex   -4.095458e+01 1.850000e+01 -3.889327e+00
      vertex   -4.084570e+01 1.850000e+01 -3.993022e+00
    endloop
  endfacet
  facet normal 0.000000e+00 1.000000e+00 0.000000e+00
    outer loop
      vertex   -4.103093e+01 1.850000e+01 -5.060674e+00
      vertex   -4.084570e+01 1.850000e+01 -3.993022e+00
      vertex   -4.072325e+01 1.850000e+01 -4.128432e+00
    endloop
  endfacet
  facet normal -0.000000e+00 1.000000e+00 0.000000e+00
    outer loop
      vertex   -4.103093e+01 1.850000e+01 -5.060674e+00
      vertex   -4.072325e+01 1.850000e+01 -4.128432e+00
      vertex   -4.078145e+01 1.850000e+01 -5.076326e+00
    endloop
  endfacet
  facet normal 0.000000e+00 1.000000e+00 0.000000e+00
    outer loop
      vertex   -4.078145e+01 1.850000e+01 -5.076326e+00
      vertex   -4.072325e+01 1.850000e+01 -4.128432e+00
      vertex   -4.059100e+01 1.850000e+01 -4.298688e+00
    endloop
  endfacet
  facet normal 0.000000e+00 1.000000e+00 0.000000e+00
    outer loop
      vertex   -4.078145e+01 1.850000e+01 -5.076326e+00
      vertex   -4.059100e+01 1.850000e+01 -4.298688e+00
      vertex   -4.045271e+01 1.850000e+01 -4.506921e+00
    endloop
  endfacet
  facet normal 0.000000e+00 1.000000e+00 0.000000e+00
    outer loop
      vertex   -4.110000e+01 1.300000e+01 -9.000000e+00
      vertex   -4.110000e+01 1.300000e+01 -1.800000e+01
      vertex   -4.210000e+01 1.300000e+01 -9.000000e+00
    endloop
  endfacet
  facet normal 0.000000e+00 1.000000e+00 0.000000e+00
    outer loop
      vertex   -4.210000e+01 1.300000e+01 -9.000000e+00
      vertex   -4.110000e+01 1.300000e+01 -1.800000e+01
      vertex   -4.210000e+01 1.300000e+01 -1.800000e+01
    endloop
  endfacet
  facet normal 0.000000e+00 -0.000000e+00 1.000000e+00
    outer loop
      vertex   -4.110000e+01 1.300000e+01 -1.800000e+01
      vertex   -4.110000e+01 1.600000e+01 -1.800000e+01
      vertex   -4.210000e+01 1.300000e+01 -1.800000e+01
    endloop
  endfacet
  facet normal 0.000000e+00 0.000000e+00 1.000000e+00
    outer loop
      vertex   -4.210000e+01 1.300000e+01 -1.800000e+01
      vertex   -4.110000e+01 1.600000e+01 -1.800000e+01
      vertex   -4.210000e+01 1.600000e+01 -1.800000e+01
    endloop
  endfacet
  facet normal 0.000000e+00 -1.000000e+00 0.000000e+00
    outer loop
      vertex   -4.110000e+01 1.600000e+01 -1.800000e+01
      vertex   -4.110000e+01 1.600000e+01 -9.000000e+00
      vertex   -4.210000e+01 1.600000e+01 -1.800000e+01
    endloop
  endfacet
  facet normal 0.000000e+00 -1.000000e+00 0.000000e+00
    outer loop
      vertex   -4.210000e+01 1.600000e+01 -1.800000e+01
      vertex   -4.110000e+01 1.600000e+01 -9.000000e+00
      vertex   -4.210000e+01 1.600000e+01 -9.000000e+00
    endloop
  endfacet
  facet normal -0.000000e+00 -0.000000e+00 -1.000000e+00
    outer loop
      vertex   -4.110000e+01 1.600000e+01 -9.000000e+00
      vertex   -4.110000e+01 1.300000e+01 -9.000000e+00
      vertex   -4.210000e+01 1.600000e+01 -9.000000e+00
    endloop
  endfacet
  facet normal 0.000000e+00 0.000000e+00 -1.000000e+00
    outer loop
      vertex   -4.210000e+01 1.600000e+01 -9.000000e+00
      vertex   -4.110000e+01 1.300000e+01 -9.000000e+00
      vertex   -4.210000e+01 1.300000e+01 -9.000000e+00
    endloop
  endfacet
  facet normal -0.000000e+00 -0.000000e+00 -1.000000e+00
    outer loop
      vertex   -4.210000e+01 1.850000e+01 -1.900000e+01
      vertex   -4.210000e+01 1.750000e+01 -1.900000e+01
      vertex   -5.350372e+01 1.850000e+01 -1.900000e+01
    endloop
  endfacet
  facet normal 0.000000e+00 0.000000e+00 -1.000000e+00
    outer loop
      vertex   -5.350372e+01 1.850000e+01 -1.900000e+01
      vertex   -4.210000e+01 1.750000e+01 -1.900000e+01
      vertex   -5.350372e+01 1.750000e+01 -1.900000e+01
    endloop
  endfacet
  facet normal 3.245623e-08 -1.000000e+00 2.360363e-08
    outer loop
      vertex   -4.925242e+01 1.750000e+01 -1.284576e+01
      vertex   -5.350372e+01 1.750000e+01 -7.000000e+00
      vertex   -4.930718e+01 1.750000e+01 -1.340177e+01
    endloop
  endfacet
  facet normal -3.550821e-09 -1.000000e+00 0.000000e+00
    outer loop
      vertex   -4.930718e+01 1.750000e+01 -1.340177e+01
      vertex   -5.350372e+01 1.750000e+01 -7.000000e+00
      vertex   -5.350372e+01 1.750000e+01 -1.900000e+01
    endloop
  endfacet
  facet normal 2.846155e-08 -1.000000e+00 -2.399707e-08
    outer loop
      vertex   -4.930718e+01 1.750000e+01 -1.340177e+01
      vertex   -5.350372e+01 1.750000e+01 -1.900000e+01
      vertex   -4.925242e+01 1.750000e+01 -1.395778e+01
    endloop
  endfacet
  facet normal 0.000000e+00 -1.000000e+00 -0.000000e+00
    outer loop
      vertex   -4.925242e+01 1.750000e+01 -1.395778e+01
      vertex   -5.350372e+01 1.750000e+01 -1.900000e+01
      vertex   -4.909024e+01 1.750000e+01 -1.449242e+01
    endloop
  endfacet
  facet normal 0.000000e+00 -1.000000e+00 -0.000000e+00
    outer loop
      vertex   -4.909024e+01 1.750000e+01 -1.449242e+01
      vertex   -5.350372e+01 1.750000e+01 -1.900000e+01
      vertex   -4.882687e+01 1.750000e+01 -1.498514e+01
    endloop
  endfacet
  facet normal 0.000000e+00 -1.000000e+00 -0.000000e+00
    outer loop
      vertex   -4.882687e+01 1.750000e+01 -1.498514e+01
      vertex   -5.350372e+01 1.750000e+01 -1.900000e+01
      vertex   -4.847243e+01 1.750000e+01 -1.541702e+01
    endloop
  endfacet
  facet normal 0.000000e+00 -1.000000e+00 -0.000000e+00
    outer loop
      vertex   -4.847243e+01 1.750000e+01 -1.541702e+01
      vertex   -5.350372e+01 1.750000e+01 -1.900000e+01
      vertex   -4.804055e+01 1.750000e+01 -1.577146e+01
    endloop
  endfacet
  facet normal 0.000000e+00 -1.000000e+00 -0.000000e+00
    outer loop
      vertex   -4.804055e+01 1.750000e+01 -1.577146e+01
      vertex   -5.350372e+01 1.750000e+01 -1.900000e+01
      vertex   -4.754783e+01 1.750000e+01 -1.603483e+01
    endloop
  endfacet
  facet normal 0.000000e+00 -1.000000e+00 -0.000000e+00
    outer loop
      vertex   -4.754783e+01 1.750000e+01 -1.603483e+01
      vertex   -5.350372e+01 1.750000e+01 -1.900000e+01
      vertex   -4.701319e+01 1.750000e+01 -1.619701e+01
    endloop
  endfacet
  facet normal 0.000000e+00 -1.000000e+00 -0.000000e+00
    outer loop
      vertex   -4.701319e+01 1.750000e+01 -1.619701e+01
      vertex   -5.350372e+01 1.750000e+01 -1.900000e+01
      vertex   -4.210000e+01 1.750000e+01 -1.900000e+01
    endloop
  endfacet
  facet normal 0.000000e+00 -1.000000e+00 0.000000e+00
    outer loop
      vertex   -4.701319e+01 1.750000e+01 -1.619701e+01
      vertex   -4.210000e+01 1.750000e+01 -1.900000e+01
      vertex   -4.645718e+01 1.750000e+01 -1.625177e+01
    endloop
  endfacet
  facet normal 0.000000e+00 -1.000000e+00 0.000000e+00
    outer loop
      vertex   -4.645718e+01 1.750000e+01 -1.625177e+01
      vertex   -4.210000e+01 1.750000e+01 -1.900000e+01
      vertex   -4.590117e+01 1.750000e+01 -1.619701e+01
    endloop
  endfacet
  facet normal 0.000000e+00 -1.000000e+00 0.000000e+00
    outer loop
      vertex   -4.590117e+01 1.750000e+01 -1.619701e+01
      vertex   -4.210000e+01 1.750000e+01 -1.900000e+01
      vertex   -4.536653e+01 1.750000e+01 -1.603483e+01
    endloop
  endfacet
  facet normal 0.000000e+00 -1.000000e+00 0.000000e+00
    outer loop
      vertex   -4.536653e+01 1.750000e+01 -1.603483e+01
      vertex   -4.210000e+01 1.750000e+01 -1.900000e+01
      vertex   -4.487380e+01 1.750000e+01 -1.577146e+01
    endloop
  endfacet
  facet normal 0.000000e+00 -1.000000e+00 0.000000e+00
    outer loop
      vertex   -4.487380e+01 1.750000e+01 -1.577146e+01
      vertex   -4.210000e+01 1.750000e+01 -1.900000e+01
      vertex   -4.444192e+01 1.750000e+01 -1.541702e+01
    endloop
  endfacet
  facet normal 0.000000e+00 -1.000000e+00 0.000000e+00
    outer loop
      vertex   -4.444192e+01 1.750000e+01 -1.541702e+01
      vertex   -4.210000e+01 1.750000e+01 -1.900000e+01
      vertex   -4.408749e+01 1.750000e+01 -1.498514e+01
    endloop
  endfacet
  facet normal 0.000000e+00 -1.000000e+00 0.000000e+00
    outer loop
      vertex   -4.408749e+01 1.750000e+01 -1.498514e+01
      vertex   -4.210000e+01 1.750000e+01 -1.900000e+01
      vertex   -4.382412e+01 1.750000e+01 -1.449242e+01
    endloop
  endfacet
  facet normal 0.000000e+00 -1.000000e+00 0.000000e+00
    outer loop
      vertex   -4.382412e+01 1.750000e+01 -1.449242e+01
      vertex   -4.210000e+01 1.750000e+01 -1.900000e+01
      vertex   -4.366194e+01 1.750000e+01 -1.395778e+01
    endloop
  endfacet
  facet normal 0.000000e+00 -1.000000e+00 0.000000e+00
    outer loop
      vertex   -4.366194e+01 1.750000e+01 -1.395778e+01
      vertex   -4.210000e+01 1.750000e+01 -1.900000e+01
      vertex   -4.360718e+01 1.750000e+01 -1.340177e+01
    endloop
  endfacet
  facet normal 0.000000e+00 -1.000000e+00 0.000000e+00
    outer loop
      vertex   -4.360718e+01 1.750000e+01 -1.340177e+01
      vertex   -4.210000e+01 1.750000e+01 -1.900000e+01
      vertex   -4.210000e+01 1.750000e+01 -7.000000e+00
    endloop
  endfacet
  facet normal 0.000000e+00 -1.000000e+00 0.000000e+00
    outer loop
      vertex   -4.360718e+01 1.750000e+01 -1.340177e+01
      vertex   -4.210000e+01 1.750000e+01 -7.000000e+00
      vertex   -4.366194e+01 1.750000e+01 -1.284576e+01
    endloop
  endfacet
  facet normal 0.000000e+00 -1.000000e+00 0.000000e+00
    outer loop
      vertex   -4.366194e+01 1.750000e+01 -1.284576e+01
      vertex   -4.210000e+01 1.750000e+01 -7.000000e+00
      vertex   -4.382412e+01 1.750000e+01 -1.231112e+01
    endloop
  endfacet
  facet normal 0.000000e+00 -1.000000e+00 0.000000e+00
    outer loop
      vertex   -4.382412e+01 1.750000e+01 -1.231112e+01
      vertex   -4.210000e+01 1.750000e+01 -7.000000e+00
      vertex   -4.408749e+01 1.750000e+01 -1.181839e+01
    endloop
  endfacet
  facet normal 0.000000e+00 -1.000000e+00 0.000000e+00
    outer loop
      vertex   -4.408749e+01 1.750000e+01 -1.181839e+01
      vertex   -4.210000e+01 1.750000e+01 -7.000000e+00
      vertex   -4.444192e+01 1.750000e+01 -1.138651e+01
    endloop
  endfacet
  facet normal 0.000000e+00 -1.000000e+00 0.000000e+00
    outer loop
      vertex   -4.444192e+01 1.750000e+01 -1.138651e+01
      vertex   -4.210000e+01 1.750000e+01 -7.000000e+00
      vertex   -4.487380e+01 1.750000e+01 -1.103208e+01
    endloop
  endfacet
  facet normal 0.000000e+00 -1.000000e+00 0.000000e+00
    outer loop
      vertex   -4.487380e+01 1.750000e+01 -1.103208e+01
      vertex   -4.210000e+01 1.750000e+01 -7.000000e+00
      vertex   -4.536653e+01 1.750000e+01 -1.076871e+01
    endloop
  endfacet
  facet normal 0.000000e+00 -1.000000e+00 0.000000e+00
    outer loop
      vertex   -4.536653e+01 1.750000e+01 -1.076871e+01
      vertex   -4.210000e+01 1.750000e+01 -7.000000e+00
      vertex   -4.590117e+01 1.750000e+01 -1.060653e+01
    endloop
  endfacet
  facet normal 0.000000e+00 -1.000000e+00 0.000000e+00
    outer loop
      vertex   -4.590117e+01 1.750000e+01 -1.060653e+01
      vertex   -4.210000e+01 1.750000e+01 -7.000000e+00
      vertex   -4.645718e+01 1.750000e+01 -1.055177e+01
    endloop
  endfacet
  facet normal -0.000000e+00 -1.000000e+00 0.000000e+00
    outer loop
      vertex   -4.645718e+01 1.750000e+01 -1.055177e+01
      vertex   -4.210000e+01 1.750000e+01 -7.000000e+00
      vertex   -4.701319e+01 1.750000e+01 -1.060653e+01
    endloop
  endfacet
  facet normal 0.000000e+00 -1.000000e+00 0.000000e+00
    outer loop
      vertex   -4.701319e+01 1.750000e+01 -1.060653e+01
      vertex   -4.210000e+01 1.750000e+01 -7.000000e+00
      vertex   -5.350372e+01 1.750000e+01 -7.000000e+00
    endloop
  endfacet
  facet normal -0.000000e+00 -1.000000e+00 0.000000e+00
    outer loop
      vertex   -4.701319e+01 1.750000e+01 -1.060653e+01
      vertex   -5.350372e+01 1.750000e+01 -7.000000e+00
      vertex   -4.754783e+01 1.750000e+01 -1.076871e+01
    endloop
  endfacet
  facet normal -0.000000e+00 -1.000000e+00 0.000000e+00
    outer loop
      vertex   -4.754783e+01 1.750000e+01 -1.076871e+01
      vertex   -5.350372e+01 1.750000e+01 -7.000000e+00
      vertex   -4.804055e+01 1.750000e+01 -1.103208e+01
    endloop
  endfacet
  facet normal -0.000000e+00 -1.000000e+00 0.000000e+00
    outer loop
      vertex   -4.804055e+01 1.750000e+01 -1.103208e+01
      vertex   -5.350372e+01 1.750000e+01 -7.000000e+00
      vertex   -4.847243e+01 1.750000e+01 -1.138651e+01
    endloop
  endfacet
  facet normal -0.000000e+00 -1.000000e+00 0.000000e+00
    outer loop
      vertex   -4.847243e+01 1.750000e+01 -1.138651e+01
      vertex   -5.350372e+01 1.750000e+01 -7.000000e+00
      vertex   -4.882687e+01 1.750000e+01 -1.181839e+01
    endloop
  endfacet
  facet normal -0.000000e+00 -1.000000e+00 0.000000e+00
    outer loop
      vertex   -4.882687e+01 1.750000e+01 -1.181839e+01
      vertex   -5.350372e+01 1.750000e+01 -7.000000e+00
      vertex   -4.909024e+01 1.750000e+01 -1.231112e+01
    endloop
  endfacet
  facet normal -0.000000e+00 -1.000000e+00 0.000000e+00
    outer loop
      vertex   -4.909024e+01 1.750000e+01 -1.231112e+01
      vertex   -5.350372e+01 1.750000e+01 -7.000000e+00
      vertex   -4.925242e+01 1.750000e+01 -1.284576e+01
    endloop
  endfacet
  facet normal 0.000000e+00 1.000000e+00 0.000000e+00
    outer loop
      vertex   -4.210000e+01 5.000000e+00 -7.000000e+00
      vertex   -4.210000e+01 5.000000e+00 -1.500000e+01
      vertex   -5.350372e+01 5.000000e+00 -7.000000e+00
    endloop
  endfacet
  facet normal 0.000000e+00 1.000000e+00 0.000000e+00
    outer loop
      vertex   -5.350372e+01 5.000000e+00 -7.000000e+00
      vertex   -4.210000e+01 5.000000e+00 -1.500000e+01
      vertex   -5.350372e+01 5.000000e+00 -1.500000e+01
    endloop
  endfacet
  facet normal -0.000000e+00 -0.000000e+00 -1.000000e+00
    outer loop
      vertex   -4.210000e+01 5.000000e+00 -1.500000e+01
      vertex   -4.210000e+01 4.000000e+00 -1.500000e+01
      vertex   -5.350372e+01 5.000000e+00 -1.500000e+01
    endloop
  endfacet
  facet normal 0.000000e+00 0.000000e+00 -1.000000e+00
    outer loop
      vertex   -5.350372e+01 5.000000e+00 -1.500000e+01
      vertex   -4.210000e+01 4.000000e+00 -1.500000e+01
      vertex   -5.350372e+01 4.000000e+00 -1.500000e+01
    endloop
  endfacet
  facet normal 0.000000e+00 -1.305262e-01 -9.914449e-01
    outer loop
      vertex   -5.450372e+01 1.140529e+01 -2.242044e+01
      vertex   -5.350372e+01 1.140529e+01 -2.242044e+01
      vertex   -5.450372e+01 1.125000e+01 -2.240000e+01
    endloop
  endfacet
  facet normal 0.000000e+00 -1.305262e-01 -9.914449e-01
    outer loop
      vertex   -5.450372e+01 1.125000e+01 -2.240000e+01
      vertex   -5.350372e+01 1.140529e+01 -2.242044e+01
      vertex   -5.350372e+01 1.125000e+01 -2.240000e+01
    endloop
  endfacet
  facet normal 0.000000e+00 1.305262e-01 -9.914449e-01
    outer loop
      vertex   -5.450372e+01 1.125000e+01 -2.240000e+01
      vertex   -5.350372e+01 1.125000e+01 -2.240000e+01
      vertex   -5.450372e+01 1.109471e+01 -2.242044e+01
    endloop
  endfacet
  facet normal 0.000000e+00 1.305262e-01 -9.914449e-01
    outer loop
      vertex   -5.450372e+01 1.109471e+01 -2.242044e+01
      vertex   -5.350372e+01 1.125000e+01 -2.240000e+01
      vertex   -5.350372e+01 1.109471e+01 -2.242044e+01
    endloop
  endfacet
  facet normal 0.000000e+00 3.826834e-01 -9.238795e-01
    outer loop
      vertex   -5.450372e+01 1.109471e+01 -2.242044e+01
      vertex   -5.350372e+01 1.109471e+01 -2.242044e+01
      vertex   -5.450372e+01 1.095000e+01 -2.248038e+01
    endloop
  endfacet
  facet normal 0.000000e+00 3.826834e-01 -9.238795e-01
    outer loop
      vertex   -5.450372e+01 1.095000e+01 -2.248038e+01
      vertex   -5.350372e+01 1.109471e+01 -2.242044e+01
      vertex   -5.350372e+01 1.095000e+01 -2.248038e+01
    endloop
  endfacet
  facet normal 0.000000e+00 6.087614e-01 -7.933533e-01
    outer loop
      vertex   -5.450372e+01 1.095000e+01 -2.248038e+01
      vertex   -5.350372e+01 1.095000e+01 -2.248038e+01
      vertex   -5.450372e+01 1.082574e+01 -2.257574e+01
    endloop
  endfacet
  facet normal 0.000000e+00 6.087614e-01 -7.933533e-01
    outer loop
      vertex   -5.450372e+01 1.082574e+01 -2.257574e+01
      vertex   -5.350372e+01 1.095000e+01 -2.248038e+01
      vertex   -5.350372e+01 1.082574e+01 -2.257574e+01
    endloop
  endfacet
  facet normal 0.000000e+00 7.933533e-01 -6.087614e-01
    outer loop
      vertex   -5.450372e+01 1.082574e+01 -2.257574e+01
      vertex   -5.350372e+01 1.082574e+01 -2.257574e+01
      vertex   -5.450372e+01 1.073038e+01 -2.270000e+01
    endloop
  endfacet
  facet normal -4.325510e-15 7.933533e-01 -6.087614e-01
    outer loop
      vertex   -5.450372e+01 1.073038e+01 -2.270000e+01
      vertex   -5.350372e+01 1.082574e+01 -2.257574e+01
      vertex   -5.350372e+01 1.073038e+01 -2.270000e+01
    endloop
  endfacet
  facet normal -2.719129e-15 9.238795e-01 -3.826834e-01
    outer loop
      vertex   -5.450372e+01 1.073038e+01 -2.270000e+01
      vertex   -5.350372e+01 1.073038e+01 -2.270000e+01
      vertex   -5.450372e+01 1.067044e+01 -2.284471e+01
    endloop
  endfacet
  facet normal 0.000000e+00 9.238795e-01 -3.826834e-01
    outer loop
      vertex   -5.450372e+01 1.067044e+01 -2.284471e+01
      vertex   -5.350372e+01 1.073038e+01 -2.270000e+01
      vertex   -5.350372e+01 1.067044e+01 -2.284471e+01
    endloop
  endfacet
  facet normal 0.000000e+00 9.914449e-01 -1.305262e-01
    outer loop
      vertex   -5.450372e+01 1.067044e+01 -2.284471e+01
      vertex   -5.350372e+01 1.067044e+01 -2.284471e+01
      vertex   -5.450372e+01 1.065000e+01 -2.300000e+01
    endloop
  endfacet
  facet normal 0.000000e+00 9.914449e-01 -1.305262e-01
    outer loop
      vertex   -5.450372e+01 1.065000e+01 -2.300000e+01
      vertex   -5.350372e+01 1.067044e+01 -2.284471e+01
      vertex   -5.350372e+01 1.065000e+01 -2.300000e+01
    endloop
  endfacet
  facet normal -0.000000e+00 9.914449e-01 1.305262e-01
    outer loop
      vertex   -5.450372e+01 1.065000e+01 -2.300000e+01
      vertex   -5.350372e+01 1.065000e+01 -2.300000e+01
      vertex   -5.450372e+01 1.067044e+01 -2.315529e+01
    endloop
  endfacet
  facet normal -0.000000e+00 9.914449e-01 1.305262e-01
    outer loop
      vertex   -5.450372e+01 1.067044e+01 -2.315529e+01
      vertex   -5.350372e+01 1.065000e+01 -2.300000e+01
      vertex   -5.350372e+01 1.067044e+01 -2.315529e+01
    endloop
  endfacet
  facet normal -0.000000e+00 9.238795e-01 3.826834e-01
    outer loop
      vertex   -5.450372e+01 1.067044e+01 -2.315529e+01
      vertex   -5.350372e+01 1.067044e+01 -2.315529e+01
      vertex   -5.450372e+01 1.073038e+01 -2.330000e+01
    endloop
  endfacet
  facet normal 1.359565e-15 9.238795e-01 3.826834e-01
    outer loop
      vertex   -5.450372e+01 1.073038e+01 -2.330000e+01
      vertex   -5.350372e+01 1.067044e+01 -2.315529e+01
      vertex   -5.350372e+01 1.073038e+01 -2.330000e+01
    endloop
  endfacet
  facet normal 2.162755e-15 7.933533e-01 6.087614e-01
    outer loop
      vertex   -5.450372e+01 1.073038e+01 -2.330000e+01
      vertex   -5.350372e+01 1.073038e+01 -2.330000e+01
      vertex   -5.450372e+01 1.082574e+01 -2.342426e+01
    endloop
  endfacet
  facet normal -0.000000e+00 7.933533e-01 6.087614e-01
    outer loop
      vertex   -5.450372e+01 1.082574e+01 -2.342426e+01
      vertex   -5.350372e+01 1.073038e+01 -2.330000e+01
      vertex   -5.350372e+01 1.082574e+01 -2.342426e+01
    endloop
  endfacet
  facet normal -0.000000e+00 6.087614e-01 7.933533e-01
    outer loop
      vertex   -5.450372e+01 1.082574e+01 -2.342426e+01
      vertex   -5.350372e+01 1.082574e+01 -2.342426e+01
      vertex   -5.450372e+01 1.095000e+01 -2.351962e+01
    endloop
  endfacet
  facet normal -0.000000e+00 6.087614e-01 7.933533e-01
    outer loop
      vertex   -5.450372e+01 1.095000e+01 -2.351962e+01
      vertex   -5.350372e+01 1.082574e+01 -2.342426e+01
      vertex   -5.350372e+01 1.095000e+01 -2.351962e+01
    endloop
  endfacet
  facet normal -0.000000e+00 3.826834e-01 9.238795e-01
    outer loop
      vertex   -5.450372e+01 1.095000e+01 -2.351962e+01
      vertex   -5.350372e+01 1.095000e+01 -2.351962e+01
      vertex   -5.450372e+01 1.109471e+01 -2.357956e+01
    endloop
  endfacet
  facet normal -0.000000e+00 3.826834e-01 9.238795e-01
    outer loop
      vertex   -5.450372e+01 1.109471e+01 -2.357956e+01
      vertex   -5.350372e+01 1.095000e+01 -2.351962e+01
      vertex   -5.350372e+01 1.109471e+01 -2.357956e+01
    endloop
  endfacet
  facet normal -0.000000e+00 1.305262e-01 9.914449e-01
    outer loop
      vertex   -5.450372e+01 1.109471e+01 -2.357956e+01
      vertex   -5.350372e+01 1.109471e+01 -2.357956e+01
      vertex   -5.450372e+01 1.125000e+01 -2.360000e+01
    endloop
  endfacet
  facet normal -0.000000e+00 1.305262e-01 9.914449e-01
    outer loop
      vertex   -5.450372e+01 1.125000e+01 -2.360000e+01
      vertex   -5.350372e+01 1.109471e+01 -2.357956e+01
      vertex   -5.350372e+01 1.125000e+01 -2.360000e+01
    endloop
  endfacet
  facet normal 0.000000e+00 -1.305262e-01 9.914449e-01
    outer loop
      vertex   -5.450372e+01 1.125000e+01 -2.360000e+01
      vertex   -5.350372e+01 1.125000e+01 -2.360000e+01
      vertex   -5.450372e+01 1.140529e+01 -2.357956e+01
    endloop
  endfacet
  facet normal 0.000000e+00 -1.305262e-01 9.914449e-01
    outer loop
      vertex   -5.450372e+01 1.140529e+01 -2.357956e+01
      vertex   -5.350372e+01 1.125000e+01 -2.360000e+01
      vertex   -5.350372e+01 1.140529e+01 -2.357956e+01
    endloop
  endfacet
  facet normal 0.000000e+00 -3.826834e-01 9.238795e-01
    outer loop
      vertex   -5.450372e+01 1.140529e+01 -2.357956e+01
      vertex   -5.350372e+01 1.140529e+01 -2.357956e+01
      vertex   -5.450372e+01 1.155000e+01 -2.351962e+01
    endloop
  endfacet
  facet normal 0.000000e+00 -3.826834e-01 9.238795e-01
    outer loop
      vertex   -5.450372e+01 1.155000e+01 -2.351962e+01
      vertex   -5.350372e+01 1.140529e+01 -2.357956e+01
      vertex   -5.350372e+01 1.155000e+01 -2.351962e+01
    endloop
  endfacet
  facet normal 0.000000e+00 -6.087614e-01 7.933533e-01
    outer loop
      vertex   -5.450372e+01 1.155000e+01 -2.351962e+01
      vertex   -5.350372e+01 1.155000e+01 -2.351962e+01
      vertex   -5.450372e+01 1.167426e+01 -2.342426e+01
    endloop
  endfacet
  facet normal 0.000000e+00 -6.087614e-01 7.933533e-01
    outer loop
      vertex   -5.450372e+01 1.167426e+01 -2.342426e+01
      vertex   -5.350372e+01 1.155000e+01 -2.351962e+01
      vertex   -5.350372e+01 1.167426e+01 -2.342426e+01
    endloop
  endfacet
  facet normal 0.000000e+00 -7.933533e-01 6.087614e-01
    outer loop
      vertex   -5.450372e+01 1.167426e+01 -2.342426e+01
      vertex   -5.350372e+01 1.167426e+01 -2.342426e+01
      vertex   -5.450372e+01 1.176962e+01 -2.330000e+01
    endloop
  endfacet
  facet normal -2.162755e-15 -7.933533e-01 6.087614e-01
    outer loop
      vertex   -5.450372e+01 1.176962e+01 -2.330000e+01
      vertex   -5.350372e+01 1.167426e+01 -2.342426e+01
      vertex   -5.350372e+01 1.176962e+01 -2.330000e+01
    endloop
  endfacet
  facet normal -1.359565e-15 -9.238795e-01 3.826834e-01
    outer loop
      vertex   -5.450372e+01 1.176962e+01 -2.330000e+01
      vertex   -5.350372e+01 1.176962e+01 -2.330000e+01
      vertex   -5.450372e+01 1.182956e+01 -2.315529e+01
    endloop
  endfacet
  facet normal 0.000000e+00 -9.238795e-01 3.826834e-01
    outer loop
      vertex   -5.450372e+01 1.182956e+01 -2.315529e+01
      vertex   -5.350372e+01 1.176962e+01 -2.330000e+01
      vertex   -5.350372e+01 1.182956e+01 -2.315529e+01
    endloop
  endfacet
  facet normal 0.000000e+00 -9.914449e-01 1.305262e-01
    outer loop
      vertex   -5.450372e+01 1.182956e+01 -2.315529e+01
      vertex   -5.350372e+01 1.182956e+01 -2.315529e+01
      vertex   -5.450372e+01 1.185000e+01 -2.300000e+01
    endloop
  endfacet
  facet normal 0.000000e+00 -9.914449e-01 1.305262e-01
    outer loop
      vertex   -5.450372e+01 1.185000e+01 -2.300000e+01
      vertex   -5.350372e+01 1.182956e+01 -2.315529e+01
      vertex   -5.350372e+01 1.185000e+01 -2.300000e+01
    endloop
  endfacet
  facet normal 0.000000e+00 -9.914449e-01 -1.305262e-01
    outer loop
      vertex   -5.450372e+01 1.185000e+01 -2.300000e+01
      vertex   -5.350372e+01 1.185000e+01 -2.300000e+01
      vertex   -5.450372e+01 1.182956e+01 -2.284471e+01
    endloop
  endfacet
  facet normal 0.000000e+00 -9.914449e-01 -1.305262e-01
    outer loop
      vertex   -5.450372e+01 1.182956e+01 -2.284471e+01
      vertex   -5.350372e+01 1.185000e+01 -2.300000e+01
      vertex   -5.350372e+01 1.182956e+01 -2.284471e+01
    endloop
  endfacet
  facet normal 0.000000e+00 -9.238795e-01 -3.826834e-01
    outer loop
      vertex   -5.450372e+01 1.182956e+01 -2.284471e+01
      vertex   -5.350372e+01 1.182956e+01 -2.284471e+01
      vertex   -5.450372e+01 1.176962e+01 -2.270000e+01
    endloop
  endfacet
  facet normal 2.719129e-15 -9.238795e-01 -3.826834e-01
    outer loop
      vertex   -5.450372e+01 1.176962e+01 -2.270000e+01
      vertex   -5.350372e+01 1.182956e+01 -2.284471e+01
      vertex   -5.350372e+01 1.176962e+01 -2.270000e+01
    endloop
  endfacet
  facet normal 4.325510e-15 -7.933533e-01 -6.087614e-01
    outer loop
      vertex   -5.450372e+01 1.176962e+01 -2.270000e+01
      vertex   -5.350372e+01 1.176962e+01 -2.270000e+01
      vertex   -5.450372e+01 1.167426e+01 -2.257574e+01
    endloop
  endfacet
  facet normal 0.000000e+00 -7.933533e-01 -6.087614e-01
    outer loop
      vertex   -5.450372e+01 1.167426e+01 -2.257574e+01
      vertex   -5.350372e+01 1.176962e+01 -2.270000e+01
      vertex   -5.350372e+01 1.167426e+01 -2.257574e+01
    endloop
  endfacet
  facet normal 0.000000e+00 -6.087614e-01 -7.933533e-01
    outer loop
      vertex   -5.450372e+01 1.167426e+01 -2.257574e+01
      vertex   -5.350372e+01 1.167426e+01 -2.257574e+01
      vertex   -5.450372e+01 1.155000e+01 -2.248038e+01
    endloop
  endfacet
  facet normal 0.000000e+00 -6.087614e-01 -7.933533e-01
    outer loop
      vertex   -5.450372e+01 1.155000e+01 -2.248038e+01
      vertex   -5.350372e+01 1.167426e+01 -2.257574e+01
      vertex   -5.350372e+01 1.155000e+01 -2.248038e+01
    endloop
  endfacet
  facet normal 0.000000e+00 -3.826834e-01 -9.238795e-01
    outer loop
      vertex   -5.450372e+01 1.155000e+01 -2.248038e+01
      vertex   -5.350372e+01 1.155000e+01 -2.248038e+01
      vertex   -5.450372e+01 1.140529e+01 -2.242044e+01
    endloop
  endfacet
  facet normal 0.000000e+00 -3.826834e-01 -9.238795e-01
    outer loop
      vertex   -5.450372e+01 1.140529e+01 -2.242044e+01
      vertex   -5.350372e+01 1.155000e+01 -2.248038e+01
      vertex   -5.350372e+01 1.140529e+01 -2.242044e+01
    endloop
  endfacet
  facet normal 0.000000e+00 9.981756e-01 -6.037850e-02
    outer loop
      vertex   -5.450372e+01 1.850000e+01 -2.175000e+01
      vertex   -5.350372e+01 1.850000e+01 -2.175000e+01
      vertex   -5.450372e+01 1.844714e+01 -2.262389e+01
    endloop
  endfacet
  facet normal 0.000000e+00 9.981756e-01 -6.037850e-02
    outer loop
      vertex   -5.450372e+01 1.844714e+01 -2.262389e+01
      vertex   -5.350372e+01 1.850000e+01 -2.175000e+01
      vertex   -5.350372e+01 1.844714e+01 -2.262389e+01
    endloop
  endfacet
  facet normal 0.000000e+00 9.836199e-01 -1.802550e-01
    outer loop
      vertex   -5.450372e+01 1.844714e+01 -2.262389e+01
      vertex   -5.350372e+01 1.844714e+01 -2.262389e+01
      vertex   -5.450372e+01 1.828933e+01 -2.348504e+01
    endloop
  endfacet
  facet normal 0.000000e+00 9.836199e-01 -1.802550e-01
    outer loop
      vertex   -5.450372e+01 1.828933e+01 -2.348504e+01
      vertex   -5.350372e+01 1.844714e+01 -2.262389e+01
      vertex   -5.350372e+01 1.828933e+01 -2.348504e+01
    endloop
  endfacet
  facet normal 0.000000e+00 9.547209e-01 -2.975031e-01
    outer loop
      vertex   -5.450372e+01 1.828933e+01 -2.348504e+01
      vertex   -5.350372e+01 1.828933e+01 -2.348504e+01
      vertex   -5.450372e+01 1.802887e+01 -2.432089e+01
    endloop
  endfacet
  facet normal 0.000000e+00 9.547209e-01 -2.975031e-01
    outer loop
      vertex   -5.450372e+01 1.802887e+01 -2.432089e+01
      vertex   -5.350372e+01 1.828933e+01 -2.348504e+01
      vertex   -5.350372e+01 1.802887e+01 -2.432089e+01
    endloop
  endfacet
  facet normal 0.000000e+00 9.118998e-01 -4.104128e-01
    outer loop
      vertex   -5.450372e+01 1.802887e+01 -2.432089e+01
      vertex   -5.350372e+01 1.802887e+01 -2.432089e+01
      vertex   -5.450372e+01 1.766956e+01 -2.511924e+01
    endloop
  endfacet
  facet normal 0.000000e+00 9.118998e-01 -4.104128e-01
    outer loop
      vertex   -5.450372e+01 1.766956e+01 -2.511924e+01
      vertex   -5.350372e+01 1.802887e+01 -2.432089e+01
      vertex   -5.350372e+01 1.766956e+01 -2.511924e+01
    endloop
  endfacet
  facet normal 0.000000e+00 8.557813e-01 -5.173378e-01
    outer loop
      vertex   -5.450372e+01 1.766956e+01 -2.511924e+01
      vertex   -5.350372e+01 1.766956e+01 -2.511924e+01
      vertex   -5.450372e+01 1.721663e+01 -2.586847e+01
    endloop
  endfacet
  facet normal 0.000000e+00 8.557813e-01 -5.173378e-01
    outer loop
      vertex   -5.450372e+01 1.721663e+01 -2.586847e+01
      vertex   -5.350372e+01 1.766956e+01 -2.511924e+01
      vertex   -5.350372e+01 1.721663e+01 -2.586847e+01
    endloop
  endfacet
  facet normal 0.000000e+00 7.871835e-01 -6.167189e-01
    outer loop
      vertex   -5.450372e+01 1.721663e+01 -2.586847e+01
      vertex   -5.350372e+01 1.721663e+01 -2.586847e+01
      vertex   -5.450372e+01 1.667670e+01 -2.655764e+01
    endloop
  endfacet
  facet normal 0.000000e+00 7.871835e-01 -6.167189e-01
    outer loop
      vertex   -5.450372e+01 1.667670e+01 -2.655764e+01
      vertex   -5.350372e+01 1.721663e+01 -2.586847e+01
      vertex   -5.350372e+01 1.667670e+01 -2.655764e+01
    endloop
  endfacet
  facet normal 0.000000e+00 7.071068e-01 -7.071068e-01
    outer loop
      vertex   -5.450372e+01 1.667670e+01 -2.655764e+01
      vertex   -5.350372e+01 1.667670e+01 -2.655764e+01
      vertex   -5.450372e+01 1.605764e+01 -2.717670e+01
    endloop
  endfacet
  facet normal 0.000000e+00 7.071068e-01 -7.071068e-01
    outer loop
      vertex   -5.450372e+01 1.605764e+01 -2.717670e+01
      vertex   -5.350372e+01 1.667670e+01 -2.655764e+01
      vertex   -5.350372e+01 1.605764e+01 -2.717670e+01
    endloop
  endfacet
  facet normal 0.000000e+00 6.167189e-01 -7.871835e-01
    outer loop
      vertex   -5.450372e+01 1.605764e+01 -2.717670e+01
      vertex   -5.350372e+01 1.605764e+01 -2.717670e+01
      vertex   -5.450372e+01 1.536847e+01 -2.771663e+01
    endloop
  endfacet
  facet normal 0.000000e+00 6.167189e-01 -7.871835e-01
    outer loop
      vertex   -5.450372e+01 1.536847e+01 -2.771663e+01
      vertex   -5.350372e+01 1.605764e+01 -2.717670e+01
      vertex   -5.350372e+01 1.536847e+01 -2.771663e+01
    endloop
  endfacet
  facet normal 0.000000e+00 5.173378e-01 -8.557813e-01
    outer loop
      vertex   -5.450372e+01 1.536847e+01 -2.771663e+01
      vertex   -5.350372e+01 1.536847e+01 -2.771663e+01
      vertex   -5.450372e+01 1.461924e+01 -2.816956e+01
    endloop
  endfacet
  facet normal 0.000000e+00 5.173378e-01 -8.557813e-01
    outer loop
      vertex   -5.450372e+01 1.461924e+01 -2.816956e+01
      vertex   -5.350372e+01 1.536847e+01 -2.771663e+01
      vertex   -5.350372e+01 1.461924e+01 -2.816956e+01
    endloop
  endfacet
  facet normal 0.000000e+00 4.104128e-01 -9.118998e-01
    outer loop
      vertex   -5.450372e+01 1.461924e+01 -2.816956e+01
      vertex   -5.350372e+01 1.461924e+01 -2.816956e+01
      vertex   -5.450372e+01 1.382089e+01 -2.852887e+01
    endloop
  endfacet
  facet normal 0.000000e+00 4.104128e-01 -9.118998e-01
    outer loop
      vertex   -5.450372e+01 1.382089e+01 -2.852887e+01
      vertex   -5.350372e+01 1.461924e+01 -2.816956e+01
      vertex   -5.350372e+01 1.382089e+01 -2.852887e+01
    endloop
  endfacet
  facet normal 0.000000e+00 2.975031e-01 -9.547209e-01
    outer loop
      vertex   -5.450372e+01 1.382089e+01 -2.852887e+01
      vertex   -5.350372e+01 1.382089e+01 -2.852887e+01
      vertex   -5.450372e+01 1.298504e+01 -2.878933e+01
    endloop
  endfacet
  facet normal 0.000000e+00 2.975031e-01 -9.547209e-01
    outer loop
      vertex   -5.450372e+01 1.298504e+01 -2.878933e+01
      vertex   -5.350372e+01 1.382089e+01 -2.852887e+01
      vertex   -5.350372e+01 1.298504e+01 -2.878933e+01
    endloop
  endfacet
  facet normal 0.000000e+00 1.802550e-01 -9.836199e-01
    outer loop
      vertex   -5.450372e+01 1.298504e+01 -2.878933e+01
      vertex   -5.350372e+01 1.298504e+01 -2.878933e+01
      vertex   -5.450372e+01 1.212389e+01 -2.894714e+01
    endloop
  endfacet
  facet normal 0.000000e+00 1.802550e-01 -9.836199e-01
    outer loop
      vertex   -5.450372e+01 1.212389e+01 -2.894714e+01
      vertex   -5.350372e+01 1.298504e+01 -2.878933e+01
      vertex   -5.350372e+01 1.212389e+01 -2.894714e+01
    endloop
  endfacet
  facet normal 0.000000e+00 6.037850e-02 -9.981756e-01
    outer loop
      vertex   -5.450372e+01 1.212389e+01 -2.894714e+01
      vertex   -5.350372e+01 1.212389e+01 -2.894714e+01
      vertex   -5.450372e+01 1.125000e+01 -2.900000e+01
    endloop
  endfacet
  facet normal 0.000000e+00 6.037850e-02 -9.981756e-01
    outer loop
      vertex   -5.450372e+01 1.125000e+01 -2.900000e+01
      vertex   -5.350372e+01 1.212389e+01 -2.894714e+01
      vertex   -5.350372e+01 1.125000e+01 -2.900000e+01
    endloop
  endfacet
  facet normal 0.000000e+00 -6.037850e-02 -9.981756e-01
    outer loop
      vertex   -5.450372e+01 1.125000e+01 -2.900000e+01
      vertex   -5.350372e+01 1.125000e+01 -2.900000e+01
      vertex   -5.450372e+01 1.037611e+01 -2.894714e+01
    endloop
  endfacet
  facet normal 0.000000e+00 -6.037850e-02 -9.981756e-01
    outer loop
      vertex   -5.450372e+01 1.037611e+01 -2.894714e+01
      vertex   -5.350372e+01 1.125000e+01 -2.900000e+01
      vertex   -5.350372e+01 1.037611e+01 -2.894714e+01
    endloop
  endfacet
  facet normal 0.000000e+00 -1.802550e-01 -9.836199e-01
    outer loop
      vertex   -5.450372e+01 1.037611e+01 -2.894714e+01
      vertex   -5.350372e+01 1.037611e+01 -2.894714e+01
      vertex   -5.450372e+01 9.514961e+00 -2.878933e+01
    endloop
  endfacet
  facet normal 0.000000e+00 -1.802550e-01 -9.836199e-01
    outer loop
      vertex   -5.450372e+01 9.514961e+00 -2.878933e+01
      vertex   -5.350372e+01 1.037611e+01 -2.894714e+01
      vertex   -5.350372e+01 9.514961e+00 -2.878933e+01
    endloop
  endfacet
  facet normal 0.000000e+00 -2.975031e-01 -9.547209e-01
    outer loop
      vertex   -5.450372e+01 9.514961e+00 -2.878933e+01
      vertex   -5.350372e+01 9.514961e+00 -2.878933e+01
      vertex   -5.450372e+01 8.679115e+00 -2.852887e+01
    endloop
  endfacet
  facet normal 0.000000e+00 -2.975031e-01 -9.547209e-01
    outer loop
      vertex   -5.450372e+01 8.679115e+00 -2.852887e+01
      vertex   -5.350372e+01 9.514961e+00 -2.878933e+01
      vertex   -5.350372e+01 8.679115e+00 -2.852887e+01
    endloop
  endfacet
  facet normal 0.000000e+00 -4.104128e-01 -9.118998e-01
    outer loop
      vertex   -5.450372e+01 8.679115e+00 -2.852887e+01
      vertex   -5.350372e+01 8.679115e+00 -2.852887e+01
      vertex   -5.450372e+01 7.880757e+00 -2.816956e+01
    endloop
  endfacet
  facet normal -5.750399e-15 -4.104128e-01 -9.118998e-01
    outer loop
      vertex   -5.450372e+01 7.880757e+00 -2.816956e+01
      vertex   -5.350372e+01 8.679115e+00 -2.852887e+01
      vertex   -5.350372e+01 7.880757e+00 -2.816956e+01
    endloop
  endfacet
  facet normal -5.161715e-15 -5.173378e-01 -8.557813e-01
    outer loop
      vertex   -5.450372e+01 7.880757e+00 -2.816956e+01
      vertex   -5.350372e+01 7.880757e+00 -2.816956e+01
      vertex   -5.450372e+01 7.131531e+00 -2.771663e+01
    endloop
  endfacet
  facet normal 0.000000e+00 -5.173378e-01 -8.557813e-01
    outer loop
      vertex   -5.450372e+01 7.131531e+00 -2.771663e+01
      vertex   -5.350372e+01 7.880757e+00 -2.816956e+01
      vertex   -5.350372e+01 7.131531e+00 -2.771663e+01
    endloop
  endfacet
  facet normal 0.000000e+00 -6.167189e-01 -7.871835e-01
    outer loop
      vertex   -5.450372e+01 7.131531e+00 -2.771663e+01
      vertex   -5.350372e+01 7.131531e+00 -2.771663e+01
      vertex   -5.450372e+01 6.442361e+00 -2.717670e+01
    endloop
  endfacet
  facet normal -5.477564e-16 -6.167189e-01 -7.871835e-01
    outer loop
      vertex   -5.450372e+01 6.442361e+00 -2.717670e+01
      vertex   -5.350372e+01 7.131531e+00 -2.771663e+01
      vertex   -5.350372e+01 6.442361e+00 -2.717670e+01
    endloop
  endfacet
  facet normal -6.280370e-16 -7.071068e-01 -7.071068e-01
    outer loop
      vertex   -5.450372e+01 6.442361e+00 -2.717670e+01
      vertex   -5.350372e+01 6.442361e+00 -2.717670e+01
      vertex   -5.450372e+01 5.823297e+00 -2.655764e+01
    endloop
  endfacet
  facet normal 0.000000e+00 -7.071068e-01 -7.071068e-01
    outer loop
      vertex   -5.450372e+01 5.823297e+00 -2.655764e+01
      vertex   -5.350372e+01 6.442361e+00 -2.717670e+01
      vertex   -5.350372e+01 5.823297e+00 -2.655764e+01
    endloop
  endfacet
  facet normal 0.000000e+00 -7.871835e-01 -6.167189e-01
    outer loop
      vertex   -5.450372e+01 5.823297e+00 -2.655764e+01
      vertex   -5.350372e+01 5.823297e+00 -2.655764e+01
      vertex   -5.450372e+01 5.283367e+00 -2.586847e+01
    endloop
  endfacet
  facet normal 1.398319e-15 -7.871835e-01 -6.167189e-01
    outer loop
      vertex   -5.450372e+01 5.283367e+00 -2.586847e+01
      vertex   -5.350372e+01 5.823297e+00 -2.655764e+01
      vertex   -5.350372e+01 5.283367e+00 -2.586847e+01
    endloop
  endfacet
  facet normal 1.520173e-15 -8.557813e-01 -5.173378e-01
    outer loop
      vertex   -5.450372e+01 5.283367e+00 -2.586847e+01
      vertex   -5.350372e+01 5.283367e+00 -2.586847e+01
      vertex   -5.450372e+01 4.830444e+00 -2.511924e+01
    endloop
  endfacet
  facet normal 0.000000e+00 -8.557813e-01 -5.173378e-01
    outer loop
      vertex   -5.450372e+01 4.830444e+00 -2.511924e+01
      vertex   -5.350372e+01 5.283367e+00 -2.586847e+01
      vertex   -5.350372e+01 4.830444e+00 -2.511924e+01
    endloop
  endfacet
  facet normal 0.000000e+00 -9.118998e-01 -4.104128e-01
    outer loop
      vertex   -5.450372e+01 4.830444e+00 -2.511924e+01
      vertex   -5.350372e+01 4.830444e+00 -2.511924e+01
      vertex   -5.450372e+01 4.471132e+00 -2.432089e+01
    endloop
  endfacet
  facet normal 2.916158e-15 -9.118998e-01 -4.104128e-01
    outer loop
      vertex   -5.450372e+01 4.471132e+00 -2.432089e+01
      vertex   -5.350372e+01 4.830444e+00 -2.511924e+01
      vertex   -5.350372e+01 4.471132e+00 -2.432089e+01
    endloop
  endfacet
  facet normal 2.113886e-15 -9.547209e-01 -2.975031e-01
    outer loop
      vertex   -5.450372e+01 4.471132e+00 -2.432089e+01
      vertex   -5.350372e+01 4.471132e+00 -2.432089e+01
      vertex   -5.450372e+01 4.210672e+00 -2.348504e+01
    endloop
  endfacet
  facet normal 0.000000e+00 -9.547209e-01 -2.975031e-01
    outer loop
      vertex   -5.450372e+01 4.210672e+00 -2.348504e+01
      vertex   -5.350372e+01 4.471132e+00 -2.432089e+01
      vertex   -5.350372e+01 4.210672e+00 -2.348504e+01
    endloop
  endfacet
  facet normal 0.000000e+00 -9.836199e-01 -1.802550e-01
    outer loop
      vertex   -5.450372e+01 4.210672e+00 -2.348504e+01
      vertex   -5.350372e+01 4.210672e+00 -2.348504e+01
      vertex   -5.450372e+01 4.052861e+00 -2.262389e+01
    endloop
  endfacet
  facet normal -1.280789e-15 -9.836199e-01 -1.802550e-01
    outer loop
      vertex   -5.450372e+01 4.052861e+00 -2.262389e+01
      vertex   -5.350372e+01 4.210672e+00 -2.348504e+01
      vertex   -5.350372e+01 4.052861e+00 -2.262389e+01
    endloop
  endfacet
  facet normal -4.290150e-16 -9.981756e-01 -6.037850e-02
    outer loop
      vertex   -5.450372e+01 4.052861e+00 -2.262389e+01
      vertex   -5.350372e+01 4.052861e+00 -2.262389e+01
      vertex   -5.450372e+01 4.000000e+00 -2.175000e+01
    endloop
  endfacet
  facet normal 0.000000e+00 -9.981756e-01 -6.037850e-02
    outer loop
      vertex   -5.450372e+01 4.000000e+00 -2.175000e+01
      vertex   -5.350372e+01 4.052861e+00 -2.262389e+01
      vertex   -5.350372e+01 4.000000e+00 -2.175000e+01
    endloop
  endfacet
  facet normal 1.000000e+00 0.000000e+00 -0.000000e+00
    outer loop
      vertex   -5.350372e+01 1.140957e+01 -1.282149e+01
      vertex   -5.350372e+01 1.750000e+01 -7.000000e+00
      vertex   -5.350372e+01 1.125428e+01 -1.280104e+01
    endloop
  endfacet
  facet normal 1.000000e+00 0.000000e+00 -0.000000e+00
    outer loop
      vertex   -5.350372e+01 1.125428e+01 -1.280104e+01
      vertex   -5.350372e+01 1.750000e+01 -7.000000e+00
      vertex   -5.350372e+01 5.000000e+00 -7.000000e+00
    endloop
  endfacet
  facet normal 1.000000e+00 0.000000e+00 0.000000e+00
    outer loop
      vertex   -5.350372e+01 1.125428e+01 -1.280104e+01
      vertex   -5.350372e+01 5.000000e+00 -7.000000e+00
      vertex   -5.350372e+01 1.109898e+01 -1.282149e+01
    endloop
  endfacet
  facet normal 1.000000e+00 0.000000e+00 0.000000e+00
    outer loop
      vertex   -5.350372e+01 1.109898e+01 -1.282149e+01
      vertex   -5.350372e+01 5.000000e+00 -7.000000e+00
      vertex   -5.350372e+01 1.095428e+01 -1.288143e+01
    endloop
  endfacet
  facet normal 1.000000e+00 0.000000e+00 0.000000e+00
    outer loop
      vertex   -5.350372e+01 1.095428e+01 -1.288143e+01
      vertex   -5.350372e+01 5.000000e+00 -7.000000e+00
      vertex   -5.350372e+01 1.083001e+01 -1.297678e+01
    endloop
  endfacet
  facet normal 1.000000e+00 0.000000e+00 0.000000e+00
    outer loop
      vertex   -5.350372e+01 1.083001e+01 -1.297678e+01
      vertex   -5.350372e+01 5.000000e+00 -7.000000e+00
      vertex   -5.350372e+01 1.073466e+01 -1.310104e+01
    endloop
  endfacet
  facet normal 1.000000e+00 0.000000e+00 0.000000e+00
    outer loop
      vertex   -5.350372e+01 1.073466e+01 -1.310104e+01
      vertex   -5.350372e+01 5.000000e+00 -7.000000e+00
      vertex   -5.350372e+01 1.067472e+01 -1.324575e+01
    endloop
  endfacet
  facet normal 1.000000e+00 0.000000e+00 0.000000e+00
    outer loop
      vertex   -5.350372e+01 1.067472e+01 -1.324575e+01
      vertex   -5.350372e+01 5.000000e+00 -7.000000e+00
      vertex   -5.350372e+01 5.000000e+00 -1.500000e+01
    endloop
  endfacet
  facet normal 1.000000e+00 0.000000e+00 0.000000e+00
    outer loop
      vertex   -5.350372e+01 1.067472e+01 -1.324575e+01
      vertex   -5.350372e+01 5.000000e+00 -1.500000e+01
      vertex   -5.350372e+01 1.065428e+01 -1.340104e+01
    endloop
  endfacet
  facet normal 1.000000e+00 0.000000e+00 0.000000e+00
    outer loop
      vertex   -5.350372e+01 1.065428e+01 -1.340104e+01
      vertex   -5.350372e+01 5.000000e+00 -1.500000e+01
      vertex   -5.350372e+01 1.067472e+01 -1.355633e+01
    endloop
  endfacet
  facet normal 1.000000e+00 0.000000e+00 0.000000e+00
    outer loop
      vertex   -5.350372e+01 1.067472e+01 -1.355633e+01
      vertex   -5.350372e+01 5.000000e+00 -1.500000e+01
      vertex   -5.350372e+01 1.073466e+01 -1.370104e+01
    endloop
  endfacet
  facet normal 1.000000e+00 0.000000e+00 0.000000e+00
    outer loop
      vertex   -5.350372e+01 1.073466e+01 -1.370104e+01
      vertex   -5.350372e+01 5.000000e+00 -1.500000e+01
      vertex   -5.350372e+01 1.073038e+01 -2.270000e+01
    endloop
  endfacet
  facet normal 1.000000e+00 0.000000e+00 0.000000e+00
    outer loop
      vertex   -5.350372e+01 1.073466e+01 -1.370104e+01
      vertex   -5.350372e+01 1.073038e+01 -2.270000e+01
      vertex   -5.350372e+01 1.082574e+01 -2.257574e+01
    endloop
  endfacet
  facet normal 1.000000e+00 -0.000000e+00 0.000000e+00
    outer loop
      vertex   -5.350372e+01 1.140957e+01 -1.282149e+01
      vertex   -5.350372e+01 1.155428e+01 -1.288143e+01
      vertex   -5.350372e+01 1.750000e+01 -7.000000e+00
    endloop
  endfacet
  facet normal 1.000000e+00 0.000000e+00 0.000000e+00
    outer loop
      vertex   -5.350372e+01 1.750000e+01 -7.000000e+00
      vertex   -5.350372e+01 1.155428e+01 -1.288143e+01
      vertex   -5.350372e+01 1.167854e+01 -1.297678e+01
    endloop
  endfacet
  facet normal 1.000000e+00 0.000000e+00 0.000000e+00
    outer loop
      vertex   -5.350372e+01 1.750000e+01 -7.000000e+00
      vertex   -5.350372e+01 1.167854e+01 -1.297678e+01
      vertex   -5.350372e+01 1.177389e+01 -1.310104e+01
    endloop
  endfacet
  facet normal 1.000000e+00 -0.000000e+00 0.000000e+00
    outer loop
      vertex   -5.350372e+01 1.177389e+01 -1.310104e+01
      vertex   -5.350372e+01 1.183383e+01 -1.324575e+01
      vertex   -5.350372e+01 1.750000e+01 -7.000000e+00
    endloop
  endfacet
  facet normal 1.000000e+00 0.000000e+00 0.000000e+00
    outer loop
      vertex   -5.350372e+01 1.750000e+01 -7.000000e+00
      vertex   -5.350372e+01 1.183383e+01 -1.324575e+01
      vertex   -5.350372e+01 1.185428e+01 -1.340104e+01
    endloop
  endfacet
  facet normal 1.000000e+00 0.000000e+00 0.000000e+00
    outer loop
      vertex   -5.350372e+01 1.750000e+01 -7.000000e+00
      vertex   -5.350372e+01 1.185428e+01 -1.340104e+01
      vertex   -5.350372e+01 1.750000e+01 -1.900000e+01
    endloop
  endfacet
  facet normal 1.000000e+00 0.000000e+00 0.000000e+00
    outer loop
      vertex   -5.350372e+01 1.750000e+01 -1.900000e+01
      vertex   -5.350372e+01 1.185428e+01 -1.340104e+01
      vertex   -5.350372e+01 1.183383e+01 -1.355633e+01
    endloop
  endfacet
  facet normal 1.000000e+00 0.000000e+00 0.000000e+00
    outer loop
      vertex   -5.350372e+01 1.750000e+01 -1.900000e+01
      vertex   -5.350372e+01 1.183383e+01 -1.355633e+01
      vertex   -5.350372e+01 1.177389e+01 -1.370104e+01
    endloop
  endfacet
  facet normal 1.000000e+00 0.000000e+00 0.000000e+00
    outer loop
      vertex   -5.350372e+01 1.177389e+01 -1.370104e+01
      vertex   -5.350372e+01 1.167854e+01 -1.382531e+01
      vertex   -5.350372e+01 1.750000e+01 -1.900000e+01
    endloop
  endfacet
  facet normal 1.000000e+00 0.000000e+00 0.000000e+00
    outer loop
      vertex   -5.350372e+01 1.750000e+01 -1.900000e+01
      vertex   -5.350372e+01 1.167854e+01 -1.382531e+01
      vertex   -5.350372e+01 1.167426e+01 -2.257574e+01
    endloop
  endfacet
  facet normal 1.000000e+00 0.000000e+00 0.000000e+00
    outer loop
      vertex   -5.350372e+01 1.750000e+01 -1.900000e+01
      vertex   -5.350372e+01 1.167426e+01 -2.257574e+01
      vertex   -5.350372e+01 1.176962e+01 -2.270000e+01
    endloop
  endfacet
  facet normal 1.000000e+00 0.000000e+00 0.000000e+00
    outer loop
      vertex   -5.350372e+01 1.167854e+01 -1.382531e+01
      vertex   -5.350372e+01 1.155428e+01 -1.392066e+01
      vertex   -5.350372e+01 1.167426e+01 -2.257574e+01
    endloop
  endfacet
  facet normal 1.000000e+00 0.000000e+00 0.000000e+00
    outer loop
      vertex   -5.350372e+01 1.167426e+01 -2.257574e+01
      vertex   -5.350372e+01 1.155428e+01 -1.392066e+01
      vertex   -5.350372e+01 1.155000e+01 -2.248038e+01
    endloop
  endfacet
  facet normal 1.000000e+00 0.000000e+00 -0.000000e+00
    outer loop
      vertex   -5.350372e+01 1.155000e+01 -2.248038e+01
      vertex   -5.350372e+01 1.155428e+01 -1.392066e+01
      vertex   -5.350372e+01 1.140957e+01 -1.398060e+01
    endloop
  endfacet
  facet normal 1.000000e+00 0.000000e+00 0.000000e+00
    outer loop
      vertex   -5.350372e+01 1.155000e+01 -2.248038e+01
      vertex   -5.350372e+01 1.140957e+01 -1.398060e+01
      vertex   -5.350372e+01 1.140529e+01 -2.242044e+01
    endloop
  endfacet
  facet normal 1.000000e+00 0.000000e+00 -0.000000e+00
    outer loop
      vertex   -5.350372e+01 1.140529e+01 -2.242044e+01
      vertex   -5.350372e+01 1.140957e+01 -1.398060e+01
      vertex   -5.350372e+01 1.125428e+01 -1.400104e+01
    endloop
  endfacet
  facet normal 1.000000e+00 0.000000e+00 0.000000e+00
    outer loop
      vertex   -5.350372e+01 1.140529e+01 -2.242044e+01
      vertex   -5.350372e+01 1.125428e+01 -1.400104e+01
      vertex   -5.350372e+01 1.125000e+01 -2.240000e+01
    endloop
  endfacet
  facet normal 1.000000e+00 0.000000e+00 -0.000000e+00
    outer loop
      vertex   -5.350372e+01 1.125000e+01 -2.240000e+01
      vertex   -5.350372e+01 1.125428e+01 -1.400104e+01
      vertex   -5.350372e+01 1.109898e+01 -1.398060e+01
    endloop
  endfacet
  facet normal 1.000000e+00 0.000000e+00 0.000000e+00
    outer loop
      vertex   -5.350372e+01 1.125000e+01 -2.240000e+01
      vertex   -5.350372e+01 1.109898e+01 -1.398060e+01
      vertex   -5.350372e+01 1.109471e+01 -2.242044e+01
    endloop
  endfacet
  facet normal 1.000000e+00 0.000000e+00 -0.000000e+00
    outer loop
      vertex   -5.350372e+01 1.109471e+01 -2.242044e+01
      vertex   -5.350372e+01 1.109898e+01 -1.398060e+01
      vertex   -5.350372e+01 1.095428e+01 -1.392066e+01
    endloop
  endfacet
  facet normal 1.000000e+00 0.000000e+00 0.000000e+00
    outer loop
      vertex   -5.350372e+01 1.109471e+01 -2.242044e+01
      vertex   -5.350372e+01 1.095428e+01 -1.392066e+01
      vertex   -5.350372e+01 1.095000e+01 -2.248038e+01
    endloop
  endfacet
  facet normal 1.000000e+00 0.000000e+00 -0.000000e+00
    outer loop
      vertex   -5.350372e+01 1.095000e+01 -2.248038e+01
      vertex   -5.350372e+01 1.095428e+01 -1.392066e+01
      vertex   -5.350372e+01 1.083001e+01 -1.382531e+01
    endloop
  endfacet
  facet normal 1.000000e+00 0.000000e+00 0.000000e+00
    outer loop
      vertex   -5.350372e+01 1.095000e+01 -2.248038e+01
      vertex   -5.350372e+01 1.083001e+01 -1.382531e+01
      vertex   -5.350372e+01 1.082574e+01 -2.257574e+01
    endloop
  endfacet
  facet normal 1.000000e+00 0.000000e+00 -0.000000e+00
    outer loop
      vertex   -5.350372e+01 1.082574e+01 -2.257574e+01
      vertex   -5.350372e+01 1.083001e+01 -1.382531e+01
      vertex   -5.350372e+01 1.073466e+01 -1.370104e+01
    endloop
  endfacet
  facet normal 1.000000e+00 7.105427e-15 0.000000e+00
    outer loop
      vertex   -5.350372e+01 4.000000e+00 -1.500000e+01
      vertex   -5.350372e+01 4.000000e+00 -2.175000e+01
      vertex   -5.350372e+01 5.000000e+00 -1.500000e+01
    endloop
  endfacet
  facet normal 1.000000e+00 1.179639e-15 8.778945e-16
    outer loop
      vertex   -5.350372e+01 5.000000e+00 -1.500000e+01
      vertex   -5.350372e+01 4.000000e+00 -2.175000e+01
      vertex   -5.350372e+01 1.073038e+01 -2.270000e+01
    endloop
  endfacet
  facet normal 1.000000e+00 9.974087e-16 -4.131402e-16
    outer loop
      vertex   -5.350372e+01 1.073038e+01 -2.270000e+01
      vertex   -5.350372e+01 4.000000e+00 -2.175000e+01
      vertex   -5.350372e+01 1.067044e+01 -2.284471e+01
    endloop
  endfacet
  facet normal 1.000000e+00 -2.718597e-16 -8.147239e-15
    outer loop
      vertex   -5.350372e+01 1.067044e+01 -2.284471e+01
      vertex   -5.350372e+01 4.000000e+00 -2.175000e+01
      vertex   -5.350372e+01 4.052861e+00 -2.262389e+01
    endloop
  endfacet
  facet normal 1.000000e+00 0.000000e+00 0.000000e+00
    outer loop
      vertex   -5.350372e+01 1.067044e+01 -2.284471e+01
      vertex   -5.350372e+01 4.052861e+00 -2.262389e+01
      vertex   -5.350372e+01 4.210672e+00 -2.348504e+01
    endloop
  endfacet
  facet normal 1.000000e+00 -0.000000e+00 0.000000e+00
    outer loop
      vertex   -5.350372e+01 4.210672e+00 -2.348504e+01
      vertex   -5.350372e+01 4.471132e+00 -2.432089e+01
      vertex   -5.350372e+01 1.067044e+01 -2.284471e+01
    endloop
  endfacet
  facet normal 1.000000e+00 0.000000e+00 0.000000e+00
    outer loop
      vertex   -5.350372e+01 1.067044e+01 -2.284471e+01
      vertex   -5.350372e+01 4.471132e+00 -2.432089e+01
      vertex   -5.350372e+01 4.830444e+00 -2.511924e+01
    endloop
  endfacet
  facet normal 1.000000e+00 0.000000e+00 0.000000e+00
    outer loop
      vertex   -5.350372e+01 1.067044e+01 -2.284471e+01
      vertex   -5.350372e+01 4.830444e+00 -2.511924e+01
      vertex   -5.350372e+01 1.065000e+01 -2.300000e+01
    endloop
  endfacet
  facet normal 1.000000e+00 0.000000e+00 0.000000e+00
    outer loop
      vertex   -5.350372e+01 1.065000e+01 -2.300000e+01
      vertex   -5.350372e+01 4.830444e+00 -2.511924e+01
      vertex   -5.350372e+01 5.283367e+00 -2.586847e+01
    endloop
  endfacet
  facet normal 1.000000e+00 0.000000e+00 0.000000e+00
    outer loop
      vertex   -5.350372e+01 1.065000e+01 -2.300000e+01
      vertex   -5.350372e+01 5.283367e+00 -2.586847e+01
      vertex   -5.350372e+01 5.823297e+00 -2.655764e+01
    endloop
  endfacet
  facet normal 1.000000e+00 -0.000000e+00 0.000000e+00
    outer loop
      vertex   -5.350372e+01 5.823297e+00 -2.655764e+01
      vertex   -5.350372e+01 6.442361e+00 -2.717670e+01
      vertex   -5.350372e+01 1.065000e+01 -2.300000e+01
    endloop
  endfacet
  facet normal 1.000000e+00 0.000000e+00 0.000000e+00
    outer loop
      vertex   -5.350372e+01 1.065000e+01 -2.300000e+01
      vertex   -5.350372e+01 6.442361e+00 -2.717670e+01
      vertex   -5.350372e+01 7.131531e+00 -2.771663e+01
    endloop
  endfacet
  facet normal 1.000000e+00 0.000000e+00 0.000000e+00
    outer loop
      vertex   -5.350372e+01 1.065000e+01 -2.300000e+01
      vertex   -5.350372e+01 7.131531e+00 -2.771663e+01
      vertex   -5.350372e+01 1.067044e+01 -2.315529e+01
    endloop
  endfacet
  facet normal 1.000000e+00 0.000000e+00 0.000000e+00
    outer loop
      vertex   -5.350372e+01 1.067044e+01 -2.315529e+01
      vertex   -5.350372e+01 7.131531e+00 -2.771663e+01
      vertex   -5.350372e+01 7.880757e+00 -2.816956e+01
    endloop
  endfacet
  facet normal 1.000000e+00 0.000000e+00 0.000000e+00
    outer loop
      vertex   -5.350372e+01 1.067044e+01 -2.315529e+01
      vertex   -5.350372e+01 7.880757e+00 -2.816956e+01
      vertex   -5.350372e+01 1.073038e+01 -2.330000e+01
    endloop
  endfacet
  facet normal 1.000000e+00 0.000000e+00 0.000000e+00
    outer loop
      vertex   -5.350372e+01 1.073038e+01 -2.330000e+01
      vertex   -5.350372e+01 7.880757e+00 -2.816956e+01
      vertex   -5.350372e+01 8.679115e+00 -2.852887e+01
    endloop
  endfacet
  facet normal 1.000000e+00 0.000000e+00 0.000000e+00
    outer loop
      vertex   -5.350372e+01 1.073038e+01 -2.330000e+01
      vertex   -5.350372e+01 8.679115e+00 -2.852887e+01
      vertex   -5.350372e+01 1.082574e+01 -2.342426e+01
    endloop
  endfacet
  facet normal 1.000000e+00 0.000000e+00 0.000000e+00
    outer loop
      vertex   -5.350372e+01 1.082574e+01 -2.342426e+01
      vertex   -5.350372e+01 8.679115e+00 -2.852887e+01
      vertex   -5.350372e+01 9.514961e+00 -2.878933e+01
    endloop
  endfacet
  facet normal 1.000000e+00 0.000000e+00 0.000000e+00
    outer loop
      vertex   -5.350372e+01 1.082574e+01 -2.342426e+01
      vertex   -5.350372e+01 9.514961e+00 -2.878933e+01
      vertex   -5.350372e+01 1.095000e+01 -2.351962e+01
    endloop
  endfacet
  facet normal 1.000000e+00 0.000000e+00 0.000000e+00
    outer loop
      vertex   -5.350372e+01 1.095000e+01 -2.351962e+01
      vertex   -5.350372e+01 9.514961e+00 -2.878933e+01
      vertex   -5.350372e+01 1.037611e+01 -2.894714e+01
    endloop
  endfacet
  facet normal 1.000000e+00 0.000000e+00 0.000000e+00
    outer loop
      vertex   -5.350372e+01 1.095000e+01 -2.351962e+01
      vertex   -5.350372e+01 1.037611e+01 -2.894714e+01
      vertex   -5.350372e+01 1.109471e+01 -2.357956e+01
    endloop
  endfacet
  facet normal 1.000000e+00 0.000000e+00 0.000000e+00
    outer loop
      vertex   -5.350372e+01 1.109471e+01 -2.357956e+01
      vertex   -5.350372e+01 1.037611e+01 -2.894714e+01
      vertex   -5.350372e+01 1.125000e+01 -2.900000e+01
    endloop
  endfacet
  facet normal 1.000000e+00 0.000000e+00 0.000000e+00
    outer loop
      vertex   -5.350372e+01 1.109471e+01 -2.357956e+01
      vertex   -5.350372e+01 1.125000e+01 -2.900000e+01
      vertex   -5.350372e+01 1.125000e+01 -2.360000e+01
    endloop
  endfacet
  facet normal 1.000000e+00 -0.000000e+00 0.000000e+00
    outer loop
      vertex   -5.350372e+01 1.125000e+01 -2.360000e+01
      vertex   -5.350372e+01 1.125000e+01 -2.900000e+01
      vertex   -5.350372e+01 1.140529e+01 -2.357956e+01
    endloop
  endfacet
  facet normal 1.000000e+00 0.000000e+00 0.000000e+00
    outer loop
      vertex   -5.350372e+01 1.140529e+01 -2.357956e+01
      vertex   -5.350372e+01 1.125000e+01 -2.900000e+01
      vertex   -5.350372e+01 1.212389e+01 -2.894714e+01
    endloop
  endfacet
  facet normal 1.000000e+00 -0.000000e+00 0.000000e+00
    outer loop
      vertex   -5.350372e+01 1.140529e+01 -2.357956e+01
      vertex   -5.350372e+01 1.212389e+01 -2.894714e+01
      vertex   -5.350372e+01 1.155000e+01 -2.351962e+01
    endloop
  endfacet
  facet normal 1.000000e+00 0.000000e+00 0.000000e+00
    outer loop
      vertex   -5.350372e+01 1.155000e+01 -2.351962e+01
      vertex   -5.350372e+01 1.212389e+01 -2.894714e+01
      vertex   -5.350372e+01 1.298504e+01 -2.878933e+01
    endloop
  endfacet
  facet normal 1.000000e+00 -0.000000e+00 0.000000e+00
    outer loop
      vertex   -5.350372e+01 1.155000e+01 -2.351962e+01
      vertex   -5.350372e+01 1.298504e+01 -2.878933e+01
      vertex   -5.350372e+01 1.167426e+01 -2.342426e+01
    endloop
  endfacet
  facet normal 1.000000e+00 0.000000e+00 0.000000e+00
    outer loop
      vertex   -5.350372e+01 1.167426e+01 -2.342426e+01
      vertex   -5.350372e+01 1.298504e+01 -2.878933e+01
      vertex   -5.350372e+01 1.382089e+01 -2.852887e+01
    endloop
  endfacet
  facet normal 1.000000e+00 -0.000000e+00 0.000000e+00
    outer loop
      vertex   -5.350372e+01 1.167426e+01 -2.342426e+01
      vertex   -5.350372e+01 1.382089e+01 -2.852887e+01
      vertex   -5.350372e+01 1.176962e+01 -2.330000e+01
    endloop
  endfacet
  facet normal 1.000000e+00 0.000000e+00 0.000000e+00
    outer loop
      vertex   -5.350372e+01 1.176962e+01 -2.330000e+01
      vertex   -5.350372e+01 1.382089e+01 -2.852887e+01
      vertex   -5.350372e+01 1.461924e+01 -2.816956e+01
    endloop
  endfacet
  facet normal 1.000000e+00 -0.000000e+00 0.000000e+00
    outer loop
      vertex   -5.350372e+01 1.176962e+01 -2.330000e+01
      vertex   -5.350372e+01 1.461924e+01 -2.816956e+01
      vertex   -5.350372e+01 1.182956e+01 -2.315529e+01
    endloop
  endfacet
  facet normal 1.000000e+00 0.000000e+00 0.000000e+00
    outer loop
      vertex   -5.350372e+01 1.182956e+01 -2.315529e+01
      vertex   -5.350372e+01 1.461924e+01 -2.816956e+01
      vertex   -5.350372e+01 1.536847e+01 -2.771663e+01
    endloop
  endfacet
  facet normal 1.000000e+00 -0.000000e+00 0.000000e+00
    outer loop
      vertex   -5.350372e+01 1.182956e+01 -2.315529e+01
      vertex   -5.350372e+01 1.536847e+01 -2.771663e+01
      vertex   -5.350372e+01 1.185000e+01 -2.300000e+01
    endloop
  endfacet
  facet normal 1.000000e+00 0.000000e+00 0.000000e+00
    outer loop
      vertex   -5.350372e+01 1.185000e+01 -2.300000e+01
      vertex   -5.350372e+01 1.536847e+01 -2.771663e+01
      vertex   -5.350372e+01 1.605764e+01 -2.717670e+01
    endloop
  endfacet
  facet normal 1.000000e+00 0.000000e+00 0.000000e+00
    outer loop
      vertex   -5.350372e+01 1.185000e+01 -2.300000e+01
      vertex   -5.350372e+01 1.605764e+01 -2.717670e+01
      vertex   -5.350372e+01 1.667670e+01 -2.655764e+01
    endloop
  endfacet
  facet normal 1.000000e+00 0.000000e+00 -0.000000e+00
    outer loop
      vertex   -5.350372e+01 1.667670e+01 -2.655764e+01
      vertex   -5.350372e+01 1.721663e+01 -2.586847e+01
      vertex   -5.350372e+01 1.185000e+01 -2.300000e+01
    endloop
  endfacet
  facet normal 1.000000e+00 -0.000000e+00 0.000000e+00
    outer loop
      vertex   -5.350372e+01 1.185000e+01 -2.300000e+01
      vertex   -5.350372e+01 1.721663e+01 -2.586847e+01
      vertex   -5.350372e+01 1.750000e+01 -1.900000e+01
    endloop
  endfacet
  facet normal 1.000000e+00 0.000000e+00 -0.000000e+00
    outer loop
      vertex   -5.350372e+01 1.185000e+01 -2.300000e+01
      vertex   -5.350372e+01 1.750000e+01 -1.900000e+01
      vertex   -5.350372e+01 1.182956e+01 -2.284471e+01
    endloop
  endfacet
  facet normal 1.000000e+00 0.000000e+00 -0.000000e+00
    outer loop
      vertex   -5.350372e+01 1.182956e+01 -2.284471e+01
      vertex   -5.350372e+01 1.750000e+01 -1.900000e+01
      vertex   -5.350372e+01 1.176962e+01 -2.270000e+01
    endloop
  endfacet
  facet normal 1.000000e+00 0.000000e+00 0.000000e+00
    outer loop
      vertex   -5.350372e+01 1.721663e+01 -2.586847e+01
      vertex   -5.350372e+01 1.766956e+01 -2.511924e+01
      vertex   -5.350372e+01 1.750000e+01 -1.900000e+01
    endloop
  endfacet
  facet normal 1.000000e+00 0.000000e+00 0.000000e+00
    outer loop
      vertex   -5.350372e+01 1.750000e+01 -1.900000e+01
      vertex   -5.350372e+01 1.766956e+01 -2.511924e+01
      vertex   -5.350372e+01 1.802887e+01 -2.432089e+01
    endloop
  endfacet
  facet normal 1.000000e+00 0.000000e+00 0.000000e+00
    outer loop
      vertex   -5.350372e+01 1.750000e+01 -1.900000e+01
      vertex   -5.350372e+01 1.802887e+01 -2.432089e+01
      vertex   -5.350372e+01 1.828933e+01 -2.348504e+01
    endloop
  endfacet
  facet normal 1.000000e+00 0.000000e+00 -0.000000e+00
    outer loop
      vertex   -5.350372e+01 1.828933e+01 -2.348504e+01
      vertex   -5.350372e+01 1.844714e+01 -2.262389e+01
      vertex   -5.350372e+01 1.750000e+01 -1.900000e+01
    endloop
  endfacet
  facet normal 1.000000e+00 0.000000e+00 0.000000e+00
    outer loop
      vertex   -5.350372e+01 1.750000e+01 -1.900000e+01
      vertex   -5.350372e+01 1.844714e+01 -2.262389e+01
      vertex   -5.350372e+01 1.850000e+01 -2.175000e+01
    endloop
  endfacet
  facet normal 1.000000e+00 -0.000000e+00 0.000000e+00
    outer loop
      vertex   -5.350372e+01 1.750000e+01 -1.900000e+01
      vertex   -5.350372e+01 1.850000e+01 -2.175000e+01
      vertex   -5.350372e+01 1.850000e+01 -1.900000e+01
    endloop
  endfacet
  facet normal -1.000000e+00 0.000000e+00 0.000000e+00
    outer loop
      vertex   -5.450372e+01 1.109898e+01 -1.282149e+01
      vertex   -5.450372e+01 4.000000e+00 -6.000000e+00
      vertex   -5.450372e+01 1.125428e+01 -1.280104e+01
    endloop
  endfacet
  facet normal -1.000000e+00 0.000000e+00 0.000000e+00
    outer loop
      vertex   -5.450372e+01 1.125428e+01 -1.280104e+01
      vertex   -5.450372e+01 4.000000e+00 -6.000000e+00
      vertex   -5.450372e+01 1.850000e+01 -6.000000e+00
    endloop
  endfacet
  facet normal -1.000000e+00 0.000000e+00 0.000000e+00
    outer loop
      vertex   -5.450372e+01 1.125428e+01 -1.280104e+01
      vertex   -5.450372e+01 1.850000e+01 -6.000000e+00
      vertex   -5.450372e+01 1.140957e+01 -1.282149e+01
    endloop
  endfacet
  facet normal -1.000000e+00 0.000000e+00 0.000000e+00
    outer loop
      vertex   -5.450372e+01 1.140957e+01 -1.282149e+01
      vertex   -5.450372e+01 1.850000e+01 -6.000000e+00
      vertex   -5.450372e+01 1.155428e+01 -1.288143e+01
    endloop
  endfacet
  facet normal -1.000000e+00 0.000000e+00 0.000000e+00
    outer loop
      vertex   -5.450372e+01 1.155428e+01 -1.288143e+01
      vertex   -5.450372e+01 1.850000e+01 -6.000000e+00
      vertex   -5.450372e+01 1.167854e+01 -1.297678e+01
    endloop
  endfacet
  facet normal -1.000000e+00 0.000000e+00 0.000000e+00
    outer loop
      vertex   -5.450372e+01 1.167854e+01 -1.297678e+01
      vertex   -5.450372e+01 1.850000e+01 -6.000000e+00
      vertex   -5.450372e+01 1.177389e+01 -1.310104e+01
    endloop
  endfacet
  facet normal -1.000000e+00 0.000000e+00 0.000000e+00
    outer loop
      vertex   -5.450372e+01 1.177389e+01 -1.310104e+01
      vertex   -5.450372e+01 1.850000e+01 -6.000000e+00
      vertex   -5.450372e+01 1.183383e+01 -1.324575e+01
    endloop
  endfacet
  facet normal -1.000000e+00 0.000000e+00 0.000000e+00
    outer loop
      vertex   -5.450372e+01 1.183383e+01 -1.324575e+01
      vertex   -5.450372e+01 1.850000e+01 -6.000000e+00
      vertex   -5.450372e+01 1.185428e+01 -1.340104e+01
    endloop
  endfacet
  facet normal -1.000000e+00 0.000000e+00 0.000000e+00
    outer loop
      vertex   -5.450372e+01 1.185428e+01 -1.340104e+01
      vertex   -5.450372e+01 1.850000e+01 -6.000000e+00
      vertex   -5.450372e+01 1.850000e+01 -2.175000e+01
    endloop
  endfacet
  facet normal -1.000000e+00 0.000000e+00 -0.000000e+00
    outer loop
      vertex   -5.450372e+01 1.185428e+01 -1.340104e+01
      vertex   -5.450372e+01 1.850000e+01 -2.175000e+01
      vertex   -5.450372e+01 1.183383e+01 -1.355633e+01
    endloop
  endfacet
  facet normal -1.000000e+00 0.000000e+00 -0.000000e+00
    outer loop
      vertex   -5.450372e+01 1.183383e+01 -1.355633e+01
      vertex   -5.450372e+01 1.850000e+01 -2.175000e+01
      vertex   -5.450372e+01 1.177389e+01 -1.370104e+01
    endloop
  endfacet
  facet normal -1.000000e+00 0.000000e+00 -0.000000e+00
    outer loop
      vertex   -5.450372e+01 1.177389e+01 -1.370104e+01
      vertex   -5.450372e+01 1.850000e+01 -2.175000e+01
      vertex   -5.450372e+01 1.176962e+01 -2.270000e+01
    endloop
  endfacet
  facet normal -1.000000e+00 0.000000e+00 0.000000e+00
    outer loop
      vertex   -5.450372e+01 1.177389e+01 -1.370104e+01
      vertex   -5.450372e+01 1.176962e+01 -2.270000e+01
      vertex   -5.450372e+01 1.167854e+01 -1.382531e+01
    endloop
  endfacet
  facet normal -1.000000e+00 0.000000e+00 -0.000000e+00
    outer loop
      vertex   -5.450372e+01 1.167854e+01 -1.382531e+01
      vertex   -5.450372e+01 1.176962e+01 -2.270000e+01
      vertex   -5.450372e+01 1.167426e+01 -2.257574e+01
    endloop
  endfacet
  facet normal -1.000000e+00 0.000000e+00 0.000000e+00
    outer loop
      vertex   -5.450372e+01 1.167854e+01 -1.382531e+01
      vertex   -5.450372e+01 1.167426e+01 -2.257574e+01
      vertex   -5.450372e+01 1.155428e+01 -1.392066e+01
    endloop
  endfacet
  facet normal -1.000000e+00 0.000000e+00 -0.000000e+00
    outer loop
      vertex   -5.450372e+01 1.155428e+01 -1.392066e+01
      vertex   -5.450372e+01 1.167426e+01 -2.257574e+01
      vertex   -5.450372e+01 1.155000e+01 -2.248038e+01
    endloop
  endfacet
  facet normal -1.000000e+00 0.000000e+00 0.000000e+00
    outer loop
      vertex   -5.450372e+01 1.155428e+01 -1.392066e+01
      vertex   -5.450372e+01 1.155000e+01 -2.248038e+01
      vertex   -5.450372e+01 1.140957e+01 -1.398060e+01
    endloop
  endfacet
  facet normal -1.000000e+00 0.000000e+00 -0.000000e+00
    outer loop
      vertex   -5.450372e+01 1.140957e+01 -1.398060e+01
      vertex   -5.450372e+01 1.155000e+01 -2.248038e+01
      vertex   -5.450372e+01 1.140529e+01 -2.242044e+01
    endloop
  endfacet
  facet normal -1.000000e+00 0.000000e+00 0.000000e+00
    outer loop
      vertex   -5.450372e+01 1.140957e+01 -1.398060e+01
      vertex   -5.450372e+01 1.140529e+01 -2.242044e+01
      vertex   -5.450372e+01 1.125428e+01 -1.400104e+01
    endloop
  endfacet
  facet normal -1.000000e+00 0.000000e+00 -0.000000e+00
    outer loop
      vertex   -5.450372e+01 1.125428e+01 -1.400104e+01
      vertex   -5.450372e+01 1.140529e+01 -2.242044e+01
      vertex   -5.450372e+01 1.125000e+01 -2.240000e+01
    endloop
  endfacet
  facet normal -1.000000e+00 -0.000000e+00 0.000000e+00
    outer loop
      vertex   -5.450372e+01 1.125428e+01 -1.400104e+01
      vertex   -5.450372e+01 1.125000e+01 -2.240000e+01
      vertex   -5.450372e+01 1.109898e+01 -1.398060e+01
    endloop
  endfacet
  facet normal -1.000000e+00 0.000000e+00 -0.000000e+00
    outer loop
      vertex   -5.450372e+01 1.109898e+01 -1.398060e+01
      vertex   -5.450372e+01 1.125000e+01 -2.240000e+01
      vertex   -5.450372e+01 1.109471e+01 -2.242044e+01
    endloop
  endfacet
  facet normal -1.000000e+00 -0.000000e+00 0.000000e+00
    outer loop
      vertex   -5.450372e+01 1.109898e+01 -1.398060e+01
      vertex   -5.450372e+01 1.109471e+01 -2.242044e+01
      vertex   -5.450372e+01 1.095428e+01 -1.392066e+01
    endloop
  endfacet
  facet normal -1.000000e+00 0.000000e+00 -0.000000e+00
    outer loop
      vertex   -5.450372e+01 1.095428e+01 -1.392066e+01
      vertex   -5.450372e+01 1.109471e+01 -2.242044e+01
      vertex   -5.450372e+01 1.095000e+01 -2.248038e+01
    endloop
  endfacet
  facet normal -1.000000e+00 -0.000000e+00 0.000000e+00
    outer loop
      vertex   -5.450372e+01 1.095428e+01 -1.392066e+01
      vertex   -5.450372e+01 1.095000e+01 -2.248038e+01
      vertex   -5.450372e+01 1.083001e+01 -1.382531e+01
    endloop
  endfacet
  facet normal -1.000000e+00 0.000000e+00 -0.000000e+00
    outer loop
      vertex   -5.450372e+01 1.083001e+01 -1.382531e+01
      vertex   -5.450372e+01 1.095000e+01 -2.248038e+01
      vertex   -5.450372e+01 1.082574e+01 -2.257574e+01
    endloop
  endfacet
  facet normal -1.000000e+00 -0.000000e+00 0.000000e+00
    outer loop
      vertex   -5.450372e+01 1.083001e+01 -1.382531e+01
      vertex   -5.450372e+01 1.082574e+01 -2.257574e+01
      vertex   -5.450372e+01 1.073466e+01 -1.370104e+01
    endloop
  endfacet
  facet normal -1.000000e+00 0.000000e+00 -0.000000e+00
    outer loop
      vertex   -5.450372e+01 1.073466e+01 -1.370104e+01
      vertex   -5.450372e+01 1.082574e+01 -2.257574e+01
      vertex   -5.450372e+01 1.073038e+01 -2.270000e+01
    endloop
  endfacet
  facet normal -1.000000e+00 0.000000e+00 0.000000e+00
    outer loop
      vertex   -5.450372e+01 1.073466e+01 -1.370104e+01
      vertex   -5.450372e+01 1.073038e+01 -2.270000e+01
      vertex   -5.450372e+01 4.000000e+00 -2.175000e+01
    endloop
  endfacet
  facet normal -1.000000e+00 0.000000e+00 0.000000e+00
    outer loop
      vertex   -5.450372e+01 4.000000e+00 -2.175000e+01
      vertex   -5.450372e+01 1.073038e+01 -2.270000e+01
      vertex   -5.450372e+01 1.067044e+01 -2.284471e+01
    endloop
  endfacet
  facet normal -1.000000e+00 0.000000e+00 0.000000e+00
    outer loop
      vertex   -5.450372e+01 4.000000e+00 -2.175000e+01
      vertex   -5.450372e+01 1.067044e+01 -2.284471e+01
      vertex   -5.450372e+01 4.052861e+00 -2.262389e+01
    endloop
  endfacet
  facet normal -1.000000e+00 0.000000e+00 0.000000e+00
    outer loop
      vertex   -5.450372e+01 4.052861e+00 -2.262389e+01
      vertex   -5.450372e+01 1.067044e+01 -2.284471e+01
      vertex   -5.450372e+01 4.210672e+00 -2.348504e+01
    endloop
  endfacet
  facet normal -1.000000e+00 0.000000e+00 0.000000e+00
    outer loop
      vertex   -5.450372e+01 4.210672e+00 -2.348504e+01
      vertex   -5.450372e+01 1.067044e+01 -2.284471e+01
      vertex   -5.450372e+01 4.471132e+00 -2.432089e+01
    endloop
  endfacet
  facet normal -1.000000e+00 0.000000e+00 0.000000e+00
    outer loop
      vertex   -5.450372e+01 4.471132e+00 -2.432089e+01
      vertex   -5.450372e+01 1.067044e+01 -2.284471e+01
      vertex   -5.450372e+01 4.830444e+00 -2.511924e+01
    endloop
  endfacet
  facet normal -1.000000e+00 0.000000e+00 0.000000e+00
    outer loop
      vertex   -5.450372e+01 4.830444e+00 -2.511924e+01
      vertex   -5.450372e+01 1.067044e+01 -2.284471e+01
      vertex   -5.450372e+01 1.065000e+01 -2.300000e+01
    endloop
  endfacet
  facet normal -1.000000e+00 0.000000e+00 0.000000e+00
    outer loop
      vertex   -5.450372e+01 4.830444e+00 -2.511924e+01
      vertex   -5.450372e+01 1.065000e+01 -2.300000e+01
      vertex   -5.450372e+01 5.283367e+00 -2.586847e+01
    endloop
  endfacet
  facet normal -1.000000e+00 0.000000e+00 0.000000e+00
    outer loop
      vertex   -5.450372e+01 5.283367e+00 -2.586847e+01
      vertex   -5.450372e+01 1.065000e+01 -2.300000e+01
      vertex   -5.450372e+01 5.823297e+00 -2.655764e+01
    endloop
  endfacet
  facet normal -1.000000e+00 0.000000e+00 0.000000e+00
    outer loop
      vertex   -5.450372e+01 5.823297e+00 -2.655764e+01
      vertex   -5.450372e+01 1.065000e+01 -2.300000e+01
      vertex   -5.450372e+01 6.442361e+00 -2.717670e+01
    endloop
  endfacet
  facet normal -1.000000e+00 0.000000e+00 0.000000e+00
    outer loop
      vertex   -5.450372e+01 6.442361e+00 -2.717670e+01
      vertex   -5.450372e+01 1.065000e+01 -2.300000e+01
      vertex   -5.450372e+01 7.131531e+00 -2.771663e+01
    endloop
  endfacet
  facet normal -1.000000e+00 0.000000e+00 0.000000e+00
    outer loop
      vertex   -5.450372e+01 7.131531e+00 -2.771663e+01
      vertex   -5.450372e+01 1.065000e+01 -2.300000e+01
      vertex   -5.450372e+01 1.067044e+01 -2.315529e+01
    endloop
  endfacet
  facet normal -1.000000e+00 0.000000e+00 0.000000e+00
    outer loop
      vertex   -5.450372e+01 7.131531e+00 -2.771663e+01
      vertex   -5.450372e+01 1.067044e+01 -2.315529e+01
      vertex   -5.450372e+01 7.880757e+00 -2.816956e+01
    endloop
  endfacet
  facet normal -1.000000e+00 0.000000e+00 0.000000e+00
    outer loop
      vertex   -5.450372e+01 7.880757e+00 -2.816956e+01
      vertex   -5.450372e+01 1.067044e+01 -2.315529e+01
      vertex   -5.450372e+01 8.679115e+00 -2.852887e+01
    endloop
  endfacet
  facet normal -1.000000e+00 0.000000e+00 0.000000e+00
    outer loop
      vertex   -5.450372e+01 8.679115e+00 -2.852887e+01
      vertex   -5.450372e+01 1.067044e+01 -2.315529e+01
      vertex   -5.450372e+01 1.073038e+01 -2.330000e+01
    endloop
  endfacet
  facet normal -1.000000e+00 0.000000e+00 0.000000e+00
    outer loop
      vertex   -5.450372e+01 8.679115e+00 -2.852887e+01
      vertex   -5.450372e+01 1.073038e+01 -2.330000e+01
      vertex   -5.450372e+01 9.514961e+00 -2.878933e+01
    endloop
  endfacet
  facet normal -1.000000e+00 0.000000e+00 0.000000e+00
    outer loop
      vertex   -5.450372e+01 9.514961e+00 -2.878933e+01
      vertex   -5.450372e+01 1.073038e+01 -2.330000e+01
      vertex   -5.450372e+01 1.082574e+01 -2.342426e+01
    endloop
  endfacet
  facet normal -1.000000e+00 0.000000e+00 0.000000e+00
    outer loop
      vertex   -5.450372e+01 9.514961e+00 -2.878933e+01
      vertex   -5.450372e+01 1.082574e+01 -2.342426e+01
      vertex   -5.450372e+01 1.095000e+01 -2.351962e+01
    endloop
  endfacet
  facet normal -1.000000e+00 -0.000000e+00 0.000000e+00
    outer loop
      vertex   -5.450372e+01 1.109898e+01 -1.282149e+01
      vertex   -5.450372e+01 1.095428e+01 -1.288143e+01
      vertex   -5.450372e+01 4.000000e+00 -6.000000e+00
    endloop
  endfacet
  facet normal -1.000000e+00 0.000000e+00 0.000000e+00
    outer loop
      vertex   -5.450372e+01 4.000000e+00 -6.000000e+00
      vertex   -5.450372e+01 1.095428e+01 -1.288143e+01
      vertex   -5.450372e+01 1.083001e+01 -1.297678e+01
    endloop
  endfacet
  facet normal -1.000000e+00 0.000000e+00 0.000000e+00
    outer loop
      vertex   -5.450372e+01 4.000000e+00 -6.000000e+00
      vertex   -5.450372e+01 1.083001e+01 -1.297678e+01
      vertex   -5.450372e+01 1.073466e+01 -1.310104e+01
    endloop
  endfacet
  facet normal -1.000000e+00 -0.000000e+00 0.000000e+00
    outer loop
      vertex   -5.450372e+01 1.073466e+01 -1.310104e+01
      vertex   -5.450372e+01 1.067472e+01 -1.324575e+01
      vertex   -5.450372e+01 4.000000e+00 -6.000000e+00
    endloop
  endfacet
  facet normal -1.000000e+00 0.000000e+00 0.000000e+00
    outer loop
      vertex   -5.450372e+01 4.000000e+00 -6.000000e+00
      vertex   -5.450372e+01 1.067472e+01 -1.324575e+01
      vertex   -5.450372e+01 1.065428e+01 -1.340104e+01
    endloop
  endfacet
  facet normal -1.000000e+00 0.000000e+00 0.000000e+00
    outer loop
      vertex   -5.450372e+01 4.000000e+00 -6.000000e+00
      vertex   -5.450372e+01 1.065428e+01 -1.340104e+01
      vertex   -5.450372e+01 4.000000e+00 -2.175000e+01
    endloop
  endfacet
  facet normal -1.000000e+00 0.000000e+00 0.000000e+00
    outer loop
      vertex   -5.450372e+01 4.000000e+00 -2.175000e+01
      vertex   -5.450372e+01 1.065428e+01 -1.340104e+01
      vertex   -5.450372e+01 1.067472e+01 -1.355633e+01
    endloop
  endfacet
  facet normal -1.000000e+00 0.000000e+00 0.000000e+00
    outer loop
      vertex   -5.450372e+01 4.000000e+00 -2.175000e+01
      vertex   -5.450372e+01 1.067472e+01 -1.355633e+01
      vertex   -5.450372e+01 1.073466e+01 -1.370104e+01
    endloop
  endfacet
  facet normal -1.000000e+00 0.000000e+00 0.000000e+00
    outer loop
      vertex   -5.450372e+01 9.514961e+00 -2.878933e+01
      vertex   -5.450372e+01 1.095000e+01 -2.351962e+01
      vertex   -5.450372e+01 1.037611e+01 -2.894714e+01
    endloop
  endfacet
  facet normal -1.000000e+00 0.000000e+00 0.000000e+00
    outer loop
      vertex   -5.450372e+01 1.037611e+01 -2.894714e+01
      vertex   -5.450372e+01 1.095000e+01 -2.351962e+01
      vertex   -5.450372e+01 1.109471e+01 -2.357956e+01
    endloop
  endfacet
  facet normal -1.000000e+00 0.000000e+00 0.000000e+00
    outer loop
      vertex   -5.450372e+01 1.037611e+01 -2.894714e+01
      vertex   -5.450372e+01 1.109471e+01 -2.357956e+01
      vertex   -5.450372e+01 1.125000e+01 -2.900000e+01
    endloop
  endfacet
  facet normal -1.000000e+00 0.000000e+00 0.000000e+00
    outer loop
      vertex   -5.450372e+01 1.125000e+01 -2.900000e+01
      vertex   -5.450372e+01 1.109471e+01 -2.357956e+01
      vertex   -5.450372e+01 1.125000e+01 -2.360000e+01
    endloop
  endfacet
  facet normal -1.000000e+00 0.000000e+00 0.000000e+00
    outer loop
      vertex   -5.450372e+01 1.125000e+01 -2.900000e+01
      vertex   -5.450372e+01 1.125000e+01 -2.360000e+01
      vertex   -5.450372e+01 1.140529e+01 -2.357956e+01
    endloop
  endfacet
  facet normal -1.000000e+00 0.000000e+00 0.000000e+00
    outer loop
      vertex   -5.450372e+01 1.125000e+01 -2.900000e+01
      vertex   -5.450372e+01 1.140529e+01 -2.357956e+01
      vertex   -5.450372e+01 1.212389e+01 -2.894714e+01
    endloop
  endfacet
  facet normal -1.000000e+00 0.000000e+00 0.000000e+00
    outer loop
      vertex   -5.450372e+01 1.212389e+01 -2.894714e+01
      vertex   -5.450372e+01 1.140529e+01 -2.357956e+01
      vertex   -5.450372e+01 1.155000e+01 -2.351962e+01
    endloop
  endfacet
  facet normal -1.000000e+00 0.000000e+00 0.000000e+00
    outer loop
      vertex   -5.450372e+01 1.212389e+01 -2.894714e+01
      vertex   -5.450372e+01 1.155000e+01 -2.351962e+01
      vertex   -5.450372e+01 1.298504e+01 -2.878933e+01
    endloop
  endfacet
  facet normal -1.000000e+00 0.000000e+00 0.000000e+00
    outer loop
      vertex   -5.450372e+01 1.298504e+01 -2.878933e+01
      vertex   -5.450372e+01 1.155000e+01 -2.351962e+01
      vertex   -5.450372e+01 1.167426e+01 -2.342426e+01
    endloop
  endfacet
  facet normal -1.000000e+00 0.000000e+00 0.000000e+00
    outer loop
      vertex   -5.450372e+01 1.298504e+01 -2.878933e+01
      vertex   -5.450372e+01 1.167426e+01 -2.342426e+01
      vertex   -5.450372e+01 1.176962e+01 -2.330000e+01
    endloop
  endfacet
  facet normal -1.000000e+00 0.000000e+00 0.000000e+00
    outer loop
      vertex   -5.450372e+01 1.298504e+01 -2.878933e+01
      vertex   -5.450372e+01 1.176962e+01 -2.330000e+01
      vertex   -5.450372e+01 1.382089e+01 -2.852887e+01
    endloop
  endfacet
  facet normal -1.000000e+00 0.000000e+00 0.000000e+00
    outer loop
      vertex   -5.450372e+01 1.382089e+01 -2.852887e+01
      vertex   -5.450372e+01 1.176962e+01 -2.330000e+01
      vertex   -5.450372e+01 1.182956e+01 -2.315529e+01
    endloop
  endfacet
  facet normal -1.000000e+00 0.000000e+00 0.000000e+00
    outer loop
      vertex   -5.450372e+01 1.382089e+01 -2.852887e+01
      vertex   -5.450372e+01 1.182956e+01 -2.315529e+01
      vertex   -5.450372e+01 1.461924e+01 -2.816956e+01
    endloop
  endfacet
  facet normal -1.000000e+00 0.000000e+00 0.000000e+00
    outer loop
      vertex   -5.450372e+01 1.461924e+01 -2.816956e+01
      vertex   -5.450372e+01 1.182956e+01 -2.315529e+01
      vertex   -5.450372e+01 1.536847e+01 -2.771663e+01
    endloop
  endfacet
  facet normal -1.000000e+00 0.000000e+00 0.000000e+00
    outer loop
      vertex   -5.450372e+01 1.536847e+01 -2.771663e+01
      vertex   -5.450372e+01 1.182956e+01 -2.315529e+01
      vertex   -5.450372e+01 1.185000e+01 -2.300000e+01
    endloop
  endfacet
  facet normal -1.000000e+00 0.000000e+00 0.000000e+00
    outer loop
      vertex   -5.450372e+01 1.536847e+01 -2.771663e+01
      vertex   -5.450372e+01 1.185000e+01 -2.300000e+01
      vertex   -5.450372e+01 1.605764e+01 -2.717670e+01
    endloop
  endfacet
  facet normal -1.000000e+00 0.000000e+00 0.000000e+00
    outer loop
      vertex   -5.450372e+01 1.605764e+01 -2.717670e+01
      vertex   -5.450372e+01 1.185000e+01 -2.300000e+01
      vertex   -5.450372e+01 1.667670e+01 -2.655764e+01
    endloop
  endfacet
  facet normal -1.000000e+00 0.000000e+00 0.000000e+00
    outer loop
      vertex   -5.450372e+01 1.667670e+01 -2.655764e+01
      vertex   -5.450372e+01 1.185000e+01 -2.300000e+01
      vertex   -5.450372e+01 1.721663e+01 -2.586847e+01
    endloop
  endfacet
  facet normal -1.000000e+00 0.000000e+00 0.000000e+00
    outer loop
      vertex   -5.450372e+01 1.721663e+01 -2.586847e+01
      vertex   -5.450372e+01 1.185000e+01 -2.300000e+01
      vertex   -5.450372e+01 1.766956e+01 -2.511924e+01
    endloop
  endfacet
  facet normal -1.000000e+00 0.000000e+00 0.000000e+00
    outer loop
      vertex   -5.450372e+01 1.766956e+01 -2.511924e+01
      vertex   -5.450372e+01 1.185000e+01 -2.300000e+01
      vertex   -5.450372e+01 1.182956e+01 -2.284471e+01
    endloop
  endfacet
  facet normal -1.000000e+00 0.000000e+00 0.000000e+00
    outer loop
      vertex   -5.450372e+01 1.766956e+01 -2.511924e+01
      vertex   -5.450372e+01 1.182956e+01 -2.284471e+01
      vertex   -5.450372e+01 1.802887e+01 -2.432089e+01
    endloop
  endfacet
  facet normal -1.000000e+00 0.000000e+00 0.000000e+00
    outer loop
      vertex   -5.450372e+01 1.802887e+01 -2.432089e+01
      vertex   -5.450372e+01 1.182956e+01 -2.284471e+01
      vertex   -5.450372e+01 1.828933e+01 -2.348504e+01
    endloop
  endfacet
  facet normal -1.000000e+00 0.000000e+00 0.000000e+00
    outer loop
      vertex   -5.450372e+01 1.828933e+01 -2.348504e+01
      vertex   -5.450372e+01 1.182956e+01 -2.284471e+01
      vertex   -5.450372e+01 1.844714e+01 -2.262389e+01
    endloop
  endfacet
  facet normal -1.000000e+00 -0.000000e+00 0.000000e+00
    outer loop
      vertex   -5.450372e+01 1.844714e+01 -2.262389e+01
      vertex   -5.450372e+01 1.182956e+01 -2.284471e+01
      vertex   -5.450372e+01 1.850000e+01 -2.175000e+01
    endloop
  endfacet
  facet normal -1.000000e+00 0.000000e+00 0.000000e+00
    outer loop
      vertex   -5.450372e+01 1.850000e+01 -2.175000e+01
      vertex   -5.450372e+01 1.182956e+01 -2.284471e+01
      vertex   -5.450372e+01 1.176962e+01 -2.270000e+01
    endloop
  endfacet
  facet normal -1.000000e+00 0.000000e+00 0.000000e+00
    outer loop
      vertex   -4.210000e+01 1.140957e+01 -1.282149e+01
      vertex   -4.210000e+01 1.125428e+01 -1.280104e+01
      vertex   -4.210000e+01 1.300000e+01 -9.000000e+00
    endloop
  endfacet
  facet normal -1.000000e+00 0.000000e+00 0.000000e+00
    outer loop
      vertex   -4.210000e+01 1.300000e+01 -9.000000e+00
      vertex   -4.210000e+01 1.125428e+01 -1.280104e+01
      vertex   -4.210000e+01 1.109898e+01 -1.282149e+01
    endloop
  endfacet
  facet normal -1.000000e+00 0.000000e+00 0.000000e+00
    outer loop
      vertex   -4.210000e+01 1.300000e+01 -9.000000e+00
      vertex   -4.210000e+01 1.109898e+01 -1.282149e+01
      vertex   -4.210000e+01 1.095428e+01 -1.288143e+01
    endloop
  endfacet
  facet normal -1.000000e+00 -0.000000e+00 0.000000e+00
    outer loop
      vertex   -4.210000e+01 1.300000e+01 -9.000000e+00
      vertex   -4.210000e+01 1.095428e+01 -1.288143e+01
      vertex   -4.210000e+01 5.000000e+00 -7.000000e+00
    endloop
  endfacet
  facet normal -1.000000e+00 0.000000e+00 0.000000e+00
    outer loop
      vertex   -4.210000e+01 5.000000e+00 -7.000000e+00
      vertex   -4.210000e+01 1.095428e+01 -1.288143e+01
      vertex   -4.210000e+01 1.083001e+01 -1.297678e+01
    endloop
  endfacet
  facet normal -1.000000e+00 0.000000e+00 0.000000e+00
    outer loop
      vertex   -4.210000e+01 5.000000e+00 -7.000000e+00
      vertex   -4.210000e+01 1.083001e+01 -1.297678e+01
      vertex   -4.210000e+01 1.073466e+01 -1.310104e+01
    endloop
  endfacet
  facet normal -1.000000e+00 -0.000000e+00 0.000000e+00
    outer loop
      vertex   -4.210000e+01 1.073466e+01 -1.310104e+01
      vertex   -4.210000e+01 1.067472e+01 -1.324575e+01
      vertex   -4.210000e+01 5.000000e+00 -7.000000e+00
    endloop
  endfacet
  facet normal -1.000000e+00 0.000000e+00 0.000000e+00
    outer loop
      vertex   -4.210000e+01 5.000000e+00 -7.000000e+00
      vertex   -4.210000e+01 1.067472e+01 -1.324575e+01
      vertex   -4.210000e+01 5.000000e+00 -1.500000e+01
    endloop
  endfacet
  facet normal -1.000000e+00 0.000000e+00 0.000000e+00
    outer loop
      vertex   -4.210000e+01 5.000000e+00 -1.500000e+01
      vertex   -4.210000e+01 1.067472e+01 -1.324575e+01
      vertex   -4.210000e+01 1.065428e+01 -1.340104e+01
    endloop
  endfacet
  facet normal -1.000000e+00 0.000000e+00 0.000000e+00
    outer loop
      vertex   -4.210000e+01 5.000000e+00 -1.500000e+01
      vertex   -4.210000e+01 1.065428e+01 -1.340104e+01
      vertex   -4.210000e+01 1.067472e+01 -1.355633e+01
    endloop
  endfacet
  facet normal -1.000000e+00 0.000000e+00 -0.000000e+00
    outer loop
      vertex   -4.210000e+01 1.067472e+01 -1.355633e+01
      vertex   -4.210000e+01 1.073466e+01 -1.370104e+01
      vertex   -4.210000e+01 5.000000e+00 -1.500000e+01
    endloop
  endfacet
  facet normal -1.000000e+00 0.000000e+00 0.000000e+00
    outer loop
      vertex   -4.210000e+01 5.000000e+00 -1.500000e+01
      vertex   -4.210000e+01 1.073466e+01 -1.370104e+01
      vertex   -4.210000e+01 1.073038e+01 -2.270000e+01
    endloop
  endfacet
  facet normal -1.000000e+00 0.000000e+00 -0.000000e+00
    outer loop
      vertex   -4.210000e+01 5.000000e+00 -1.500000e+01
      vertex   -4.210000e+01 1.073038e+01 -2.270000e+01
      vertex   -4.210000e+01 4.000000e+00 -2.175000e+01
    endloop
  endfacet
  facet normal -1.000000e+00 0.000000e+00 0.000000e+00
    outer loop
      vertex   -4.210000e+01 4.000000e+00 -2.175000e+01
      vertex   -4.210000e+01 1.073038e+01 -2.270000e+01
      vertex   -4.210000e+01 1.067044e+01 -2.284471e+01
    endloop
  endfacet
  facet normal -1.000000e+00 0.000000e+00 0.000000e+00
    outer loop
      vertex   -4.210000e+01 4.000000e+00 -2.175000e+01
      vertex   -4.210000e+01 1.067044e+01 -2.284471e+01
      vertex   -4.210000e+01 4.052861e+00 -2.262389e+01
    endloop
  endfacet
  facet normal -1.000000e+00 0.000000e+00 0.000000e+00
    outer loop
      vertex   -4.210000e+01 4.052861e+00 -2.262389e+01
      vertex   -4.210000e+01 1.067044e+01 -2.284471e+01
      vertex   -4.210000e+01 4.210672e+00 -2.348504e+01
    endloop
  endfacet
  facet normal -1.000000e+00 0.000000e+00 0.000000e+00
    outer loop
      vertex   -4.210000e+01 4.210672e+00 -2.348504e+01
      vertex   -4.210000e+01 1.067044e+01 -2.284471e+01
      vertex   -4.210000e+01 4.471132e+00 -2.432089e+01
    endloop
  endfacet
  facet normal -1.000000e+00 0.000000e+00 0.000000e+00
    outer loop
      vertex   -4.210000e+01 4.471132e+00 -2.432089e+01
      vertex   -4.210000e+01 1.067044e+01 -2.284471e+01
      vertex   -4.210000e+01 4.830444e+00 -2.511924e+01
    endloop
  endfacet
  facet normal -1.000000e+00 0.000000e+00 0.000000e+00
    outer loop
      vertex   -4.210000e+01 4.830444e+00 -2.511924e+01
      vertex   -4.210000e+01 1.067044e+01 -2.284471e+01
      vertex   -4.210000e+01 1.065000e+01 -2.300000e+01
    endloop
  endfacet
  facet normal -1.000000e+00 0.000000e+00 0.000000e+00
    outer loop
      vertex   -4.210000e+01 4.830444e+00 -2.511924e+01
      vertex   -4.210000e+01 1.065000e+01 -2.300000e+01
      vertex   -4.210000e+01 5.283367e+00 -2.586847e+01
    endloop
  endfacet
  facet normal -1.000000e+00 0.000000e+00 0.000000e+00
    outer loop
      vertex   -4.210000e+01 5.283367e+00 -2.586847e+01
      vertex   -4.210000e+01 1.065000e+01 -2.300000e+01
      vertex   -4.210000e+01 5.823297e+00 -2.655764e+01
    endloop
  endfacet
  facet normal -1.000000e+00 0.000000e+00 0.000000e+00
    outer loop
      vertex   -4.210000e+01 5.823297e+00 -2.655764e+01
      vertex   -4.210000e+01 1.065000e+01 -2.300000e+01
      vertex   -4.210000e+01 6.442361e+00 -2.717670e+01
    endloop
  endfacet
  facet normal -1.000000e+00 0.000000e+00 0.000000e+00
    outer loop
      vertex   -4.210000e+01 6.442361e+00 -2.717670e+01
      vertex   -4.210000e+01 1.065000e+01 -2.300000e+01
      vertex   -4.210000e+01 7.131531e+00 -2.771663e+01
    endloop
  endfacet
  facet normal -1.000000e+00 0.000000e+00 0.000000e+00
    outer loop
      vertex   -4.210000e+01 7.131531e+00 -2.771663e+01
      vertex   -4.210000e+01 1.065000e+01 -2.300000e+01
      vertex   -4.210000e+01 1.067044e+01 -2.315529e+01
    endloop
  endfacet
  facet normal -1.000000e+00 0.000000e+00 0.000000e+00
    outer loop
      vertex   -4.210000e+01 7.131531e+00 -2.771663e+01
      vertex   -4.210000e+01 1.067044e+01 -2.315529e+01
      vertex   -4.210000e+01 7.880757e+00 -2.816956e+01
    endloop
  endfacet
  facet normal -1.000000e+00 0.000000e+00 0.000000e+00
    outer loop
      vertex   -4.210000e+01 7.880757e+00 -2.816956e+01
      vertex   -4.210000e+01 1.067044e+01 -2.315529e+01
      vertex   -4.210000e+01 1.073038e+01 -2.330000e+01
    endloop
  endfacet
  facet normal -1.000000e+00 0.000000e+00 0.000000e+00
    outer loop
      vertex   -4.210000e+01 7.880757e+00 -2.816956e+01
      vertex   -4.210000e+01 1.073038e+01 -2.330000e+01
      vertex   -4.210000e+01 8.679115e+00 -2.852887e+01
    endloop
  endfacet
  facet normal -1.000000e+00 0.000000e+00 0.000000e+00
    outer loop
      vertex   -4.210000e+01 8.679115e+00 -2.852887e+01
      vertex   -4.210000e+01 1.073038e+01 -2.330000e+01
      vertex   -4.210000e+01 1.082574e+01 -2.342426e+01
    endloop
  endfacet
  facet normal -1.000000e+00 0.000000e+00 0.000000e+00
    outer loop
      vertex   -4.210000e+01 8.679115e+00 -2.852887e+01
      vertex   -4.210000e+01 1.082574e+01 -2.342426e+01
      vertex   -4.210000e+01 9.514961e+00 -2.878933e+01
    endloop
  endfacet
  facet normal -1.000000e+00 0.000000e+00 0.000000e+00
    outer loop
      vertex   -4.210000e+01 9.514961e+00 -2.878933e+01
      vertex   -4.210000e+01 1.082574e+01 -2.342426e+01
      vertex   -4.210000e+01 1.095000e+01 -2.351962e+01
    endloop
  endfacet
  facet normal -1.000000e+00 0.000000e+00 0.000000e+00
    outer loop
      vertex   -4.210000e+01 9.514961e+00 -2.878933e+01
      vertex   -4.210000e+01 1.095000e+01 -2.351962e+01
      vertex   -4.210000e+01 1.037611e+01 -2.894714e+01
    endloop
  endfacet
  facet normal -1.000000e+00 0.000000e+00 0.000000e+00
    outer loop
      vertex   -4.210000e+01 1.037611e+01 -2.894714e+01
      vertex   -4.210000e+01 1.095000e+01 -2.351962e+01
      vertex   -4.210000e+01 1.109471e+01 -2.357956e+01
    endloop
  endfacet
  facet normal -1.000000e+00 0.000000e+00 0.000000e+00
    outer loop
      vertex   -4.210000e+01 1.037611e+01 -2.894714e+01
      vertex   -4.210000e+01 1.109471e+01 -2.357956e+01
      vertex   -4.210000e+01 1.125000e+01 -2.900000e+01
    endloop
  endfacet
  facet normal -1.000000e+00 0.000000e+00 0.000000e+00
    outer loop
      vertex   -4.210000e+01 1.125000e+01 -2.900000e+01
      vertex   -4.210000e+01 1.109471e+01 -2.357956e+01
      vertex   -4.210000e+01 1.125000e+01 -2.360000e+01
    endloop
  endfacet
  facet normal -1.000000e+00 0.000000e+00 0.000000e+00
    outer loop
      vertex   -4.210000e+01 1.125000e+01 -2.900000e+01
      vertex   -4.210000e+01 1.125000e+01 -2.360000e+01
      vertex   -4.210000e+01 1.140529e+01 -2.357956e+01
    endloop
  endfacet
  facet normal -1.000000e+00 0.000000e+00 0.000000e+00
    outer loop
      vertex   -4.210000e+01 1.073038e+01 -2.270000e+01
      vertex   -4.210000e+01 1.073466e+01 -1.370104e+01
      vertex   -4.210000e+01 1.082574e+01 -2.257574e+01
    endloop
  endfacet
  facet normal -1.000000e+00 0.000000e+00 0.000000e+00
    outer loop
      vertex   -4.210000e+01 1.082574e+01 -2.257574e+01
      vertex   -4.210000e+01 1.073466e+01 -1.370104e+01
      vertex   -4.210000e+01 1.083001e+01 -1.382531e+01
    endloop
  endfacet
  facet normal -1.000000e+00 0.000000e+00 0.000000e+00
    outer loop
      vertex   -4.210000e+01 1.082574e+01 -2.257574e+01
      vertex   -4.210000e+01 1.083001e+01 -1.382531e+01
      vertex   -4.210000e+01 1.095000e+01 -2.248038e+01
    endloop
  endfacet
  facet normal -1.000000e+00 0.000000e+00 0.000000e+00
    outer loop
      vertex   -4.210000e+01 1.095000e+01 -2.248038e+01
      vertex   -4.210000e+01 1.083001e+01 -1.382531e+01
      vertex   -4.210000e+01 1.095428e+01 -1.392066e+01
    endloop
  endfacet
  facet normal -1.000000e+00 0.000000e+00 0.000000e+00
    outer loop
      vertex   -4.210000e+01 1.095000e+01 -2.248038e+01
      vertex   -4.210000e+01 1.095428e+01 -1.392066e+01
      vertex   -4.210000e+01 1.300000e+01 -1.800000e+01
    endloop
  endfacet
  facet normal -1.000000e+00 0.000000e+00 0.000000e+00
    outer loop
      vertex   -4.210000e+01 1.300000e+01 -1.800000e+01
      vertex   -4.210000e+01 1.095428e+01 -1.392066e+01
      vertex   -4.210000e+01 1.109898e+01 -1.398060e+01
    endloop
  endfacet
  facet normal -1.000000e+00 0.000000e+00 0.000000e+00
    outer loop
      vertex   -4.210000e+01 1.300000e+01 -1.800000e+01
      vertex   -4.210000e+01 1.109898e+01 -1.398060e+01
      vertex   -4.210000e+01 1.125428e+01 -1.400104e+01
    endloop
  endfacet
  facet normal -1.000000e+00 0.000000e+00 0.000000e+00
    outer loop
      vertex   -4.210000e+01 1.125428e+01 -1.400104e+01
      vertex   -4.210000e+01 1.140957e+01 -1.398060e+01
      vertex   -4.210000e+01 1.300000e+01 -1.800000e+01
    endloop
  endfacet
  facet normal -1.000000e+00 0.000000e+00 0.000000e+00
    outer loop
      vertex   -4.210000e+01 1.300000e+01 -1.800000e+01
      vertex   -4.210000e+01 1.140957e+01 -1.398060e+01
      vertex   -4.210000e+01 1.155428e+01 -1.392066e+01
    endloop
  endfacet
  facet normal -1.000000e+00 0.000000e+00 0.000000e+00
    outer loop
      vertex   -4.210000e+01 1.300000e+01 -1.800000e+01
      vertex   -4.210000e+01 1.155428e+01 -1.392066e+01
      vertex   -4.210000e+01 1.167854e+01 -1.382531e+01
    endloop
  endfacet
  facet normal -1.000000e+00 0.000000e+00 0.000000e+00
    outer loop
      vertex   -4.210000e+01 1.167854e+01 -1.382531e+01
      vertex   -4.210000e+01 1.177389e+01 -1.370104e+01
      vertex   -4.210000e+01 1.300000e+01 -1.800000e+01
    endloop
  endfacet
  facet normal -1.000000e+00 0.000000e+00 0.000000e+00
    outer loop
      vertex   -4.210000e+01 1.300000e+01 -1.800000e+01
      vertex   -4.210000e+01 1.177389e+01 -1.370104e+01
      vertex   -4.210000e+01 1.183383e+01 -1.355633e+01
    endloop
  endfacet
  facet normal -1.000000e+00 0.000000e+00 0.000000e+00
    outer loop
      vertex   -4.210000e+01 1.300000e+01 -1.800000e+01
      vertex   -4.210000e+01 1.183383e+01 -1.355633e+01
      vertex   -4.210000e+01 1.185428e+01 -1.340104e+01
    endloop
  endfacet
  facet normal -1.000000e+00 0.000000e+00 0.000000e+00
    outer loop
      vertex   -4.210000e+01 1.300000e+01 -1.800000e+01
      vertex   -4.210000e+01 1.185428e+01 -1.340104e+01
      vertex   -4.210000e+01 1.300000e+01 -9.000000e+00
    endloop
  endfacet
  facet normal -1.000000e+00 0.000000e+00 0.000000e+00
    outer loop
      vertex   -4.210000e+01 1.300000e+01 -9.000000e+00
      vertex   -4.210000e+01 1.185428e+01 -1.340104e+01
      vertex   -4.210000e+01 1.183383e+01 -1.324575e+01
    endloop
  endfacet
  facet normal -1.000000e+00 0.000000e+00 0.000000e+00
    outer loop
      vertex   -4.210000e+01 1.300000e+01 -9.000000e+00
      vertex   -4.210000e+01 1.183383e+01 -1.324575e+01
      vertex   -4.210000e+01 1.177389e+01 -1.310104e+01
    endloop
  endfacet
  facet normal -1.000000e+00 0.000000e+00 0.000000e+00
    outer loop
      vertex   -4.210000e+01 1.177389e+01 -1.310104e+01
      vertex   -4.210000e+01 1.167854e+01 -1.297678e+01
      vertex   -4.210000e+01 1.300000e+01 -9.000000e+00
    endloop
  endfacet
  facet normal -1.000000e+00 0.000000e+00 0.000000e+00
    outer loop
      vertex   -4.210000e+01 1.300000e+01 -9.000000e+00
      vertex   -4.210000e+01 1.167854e+01 -1.297678e+01
      vertex   -4.210000e+01 1.155428e+01 -1.288143e+01
    endloop
  endfacet
  facet normal -1.000000e+00 0.000000e+00 0.000000e+00
    outer loop
      vertex   -4.210000e+01 1.300000e+01 -9.000000e+00
      vertex   -4.210000e+01 1.155428e+01 -1.288143e+01
      vertex   -4.210000e+01 1.140957e+01 -1.282149e+01
    endloop
  endfacet
  facet normal -1.000000e+00 -0.000000e+00 0.000000e+00
    outer loop
      vertex   -4.210000e+01 1.600000e+01 -1.800000e+01
      vertex   -4.210000e+01 1.182956e+01 -2.284471e+01
      vertex   -4.210000e+01 1.300000e+01 -1.800000e+01
    endloop
  endfacet
  facet normal -1.000000e+00 0.000000e+00 0.000000e+00
    outer loop
      vertex   -4.210000e+01 1.300000e+01 -1.800000e+01
      vertex   -4.210000e+01 1.182956e+01 -2.284471e+01
      vertex   -4.210000e+01 1.176962e+01 -2.270000e+01
    endloop
  endfacet
  facet normal -1.000000e+00 0.000000e+00 0.000000e+00
    outer loop
      vertex   -4.210000e+01 1.300000e+01 -1.800000e+01
      vertex   -4.210000e+01 1.176962e+01 -2.270000e+01
      vertex   -4.210000e+01 1.167426e+01 -2.257574e+01
    endloop
  endfacet
  facet normal -1.000000e+00 0.000000e+00 0.000000e+00
    outer loop
      vertex   -4.210000e+01 1.600000e+01 -9.000000e+00
      vertex   -4.210000e+01 1.750000e+01 -1.900000e+01
      vertex   -4.210000e+01 1.600000e+01 -1.800000e+01
    endloop
  endfacet
  facet normal -1.000000e+00 0.000000e+00 0.000000e+00
    outer loop
      vertex   -4.210000e+01 1.600000e+01 -1.800000e+01
      vertex   -4.210000e+01 1.750000e+01 -1.900000e+01
      vertex   -4.210000e+01 1.828933e+01 -2.348504e+01
    endloop
  endfacet
  facet normal -1.000000e+00 0.000000e+00 0.000000e+00
    outer loop
      vertex   -4.210000e+01 1.600000e+01 -1.800000e+01
      vertex   -4.210000e+01 1.828933e+01 -2.348504e+01
      vertex   -4.210000e+01 1.802887e+01 -2.432089e+01
    endloop
  endfacet
  facet normal -1.000000e+00 0.000000e+00 0.000000e+00
    outer loop
      vertex   -4.210000e+01 1.750000e+01 -1.900000e+01
      vertex   -4.210000e+01 1.600000e+01 -9.000000e+00
      vertex   -4.210000e+01 1.750000e+01 -7.000000e+00
    endloop
  endfacet
  facet normal -1.000000e+00 0.000000e+00 0.000000e+00
    outer loop
      vertex   -4.210000e+01 1.750000e+01 -7.000000e+00
      vertex   -4.210000e+01 1.600000e+01 -9.000000e+00
      vertex   -4.210000e+01 1.300000e+01 -9.000000e+00
    endloop
  endfacet
  facet normal -1.000000e+00 -0.000000e+00 0.000000e+00
    outer loop
      vertex   -4.210000e+01 1.750000e+01 -7.000000e+00
      vertex   -4.210000e+01 1.300000e+01 -9.000000e+00
      vertex   -4.210000e+01 5.000000e+00 -7.000000e+00
    endloop
  endfacet
  facet normal -1.000000e+00 0.000000e+00 0.000000e+00
    outer loop
      vertex   -4.210000e+01 4.000000e+00 -1.500000e+01
      vertex   -4.210000e+01 5.000000e+00 -1.500000e+01
      vertex   -4.210000e+01 4.000000e+00 -2.175000e+01
    endloop
  endfacet
  facet normal -1.000000e+00 -0.000000e+00 -0.000000e+00
    outer loop
      vertex   -4.210000e+01 1.850000e+01 -1.900000e+01
      vertex   -4.210000e+01 1.850000e+01 -2.175000e+01
      vertex   -4.210000e+01 1.750000e+01 -1.900000e+01
    endloop
  endfacet
  facet normal -1.000000e+00 0.000000e+00 0.000000e+00
    outer loop
      vertex   -4.210000e+01 1.750000e+01 -1.900000e+01
      vertex   -4.210000e+01 1.850000e+01 -2.175000e+01
      vertex   -4.210000e+01 1.844714e+01 -2.262389e+01
    endloop
  endfacet
  facet normal -1.000000e+00 0.000000e+00 0.000000e+00
    outer loop
      vertex   -4.210000e+01 1.750000e+01 -1.900000e+01
      vertex   -4.210000e+01 1.844714e+01 -2.262389e+01
      vertex   -4.210000e+01 1.828933e+01 -2.348504e+01
    endloop
  endfacet
  facet normal -1.000000e+00 -0.000000e+00 0.000000e+00
    outer loop
      vertex   -4.210000e+01 1.802887e+01 -2.432089e+01
      vertex   -4.210000e+01 1.766956e+01 -2.511924e+01
      vertex   -4.210000e+01 1.600000e+01 -1.800000e+01
    endloop
  endfacet
  facet normal -1.000000e+00 0.000000e+00 0.000000e+00
    outer loop
      vertex   -4.210000e+01 1.600000e+01 -1.800000e+01
      vertex   -4.210000e+01 1.766956e+01 -2.511924e+01
      vertex   -4.210000e+01 1.721663e+01 -2.586847e+01
    endloop
  endfacet
  facet normal -1.000000e+00 0.000000e+00 -0.000000e+00
    outer loop
      vertex   -4.210000e+01 1.600000e+01 -1.800000e+01
      vertex   -4.210000e+01 1.721663e+01 -2.586847e+01
      vertex   -4.210000e+01 1.185000e+01 -2.300000e+01
    endloop
  endfacet
  facet normal -1.000000e+00 0.000000e+00 0.000000e+00
    outer loop
      vertex   -4.210000e+01 1.185000e+01 -2.300000e+01
      vertex   -4.210000e+01 1.721663e+01 -2.586847e+01
      vertex   -4.210000e+01 1.667670e+01 -2.655764e+01
    endloop
  endfacet
  facet normal -1.000000e+00 0.000000e+00 0.000000e+00
    outer loop
      vertex   -4.210000e+01 1.185000e+01 -2.300000e+01
      vertex   -4.210000e+01 1.667670e+01 -2.655764e+01
      vertex   -4.210000e+01 1.605764e+01 -2.717670e+01
    endloop
  endfacet
  facet normal -1.000000e+00 -0.000000e+00 0.000000e+00
    outer loop
      vertex   -4.210000e+01 1.605764e+01 -2.717670e+01
      vertex   -4.210000e+01 1.536847e+01 -2.771663e+01
      vertex   -4.210000e+01 1.185000e+01 -2.300000e+01
    endloop
  endfacet
  facet normal -1.000000e+00 0.000000e+00 -0.000000e+00
    outer loop
      vertex   -4.210000e+01 1.185000e+01 -2.300000e+01
      vertex   -4.210000e+01 1.536847e+01 -2.771663e+01
      vertex   -4.210000e+01 1.182956e+01 -2.315529e+01
    endloop
  endfacet
  facet normal -1.000000e+00 0.000000e+00 0.000000e+00
    outer loop
      vertex   -4.210000e+01 1.182956e+01 -2.315529e+01
      vertex   -4.210000e+01 1.536847e+01 -2.771663e+01
      vertex   -4.210000e+01 1.461924e+01 -2.816956e+01
    endloop
  endfacet
  facet normal -1.000000e+00 0.000000e+00 -0.000000e+00
    outer loop
      vertex   -4.210000e+01 1.182956e+01 -2.315529e+01
      vertex   -4.210000e+01 1.461924e+01 -2.816956e+01
      vertex   -4.210000e+01 1.176962e+01 -2.330000e+01
    endloop
  endfacet
  facet normal -1.000000e+00 0.000000e+00 0.000000e+00
    outer loop
      vertex   -4.210000e+01 1.176962e+01 -2.330000e+01
      vertex   -4.210000e+01 1.461924e+01 -2.816956e+01
      vertex   -4.210000e+01 1.382089e+01 -2.852887e+01
    endloop
  endfacet
  facet normal -1.000000e+00 0.000000e+00 -0.000000e+00
    outer loop
      vertex   -4.210000e+01 1.176962e+01 -2.330000e+01
      vertex   -4.210000e+01 1.382089e+01 -2.852887e+01
      vertex   -4.210000e+01 1.167426e+01 -2.342426e+01
    endloop
  endfacet
  facet normal -1.000000e+00 0.000000e+00 0.000000e+00
    outer loop
      vertex   -4.210000e+01 1.167426e+01 -2.342426e+01
      vertex   -4.210000e+01 1.382089e+01 -2.852887e+01
      vertex   -4.210000e+01 1.298504e+01 -2.878933e+01
    endloop
  endfacet
  facet normal -1.000000e+00 0.000000e+00 -0.000000e+00
    outer loop
      vertex   -4.210000e+01 1.167426e+01 -2.342426e+01
      vertex   -4.210000e+01 1.298504e+01 -2.878933e+01
      vertex   -4.210000e+01 1.155000e+01 -2.351962e+01
    endloop
  endfacet
  facet normal -1.000000e+00 0.000000e+00 0.000000e+00
    outer loop
      vertex   -4.210000e+01 1.155000e+01 -2.351962e+01
      vertex   -4.210000e+01 1.298504e+01 -2.878933e+01
      vertex   -4.210000e+01 1.212389e+01 -2.894714e+01
    endloop
  endfacet
  facet normal -1.000000e+00 0.000000e+00 -0.000000e+00
    outer loop
      vertex   -4.210000e+01 1.155000e+01 -2.351962e+01
      vertex   -4.210000e+01 1.212389e+01 -2.894714e+01
      vertex   -4.210000e+01 1.140529e+01 -2.357956e+01
    endloop
  endfacet
  facet normal -1.000000e+00 0.000000e+00 -0.000000e+00
    outer loop
      vertex   -4.210000e+01 1.140529e+01 -2.357956e+01
      vertex   -4.210000e+01 1.212389e+01 -2.894714e+01
      vertex   -4.210000e+01 1.125000e+01 -2.900000e+01
    endloop
  endfacet
  facet normal -1.000000e+00 0.000000e+00 0.000000e+00
    outer loop
      vertex   -4.210000e+01 1.140529e+01 -2.242044e+01
      vertex   -4.210000e+01 1.125000e+01 -2.240000e+01
      vertex   -4.210000e+01 1.300000e+01 -1.800000e+01
    endloop
  endfacet
  facet normal -1.000000e+00 0.000000e+00 0.000000e+00
    outer loop
      vertex   -4.210000e+01 1.300000e+01 -1.800000e+01
      vertex   -4.210000e+01 1.125000e+01 -2.240000e+01
      vertex   -4.210000e+01 1.109471e+01 -2.242044e+01
    endloop
  endfacet
  facet normal -1.000000e+00 0.000000e+00 0.000000e+00
    outer loop
      vertex   -4.210000e+01 1.300000e+01 -1.800000e+01
      vertex   -4.210000e+01 1.109471e+01 -2.242044e+01
      vertex   -4.210000e+01 1.095000e+01 -2.248038e+01
    endloop
  endfacet
  facet normal -1.000000e+00 0.000000e+00 0.000000e+00
    outer loop
      vertex   -4.210000e+01 1.185000e+01 -2.300000e+01
      vertex   -4.210000e+01 1.182956e+01 -2.284471e+01
      vertex   -4.210000e+01 1.600000e+01 -1.800000e+01
    endloop
  endfacet
  facet normal -1.000000e+00 0.000000e+00 0.000000e+00
    outer loop
      vertex   -4.210000e+01 1.167426e+01 -2.257574e+01
      vertex   -4.210000e+01 1.155000e+01 -2.248038e+01
      vertex   -4.210000e+01 1.300000e+01 -1.800000e+01
    endloop
  endfacet
  facet normal -1.000000e+00 0.000000e+00 0.000000e+00
    outer loop
      vertex   -4.210000e+01 1.300000e+01 -1.800000e+01
      vertex   -4.210000e+01 1.155000e+01 -2.248038e+01
      vertex   -4.210000e+01 1.140529e+01 -2.242044e+01
    endloop
  endfacet
  facet normal 0.000000e+00 1.305262e-01 -9.914449e-01
    outer loop
      vertex   -4.110000e+01 1.109471e+01 -2.242044e+01
      vertex   -4.210000e+01 1.109471e+01 -2.242044e+01
      vertex   -4.110000e+01 1.125000e+01 -2.240000e+01
    endloop
  endfacet
  facet normal 0.000000e+00 1.305262e-01 -9.914449e-01
    outer loop
      vertex   -4.110000e+01 1.125000e+01 -2.240000e+01
      vertex   -4.210000e+01 1.109471e+01 -2.242044e+01
      vertex   -4.210000e+01 1.125000e+01 -2.240000e+01
    endloop
  endfacet
  facet normal -0.000000e+00 -1.305262e-01 -9.914449e-01
    outer loop
      vertex   -4.110000e+01 1.125000e+01 -2.240000e+01
      vertex   -4.210000e+01 1.125000e+01 -2.240000e+01
      vertex   -4.110000e+01 1.140529e+01 -2.242044e+01
    endloop
  endfacet
  facet normal -0.000000e+00 -1.305262e-01 -9.914449e-01
    outer loop
      vertex   -4.110000e+01 1.140529e+01 -2.242044e+01
      vertex   -4.210000e+01 1.125000e+01 -2.240000e+01
      vertex   -4.210000e+01 1.140529e+01 -2.242044e+01
    endloop
  endfacet
  facet normal -0.000000e+00 -3.826834e-01 -9.238795e-01
    outer loop
      vertex   -4.110000e+01 1.140529e+01 -2.242044e+01
      vertex   -4.210000e+01 1.140529e+01 -2.242044e+01
      vertex   -4.110000e+01 1.155000e+01 -2.248038e+01
    endloop
  endfacet
  facet normal -0.000000e+00 -3.826834e-01 -9.238795e-01
    outer loop
      vertex   -4.110000e+01 1.155000e+01 -2.248038e+01
      vertex   -4.210000e+01 1.140529e+01 -2.242044e+01
      vertex   -4.210000e+01 1.155000e+01 -2.248038e+01
    endloop
  endfacet
  facet normal -0.000000e+00 -6.087614e-01 -7.933533e-01
    outer loop
      vertex   -4.110000e+01 1.155000e+01 -2.248038e+01
      vertex   -4.210000e+01 1.155000e+01 -2.248038e+01
      vertex   -4.110000e+01 1.167426e+01 -2.257574e+01
    endloop
  endfacet
  facet normal -0.000000e+00 -6.087614e-01 -7.933533e-01
    outer loop
      vertex   -4.110000e+01 1.167426e+01 -2.257574e+01
      vertex   -4.210000e+01 1.155000e+01 -2.248038e+01
      vertex   -4.210000e+01 1.167426e+01 -2.257574e+01
    endloop
  endfacet
  facet normal -0.000000e+00 -7.933533e-01 -6.087614e-01
    outer loop
      vertex   -4.110000e+01 1.167426e+01 -2.257574e+01
      vertex   -4.210000e+01 1.167426e+01 -2.257574e+01
      vertex   -4.110000e+01 1.176962e+01 -2.270000e+01
    endloop
  endfacet
  facet normal 4.325510e-15 -7.933533e-01 -6.087614e-01
    outer loop
      vertex   -4.110000e+01 1.176962e+01 -2.270000e+01
      vertex   -4.210000e+01 1.167426e+01 -2.257574e+01
      vertex   -4.210000e+01 1.176962e+01 -2.270000e+01
    endloop
  endfacet
  facet normal 2.719129e-15 -9.238795e-01 -3.826834e-01
    outer loop
      vertex   -4.110000e+01 1.176962e+01 -2.270000e+01
      vertex   -4.210000e+01 1.176962e+01 -2.270000e+01
      vertex   -4.110000e+01 1.182956e+01 -2.284471e+01
    endloop
  endfacet
  facet normal -0.000000e+00 -9.238795e-01 -3.826834e-01
    outer loop
      vertex   -4.110000e+01 1.182956e+01 -2.284471e+01
      vertex   -4.210000e+01 1.176962e+01 -2.270000e+01
      vertex   -4.210000e+01 1.182956e+01 -2.284471e+01
    endloop
  endfacet
  facet normal -0.000000e+00 -9.914449e-01 -1.305262e-01
    outer loop
      vertex   -4.110000e+01 1.182956e+01 -2.284471e+01
      vertex   -4.210000e+01 1.182956e+01 -2.284471e+01
      vertex   -4.110000e+01 1.185000e+01 -2.300000e+01
    endloop
  endfacet
  facet normal -0.000000e+00 -9.914449e-01 -1.305262e-01
    outer loop
      vertex   -4.110000e+01 1.185000e+01 -2.300000e+01
      vertex   -4.210000e+01 1.182956e+01 -2.284471e+01
      vertex   -4.210000e+01 1.185000e+01 -2.300000e+01
    endloop
  endfacet
  facet normal 0.000000e+00 -9.914449e-01 1.305262e-01
    outer loop
      vertex   -4.110000e+01 1.185000e+01 -2.300000e+01
      vertex   -4.210000e+01 1.185000e+01 -2.300000e+01
      vertex   -4.110000e+01 1.182956e+01 -2.315529e+01
    endloop
  endfacet
  facet normal 0.000000e+00 -9.914449e-01 1.305262e-01
    outer loop
      vertex   -4.110000e+01 1.182956e+01 -2.315529e+01
      vertex   -4.210000e+01 1.185000e+01 -2.300000e+01
      vertex   -4.210000e+01 1.182956e+01 -2.315529e+01
    endloop
  endfacet
  facet normal 0.000000e+00 -9.238795e-01 3.826834e-01
    outer loop
      vertex   -4.110000e+01 1.182956e+01 -2.315529e+01
      vertex   -4.210000e+01 1.182956e+01 -2.315529e+01
      vertex   -4.110000e+01 1.176962e+01 -2.330000e+01
    endloop
  endfacet
  facet normal -1.359565e-15 -9.238795e-01 3.826834e-01
    outer loop
      vertex   -4.110000e+01 1.176962e+01 -2.330000e+01
      vertex   -4.210000e+01 1.182956e+01 -2.315529e+01
      vertex   -4.210000e+01 1.176962e+01 -2.330000e+01
    endloop
  endfacet
  facet normal -2.162755e-15 -7.933533e-01 6.087614e-01
    outer loop
      vertex   -4.110000e+01 1.176962e+01 -2.330000e+01
      vertex   -4.210000e+01 1.176962e+01 -2.330000e+01
      vertex   -4.110000e+01 1.167426e+01 -2.342426e+01
    endloop
  endfacet
  facet normal 0.000000e+00 -7.933533e-01 6.087614e-01
    outer loop
      vertex   -4.110000e+01 1.167426e+01 -2.342426e+01
      vertex   -4.210000e+01 1.176962e+01 -2.330000e+01
      vertex   -4.210000e+01 1.167426e+01 -2.342426e+01
    endloop
  endfacet
  facet normal 0.000000e+00 -6.087614e-01 7.933533e-01
    outer loop
      vertex   -4.110000e+01 1.167426e+01 -2.342426e+01
      vertex   -4.210000e+01 1.167426e+01 -2.342426e+01
      vertex   -4.110000e+01 1.155000e+01 -2.351962e+01
    endloop
  endfacet
  facet normal 0.000000e+00 -6.087614e-01 7.933533e-01
    outer loop
      vertex   -4.110000e+01 1.155000e+01 -2.351962e+01
      vertex   -4.210000e+01 1.167426e+01 -2.342426e+01
      vertex   -4.210000e+01 1.155000e+01 -2.351962e+01
    endloop
  endfacet
  facet normal 0.000000e+00 -3.826834e-01 9.238795e-01
    outer loop
      vertex   -4.110000e+01 1.155000e+01 -2.351962e+01
      vertex   -4.210000e+01 1.155000e+01 -2.351962e+01
      vertex   -4.110000e+01 1.140529e+01 -2.357956e+01
    endloop
  endfacet
  facet normal 0.000000e+00 -3.826834e-01 9.238795e-01
    outer loop
      vertex   -4.110000e+01 1.140529e+01 -2.357956e+01
      vertex   -4.210000e+01 1.155000e+01 -2.351962e+01
      vertex   -4.210000e+01 1.140529e+01 -2.357956e+01
    endloop
  endfacet
  facet normal 0.000000e+00 -1.305262e-01 9.914449e-01
    outer loop
      vertex   -4.110000e+01 1.140529e+01 -2.357956e+01
      vertex   -4.210000e+01 1.140529e+01 -2.357956e+01
      vertex   -4.110000e+01 1.125000e+01 -2.360000e+01
    endloop
  endfacet
  facet normal 0.000000e+00 -1.305262e-01 9.914449e-01
    outer loop
      vertex   -4.110000e+01 1.125000e+01 -2.360000e+01
      vertex   -4.210000e+01 1.140529e+01 -2.357956e+01
      vertex   -4.210000e+01 1.125000e+01 -2.360000e+01
    endloop
  endfacet
  facet normal 0.000000e+00 1.305262e-01 9.914449e-01
    outer loop
      vertex   -4.110000e+01 1.125000e+01 -2.360000e+01
      vertex   -4.210000e+01 1.125000e+01 -2.360000e+01
      vertex   -4.110000e+01 1.109471e+01 -2.357956e+01
    endloop
  endfacet
  facet normal 0.000000e+00 1.305262e-01 9.914449e-01
    outer loop
      vertex   -4.110000e+01 1.109471e+01 -2.357956e+01
      vertex   -4.210000e+01 1.125000e+01 -2.360000e+01
      vertex   -4.210000e+01 1.109471e+01 -2.357956e+01
    endloop
  endfacet
  facet normal 0.000000e+00 3.826834e-01 9.238795e-01
    outer loop
      vertex   -4.110000e+01 1.109471e+01 -2.357956e+01
      vertex   -4.210000e+01 1.109471e+01 -2.357956e+01
      vertex   -4.110000e+01 1.095000e+01 -2.351962e+01
    endloop
  endfacet
  facet normal 0.000000e+00 3.826834e-01 9.238795e-01
    outer loop
      vertex   -4.110000e+01 1.095000e+01 -2.351962e+01
      vertex   -4.210000e+01 1.109471e+01 -2.357956e+01
      vertex   -4.210000e+01 1.095000e+01 -2.351962e+01
    endloop
  endfacet
  facet normal 0.000000e+00 6.087614e-01 7.933533e-01
    outer loop
      vertex   -4.110000e+01 1.095000e+01 -2.351962e+01
      vertex   -4.210000e+01 1.095000e+01 -2.351962e+01
      vertex   -4.110000e+01 1.082574e+01 -2.342426e+01
    endloop
  endfacet
  facet normal 0.000000e+00 6.087614e-01 7.933533e-01
    outer loop
      vertex   -4.110000e+01 1.082574e+01 -2.342426e+01
      vertex   -4.210000e+01 1.095000e+01 -2.351962e+01
      vertex   -4.210000e+01 1.082574e+01 -2.342426e+01
    endloop
  endfacet
  facet normal 0.000000e+00 7.933533e-01 6.087614e-01
    outer loop
      vertex   -4.110000e+01 1.082574e+01 -2.342426e+01
      vertex   -4.210000e+01 1.082574e+01 -2.342426e+01
      vertex   -4.110000e+01 1.073038e+01 -2.330000e+01
    endloop
  endfacet
  facet normal 2.162755e-15 7.933533e-01 6.087614e-01
    outer loop
      vertex   -4.110000e+01 1.073038e+01 -2.330000e+01
      vertex   -4.210000e+01 1.082574e+01 -2.342426e+01
      vertex   -4.210000e+01 1.073038e+01 -2.330000e+01
    endloop
  endfacet
  facet normal 1.359565e-15 9.238795e-01 3.826834e-01
    outer loop
      vertex   -4.110000e+01 1.073038e+01 -2.330000e+01
      vertex   -4.210000e+01 1.073038e+01 -2.330000e+01
      vertex   -4.110000e+01 1.067044e+01 -2.315529e+01
    endloop
  endfacet
  facet normal 0.000000e+00 9.238795e-01 3.826834e-01
    outer loop
      vertex   -4.110000e+01 1.067044e+01 -2.315529e+01
      vertex   -4.210000e+01 1.073038e+01 -2.330000e+01
      vertex   -4.210000e+01 1.067044e+01 -2.315529e+01
    endloop
  endfacet
  facet normal 0.000000e+00 9.914449e-01 1.305262e-01
    outer loop
      vertex   -4.110000e+01 1.067044e+01 -2.315529e+01
      vertex   -4.210000e+01 1.067044e+01 -2.315529e+01
      vertex   -4.110000e+01 1.065000e+01 -2.300000e+01
    endloop
  endfacet
  facet normal 0.000000e+00 9.914449e-01 1.305262e-01
    outer loop
      vertex   -4.110000e+01 1.065000e+01 -2.300000e+01
      vertex   -4.210000e+01 1.067044e+01 -2.315529e+01
      vertex   -4.210000e+01 1.065000e+01 -2.300000e+01
    endloop
  endfacet
  facet normal 0.000000e+00 9.914449e-01 -1.305262e-01
    outer loop
      vertex   -4.110000e+01 1.065000e+01 -2.300000e+01
      vertex   -4.210000e+01 1.065000e+01 -2.300000e+01
      vertex   -4.110000e+01 1.067044e+01 -2.284471e+01
    endloop
  endfacet
  facet normal 0.000000e+00 9.914449e-01 -1.305262e-01
    outer loop
      vertex   -4.110000e+01 1.067044e+01 -2.284471e+01
      vertex   -4.210000e+01 1.065000e+01 -2.300000e+01
      vertex   -4.210000e+01 1.067044e+01 -2.284471e+01
    endloop
  endfacet
  facet normal 0.000000e+00 9.238795e-01 -3.826834e-01
    outer loop
      vertex   -4.110000e+01 1.067044e+01 -2.284471e+01
      vertex   -4.210000e+01 1.067044e+01 -2.284471e+01
      vertex   -4.110000e+01 1.073038e+01 -2.270000e+01
    endloop
  endfacet
  facet normal -2.719129e-15 9.238795e-01 -3.826834e-01
    outer loop
      vertex   -4.110000e+01 1.073038e+01 -2.270000e+01
      vertex   -4.210000e+01 1.067044e+01 -2.284471e+01
      vertex   -4.210000e+01 1.073038e+01 -2.270000e+01
    endloop
  endfacet
  facet normal -4.325510e-15 7.933533e-01 -6.087614e-01
    outer loop
      vertex   -4.110000e+01 1.073038e+01 -2.270000e+01
      vertex   -4.210000e+01 1.073038e+01 -2.270000e+01
      vertex   -4.110000e+01 1.082574e+01 -2.257574e+01
    endloop
  endfacet
  facet normal 0.000000e+00 7.933533e-01 -6.087614e-01
    outer loop
      vertex   -4.110000e+01 1.082574e+01 -2.257574e+01
      vertex   -4.210000e+01 1.073038e+01 -2.270000e+01
      vertex   -4.210000e+01 1.082574e+01 -2.257574e+01
    endloop
  endfacet
  facet normal 0.000000e+00 6.087614e-01 -7.933533e-01
    outer loop
      vertex   -4.110000e+01 1.082574e+01 -2.257574e+01
      vertex   -4.210000e+01 1.082574e+01 -2.257574e+01
      vertex   -4.110000e+01 1.095000e+01 -2.248038e+01
    endloop
  endfacet
  facet normal 0.000000e+00 6.087614e-01 -7.933533e-01
    outer loop
      vertex   -4.110000e+01 1.095000e+01 -2.248038e+01
      vertex   -4.210000e+01 1.082574e+01 -2.257574e+01
      vertex   -4.210000e+01 1.095000e+01 -2.248038e+01
    endloop
  endfacet
  facet normal 0.000000e+00 3.826834e-01 -9.238795e-01
    outer loop
      vertex   -4.110000e+01 1.095000e+01 -2.248038e+01
      vertex   -4.210000e+01 1.095000e+01 -2.248038e+01
      vertex   -4.110000e+01 1.109471e+01 -2.242044e+01
    endloop
  endfacet
  facet normal 0.000000e+00 3.826834e-01 -9.238795e-01
    outer loop
      vertex   -4.110000e+01 1.109471e+01 -2.242044e+01
      vertex   -4.210000e+01 1.095000e+01 -2.248038e+01
      vertex   -4.210000e+01 1.109471e+01 -2.242044e+01
    endloop
  endfacet
  facet normal 1.288467e-15 -0.000000e+00 1.000000e+00
    outer loop
      vertex   -4.247866e+01 4.000000e+00 -6.000000e+00
      vertex   -4.110000e+01 4.000000e+00 -6.000000e+00
      vertex   -4.247866e+01 1.850000e+01 -6.000000e+00
    endloop
  endfacet
  facet normal 1.288467e-15 0.000000e+00 1.000000e+00
    outer loop
      vertex   -4.247866e+01 1.850000e+01 -6.000000e+00
      vertex   -4.110000e+01 4.000000e+00 -6.000000e+00
      vertex   -4.110000e+01 1.850000e+01 -6.000000e+00
    endloop
  endfacet
  facet normal -0.000000e+00 -9.981756e-01 -6.037850e-02
    outer loop
      vertex   -4.110000e+01 4.000000e+00 -2.175000e+01
      vertex   -4.210000e+01 4.000000e+00 -2.175000e+01
      vertex   -4.110000e+01 4.052861e+00 -2.262389e+01
    endloop
  endfacet
  facet normal -4.290150e-16 -9.981756e-01 -6.037850e-02
    outer loop
      vertex   -4.110000e+01 4.052861e+00 -2.262389e+01
      vertex   -4.210000e+01 4.000000e+00 -2.175000e+01
      vertex   -4.210000e+01 4.052861e+00 -2.262389e+01
    endloop
  endfacet
  facet normal -1.280789e-15 -9.836199e-01 -1.802550e-01
    outer loop
      vertex   -4.110000e+01 4.052861e+00 -2.262389e+01
      vertex   -4.210000e+01 4.052861e+00 -2.262389e+01
      vertex   -4.110000e+01 4.210672e+00 -2.348504e+01
    endloop
  endfacet
  facet normal -0.000000e+00 -9.836199e-01 -1.802550e-01
    outer loop
      vertex   -4.110000e+01 4.210672e+00 -2.348504e+01
      vertex   -4.210000e+01 4.052861e+00 -2.262389e+01
      vertex   -4.210000e+01 4.210672e+00 -2.348504e+01
    endloop
  endfacet
  facet normal -0.000000e+00 -9.547209e-01 -2.975031e-01
    outer loop
      vertex   -4.110000e+01 4.210672e+00 -2.348504e+01
      vertex   -4.210000e+01 4.210672e+00 -2.348504e+01
      vertex   -4.110000e+01 4.471132e+00 -2.432089e+01
    endloop
  endfacet
  facet normal 2.113886e-15 -9.547209e-01 -2.975031e-01
    outer loop
      vertex   -4.110000e+01 4.471132e+00 -2.432089e+01
      vertex   -4.210000e+01 4.210672e+00 -2.348504e+01
      vertex   -4.210000e+01 4.471132e+00 -2.432089e+01
    endloop
  endfacet
  facet normal 2.916158e-15 -9.118998e-01 -4.104128e-01
    outer loop
      vertex   -4.110000e+01 4.471132e+00 -2.432089e+01
      vertex   -4.210000e+01 4.471132e+00 -2.432089e+01
      vertex   -4.110000e+01 4.830444e+00 -2.511924e+01
    endloop
  endfacet
  facet normal -0.000000e+00 -9.118998e-01 -4.104128e-01
    outer loop
      vertex   -4.110000e+01 4.830444e+00 -2.511924e+01
      vertex   -4.210000e+01 4.471132e+00 -2.432089e+01
      vertex   -4.210000e+01 4.830444e+00 -2.511924e+01
    endloop
  endfacet
  facet normal -0.000000e+00 -8.557813e-01 -5.173378e-01
    outer loop
      vertex   -4.110000e+01 4.830444e+00 -2.511924e+01
      vertex   -4.210000e+01 4.830444e+00 -2.511924e+01
      vertex   -4.110000e+01 5.283367e+00 -2.586847e+01
    endloop
  endfacet
  facet normal 1.520173e-15 -8.557813e-01 -5.173378e-01
    outer loop
      vertex   -4.110000e+01 5.283367e+00 -2.586847e+01
      vertex   -4.210000e+01 4.830444e+00 -2.511924e+01
      vertex   -4.210000e+01 5.283367e+00 -2.586847e+01
    endloop
  endfacet
  facet normal 1.398319e-15 -7.871835e-01 -6.167189e-01
    outer loop
      vertex   -4.110000e+01 5.283367e+00 -2.586847e+01
      vertex   -4.210000e+01 5.283367e+00 -2.586847e+01
      vertex   -4.110000e+01 5.823297e+00 -2.655764e+01
    endloop
  endfacet
  facet normal -0.000000e+00 -7.871835e-01 -6.167189e-01
    outer loop
      vertex   -4.110000e+01 5.823297e+00 -2.655764e+01
      vertex   -4.210000e+01 5.283367e+00 -2.586847e+01
      vertex   -4.210000e+01 5.823297e+00 -2.655764e+01
    endloop
  endfacet
  facet normal -0.000000e+00 -7.071068e-01 -7.071068e-01
    outer loop
      vertex   -4.110000e+01 5.823297e+00 -2.655764e+01
      vertex   -4.210000e+01 5.823297e+00 -2.655764e+01
      vertex   -4.110000e+01 6.442361e+00 -2.717670e+01
    endloop
  endfacet
  facet normal -6.280370e-16 -7.071068e-01 -7.071068e-01
    outer loop
      vertex   -4.110000e+01 6.442361e+00 -2.717670e+01
      vertex   -4.210000e+01 5.823297e+00 -2.655764e+01
      vertex   -4.210000e+01 6.442361e+00 -2.717670e+01
    endloop
  endfacet
  facet normal -5.477564e-16 -6.167189e-01 -7.871835e-01
    outer loop
      vertex   -4.110000e+01 6.442361e+00 -2.717670e+01
      vertex   -4.210000e+01 6.442361e+00 -2.717670e+01
      vertex   -4.110000e+01 7.131531e+00 -2.771663e+01
    endloop
  endfacet
  facet normal -0.000000e+00 -6.167189e-01 -7.871835e-01
    outer loop
      vertex   -4.110000e+01 7.131531e+00 -2.771663e+01
      vertex   -4.210000e+01 6.442361e+00 -2.717670e+01
      vertex   -4.210000e+01 7.131531e+00 -2.771663e+01
    endloop
  endfacet
  facet normal -0.000000e+00 -5.173378e-01 -8.557813e-01
    outer loop
      vertex   -4.110000e+01 7.131531e+00 -2.771663e+01
      vertex   -4.210000e+01 7.131531e+00 -2.771663e+01
      vertex   -4.110000e+01 7.880757e+00 -2.816956e+01
    endloop
  endfacet
  facet normal -5.161715e-15 -5.173378e-01 -8.557813e-01
    outer loop
      vertex   -4.110000e+01 7.880757e+00 -2.816956e+01
      vertex   -4.210000e+01 7.131531e+00 -2.771663e+01
      vertex   -4.210000e+01 7.880757e+00 -2.816956e+01
    endloop
  endfacet
  facet normal -5.750399e-15 -4.104128e-01 -9.118998e-01
    outer loop
      vertex   -4.110000e+01 7.880757e+00 -2.816956e+01
      vertex   -4.210000e+01 7.880757e+00 -2.816956e+01
      vertex   -4.110000e+01 8.679115e+00 -2.852887e+01
    endloop
  endfacet
  facet normal -0.000000e+00 -4.104128e-01 -9.118998e-01
    outer loop
      vertex   -4.110000e+01 8.679115e+00 -2.852887e+01
      vertex   -4.210000e+01 7.880757e+00 -2.816956e+01
      vertex   -4.210000e+01 8.679115e+00 -2.852887e+01
    endloop
  endfacet
  facet normal -0.000000e+00 -2.975031e-01 -9.547209e-01
    outer loop
      vertex   -4.110000e+01 8.679115e+00 -2.852887e+01
      vertex   -4.210000e+01 8.679115e+00 -2.852887e+01
      vertex   -4.110000e+01 9.514961e+00 -2.878933e+01
    endloop
  endfacet
  facet normal -0.000000e+00 -2.975031e-01 -9.547209e-01
    outer loop
      vertex   -4.110000e+01 9.514961e+00 -2.878933e+01
      vertex   -4.210000e+01 8.679115e+00 -2.852887e+01
      vertex   -4.210000e+01 9.514961e+00 -2.878933e+01
    endloop
  endfacet
  facet normal -0.000000e+00 -1.802550e-01 -9.836199e-01
    outer loop
      vertex   -4.110000e+01 9.514961e+00 -2.878933e+01
      vertex   -4.210000e+01 9.514961e+00 -2.878933e+01
      vertex   -4.110000e+01 1.037611e+01 -2.894714e+01
    endloop
  endfacet
  facet normal -0.000000e+00 -1.802550e-01 -9.836199e-01
    outer loop
      vertex   -4.110000e+01 1.037611e+01 -2.894714e+01
      vertex   -4.210000e+01 9.514961e+00 -2.878933e+01
      vertex   -4.210000e+01 1.037611e+01 -2.894714e+01
    endloop
  endfacet
  facet normal -0.000000e+00 -6.037850e-02 -9.981756e-01
    outer loop
      vertex   -4.110000e+01 1.037611e+01 -2.894714e+01
      vertex   -4.210000e+01 1.037611e+01 -2.894714e+01
      vertex   -4.110000e+01 1.125000e+01 -2.900000e+01
    endloop
  endfacet
  facet normal -0.000000e+00 -6.037850e-02 -9.981756e-01
    outer loop
      vertex   -4.110000e+01 1.125000e+01 -2.900000e+01
      vertex   -4.210000e+01 1.037611e+01 -2.894714e+01
      vertex   -4.210000e+01 1.125000e+01 -2.900000e+01
    endloop
  endfacet
  facet normal 0.000000e+00 6.037850e-02 -9.981756e-01
    outer loop
      vertex   -4.110000e+01 1.125000e+01 -2.900000e+01
      vertex   -4.210000e+01 1.125000e+01 -2.900000e+01
      vertex   -4.110000e+01 1.212389e+01 -2.894714e+01
    endloop
  endfacet
  facet normal 0.000000e+00 6.037850e-02 -9.981756e-01
    outer loop
      vertex   -4.110000e+01 1.212389e+01 -2.894714e+01
      vertex   -4.210000e+01 1.125000e+01 -2.900000e+01
      vertex   -4.210000e+01 1.212389e+01 -2.894714e+01
    endloop
  endfacet
  facet normal 0.000000e+00 1.802550e-01 -9.836199e-01
    outer loop
      vertex   -4.110000e+01 1.212389e+01 -2.894714e+01
      vertex   -4.210000e+01 1.212389e+01 -2.894714e+01
      vertex   -4.110000e+01 1.298504e+01 -2.878933e+01
    endloop
  endfacet
  facet normal 0.000000e+00 1.802550e-01 -9.836199e-01
    outer loop
      vertex   -4.110000e+01 1.298504e+01 -2.878933e+01
      vertex   -4.210000e+01 1.212389e+01 -2.894714e+01
      vertex   -4.210000e+01 1.298504e+01 -2.878933e+01
    endloop
  endfacet
  facet normal 0.000000e+00 2.975031e-01 -9.547209e-01
    outer loop
      vertex   -4.110000e+01 1.298504e+01 -2.878933e+01
      vertex   -4.210000e+01 1.298504e+01 -2.878933e+01
      vertex   -4.110000e+01 1.382089e+01 -2.852887e+01
    endloop
  endfacet
  facet normal 0.000000e+00 2.975031e-01 -9.547209e-01
    outer loop
      vertex   -4.110000e+01 1.382089e+01 -2.852887e+01
      vertex   -4.210000e+01 1.298504e+01 -2.878933e+01
      vertex   -4.210000e+01 1.382089e+01 -2.852887e+01
    endloop
  endfacet
  facet normal 0.000000e+00 4.104128e-01 -9.118998e-01
    outer loop
      vertex   -4.110000e+01 1.382089e+01 -2.852887e+01
      vertex   -4.210000e+01 1.382089e+01 -2.852887e+01
      vertex   -4.110000e+01 1.461924e+01 -2.816956e+01
    endloop
  endfacet
  facet normal 0.000000e+00 4.104128e-01 -9.118998e-01
    outer loop
      vertex   -4.110000e+01 1.461924e+01 -2.816956e+01
      vertex   -4.210000e+01 1.382089e+01 -2.852887e+01
      vertex   -4.210000e+01 1.461924e+01 -2.816956e+01
    endloop
  endfacet
  facet normal 0.000000e+00 5.173378e-01 -8.557813e-01
    outer loop
      vertex   -4.110000e+01 1.461924e+01 -2.816956e+01
      vertex   -4.210000e+01 1.461924e+01 -2.816956e+01
      vertex   -4.110000e+01 1.536847e+01 -2.771663e+01
    endloop
  endfacet
  facet normal 0.000000e+00 5.173378e-01 -8.557813e-01
    outer loop
      vertex   -4.110000e+01 1.536847e+01 -2.771663e+01
      vertex   -4.210000e+01 1.461924e+01 -2.816956e+01
      vertex   -4.210000e+01 1.536847e+01 -2.771663e+01
    endloop
  endfacet
  facet normal 0.000000e+00 6.167189e-01 -7.871835e-01
    outer loop
      vertex   -4.110000e+01 1.536847e+01 -2.771663e+01
      vertex   -4.210000e+01 1.536847e+01 -2.771663e+01
      vertex   -4.110000e+01 1.605764e+01 -2.717670e+01
    endloop
  endfacet
  facet normal 0.000000e+00 6.167189e-01 -7.871835e-01
    outer loop
      vertex   -4.110000e+01 1.605764e+01 -2.717670e+01
      vertex   -4.210000e+01 1.536847e+01 -2.771663e+01
      vertex   -4.210000e+01 1.605764e+01 -2.717670e+01
    endloop
  endfacet
  facet normal 0.000000e+00 7.071068e-01 -7.071068e-01
    outer loop
      vertex   -4.110000e+01 1.605764e+01 -2.717670e+01
      vertex   -4.210000e+01 1.605764e+01 -2.717670e+01
      vertex   -4.110000e+01 1.667670e+01 -2.655764e+01
    endloop
  endfacet
  facet normal 0.000000e+00 7.071068e-01 -7.071068e-01
    outer loop
      vertex   -4.110000e+01 1.667670e+01 -2.655764e+01
      vertex   -4.210000e+01 1.605764e+01 -2.717670e+01
      vertex   -4.210000e+01 1.667670e+01 -2.655764e+01
    endloop
  endfacet
  facet normal 0.000000e+00 7.871835e-01 -6.167189e-01
    outer loop
      vertex   -4.110000e+01 1.667670e+01 -2.655764e+01
      vertex   -4.210000e+01 1.667670e+01 -2.655764e+01
      vertex   -4.110000e+01 1.721663e+01 -2.586847e+01
    endloop
  endfacet
  facet normal 0.000000e+00 7.871835e-01 -6.167189e-01
    outer loop
      vertex   -4.110000e+01 1.721663e+01 -2.586847e+01
      vertex   -4.210000e+01 1.667670e+01 -2.655764e+01
      vertex   -4.210000e+01 1.721663e+01 -2.586847e+01
    endloop
  endfacet
  facet normal 0.000000e+00 8.557813e-01 -5.173378e-01
    outer loop
      vertex   -4.110000e+01 1.721663e+01 -2.586847e+01
      vertex   -4.210000e+01 1.721663e+01 -2.586847e+01
      vertex   -4.110000e+01 1.766956e+01 -2.511924e+01
    endloop
  endfacet
  facet normal 0.000000e+00 8.557813e-01 -5.173378e-01
    outer loop
      vertex   -4.110000e+01 1.766956e+01 -2.511924e+01
      vertex   -4.210000e+01 1.721663e+01 -2.586847e+01
      vertex   -4.210000e+01 1.766956e+01 -2.511924e+01
    endloop
  endfacet
  facet normal 0.000000e+00 9.118998e-01 -4.104128e-01
    outer loop
      vertex   -4.110000e+01 1.766956e+01 -2.511924e+01
      vertex   -4.210000e+01 1.766956e+01 -2.511924e+01
      vertex   -4.110000e+01 1.802887e+01 -2.432089e+01
    endloop
  endfacet
  facet normal 0.000000e+00 9.118998e-01 -4.104128e-01
    outer loop
      vertex   -4.110000e+01 1.802887e+01 -2.432089e+01
      vertex   -4.210000e+01 1.766956e+01 -2.511924e+01
      vertex   -4.210000e+01 1.802887e+01 -2.432089e+01
    endloop
  endfacet
  facet normal 0.000000e+00 9.547209e-01 -2.975031e-01
    outer loop
      vertex   -4.110000e+01 1.802887e+01 -2.432089e+01
      vertex   -4.210000e+01 1.802887e+01 -2.432089e+01
      vertex   -4.110000e+01 1.828933e+01 -2.348504e+01
    endloop
  endfacet
  facet normal 0.000000e+00 9.547209e-01 -2.975031e-01
    outer loop
      vertex   -4.110000e+01 1.828933e+01 -2.348504e+01
      vertex   -4.210000e+01 1.802887e+01 -2.432089e+01
      vertex   -4.210000e+01 1.828933e+01 -2.348504e+01
    endloop
  endfacet
  facet normal 0.000000e+00 9.836199e-01 -1.802550e-01
    outer loop
      vertex   -4.110000e+01 1.828933e+01 -2.348504e+01
      vertex   -4.210000e+01 1.828933e+01 -2.348504e+01
      vertex   -4.110000e+01 1.844714e+01 -2.262389e+01
    endloop
  endfacet
  facet normal 0.000000e+00 9.836199e-01 -1.802550e-01
    outer loop
      vertex   -4.110000e+01 1.844714e+01 -2.262389e+01
      vertex   -4.210000e+01 1.828933e+01 -2.348504e+01
      vertex   -4.210000e+01 1.844714e+01 -2.262389e+01
    endloop
  endfacet
  facet normal 0.000000e+00 9.981756e-01 -6.037850e-02
    outer loop
      vertex   -4.110000e+01 1.844714e+01 -2.262389e+01
      vertex   -4.210000e+01 1.844714e+01 -2.262389e+01
      vertex   -4.110000e+01 1.850000e+01 -2.175000e+01
    endloop
  endfacet
  facet normal 0.000000e+00 9.981756e-01 -6.037850e-02
    outer loop
      vertex   -4.110000e+01 1.850000e+01 -2.175000e+01
      vertex   -4.210000e+01 1.844714e+01 -2.262389e+01
      vertex   -4.210000e+01 1.850000e+01 -2.175000e+01
    endloop
  endfacet
  facet normal 1.000000e+00 0.000000e+00 0.000000e+00
    outer loop
      vertex   -4.110000e+01 1.109898e+01 -1.282149e+01
      vertex   -4.110000e+01 1.125428e+01 -1.280104e+01
      vertex   -4.110000e+01 1.300000e+01 -9.000000e+00
    endloop
  endfacet
  facet normal 1.000000e+00 0.000000e+00 0.000000e+00
    outer loop
      vertex   -4.110000e+01 1.300000e+01 -9.000000e+00
      vertex   -4.110000e+01 1.125428e+01 -1.280104e+01
      vertex   -4.110000e+01 1.140957e+01 -1.282149e+01
    endloop
  endfacet
  facet normal 1.000000e+00 0.000000e+00 0.000000e+00
    outer loop
      vertex   -4.110000e+01 1.300000e+01 -9.000000e+00
      vertex   -4.110000e+01 1.140957e+01 -1.282149e+01
      vertex   -4.110000e+01 1.155428e+01 -1.288143e+01
    endloop
  endfacet
  facet normal 1.000000e+00 -0.000000e+00 0.000000e+00
    outer loop
      vertex   -4.110000e+01 1.155428e+01 -1.288143e+01
      vertex   -4.110000e+01 1.167854e+01 -1.297678e+01
      vertex   -4.110000e+01 1.300000e+01 -9.000000e+00
    endloop
  endfacet
  facet normal 1.000000e+00 0.000000e+00 0.000000e+00
    outer loop
      vertex   -4.110000e+01 1.300000e+01 -9.000000e+00
      vertex   -4.110000e+01 1.167854e+01 -1.297678e+01
      vertex   -4.110000e+01 1.177389e+01 -1.310104e+01
    endloop
  endfacet
  facet normal 1.000000e+00 0.000000e+00 0.000000e+00
    outer loop
      vertex   -4.110000e+01 1.300000e+01 -9.000000e+00
      vertex   -4.110000e+01 1.177389e+01 -1.310104e+01
      vertex   -4.110000e+01 1.183383e+01 -1.324575e+01
    endloop
  endfacet
  facet normal 1.000000e+00 -0.000000e+00 0.000000e+00
    outer loop
      vertex   -4.110000e+01 1.183383e+01 -1.324575e+01
      vertex   -4.110000e+01 1.185428e+01 -1.340104e+01
      vertex   -4.110000e+01 1.300000e+01 -9.000000e+00
    endloop
  endfacet
  facet normal 1.000000e+00 0.000000e+00 0.000000e+00
    outer loop
      vertex   -4.110000e+01 1.300000e+01 -9.000000e+00
      vertex   -4.110000e+01 1.185428e+01 -1.340104e+01
      vertex   -4.110000e+01 1.300000e+01 -1.800000e+01
    endloop
  endfacet
  facet normal 1.000000e+00 0.000000e+00 0.000000e+00
    outer loop
      vertex   -4.110000e+01 1.300000e+01 -1.800000e+01
      vertex   -4.110000e+01 1.185428e+01 -1.340104e+01
      vertex   -4.110000e+01 1.183383e+01 -1.355633e+01
    endloop
  endfacet
  facet normal 1.000000e+00 0.000000e+00 0.000000e+00
    outer loop
      vertex   -4.110000e+01 1.300000e+01 -1.800000e+01
      vertex   -4.110000e+01 1.183383e+01 -1.355633e+01
      vertex   -4.110000e+01 1.177389e+01 -1.370104e+01
    endloop
  endfacet
  facet normal 1.000000e+00 0.000000e+00 0.000000e+00
    outer loop
      vertex   -4.110000e+01 1.177389e+01 -1.370104e+01
      vertex   -4.110000e+01 1.167854e+01 -1.382531e+01
      vertex   -4.110000e+01 1.300000e+01 -1.800000e+01
    endloop
  endfacet
  facet normal 1.000000e+00 0.000000e+00 0.000000e+00
    outer loop
      vertex   -4.110000e+01 1.300000e+01 -1.800000e+01
      vertex   -4.110000e+01 1.167854e+01 -1.382531e+01
      vertex   -4.110000e+01 1.155428e+01 -1.392066e+01
    endloop
  endfacet
  facet normal 1.000000e+00 0.000000e+00 0.000000e+00
    outer loop
      vertex   -4.110000e+01 1.300000e+01 -1.800000e+01
      vertex   -4.110000e+01 1.155428e+01 -1.392066e+01
      vertex   -4.110000e+01 1.140957e+01 -1.398060e+01
    endloop
  endfacet
  facet normal 1.000000e+00 0.000000e+00 0.000000e+00
    outer loop
      vertex   -4.110000e+01 1.140957e+01 -1.398060e+01
      vertex   -4.110000e+01 1.125428e+01 -1.400104e+01
      vertex   -4.110000e+01 1.300000e+01 -1.800000e+01
    endloop
  endfacet
  facet normal 1.000000e+00 0.000000e+00 0.000000e+00
    outer loop
      vertex   -4.110000e+01 1.300000e+01 -1.800000e+01
      vertex   -4.110000e+01 1.125428e+01 -1.400104e+01
      vertex   -4.110000e+01 1.109898e+01 -1.398060e+01
    endloop
  endfacet
  facet normal 1.000000e+00 0.000000e+00 0.000000e+00
    outer loop
      vertex   -4.110000e+01 1.300000e+01 -1.800000e+01
      vertex   -4.110000e+01 1.109898e+01 -1.398060e+01
      vertex   -4.110000e+01 1.095428e+01 -1.392066e+01
    endloop
  endfacet
  facet normal 1.000000e+00 0.000000e+00 0.000000e+00
    outer loop
      vertex   -4.110000e+01 1.300000e+01 -1.800000e+01
      vertex   -4.110000e+01 1.095428e+01 -1.392066e+01
      vertex   -4.110000e+01 1.095000e+01 -2.248038e+01
    endloop
  endfacet
  facet normal 1.000000e+00 0.000000e+00 -0.000000e+00
    outer loop
      vertex   -4.110000e+01 1.095000e+01 -2.248038e+01
      vertex   -4.110000e+01 1.095428e+01 -1.392066e+01
      vertex   -4.110000e+01 1.083001e+01 -1.382531e+01
    endloop
  endfacet
  facet normal 1.000000e+00 0.000000e+00 0.000000e+00
    outer loop
      vertex   -4.110000e+01 1.095000e+01 -2.248038e+01
      vertex   -4.110000e+01 1.083001e+01 -1.382531e+01
      vertex   -4.110000e+01 1.082574e+01 -2.257574e+01
    endloop
  endfacet
  facet normal 1.000000e+00 0.000000e+00 -0.000000e+00
    outer loop
      vertex   -4.110000e+01 1.082574e+01 -2.257574e+01
      vertex   -4.110000e+01 1.083001e+01 -1.382531e+01
      vertex   -4.110000e+01 1.073466e+01 -1.370104e+01
    endloop
  endfacet
  facet normal 1.000000e+00 0.000000e+00 0.000000e+00
    outer loop
      vertex   -4.110000e+01 1.082574e+01 -2.257574e+01
      vertex   -4.110000e+01 1.073466e+01 -1.370104e+01
      vertex   -4.110000e+01 1.073038e+01 -2.270000e+01
    endloop
  endfacet
  facet normal 1.000000e+00 0.000000e+00 -0.000000e+00
    outer loop
      vertex   -4.110000e+01 1.073038e+01 -2.270000e+01
      vertex   -4.110000e+01 1.073466e+01 -1.370104e+01
      vertex   -4.110000e+01 4.000000e+00 -2.175000e+01
    endloop
  endfacet
  facet normal 1.000000e+00 0.000000e+00 0.000000e+00
    outer loop
      vertex   -4.110000e+01 1.073038e+01 -2.270000e+01
      vertex   -4.110000e+01 4.000000e+00 -2.175000e+01
      vertex   -4.110000e+01 1.067044e+01 -2.284471e+01
    endloop
  endfacet
  facet normal 1.000000e+00 0.000000e+00 0.000000e+00
    outer loop
      vertex   -4.110000e+01 1.067044e+01 -2.284471e+01
      vertex   -4.110000e+01 4.000000e+00 -2.175000e+01
      vertex   -4.110000e+01 4.052861e+00 -2.262389e+01
    endloop
  endfacet
  facet normal 1.000000e+00 0.000000e+00 0.000000e+00
    outer loop
      vertex   -4.110000e+01 1.067044e+01 -2.284471e+01
      vertex   -4.110000e+01 4.052861e+00 -2.262389e+01
      vertex   -4.110000e+01 4.210672e+00 -2.348504e+01
    endloop
  endfacet
  facet normal 1.000000e+00 0.000000e+00 0.000000e+00
    outer loop
      vertex   -4.110000e+01 1.073466e+01 -1.370104e+01
      vertex   -4.110000e+01 1.067472e+01 -1.355633e+01
      vertex   -4.110000e+01 4.000000e+00 -2.175000e+01
    endloop
  endfacet
  facet normal 1.000000e+00 0.000000e+00 0.000000e+00
    outer loop
      vertex   -4.110000e+01 4.000000e+00 -2.175000e+01
      vertex   -4.110000e+01 1.067472e+01 -1.355633e+01
      vertex   -4.110000e+01 1.065428e+01 -1.340104e+01
    endloop
  endfacet
  facet normal 1.000000e+00 0.000000e+00 0.000000e+00
    outer loop
      vertex   -4.110000e+01 4.000000e+00 -2.175000e+01
      vertex   -4.110000e+01 1.065428e+01 -1.340104e+01
      vertex   -4.110000e+01 4.000000e+00 -6.000000e+00
    endloop
  endfacet
  facet normal 1.000000e+00 0.000000e+00 0.000000e+00
    outer loop
      vertex   -4.110000e+01 4.000000e+00 -6.000000e+00
      vertex   -4.110000e+01 1.065428e+01 -1.340104e+01
      vertex   -4.110000e+01 1.067472e+01 -1.324575e+01
    endloop
  endfacet
  facet normal 1.000000e+00 0.000000e+00 0.000000e+00
    outer loop
      vertex   -4.110000e+01 4.000000e+00 -6.000000e+00
      vertex   -4.110000e+01 1.067472e+01 -1.324575e+01
      vertex   -4.110000e+01 1.073466e+01 -1.310104e+01
    endloop
  endfacet
  facet normal 1.000000e+00 0.000000e+00 -0.000000e+00
    outer loop
      vertex   -4.110000e+01 1.073466e+01 -1.310104e+01
      vertex   -4.110000e+01 1.083001e+01 -1.297678e+01
      vertex   -4.110000e+01 4.000000e+00 -6.000000e+00
    endloop
  endfacet
  facet normal 1.000000e+00 0.000000e+00 0.000000e+00
    outer loop
      vertex   -4.110000e+01 4.000000e+00 -6.000000e+00
      vertex   -4.110000e+01 1.083001e+01 -1.297678e+01
      vertex   -4.110000e+01 1.300000e+01 -9.000000e+00
    endloop
  endfacet
  facet normal 1.000000e+00 -0.000000e+00 0.000000e+00
    outer loop
      vertex   -4.110000e+01 4.000000e+00 -6.000000e+00
      vertex   -4.110000e+01 1.300000e+01 -9.000000e+00
      vertex   -4.110000e+01 1.850000e+01 -6.000000e+00
    endloop
  endfacet
  facet normal 1.000000e+00 0.000000e+00 0.000000e+00
    outer loop
      vertex   -4.110000e+01 1.850000e+01 -6.000000e+00
      vertex   -4.110000e+01 1.300000e+01 -9.000000e+00
      vertex   -4.110000e+01 1.600000e+01 -9.000000e+00
    endloop
  endfacet
  facet normal 1.000000e+00 0.000000e+00 0.000000e+00
    outer loop
      vertex   -4.110000e+01 1.850000e+01 -6.000000e+00
      vertex   -4.110000e+01 1.600000e+01 -9.000000e+00
      vertex   -4.110000e+01 1.600000e+01 -1.800000e+01
    endloop
  endfacet
  facet normal 1.000000e+00 0.000000e+00 0.000000e+00
    outer loop
      vertex   -4.110000e+01 1.083001e+01 -1.297678e+01
      vertex   -4.110000e+01 1.095428e+01 -1.288143e+01
      vertex   -4.110000e+01 1.300000e+01 -9.000000e+00
    endloop
  endfacet
  facet normal 1.000000e+00 0.000000e+00 0.000000e+00
    outer loop
      vertex   -4.110000e+01 1.300000e+01 -9.000000e+00
      vertex   -4.110000e+01 1.095428e+01 -1.288143e+01
      vertex   -4.110000e+01 1.109898e+01 -1.282149e+01
    endloop
  endfacet
  facet normal 1.000000e+00 -0.000000e+00 0.000000e+00
    outer loop
      vertex   -4.110000e+01 1.300000e+01 -1.800000e+01
      vertex   -4.110000e+01 1.605764e+01 -2.717670e+01
      vertex   -4.110000e+01 1.600000e+01 -1.800000e+01
    endloop
  endfacet
  facet normal 1.000000e+00 0.000000e+00 0.000000e+00
    outer loop
      vertex   -4.110000e+01 1.600000e+01 -1.800000e+01
      vertex   -4.110000e+01 1.605764e+01 -2.717670e+01
      vertex   -4.110000e+01 1.667670e+01 -2.655764e+01
    endloop
  endfacet
  facet normal 1.000000e+00 0.000000e+00 0.000000e+00
    outer loop
      vertex   -4.110000e+01 1.600000e+01 -1.800000e+01
      vertex   -4.110000e+01 1.667670e+01 -2.655764e+01
      vertex   -4.110000e+01 1.721663e+01 -2.586847e+01
    endloop
  endfacet
  facet normal 1.000000e+00 0.000000e+00 0.000000e+00
    outer loop
      vertex   -4.110000e+01 1.109471e+01 -2.242044e+01
      vertex   -4.110000e+01 1.125000e+01 -2.240000e+01
      vertex   -4.110000e+01 1.300000e+01 -1.800000e+01
    endloop
  endfacet
  facet normal 1.000000e+00 0.000000e+00 0.000000e+00
    outer loop
      vertex   -4.110000e+01 1.300000e+01 -1.800000e+01
      vertex   -4.110000e+01 1.125000e+01 -2.240000e+01
      vertex   -4.110000e+01 1.140529e+01 -2.242044e+01
    endloop
  endfacet
  facet normal 1.000000e+00 0.000000e+00 0.000000e+00
    outer loop
      vertex   -4.110000e+01 1.300000e+01 -1.800000e+01
      vertex   -4.110000e+01 1.140529e+01 -2.242044e+01
      vertex   -4.110000e+01 1.155000e+01 -2.248038e+01
    endloop
  endfacet
  facet normal 1.000000e+00 -0.000000e+00 0.000000e+00
    outer loop
      vertex   -4.110000e+01 1.155000e+01 -2.248038e+01
      vertex   -4.110000e+01 1.167426e+01 -2.257574e+01
      vertex   -4.110000e+01 1.300000e+01 -1.800000e+01
    endloop
  endfacet
  facet normal 1.000000e+00 0.000000e+00 0.000000e+00
    outer loop
      vertex   -4.110000e+01 1.300000e+01 -1.800000e+01
      vertex   -4.110000e+01 1.167426e+01 -2.257574e+01
      vertex   -4.110000e+01 1.176962e+01 -2.270000e+01
    endloop
  endfacet
  facet normal 1.000000e+00 0.000000e+00 0.000000e+00
    outer loop
      vertex   -4.110000e+01 1.300000e+01 -1.800000e+01
      vertex   -4.110000e+01 1.176962e+01 -2.270000e+01
      vertex   -4.110000e+01 1.182956e+01 -2.284471e+01
    endloop
  endfacet
  facet normal 1.000000e+00 -0.000000e+00 0.000000e+00
    outer loop
      vertex   -4.110000e+01 1.182956e+01 -2.284471e+01
      vertex   -4.110000e+01 1.185000e+01 -2.300000e+01
      vertex   -4.110000e+01 1.300000e+01 -1.800000e+01
    endloop
  endfacet
  facet normal 1.000000e+00 0.000000e+00 0.000000e+00
    outer loop
      vertex   -4.110000e+01 1.300000e+01 -1.800000e+01
      vertex   -4.110000e+01 1.185000e+01 -2.300000e+01
      vertex   -4.110000e+01 1.605764e+01 -2.717670e+01
    endloop
  endfacet
  facet normal 1.000000e+00 0.000000e+00 0.000000e+00
    outer loop
      vertex   -4.110000e+01 1.605764e+01 -2.717670e+01
      vertex   -4.110000e+01 1.185000e+01 -2.300000e+01
      vertex   -4.110000e+01 1.536847e+01 -2.771663e+01
    endloop
  endfacet
  facet normal 1.000000e+00 0.000000e+00 0.000000e+00
    outer loop
      vertex   -4.110000e+01 1.536847e+01 -2.771663e+01
      vertex   -4.110000e+01 1.185000e+01 -2.300000e+01
      vertex   -4.110000e+01 1.182956e+01 -2.315529e+01
    endloop
  endfacet
  facet normal 1.000000e+00 0.000000e+00 0.000000e+00
    outer loop
      vertex   -4.110000e+01 1.536847e+01 -2.771663e+01
      vertex   -4.110000e+01 1.182956e+01 -2.315529e+01
      vertex   -4.110000e+01 1.461924e+01 -2.816956e+01
    endloop
  endfacet
  facet normal 1.000000e+00 0.000000e+00 0.000000e+00
    outer loop
      vertex   -4.110000e+01 1.461924e+01 -2.816956e+01
      vertex   -4.110000e+01 1.182956e+01 -2.315529e+01
      vertex   -4.110000e+01 1.382089e+01 -2.852887e+01
    endloop
  endfacet
  facet normal 1.000000e+00 0.000000e+00 0.000000e+00
    outer loop
      vertex   -4.110000e+01 1.382089e+01 -2.852887e+01
      vertex   -4.110000e+01 1.182956e+01 -2.315529e+01
      vertex   -4.110000e+01 1.176962e+01 -2.330000e+01
    endloop
  endfacet
  facet normal 1.000000e+00 0.000000e+00 0.000000e+00
    outer loop
      vertex   -4.110000e+01 1.382089e+01 -2.852887e+01
      vertex   -4.110000e+01 1.176962e+01 -2.330000e+01
      vertex   -4.110000e+01 1.298504e+01 -2.878933e+01
    endloop
  endfacet
  facet normal 1.000000e+00 0.000000e+00 0.000000e+00
    outer loop
      vertex   -4.110000e+01 1.298504e+01 -2.878933e+01
      vertex   -4.110000e+01 1.176962e+01 -2.330000e+01
      vertex   -4.110000e+01 1.167426e+01 -2.342426e+01
    endloop
  endfacet
  facet normal 1.000000e+00 0.000000e+00 0.000000e+00
    outer loop
      vertex   -4.110000e+01 1.298504e+01 -2.878933e+01
      vertex   -4.110000e+01 1.167426e+01 -2.342426e+01
      vertex   -4.110000e+01 1.155000e+01 -2.351962e+01
    endloop
  endfacet
  facet normal 1.000000e+00 0.000000e+00 0.000000e+00
    outer loop
      vertex   -4.110000e+01 1.298504e+01 -2.878933e+01
      vertex   -4.110000e+01 1.155000e+01 -2.351962e+01
      vertex   -4.110000e+01 1.212389e+01 -2.894714e+01
    endloop
  endfacet
  facet normal 1.000000e+00 0.000000e+00 0.000000e+00
    outer loop
      vertex   -4.110000e+01 1.212389e+01 -2.894714e+01
      vertex   -4.110000e+01 1.155000e+01 -2.351962e+01
      vertex   -4.110000e+01 1.140529e+01 -2.357956e+01
    endloop
  endfacet
  facet normal 1.000000e+00 0.000000e+00 0.000000e+00
    outer loop
      vertex   -4.110000e+01 1.212389e+01 -2.894714e+01
      vertex   -4.110000e+01 1.140529e+01 -2.357956e+01
      vertex   -4.110000e+01 1.125000e+01 -2.900000e+01
    endloop
  endfacet
  facet normal 1.000000e+00 0.000000e+00 0.000000e+00
    outer loop
      vertex   -4.110000e+01 1.125000e+01 -2.900000e+01
      vertex   -4.110000e+01 1.140529e+01 -2.357956e+01
      vertex   -4.110000e+01 1.125000e+01 -2.360000e+01
    endloop
  endfacet
  facet normal 1.000000e+00 0.000000e+00 -0.000000e+00
    outer loop
      vertex   -4.110000e+01 1.125000e+01 -2.900000e+01
      vertex   -4.110000e+01 1.125000e+01 -2.360000e+01
      vertex   -4.110000e+01 1.109471e+01 -2.357956e+01
    endloop
  endfacet
  facet normal 1.000000e+00 0.000000e+00 0.000000e+00
    outer loop
      vertex   -4.110000e+01 1.125000e+01 -2.900000e+01
      vertex   -4.110000e+01 1.109471e+01 -2.357956e+01
      vertex   -4.110000e+01 1.037611e+01 -2.894714e+01
    endloop
  endfacet
  facet normal 1.000000e+00 0.000000e+00 0.000000e+00
    outer loop
      vertex   -4.110000e+01 1.037611e+01 -2.894714e+01
      vertex   -4.110000e+01 1.109471e+01 -2.357956e+01
      vertex   -4.110000e+01 1.095000e+01 -2.351962e+01
    endloop
  endfacet
  facet normal 1.000000e+00 0.000000e+00 -0.000000e+00
    outer loop
      vertex   -4.110000e+01 1.037611e+01 -2.894714e+01
      vertex   -4.110000e+01 1.095000e+01 -2.351962e+01
      vertex   -4.110000e+01 9.514961e+00 -2.878933e+01
    endloop
  endfacet
  facet normal 1.000000e+00 0.000000e+00 0.000000e+00
    outer loop
      vertex   -4.110000e+01 9.514961e+00 -2.878933e+01
      vertex   -4.110000e+01 1.095000e+01 -2.351962e+01
      vertex   -4.110000e+01 1.082574e+01 -2.342426e+01
    endloop
  endfacet
  facet normal 1.000000e+00 0.000000e+00 0.000000e+00
    outer loop
      vertex   -4.110000e+01 9.514961e+00 -2.878933e+01
      vertex   -4.110000e+01 1.082574e+01 -2.342426e+01
      vertex   -4.110000e+01 1.073038e+01 -2.330000e+01
    endloop
  endfacet
  facet normal 1.000000e+00 0.000000e+00 -0.000000e+00
    outer loop
      vertex   -4.110000e+01 9.514961e+00 -2.878933e+01
      vertex   -4.110000e+01 1.073038e+01 -2.330000e+01
      vertex   -4.110000e+01 8.679115e+00 -2.852887e+01
    endloop
  endfacet
  facet normal 1.000000e+00 0.000000e+00 0.000000e+00
    outer loop
      vertex   -4.110000e+01 8.679115e+00 -2.852887e+01
      vertex   -4.110000e+01 1.073038e+01 -2.330000e+01
      vertex   -4.110000e+01 1.067044e+01 -2.315529e+01
    endloop
  endfacet
  facet normal 1.000000e+00 0.000000e+00 -0.000000e+00
    outer loop
      vertex   -4.110000e+01 8.679115e+00 -2.852887e+01
      vertex   -4.110000e+01 1.067044e+01 -2.315529e+01
      vertex   -4.110000e+01 7.880757e+00 -2.816956e+01
    endloop
  endfacet
  facet normal 1.000000e+00 0.000000e+00 -0.000000e+00
    outer loop
      vertex   -4.110000e+01 7.880757e+00 -2.816956e+01
      vertex   -4.110000e+01 1.067044e+01 -2.315529e+01
      vertex   -4.110000e+01 7.131531e+00 -2.771663e+01
    endloop
  endfacet
  facet normal 1.000000e+00 0.000000e+00 0.000000e+00
    outer loop
      vertex   -4.110000e+01 7.131531e+00 -2.771663e+01
      vertex   -4.110000e+01 1.067044e+01 -2.315529e+01
      vertex   -4.110000e+01 1.065000e+01 -2.300000e+01
    endloop
  endfacet
  facet normal 1.000000e+00 0.000000e+00 -0.000000e+00
    outer loop
      vertex   -4.110000e+01 7.131531e+00 -2.771663e+01
      vertex   -4.110000e+01 1.065000e+01 -2.300000e+01
      vertex   -4.110000e+01 6.442361e+00 -2.717670e+01
    endloop
  endfacet
  facet normal 1.000000e+00 0.000000e+00 -0.000000e+00
    outer loop
      vertex   -4.110000e+01 6.442361e+00 -2.717670e+01
      vertex   -4.110000e+01 1.065000e+01 -2.300000e+01
      vertex   -4.110000e+01 5.823297e+00 -2.655764e+01
    endloop
  endfacet
  facet normal 1.000000e+00 0.000000e+00 -0.000000e+00
    outer loop
      vertex   -4.110000e+01 5.823297e+00 -2.655764e+01
      vertex   -4.110000e+01 1.065000e+01 -2.300000e+01
      vertex   -4.110000e+01 5.283367e+00 -2.586847e+01
    endloop
  endfacet
  facet normal 1.000000e+00 0.000000e+00 -0.000000e+00
    outer loop
      vertex   -4.110000e+01 5.283367e+00 -2.586847e+01
      vertex   -4.110000e+01 1.065000e+01 -2.300000e+01
      vertex   -4.110000e+01 4.830444e+00 -2.511924e+01
    endloop
  endfacet
  facet normal 1.000000e+00 0.000000e+00 0.000000e+00
    outer loop
      vertex   -4.110000e+01 4.830444e+00 -2.511924e+01
      vertex   -4.110000e+01 1.065000e+01 -2.300000e+01
      vertex   -4.110000e+01 1.067044e+01 -2.284471e+01
    endloop
  endfacet
  facet normal 1.000000e+00 0.000000e+00 -0.000000e+00
    outer loop
      vertex   -4.110000e+01 4.830444e+00 -2.511924e+01
      vertex   -4.110000e+01 1.067044e+01 -2.284471e+01
      vertex   -4.110000e+01 4.471132e+00 -2.432089e+01
    endloop
  endfacet
  facet normal 1.000000e+00 0.000000e+00 -0.000000e+00
    outer loop
      vertex   -4.110000e+01 4.471132e+00 -2.432089e+01
      vertex   -4.110000e+01 1.067044e+01 -2.284471e+01
      vertex   -4.110000e+01 4.210672e+00 -2.348504e+01
    endloop
  endfacet
  facet normal 1.000000e+00 0.000000e+00 0.000000e+00
    outer loop
      vertex   -4.110000e+01 1.095000e+01 -2.248038e+01
      vertex   -4.110000e+01 1.109471e+01 -2.242044e+01
      vertex   -4.110000e+01 1.300000e+01 -1.800000e+01
    endloop
  endfacet
  facet normal 1.000000e+00 0.000000e+00 -0.000000e+00
    outer loop
      vertex   -4.110000e+01 1.721663e+01 -2.586847e+01
      vertex   -4.110000e+01 1.766956e+01 -2.511924e+01
      vertex   -4.110000e+01 1.600000e+01 -1.800000e+01
    endloop
  endfacet
  facet normal 1.000000e+00 0.000000e+00 0.000000e+00
    outer loop
      vertex   -4.110000e+01 1.600000e+01 -1.800000e+01
      vertex   -4.110000e+01 1.766956e+01 -2.511924e+01
      vertex   -4.110000e+01 1.802887e+01 -2.432089e+01
    endloop
  endfacet
  facet normal 1.000000e+00 0.000000e+00 0.000000e+00
    outer loop
      vertex   -4.110000e+01 1.600000e+01 -1.800000e+01
      vertex   -4.110000e+01 1.802887e+01 -2.432089e+01
      vertex   -4.110000e+01 1.828933e+01 -2.348504e+01
    endloop
  endfacet
  facet normal 1.000000e+00 0.000000e+00 -0.000000e+00
    outer loop
      vertex   -4.110000e+01 1.828933e+01 -2.348504e+01
      vertex   -4.110000e+01 1.844714e+01 -2.262389e+01
      vertex   -4.110000e+01 1.600000e+01 -1.800000e+01
    endloop
  endfacet
  facet normal 1.000000e+00 0.000000e+00 0.000000e+00
    outer loop
      vertex   -4.110000e+01 1.600000e+01 -1.800000e+01
      vertex   -4.110000e+01 1.844714e+01 -2.262389e+01
      vertex   -4.110000e+01 1.850000e+01 -2.175000e+01
    endloop
  endfacet
  facet normal 1.000000e+00 -0.000000e+00 0.000000e+00
    outer loop
      vertex   -4.110000e+01 1.600000e+01 -1.800000e+01
      vertex   -4.110000e+01 1.850000e+01 -2.175000e+01
      vertex   -4.110000e+01 1.850000e+01 -6.000000e+00
    endloop
  endfacet
endsolid
