solid ASCII
  facet normal 9.914449e-01 -2.898264e-17 1.305262e-01
    outer loop
      vertex   4.551295e+00 1.860001e+01 -1.608824e+00
      vertex   4.551295e+00 2.060001e+01 -1.608824e+00
      vertex   4.524036e+00 1.860001e+01 -1.401769e+00
    endloop
  endfacet
  facet normal 9.914449e-01 -0.000000e+00 1.305262e-01
    outer loop
      vertex   4.524036e+00 1.860001e+01 -1.401769e+00
      vertex   4.551295e+00 2.060001e+01 -1.608824e+00
      vertex   4.524036e+00 2.060001e+01 -1.401769e+00
    endloop
  endfacet
  facet normal 9.914449e-01 0.000000e+00 -1.305262e-01
    outer loop
      vertex   4.524036e+00 1.860001e+01 -1.401769e+00
      vertex   4.524036e+00 2.060001e+01 -1.401769e+00
      vertex   4.551295e+00 1.860001e+01 -1.194714e+00
    endloop
  endfacet
  facet normal 9.914449e-01 1.449132e-17 -1.305262e-01
    outer loop
      vertex   4.551295e+00 1.860001e+01 -1.194714e+00
      vertex   4.524036e+00 2.060001e+01 -1.401769e+00
      vertex   4.551295e+00 2.060001e+01 -1.194714e+00
    endloop
  endfacet
  facet normal 9.238795e-01 4.248640e-17 -3.826834e-01
    outer loop
      vertex   4.551295e+00 1.860001e+01 -1.194714e+00
      vertex   4.551295e+00 2.060001e+01 -1.194714e+00
      vertex   4.631215e+00 1.860001e+01 -1.001769e+00
    endloop
  endfacet
  facet normal 9.238795e-01 -3.677985e-16 -3.826834e-01
    outer loop
      vertex   4.631215e+00 1.860001e+01 -1.001769e+00
      vertex   4.551295e+00 2.060001e+01 -1.194714e+00
      vertex   4.631215e+00 2.060001e+01 -1.001769e+00
    endloop
  endfacet
  facet normal 7.933533e-01 -2.847336e-16 -6.087614e-01
    outer loop
      vertex   4.631215e+00 1.860001e+01 -1.001769e+00
      vertex   4.631215e+00 2.060001e+01 -1.001769e+00
      vertex   4.758350e+00 1.860001e+01 -8.360836e-01
    endloop
  endfacet
  facet normal 7.933533e-01 0.000000e+00 -6.087614e-01
    outer loop
      vertex   4.758350e+00 1.860001e+01 -8.360836e-01
      vertex   4.631215e+00 2.060001e+01 -1.001769e+00
      vertex   4.758350e+00 2.060001e+01 -8.360836e-01
    endloop
  endfacet
  facet normal 6.087614e-01 0.000000e+00 -7.933533e-01
    outer loop
      vertex   4.758350e+00 1.860001e+01 -8.360836e-01
      vertex   4.758350e+00 2.060001e+01 -8.360836e-01
      vertex   4.924036e+00 1.860001e+01 -7.089487e-01
    endloop
  endfacet
  facet normal 6.087614e-01 1.761598e-16 -7.933533e-01
    outer loop
      vertex   4.924036e+00 1.860001e+01 -7.089487e-01
      vertex   4.758350e+00 2.060001e+01 -8.360836e-01
      vertex   4.924036e+00 2.060001e+01 -7.089487e-01
    endloop
  endfacet
  facet normal 3.826834e-01 2.051425e-16 -9.238795e-01
    outer loop
      vertex   4.924036e+00 1.860001e+01 -7.089487e-01
      vertex   4.924036e+00 2.060001e+01 -7.089487e-01
      vertex   5.116980e+00 1.860001e+01 -6.290283e-01
    endloop
  endfacet
  facet normal 3.826834e-01 5.128562e-17 -9.238795e-01
    outer loop
      vertex   5.116980e+00 1.860001e+01 -6.290283e-01
      vertex   4.924036e+00 2.060001e+01 -7.089487e-01
      vertex   5.116980e+00 2.060001e+01 -6.290283e-01
    endloop
  endfacet
  facet normal 1.305262e-01 5.503625e-17 -9.914449e-01
    outer loop
      vertex   5.116980e+00 1.860001e+01 -6.290283e-01
      vertex   5.116980e+00 2.060001e+01 -6.290283e-01
      vertex   5.324036e+00 1.860001e+01 -6.017690e-01
    endloop
  endfacet
  facet normal 1.305262e-01 0.000000e+00 -9.914449e-01
    outer loop
      vertex   5.324036e+00 1.860001e+01 -6.017690e-01
      vertex   5.116980e+00 2.060001e+01 -6.290283e-01
      vertex   5.324036e+00 2.060001e+01 -6.017690e-01
    endloop
  endfacet
  facet normal -1.305262e-01 0.000000e+00 -9.914449e-01
    outer loop
      vertex   5.324036e+00 1.860001e+01 -6.017690e-01
      vertex   5.324036e+00 2.060001e+01 -6.017690e-01
      vertex   5.531091e+00 1.860001e+01 -6.290283e-01
    endloop
  endfacet
  facet normal -1.305262e-01 -5.503625e-17 -9.914449e-01
    outer loop
      vertex   5.531091e+00 1.860001e+01 -6.290283e-01
      vertex   5.324036e+00 2.060001e+01 -6.017690e-01
      vertex   5.531091e+00 2.060001e+01 -6.290283e-01
    endloop
  endfacet
  facet normal -3.826834e-01 -5.128562e-17 -9.238795e-01
    outer loop
      vertex   5.531091e+00 1.860001e+01 -6.290283e-01
      vertex   5.531091e+00 2.060001e+01 -6.290283e-01
      vertex   5.724036e+00 1.860001e+01 -7.089487e-01
    endloop
  endfacet
  facet normal -3.826834e-01 6.737435e-17 -9.238795e-01
    outer loop
      vertex   5.724036e+00 1.860001e+01 -7.089487e-01
      vertex   5.531091e+00 2.060001e+01 -6.290283e-01
      vertex   5.724036e+00 2.060001e+01 -7.089487e-01
    endloop
  endfacet
  facet normal -6.087614e-01 1.822645e-16 -7.933533e-01
    outer loop
      vertex   5.724036e+00 1.860001e+01 -7.089487e-01
      vertex   5.724036e+00 2.060001e+01 -7.089487e-01
      vertex   5.889721e+00 1.860001e+01 -8.360836e-01
    endloop
  endfacet
  facet normal -6.087614e-01 -4.403996e-17 -7.933533e-01
    outer loop
      vertex   5.889721e+00 1.860001e+01 -8.360836e-01
      vertex   5.724036e+00 2.060001e+01 -7.089487e-01
      vertex   5.889721e+00 2.060001e+01 -8.360836e-01
    endloop
  endfacet
  facet normal -7.933533e-01 -3.379305e-17 -6.087614e-01
    outer loop
      vertex   5.889721e+00 1.860001e+01 -8.360836e-01
      vertex   5.889721e+00 2.060001e+01 -8.360836e-01
      vertex   6.016856e+00 1.860001e+01 -1.001769e+00
    endloop
  endfacet
  facet normal -7.933533e-01 -1.351722e-16 -6.087614e-01
    outer loop
      vertex   6.016856e+00 1.860001e+01 -1.001769e+00
      vertex   5.889721e+00 2.060001e+01 -8.360836e-01
      vertex   6.016856e+00 2.060001e+01 -1.001769e+00
    endloop
  endfacet
  facet normal -9.238795e-01 -8.497279e-17 -3.826834e-01
    outer loop
      vertex   6.016856e+00 1.860001e+01 -1.001769e+00
      vertex   6.016856e+00 2.060001e+01 -1.001769e+00
      vertex   6.096776e+00 1.860001e+01 -1.194714e+00
    endloop
  endfacet
  facet normal -9.238795e-01 -4.248640e-17 -3.826834e-01
    outer loop
      vertex   6.096776e+00 1.860001e+01 -1.194714e+00
      vertex   6.016856e+00 2.060001e+01 -1.001769e+00
      vertex   6.096776e+00 2.060001e+01 -1.194714e+00
    endloop
  endfacet
  facet normal -9.914449e-01 -1.449132e-17 -1.305262e-01
    outer loop
      vertex   6.096776e+00 1.860001e+01 -1.194714e+00
      vertex   6.096776e+00 2.060001e+01 -1.194714e+00
      vertex   6.124036e+00 1.860001e+01 -1.401769e+00
    endloop
  endfacet
  facet normal -9.914449e-01 0.000000e+00 -1.305262e-01
    outer loop
      vertex   6.124036e+00 1.860001e+01 -1.401769e+00
      vertex   6.096776e+00 2.060001e+01 -1.194714e+00
      vertex   6.124036e+00 2.060001e+01 -1.401769e+00
    endloop
  endfacet
  facet normal -9.914449e-01 0.000000e+00 1.305262e-01
    outer loop
      vertex   6.124036e+00 1.860001e+01 -1.401769e+00
      vertex   6.124036e+00 2.060001e+01 -1.401769e+00
      vertex   6.096776e+00 1.860001e+01 -1.608824e+00
    endloop
  endfacet
  facet normal -9.914449e-01 1.449132e-17 1.305262e-01
    outer loop
      vertex   6.096776e+00 1.860001e+01 -1.608824e+00
      vertex   6.124036e+00 2.060001e+01 -1.401769e+00
      vertex   6.096776e+00 2.060001e+01 -1.608824e+00
    endloop
  endfacet
  facet normal -9.238795e-01 4.248640e-17 3.826834e-01
    outer loop
      vertex   6.096776e+00 1.860001e+01 -1.608824e+00
      vertex   6.096776e+00 2.060001e+01 -1.608824e+00
      vertex   6.016856e+00 1.860001e+01 -1.801769e+00
    endloop
  endfacet
  facet normal -9.238795e-01 4.248640e-17 3.826834e-01
    outer loop
      vertex   6.016856e+00 1.860001e+01 -1.801769e+00
      vertex   6.096776e+00 2.060001e+01 -1.608824e+00
      vertex   6.016856e+00 2.060001e+01 -1.801769e+00
    endloop
  endfacet
  facet normal -7.933533e-01 6.758610e-17 6.087614e-01
    outer loop
      vertex   6.016856e+00 1.860001e+01 -1.801769e+00
      vertex   6.016856e+00 2.060001e+01 -1.801769e+00
      vertex   5.889721e+00 1.860001e+01 -1.967454e+00
    endloop
  endfacet
  facet normal -7.933533e-01 0.000000e+00 6.087614e-01
    outer loop
      vertex   5.889721e+00 1.860001e+01 -1.967454e+00
      vertex   6.016856e+00 2.060001e+01 -1.801769e+00
      vertex   5.889721e+00 2.060001e+01 -1.967454e+00
    endloop
  endfacet
  facet normal -6.087614e-01 0.000000e+00 7.933533e-01
    outer loop
      vertex   5.889721e+00 1.860001e+01 -1.967454e+00
      vertex   5.889721e+00 2.060001e+01 -1.967454e+00
      vertex   5.724036e+00 1.860001e+01 -2.094589e+00
    endloop
  endfacet
  facet normal -6.087614e-01 -9.418455e-17 7.933533e-01
    outer loop
      vertex   5.724036e+00 1.860001e+01 -2.094589e+00
      vertex   5.889721e+00 2.060001e+01 -1.967454e+00
      vertex   5.724036e+00 2.060001e+01 -2.094589e+00
    endloop
  endfacet
  facet normal -3.826834e-01 3.519688e-17 9.238795e-01
    outer loop
      vertex   5.724036e+00 1.860001e+01 -2.094589e+00
      vertex   5.724036e+00 2.060001e+01 -2.094589e+00
      vertex   5.531091e+00 1.860001e+01 -2.174510e+00
    endloop
  endfacet
  facet normal -3.826834e-01 0.000000e+00 9.238795e-01
    outer loop
      vertex   5.531091e+00 1.860001e+01 -2.174510e+00
      vertex   5.724036e+00 2.060001e+01 -2.094589e+00
      vertex   5.531091e+00 2.060001e+01 -2.174510e+00
    endloop
  endfacet
  facet normal -1.305262e-01 0.000000e+00 9.914449e-01
    outer loop
      vertex   5.531091e+00 1.860001e+01 -2.174510e+00
      vertex   5.531091e+00 2.060001e+01 -2.174510e+00
      vertex   5.324036e+00 1.860001e+01 -2.201769e+00
    endloop
  endfacet
  facet normal -1.305262e-01 0.000000e+00 9.914449e-01
    outer loop
      vertex   5.324036e+00 1.860001e+01 -2.201769e+00
      vertex   5.531091e+00 2.060001e+01 -2.174510e+00
      vertex   5.324036e+00 2.060001e+01 -2.201769e+00
    endloop
  endfacet
  facet normal 1.305262e-01 -0.000000e+00 9.914449e-01
    outer loop
      vertex   5.324036e+00 1.860001e+01 -2.201769e+00
      vertex   5.324036e+00 2.060001e+01 -2.201769e+00
      vertex   5.116980e+00 1.860001e+01 -2.174510e+00
    endloop
  endfacet
  facet normal 1.305262e-01 -0.000000e+00 9.914449e-01
    outer loop
      vertex   5.116980e+00 1.860001e+01 -2.174510e+00
      vertex   5.324036e+00 2.060001e+01 -2.201769e+00
      vertex   5.116980e+00 2.060001e+01 -2.174510e+00
    endloop
  endfacet
  facet normal 3.826834e-01 -0.000000e+00 9.238795e-01
    outer loop
      vertex   5.116980e+00 1.860001e+01 -2.174510e+00
      vertex   5.116980e+00 2.060001e+01 -2.174510e+00
      vertex   4.924036e+00 1.860001e+01 -2.094589e+00
    endloop
  endfacet
  facet normal 3.826834e-01 -2.051425e-16 9.238795e-01
    outer loop
      vertex   4.924036e+00 1.860001e+01 -2.094589e+00
      vertex   5.116980e+00 2.060001e+01 -2.174510e+00
      vertex   4.924036e+00 2.060001e+01 -2.094589e+00
    endloop
  endfacet
  facet normal 6.087614e-01 -1.761598e-16 7.933533e-01
    outer loop
      vertex   4.924036e+00 1.860001e+01 -2.094589e+00
      vertex   4.924036e+00 2.060001e+01 -2.094589e+00
      vertex   4.758350e+00 1.860001e+01 -1.967454e+00
    endloop
  endfacet
  facet normal 6.087614e-01 -0.000000e+00 7.933533e-01
    outer loop
      vertex   4.758350e+00 1.860001e+01 -1.967454e+00
      vertex   4.924036e+00 2.060001e+01 -2.094589e+00
      vertex   4.758350e+00 2.060001e+01 -1.967454e+00
    endloop
  endfacet
  facet normal 7.933533e-01 -0.000000e+00 6.087614e-01
    outer loop
      vertex   4.758350e+00 1.860001e+01 -1.967454e+00
      vertex   4.758350e+00 2.060001e+01 -1.967454e+00
      vertex   4.631215e+00 1.860001e+01 -1.801769e+00
    endloop
  endfacet
  facet normal 7.933533e-01 2.847336e-16 6.087614e-01
    outer loop
      vertex   4.631215e+00 1.860001e+01 -1.801769e+00
      vertex   4.758350e+00 2.060001e+01 -1.967454e+00
      vertex   4.631215e+00 2.060001e+01 -1.801769e+00
    endloop
  endfacet
  facet normal 9.238795e-01 3.677985e-16 3.826834e-01
    outer loop
      vertex   4.631215e+00 1.860001e+01 -1.801769e+00
      vertex   4.631215e+00 2.060001e+01 -1.801769e+00
      vertex   4.551295e+00 1.860001e+01 -1.608824e+00
    endloop
  endfacet
  facet normal 9.238795e-01 -8.497279e-17 3.826834e-01
    outer loop
      vertex   4.551295e+00 1.860001e+01 -1.608824e+00
      vertex   4.631215e+00 2.060001e+01 -1.801769e+00
      vertex   4.551295e+00 2.060001e+01 -1.608824e+00
    endloop
  endfacet
  facet normal 5.320043e-01 -4.725148e-16 -8.467416e-01
    outer loop
      vertex   1.105671e+01 1.860001e+01 5.007759e-01
      vertex   1.090558e+01 1.860001e+01 4.058196e-01
      vertex   1.105671e+01 2.060001e+01 5.007759e-01
    endloop
  endfacet
  facet normal 5.320043e-01 -2.361719e-15 -8.467416e-01
    outer loop
      vertex   1.105671e+01 2.060001e+01 5.007759e-01
      vertex   1.090558e+01 1.860001e+01 4.058196e-01
      vertex   1.090558e+01 2.060001e+01 4.058196e-01
    endloop
  endfacet
  facet normal 4.282407e-01 -1.901771e-15 -9.036647e-01
    outer loop
      vertex   1.090558e+01 2.060001e+01 4.058196e-01
      vertex   1.090558e+01 1.860001e+01 4.058196e-01
      vertex   1.082610e+01 1.860001e+01 3.681548e-01
    endloop
  endfacet
  facet normal 4.282407e-01 0.000000e+00 -9.036647e-01
    outer loop
      vertex   1.090558e+01 2.060001e+01 4.058196e-01
      vertex   1.082610e+01 1.860001e+01 3.681548e-01
      vertex   1.082610e+01 2.060001e+01 3.681548e-01
    endloop
  endfacet
  facet normal 7.706261e-01 0.000000e+00 -6.372876e-01
    outer loop
      vertex   1.162039e+01 1.860001e+01 1.062526e+00
      vertex   1.146109e+01 1.860001e+01 8.698896e-01
      vertex   1.162039e+01 2.060001e+01 1.062526e+00
    endloop
  endfacet
  facet normal 7.706261e-01 0.000000e+00 -6.372876e-01
    outer loop
      vertex   1.162039e+01 2.060001e+01 1.062526e+00
      vertex   1.146109e+01 1.860001e+01 8.698896e-01
      vertex   1.146109e+01 2.060001e+01 8.698896e-01
    endloop
  endfacet
  facet normal 7.212858e-01 0.000000e+00 -6.926376e-01
    outer loop
      vertex   1.146109e+01 2.060001e+01 8.698896e-01
      vertex   1.146109e+01 1.860001e+01 8.698896e-01
      vertex   1.131176e+01 1.860001e+01 7.143905e-01
    endloop
  endfacet
  facet normal 7.212858e-01 -6.437240e-16 -6.926376e-01
    outer loop
      vertex   1.146109e+01 2.060001e+01 8.698896e-01
      vertex   1.131176e+01 1.860001e+01 7.143905e-01
      vertex   1.131176e+01 2.060001e+01 7.143905e-01
    endloop
  endfacet
  facet normal 6.675479e-01 -5.929016e-16 -7.445669e-01
    outer loop
      vertex   1.131176e+01 2.060001e+01 7.143905e-01
      vertex   1.131176e+01 1.860001e+01 7.143905e-01
      vertex   1.117583e+01 1.860001e+01 5.925217e-01
    endloop
  endfacet
  facet normal 6.675479e-01 0.000000e+00 -7.445669e-01
    outer loop
      vertex   1.131176e+01 2.060001e+01 7.143905e-01
      vertex   1.117583e+01 1.860001e+01 5.925217e-01
      vertex   1.117583e+01 2.060001e+01 5.925217e-01
    endloop
  endfacet
  facet normal 6.101742e-01 0.000000e+00 -7.922673e-01
    outer loop
      vertex   1.117583e+01 2.060001e+01 5.925217e-01
      vertex   1.117583e+01 1.860001e+01 5.925217e-01
      vertex   1.105671e+01 1.860001e+01 5.007759e-01
    endloop
  endfacet
  facet normal 6.101742e-01 -5.422454e-16 -7.922673e-01
    outer loop
      vertex   1.117583e+01 2.060001e+01 5.925217e-01
      vertex   1.105671e+01 1.860001e+01 5.007759e-01
      vertex   1.105671e+01 2.060001e+01 5.007759e-01
    endloop
  endfacet
  facet normal 9.135455e-01 -0.000000e+00 4.067366e-01
    outer loop
      vertex   1.135297e+01 1.860001e+01 1.663175e+00
      vertex   1.162039e+01 1.860001e+01 1.062526e+00
      vertex   1.135297e+01 2.060001e+01 1.663175e+00
    endloop
  endfacet
  facet normal 9.135455e-01 0.000000e+00 4.067366e-01
    outer loop
      vertex   1.135297e+01 2.060001e+01 1.663175e+00
      vertex   1.162039e+01 1.860001e+01 1.062526e+00
      vertex   1.162039e+01 2.060001e+01 1.062526e+00
    endloop
  endfacet
  facet normal -1.804831e-01 8.015058e-16 9.835781e-01
    outer loop
      vertex   1.055833e+01 1.860001e+01 1.620161e+00
      vertex   1.070622e+01 1.860001e+01 1.647299e+00
      vertex   1.055833e+01 2.060001e+01 1.620161e+00
    endloop
  endfacet
  facet normal -1.804831e-01 8.018310e-16 9.835781e-01
    outer loop
      vertex   1.055833e+01 2.060001e+01 1.620161e+00
      vertex   1.070622e+01 1.860001e+01 1.647299e+00
      vertex   1.070622e+01 2.060001e+01 1.647299e+00
    endloop
  endfacet
  facet normal -1.066443e-01 4.735958e-16 9.942972e-01
    outer loop
      vertex   1.070622e+01 2.060001e+01 1.647299e+00
      vertex   1.070622e+01 1.860001e+01 1.647299e+00
      vertex   1.088774e+01 1.860001e+01 1.666768e+00
    endloop
  endfacet
  facet normal -1.066443e-01 3.788966e-16 9.942972e-01
    outer loop
      vertex   1.070622e+01 2.060001e+01 1.647299e+00
      vertex   1.088774e+01 1.860001e+01 1.666768e+00
      vertex   1.088774e+01 2.060001e+01 1.666768e+00
    endloop
  endfacet
  facet normal -3.209561e-02 1.140265e-16 9.994848e-01
    outer loop
      vertex   1.088774e+01 2.060001e+01 1.666768e+00
      vertex   1.088774e+01 1.860001e+01 1.666768e+00
      vertex   1.110321e+01 1.860001e+01 1.673687e+00
    endloop
  endfacet
  facet normal -3.209561e-02 5.682876e-17 9.994848e-01
    outer loop
      vertex   1.088774e+01 2.060001e+01 1.666768e+00
      vertex   1.110321e+01 1.860001e+01 1.673687e+00
      vertex   1.110321e+01 2.060001e+01 1.673687e+00
    endloop
  endfacet
  facet normal 4.205251e-02 -7.470026e-17 9.991154e-01
    outer loop
      vertex   1.110321e+01 2.060001e+01 1.673687e+00
      vertex   1.110321e+01 1.860001e+01 1.673687e+00
      vertex   1.135297e+01 1.860001e+01 1.663175e+00
    endloop
  endfacet
  facet normal 4.205251e-02 0.000000e+00 9.991154e-01
    outer loop
      vertex   1.110321e+01 2.060001e+01 1.673687e+00
      vertex   1.135297e+01 1.860001e+01 1.663175e+00
      vertex   1.135297e+01 2.060001e+01 1.663175e+00
    endloop
  endfacet
  facet normal -3.850047e-01 1.709765e-15 9.229146e-01
    outer loop
      vertex   1.030546e+01 1.860001e+01 1.537524e+00
      vertex   1.038663e+01 1.860001e+01 1.571386e+00
      vertex   1.030546e+01 2.060001e+01 1.537524e+00
    endloop
  endfacet
  facet normal -3.850047e-01 6.853892e-16 9.229146e-01
    outer loop
      vertex   1.030546e+01 2.060001e+01 1.537524e+00
      vertex   1.038663e+01 1.860001e+01 1.571386e+00
      vertex   1.038663e+01 2.060001e+01 1.571386e+00
    endloop
  endfacet
  facet normal -2.732713e-01 4.854273e-16 9.619370e-01
    outer loop
      vertex   1.038663e+01 2.060001e+01 1.571386e+00
      vertex   1.038663e+01 1.860001e+01 1.571386e+00
      vertex   1.055833e+01 1.860001e+01 1.620161e+00
    endloop
  endfacet
  facet normal -2.732713e-01 1.214876e-15 9.619370e-01
    outer loop
      vertex   1.038663e+01 2.060001e+01 1.571386e+00
      vertex   1.055833e+01 1.860001e+01 1.620161e+00
      vertex   1.055833e+01 2.060001e+01 1.620161e+00
    endloop
  endfacet
  facet normal -5.047315e-01 2.241458e-15 8.632764e-01
    outer loop
      vertex   9.597597e+00 1.860001e+01 1.123657e+00
      vertex   1.030546e+01 1.860001e+01 1.537524e+00
      vertex   9.597597e+00 2.060001e+01 1.123657e+00
    endloop
  endfacet
  facet normal -5.047315e-01 2.234060e-15 8.632764e-01
    outer loop
      vertex   9.597597e+00 2.060001e+01 1.123657e+00
      vertex   1.030546e+01 1.860001e+01 1.537524e+00
      vertex   1.030546e+01 2.060001e+01 1.537524e+00
    endloop
  endfacet
  facet normal 7.788649e-01 -0.000000e+00 6.271917e-01
    outer loop
      vertex   9.015191e+00 1.860001e+01 1.925270e+00
      vertex   9.326300e+00 1.860001e+01 1.538926e+00
      vertex   9.015191e+00 2.060001e+01 1.925270e+00
    endloop
  endfacet
  facet normal 7.788649e-01 -6.854479e-16 6.271917e-01
    outer loop
      vertex   9.015191e+00 2.060001e+01 1.925270e+00
      vertex   9.326300e+00 1.860001e+01 1.538926e+00
      vertex   9.326300e+00 2.060001e+01 1.538926e+00
    endloop
  endfacet
  facet normal 8.371773e-01 -7.435628e-16 5.469316e-01
    outer loop
      vertex   9.326300e+00 2.060001e+01 1.538926e+00
      vertex   9.326300e+00 1.860001e+01 1.538926e+00
      vertex   9.597597e+00 1.860001e+01 1.123657e+00
    endloop
  endfacet
  facet normal 8.371773e-01 -3.707014e-15 5.469316e-01
    outer loop
      vertex   9.326300e+00 2.060001e+01 1.538926e+00
      vertex   9.597597e+00 1.860001e+01 1.123657e+00
      vertex   9.597597e+00 2.060001e+01 1.123657e+00
    endloop
  endfacet
  facet normal 6.650540e-01 -2.953433e-15 -7.467952e-01
    outer loop
      vertex   9.627543e+00 1.860001e+01 2.470596e+00
      vertex   9.015191e+00 1.860001e+01 1.925270e+00
      vertex   9.627543e+00 2.060001e+01 2.470596e+00
    endloop
  endfacet
  facet normal 6.650540e-01 0.000000e+00 -7.467952e-01
    outer loop
      vertex   9.627543e+00 2.060001e+01 2.470596e+00
      vertex   9.015191e+00 1.860001e+01 1.925270e+00
      vertex   9.015191e+00 2.060001e+01 1.925270e+00
    endloop
  endfacet
  facet normal 8.304110e-01 0.000000e+00 -5.571513e-01
    outer loop
      vertex   9.784276e+00 1.860001e+01 2.685550e+00
      vertex   9.684831e+00 1.860001e+01 2.537332e+00
      vertex   9.784276e+00 2.060001e+01 2.685550e+00
    endloop
  endfacet
  facet normal 8.304110e-01 -2.949719e-15 -5.571513e-01
    outer loop
      vertex   9.784276e+00 2.060001e+01 2.685550e+00
      vertex   9.684831e+00 1.860001e+01 2.537332e+00
      vertex   9.684831e+00 2.060001e+01 2.537332e+00
    endloop
  endfacet
  facet normal 7.587709e-01 -2.695696e-15 -6.513576e-01
    outer loop
      vertex   9.684831e+00 2.060001e+01 2.537332e+00
      vertex   9.684831e+00 1.860001e+01 2.537332e+00
      vertex   9.627543e+00 1.860001e+01 2.470596e+00
    endloop
  endfacet
  facet normal 7.587709e-01 -3.370241e-15 -6.513576e-01
    outer loop
      vertex   9.684831e+00 2.060001e+01 2.537332e+00
      vertex   9.627543e+00 1.860001e+01 2.470596e+00
      vertex   9.627543e+00 2.060001e+01 2.470596e+00
    endloop
  endfacet
  facet normal 9.632102e-01 0.000000e+00 -2.687493e-01
    outer loop
      vertex   1.007074e+01 1.860001e+01 3.428005e+00
      vertex   1.000356e+01 1.860001e+01 3.187228e+00
      vertex   1.007074e+01 2.060001e+01 3.428005e+00
    endloop
  endfacet
  facet normal 9.632102e-01 -2.567656e-15 -2.687493e-01
    outer loop
      vertex   1.007074e+01 2.060001e+01 3.428005e+00
      vertex   1.000356e+01 1.860001e+01 3.187228e+00
      vertex   1.000356e+01 2.060001e+01 3.187228e+00
    endloop
  endfacet
  facet normal 9.406484e-01 -2.506391e-15 -3.393825e-01
    outer loop
      vertex   1.000356e+01 2.060001e+01 3.187228e+00
      vertex   1.000356e+01 1.860001e+01 3.187228e+00
      vertex   9.930395e+00 1.860001e+01 2.984437e+00
    endloop
  endfacet
  facet normal 9.406484e-01 -2.506500e-15 -3.393825e-01
    outer loop
      vertex   1.000356e+01 2.060001e+01 3.187228e+00
      vertex   9.930395e+00 1.860001e+01 2.984437e+00
      vertex   9.930395e+00 2.060001e+01 2.984437e+00
    endloop
  endfacet
  facet normal 9.126780e-01 -2.431863e-15 -4.086795e-01
    outer loop
      vertex   9.930395e+00 2.060001e+01 2.984437e+00
      vertex   9.930395e+00 1.860001e+01 2.984437e+00
      vertex   9.855786e+00 1.860001e+01 2.817817e+00
    endloop
  endfacet
  facet normal 9.126780e-01 -1.620110e-15 -4.086795e-01
    outer loop
      vertex   9.930395e+00 2.060001e+01 2.984437e+00
      vertex   9.855786e+00 1.860001e+01 2.817817e+00
      vertex   9.855786e+00 2.060001e+01 2.817817e+00
    endloop
  endfacet
  facet normal 8.796660e-01 -1.562601e-15 -4.755919e-01
    outer loop
      vertex   9.855786e+00 2.060001e+01 2.817817e+00
      vertex   9.855786e+00 1.860001e+01 2.817817e+00
      vertex   9.784276e+00 1.860001e+01 2.685550e+00
    endloop
  endfacet
  facet normal 8.796660e-01 0.000000e+00 -4.755919e-01
    outer loop
      vertex   9.855786e+00 2.060001e+01 2.817817e+00
      vertex   9.784276e+00 1.860001e+01 2.685550e+00
      vertex   9.784276e+00 2.060001e+01 2.685550e+00
    endloop
  endfacet
  facet normal 6.691306e-01 -2.971537e-15 7.431448e-01
    outer loop
      vertex   9.582130e+00 1.860001e+01 3.867953e+00
      vertex   1.007074e+01 1.860001e+01 3.428005e+00
      vertex   9.582130e+00 2.060001e+01 3.867953e+00
    endloop
  endfacet
  facet normal 6.691306e-01 0.000000e+00 7.431448e-01
    outer loop
      vertex   9.582130e+00 2.060001e+01 3.867953e+00
      vertex   1.007074e+01 1.860001e+01 3.428005e+00
      vertex   1.007074e+01 2.060001e+01 3.428005e+00
    endloop
  endfacet
  facet normal -5.649367e-01 0.000000e+00 8.251342e-01
    outer loop
      vertex   8.873686e+00 1.860001e+01 3.505449e+00
      vertex   8.997753e+00 1.860001e+01 3.590393e+00
      vertex   8.873686e+00 2.060001e+01 3.505449e+00
    endloop
  endfacet
  facet normal -5.649367e-01 0.000000e+00 8.251342e-01
    outer loop
      vertex   8.873686e+00 2.060001e+01 3.505449e+00
      vertex   8.997753e+00 1.860001e+01 3.590393e+00
      vertex   8.997753e+00 2.060001e+01 3.590393e+00
    endloop
  endfacet
  facet normal -5.018415e-01 0.000000e+00 8.649596e-01
    outer loop
      vertex   8.997753e+00 2.060001e+01 3.590393e+00
      vertex   8.997753e+00 1.860001e+01 3.590393e+00
      vertex   9.155662e+00 1.860001e+01 3.682010e+00
    endloop
  endfacet
  facet normal -5.018415e-01 0.000000e+00 8.649596e-01
    outer loop
      vertex   8.997753e+00 2.060001e+01 3.590393e+00
      vertex   9.155662e+00 1.860001e+01 3.682010e+00
      vertex   9.155662e+00 2.060001e+01 3.682010e+00
    endloop
  endfacet
  facet normal -4.358479e-01 0.000000e+00 9.000203e-01
    outer loop
      vertex   9.155662e+00 2.060001e+01 3.682010e+00
      vertex   9.155662e+00 1.860001e+01 3.682010e+00
      vertex   9.349693e+00 1.860001e+01 3.775973e+00
    endloop
  endfacet
  facet normal -4.358479e-01 3.862344e-16 9.000203e-01
    outer loop
      vertex   9.155662e+00 2.060001e+01 3.682010e+00
      vertex   9.349693e+00 1.860001e+01 3.775973e+00
      vertex   9.349693e+00 2.060001e+01 3.775973e+00
    endloop
  endfacet
  facet normal -3.679600e-01 3.268141e-16 9.298416e-01
    outer loop
      vertex   9.349693e+00 2.060001e+01 3.775973e+00
      vertex   9.349693e+00 1.860001e+01 3.775973e+00
      vertex   9.582130e+00 1.860001e+01 3.867953e+00
    endloop
  endfacet
  facet normal -3.679600e-01 1.630808e-15 9.298416e-01
    outer loop
      vertex   9.349693e+00 2.060001e+01 3.775973e+00
      vertex   9.582130e+00 1.860001e+01 3.867953e+00
      vertex   9.582130e+00 2.060001e+01 3.867953e+00
    endloop
  endfacet
  facet normal -7.271025e-01 0.000000e+00 6.865289e-01
    outer loop
      vertex   8.676293e+00 1.860001e+01 3.327106e+00
      vertex   8.736674e+00 1.860001e+01 3.391056e+00
      vertex   8.676293e+00 2.060001e+01 3.327106e+00
    endloop
  endfacet
  facet normal -7.271025e-01 0.000000e+00 6.865289e-01
    outer loop
      vertex   8.676293e+00 2.060001e+01 3.327106e+00
      vertex   8.736674e+00 1.860001e+01 3.391056e+00
      vertex   8.736674e+00 2.060001e+01 3.391056e+00
    endloop
  endfacet
  facet normal -6.409008e-01 0.000000e+00 7.676237e-01
    outer loop
      vertex   8.736674e+00 2.060001e+01 3.391056e+00
      vertex   8.736674e+00 1.860001e+01 3.391056e+00
      vertex   8.873686e+00 1.860001e+01 3.505449e+00
    endloop
  endfacet
  facet normal -6.409008e-01 0.000000e+00 7.676237e-01
    outer loop
      vertex   8.736674e+00 2.060001e+01 3.391056e+00
      vertex   8.873686e+00 1.860001e+01 3.505449e+00
      vertex   8.873686e+00 2.060001e+01 3.505449e+00
    endloop
  endfacet
  facet normal -8.122213e-01 0.000000e+00 5.833494e-01
    outer loop
      vertex   8.197962e+00 1.860001e+01 2.661107e+00
      vertex   8.676293e+00 1.860001e+01 3.327106e+00
      vertex   8.197962e+00 2.060001e+01 2.661107e+00
    endloop
  endfacet
  facet normal -8.122213e-01 0.000000e+00 5.833494e-01
    outer loop
      vertex   8.197962e+00 2.060001e+01 2.661107e+00
      vertex   8.676293e+00 1.860001e+01 3.327106e+00
      vertex   8.676293e+00 2.060001e+01 3.327106e+00
    endloop
  endfacet
  facet normal 4.564266e-01 2.229636e-15 8.897610e-01
    outer loop
      vertex   7.339863e+00 1.860001e+01 3.156530e+00
      vertex   7.781215e+00 1.860001e+01 2.930127e+00
      vertex   7.339863e+00 2.060001e+01 3.156530e+00
    endloop
  endfacet
  facet normal 4.564266e-01 2.098310e-16 8.897610e-01
    outer loop
      vertex   7.339863e+00 2.060001e+01 3.156530e+00
      vertex   7.781215e+00 1.860001e+01 2.930127e+00
      vertex   7.781215e+00 2.060001e+01 2.930127e+00
    endloop
  endfacet
  facet normal 5.423423e-01 2.408484e-16 8.401576e-01
    outer loop
      vertex   7.781215e+00 2.060001e+01 2.930127e+00
      vertex   7.781215e+00 1.860001e+01 2.930127e+00
      vertex   8.197962e+00 1.860001e+01 2.661107e+00
    endloop
  endfacet
  facet normal 5.423423e-01 0.000000e+00 8.401576e-01
    outer loop
      vertex   7.781215e+00 2.060001e+01 2.930127e+00
      vertex   8.197962e+00 1.860001e+01 2.661107e+00
      vertex   8.197962e+00 2.060001e+01 2.661107e+00
    endloop
  endfacet
  facet normal 9.113061e-01 4.047012e-16 -4.117296e-01
    outer loop
      vertex   7.677470e+00 1.860001e+01 3.903777e+00
      vertex   7.339863e+00 1.860001e+01 3.156530e+00
      vertex   7.677470e+00 2.060001e+01 3.903777e+00
    endloop
  endfacet
  facet normal 9.113061e-01 4.434270e-15 -4.117296e-01
    outer loop
      vertex   7.677470e+00 2.060001e+01 3.903777e+00
      vertex   7.339863e+00 1.860001e+01 3.156530e+00
      vertex   7.339863e+00 2.060001e+01 3.156530e+00
    endloop
  endfacet
  facet normal 9.852320e-01 4.375309e-16 -1.712245e-01
    outer loop
      vertex   7.733223e+00 1.860001e+01 4.163896e+00
      vertex   7.702661e+00 1.860001e+01 3.988044e+00
      vertex   7.733223e+00 2.060001e+01 4.163896e+00
    endloop
  endfacet
  facet normal 9.852320e-01 4.373554e-16 -1.712245e-01
    outer loop
      vertex   7.733223e+00 2.060001e+01 4.163896e+00
      vertex   7.702661e+00 1.860001e+01 3.988044e+00
      vertex   7.702661e+00 2.060001e+01 3.988044e+00
    endloop
  endfacet
  facet normal 9.581027e-01 4.254831e-16 -2.864248e-01
    outer loop
      vertex   7.702661e+00 2.060001e+01 3.988044e+00
      vertex   7.702661e+00 1.860001e+01 3.988044e+00
      vertex   7.677470e+00 1.860001e+01 3.903777e+00
    endloop
  endfacet
  facet normal 9.581027e-01 4.240537e-16 -2.864248e-01
    outer loop
      vertex   7.702661e+00 2.060001e+01 3.988044e+00
      vertex   7.677470e+00 1.860001e+01 3.903777e+00
      vertex   7.677470e+00 2.060001e+01 3.903777e+00
    endloop
  endfacet
  facet normal 9.892465e-01 4.393137e-16 1.462581e-01
    outer loop
      vertex   7.692939e+00 1.860001e+01 4.958678e+00
      vertex   7.729499e+00 1.860001e+01 4.711392e+00
      vertex   7.692939e+00 2.060001e+01 4.958678e+00
    endloop
  endfacet
  facet normal 9.892465e-01 4.371954e-16 1.462581e-01
    outer loop
      vertex   7.692939e+00 2.060001e+01 4.958678e+00
      vertex   7.729499e+00 1.860001e+01 4.711392e+00
      vertex   7.729499e+00 2.060001e+01 4.711392e+00
    endloop
  endfacet
  facet normal 9.973644e-01 4.429188e-16 7.255483e-02
    outer loop
      vertex   7.729499e+00 2.060001e+01 4.711392e+00
      vertex   7.729499e+00 1.860001e+01 4.711392e+00
      vertex   7.745141e+00 1.860001e+01 4.496375e+00
    endloop
  endfacet
  facet normal 9.973644e-01 8.851205e-16 7.255483e-02
    outer loop
      vertex   7.729499e+00 2.060001e+01 4.711392e+00
      vertex   7.745141e+00 1.860001e+01 4.496375e+00
      vertex   7.745141e+00 2.060001e+01 4.496375e+00
    endloop
  endfacet
  facet normal 9.999977e-01 8.881764e-16 -2.127718e-03
    outer loop
      vertex   7.745141e+00 2.060001e+01 4.496375e+00
      vertex   7.745141e+00 1.860001e+01 4.496375e+00
      vertex   7.744753e+00 1.860001e+01 4.313813e+00
    endloop
  endfacet
  facet normal 9.999977e-01 4.440752e-16 -2.127718e-03
    outer loop
      vertex   7.745141e+00 2.060001e+01 4.496375e+00
      vertex   7.744753e+00 1.860001e+01 4.313813e+00
      vertex   7.744753e+00 2.060001e+01 4.313813e+00
    endloop
  endfacet
  facet normal 9.970556e-01 4.427816e-16 -7.668244e-02
    outer loop
      vertex   7.744753e+00 2.060001e+01 4.313813e+00
      vertex   7.744753e+00 1.860001e+01 4.313813e+00
      vertex   7.733223e+00 1.860001e+01 4.163896e+00
    endloop
  endfacet
  facet normal 9.970556e-01 4.427376e-16 -7.668244e-02
    outer loop
      vertex   7.744753e+00 2.060001e+01 4.313813e+00
      vertex   7.733223e+00 1.860001e+01 4.163896e+00
      vertex   7.733223e+00 2.060001e+01 4.163896e+00
    endloop
  endfacet
  facet normal 3.090170e-01 1.372311e-16 9.510565e-01
    outer loop
      vertex   7.067627e+00 1.860001e+01 5.161855e+00
      vertex   7.692939e+00 1.860001e+01 4.958678e+00
      vertex   7.067627e+00 2.060001e+01 5.161855e+00
    endloop
  endfacet
  facet normal 3.090170e-01 1.266429e-16 9.510565e-01
    outer loop
      vertex   7.067627e+00 2.060001e+01 5.161855e+00
      vertex   7.692939e+00 1.860001e+01 4.958678e+00
      vertex   7.692939e+00 2.060001e+01 4.958678e+00
    endloop
  endfacet
  facet normal -8.517077e-01 -3.782342e-16 5.240172e-01
    outer loop
      vertex   6.567874e+00 1.860001e+01 4.542540e+00
      vertex   6.646666e+00 1.860001e+01 4.670603e+00
      vertex   6.567874e+00 2.060001e+01 4.542540e+00
    endloop
  endfacet
  facet normal -8.517077e-01 -3.807255e-16 5.240172e-01
    outer loop
      vertex   6.567874e+00 2.060001e+01 4.542540e+00
      vertex   6.646666e+00 1.860001e+01 4.670603e+00
      vertex   6.646666e+00 2.060001e+01 4.670603e+00
    endloop
  endfacet
  facet normal -8.102658e-01 -3.598303e-16 5.860626e-01
    outer loop
      vertex   6.646666e+00 2.060001e+01 4.670603e+00
      vertex   6.646666e+00 1.860001e+01 4.670603e+00
      vertex   6.753658e+00 1.860001e+01 4.818527e+00
    endloop
  endfacet
  facet normal -8.102658e-01 -3.610802e-16 5.860626e-01
    outer loop
      vertex   6.646666e+00 2.060001e+01 4.670603e+00
      vertex   6.753658e+00 1.860001e+01 4.818527e+00
      vertex   6.753658e+00 2.060001e+01 4.818527e+00
    endloop
  endfacet
  facet normal -7.642381e-01 -3.393899e-16 6.449342e-01
    outer loop
      vertex   6.753658e+00 2.060001e+01 4.818527e+00
      vertex   6.753658e+00 1.860001e+01 4.818527e+00
      vertex   6.892697e+00 1.860001e+01 4.983286e+00
    endloop
  endfacet
  facet normal -7.642381e-01 -3.379551e-16 6.449342e-01
    outer loop
      vertex   6.753658e+00 2.060001e+01 4.818527e+00
      vertex   6.892697e+00 1.860001e+01 4.983286e+00
      vertex   6.892697e+00 2.060001e+01 4.983286e+00
    endloop
  endfacet
  facet normal -7.143488e-01 -3.172346e-16 6.997898e-01
    outer loop
      vertex   6.892697e+00 2.060001e+01 4.983286e+00
      vertex   6.892697e+00 1.860001e+01 4.983286e+00
      vertex   7.067627e+00 1.860001e+01 5.161855e+00
    endloop
  endfacet
  facet normal -7.143488e-01 -3.122824e-16 6.997898e-01
    outer loop
      vertex   6.892697e+00 2.060001e+01 4.983286e+00
      vertex   7.067627e+00 1.860001e+01 5.161855e+00
      vertex   7.067627e+00 2.060001e+01 5.161855e+00
    endloop
  endfacet
  facet normal -9.434777e-01 -4.189882e-16 3.314361e-01
    outer loop
      vertex   6.460085e+00 1.860001e+01 4.299329e+00
      vertex   6.489236e+00 1.860001e+01 4.382310e+00
      vertex   6.460085e+00 2.060001e+01 4.299329e+00
    endloop
  endfacet
  facet normal -9.434777e-01 -4.191229e-16 3.314361e-01
    outer loop
      vertex   6.460085e+00 2.060001e+01 4.299329e+00
      vertex   6.489236e+00 1.860001e+01 4.382310e+00
      vertex   6.489236e+00 2.060001e+01 4.382310e+00
    endloop
  endfacet
  facet normal -8.977127e-01 -3.986645e-16 4.405814e-01
    outer loop
      vertex   6.489236e+00 2.060001e+01 4.382310e+00
      vertex   6.489236e+00 1.860001e+01 4.382310e+00
      vertex   6.567874e+00 1.860001e+01 4.542540e+00
    endloop
  endfacet
  facet normal -8.977127e-01 -3.984794e-16 4.405814e-01
    outer loop
      vertex   6.489236e+00 2.060001e+01 4.382310e+00
      vertex   6.567874e+00 1.860001e+01 4.542540e+00
      vertex   6.567874e+00 2.060001e+01 4.542540e+00
    endloop
  endfacet
  facet normal -9.792707e-01 -4.348835e-16 2.025561e-01
    outer loop
      vertex   6.293995e+00 1.860001e+01 3.496353e+00
      vertex   6.460085e+00 1.860001e+01 4.299329e+00
      vertex   6.293995e+00 2.060001e+01 3.496353e+00
    endloop
  endfacet
  facet normal -9.792707e-01 -4.231173e-16 2.025561e-01
    outer loop
      vertex   6.293995e+00 2.060001e+01 3.496353e+00
      vertex   6.460085e+00 1.860001e+01 4.299329e+00
      vertex   6.460085e+00 2.060001e+01 4.299329e+00
    endloop
  endfacet
  facet normal 5.506807e-02 -0.000000e+00 9.984826e-01
    outer loop
      vertex   5.308575e+00 1.860001e+01 3.599925e+00
      vertex   5.803857e+00 1.860001e+01 3.572609e+00
      vertex   5.308575e+00 2.060001e+01 3.599925e+00
    endloop
  endfacet
  facet normal 5.506807e-02 2.448028e-17 9.984826e-01
    outer loop
      vertex   5.308575e+00 2.060001e+01 3.599925e+00
      vertex   5.803857e+00 1.860001e+01 3.572609e+00
      vertex   5.803857e+00 2.060001e+01 3.572609e+00
    endloop
  endfacet
  facet normal 1.537315e-01 6.827050e-17 9.881127e-01
    outer loop
      vertex   5.803857e+00 2.060001e+01 3.572609e+00
      vertex   5.803857e+00 1.860001e+01 3.572609e+00
      vertex   6.293995e+00 1.860001e+01 3.496353e+00
    endloop
  endfacet
  facet normal 1.537315e-01 6.294929e-17 9.881127e-01
    outer loop
      vertex   5.803857e+00 2.060001e+01 3.572609e+00
      vertex   6.293995e+00 1.860001e+01 3.496353e+00
      vertex   6.293995e+00 2.060001e+01 3.496353e+00
    endloop
  endfacet
  facet normal 9.999850e-01 0.000000e+00 -5.472098e-03
    outer loop
      vertex   5.313062e+00 1.860001e+01 4.419886e+00
      vertex   5.308575e+00 1.860001e+01 3.599925e+00
      vertex   5.313062e+00 2.060001e+01 4.419886e+00
    endloop
  endfacet
  facet normal 9.999850e-01 0.000000e+00 -5.472098e-03
    outer loop
      vertex   5.313062e+00 2.060001e+01 4.419886e+00
      vertex   5.308575e+00 1.860001e+01 3.599925e+00
      vertex   5.308575e+00 2.060001e+01 3.599925e+00
    endloop
  endfacet
  facet normal 9.696975e-01 -0.000000e+00 2.443086e-01
    outer loop
      vertex   5.258195e+00 1.860001e+01 4.680193e+00
      vertex   5.301801e+00 1.860001e+01 4.507114e+00
      vertex   5.258195e+00 2.060001e+01 4.680193e+00
    endloop
  endfacet
  facet normal 9.696975e-01 0.000000e+00 2.443086e-01
    outer loop
      vertex   5.258195e+00 2.060001e+01 4.680193e+00
      vertex   5.301801e+00 1.860001e+01 4.507114e+00
      vertex   5.301801e+00 2.060001e+01 4.507114e+00
    endloop
  endfacet
  facet normal 9.917699e-01 0.000000e+00 1.280334e-01
    outer loop
      vertex   5.301801e+00 2.060001e+01 4.507114e+00
      vertex   5.301801e+00 1.860001e+01 4.507114e+00
      vertex   5.313062e+00 1.860001e+01 4.419886e+00
    endloop
  endfacet
  facet normal 9.917699e-01 0.000000e+00 1.280334e-01
    outer loop
      vertex   5.301801e+00 2.060001e+01 4.507114e+00
      vertex   5.313062e+00 1.860001e+01 4.419886e+00
      vertex   5.313062e+00 2.060001e+01 4.419886e+00
    endloop
  endfacet
  facet normal 8.442331e-01 -0.000000e+00 5.359762e-01
    outer loop
      vertex   4.898127e+00 1.860001e+01 5.389878e+00
      vertex   5.032107e+00 1.860001e+01 5.178842e+00
      vertex   4.898127e+00 2.060001e+01 5.389878e+00
    endloop
  endfacet
  facet normal 8.442331e-01 0.000000e+00 5.359762e-01
    outer loop
      vertex   4.898127e+00 2.060001e+01 5.389878e+00
      vertex   5.032107e+00 1.860001e+01 5.178842e+00
      vertex   5.032107e+00 2.060001e+01 5.178842e+00
    endloop
  endfacet
  facet normal 8.816270e-01 0.000000e+00 4.719468e-01
    outer loop
      vertex   5.032107e+00 2.060001e+01 5.178842e+00
      vertex   5.032107e+00 1.860001e+01 5.178842e+00
      vertex   5.133852e+00 1.860001e+01 4.988775e+00
    endloop
  endfacet
  facet normal 8.816270e-01 0.000000e+00 4.719468e-01
    outer loop
      vertex   5.032107e+00 2.060001e+01 5.178842e+00
      vertex   5.133852e+00 1.860001e+01 4.988775e+00
      vertex   5.133852e+00 2.060001e+01 4.988775e+00
    endloop
  endfacet
  facet normal 9.144088e-01 0.000000e+00 4.047920e-01
    outer loop
      vertex   5.133852e+00 2.060001e+01 4.988775e+00
      vertex   5.133852e+00 1.860001e+01 4.988775e+00
      vertex   5.207752e+00 1.860001e+01 4.821839e+00
    endloop
  endfacet
  facet normal 9.144088e-01 0.000000e+00 4.047920e-01
    outer loop
      vertex   5.133852e+00 2.060001e+01 4.988775e+00
      vertex   5.207752e+00 1.860001e+01 4.821839e+00
      vertex   5.207752e+00 2.060001e+01 4.821839e+00
    endloop
  endfacet
  facet normal 9.420451e-01 0.000000e+00 3.354861e-01
    outer loop
      vertex   5.207752e+00 2.060001e+01 4.821839e+00
      vertex   5.207752e+00 1.860001e+01 4.821839e+00
      vertex   5.258195e+00 1.860001e+01 4.680193e+00
    endloop
  endfacet
  facet normal 9.420451e-01 0.000000e+00 3.354861e-01
    outer loop
      vertex   5.207752e+00 2.060001e+01 4.821839e+00
      vertex   5.258195e+00 1.860001e+01 4.680193e+00
      vertex   5.258195e+00 2.060001e+01 4.680193e+00
    endloop
  endfacet
  facet normal -1.045285e-01 0.000000e+00 9.945219e-01
    outer loop
      vertex   4.244236e+00 1.860001e+01 5.321152e+00
      vertex   4.898127e+00 1.860001e+01 5.389878e+00
      vertex   4.244236e+00 2.060001e+01 5.321152e+00
    endloop
  endfacet
  facet normal -1.045285e-01 0.000000e+00 9.945219e-01
    outer loop
      vertex   4.244236e+00 2.060001e+01 5.321152e+00
      vertex   4.898127e+00 1.860001e+01 5.389878e+00
      vertex   4.898127e+00 2.060001e+01 5.389878e+00
    endloop
  endfacet
  facet normal -9.912107e-01 0.000000e+00 1.322928e-01
    outer loop
      vertex   4.039588e+00 1.860001e+01 4.552112e+00
      vertex   4.059479e+00 1.860001e+01 4.701151e+00
      vertex   4.039588e+00 2.060001e+01 4.552112e+00
    endloop
  endfacet
  facet normal -9.912107e-01 0.000000e+00 1.322928e-01
    outer loop
      vertex   4.039588e+00 2.060001e+01 4.552112e+00
      vertex   4.059479e+00 1.860001e+01 4.701151e+00
      vertex   4.059479e+00 2.060001e+01 4.701151e+00
    endloop
  endfacet
  facet normal -9.785878e-01 0.000000e+00 2.058300e-01
    outer loop
      vertex   4.059479e+00 2.060001e+01 4.701151e+00
      vertex   4.059479e+00 1.860001e+01 4.701151e+00
      vertex   4.097056e+00 1.860001e+01 4.879804e+00
    endloop
  endfacet
  facet normal -9.785878e-01 0.000000e+00 2.058300e-01
    outer loop
      vertex   4.059479e+00 2.060001e+01 4.701151e+00
      vertex   4.097056e+00 1.860001e+01 4.879804e+00
      vertex   4.097056e+00 2.060001e+01 4.879804e+00
    endloop
  endfacet
  facet normal -9.604846e-01 0.000000e+00 2.783331e-01
    outer loop
      vertex   4.097056e+00 2.060001e+01 4.879804e+00
      vertex   4.097056e+00 1.860001e+01 4.879804e+00
      vertex   4.157061e+00 1.860001e+01 5.086871e+00
    endloop
  endfacet
  facet normal -9.604846e-01 0.000000e+00 2.783331e-01
    outer loop
      vertex   4.097056e+00 2.060001e+01 4.879804e+00
      vertex   4.157061e+00 1.860001e+01 5.086871e+00
      vertex   4.157061e+00 2.060001e+01 5.086871e+00
    endloop
  endfacet
  facet normal -9.372203e-01 0.000000e+00 3.487379e-01
    outer loop
      vertex   4.157061e+00 2.060001e+01 5.086871e+00
      vertex   4.157061e+00 1.860001e+01 5.086871e+00
      vertex   4.244236e+00 1.860001e+01 5.321152e+00
    endloop
  endfacet
  facet normal -9.372203e-01 0.000000e+00 3.487379e-01
    outer loop
      vertex   4.157061e+00 2.060001e+01 5.086871e+00
      vertex   4.244236e+00 1.860001e+01 5.321152e+00
      vertex   4.244236e+00 2.060001e+01 5.321152e+00
    endloop
  endfacet
  facet normal -9.967169e-01 0.000000e+00 -8.096498e-02
    outer loop
      vertex   4.040041e+00 1.860001e+01 4.286086e+00
      vertex   4.032920e+00 1.860001e+01 4.373749e+00
      vertex   4.040041e+00 2.060001e+01 4.286086e+00
    endloop
  endfacet
  facet normal -9.967169e-01 0.000000e+00 -8.096498e-02
    outer loop
      vertex   4.040041e+00 2.060001e+01 4.286086e+00
      vertex   4.032920e+00 1.860001e+01 4.373749e+00
      vertex   4.032920e+00 2.060001e+01 4.373749e+00
    endloop
  endfacet
  facet normal -9.993019e-01 0.000000e+00 3.735846e-02
    outer loop
      vertex   4.032920e+00 2.060001e+01 4.373749e+00
      vertex   4.032920e+00 1.860001e+01 4.373749e+00
      vertex   4.039588e+00 1.860001e+01 4.552112e+00
    endloop
  endfacet
  facet normal -9.993019e-01 0.000000e+00 3.735846e-02
    outer loop
      vertex   4.032920e+00 2.060001e+01 4.373749e+00
      vertex   4.039588e+00 1.860001e+01 4.552112e+00
      vertex   4.039588e+00 2.060001e+01 4.552112e+00
    endloop
  endfacet
  facet normal -9.769952e-01 0.000000e+00 -2.132611e-01
    outer loop
      vertex   4.214909e+00 1.860001e+01 3.484976e+00
      vertex   4.040041e+00 1.860001e+01 4.286086e+00
      vertex   4.214909e+00 2.060001e+01 3.484976e+00
    endloop
  endfacet
  facet normal -9.769952e-01 0.000000e+00 -2.132611e-01
    outer loop
      vertex   4.214909e+00 2.060001e+01 3.484976e+00
      vertex   4.040041e+00 1.860001e+01 4.286086e+00
      vertex   4.040041e+00 2.060001e+01 4.286086e+00
    endloop
  endfacet
  facet normal -3.558123e-01 0.000000e+00 9.345574e-01
    outer loop
      vertex   3.272557e+00 1.860001e+01 3.178787e+00
      vertex   3.736130e+00 1.860001e+01 3.355283e+00
      vertex   3.272557e+00 2.060001e+01 3.178787e+00
    endloop
  endfacet
  facet normal -3.558123e-01 0.000000e+00 9.345574e-01
    outer loop
      vertex   3.272557e+00 2.060001e+01 3.178787e+00
      vertex   3.736130e+00 1.860001e+01 3.355283e+00
      vertex   3.736130e+00 2.060001e+01 3.355283e+00
    endloop
  endfacet
  facet normal -2.614609e-01 0.000000e+00 9.652141e-01
    outer loop
      vertex   3.736130e+00 2.060001e+01 3.355283e+00
      vertex   3.736130e+00 1.860001e+01 3.355283e+00
      vertex   4.214909e+00 1.860001e+01 3.484976e+00
    endloop
  endfacet
  facet normal -2.614609e-01 0.000000e+00 9.652141e-01
    outer loop
      vertex   3.736130e+00 2.060001e+01 3.355283e+00
      vertex   4.214909e+00 1.860001e+01 3.484976e+00
      vertex   4.214909e+00 2.060001e+01 3.484976e+00
    endloop
  endfacet
  facet normal 9.157575e-01 -0.000000e+00 4.017315e-01
    outer loop
      vertex   2.943148e+00 1.860001e+01 3.929684e+00
      vertex   3.272557e+00 1.860001e+01 3.178787e+00
      vertex   2.943148e+00 2.060001e+01 3.929684e+00
    endloop
  endfacet
  facet normal 9.157575e-01 0.000000e+00 4.017315e-01
    outer loop
      vertex   2.943148e+00 2.060001e+01 3.929684e+00
      vertex   3.272557e+00 1.860001e+01 3.178787e+00
      vertex   3.272557e+00 2.060001e+01 3.178787e+00
    endloop
  endfacet
  facet normal 7.864935e-01 -0.000000e+00 6.175986e-01
    outer loop
      vertex   2.787148e+00 1.860001e+01 4.145170e+00
      vertex   2.897382e+00 1.860001e+01 4.004791e+00
      vertex   2.787148e+00 2.060001e+01 4.145170e+00
    endloop
  endfacet
  facet normal 7.864935e-01 0.000000e+00 6.175986e-01
    outer loop
      vertex   2.787148e+00 2.060001e+01 4.145170e+00
      vertex   2.897382e+00 1.860001e+01 4.004791e+00
      vertex   2.897382e+00 2.060001e+01 4.004791e+00
    endloop
  endfacet
  facet normal 8.539510e-01 0.000000e+00 5.203535e-01
    outer loop
      vertex   2.897382e+00 2.060001e+01 4.004791e+00
      vertex   2.897382e+00 1.860001e+01 4.004791e+00
      vertex   2.943148e+00 1.860001e+01 3.929684e+00
    endloop
  endfacet
  facet normal 8.539510e-01 0.000000e+00 5.203535e-01
    outer loop
      vertex   2.897382e+00 2.060001e+01 4.004791e+00
      vertex   2.943148e+00 1.860001e+01 3.929684e+00
      vertex   2.943148e+00 2.060001e+01 3.929684e+00
    endloop
  endfacet
  facet normal 5.532441e-01 -0.000000e+00 8.330192e-01
    outer loop
      vertex   2.169554e+00 1.860001e+01 4.647047e+00
      vertex   2.377787e+00 1.860001e+01 4.508750e+00
      vertex   2.169554e+00 2.060001e+01 4.647047e+00
    endloop
  endfacet
  facet normal 5.532441e-01 0.000000e+00 8.330192e-01
    outer loop
      vertex   2.169554e+00 2.060001e+01 4.647047e+00
      vertex   2.377787e+00 1.860001e+01 4.508750e+00
      vertex   2.377787e+00 2.060001e+01 4.508750e+00
    endloop
  endfacet
  facet normal 6.134483e-01 0.000000e+00 7.897349e-01
    outer loop
      vertex   2.377787e+00 2.060001e+01 4.508750e+00
      vertex   2.377787e+00 1.860001e+01 4.508750e+00
      vertex   2.548043e+00 1.860001e+01 4.376499e+00
    endloop
  endfacet
  facet normal 6.134483e-01 0.000000e+00 7.897349e-01
    outer loop
      vertex   2.377787e+00 2.060001e+01 4.508750e+00
      vertex   2.548043e+00 1.860001e+01 4.376499e+00
      vertex   2.548043e+00 2.060001e+01 4.376499e+00
    endloop
  endfacet
  facet normal 6.707103e-01 0.000000e+00 7.417194e-01
    outer loop
      vertex   2.548043e+00 2.060001e+01 4.376499e+00
      vertex   2.548043e+00 1.860001e+01 4.376499e+00
      vertex   2.683453e+00 1.860001e+01 4.254053e+00
    endloop
  endfacet
  facet normal 6.707103e-01 0.000000e+00 7.417194e-01
    outer loop
      vertex   2.548043e+00 2.060001e+01 4.376499e+00
      vertex   2.683453e+00 1.860001e+01 4.254053e+00
      vertex   2.683453e+00 2.060001e+01 4.254053e+00
    endloop
  endfacet
  facet normal 7.241466e-01 0.000000e+00 6.896461e-01
    outer loop
      vertex   2.683453e+00 2.060001e+01 4.254053e+00
      vertex   2.683453e+00 1.860001e+01 4.254053e+00
      vertex   2.787148e+00 1.860001e+01 4.145170e+00
    endloop
  endfacet
  facet normal 7.241466e-01 0.000000e+00 6.896461e-01
    outer loop
      vertex   2.683453e+00 2.060001e+01 4.254053e+00
      vertex   2.787148e+00 1.860001e+01 4.145170e+00
      vertex   2.787148e+00 2.060001e+01 4.145170e+00
    endloop
  endfacet
  facet normal -5.000000e-01 0.000000e+00 8.660254e-01
    outer loop
      vertex   1.600149e+00 1.860001e+01 4.318300e+00
      vertex   2.169554e+00 1.860001e+01 4.647047e+00
      vertex   1.600149e+00 2.060001e+01 4.318300e+00
    endloop
  endfacet
  facet normal -5.000000e-01 0.000000e+00 8.660254e-01
    outer loop
      vertex   1.600149e+00 2.060001e+01 4.318300e+00
      vertex   2.169554e+00 1.860001e+01 4.647047e+00
      vertex   2.169554e+00 2.060001e+01 4.647047e+00
    endloop
  endfacet
  facet normal -9.593243e-01 0.000000e+00 -2.823063e-01
    outer loop
      vertex   1.725990e+00 1.860001e+01 3.532510e+00
      vertex   1.683542e+00 1.860001e+01 3.676754e+00
      vertex   1.725990e+00 2.060001e+01 3.532510e+00
    endloop
  endfacet
  facet normal -9.593243e-01 0.000000e+00 -2.823063e-01
    outer loop
      vertex   1.725990e+00 2.060001e+01 3.532510e+00
      vertex   1.683542e+00 1.860001e+01 3.676754e+00
      vertex   1.683542e+00 2.060001e+01 3.676754e+00
    endloop
  endfacet
  facet normal -9.777030e-01 -0.000000e+00 -2.099924e-01
    outer loop
      vertex   1.683542e+00 2.060001e+01 3.676754e+00
      vertex   1.683542e+00 1.860001e+01 3.676754e+00
      vertex   1.645206e+00 1.860001e+01 3.855246e+00
    endloop
  endfacet
  facet normal -9.777030e-01 0.000000e+00 -2.099924e-01
    outer loop
      vertex   1.683542e+00 2.060001e+01 3.676754e+00
      vertex   1.645206e+00 1.860001e+01 3.855246e+00
      vertex   1.645206e+00 2.060001e+01 3.855246e+00
    endloop
  endfacet
  facet normal -9.906546e-01 -0.000000e+00 -1.363944e-01
    outer loop
      vertex   1.645206e+00 2.060001e+01 3.855246e+00
      vertex   1.645206e+00 1.860001e+01 3.855246e+00
      vertex   1.615801e+00 1.860001e+01 4.068817e+00
    endloop
  endfacet
  facet normal -9.906546e-01 0.000000e+00 -1.363944e-01
    outer loop
      vertex   1.645206e+00 2.060001e+01 3.855246e+00
      vertex   1.615801e+00 1.860001e+01 4.068817e+00
      vertex   1.615801e+00 2.060001e+01 4.068817e+00
    endloop
  endfacet
  facet normal -9.980378e-01 -0.000000e+00 -6.261386e-02
    outer loop
      vertex   1.615801e+00 2.060001e+01 4.068817e+00
      vertex   1.615801e+00 1.860001e+01 4.068817e+00
      vertex   1.600149e+00 1.860001e+01 4.318300e+00
    endloop
  endfacet
  facet normal -9.980378e-01 0.000000e+00 -6.261386e-02
    outer loop
      vertex   1.615801e+00 2.060001e+01 4.068817e+00
      vertex   1.600149e+00 1.860001e+01 4.318300e+00
      vertex   1.600149e+00 2.060001e+01 4.318300e+00
    endloop
  endfacet
  facet normal -8.776148e-01 0.000000e+00 -4.793665e-01
    outer loop
      vertex   1.834607e+00 1.860001e+01 3.289667e+00
      vertex   1.792445e+00 1.860001e+01 3.366855e+00
      vertex   1.834607e+00 2.060001e+01 3.289667e+00
    endloop
  endfacet
  facet normal -8.776148e-01 0.000000e+00 -4.793665e-01
    outer loop
      vertex   1.834607e+00 2.060001e+01 3.289667e+00
      vertex   1.792445e+00 1.860001e+01 3.366855e+00
      vertex   1.792445e+00 2.060001e+01 3.366855e+00
    endloop
  endfacet
  facet normal -9.281028e-01 -0.000000e+00 -3.723241e-01
    outer loop
      vertex   1.792445e+00 2.060001e+01 3.366855e+00
      vertex   1.792445e+00 1.860001e+01 3.366855e+00
      vertex   1.725990e+00 1.860001e+01 3.532510e+00
    endloop
  endfacet
  facet normal -9.281028e-01 0.000000e+00 -3.723241e-01
    outer loop
      vertex   1.792445e+00 2.060001e+01 3.366855e+00
      vertex   1.725990e+00 1.860001e+01 3.532510e+00
      vertex   1.725990e+00 2.060001e+01 3.532510e+00
    endloop
  endfacet
  facet normal -8.057885e-01 0.000000e+00 -5.922035e-01
    outer loop
      vertex   2.320197e+00 1.860001e+01 2.628942e+00
      vertex   1.834607e+00 1.860001e+01 3.289667e+00
      vertex   2.320197e+00 2.060001e+01 2.628942e+00
    endloop
  endfacet
  facet normal -8.057885e-01 0.000000e+00 -5.922035e-01
    outer loop
      vertex   2.320197e+00 2.060001e+01 2.628942e+00
      vertex   1.834607e+00 1.860001e+01 3.289667e+00
      vertex   1.834607e+00 2.060001e+01 3.289667e+00
    endloop
  endfacet
  facet normal -7.051694e-01 0.000000e+00 7.090388e-01
    outer loop
      vertex   1.583854e+00 1.860001e+01 1.965936e+00
      vertex   1.935562e+00 1.860001e+01 2.315724e+00
      vertex   1.583854e+00 2.060001e+01 1.965936e+00
    endloop
  endfacet
  facet normal -7.051694e-01 0.000000e+00 7.090388e-01
    outer loop
      vertex   1.583854e+00 2.060001e+01 1.965936e+00
      vertex   1.935562e+00 1.860001e+01 2.315724e+00
      vertex   1.935562e+00 2.060001e+01 2.315724e+00
    endloop
  endfacet
  facet normal -6.314444e-01 0.000000e+00 7.754212e-01
    outer loop
      vertex   1.935562e+00 2.060001e+01 2.315724e+00
      vertex   1.935562e+00 1.860001e+01 2.315724e+00
      vertex   2.320197e+00 1.860001e+01 2.628942e+00
    endloop
  endfacet
  facet normal -6.314444e-01 0.000000e+00 7.754212e-01
    outer loop
      vertex   1.935562e+00 2.060001e+01 2.315724e+00
      vertex   2.320197e+00 1.860001e+01 2.628942e+00
      vertex   2.320197e+00 2.060001e+01 2.628942e+00
    endloop
  endfacet
  facet normal 6.731871e-01 -0.000000e+00 7.394722e-01
    outer loop
      vertex   9.775070e-01 1.860001e+01 2.517931e+00
      vertex   1.583854e+00 1.860001e+01 1.965936e+00
      vertex   9.775070e-01 2.060001e+01 2.517931e+00
    endloop
  endfacet
  facet normal 6.731871e-01 0.000000e+00 7.394722e-01
    outer loop
      vertex   9.775070e-01 2.060001e+01 2.517931e+00
      vertex   1.583854e+00 1.860001e+01 1.965936e+00
      vertex   1.583854e+00 2.060001e+01 1.965936e+00
    endloop
  endfacet
  facet normal 4.672976e-01 -0.000000e+00 8.841001e-01
    outer loop
      vertex   7.473476e-01 1.860001e+01 2.651337e+00
      vertex   9.051485e-01 1.860001e+01 2.567930e+00
      vertex   7.473476e-01 2.060001e+01 2.651337e+00
    endloop
  endfacet
  facet normal 4.672976e-01 0.000000e+00 8.841001e-01
    outer loop
      vertex   7.473476e-01 2.060001e+01 2.651337e+00
      vertex   9.051485e-01 1.860001e+01 2.567930e+00
      vertex   9.051485e-01 2.060001e+01 2.567930e+00
    endloop
  endfacet
  facet normal 5.684762e-01 0.000000e+00 8.226997e-01
    outer loop
      vertex   9.051485e-01 2.060001e+01 2.567930e+00
      vertex   9.051485e-01 1.860001e+01 2.567930e+00
      vertex   9.775070e-01 1.860001e+01 2.517931e+00
    endloop
  endfacet
  facet normal 5.684762e-01 0.000000e+00 8.226997e-01
    outer loop
      vertex   9.051485e-01 2.060001e+01 2.567930e+00
      vertex   9.775070e-01 1.860001e+01 2.517931e+00
      vertex   9.775070e-01 2.060001e+01 2.517931e+00
    endloop
  endfacet
  facet normal 1.665942e-01 -1.849567e-16 9.860255e-01
    outer loop
      vertex   -2.098414e-02 1.860001e+01 2.858625e+00
      vertex   2.254968e-01 1.860001e+01 2.816981e+00
      vertex   -2.098414e-02 2.060001e+01 2.858625e+00
    endloop
  endfacet
  facet normal 1.665942e-01 -1.804299e-16 9.860255e-01
    outer loop
      vertex   -2.098414e-02 2.060001e+01 2.858625e+00
      vertex   2.254968e-01 1.860001e+01 2.816981e+00
      vertex   2.254968e-01 2.060001e+01 2.816981e+00
    endloop
  endfacet
  facet normal 2.391988e-01 -2.622445e-16 9.709706e-01
    outer loop
      vertex   2.254968e-01 2.060001e+01 2.816981e+00
      vertex   2.254968e-01 1.860001e+01 2.816981e+00
      vertex   4.348245e-01 1.860001e+01 2.765413e+00
    endloop
  endfacet
  facet normal 2.391988e-01 -2.333500e-16 9.709706e-01
    outer loop
      vertex   2.254968e-01 2.060001e+01 2.816981e+00
      vertex   4.348245e-01 1.860001e+01 2.765413e+00
      vertex   4.348245e-01 2.060001e+01 2.765413e+00
    endloop
  endfacet
  facet normal 3.110399e-01 -3.021582e-16 9.503969e-01
    outer loop
      vertex   4.348245e-01 2.060001e+01 2.765413e+00
      vertex   4.348245e-01 1.860001e+01 2.765413e+00
      vertex   6.083307e-01 1.860001e+01 2.708629e+00
    endloop
  endfacet
  facet normal 3.110399e-01 -2.090464e-16 9.503969e-01
    outer loop
      vertex   4.348245e-01 2.060001e+01 2.765413e+00
      vertex   6.083307e-01 1.860001e+01 2.708629e+00
      vertex   6.083307e-01 2.060001e+01 2.708629e+00
    endloop
  endfacet
  facet normal 3.810364e-01 -2.538213e-16 9.245600e-01
    outer loop
      vertex   6.083307e-01 2.060001e+01 2.708629e+00
      vertex   6.083307e-01 1.860001e+01 2.708629e+00
      vertex   7.473476e-01 1.860001e+01 2.651337e+00
    endloop
  endfacet
  facet normal 3.810364e-01 0.000000e+00 9.245600e-01
    outer loop
      vertex   6.083307e-01 2.060001e+01 2.708629e+00
      vertex   7.473476e-01 1.860001e+01 2.651337e+00
      vertex   7.473476e-01 2.060001e+01 2.651337e+00
    endloop
  endfacet
  facet normal -8.090170e-01 8.981893e-16 5.877853e-01
    outer loop
      vertex   -4.074483e-01 1.860001e+01 2.326703e+00
      vertex   -2.098414e-02 1.860001e+01 2.858625e+00
      vertex   -4.074483e-01 2.060001e+01 2.326703e+00
    endloop
  endfacet
  facet normal -8.090170e-01 8.865006e-16 5.877853e-01
    outer loop
      vertex   -4.074483e-01 2.060001e+01 2.326703e+00
      vertex   -2.098414e-02 1.860001e+01 2.858625e+00
      vertex   -2.098414e-02 2.060001e+01 2.858625e+00
    endloop
  endfacet
  facet normal -7.615621e-01 8.455038e-16 -6.480920e-01
    outer loop
      vertex   2.712266e-02 1.860001e+01 1.660032e+00
      vertex   -7.032443e-02 1.860001e+01 1.774541e+00
      vertex   2.712266e-02 2.060001e+01 1.660032e+00
    endloop
  endfacet
  facet normal -7.615621e-01 8.422109e-16 -6.480920e-01
    outer loop
      vertex   2.712266e-02 2.060001e+01 1.660032e+00
      vertex   -7.032443e-02 1.860001e+01 1.774541e+00
      vertex   -7.032443e-02 2.060001e+01 1.774541e+00
    endloop
  endfacet
  facet normal -8.077645e-01 8.967988e-16 -5.895053e-01
    outer loop
      vertex   -7.032443e-02 2.060001e+01 1.774541e+00
      vertex   -7.032443e-02 1.860001e+01 1.774541e+00
      vertex   -1.779456e-01 1.860001e+01 1.922008e+00
    endloop
  endfacet
  facet normal -8.077645e-01 9.027005e-16 -5.895053e-01
    outer loop
      vertex   -7.032443e-02 2.060001e+01 1.774541e+00
      vertex   -1.779456e-01 1.860001e+01 1.922008e+00
      vertex   -1.779456e-01 2.060001e+01 1.922008e+00
    endloop
  endfacet
  facet normal -8.495314e-01 9.431693e-16 -5.275380e-01
    outer loop
      vertex   -1.779456e-01 2.060001e+01 1.922008e+00
      vertex   -1.779456e-01 1.860001e+01 1.922008e+00
      vertex   -2.916754e-01 1.860001e+01 2.105155e+00
    endloop
  endfacet
  facet normal -8.495314e-01 9.414464e-16 -5.275380e-01
    outer loop
      vertex   -1.779456e-01 2.060001e+01 1.922008e+00
      vertex   -2.916754e-01 1.860001e+01 2.105155e+00
      vertex   -2.916754e-01 2.060001e+01 2.105155e+00
    endloop
  endfacet
  facet normal -8.862856e-01 9.839746e-16 -4.631392e-01
    outer loop
      vertex   -2.916754e-01 2.060001e+01 2.105155e+00
      vertex   -2.916754e-01 1.860001e+01 2.105155e+00
      vertex   -4.074483e-01 1.860001e+01 2.326703e+00
    endloop
  endfacet
  facet normal -8.862856e-01 9.854246e-16 -4.631392e-01
    outer loop
      vertex   -2.916754e-01 2.060001e+01 2.105155e+00
      vertex   -4.074483e-01 1.860001e+01 2.326703e+00
      vertex   -4.074483e-01 2.060001e+01 2.326703e+00
    endloop
  endfacet
  facet normal -6.067651e-01 6.736446e-16 -7.948812e-01
    outer loop
      vertex   2.251222e-01 1.860001e+01 1.482362e+00
      vertex   1.552105e-01 1.860001e+01 1.535729e+00
      vertex   2.251222e-01 2.060001e+01 1.482362e+00
    endloop
  endfacet
  facet normal -6.067651e-01 6.730620e-16 -7.948812e-01
    outer loop
      vertex   2.251222e-01 2.060001e+01 1.482362e+00
      vertex   1.552105e-01 1.860001e+01 1.535729e+00
      vertex   1.552105e-01 2.060001e+01 1.535729e+00
    endloop
  endfacet
  facet normal -6.964263e-01 7.731885e-16 -7.176284e-01
    outer loop
      vertex   1.552105e-01 2.060001e+01 1.535729e+00
      vertex   1.552105e-01 1.860001e+01 1.535729e+00
      vertex   2.712266e-02 1.860001e+01 1.660032e+00
    endloop
  endfacet
  facet normal -6.964263e-01 7.775207e-16 -7.176284e-01
    outer loop
      vertex   1.552105e-01 2.060001e+01 1.535729e+00
      vertex   2.712266e-02 1.860001e+01 1.660032e+00
      vertex   2.712266e-02 2.060001e+01 1.660032e+00
    endloop
  endfacet
  facet normal -4.952535e-01 0.000000e+00 -8.687485e-01
    outer loop
      vertex   9.374723e-01 1.860001e+01 1.076268e+00
      vertex   2.251222e-01 1.860001e+01 1.482362e+00
      vertex   9.374723e-01 2.060001e+01 1.076268e+00
    endloop
  endfacet
  facet normal -4.952535e-01 5.415902e-16 -8.687485e-01
    outer loop
      vertex   9.374723e-01 2.060001e+01 1.076268e+00
      vertex   2.251222e-01 1.860001e+01 1.482362e+00
      vertex   2.251222e-01 2.060001e+01 1.482362e+00
    endloop
  endfacet
  facet normal -9.325964e-01 1.035390e-15 3.609209e-01
    outer loop
      vertex   5.344582e-01 1.860001e+01 1.710832e-01
      vertex   7.134875e-01 1.860001e+01 6.336832e-01
      vertex   5.344582e-01 2.060001e+01 1.710832e-01
    endloop
  endfacet
  facet normal -9.325964e-01 5.175831e-16 3.609209e-01
    outer loop
      vertex   5.344582e-01 2.060001e+01 1.710832e-01
      vertex   7.134875e-01 1.860001e+01 6.336832e-01
      vertex   7.134875e-01 2.060001e+01 6.336832e-01
    endloop
  endfacet
  facet normal -8.922453e-01 4.952957e-16 4.515510e-01
    outer loop
      vertex   7.134875e-01 2.060001e+01 6.336832e-01
      vertex   7.134875e-01 1.860001e+01 6.336832e-01
      vertex   9.374723e-01 1.860001e+01 1.076268e+00
    endloop
  endfacet
  facet normal -8.922453e-01 0.000000e+00 4.515510e-01
    outer loop
      vertex   7.134875e-01 2.060001e+01 6.336832e-01
      vertex   9.374723e-01 1.860001e+01 1.076268e+00
      vertex   9.374723e-01 2.060001e+01 1.076268e+00
    endloop
  endfacet
  facet normal 3.142166e-01 -3.488506e-16 9.493513e-01
    outer loop
      vertex   -2.439840e-01 1.860001e+01 4.287323e-01
      vertex   5.344582e-01 1.860001e+01 1.710832e-01
      vertex   -2.439840e-01 2.060001e+01 4.287323e-01
    endloop
  endfacet
  facet normal 3.142166e-01 -3.384939e-16 9.493513e-01
    outer loop
      vertex   -2.439840e-01 2.060001e+01 4.287323e-01
      vertex   5.344582e-01 1.860001e+01 1.710832e-01
      vertex   5.344582e-01 2.060001e+01 1.710832e-01
    endloop
  endfacet
  facet normal 6.730169e-02 -7.471988e-17 9.977327e-01
    outer loop
      vertex   -5.085061e-01 1.860001e+01 4.569902e-01
      vertex   -3.304231e-01 1.860001e+01 4.449777e-01
      vertex   -5.085061e-01 2.060001e+01 4.569902e-01
    endloop
  endfacet
  facet normal 6.730169e-02 -7.532232e-17 9.977327e-01
    outer loop
      vertex   -5.085061e-01 2.060001e+01 4.569902e-01
      vertex   -3.304231e-01 1.860001e+01 4.449777e-01
      vertex   -3.304231e-01 2.060001e+01 4.449777e-01
    endloop
  endfacet
  facet normal 1.847067e-01 -2.050657e-16 9.827937e-01
    outer loop
      vertex   -3.304231e-01 2.060001e+01 4.449777e-01
      vertex   -3.304231e-01 1.860001e+01 4.449777e-01
      vertex   -2.439840e-01 1.860001e+01 4.287323e-01
    endloop
  endfacet
  facet normal 1.847067e-01 -2.058633e-16 9.827937e-01
    outer loop
      vertex   -3.304231e-01 2.060001e+01 4.449777e-01
      vertex   -2.439840e-01 1.860001e+01 4.287323e-01
      vertex   -2.439840e-01 2.060001e+01 4.287323e-01
    endloop
  endfacet
  facet normal -2.488613e-01 2.762916e-16 9.685391e-01
    outer loop
      vertex   -1.294724e+00 1.860001e+01 3.338493e-01
      vertex   -1.052614e+00 1.860001e+01 3.960583e-01
      vertex   -1.294724e+00 2.060001e+01 3.338493e-01
    endloop
  endfacet
  facet normal -2.488613e-01 2.775844e-16 9.685391e-01
    outer loop
      vertex   -1.294724e+00 2.060001e+01 3.338493e-01
      vertex   -1.052614e+00 1.860001e+01 3.960583e-01
      vertex   -1.052614e+00 2.060001e+01 3.960583e-01
    endloop
  endfacet
  facet normal -1.764103e-01 1.958548e-16 9.843167e-01
    outer loop
      vertex   -1.052614e+00 2.060001e+01 3.960583e-01
      vertex   -1.052614e+00 1.860001e+01 3.960583e-01
      vertex   -8.404093e-01 1.860001e+01 4.340899e-01
    endloop
  endfacet
  facet normal -1.764103e-01 1.931172e-16 9.843167e-01
    outer loop
      vertex   -1.052614e+00 2.060001e+01 3.960583e-01
      vertex   -8.404093e-01 1.860001e+01 4.340899e-01
      vertex   -8.404093e-01 2.060001e+01 4.340899e-01
    endloop
  endfacet
  facet normal -1.024122e-01 1.137003e-16 9.947421e-01
    outer loop
      vertex   -8.404093e-01 2.060001e+01 4.340899e-01
      vertex   -8.404093e-01 1.860001e+01 4.340899e-01
      vertex   -6.588073e-01 1.860001e+01 4.527864e-01
    endloop
  endfacet
  facet normal -1.024122e-01 1.140253e-16 9.947421e-01
    outer loop
      vertex   -8.404093e-01 2.060001e+01 4.340899e-01
      vertex   -6.588073e-01 1.860001e+01 4.527864e-01
      vertex   -6.588073e-01 2.060001e+01 4.527864e-01
    endloop
  endfacet
  facet normal -2.795832e-02 3.103997e-17 9.996091e-01
    outer loop
      vertex   -6.588073e-01 2.060001e+01 4.527864e-01
      vertex   -6.588073e-01 1.860001e+01 4.527864e-01
      vertex   -5.085061e-01 1.860001e+01 4.569902e-01
    endloop
  endfacet
  facet normal -2.795832e-02 3.100605e-17 9.996091e-01
    outer loop
      vertex   -6.588073e-01 2.060001e+01 4.527864e-01
      vertex   -5.085061e-01 1.860001e+01 4.569902e-01
      vertex   -5.085061e-01 2.060001e+01 4.569902e-01
    endloop
  endfacet
  facet normal -9.781476e-01 1.085962e-15 2.079117e-01
    outer loop
      vertex   -1.431424e+00 1.860001e+01 -3.092749e-01
      vertex   -1.294724e+00 1.860001e+01 3.338493e-01
      vertex   -1.431424e+00 2.060001e+01 -3.092749e-01
    endloop
  endfacet
  facet normal -9.781476e-01 1.087019e-15 2.079117e-01
    outer loop
      vertex   -1.431424e+00 2.060001e+01 -3.092749e-01
      vertex   -1.294724e+00 1.860001e+01 3.338493e-01
      vertex   -1.294724e+00 2.060001e+01 3.338493e-01
    endloop
  endfacet
  facet normal -4.321188e-01 4.797483e-16 -9.018167e-01
    outer loop
      vertex   -7.632644e-01 1.860001e+01 -7.415534e-01
      vertex   -8.988615e-01 1.860001e+01 -6.765800e-01
      vertex   -7.632644e-01 2.060001e+01 -7.415534e-01
    endloop
  endfacet
  facet normal -4.321188e-01 4.787912e-16 -9.018167e-01
    outer loop
      vertex   -7.632644e-01 2.060001e+01 -7.415534e-01
      vertex   -8.988615e-01 1.860001e+01 -6.765800e-01
      vertex   -8.988615e-01 2.060001e+01 -6.765800e-01
    endloop
  endfacet
  facet normal -4.981562e-01 5.530645e-16 -8.670873e-01
    outer loop
      vertex   -8.988615e-01 2.060001e+01 -6.765800e-01
      vertex   -8.988615e-01 1.860001e+01 -6.765800e-01
      vertex   -1.057159e+00 1.860001e+01 -5.856356e-01
    endloop
  endfacet
  facet normal -4.981562e-01 5.558734e-16 -8.670873e-01
    outer loop
      vertex   -8.988615e-01 2.060001e+01 -6.765800e-01
      vertex   -1.057159e+00 1.860001e+01 -5.856356e-01
      vertex   -1.057159e+00 2.060001e+01 -5.856356e-01
    endloop
  endfacet
  facet normal -5.615165e-01 6.234086e-16 -8.274655e-01
    outer loop
      vertex   -1.057159e+00 2.060001e+01 -5.856356e-01
      vertex   -1.057159e+00 1.860001e+01 -5.856356e-01
      vertex   -1.235549e+00 1.860001e+01 -4.645805e-01
    endloop
  endfacet
  facet normal -5.615165e-01 6.276309e-16 -8.274655e-01
    outer loop
      vertex   -1.057159e+00 2.060001e+01 -5.856356e-01
      vertex   -1.235549e+00 1.860001e+01 -4.645805e-01
      vertex   -1.235549e+00 2.060001e+01 -4.645805e-01
    endloop
  endfacet
  facet normal -6.212865e-01 6.897666e-16 -7.835835e-01
    outer loop
      vertex   -1.235549e+00 2.060001e+01 -4.645805e-01
      vertex   -1.235549e+00 1.860001e+01 -4.645805e-01
      vertex   -1.431424e+00 1.860001e+01 -3.092749e-01
    endloop
  endfacet
  facet normal -6.212865e-01 6.870214e-16 -7.835835e-01
    outer loop
      vertex   -1.235549e+00 2.060001e+01 -4.645805e-01
      vertex   -1.431424e+00 1.860001e+01 -3.092749e-01
      vertex   -1.431424e+00 2.060001e+01 -3.092749e-01
    endloop
  endfacet
  facet normal -2.310002e-01 2.564617e-16 -9.729537e-01
    outer loop
      vertex   -5.101179e-01 1.860001e+01 -8.233293e-01
      vertex   -5.956915e-01 1.860001e+01 -8.030123e-01
      vertex   -5.101179e-01 2.060001e+01 -8.233293e-01
    endloop
  endfacet
  facet normal -2.310002e-01 2.564046e-16 -9.729537e-01
    outer loop
      vertex   -5.101179e-01 2.060001e+01 -8.233293e-01
      vertex   -5.956915e-01 1.860001e+01 -8.030123e-01
      vertex   -5.956915e-01 2.060001e+01 -8.030123e-01
    endloop
  endfacet
  facet normal -3.443313e-01 3.822845e-16 -9.388482e-01
    outer loop
      vertex   -5.956915e-01 2.060001e+01 -8.030123e-01
      vertex   -5.956915e-01 1.860001e+01 -8.030123e-01
      vertex   -7.632644e-01 1.860001e+01 -7.415534e-01
    endloop
  endfacet
  facet normal -3.443313e-01 3.790413e-16 -9.388482e-01
    outer loop
      vertex   -5.956915e-01 2.060001e+01 -8.030123e-01
      vertex   -7.632644e-01 1.860001e+01 -7.415534e-01
      vertex   -7.632644e-01 2.060001e+01 -7.415534e-01
    endloop
  endfacet
  facet normal -9.908478e-02 1.100062e-16 -9.950790e-01
    outer loop
      vertex   3.058198e-01 1.860001e+01 -9.045761e-01
      vertex   -5.101179e-01 1.860001e+01 -8.233293e-01
      vertex   3.058198e-01 2.060001e+01 -9.045761e-01
    endloop
  endfacet
  facet normal -9.908478e-02 1.100105e-16 -9.950790e-01
    outer loop
      vertex   3.058198e-01 2.060001e+01 -9.045761e-01
      vertex   -5.101179e-01 1.860001e+01 -8.233293e-01
      vertex   -5.101179e-01 2.060001e+01 -8.233293e-01
    endloop
  endfacet
  facet normal -9.987690e-01 1.108856e-15 -4.960345e-02
    outer loop
      vertex   3.058198e-01 1.860001e+01 -1.895424e+00
      vertex   2.812148e-01 1.860001e+01 -1.400000e+00
      vertex   3.058198e-01 2.060001e+01 -1.895424e+00
    endloop
  endfacet
  facet normal -9.987690e-01 1.108607e-15 -4.960345e-02
    outer loop
      vertex   3.058198e-01 2.060001e+01 -1.895424e+00
      vertex   2.812148e-01 1.860001e+01 -1.400000e+00
      vertex   2.812148e-01 2.060001e+01 -1.400000e+00
    endloop
  endfacet
  facet normal -9.987690e-01 1.108856e-15 4.960345e-02
    outer loop
      vertex   2.812148e-01 2.060001e+01 -1.400000e+00
      vertex   2.812148e-01 1.860001e+01 -1.400000e+00
      vertex   3.058198e-01 1.860001e+01 -9.045761e-01
    endloop
  endfacet
  facet normal -9.987690e-01 1.110356e-15 4.960345e-02
    outer loop
      vertex   2.812148e-01 2.060001e+01 -1.400000e+00
      vertex   3.058198e-01 1.860001e+01 -9.045761e-01
      vertex   3.058198e-01 2.060001e+01 -9.045761e-01
    endloop
  endfacet
  facet normal -9.908478e-02 1.100062e-16 9.950790e-01
    outer loop
      vertex   -5.101179e-01 1.860001e+01 -1.976671e+00
      vertex   3.058198e-01 1.860001e+01 -1.895424e+00
      vertex   -5.101179e-01 2.060001e+01 -1.976671e+00
    endloop
  endfacet
  facet normal -9.908478e-02 1.100105e-16 9.950790e-01
    outer loop
      vertex   -5.101179e-01 2.060001e+01 -1.976671e+00
      vertex   3.058198e-01 1.860001e+01 -1.895424e+00
      vertex   3.058198e-01 2.060001e+01 -1.895424e+00
    endloop
  endfacet
  facet normal -3.443313e-01 3.822845e-16 9.388482e-01
    outer loop
      vertex   -7.632644e-01 1.860001e+01 -2.058447e+00
      vertex   -5.956915e-01 1.860001e+01 -1.996988e+00
      vertex   -7.632644e-01 2.060001e+01 -2.058447e+00
    endloop
  endfacet
  facet normal -3.443313e-01 3.790413e-16 9.388482e-01
    outer loop
      vertex   -7.632644e-01 2.060001e+01 -2.058447e+00
      vertex   -5.956915e-01 1.860001e+01 -1.996988e+00
      vertex   -5.956915e-01 2.060001e+01 -1.996988e+00
    endloop
  endfacet
  facet normal -2.310002e-01 2.564617e-16 9.729537e-01
    outer loop
      vertex   -5.956915e-01 2.060001e+01 -1.996988e+00
      vertex   -5.956915e-01 1.860001e+01 -1.996988e+00
      vertex   -5.101179e-01 1.860001e+01 -1.976671e+00
    endloop
  endfacet
  facet normal -2.310002e-01 2.564046e-16 9.729537e-01
    outer loop
      vertex   -5.956915e-01 2.060001e+01 -1.996988e+00
      vertex   -5.101179e-01 1.860001e+01 -1.976671e+00
      vertex   -5.101179e-01 2.060001e+01 -1.976671e+00
    endloop
  endfacet
  facet normal -6.212865e-01 6.897666e-16 7.835835e-01
    outer loop
      vertex   -1.431424e+00 1.860001e+01 -2.490725e+00
      vertex   -1.235549e+00 1.860001e+01 -2.335419e+00
      vertex   -1.431424e+00 2.060001e+01 -2.490725e+00
    endloop
  endfacet
  facet normal -6.212865e-01 6.870214e-16 7.835835e-01
    outer loop
      vertex   -1.431424e+00 2.060001e+01 -2.490725e+00
      vertex   -1.235549e+00 1.860001e+01 -2.335419e+00
      vertex   -1.235549e+00 2.060001e+01 -2.335419e+00
    endloop
  endfacet
  facet normal -5.615165e-01 6.234086e-16 8.274655e-01
    outer loop
      vertex   -1.235549e+00 2.060001e+01 -2.335419e+00
      vertex   -1.235549e+00 1.860001e+01 -2.335419e+00
      vertex   -1.057159e+00 1.860001e+01 -2.214364e+00
    endloop
  endfacet
  facet normal -5.615165e-01 6.195844e-16 8.274655e-01
    outer loop
      vertex   -1.235549e+00 2.060001e+01 -2.335419e+00
      vertex   -1.057159e+00 1.860001e+01 -2.214364e+00
      vertex   -1.057159e+00 2.060001e+01 -2.214364e+00
    endloop
  endfacet
  facet normal -4.981562e-01 5.530645e-16 8.670873e-01
    outer loop
      vertex   -1.057159e+00 2.060001e+01 -2.214364e+00
      vertex   -1.057159e+00 1.860001e+01 -2.214364e+00
      vertex   -8.988615e-01 1.860001e+01 -2.123420e+00
    endloop
  endfacet
  facet normal -4.981562e-01 5.511224e-16 8.670873e-01
    outer loop
      vertex   -1.057159e+00 2.060001e+01 -2.214364e+00
      vertex   -8.988615e-01 1.860001e+01 -2.123420e+00
      vertex   -8.988615e-01 2.060001e+01 -2.123420e+00
    endloop
  endfacet
  facet normal -4.321188e-01 4.797483e-16 9.018167e-01
    outer loop
      vertex   -8.988615e-01 2.060001e+01 -2.123420e+00
      vertex   -8.988615e-01 1.860001e+01 -2.123420e+00
      vertex   -7.632644e-01 1.860001e+01 -2.058447e+00
    endloop
  endfacet
  facet normal -4.321188e-01 4.787912e-16 9.018167e-01
    outer loop
      vertex   -8.988615e-01 2.060001e+01 -2.123420e+00
      vertex   -7.632644e-01 1.860001e+01 -2.058447e+00
      vertex   -7.632644e-01 2.060001e+01 -2.058447e+00
    endloop
  endfacet
  facet normal -9.781476e-01 1.085962e-15 -2.079117e-01
    outer loop
      vertex   -1.294724e+00 1.860001e+01 -3.133849e+00
      vertex   -1.431424e+00 1.860001e+01 -2.490725e+00
      vertex   -1.294724e+00 2.060001e+01 -3.133849e+00
    endloop
  endfacet
  facet normal -9.781476e-01 1.087019e-15 -2.079117e-01
    outer loop
      vertex   -1.294724e+00 2.060001e+01 -3.133849e+00
      vertex   -1.431424e+00 1.860001e+01 -2.490725e+00
      vertex   -1.431424e+00 2.060001e+01 -2.490725e+00
    endloop
  endfacet
  facet normal -2.795832e-02 -1.078749e-15 -9.996091e-01
    outer loop
      vertex   -5.085061e-01 1.860001e+01 -3.256990e+00
      vertex   -6.588073e-01 1.860001e+01 -3.252786e+00
      vertex   -5.085061e-01 2.060001e+01 -3.256990e+00
    endloop
  endfacet
  facet normal -2.795832e-02 3.100605e-17 -9.996091e-01
    outer loop
      vertex   -5.085061e-01 2.060001e+01 -3.256990e+00
      vertex   -6.588073e-01 1.860001e+01 -3.252786e+00
      vertex   -6.588073e-01 2.060001e+01 -3.252786e+00
    endloop
  endfacet
  facet normal -1.024122e-01 1.137003e-16 -9.947421e-01
    outer loop
      vertex   -6.588073e-01 2.060001e+01 -3.252786e+00
      vertex   -6.588073e-01 1.860001e+01 -3.252786e+00
      vertex   -8.404093e-01 1.860001e+01 -3.234090e+00
    endloop
  endfacet
  facet normal -1.024122e-01 1.140253e-16 -9.947421e-01
    outer loop
      vertex   -6.588073e-01 2.060001e+01 -3.252786e+00
      vertex   -8.404093e-01 1.860001e+01 -3.234090e+00
      vertex   -8.404093e-01 2.060001e+01 -3.234090e+00
    endloop
  endfacet
  facet normal -1.764103e-01 1.958548e-16 -9.843167e-01
    outer loop
      vertex   -8.404093e-01 2.060001e+01 -3.234090e+00
      vertex   -8.404093e-01 1.860001e+01 -3.234090e+00
      vertex   -1.052614e+00 1.860001e+01 -3.196058e+00
    endloop
  endfacet
  facet normal -1.764103e-01 1.971405e-16 -9.843167e-01
    outer loop
      vertex   -8.404093e-01 2.060001e+01 -3.234090e+00
      vertex   -1.052614e+00 1.860001e+01 -3.196058e+00
      vertex   -1.052614e+00 2.060001e+01 -3.196058e+00
    endloop
  endfacet
  facet normal -2.488613e-01 2.762916e-16 -9.685391e-01
    outer loop
      vertex   -1.052614e+00 2.060001e+01 -3.196058e+00
      vertex   -1.052614e+00 1.860001e+01 -3.196058e+00
      vertex   -1.294724e+00 1.860001e+01 -3.133849e+00
    endloop
  endfacet
  facet normal -2.488613e-01 2.775844e-16 -9.685391e-01
    outer loop
      vertex   -1.052614e+00 2.060001e+01 -3.196058e+00
      vertex   -1.294724e+00 1.860001e+01 -3.133849e+00
      vertex   -1.294724e+00 2.060001e+01 -3.133849e+00
    endloop
  endfacet
  facet normal 1.847067e-01 -2.050657e-16 -9.827937e-01
    outer loop
      vertex   -2.439840e-01 1.860001e+01 -3.228732e+00
      vertex   -3.304231e-01 1.860001e+01 -3.244978e+00
      vertex   -2.439840e-01 2.060001e+01 -3.228732e+00
    endloop
  endfacet
  facet normal 1.847067e-01 -2.058633e-16 -9.827937e-01
    outer loop
      vertex   -2.439840e-01 2.060001e+01 -3.228732e+00
      vertex   -3.304231e-01 1.860001e+01 -3.244978e+00
      vertex   -3.304231e-01 2.060001e+01 -3.244978e+00
    endloop
  endfacet
  facet normal 6.730169e-02 -7.471988e-17 -9.977327e-01
    outer loop
      vertex   -3.304231e-01 2.060001e+01 -3.244978e+00
      vertex   -3.304231e-01 1.860001e+01 -3.244978e+00
      vertex   -5.085061e-01 1.860001e+01 -3.256990e+00
    endloop
  endfacet
  facet normal 6.730169e-02 -1.182074e-15 -9.977327e-01
    outer loop
      vertex   -3.304231e-01 2.060001e+01 -3.244978e+00
      vertex   -5.085061e-01 1.860001e+01 -3.256990e+00
      vertex   -5.085061e-01 2.060001e+01 -3.256990e+00
    endloop
  endfacet
  facet normal 3.142166e-01 -3.488506e-16 -9.493513e-01
    outer loop
      vertex   5.344582e-01 1.860001e+01 -2.971083e+00
      vertex   -2.439840e-01 1.860001e+01 -3.228732e+00
      vertex   5.344582e-01 2.060001e+01 -2.971083e+00
    endloop
  endfacet
  facet normal 3.142166e-01 -3.554186e-16 -9.493513e-01
    outer loop
      vertex   5.344582e-01 2.060001e+01 -2.971083e+00
      vertex   -2.439840e-01 1.860001e+01 -3.228732e+00
      vertex   -2.439840e-01 2.060001e+01 -3.228732e+00
    endloop
  endfacet
  facet normal -8.922453e-01 0.000000e+00 -4.515510e-01
    outer loop
      vertex   9.374723e-01 1.860001e+01 -3.876268e+00
      vertex   7.134875e-01 1.860001e+01 -3.433683e+00
      vertex   9.374723e-01 2.060001e+01 -3.876268e+00
    endloop
  endfacet
  facet normal -8.922453e-01 4.896056e-16 -4.515510e-01
    outer loop
      vertex   9.374723e-01 2.060001e+01 -3.876268e+00
      vertex   7.134875e-01 1.860001e+01 -3.433683e+00
      vertex   7.134875e-01 2.060001e+01 -3.433683e+00
    endloop
  endfacet
  facet normal -9.325964e-01 5.176950e-16 -3.609209e-01
    outer loop
      vertex   7.134875e-01 2.060001e+01 -3.433683e+00
      vertex   7.134875e-01 1.860001e+01 -3.433683e+00
      vertex   5.344582e-01 1.860001e+01 -2.971083e+00
    endloop
  endfacet
  facet normal -9.325964e-01 1.035166e-15 -3.609209e-01
    outer loop
      vertex   7.134875e-01 2.060001e+01 -3.433683e+00
      vertex   5.344582e-01 1.860001e+01 -2.971083e+00
      vertex   5.344582e-01 2.060001e+01 -2.971083e+00
    endloop
  endfacet
  facet normal -4.952535e-01 5.498419e-16 8.687485e-01
    outer loop
      vertex   2.251222e-01 1.860001e+01 -4.282362e+00
      vertex   9.374723e-01 1.860001e+01 -3.876268e+00
      vertex   2.251222e-01 2.060001e+01 -4.282362e+00
    endloop
  endfacet
  facet normal -4.952535e-01 0.000000e+00 8.687485e-01
    outer loop
      vertex   2.251222e-01 2.060001e+01 -4.282362e+00
      vertex   9.374723e-01 1.860001e+01 -3.876268e+00
      vertex   9.374723e-01 2.060001e+01 -3.876268e+00
    endloop
  endfacet
  facet normal -6.964263e-01 7.731885e-16 7.176284e-01
    outer loop
      vertex   2.712266e-02 1.860001e+01 -4.460032e+00
      vertex   1.552105e-01 1.860001e+01 -4.335729e+00
      vertex   2.712266e-02 2.060001e+01 -4.460032e+00
    endloop
  endfacet
  facet normal -6.964263e-01 7.678017e-16 7.176284e-01
    outer loop
      vertex   2.712266e-02 2.060001e+01 -4.460032e+00
      vertex   1.552105e-01 1.860001e+01 -4.335729e+00
      vertex   1.552105e-01 2.060001e+01 -4.335729e+00
    endloop
  endfacet
  facet normal -6.067651e-01 6.736446e-16 7.948812e-01
    outer loop
      vertex   1.552105e-01 2.060001e+01 -4.335729e+00
      vertex   1.552105e-01 1.860001e+01 -4.335729e+00
      vertex   2.251222e-01 1.860001e+01 -4.282362e+00
    endloop
  endfacet
  facet normal -6.067651e-01 6.730620e-16 7.948812e-01
    outer loop
      vertex   1.552105e-01 2.060001e+01 -4.335729e+00
      vertex   2.251222e-01 1.860001e+01 -4.282362e+00
      vertex   2.251222e-01 2.060001e+01 -4.282362e+00
    endloop
  endfacet
  facet normal -8.862856e-01 9.839746e-16 4.631392e-01
    outer loop
      vertex   -4.074483e-01 1.860001e+01 -5.126703e+00
      vertex   -2.916754e-01 1.860001e+01 -4.905155e+00
      vertex   -4.074483e-01 2.060001e+01 -5.126703e+00
    endloop
  endfacet
  facet normal -8.862856e-01 9.854246e-16 4.631392e-01
    outer loop
      vertex   -4.074483e-01 2.060001e+01 -5.126703e+00
      vertex   -2.916754e-01 1.860001e+01 -4.905155e+00
      vertex   -2.916754e-01 2.060001e+01 -4.905155e+00
    endloop
  endfacet
  facet normal -8.495314e-01 9.431693e-16 5.275380e-01
    outer loop
      vertex   -2.916754e-01 2.060001e+01 -4.905155e+00
      vertex   -2.916754e-01 1.860001e+01 -4.905155e+00
      vertex   -1.779456e-01 1.860001e+01 -4.722008e+00
    endloop
  endfacet
  facet normal -8.495314e-01 9.494929e-16 5.275380e-01
    outer loop
      vertex   -2.916754e-01 2.060001e+01 -4.905155e+00
      vertex   -1.779456e-01 1.860001e+01 -4.722008e+00
      vertex   -1.779456e-01 2.060001e+01 -4.722008e+00
    endloop
  endfacet
  facet normal -8.077645e-01 8.967988e-16 5.895053e-01
    outer loop
      vertex   -1.779456e-01 2.060001e+01 -4.722008e+00
      vertex   -1.779456e-01 1.860001e+01 -4.722008e+00
      vertex   -7.032443e-02 1.860001e+01 -4.574541e+00
    endloop
  endfacet
  facet normal -8.077645e-01 8.931984e-16 5.895053e-01
    outer loop
      vertex   -1.779456e-01 2.060001e+01 -4.722008e+00
      vertex   -7.032443e-02 1.860001e+01 -4.574541e+00
      vertex   -7.032443e-02 2.060001e+01 -4.574541e+00
    endloop
  endfacet
  facet normal -7.615621e-01 8.455038e-16 6.480920e-01
    outer loop
      vertex   -7.032443e-02 2.060001e+01 -4.574541e+00
      vertex   -7.032443e-02 1.860001e+01 -4.574541e+00
      vertex   2.712266e-02 1.860001e+01 -4.460032e+00
    endloop
  endfacet
  facet normal -7.615621e-01 8.422109e-16 6.480920e-01
    outer loop
      vertex   -7.032443e-02 2.060001e+01 -4.574541e+00
      vertex   2.712266e-02 1.860001e+01 -4.460032e+00
      vertex   2.712266e-02 2.060001e+01 -4.460032e+00
    endloop
  endfacet
  facet normal -8.090170e-01 8.981893e-16 -5.877853e-01
    outer loop
      vertex   -2.098414e-02 1.860001e+01 -5.658625e+00
      vertex   -4.074483e-01 1.860001e+01 -5.126703e+00
      vertex   -2.098414e-02 2.060001e+01 -5.658625e+00
    endloop
  endfacet
  facet normal -8.090170e-01 9.076077e-16 -5.877853e-01
    outer loop
      vertex   -2.098414e-02 2.060001e+01 -5.658625e+00
      vertex   -4.074483e-01 1.860001e+01 -5.126703e+00
      vertex   -4.074483e-01 2.060001e+01 -5.126703e+00
    endloop
  endfacet
  facet normal 3.810364e-01 0.000000e+00 -9.245600e-01
    outer loop
      vertex   7.473476e-01 1.860001e+01 -5.451337e+00
      vertex   6.083307e-01 1.860001e+01 -5.508629e+00
      vertex   7.473476e-01 2.060001e+01 -5.451337e+00
    endloop
  endfacet
  facet normal 3.810364e-01 -2.538170e-16 -9.245600e-01
    outer loop
      vertex   7.473476e-01 2.060001e+01 -5.451337e+00
      vertex   6.083307e-01 1.860001e+01 -5.508629e+00
      vertex   6.083307e-01 2.060001e+01 -5.508629e+00
    endloop
  endfacet
  facet normal 3.110399e-01 -2.071942e-16 -9.503969e-01
    outer loop
      vertex   6.083307e-01 2.060001e+01 -5.508629e+00
      vertex   6.083307e-01 1.860001e+01 -5.508629e+00
      vertex   4.348245e-01 1.860001e+01 -5.565413e+00
    endloop
  endfacet
  facet normal 3.110399e-01 -2.993165e-16 -9.503969e-01
    outer loop
      vertex   6.083307e-01 2.060001e+01 -5.508629e+00
      vertex   4.348245e-01 1.860001e+01 -5.565413e+00
      vertex   4.348245e-01 2.060001e+01 -5.565413e+00
    endloop
  endfacet
  facet normal 2.391988e-01 -2.323685e-16 -9.709706e-01
    outer loop
      vertex   4.348245e-01 2.060001e+01 -5.565413e+00
      vertex   4.348245e-01 1.860001e+01 -5.565413e+00
      vertex   2.254968e-01 1.860001e+01 -5.616981e+00
    endloop
  endfacet
  facet normal 2.391988e-01 -2.615129e-16 -9.709706e-01
    outer loop
      vertex   4.348245e-01 2.060001e+01 -5.565413e+00
      vertex   2.254968e-01 1.860001e+01 -5.616981e+00
      vertex   2.254968e-01 2.060001e+01 -5.616981e+00
    endloop
  endfacet
  facet normal 1.665942e-01 -1.826448e-16 -9.860255e-01
    outer loop
      vertex   2.254968e-01 2.060001e+01 -5.616981e+00
      vertex   2.254968e-01 1.860001e+01 -5.616981e+00
      vertex   -2.098414e-02 1.860001e+01 -5.658625e+00
    endloop
  endfacet
  facet normal 1.665942e-01 -1.838997e-16 -9.860255e-01
    outer loop
      vertex   2.254968e-01 2.060001e+01 -5.616981e+00
      vertex   -2.098414e-02 1.860001e+01 -5.658625e+00
      vertex   -2.098414e-02 2.060001e+01 -5.658625e+00
    endloop
  endfacet
  facet normal 5.684762e-01 0.000000e+00 -8.226997e-01
    outer loop
      vertex   9.775070e-01 1.860001e+01 -5.317931e+00
      vertex   9.051485e-01 1.860001e+01 -5.367930e+00
      vertex   9.775070e-01 2.060001e+01 -5.317931e+00
    endloop
  endfacet
  facet normal 5.684762e-01 0.000000e+00 -8.226997e-01
    outer loop
      vertex   9.775070e-01 2.060001e+01 -5.317931e+00
      vertex   9.051485e-01 1.860001e+01 -5.367930e+00
      vertex   9.051485e-01 2.060001e+01 -5.367930e+00
    endloop
  endfacet
  facet normal 4.672976e-01 0.000000e+00 -8.841001e-01
    outer loop
      vertex   9.051485e-01 2.060001e+01 -5.367930e+00
      vertex   9.051485e-01 1.860001e+01 -5.367930e+00
      vertex   7.473476e-01 1.860001e+01 -5.451337e+00
    endloop
  endfacet
  facet normal 4.672976e-01 0.000000e+00 -8.841001e-01
    outer loop
      vertex   9.051485e-01 2.060001e+01 -5.367930e+00
      vertex   7.473476e-01 1.860001e+01 -5.451337e+00
      vertex   7.473476e-01 2.060001e+01 -5.451337e+00
    endloop
  endfacet
  facet normal 6.731871e-01 -6.567832e-16 -7.394722e-01
    outer loop
      vertex   1.583854e+00 1.860001e+01 -4.765936e+00
      vertex   9.775070e-01 1.860001e+01 -5.317931e+00
      vertex   1.583854e+00 2.060001e+01 -4.765936e+00
    endloop
  endfacet
  facet normal 6.731871e-01 0.000000e+00 -7.394722e-01
    outer loop
      vertex   1.583854e+00 2.060001e+01 -4.765936e+00
      vertex   9.775070e-01 1.860001e+01 -5.317931e+00
      vertex   9.775070e-01 2.060001e+01 -5.317931e+00
    endloop
  endfacet
  facet normal -6.314444e-01 0.000000e+00 -7.754212e-01
    outer loop
      vertex   2.320197e+00 1.860001e+01 -5.428942e+00
      vertex   1.935562e+00 1.860001e+01 -5.115724e+00
      vertex   2.320197e+00 2.060001e+01 -5.428942e+00
    endloop
  endfacet
  facet normal -6.314444e-01 0.000000e+00 -7.754212e-01
    outer loop
      vertex   2.320197e+00 2.060001e+01 -5.428942e+00
      vertex   1.935562e+00 1.860001e+01 -5.115724e+00
      vertex   1.935562e+00 2.060001e+01 -5.115724e+00
    endloop
  endfacet
  facet normal -7.051694e-01 -0.000000e+00 -7.090388e-01
    outer loop
      vertex   1.935562e+00 2.060001e+01 -5.115724e+00
      vertex   1.935562e+00 1.860001e+01 -5.115724e+00
      vertex   1.583854e+00 1.860001e+01 -4.765936e+00
    endloop
  endfacet
  facet normal -7.051694e-01 -6.294930e-16 -7.090388e-01
    outer loop
      vertex   1.935562e+00 2.060001e+01 -5.115724e+00
      vertex   1.583854e+00 1.860001e+01 -4.765936e+00
      vertex   1.583854e+00 2.060001e+01 -4.765936e+00
    endloop
  endfacet
  facet normal -8.057885e-01 0.000000e+00 5.922035e-01
    outer loop
      vertex   1.834607e+00 1.860001e+01 -6.089667e+00
      vertex   2.320197e+00 1.860001e+01 -5.428942e+00
      vertex   1.834607e+00 2.060001e+01 -6.089667e+00
    endloop
  endfacet
  facet normal -8.057885e-01 0.000000e+00 5.922035e-01
    outer loop
      vertex   1.834607e+00 2.060001e+01 -6.089667e+00
      vertex   2.320197e+00 1.860001e+01 -5.428942e+00
      vertex   2.320197e+00 2.060001e+01 -5.428942e+00
    endloop
  endfacet
  facet normal -9.281028e-01 0.000000e+00 3.723241e-01
    outer loop
      vertex   1.725990e+00 1.860001e+01 -6.332510e+00
      vertex   1.792445e+00 1.860001e+01 -6.166855e+00
      vertex   1.725990e+00 2.060001e+01 -6.332510e+00
    endloop
  endfacet
  facet normal -9.281028e-01 0.000000e+00 3.723241e-01
    outer loop
      vertex   1.725990e+00 2.060001e+01 -6.332510e+00
      vertex   1.792445e+00 1.860001e+01 -6.166855e+00
      vertex   1.792445e+00 2.060001e+01 -6.166855e+00
    endloop
  endfacet
  facet normal -8.776148e-01 0.000000e+00 4.793665e-01
    outer loop
      vertex   1.792445e+00 2.060001e+01 -6.166855e+00
      vertex   1.792445e+00 1.860001e+01 -6.166855e+00
      vertex   1.834607e+00 1.860001e+01 -6.089667e+00
    endloop
  endfacet
  facet normal -8.776148e-01 0.000000e+00 4.793665e-01
    outer loop
      vertex   1.792445e+00 2.060001e+01 -6.166855e+00
      vertex   1.834607e+00 1.860001e+01 -6.089667e+00
      vertex   1.834607e+00 2.060001e+01 -6.089667e+00
    endloop
  endfacet
  facet normal -9.980378e-01 0.000000e+00 6.261386e-02
    outer loop
      vertex   1.600149e+00 1.860001e+01 -7.118300e+00
      vertex   1.615801e+00 1.860001e+01 -6.868817e+00
      vertex   1.600149e+00 2.060001e+01 -7.118300e+00
    endloop
  endfacet
  facet normal -9.980378e-01 0.000000e+00 6.261386e-02
    outer loop
      vertex   1.600149e+00 2.060001e+01 -7.118300e+00
      vertex   1.615801e+00 1.860001e+01 -6.868817e+00
      vertex   1.615801e+00 2.060001e+01 -6.868817e+00
    endloop
  endfacet
  facet normal -9.906546e-01 0.000000e+00 1.363944e-01
    outer loop
      vertex   1.615801e+00 2.060001e+01 -6.868817e+00
      vertex   1.615801e+00 1.860001e+01 -6.868817e+00
      vertex   1.645206e+00 1.860001e+01 -6.655246e+00
    endloop
  endfacet
  facet normal -9.906546e-01 0.000000e+00 1.363944e-01
    outer loop
      vertex   1.615801e+00 2.060001e+01 -6.868817e+00
      vertex   1.645206e+00 1.860001e+01 -6.655246e+00
      vertex   1.645206e+00 2.060001e+01 -6.655246e+00
    endloop
  endfacet
  facet normal -9.777030e-01 0.000000e+00 2.099924e-01
    outer loop
      vertex   1.645206e+00 2.060001e+01 -6.655246e+00
      vertex   1.645206e+00 1.860001e+01 -6.655246e+00
      vertex   1.683542e+00 1.860001e+01 -6.476754e+00
    endloop
  endfacet
  facet normal -9.777030e-01 0.000000e+00 2.099924e-01
    outer loop
      vertex   1.645206e+00 2.060001e+01 -6.655246e+00
      vertex   1.683542e+00 1.860001e+01 -6.476754e+00
      vertex   1.683542e+00 2.060001e+01 -6.476754e+00
    endloop
  endfacet
  facet normal -9.593243e-01 0.000000e+00 2.823063e-01
    outer loop
      vertex   1.683542e+00 2.060001e+01 -6.476754e+00
      vertex   1.683542e+00 1.860001e+01 -6.476754e+00
      vertex   1.725990e+00 1.860001e+01 -6.332510e+00
    endloop
  endfacet
  facet normal -9.593243e-01 0.000000e+00 2.823063e-01
    outer loop
      vertex   1.683542e+00 2.060001e+01 -6.476754e+00
      vertex   1.725990e+00 1.860001e+01 -6.332510e+00
      vertex   1.725990e+00 2.060001e+01 -6.332510e+00
    endloop
  endfacet
  facet normal -5.000000e-01 0.000000e+00 -8.660254e-01
    outer loop
      vertex   2.169554e+00 1.860001e+01 -7.447047e+00
      vertex   1.600149e+00 1.860001e+01 -7.118300e+00
      vertex   2.169554e+00 2.060001e+01 -7.447047e+00
    endloop
  endfacet
  facet normal -5.000000e-01 0.000000e+00 -8.660254e-01
    outer loop
      vertex   2.169554e+00 2.060001e+01 -7.447047e+00
      vertex   1.600149e+00 1.860001e+01 -7.118300e+00
      vertex   1.600149e+00 2.060001e+01 -7.118300e+00
    endloop
  endfacet
  facet normal 7.241466e-01 0.000000e+00 -6.896461e-01
    outer loop
      vertex   2.787148e+00 1.860001e+01 -6.945170e+00
      vertex   2.683453e+00 1.860001e+01 -7.054053e+00
      vertex   2.787148e+00 2.060001e+01 -6.945170e+00
    endloop
  endfacet
  facet normal 7.241466e-01 0.000000e+00 -6.896461e-01
    outer loop
      vertex   2.787148e+00 2.060001e+01 -6.945170e+00
      vertex   2.683453e+00 1.860001e+01 -7.054053e+00
      vertex   2.683453e+00 2.060001e+01 -7.054053e+00
    endloop
  endfacet
  facet normal 6.707103e-01 0.000000e+00 -7.417194e-01
    outer loop
      vertex   2.683453e+00 2.060001e+01 -7.054053e+00
      vertex   2.683453e+00 1.860001e+01 -7.054053e+00
      vertex   2.548043e+00 1.860001e+01 -7.176499e+00
    endloop
  endfacet
  facet normal 6.707103e-01 0.000000e+00 -7.417194e-01
    outer loop
      vertex   2.683453e+00 2.060001e+01 -7.054053e+00
      vertex   2.548043e+00 1.860001e+01 -7.176499e+00
      vertex   2.548043e+00 2.060001e+01 -7.176499e+00
    endloop
  endfacet
  facet normal 6.134483e-01 0.000000e+00 -7.897349e-01
    outer loop
      vertex   2.548043e+00 2.060001e+01 -7.176499e+00
      vertex   2.548043e+00 1.860001e+01 -7.176499e+00
      vertex   2.377787e+00 1.860001e+01 -7.308750e+00
    endloop
  endfacet
  facet normal 6.134483e-01 0.000000e+00 -7.897349e-01
    outer loop
      vertex   2.548043e+00 2.060001e+01 -7.176499e+00
      vertex   2.377787e+00 1.860001e+01 -7.308750e+00
      vertex   2.377787e+00 2.060001e+01 -7.308750e+00
    endloop
  endfacet
  facet normal 5.532441e-01 0.000000e+00 -8.330192e-01
    outer loop
      vertex   2.377787e+00 2.060001e+01 -7.308750e+00
      vertex   2.377787e+00 1.860001e+01 -7.308750e+00
      vertex   2.169554e+00 1.860001e+01 -7.447047e+00
    endloop
  endfacet
  facet normal 5.532441e-01 0.000000e+00 -8.330192e-01
    outer loop
      vertex   2.377787e+00 2.060001e+01 -7.308750e+00
      vertex   2.169554e+00 1.860001e+01 -7.447047e+00
      vertex   2.169554e+00 2.060001e+01 -7.447047e+00
    endloop
  endfacet
  facet normal 8.539510e-01 0.000000e+00 -5.203535e-01
    outer loop
      vertex   2.943148e+00 1.860001e+01 -6.729684e+00
      vertex   2.897382e+00 1.860001e+01 -6.804791e+00
      vertex   2.943148e+00 2.060001e+01 -6.729684e+00
    endloop
  endfacet
  facet normal 8.539510e-01 0.000000e+00 -5.203535e-01
    outer loop
      vertex   2.943148e+00 2.060001e+01 -6.729684e+00
      vertex   2.897382e+00 1.860001e+01 -6.804791e+00
      vertex   2.897382e+00 2.060001e+01 -6.804791e+00
    endloop
  endfacet
  facet normal 7.864935e-01 0.000000e+00 -6.175986e-01
    outer loop
      vertex   2.897382e+00 2.060001e+01 -6.804791e+00
      vertex   2.897382e+00 1.860001e+01 -6.804791e+00
      vertex   2.787148e+00 1.860001e+01 -6.945170e+00
    endloop
  endfacet
  facet normal 7.864935e-01 0.000000e+00 -6.175986e-01
    outer loop
      vertex   2.897382e+00 2.060001e+01 -6.804791e+00
      vertex   2.787148e+00 1.860001e+01 -6.945170e+00
      vertex   2.787148e+00 2.060001e+01 -6.945170e+00
    endloop
  endfacet
  facet normal 9.157575e-01 0.000000e+00 -4.017315e-01
    outer loop
      vertex   3.272557e+00 1.860001e+01 -5.978787e+00
      vertex   2.943148e+00 1.860001e+01 -6.729684e+00
      vertex   3.272557e+00 2.060001e+01 -5.978787e+00
    endloop
  endfacet
  facet normal 9.157575e-01 0.000000e+00 -4.017315e-01
    outer loop
      vertex   3.272557e+00 2.060001e+01 -5.978787e+00
      vertex   2.943148e+00 1.860001e+01 -6.729684e+00
      vertex   2.943148e+00 2.060001e+01 -6.729684e+00
    endloop
  endfacet
  facet normal -2.614609e-01 0.000000e+00 -9.652141e-01
    outer loop
      vertex   4.214909e+00 1.860001e+01 -6.284976e+00
      vertex   3.736130e+00 1.860001e+01 -6.155283e+00
      vertex   4.214909e+00 2.060001e+01 -6.284976e+00
    endloop
  endfacet
  facet normal -2.614609e-01 0.000000e+00 -9.652141e-01
    outer loop
      vertex   4.214909e+00 2.060001e+01 -6.284976e+00
      vertex   3.736130e+00 1.860001e+01 -6.155283e+00
      vertex   3.736130e+00 2.060001e+01 -6.155283e+00
    endloop
  endfacet
  facet normal -3.558123e-01 -0.000000e+00 -9.345574e-01
    outer loop
      vertex   3.736130e+00 2.060001e+01 -6.155283e+00
      vertex   3.736130e+00 1.860001e+01 -6.155283e+00
      vertex   3.272557e+00 1.860001e+01 -5.978787e+00
    endloop
  endfacet
  facet normal -3.558123e-01 0.000000e+00 -9.345574e-01
    outer loop
      vertex   3.736130e+00 2.060001e+01 -6.155283e+00
      vertex   3.272557e+00 1.860001e+01 -5.978787e+00
      vertex   3.272557e+00 2.060001e+01 -5.978787e+00
    endloop
  endfacet
  facet normal -9.769952e-01 0.000000e+00 2.132611e-01
    outer loop
      vertex   4.040041e+00 1.860001e+01 -7.086086e+00
      vertex   4.214909e+00 1.860001e+01 -6.284976e+00
      vertex   4.040041e+00 2.060001e+01 -7.086086e+00
    endloop
  endfacet
  facet normal -9.769952e-01 0.000000e+00 2.132611e-01
    outer loop
      vertex   4.040041e+00 2.060001e+01 -7.086086e+00
      vertex   4.214909e+00 1.860001e+01 -6.284976e+00
      vertex   4.214909e+00 2.060001e+01 -6.284976e+00
    endloop
  endfacet
  facet normal -9.993019e-01 0.000000e+00 -3.735846e-02
    outer loop
      vertex   4.039588e+00 1.860001e+01 -7.352112e+00
      vertex   4.032920e+00 1.860001e+01 -7.173749e+00
      vertex   4.039588e+00 2.060001e+01 -7.352112e+00
    endloop
  endfacet
  facet normal -9.993019e-01 0.000000e+00 -3.735846e-02
    outer loop
      vertex   4.039588e+00 2.060001e+01 -7.352112e+00
      vertex   4.032920e+00 1.860001e+01 -7.173749e+00
      vertex   4.032920e+00 2.060001e+01 -7.173749e+00
    endloop
  endfacet
  facet normal -9.967169e-01 0.000000e+00 8.096498e-02
    outer loop
      vertex   4.032920e+00 2.060001e+01 -7.173749e+00
      vertex   4.032920e+00 1.860001e+01 -7.173749e+00
      vertex   4.040041e+00 1.860001e+01 -7.086086e+00
    endloop
  endfacet
  facet normal -9.967169e-01 0.000000e+00 8.096498e-02
    outer loop
      vertex   4.032920e+00 2.060001e+01 -7.173749e+00
      vertex   4.040041e+00 1.860001e+01 -7.086086e+00
      vertex   4.040041e+00 2.060001e+01 -7.086086e+00
    endloop
  endfacet
  facet normal -9.372203e-01 0.000000e+00 -3.487379e-01
    outer loop
      vertex   4.244236e+00 1.860001e+01 -8.121152e+00
      vertex   4.157061e+00 1.860001e+01 -7.886871e+00
      vertex   4.244236e+00 2.060001e+01 -8.121152e+00
    endloop
  endfacet
  facet normal -9.372203e-01 0.000000e+00 -3.487379e-01
    outer loop
      vertex   4.244236e+00 2.060001e+01 -8.121152e+00
      vertex   4.157061e+00 1.860001e+01 -7.886871e+00
      vertex   4.157061e+00 2.060001e+01 -7.886871e+00
    endloop
  endfacet
  facet normal -9.604846e-01 -0.000000e+00 -2.783331e-01
    outer loop
      vertex   4.157061e+00 2.060001e+01 -7.886871e+00
      vertex   4.157061e+00 1.860001e+01 -7.886871e+00
      vertex   4.097056e+00 1.860001e+01 -7.679804e+00
    endloop
  endfacet
  facet normal -9.604846e-01 0.000000e+00 -2.783331e-01
    outer loop
      vertex   4.157061e+00 2.060001e+01 -7.886871e+00
      vertex   4.097056e+00 1.860001e+01 -7.679804e+00
      vertex   4.097056e+00 2.060001e+01 -7.679804e+00
    endloop
  endfacet
  facet normal -9.785878e-01 -0.000000e+00 -2.058300e-01
    outer loop
      vertex   4.097056e+00 2.060001e+01 -7.679804e+00
      vertex   4.097056e+00 1.860001e+01 -7.679804e+00
      vertex   4.059479e+00 1.860001e+01 -7.501151e+00
    endloop
  endfacet
  facet normal -9.785878e-01 0.000000e+00 -2.058300e-01
    outer loop
      vertex   4.097056e+00 2.060001e+01 -7.679804e+00
      vertex   4.059479e+00 1.860001e+01 -7.501151e+00
      vertex   4.059479e+00 2.060001e+01 -7.501151e+00
    endloop
  endfacet
  facet normal -9.912107e-01 -0.000000e+00 -1.322928e-01
    outer loop
      vertex   4.059479e+00 2.060001e+01 -7.501151e+00
      vertex   4.059479e+00 1.860001e+01 -7.501151e+00
      vertex   4.039588e+00 1.860001e+01 -7.352112e+00
    endloop
  endfacet
  facet normal -9.912107e-01 0.000000e+00 -1.322928e-01
    outer loop
      vertex   4.059479e+00 2.060001e+01 -7.501151e+00
      vertex   4.039588e+00 1.860001e+01 -7.352112e+00
      vertex   4.039588e+00 2.060001e+01 -7.352112e+00
    endloop
  endfacet
  facet normal -1.045285e-01 0.000000e+00 -9.945219e-01
    outer loop
      vertex   4.898127e+00 1.860001e+01 -8.189878e+00
      vertex   4.244236e+00 1.860001e+01 -8.121152e+00
      vertex   4.898127e+00 2.060001e+01 -8.189878e+00
    endloop
  endfacet
  facet normal -1.045285e-01 0.000000e+00 -9.945219e-01
    outer loop
      vertex   4.898127e+00 2.060001e+01 -8.189878e+00
      vertex   4.244236e+00 1.860001e+01 -8.121152e+00
      vertex   4.244236e+00 2.060001e+01 -8.121152e+00
    endloop
  endfacet
  facet normal 9.420451e-01 0.000000e+00 -3.354861e-01
    outer loop
      vertex   5.258195e+00 1.860001e+01 -7.480193e+00
      vertex   5.207752e+00 1.860001e+01 -7.621839e+00
      vertex   5.258195e+00 2.060001e+01 -7.480193e+00
    endloop
  endfacet
  facet normal 9.420451e-01 0.000000e+00 -3.354861e-01
    outer loop
      vertex   5.258195e+00 2.060001e+01 -7.480193e+00
      vertex   5.207752e+00 1.860001e+01 -7.621839e+00
      vertex   5.207752e+00 2.060001e+01 -7.621839e+00
    endloop
  endfacet
  facet normal 9.144088e-01 0.000000e+00 -4.047920e-01
    outer loop
      vertex   5.207752e+00 2.060001e+01 -7.621839e+00
      vertex   5.207752e+00 1.860001e+01 -7.621839e+00
      vertex   5.133852e+00 1.860001e+01 -7.788775e+00
    endloop
  endfacet
  facet normal 9.144088e-01 0.000000e+00 -4.047920e-01
    outer loop
      vertex   5.207752e+00 2.060001e+01 -7.621839e+00
      vertex   5.133852e+00 1.860001e+01 -7.788775e+00
      vertex   5.133852e+00 2.060001e+01 -7.788775e+00
    endloop
  endfacet
  facet normal 8.816270e-01 0.000000e+00 -4.719468e-01
    outer loop
      vertex   5.133852e+00 2.060001e+01 -7.788775e+00
      vertex   5.133852e+00 1.860001e+01 -7.788775e+00
      vertex   5.032107e+00 1.860001e+01 -7.978842e+00
    endloop
  endfacet
  facet normal 8.816270e-01 0.000000e+00 -4.719468e-01
    outer loop
      vertex   5.133852e+00 2.060001e+01 -7.788775e+00
      vertex   5.032107e+00 1.860001e+01 -7.978842e+00
      vertex   5.032107e+00 2.060001e+01 -7.978842e+00
    endloop
  endfacet
  facet normal 8.442331e-01 0.000000e+00 -5.359762e-01
    outer loop
      vertex   5.032107e+00 2.060001e+01 -7.978842e+00
      vertex   5.032107e+00 1.860001e+01 -7.978842e+00
      vertex   4.898127e+00 1.860001e+01 -8.189878e+00
    endloop
  endfacet
  facet normal 8.442331e-01 0.000000e+00 -5.359762e-01
    outer loop
      vertex   5.032107e+00 2.060001e+01 -7.978842e+00
      vertex   4.898127e+00 1.860001e+01 -8.189878e+00
      vertex   4.898127e+00 2.060001e+01 -8.189878e+00
    endloop
  endfacet
  facet normal 9.917699e-01 0.000000e+00 -1.280334e-01
    outer loop
      vertex   5.313062e+00 1.860001e+01 -7.219886e+00
      vertex   5.301801e+00 1.860001e+01 -7.307114e+00
      vertex   5.313062e+00 2.060001e+01 -7.219886e+00
    endloop
  endfacet
  facet normal 9.917699e-01 0.000000e+00 -1.280334e-01
    outer loop
      vertex   5.313062e+00 2.060001e+01 -7.219886e+00
      vertex   5.301801e+00 1.860001e+01 -7.307114e+00
      vertex   5.301801e+00 2.060001e+01 -7.307114e+00
    endloop
  endfacet
  facet normal 9.696975e-01 0.000000e+00 -2.443086e-01
    outer loop
      vertex   5.301801e+00 2.060001e+01 -7.307114e+00
      vertex   5.301801e+00 1.860001e+01 -7.307114e+00
      vertex   5.258195e+00 1.860001e+01 -7.480193e+00
    endloop
  endfacet
  facet normal 9.696975e-01 0.000000e+00 -2.443086e-01
    outer loop
      vertex   5.301801e+00 2.060001e+01 -7.307114e+00
      vertex   5.258195e+00 1.860001e+01 -7.480193e+00
      vertex   5.258195e+00 2.060001e+01 -7.480193e+00
    endloop
  endfacet
  facet normal 9.999850e-01 -0.000000e+00 5.472098e-03
    outer loop
      vertex   5.308575e+00 1.860001e+01 -6.399925e+00
      vertex   5.313062e+00 1.860001e+01 -7.219886e+00
      vertex   5.308575e+00 2.060001e+01 -6.399925e+00
    endloop
  endfacet
  facet normal 9.999850e-01 0.000000e+00 5.472098e-03
    outer loop
      vertex   5.308575e+00 2.060001e+01 -6.399925e+00
      vertex   5.313062e+00 1.860001e+01 -7.219886e+00
      vertex   5.313062e+00 2.060001e+01 -7.219886e+00
    endloop
  endfacet
  facet normal 1.537315e-01 6.827050e-17 -9.881127e-01
    outer loop
      vertex   6.293995e+00 1.860001e+01 -6.296353e+00
      vertex   5.803857e+00 1.860001e+01 -6.372609e+00
      vertex   6.293995e+00 2.060001e+01 -6.296353e+00
    endloop
  endfacet
  facet normal 1.537315e-01 6.294929e-17 -9.881127e-01
    outer loop
      vertex   6.293995e+00 2.060001e+01 -6.296353e+00
      vertex   5.803857e+00 1.860001e+01 -6.372609e+00
      vertex   5.803857e+00 2.060001e+01 -6.372609e+00
    endloop
  endfacet
  facet normal 5.506807e-02 2.445514e-17 -9.984826e-01
    outer loop
      vertex   5.803857e+00 2.060001e+01 -6.372609e+00
      vertex   5.803857e+00 1.860001e+01 -6.372609e+00
      vertex   5.308575e+00 1.860001e+01 -6.399925e+00
    endloop
  endfacet
  facet normal 5.506807e-02 0.000000e+00 -9.984826e-01
    outer loop
      vertex   5.803857e+00 2.060001e+01 -6.372609e+00
      vertex   5.308575e+00 1.860001e+01 -6.399925e+00
      vertex   5.308575e+00 2.060001e+01 -6.399925e+00
    endloop
  endfacet
  facet normal -9.792707e-01 -4.348835e-16 -2.025561e-01
    outer loop
      vertex   6.460085e+00 1.860001e+01 -7.099329e+00
      vertex   6.293995e+00 1.860001e+01 -6.296353e+00
      vertex   6.460085e+00 2.060001e+01 -7.099329e+00
    endloop
  endfacet
  facet normal -9.792707e-01 -4.400420e-16 -2.025561e-01
    outer loop
      vertex   6.460085e+00 2.060001e+01 -7.099329e+00
      vertex   6.293995e+00 1.860001e+01 -6.296353e+00
      vertex   6.293995e+00 2.060001e+01 -6.296353e+00
    endloop
  endfacet
  facet normal -8.977127e-01 -3.986645e-16 -4.405814e-01
    outer loop
      vertex   6.567874e+00 1.860001e+01 -7.342540e+00
      vertex   6.489236e+00 1.860001e+01 -7.182310e+00
      vertex   6.567874e+00 2.060001e+01 -7.342540e+00
    endloop
  endfacet
  facet normal -8.977127e-01 -3.984794e-16 -4.405814e-01
    outer loop
      vertex   6.567874e+00 2.060001e+01 -7.342540e+00
      vertex   6.489236e+00 1.860001e+01 -7.182310e+00
      vertex   6.489236e+00 2.060001e+01 -7.182310e+00
    endloop
  endfacet
  facet normal -9.434777e-01 -4.189882e-16 -3.314361e-01
    outer loop
      vertex   6.489236e+00 2.060001e+01 -7.182310e+00
      vertex   6.489236e+00 1.860001e+01 -7.182310e+00
      vertex   6.460085e+00 1.860001e+01 -7.099329e+00
    endloop
  endfacet
  facet normal -9.434777e-01 -4.191229e-16 -3.314361e-01
    outer loop
      vertex   6.489236e+00 2.060001e+01 -7.182310e+00
      vertex   6.460085e+00 1.860001e+01 -7.099329e+00
      vertex   6.460085e+00 2.060001e+01 -7.099329e+00
    endloop
  endfacet
  facet normal -7.143488e-01 -3.172346e-16 -6.997898e-01
    outer loop
      vertex   7.067627e+00 1.860001e+01 -7.961855e+00
      vertex   6.892697e+00 1.860001e+01 -7.783286e+00
      vertex   7.067627e+00 2.060001e+01 -7.961855e+00
    endloop
  endfacet
  facet normal -7.143488e-01 -3.192221e-16 -6.997898e-01
    outer loop
      vertex   7.067627e+00 2.060001e+01 -7.961855e+00
      vertex   6.892697e+00 1.860001e+01 -7.783286e+00
      vertex   6.892697e+00 2.060001e+01 -7.783286e+00
    endloop
  endfacet
  facet normal -7.642381e-01 -3.393899e-16 -6.449342e-01
    outer loop
      vertex   6.892697e+00 2.060001e+01 -7.783286e+00
      vertex   6.892697e+00 1.860001e+01 -7.783286e+00
      vertex   6.753658e+00 1.860001e+01 -7.618527e+00
    endloop
  endfacet
  facet normal -7.642381e-01 -3.379551e-16 -6.449342e-01
    outer loop
      vertex   6.892697e+00 2.060001e+01 -7.783286e+00
      vertex   6.753658e+00 1.860001e+01 -7.618527e+00
      vertex   6.753658e+00 2.060001e+01 -7.618527e+00
    endloop
  endfacet
  facet normal -8.102658e-01 -3.598303e-16 -5.860626e-01
    outer loop
      vertex   6.753658e+00 2.060001e+01 -7.618527e+00
      vertex   6.753658e+00 1.860001e+01 -7.618527e+00
      vertex   6.646666e+00 1.860001e+01 -7.470603e+00
    endloop
  endfacet
  facet normal -8.102658e-01 -3.610802e-16 -5.860626e-01
    outer loop
      vertex   6.753658e+00 2.060001e+01 -7.618527e+00
      vertex   6.646666e+00 1.860001e+01 -7.470603e+00
      vertex   6.646666e+00 2.060001e+01 -7.470603e+00
    endloop
  endfacet
  facet normal -8.517077e-01 -3.782342e-16 -5.240172e-01
    outer loop
      vertex   6.646666e+00 2.060001e+01 -7.470603e+00
      vertex   6.646666e+00 1.860001e+01 -7.470603e+00
      vertex   6.567874e+00 1.860001e+01 -7.342540e+00
    endloop
  endfacet
  facet normal -8.517077e-01 -3.749569e-16 -5.240172e-01
    outer loop
      vertex   6.646666e+00 2.060001e+01 -7.470603e+00
      vertex   6.567874e+00 1.860001e+01 -7.342540e+00
      vertex   6.567874e+00 2.060001e+01 -7.342540e+00
    endloop
  endfacet
  facet normal 3.090170e-01 1.372311e-16 -9.510565e-01
    outer loop
      vertex   7.692939e+00 1.860001e+01 -7.758678e+00
      vertex   7.067627e+00 1.860001e+01 -7.961855e+00
      vertex   7.692939e+00 2.060001e+01 -7.758678e+00
    endloop
  endfacet
  facet normal 3.090170e-01 1.477501e-16 -9.510565e-01
    outer loop
      vertex   7.692939e+00 2.060001e+01 -7.758678e+00
      vertex   7.067627e+00 1.860001e+01 -7.961855e+00
      vertex   7.067627e+00 2.060001e+01 -7.961855e+00
    endloop
  endfacet
  facet normal 9.970556e-01 4.427816e-16 7.668244e-02
    outer loop
      vertex   7.733223e+00 1.860001e+01 -6.963896e+00
      vertex   7.744753e+00 1.860001e+01 -7.113813e+00
      vertex   7.733223e+00 2.060001e+01 -6.963896e+00
    endloop
  endfacet
  facet normal 9.970556e-01 4.427376e-16 7.668244e-02
    outer loop
      vertex   7.733223e+00 2.060001e+01 -6.963896e+00
      vertex   7.744753e+00 1.860001e+01 -7.113813e+00
      vertex   7.744753e+00 2.060001e+01 -7.113813e+00
    endloop
  endfacet
  facet normal 9.999977e-01 4.440882e-16 2.127718e-03
    outer loop
      vertex   7.744753e+00 2.060001e+01 -7.113813e+00
      vertex   7.744753e+00 1.860001e+01 -7.113813e+00
      vertex   7.745141e+00 1.860001e+01 -7.296375e+00
    endloop
  endfacet
  facet normal 9.999977e-01 8.881875e-16 2.127718e-03
    outer loop
      vertex   7.744753e+00 2.060001e+01 -7.113813e+00
      vertex   7.745141e+00 1.860001e+01 -7.296375e+00
      vertex   7.745141e+00 2.060001e+01 -7.296375e+00
    endloop
  endfacet
  facet normal 9.973644e-01 8.858376e-16 -7.255483e-02
    outer loop
      vertex   7.745141e+00 2.060001e+01 -7.296375e+00
      vertex   7.745141e+00 1.860001e+01 -7.296375e+00
      vertex   7.729499e+00 1.860001e+01 -7.511392e+00
    endloop
  endfacet
  facet normal 9.973644e-01 4.435661e-16 -7.255483e-02
    outer loop
      vertex   7.745141e+00 2.060001e+01 -7.296375e+00
      vertex   7.729499e+00 1.860001e+01 -7.511392e+00
      vertex   7.729499e+00 2.060001e+01 -7.511392e+00
    endloop
  endfacet
  facet normal 9.892465e-01 4.393137e-16 -1.462581e-01
    outer loop
      vertex   7.729499e+00 2.060001e+01 -7.511392e+00
      vertex   7.729499e+00 1.860001e+01 -7.511392e+00
      vertex   7.692939e+00 1.860001e+01 -7.758678e+00
    endloop
  endfacet
  facet normal 9.892465e-01 4.371954e-16 -1.462581e-01
    outer loop
      vertex   7.729499e+00 2.060001e+01 -7.511392e+00
      vertex   7.692939e+00 1.860001e+01 -7.758678e+00
      vertex   7.692939e+00 2.060001e+01 -7.758678e+00
    endloop
  endfacet
  facet normal 9.581027e-01 4.254831e-16 2.864248e-01
    outer loop
      vertex   7.677470e+00 1.860001e+01 -6.703777e+00
      vertex   7.702661e+00 1.860001e+01 -6.788044e+00
      vertex   7.677470e+00 2.060001e+01 -6.703777e+00
    endloop
  endfacet
  facet normal 9.581027e-01 4.265192e-16 2.864248e-01
    outer loop
      vertex   7.677470e+00 2.060001e+01 -6.703777e+00
      vertex   7.702661e+00 1.860001e+01 -6.788044e+00
      vertex   7.702661e+00 2.060001e+01 -6.788044e+00
    endloop
  endfacet
  facet normal 9.852320e-01 4.375309e-16 1.712245e-01
    outer loop
      vertex   7.702661e+00 2.060001e+01 -6.788044e+00
      vertex   7.702661e+00 1.860001e+01 -6.788044e+00
      vertex   7.733223e+00 1.860001e+01 -6.963896e+00
    endloop
  endfacet
  facet normal 9.852320e-01 4.373554e-16 1.712245e-01
    outer loop
      vertex   7.702661e+00 2.060001e+01 -6.788044e+00
      vertex   7.733223e+00 1.860001e+01 -6.963896e+00
      vertex   7.733223e+00 2.060001e+01 -6.963896e+00
    endloop
  endfacet
  facet normal 9.113061e-01 4.451713e-15 4.117296e-01
    outer loop
      vertex   7.339863e+00 1.860001e+01 -5.956530e+00
      vertex   7.677470e+00 1.860001e+01 -6.703777e+00
      vertex   7.339863e+00 2.060001e+01 -5.956530e+00
    endloop
  endfacet
  facet normal 9.113061e-01 4.061926e-16 4.117296e-01
    outer loop
      vertex   7.339863e+00 2.060001e+01 -5.956530e+00
      vertex   7.677470e+00 1.860001e+01 -6.703777e+00
      vertex   7.677470e+00 2.060001e+01 -6.703777e+00
    endloop
  endfacet
  facet normal 5.423423e-01 0.000000e+00 -8.401576e-01
    outer loop
      vertex   8.197962e+00 1.860001e+01 -5.461107e+00
      vertex   7.781215e+00 1.860001e+01 -5.730127e+00
      vertex   8.197962e+00 2.060001e+01 -5.461107e+00
    endloop
  endfacet
  facet normal 5.423423e-01 4.756169e-16 -8.401576e-01
    outer loop
      vertex   8.197962e+00 2.060001e+01 -5.461107e+00
      vertex   7.781215e+00 1.860001e+01 -5.730127e+00
      vertex   7.781215e+00 2.060001e+01 -5.730127e+00
    endloop
  endfacet
  facet normal 4.564266e-01 4.053883e-16 -8.897610e-01
    outer loop
      vertex   7.781215e+00 2.060001e+01 -5.730127e+00
      vertex   7.781215e+00 1.860001e+01 -5.730127e+00
      vertex   7.339863e+00 1.860001e+01 -5.956530e+00
    endloop
  endfacet
  facet normal 4.564266e-01 2.224208e-15 -8.897610e-01
    outer loop
      vertex   7.781215e+00 2.060001e+01 -5.730127e+00
      vertex   7.339863e+00 1.860001e+01 -5.956530e+00
      vertex   7.339863e+00 2.060001e+01 -5.956530e+00
    endloop
  endfacet
  facet normal -8.122213e-01 0.000000e+00 -5.833494e-01
    outer loop
      vertex   8.676293e+00 1.860001e+01 -6.127106e+00
      vertex   8.197962e+00 1.860001e+01 -5.461107e+00
      vertex   8.676293e+00 2.060001e+01 -6.127106e+00
    endloop
  endfacet
  facet normal -8.122213e-01 0.000000e+00 -5.833494e-01
    outer loop
      vertex   8.676293e+00 2.060001e+01 -6.127106e+00
      vertex   8.197962e+00 1.860001e+01 -5.461107e+00
      vertex   8.197962e+00 2.060001e+01 -5.461107e+00
    endloop
  endfacet
  facet normal -6.409008e-01 0.000000e+00 -7.676237e-01
    outer loop
      vertex   8.873686e+00 1.860001e+01 -6.305449e+00
      vertex   8.736674e+00 1.860001e+01 -6.191056e+00
      vertex   8.873686e+00 2.060001e+01 -6.305449e+00
    endloop
  endfacet
  facet normal -6.409008e-01 0.000000e+00 -7.676237e-01
    outer loop
      vertex   8.873686e+00 2.060001e+01 -6.305449e+00
      vertex   8.736674e+00 1.860001e+01 -6.191056e+00
      vertex   8.736674e+00 2.060001e+01 -6.191056e+00
    endloop
  endfacet
  facet normal -7.271025e-01 -0.000000e+00 -6.865289e-01
    outer loop
      vertex   8.736674e+00 2.060001e+01 -6.191056e+00
      vertex   8.736674e+00 1.860001e+01 -6.191056e+00
      vertex   8.676293e+00 1.860001e+01 -6.127106e+00
    endloop
  endfacet
  facet normal -7.271025e-01 0.000000e+00 -6.865289e-01
    outer loop
      vertex   8.736674e+00 2.060001e+01 -6.191056e+00
      vertex   8.676293e+00 1.860001e+01 -6.127106e+00
      vertex   8.676293e+00 2.060001e+01 -6.127106e+00
    endloop
  endfacet
  facet normal -3.679600e-01 1.634071e-15 -9.298416e-01
    outer loop
      vertex   9.582130e+00 1.860001e+01 -6.667953e+00
      vertex   9.349693e+00 1.860001e+01 -6.575973e+00
      vertex   9.582130e+00 2.060001e+01 -6.667953e+00
    endloop
  endfacet
  facet normal -3.679600e-01 3.331013e-16 -9.298416e-01
    outer loop
      vertex   9.582130e+00 2.060001e+01 -6.667953e+00
      vertex   9.349693e+00 1.860001e+01 -6.575973e+00
      vertex   9.349693e+00 2.060001e+01 -6.575973e+00
    endloop
  endfacet
  facet normal -4.358479e-01 3.871107e-16 -9.000203e-01
    outer loop
      vertex   9.349693e+00 2.060001e+01 -6.575973e+00
      vertex   9.349693e+00 1.860001e+01 -6.575973e+00
      vertex   9.155662e+00 1.860001e+01 -6.482010e+00
    endloop
  endfacet
  facet normal -4.358479e-01 0.000000e+00 -9.000203e-01
    outer loop
      vertex   9.349693e+00 2.060001e+01 -6.575973e+00
      vertex   9.155662e+00 1.860001e+01 -6.482010e+00
      vertex   9.155662e+00 2.060001e+01 -6.482010e+00
    endloop
  endfacet
  facet normal -5.018415e-01 -0.000000e+00 -8.649596e-01
    outer loop
      vertex   9.155662e+00 2.060001e+01 -6.482010e+00
      vertex   9.155662e+00 1.860001e+01 -6.482010e+00
      vertex   8.997753e+00 1.860001e+01 -6.390393e+00
    endloop
  endfacet
  facet normal -5.018415e-01 0.000000e+00 -8.649596e-01
    outer loop
      vertex   9.155662e+00 2.060001e+01 -6.482010e+00
      vertex   8.997753e+00 1.860001e+01 -6.390393e+00
      vertex   8.997753e+00 2.060001e+01 -6.390393e+00
    endloop
  endfacet
  facet normal -5.649367e-01 -0.000000e+00 -8.251342e-01
    outer loop
      vertex   8.997753e+00 2.060001e+01 -6.390393e+00
      vertex   8.997753e+00 1.860001e+01 -6.390393e+00
      vertex   8.873686e+00 1.860001e+01 -6.305449e+00
    endloop
  endfacet
  facet normal -5.649367e-01 0.000000e+00 -8.251342e-01
    outer loop
      vertex   8.997753e+00 2.060001e+01 -6.390393e+00
      vertex   8.873686e+00 1.860001e+01 -6.305449e+00
      vertex   8.873686e+00 2.060001e+01 -6.305449e+00
    endloop
  endfacet
  facet normal 6.691306e-01 0.000000e+00 -7.431448e-01
    outer loop
      vertex   1.007074e+01 1.860001e+01 -6.228005e+00
      vertex   9.582130e+00 1.860001e+01 -6.667953e+00
      vertex   1.007074e+01 2.060001e+01 -6.228005e+00
    endloop
  endfacet
  facet normal 6.691306e-01 -2.976109e-15 -7.431448e-01
    outer loop
      vertex   1.007074e+01 2.060001e+01 -6.228005e+00
      vertex   9.582130e+00 1.860001e+01 -6.667953e+00
      vertex   9.582130e+00 2.060001e+01 -6.667953e+00
    endloop
  endfacet
  facet normal 8.796660e-01 6.336157e-16 4.755919e-01
    outer loop
      vertex   9.784276e+00 1.860001e+01 -5.485550e+00
      vertex   9.855786e+00 1.860001e+01 -5.617817e+00
      vertex   9.784276e+00 2.060001e+01 -5.485550e+00
    endloop
  endfacet
  facet normal 8.796660e-01 -1.563282e-15 4.755919e-01
    outer loop
      vertex   9.784276e+00 2.060001e+01 -5.485550e+00
      vertex   9.855786e+00 1.860001e+01 -5.617817e+00
      vertex   9.855786e+00 2.060001e+01 -5.617817e+00
    endloop
  endfacet
  facet normal 9.126780e-01 -1.621242e-15 4.086795e-01
    outer loop
      vertex   9.855786e+00 2.060001e+01 -5.617817e+00
      vertex   9.855786e+00 1.860001e+01 -5.617817e+00
      vertex   9.930395e+00 1.860001e+01 -5.784437e+00
    endloop
  endfacet
  facet normal 9.126780e-01 -2.432540e-15 4.086795e-01
    outer loop
      vertex   9.855786e+00 2.060001e+01 -5.617817e+00
      vertex   9.930395e+00 1.860001e+01 -5.784437e+00
      vertex   9.930395e+00 2.060001e+01 -5.784437e+00
    endloop
  endfacet
  facet normal 9.406484e-01 -2.506391e-15 3.393825e-01
    outer loop
      vertex   9.930395e+00 2.060001e+01 -5.784437e+00
      vertex   9.930395e+00 1.860001e+01 -5.784437e+00
      vertex   1.000356e+01 1.860001e+01 -5.987228e+00
    endloop
  endfacet
  facet normal 9.406484e-01 -2.506500e-15 3.393825e-01
    outer loop
      vertex   9.930395e+00 2.060001e+01 -5.784437e+00
      vertex   1.000356e+01 1.860001e+01 -5.987228e+00
      vertex   1.000356e+01 2.060001e+01 -5.987228e+00
    endloop
  endfacet
  facet normal 9.632102e-01 -2.566507e-15 2.687493e-01
    outer loop
      vertex   1.000356e+01 2.060001e+01 -5.987228e+00
      vertex   1.000356e+01 1.860001e+01 -5.987228e+00
      vertex   1.007074e+01 1.860001e+01 -6.228005e+00
    endloop
  endfacet
  facet normal 9.632102e-01 0.000000e+00 2.687493e-01
    outer loop
      vertex   1.000356e+01 2.060001e+01 -5.987228e+00
      vertex   1.007074e+01 1.860001e+01 -6.228005e+00
      vertex   1.007074e+01 2.060001e+01 -6.228005e+00
    endloop
  endfacet
  facet normal 7.587709e-01 -2.501837e-15 6.513576e-01
    outer loop
      vertex   9.627543e+00 1.860001e+01 -5.270596e+00
      vertex   9.684831e+00 1.860001e+01 -5.337332e+00
      vertex   9.627543e+00 2.060001e+01 -5.270596e+00
    endloop
  endfacet
  facet normal 7.587709e-01 -2.694714e-15 6.513576e-01
    outer loop
      vertex   9.627543e+00 2.060001e+01 -5.270596e+00
      vertex   9.684831e+00 1.860001e+01 -5.337332e+00
      vertex   9.684831e+00 2.060001e+01 -5.337332e+00
    endloop
  endfacet
  facet normal 8.304110e-01 -2.950213e-15 5.571513e-01
    outer loop
      vertex   9.684831e+00 2.060001e+01 -5.337332e+00
      vertex   9.684831e+00 1.860001e+01 -5.337332e+00
      vertex   9.784276e+00 1.860001e+01 -5.485550e+00
    endloop
  endfacet
  facet normal 8.304110e-01 7.435042e-16 5.571513e-01
    outer loop
      vertex   9.684831e+00 2.060001e+01 -5.337332e+00
      vertex   9.784276e+00 1.860001e+01 -5.485550e+00
      vertex   9.784276e+00 2.060001e+01 -5.485550e+00
    endloop
  endfacet
  facet normal 6.650540e-01 -0.000000e+00 7.467952e-01
    outer loop
      vertex   9.015191e+00 1.860001e+01 -4.725270e+00
      vertex   9.627543e+00 1.860001e+01 -5.270596e+00
      vertex   9.015191e+00 2.060001e+01 -4.725270e+00
    endloop
  endfacet
  facet normal 6.650540e-01 -1.963264e-15 7.467952e-01
    outer loop
      vertex   9.015191e+00 2.060001e+01 -4.725270e+00
      vertex   9.627543e+00 1.860001e+01 -5.270596e+00
      vertex   9.627543e+00 2.060001e+01 -5.270596e+00
    endloop
  endfacet
  facet normal 8.371773e-01 -3.717814e-15 -5.469316e-01
    outer loop
      vertex   9.597597e+00 1.860001e+01 -3.923657e+00
      vertex   9.326300e+00 1.860001e+01 -4.338926e+00
      vertex   9.597597e+00 2.060001e+01 -3.923657e+00
    endloop
  endfacet
  facet normal 8.371773e-01 -7.414028e-16 -5.469316e-01
    outer loop
      vertex   9.597597e+00 2.060001e+01 -3.923657e+00
      vertex   9.326300e+00 1.860001e+01 -4.338926e+00
      vertex   9.326300e+00 2.060001e+01 -4.338926e+00
    endloop
  endfacet
  facet normal 7.788649e-01 -6.917710e-16 -6.271917e-01
    outer loop
      vertex   9.326300e+00 2.060001e+01 -4.338926e+00
      vertex   9.326300e+00 1.860001e+01 -4.338926e+00
      vertex   9.015191e+00 1.860001e+01 -4.725270e+00
    endloop
  endfacet
  facet normal 7.788649e-01 0.000000e+00 -6.271917e-01
    outer loop
      vertex   9.326300e+00 2.060001e+01 -4.338926e+00
      vertex   9.015191e+00 1.860001e+01 -4.725270e+00
      vertex   9.015191e+00 2.060001e+01 -4.725270e+00
    endloop
  endfacet
  facet normal -5.047315e-01 2.241458e-15 -8.632764e-01
    outer loop
      vertex   1.030546e+01 1.860001e+01 -4.337524e+00
      vertex   9.597597e+00 1.860001e+01 -3.923657e+00
      vertex   1.030546e+01 2.060001e+01 -4.337524e+00
    endloop
  endfacet
  facet normal -5.047315e-01 2.234060e-15 -8.632764e-01
    outer loop
      vertex   1.030546e+01 2.060001e+01 -4.337524e+00
      vertex   9.597597e+00 1.860001e+01 -3.923657e+00
      vertex   9.597597e+00 2.060001e+01 -3.923657e+00
    endloop
  endfacet
  facet normal -2.732713e-01 1.213568e-15 -9.619370e-01
    outer loop
      vertex   1.055833e+01 1.860001e+01 -4.420161e+00
      vertex   1.038663e+01 1.860001e+01 -4.371386e+00
      vertex   1.055833e+01 2.060001e+01 -4.420161e+00
    endloop
  endfacet
  facet normal -2.732713e-01 4.859504e-16 -9.619370e-01
    outer loop
      vertex   1.055833e+01 2.060001e+01 -4.420161e+00
      vertex   1.038663e+01 1.860001e+01 -4.371386e+00
      vertex   1.038663e+01 2.060001e+01 -4.371386e+00
    endloop
  endfacet
  facet normal -3.850047e-01 6.839058e-16 -9.229146e-01
    outer loop
      vertex   1.038663e+01 2.060001e+01 -4.371386e+00
      vertex   1.038663e+01 1.860001e+01 -4.371386e+00
      vertex   1.030546e+01 1.860001e+01 -4.337524e+00
    endloop
  endfacet
  facet normal -3.850047e-01 1.711008e-15 -9.229146e-01
    outer loop
      vertex   1.038663e+01 2.060001e+01 -4.371386e+00
      vertex   1.030546e+01 1.860001e+01 -4.337524e+00
      vertex   1.030546e+01 2.060001e+01 -4.337524e+00
    endloop
  endfacet
  facet normal 4.205251e-02 0.000000e+00 -9.991154e-01
    outer loop
      vertex   1.135297e+01 1.860001e+01 -4.463175e+00
      vertex   1.110321e+01 1.860001e+01 -4.473687e+00
      vertex   1.135297e+01 2.060001e+01 -4.463175e+00
    endloop
  endfacet
  facet normal 4.205251e-02 -7.460081e-17 -9.991154e-01
    outer loop
      vertex   1.135297e+01 2.060001e+01 -4.463175e+00
      vertex   1.110321e+01 1.860001e+01 -4.473687e+00
      vertex   1.110321e+01 2.060001e+01 -4.473687e+00
    endloop
  endfacet
  facet normal -3.209561e-02 5.701325e-17 -9.994848e-01
    outer loop
      vertex   1.110321e+01 2.060001e+01 -4.473687e+00
      vertex   1.110321e+01 1.860001e+01 -4.473687e+00
      vertex   1.088774e+01 1.860001e+01 -4.466768e+00
    endloop
  endfacet
  facet normal -3.209561e-02 1.136575e-16 -9.994848e-01
    outer loop
      vertex   1.110321e+01 2.060001e+01 -4.473687e+00
      vertex   1.088774e+01 1.860001e+01 -4.466768e+00
      vertex   1.088774e+01 2.060001e+01 -4.466768e+00
    endloop
  endfacet
  facet normal -1.066443e-01 3.788766e-16 -9.942972e-01
    outer loop
      vertex   1.088774e+01 2.060001e+01 -4.466768e+00
      vertex   1.088774e+01 1.860001e+01 -4.466768e+00
      vertex   1.070622e+01 1.860001e+01 -4.447299e+00
    endloop
  endfacet
  facet normal -1.066443e-01 4.739177e-16 -9.942972e-01
    outer loop
      vertex   1.088774e+01 2.060001e+01 -4.466768e+00
      vertex   1.070622e+01 1.860001e+01 -4.447299e+00
      vertex   1.070622e+01 2.060001e+01 -4.447299e+00
    endloop
  endfacet
  facet normal -1.804831e-01 8.015058e-16 -9.835781e-01
    outer loop
      vertex   1.070622e+01 2.060001e+01 -4.447299e+00
      vertex   1.070622e+01 1.860001e+01 -4.447299e+00
      vertex   1.055833e+01 1.860001e+01 -4.420161e+00
    endloop
  endfacet
  facet normal -1.804831e-01 8.018310e-16 -9.835781e-01
    outer loop
      vertex   1.070622e+01 2.060001e+01 -4.447299e+00
      vertex   1.055833e+01 1.860001e+01 -4.420161e+00
      vertex   1.055833e+01 2.060001e+01 -4.420161e+00
    endloop
  endfacet
  facet normal 9.135455e-01 0.000000e+00 -4.067366e-01
    outer loop
      vertex   1.162039e+01 1.860001e+01 -3.862526e+00
      vertex   1.135297e+01 1.860001e+01 -4.463175e+00
      vertex   1.162039e+01 2.060001e+01 -3.862526e+00
    endloop
  endfacet
  facet normal 9.135455e-01 0.000000e+00 -4.067366e-01
    outer loop
      vertex   1.162039e+01 2.060001e+01 -3.862526e+00
      vertex   1.135297e+01 1.860001e+01 -4.463175e+00
      vertex   1.135297e+01 2.060001e+01 -4.463175e+00
    endloop
  endfacet
  facet normal 6.101742e-01 -5.419436e-16 7.922673e-01
    outer loop
      vertex   1.105671e+01 1.860001e+01 -3.300776e+00
      vertex   1.117583e+01 1.860001e+01 -3.392522e+00
      vertex   1.105671e+01 2.060001e+01 -3.300776e+00
    endloop
  endfacet
  facet normal 6.101742e-01 0.000000e+00 7.922673e-01
    outer loop
      vertex   1.105671e+01 2.060001e+01 -3.300776e+00
      vertex   1.117583e+01 1.860001e+01 -3.392522e+00
      vertex   1.117583e+01 2.060001e+01 -3.392522e+00
    endloop
  endfacet
  facet normal 6.675479e-01 0.000000e+00 7.445669e-01
    outer loop
      vertex   1.117583e+01 2.060001e+01 -3.392522e+00
      vertex   1.117583e+01 1.860001e+01 -3.392522e+00
      vertex   1.131176e+01 1.860001e+01 -3.514390e+00
    endloop
  endfacet
  facet normal 6.675479e-01 -5.986329e-16 7.445669e-01
    outer loop
      vertex   1.117583e+01 2.060001e+01 -3.392522e+00
      vertex   1.131176e+01 1.860001e+01 -3.514390e+00
      vertex   1.131176e+01 2.060001e+01 -3.514390e+00
    endloop
  endfacet
  facet normal 7.212858e-01 -6.406305e-16 6.926376e-01
    outer loop
      vertex   1.131176e+01 2.060001e+01 -3.514390e+00
      vertex   1.131176e+01 1.860001e+01 -3.514390e+00
      vertex   1.146109e+01 1.860001e+01 -3.669890e+00
    endloop
  endfacet
  facet normal 7.212858e-01 0.000000e+00 6.926376e-01
    outer loop
      vertex   1.131176e+01 2.060001e+01 -3.514390e+00
      vertex   1.146109e+01 1.860001e+01 -3.669890e+00
      vertex   1.146109e+01 2.060001e+01 -3.669890e+00
    endloop
  endfacet
  facet normal 7.706261e-01 0.000000e+00 6.372876e-01
    outer loop
      vertex   1.146109e+01 2.060001e+01 -3.669890e+00
      vertex   1.146109e+01 1.860001e+01 -3.669890e+00
      vertex   1.162039e+01 1.860001e+01 -3.862526e+00
    endloop
  endfacet
  facet normal 7.706261e-01 0.000000e+00 6.372876e-01
    outer loop
      vertex   1.146109e+01 2.060001e+01 -3.669890e+00
      vertex   1.162039e+01 1.860001e+01 -3.862526e+00
      vertex   1.162039e+01 2.060001e+01 -3.862526e+00
    endloop
  endfacet
  facet normal 4.282407e-01 -0.000000e+00 9.036647e-01
    outer loop
      vertex   1.082610e+01 1.860001e+01 -3.168155e+00
      vertex   1.090558e+01 1.860001e+01 -3.205820e+00
      vertex   1.082610e+01 2.060001e+01 -3.168155e+00
    endloop
  endfacet
  facet normal 4.282407e-01 -1.900846e-15 9.036647e-01
    outer loop
      vertex   1.082610e+01 2.060001e+01 -3.168155e+00
      vertex   1.090558e+01 1.860001e+01 -3.205820e+00
      vertex   1.090558e+01 2.060001e+01 -3.205820e+00
    endloop
  endfacet
  facet normal 5.320043e-01 -2.362574e-15 8.467416e-01
    outer loop
      vertex   1.090558e+01 2.060001e+01 -3.205820e+00
      vertex   1.090558e+01 1.860001e+01 -3.205820e+00
      vertex   1.105671e+01 1.860001e+01 -3.300776e+00
    endloop
  endfacet
  facet normal 5.320043e-01 -4.762314e-16 8.467416e-01
    outer loop
      vertex   1.090558e+01 2.060001e+01 -3.205820e+00
      vertex   1.105671e+01 1.860001e+01 -3.300776e+00
      vertex   1.105671e+01 2.060001e+01 -3.300776e+00
    endloop
  endfacet
  facet normal 3.038081e-01 -0.000000e+00 9.527332e-01
    outer loop
      vertex   1.004488e+01 1.860001e+01 -2.919040e+00
      vertex   1.082610e+01 1.860001e+01 -3.168155e+00
      vertex   1.004488e+01 2.060001e+01 -2.919040e+00
    endloop
  endfacet
  facet normal 3.038081e-01 0.000000e+00 9.527332e-01
    outer loop
      vertex   1.004488e+01 2.060001e+01 -2.919040e+00
      vertex   1.082610e+01 1.860001e+01 -3.168155e+00
      vertex   1.082610e+01 2.060001e+01 -3.168155e+00
    endloop
  endfacet
  facet normal 9.872566e-01 0.000000e+00 -1.591363e-01
    outer loop
      vertex   1.025089e+01 1.860001e+01 -1.949845e+00
      vertex   1.017195e+01 1.860001e+01 -2.439558e+00
      vertex   1.025089e+01 2.060001e+01 -1.949845e+00
    endloop
  endfacet
  facet normal 9.872566e-01 0.000000e+00 -1.591363e-01
    outer loop
      vertex   1.025089e+01 2.060001e+01 -1.949845e+00
      vertex   1.017195e+01 1.860001e+01 -2.439558e+00
      vertex   1.017195e+01 2.060001e+01 -2.439558e+00
    endloop
  endfacet
  facet normal 9.666304e-01 0.000000e+00 -2.561752e-01
    outer loop
      vertex   1.017195e+01 2.060001e+01 -2.439558e+00
      vertex   1.017195e+01 1.860001e+01 -2.439558e+00
      vertex   1.004488e+01 1.860001e+01 -2.919040e+00
    endloop
  endfacet
  facet normal 9.666304e-01 0.000000e+00 -2.561752e-01
    outer loop
      vertex   1.017195e+01 2.060001e+01 -2.439558e+00
      vertex   1.004488e+01 1.860001e+01 -2.919040e+00
      vertex   1.004488e+01 2.060001e+01 -2.919040e+00
    endloop
  endfacet
  facet normal -1.099690e-01 5.860327e-16 -9.939350e-01
    outer loop
      vertex   1.106589e+01 1.860001e+01 -2.040017e+00
      vertex   1.025089e+01 1.860001e+01 -1.949845e+00
      vertex   1.106589e+01 2.060001e+01 -2.040017e+00
    endloop
  endfacet
  facet normal -1.099690e-01 0.000000e+00 -9.939350e-01
    outer loop
      vertex   1.106589e+01 2.060001e+01 -2.040017e+00
      vertex   1.025089e+01 1.860001e+01 -1.949845e+00
      vertex   1.025089e+01 2.060001e+01 -1.949845e+00
    endloop
  endfacet
  facet normal 1.416093e-01 0.000000e+00 -9.899226e-01
    outer loop
      vertex   1.133051e+01 1.860001e+01 -2.012660e+00
      vertex   1.115382e+01 1.860001e+01 -2.037935e+00
      vertex   1.133051e+01 2.060001e+01 -2.012660e+00
    endloop
  endfacet
  facet normal 1.416093e-01 -5.029587e-16 -9.899226e-01
    outer loop
      vertex   1.133051e+01 2.060001e+01 -2.012660e+00
      vertex   1.115382e+01 1.860001e+01 -2.037935e+00
      vertex   1.115382e+01 2.060001e+01 -2.037935e+00
    endloop
  endfacet
  facet normal 2.366385e-02 -8.407088e-17 -9.997200e-01
    outer loop
      vertex   1.115382e+01 2.060001e+01 -2.037935e+00
      vertex   1.115382e+01 1.860001e+01 -2.037935e+00
      vertex   1.106589e+01 1.860001e+01 -2.040017e+00
    endloop
  endfacet
  facet normal 2.366385e-02 -1.260450e-16 -9.997200e-01
    outer loop
      vertex   1.115382e+01 2.060001e+01 -2.037935e+00
      vertex   1.106589e+01 1.860001e+01 -2.040017e+00
      vertex   1.106589e+01 2.060001e+01 -2.040017e+00
    endloop
  endfacet
  facet normal 4.447937e-01 -7.901124e-16 -8.956330e-01
    outer loop
      vertex   1.207394e+01 1.860001e+01 -1.728746e+00
      vertex   1.185006e+01 1.860001e+01 -1.839933e+00
      vertex   1.207394e+01 2.060001e+01 -1.728746e+00
    endloop
  endfacet
  facet normal 4.447937e-01 0.000000e+00 -8.956330e-01
    outer loop
      vertex   1.207394e+01 2.060001e+01 -1.728746e+00
      vertex   1.185006e+01 1.860001e+01 -1.839933e+00
      vertex   1.185006e+01 2.060001e+01 -1.839933e+00
    endloop
  endfacet
  facet normal 3.772063e-01 0.000000e+00 -9.261293e-01
    outer loop
      vertex   1.185006e+01 2.060001e+01 -1.839933e+00
      vertex   1.185006e+01 1.860001e+01 -1.839933e+00
      vertex   1.165040e+01 1.860001e+01 -1.921253e+00
    endloop
  endfacet
  facet normal 3.772063e-01 0.000000e+00 -9.261293e-01
    outer loop
      vertex   1.185006e+01 2.060001e+01 -1.839933e+00
      vertex   1.165040e+01 1.860001e+01 -1.921253e+00
      vertex   1.165040e+01 2.060001e+01 -1.921253e+00
    endloop
  endfacet
  facet normal 3.069927e-01 0.000000e+00 -9.517119e-01
    outer loop
      vertex   1.165040e+01 2.060001e+01 -1.921253e+00
      vertex   1.165040e+01 1.860001e+01 -1.921253e+00
      vertex   1.147665e+01 1.860001e+01 -1.977299e+00
    endloop
  endfacet
  facet normal 3.069927e-01 0.000000e+00 -9.517119e-01
    outer loop
      vertex   1.165040e+01 2.060001e+01 -1.921253e+00
      vertex   1.147665e+01 1.860001e+01 -1.977299e+00
      vertex   1.147665e+01 2.060001e+01 -1.977299e+00
    endloop
  endfacet
  facet normal 2.351778e-01 0.000000e+00 -9.719524e-01
    outer loop
      vertex   1.147665e+01 2.060001e+01 -1.977299e+00
      vertex   1.147665e+01 1.860001e+01 -1.977299e+00
      vertex   1.133051e+01 1.860001e+01 -2.012660e+00
    endloop
  endfacet
  facet normal 2.351778e-01 0.000000e+00 -9.719524e-01
    outer loop
      vertex   1.147665e+01 2.060001e+01 -1.977299e+00
      vertex   1.133051e+01 1.860001e+01 -2.012660e+00
      vertex   1.133051e+01 2.060001e+01 -2.012660e+00
    endloop
  endfacet
  facet normal 1.000000e+00 -1.776357e-15 0.000000e+00
    outer loop
      vertex   1.207394e+01 1.860001e+01 -1.071254e+00
      vertex   1.207394e+01 1.860001e+01 -1.728746e+00
      vertex   1.207394e+01 2.060001e+01 -1.071254e+00
    endloop
  endfacet
  facet normal 1.000000e+00 -1.776357e-15 0.000000e+00
    outer loop
      vertex   1.207394e+01 2.060001e+01 -1.071254e+00
      vertex   1.207394e+01 1.860001e+01 -1.728746e+00
      vertex   1.207394e+01 2.060001e+01 -1.728746e+00
    endloop
  endfacet
  facet normal 2.351778e-01 -0.000000e+00 9.719524e-01
    outer loop
      vertex   1.133051e+01 1.860001e+01 -7.873401e-01
      vertex   1.147665e+01 1.860001e+01 -8.227014e-01
      vertex   1.133051e+01 2.060001e+01 -7.873401e-01
    endloop
  endfacet
  facet normal 2.351778e-01 0.000000e+00 9.719524e-01
    outer loop
      vertex   1.133051e+01 2.060001e+01 -7.873401e-01
      vertex   1.147665e+01 1.860001e+01 -8.227014e-01
      vertex   1.147665e+01 2.060001e+01 -8.227014e-01
    endloop
  endfacet
  facet normal 3.069927e-01 0.000000e+00 9.517119e-01
    outer loop
      vertex   1.147665e+01 2.060001e+01 -8.227014e-01
      vertex   1.147665e+01 1.860001e+01 -8.227014e-01
      vertex   1.165040e+01 1.860001e+01 -8.787466e-01
    endloop
  endfacet
  facet normal 3.069927e-01 0.000000e+00 9.517119e-01
    outer loop
      vertex   1.147665e+01 2.060001e+01 -8.227014e-01
      vertex   1.165040e+01 1.860001e+01 -8.787466e-01
      vertex   1.165040e+01 2.060001e+01 -8.787466e-01
    endloop
  endfacet
  facet normal 3.772063e-01 0.000000e+00 9.261293e-01
    outer loop
      vertex   1.165040e+01 2.060001e+01 -8.787466e-01
      vertex   1.165040e+01 1.860001e+01 -8.787466e-01
      vertex   1.185006e+01 1.860001e+01 -9.600670e-01
    endloop
  endfacet
  facet normal 3.772063e-01 0.000000e+00 9.261293e-01
    outer loop
      vertex   1.165040e+01 2.060001e+01 -8.787466e-01
      vertex   1.185006e+01 1.860001e+01 -9.600670e-01
      vertex   1.185006e+01 2.060001e+01 -9.600670e-01
    endloop
  endfacet
  facet normal 4.447937e-01 0.000000e+00 8.956330e-01
    outer loop
      vertex   1.185006e+01 2.060001e+01 -9.600670e-01
      vertex   1.185006e+01 1.860001e+01 -9.600670e-01
      vertex   1.207394e+01 1.860001e+01 -1.071254e+00
    endloop
  endfacet
  facet normal 4.447937e-01 -7.911155e-16 8.956330e-01
    outer loop
      vertex   1.185006e+01 2.060001e+01 -9.600670e-01
      vertex   1.207394e+01 1.860001e+01 -1.071254e+00
      vertex   1.207394e+01 2.060001e+01 -1.071254e+00
    endloop
  endfacet
  facet normal 2.366385e-02 -1.261063e-16 9.997200e-01
    outer loop
      vertex   1.106589e+01 1.860001e+01 -7.599833e-01
      vertex   1.115382e+01 1.860001e+01 -7.620646e-01
      vertex   1.106589e+01 2.060001e+01 -7.599833e-01
    endloop
  endfacet
  facet normal 2.366385e-02 -8.397867e-17 9.997200e-01
    outer loop
      vertex   1.106589e+01 2.060001e+01 -7.599833e-01
      vertex   1.115382e+01 1.860001e+01 -7.620646e-01
      vertex   1.115382e+01 2.060001e+01 -7.620646e-01
    endloop
  endfacet
  facet normal 1.416093e-01 -5.030973e-16 9.899226e-01
    outer loop
      vertex   1.115382e+01 2.060001e+01 -7.620646e-01
      vertex   1.115382e+01 1.860001e+01 -7.620646e-01
      vertex   1.133051e+01 1.860001e+01 -7.873401e-01
    endloop
  endfacet
  facet normal 1.416093e-01 0.000000e+00 9.899226e-01
    outer loop
      vertex   1.115382e+01 2.060001e+01 -7.620646e-01
      vertex   1.133051e+01 1.860001e+01 -7.873401e-01
      vertex   1.133051e+01 2.060001e+01 -7.873401e-01
    endloop
  endfacet
  facet normal -1.099690e-01 0.000000e+00 9.939350e-01
    outer loop
      vertex   1.025089e+01 1.860001e+01 -8.501549e-01
      vertex   1.106589e+01 1.860001e+01 -7.599833e-01
      vertex   1.025089e+01 2.060001e+01 -8.501549e-01
    endloop
  endfacet
  facet normal -1.099690e-01 5.839019e-16 9.939350e-01
    outer loop
      vertex   1.025089e+01 2.060001e+01 -8.501549e-01
      vertex   1.106589e+01 1.860001e+01 -7.599833e-01
      vertex   1.106589e+01 2.060001e+01 -7.599833e-01
    endloop
  endfacet
  facet normal 9.666304e-01 -4.292701e-15 2.561752e-01
    outer loop
      vertex   1.004488e+01 1.860001e+01 1.190405e-01
      vertex   1.017195e+01 1.860001e+01 -3.604415e-01
      vertex   1.004488e+01 2.060001e+01 1.190405e-01
    endloop
  endfacet
  facet normal 9.666304e-01 -8.603070e-16 2.561752e-01
    outer loop
      vertex   1.004488e+01 2.060001e+01 1.190405e-01
      vertex   1.017195e+01 1.860001e+01 -3.604415e-01
      vertex   1.017195e+01 2.060001e+01 -3.604415e-01
    endloop
  endfacet
  facet normal 9.872566e-01 -8.768600e-16 1.591363e-01
    outer loop
      vertex   1.017195e+01 2.060001e+01 -3.604415e-01
      vertex   1.017195e+01 1.860001e+01 -3.604415e-01
      vertex   1.025089e+01 1.860001e+01 -8.501549e-01
    endloop
  endfacet
  facet normal 9.872566e-01 0.000000e+00 1.591363e-01
    outer loop
      vertex   1.017195e+01 2.060001e+01 -3.604415e-01
      vertex   1.025089e+01 1.860001e+01 -8.501549e-01
      vertex   1.025089e+01 2.060001e+01 -8.501549e-01
    endloop
  endfacet
  facet normal 3.038081e-01 0.000000e+00 -9.527332e-01
    outer loop
      vertex   1.082610e+01 1.860001e+01 3.681548e-01
      vertex   1.004488e+01 1.860001e+01 1.190405e-01
      vertex   1.082610e+01 2.060001e+01 3.681548e-01
    endloop
  endfacet
  facet normal 3.038081e-01 -1.353975e-15 -9.527332e-01
    outer loop
      vertex   1.082610e+01 2.060001e+01 3.681548e-01
      vertex   1.004488e+01 1.860001e+01 1.190405e-01
      vertex   1.004488e+01 2.060001e+01 1.190405e-01
    endloop
  endfacet
  facet normal 3.955109e-15 1.000000e+00 -3.379588e-14
    outer loop
      vertex   4.551295e+00 2.060001e+01 -1.608824e+00
      vertex   3.058198e-01 2.060001e+01 -1.895424e+00
      vertex   4.524036e+00 2.060001e+01 -1.401769e+00
    endloop
  endfacet
  facet normal 0.000000e+00 1.000000e+00 0.000000e+00
    outer loop
      vertex   4.524036e+00 2.060001e+01 -1.401769e+00
      vertex   3.058198e-01 2.060001e+01 -1.895424e+00
      vertex   2.812148e-01 2.060001e+01 -1.400000e+00
    endloop
  endfacet
  facet normal 0.000000e+00 1.000000e+00 0.000000e+00
    outer loop
      vertex   4.524036e+00 2.060001e+01 -1.401769e+00
      vertex   2.812148e-01 2.060001e+01 -1.400000e+00
      vertex   3.058198e-01 2.060001e+01 -9.045761e-01
    endloop
  endfacet
  facet normal 1.546780e-15 1.000000e+00 6.406974e-16
    outer loop
      vertex   4.631215e+00 2.060001e+01 -1.801769e+00
      vertex   7.134875e-01 2.060001e+01 -3.433683e+00
      vertex   4.551295e+00 2.060001e+01 -1.608824e+00
    endloop
  endfacet
  facet normal 1.563681e-15 1.000000e+00 6.051547e-16
    outer loop
      vertex   4.551295e+00 2.060001e+01 -1.608824e+00
      vertex   7.134875e-01 2.060001e+01 -3.433683e+00
      vertex   5.344582e-01 2.060001e+01 -2.971083e+00
    endloop
  endfacet
  facet normal 1.649972e-15 1.000000e+00 3.507123e-16
    outer loop
      vertex   4.551295e+00 2.060001e+01 -1.608824e+00
      vertex   5.344582e-01 2.060001e+01 -2.971083e+00
      vertex   3.058198e-01 2.060001e+01 -1.895424e+00
    endloop
  endfacet
  facet normal 0.000000e+00 1.000000e+00 0.000000e+00
    outer loop
      vertex   3.058198e-01 2.060001e+01 -1.895424e+00
      vertex   5.344582e-01 2.060001e+01 -2.971083e+00
      vertex   -2.439840e-01 2.060001e+01 -3.228732e+00
    endloop
  endfacet
  facet normal 0.000000e+00 1.000000e+00 0.000000e+00
    outer loop
      vertex   3.058198e-01 2.060001e+01 -1.895424e+00
      vertex   -2.439840e-01 2.060001e+01 -3.228732e+00
      vertex   -5.101179e-01 2.060001e+01 -1.976671e+00
    endloop
  endfacet
  facet normal 0.000000e+00 1.000000e+00 0.000000e+00
    outer loop
      vertex   -5.101179e-01 2.060001e+01 -1.976671e+00
      vertex   -2.439840e-01 2.060001e+01 -3.228732e+00
      vertex   -3.304231e-01 2.060001e+01 -3.244978e+00
    endloop
  endfacet
  facet normal 0.000000e+00 1.000000e+00 0.000000e+00
    outer loop
      vertex   -5.101179e-01 2.060001e+01 -1.976671e+00
      vertex   -3.304231e-01 2.060001e+01 -3.244978e+00
      vertex   -5.956915e-01 2.060001e+01 -1.996988e+00
    endloop
  endfacet
  facet normal 0.000000e+00 1.000000e+00 0.000000e+00
    outer loop
      vertex   -5.956915e-01 2.060001e+01 -1.996988e+00
      vertex   -3.304231e-01 2.060001e+01 -3.244978e+00
      vertex   -5.085061e-01 2.060001e+01 -3.256990e+00
    endloop
  endfacet
  facet normal 0.000000e+00 1.000000e+00 0.000000e+00
    outer loop
      vertex   -5.956915e-01 2.060001e+01 -1.996988e+00
      vertex   -5.085061e-01 2.060001e+01 -3.256990e+00
      vertex   -7.632644e-01 2.060001e+01 -2.058447e+00
    endloop
  endfacet
  facet normal 0.000000e+00 1.000000e+00 0.000000e+00
    outer loop
      vertex   -7.632644e-01 2.060001e+01 -2.058447e+00
      vertex   -5.085061e-01 2.060001e+01 -3.256990e+00
      vertex   -6.588073e-01 2.060001e+01 -3.252786e+00
    endloop
  endfacet
  facet normal 0.000000e+00 1.000000e+00 0.000000e+00
    outer loop
      vertex   -7.632644e-01 2.060001e+01 -2.058447e+00
      vertex   -6.588073e-01 2.060001e+01 -3.252786e+00
      vertex   -8.988615e-01 2.060001e+01 -2.123420e+00
    endloop
  endfacet
  facet normal 0.000000e+00 1.000000e+00 0.000000e+00
    outer loop
      vertex   -8.988615e-01 2.060001e+01 -2.123420e+00
      vertex   -6.588073e-01 2.060001e+01 -3.252786e+00
      vertex   -8.404093e-01 2.060001e+01 -3.234090e+00
    endloop
  endfacet
  facet normal 0.000000e+00 1.000000e+00 0.000000e+00
    outer loop
      vertex   -8.988615e-01 2.060001e+01 -2.123420e+00
      vertex   -8.404093e-01 2.060001e+01 -3.234090e+00
      vertex   -1.057159e+00 2.060001e+01 -2.214364e+00
    endloop
  endfacet
  facet normal 0.000000e+00 1.000000e+00 0.000000e+00
    outer loop
      vertex   -1.057159e+00 2.060001e+01 -2.214364e+00
      vertex   -8.404093e-01 2.060001e+01 -3.234090e+00
      vertex   -1.052614e+00 2.060001e+01 -3.196058e+00
    endloop
  endfacet
  facet normal 0.000000e+00 1.000000e+00 0.000000e+00
    outer loop
      vertex   -1.057159e+00 2.060001e+01 -2.214364e+00
      vertex   -1.052614e+00 2.060001e+01 -3.196058e+00
      vertex   -1.235549e+00 2.060001e+01 -2.335419e+00
    endloop
  endfacet
  facet normal 0.000000e+00 1.000000e+00 0.000000e+00
    outer loop
      vertex   -1.235549e+00 2.060001e+01 -2.335419e+00
      vertex   -1.052614e+00 2.060001e+01 -3.196058e+00
      vertex   -1.294724e+00 2.060001e+01 -3.133849e+00
    endloop
  endfacet
  facet normal 0.000000e+00 1.000000e+00 0.000000e+00
    outer loop
      vertex   -1.235549e+00 2.060001e+01 -2.335419e+00
      vertex   -1.294724e+00 2.060001e+01 -3.133849e+00
      vertex   -1.431424e+00 2.060001e+01 -2.490725e+00
    endloop
  endfacet
  facet normal 1.335143e-15 1.000000e+00 1.024491e-15
    outer loop
      vertex   4.758350e+00 2.060001e+01 -1.967454e+00
      vertex   1.583854e+00 2.060001e+01 -4.765936e+00
      vertex   4.631215e+00 2.060001e+01 -1.801769e+00
    endloop
  endfacet
  facet normal 1.366178e-15 1.000000e+00 9.925861e-16
    outer loop
      vertex   4.631215e+00 2.060001e+01 -1.801769e+00
      vertex   1.583854e+00 2.060001e+01 -4.765936e+00
      vertex   9.374723e-01 2.060001e+01 -3.876268e+00
    endloop
  endfacet
  facet normal 1.497894e-15 1.000000e+00 7.580597e-16
    outer loop
      vertex   4.631215e+00 2.060001e+01 -1.801769e+00
      vertex   9.374723e-01 2.060001e+01 -3.876268e+00
      vertex   7.134875e-01 2.060001e+01 -3.433683e+00
    endloop
  endfacet
  facet normal 1.022474e-15 1.000000e+00 1.332514e-15
    outer loop
      vertex   4.924036e+00 2.060001e+01 -2.094589e+00
      vertex   2.320197e+00 2.060001e+01 -5.428942e+00
      vertex   4.758350e+00 2.060001e+01 -1.967454e+00
    endloop
  endfacet
  facet normal 1.062271e-15 1.000000e+00 1.304482e-15
    outer loop
      vertex   4.758350e+00 2.060001e+01 -1.967454e+00
      vertex   2.320197e+00 2.060001e+01 -5.428942e+00
      vertex   1.935562e+00 2.060001e+01 -5.115724e+00
    endloop
  endfacet
  facet normal 1.186545e-15 1.000000e+00 1.193056e-15
    outer loop
      vertex   4.758350e+00 2.060001e+01 -1.967454e+00
      vertex   1.935562e+00 2.060001e+01 -5.115724e+00
      vertex   1.583854e+00 2.060001e+01 -4.765936e+00
    endloop
  endfacet
  facet normal 8.479934e-16 1.000000e+00 1.468768e-15
    outer loop
      vertex   2.320197e+00 2.060001e+01 -5.428942e+00
      vertex   4.924036e+00 2.060001e+01 -2.094589e+00
      vertex   3.272557e+00 2.060001e+01 -5.978787e+00
    endloop
  endfacet
  facet normal 6.442634e-16 1.000000e+00 1.555389e-15
    outer loop
      vertex   3.272557e+00 2.060001e+01 -5.978787e+00
      vertex   4.924036e+00 2.060001e+01 -2.094589e+00
      vertex   5.116980e+00 2.060001e+01 -2.174510e+00
    endloop
  endfacet
  facet normal 6.002962e-16 1.000000e+00 1.576706e-15
    outer loop
      vertex   3.272557e+00 2.060001e+01 -5.978787e+00
      vertex   5.116980e+00 2.060001e+01 -2.174510e+00
      vertex   3.736130e+00 2.060001e+01 -6.155283e+00
    endloop
  endfacet
  facet normal 4.419802e-16 1.000000e+00 1.631623e-15
    outer loop
      vertex   3.736130e+00 2.060001e+01 -6.155283e+00
      vertex   5.116980e+00 2.060001e+01 -2.174510e+00
      vertex   4.214909e+00 2.060001e+01 -6.284976e+00
    endloop
  endfacet
  facet normal 2.211864e-16 1.000000e+00 1.680077e-15
    outer loop
      vertex   4.214909e+00 2.060001e+01 -6.284976e+00
      vertex   5.116980e+00 2.060001e+01 -2.174510e+00
      vertex   5.324036e+00 2.060001e+01 -2.201769e+00
    endloop
  endfacet
  facet normal 6.494376e-15 1.000000e+00 -2.391640e-17
    outer loop
      vertex   4.214909e+00 2.060001e+01 -6.284976e+00
      vertex   5.324036e+00 2.060001e+01 -2.201769e+00
      vertex   5.308575e+00 2.060001e+01 -6.399925e+00
    endloop
  endfacet
  facet normal 0.000000e+00 1.000000e+00 0.000000e+00
    outer loop
      vertex   5.308575e+00 2.060001e+01 -6.399925e+00
      vertex   5.324036e+00 2.060001e+01 -2.201769e+00
      vertex   5.803857e+00 2.060001e+01 -6.372609e+00
    endloop
  endfacet
  facet normal 0.000000e+00 1.000000e+00 0.000000e+00
    outer loop
      vertex   5.803857e+00 2.060001e+01 -6.372609e+00
      vertex   5.324036e+00 2.060001e+01 -2.201769e+00
      vertex   5.531091e+00 2.060001e+01 -2.174510e+00
    endloop
  endfacet
  facet normal -1.435171e-14 1.000000e+00 -9.324848e-16
    outer loop
      vertex   5.803857e+00 2.060001e+01 -6.372609e+00
      vertex   5.531091e+00 2.060001e+01 -2.174510e+00
      vertex   6.293995e+00 2.060001e+01 -6.296353e+00
    endloop
  endfacet
  facet normal -5.283382e-16 1.000000e+00 1.626058e-15
    outer loop
      vertex   6.293995e+00 2.060001e+01 -6.296353e+00
      vertex   5.531091e+00 2.060001e+01 -2.174510e+00
      vertex   7.339863e+00 2.060001e+01 -5.956530e+00
    endloop
  endfacet
  facet normal -0.000000e+00 1.000000e+00 0.000000e+00
    outer loop
      vertex   6.293995e+00 2.060001e+01 -6.296353e+00
      vertex   7.339863e+00 2.060001e+01 -5.956530e+00
      vertex   6.460085e+00 2.060001e+01 -7.099329e+00
    endloop
  endfacet
  facet normal 0.000000e+00 1.000000e+00 0.000000e+00
    outer loop
      vertex   6.460085e+00 2.060001e+01 -7.099329e+00
      vertex   7.339863e+00 2.060001e+01 -5.956530e+00
      vertex   7.677470e+00 2.060001e+01 -6.703777e+00
    endloop
  endfacet
  facet normal -0.000000e+00 1.000000e+00 0.000000e+00
    outer loop
      vertex   6.460085e+00 2.060001e+01 -7.099329e+00
      vertex   7.677470e+00 2.060001e+01 -6.703777e+00
      vertex   6.489236e+00 2.060001e+01 -7.182310e+00
    endloop
  endfacet
  facet normal 0.000000e+00 1.000000e+00 0.000000e+00
    outer loop
      vertex   6.489236e+00 2.060001e+01 -7.182310e+00
      vertex   7.677470e+00 2.060001e+01 -6.703777e+00
      vertex   7.702661e+00 2.060001e+01 -6.788044e+00
    endloop
  endfacet
  facet normal -0.000000e+00 1.000000e+00 0.000000e+00
    outer loop
      vertex   6.489236e+00 2.060001e+01 -7.182310e+00
      vertex   7.702661e+00 2.060001e+01 -6.788044e+00
      vertex   6.567874e+00 2.060001e+01 -7.342540e+00
    endloop
  endfacet
  facet normal 0.000000e+00 1.000000e+00 0.000000e+00
    outer loop
      vertex   6.567874e+00 2.060001e+01 -7.342540e+00
      vertex   7.702661e+00 2.060001e+01 -6.788044e+00
      vertex   7.733223e+00 2.060001e+01 -6.963896e+00
    endloop
  endfacet
  facet normal -0.000000e+00 1.000000e+00 0.000000e+00
    outer loop
      vertex   6.567874e+00 2.060001e+01 -7.342540e+00
      vertex   7.733223e+00 2.060001e+01 -6.963896e+00
      vertex   6.646666e+00 2.060001e+01 -7.470603e+00
    endloop
  endfacet
  facet normal 0.000000e+00 1.000000e+00 0.000000e+00
    outer loop
      vertex   6.646666e+00 2.060001e+01 -7.470603e+00
      vertex   7.733223e+00 2.060001e+01 -6.963896e+00
      vertex   7.744753e+00 2.060001e+01 -7.113813e+00
    endloop
  endfacet
  facet normal -0.000000e+00 1.000000e+00 0.000000e+00
    outer loop
      vertex   6.646666e+00 2.060001e+01 -7.470603e+00
      vertex   7.744753e+00 2.060001e+01 -7.113813e+00
      vertex   6.753658e+00 2.060001e+01 -7.618527e+00
    endloop
  endfacet
  facet normal 0.000000e+00 1.000000e+00 0.000000e+00
    outer loop
      vertex   6.753658e+00 2.060001e+01 -7.618527e+00
      vertex   7.744753e+00 2.060001e+01 -7.113813e+00
      vertex   7.745141e+00 2.060001e+01 -7.296375e+00
    endloop
  endfacet
  facet normal -0.000000e+00 1.000000e+00 0.000000e+00
    outer loop
      vertex   6.753658e+00 2.060001e+01 -7.618527e+00
      vertex   7.745141e+00 2.060001e+01 -7.296375e+00
      vertex   6.892697e+00 2.060001e+01 -7.783286e+00
    endloop
  endfacet
  facet normal 0.000000e+00 1.000000e+00 0.000000e+00
    outer loop
      vertex   6.892697e+00 2.060001e+01 -7.783286e+00
      vertex   7.745141e+00 2.060001e+01 -7.296375e+00
      vertex   7.729499e+00 2.060001e+01 -7.511392e+00
    endloop
  endfacet
  facet normal -0.000000e+00 1.000000e+00 0.000000e+00
    outer loop
      vertex   6.892697e+00 2.060001e+01 -7.783286e+00
      vertex   7.729499e+00 2.060001e+01 -7.511392e+00
      vertex   7.067627e+00 2.060001e+01 -7.961855e+00
    endloop
  endfacet
  facet normal 0.000000e+00 1.000000e+00 0.000000e+00
    outer loop
      vertex   7.067627e+00 2.060001e+01 -7.961855e+00
      vertex   7.729499e+00 2.060001e+01 -7.511392e+00
      vertex   7.692939e+00 2.060001e+01 -7.758678e+00
    endloop
  endfacet
  facet normal -6.495276e-16 1.000000e+00 1.568098e-15
    outer loop
      vertex   5.531091e+00 2.060001e+01 -2.174510e+00
      vertex   5.724036e+00 2.060001e+01 -2.094589e+00
      vertex   7.339863e+00 2.060001e+01 -5.956530e+00
    endloop
  endfacet
  facet normal -7.770318e-16 1.000000e+00 1.514751e-15
    outer loop
      vertex   7.339863e+00 2.060001e+01 -5.956530e+00
      vertex   5.724036e+00 2.060001e+01 -2.094589e+00
      vertex   7.781215e+00 2.060001e+01 -5.730127e+00
    endloop
  endfacet
  facet normal -9.240919e-16 1.000000e+00 1.431536e-15
    outer loop
      vertex   7.781215e+00 2.060001e+01 -5.730127e+00
      vertex   5.724036e+00 2.060001e+01 -2.094589e+00
      vertex   8.197962e+00 2.060001e+01 -5.461107e+00
    endloop
  endfacet
  facet normal -1.035587e-15 1.000000e+00 1.349603e-15
    outer loop
      vertex   8.197962e+00 2.060001e+01 -5.461107e+00
      vertex   5.724036e+00 2.060001e+01 -2.094589e+00
      vertex   5.889721e+00 2.060001e+01 -1.967454e+00
    endloop
  endfacet
  facet normal -1.148197e-15 1.000000e+00 1.275202e-15
    outer loop
      vertex   8.197962e+00 2.060001e+01 -5.461107e+00
      vertex   5.889721e+00 2.060001e+01 -1.967454e+00
      vertex   9.015191e+00 2.060001e+01 -4.725270e+00
    endloop
  endfacet
  facet normal -1.329052e-15 1.000000e+00 1.070237e-15
    outer loop
      vertex   9.015191e+00 2.060001e+01 -4.725270e+00
      vertex   5.889721e+00 2.060001e+01 -1.967454e+00
      vertex   9.326300e+00 2.060001e+01 -4.338926e+00
    endloop
  endfacet
  facet normal -1.351799e-15 1.000000e+00 1.037272e-15
    outer loop
      vertex   9.326300e+00 2.060001e+01 -4.338926e+00
      vertex   5.889721e+00 2.060001e+01 -1.967454e+00
      vertex   6.016856e+00 2.060001e+01 -1.801769e+00
    endloop
  endfacet
  facet normal -1.430533e-15 1.000000e+00 9.345734e-16
    outer loop
      vertex   9.326300e+00 2.060001e+01 -4.338926e+00
      vertex   6.016856e+00 2.060001e+01 -1.801769e+00
      vertex   9.597597e+00 2.060001e+01 -3.923657e+00
    endloop
  endfacet
  facet normal -1.570098e-15 1.000000e+00 6.990528e-16
    outer loop
      vertex   9.597597e+00 2.060001e+01 -3.923657e+00
      vertex   6.016856e+00 2.060001e+01 -1.801769e+00
      vertex   1.004488e+01 2.060001e+01 -2.919040e+00
    endloop
  endfacet
  facet normal -0.000000e+00 1.000000e+00 0.000000e+00
    outer loop
      vertex   9.597597e+00 2.060001e+01 -3.923657e+00
      vertex   1.004488e+01 2.060001e+01 -2.919040e+00
      vertex   1.030546e+01 2.060001e+01 -4.337524e+00
    endloop
  endfacet
  facet normal 0.000000e+00 1.000000e+00 -0.000000e+00
    outer loop
      vertex   1.030546e+01 2.060001e+01 -4.337524e+00
      vertex   1.004488e+01 2.060001e+01 -2.919040e+00
      vertex   1.082610e+01 2.060001e+01 -3.168155e+00
    endloop
  endfacet
  facet normal -0.000000e+00 1.000000e+00 0.000000e+00
    outer loop
      vertex   1.030546e+01 2.060001e+01 -4.337524e+00
      vertex   1.082610e+01 2.060001e+01 -3.168155e+00
      vertex   1.038663e+01 2.060001e+01 -4.371386e+00
    endloop
  endfacet
  facet normal 0.000000e+00 1.000000e+00 0.000000e+00
    outer loop
      vertex   1.038663e+01 2.060001e+01 -4.371386e+00
      vertex   1.082610e+01 2.060001e+01 -3.168155e+00
      vertex   1.090558e+01 2.060001e+01 -3.205820e+00
    endloop
  endfacet
  facet normal -0.000000e+00 1.000000e+00 0.000000e+00
    outer loop
      vertex   1.038663e+01 2.060001e+01 -4.371386e+00
      vertex   1.090558e+01 2.060001e+01 -3.205820e+00
      vertex   1.055833e+01 2.060001e+01 -4.420161e+00
    endloop
  endfacet
  facet normal 0.000000e+00 1.000000e+00 0.000000e+00
    outer loop
      vertex   1.055833e+01 2.060001e+01 -4.420161e+00
      vertex   1.090558e+01 2.060001e+01 -3.205820e+00
      vertex   1.105671e+01 2.060001e+01 -3.300776e+00
    endloop
  endfacet
  facet normal -0.000000e+00 1.000000e+00 0.000000e+00
    outer loop
      vertex   1.055833e+01 2.060001e+01 -4.420161e+00
      vertex   1.105671e+01 2.060001e+01 -3.300776e+00
      vertex   1.070622e+01 2.060001e+01 -4.447299e+00
    endloop
  endfacet
  facet normal 0.000000e+00 1.000000e+00 0.000000e+00
    outer loop
      vertex   1.070622e+01 2.060001e+01 -4.447299e+00
      vertex   1.105671e+01 2.060001e+01 -3.300776e+00
      vertex   1.117583e+01 2.060001e+01 -3.392522e+00
    endloop
  endfacet
  facet normal -0.000000e+00 1.000000e+00 0.000000e+00
    outer loop
      vertex   1.070622e+01 2.060001e+01 -4.447299e+00
      vertex   1.117583e+01 2.060001e+01 -3.392522e+00
      vertex   1.088774e+01 2.060001e+01 -4.466768e+00
    endloop
  endfacet
  facet normal 0.000000e+00 1.000000e+00 0.000000e+00
    outer loop
      vertex   1.088774e+01 2.060001e+01 -4.466768e+00
      vertex   1.117583e+01 2.060001e+01 -3.392522e+00
      vertex   1.131176e+01 2.060001e+01 -3.514390e+00
    endloop
  endfacet
  facet normal -0.000000e+00 1.000000e+00 0.000000e+00
    outer loop
      vertex   1.088774e+01 2.060001e+01 -4.466768e+00
      vertex   1.131176e+01 2.060001e+01 -3.514390e+00
      vertex   1.110321e+01 2.060001e+01 -4.473687e+00
    endloop
  endfacet
  facet normal 0.000000e+00 1.000000e+00 0.000000e+00
    outer loop
      vertex   1.110321e+01 2.060001e+01 -4.473687e+00
      vertex   1.131176e+01 2.060001e+01 -3.514390e+00
      vertex   1.146109e+01 2.060001e+01 -3.669890e+00
    endloop
  endfacet
  facet normal 0.000000e+00 1.000000e+00 0.000000e+00
    outer loop
      vertex   1.110321e+01 2.060001e+01 -4.473687e+00
      vertex   1.146109e+01 2.060001e+01 -3.669890e+00
      vertex   1.135297e+01 2.060001e+01 -4.463175e+00
    endloop
  endfacet
  facet normal 0.000000e+00 1.000000e+00 0.000000e+00
    outer loop
      vertex   1.135297e+01 2.060001e+01 -4.463175e+00
      vertex   1.146109e+01 2.060001e+01 -3.669890e+00
      vertex   1.162039e+01 2.060001e+01 -3.862526e+00
    endloop
  endfacet
  facet normal -1.582214e-15 1.000000e+00 6.553743e-16
    outer loop
      vertex   6.016856e+00 2.060001e+01 -1.801769e+00
      vertex   6.096776e+00 2.060001e+01 -1.608824e+00
      vertex   1.004488e+01 2.060001e+01 -2.919040e+00
    endloop
  endfacet
  facet normal -1.654219e-15 1.000000e+00 4.383992e-16
    outer loop
      vertex   1.004488e+01 2.060001e+01 -2.919040e+00
      vertex   6.096776e+00 2.060001e+01 -1.608824e+00
      vertex   1.017195e+01 2.060001e+01 -2.439558e+00
    endloop
  endfacet
  facet normal -1.688118e-15 1.000000e+00 2.721083e-16
    outer loop
      vertex   1.017195e+01 2.060001e+01 -2.439558e+00
      vertex   6.096776e+00 2.060001e+01 -1.608824e+00
      vertex   1.025089e+01 2.060001e+01 -1.949845e+00
    endloop
  endfacet
  facet normal -1.692167e-15 1.000000e+00 2.227781e-16
    outer loop
      vertex   1.025089e+01 2.060001e+01 -1.949845e+00
      vertex   6.096776e+00 2.060001e+01 -1.608824e+00
      vertex   6.124036e+00 2.060001e+01 -1.401769e+00
    endloop
  endfacet
  facet normal -1.721754e-15 1.000000e+00 0.000000e+00
    outer loop
      vertex   1.025089e+01 2.060001e+01 -1.949845e+00
      vertex   6.124036e+00 2.060001e+01 -1.401769e+00
      vertex   1.025089e+01 2.060001e+01 -8.501549e-01
    endloop
  endfacet
  facet normal -1.691980e-15 1.000000e+00 -2.227533e-16
    outer loop
      vertex   1.025089e+01 2.060001e+01 -8.501549e-01
      vertex   6.124036e+00 2.060001e+01 -1.401769e+00
      vertex   6.096776e+00 2.060001e+01 -1.194714e+00
    endloop
  endfacet
  facet normal -1.687889e-15 1.000000e+00 -2.720714e-16
    outer loop
      vertex   1.025089e+01 2.060001e+01 -8.501549e-01
      vertex   6.096776e+00 2.060001e+01 -1.194714e+00
      vertex   1.017195e+01 2.060001e+01 -3.604415e-01
    endloop
  endfacet
  facet normal -1.653858e-15 1.000000e+00 -4.383035e-16
    outer loop
      vertex   1.017195e+01 2.060001e+01 -3.604415e-01
      vertex   6.096776e+00 2.060001e+01 -1.194714e+00
      vertex   1.004488e+01 2.060001e+01 1.190405e-01
    endloop
  endfacet
  facet normal -1.581697e-15 1.000000e+00 -6.551605e-16
    outer loop
      vertex   1.004488e+01 2.060001e+01 1.190405e-01
      vertex   6.096776e+00 2.060001e+01 -1.194714e+00
      vertex   6.016856e+00 2.060001e+01 -1.001769e+00
    endloop
  endfacet
  facet normal -1.569552e-15 1.000000e+00 -6.988096e-16
    outer loop
      vertex   1.004488e+01 2.060001e+01 1.190405e-01
      vertex   6.016856e+00 2.060001e+01 -1.001769e+00
      vertex   9.597597e+00 2.060001e+01 1.123657e+00
    endloop
  endfacet
  facet normal -1.429867e-15 1.000000e+00 -9.341387e-16
    outer loop
      vertex   9.597597e+00 2.060001e+01 1.123657e+00
      vertex   6.016856e+00 2.060001e+01 -1.001769e+00
      vertex   9.326300e+00 2.060001e+01 1.538926e+00
    endloop
  endfacet
  facet normal -1.351102e-15 1.000000e+00 -1.036737e-15
    outer loop
      vertex   9.326300e+00 2.060001e+01 1.538926e+00
      vertex   6.016856e+00 2.060001e+01 -1.001769e+00
      vertex   5.889721e+00 2.060001e+01 -8.360836e-01
    endloop
  endfacet
  facet normal -1.328344e-15 1.000000e+00 -1.069667e-15
    outer loop
      vertex   9.326300e+00 2.060001e+01 1.538926e+00
      vertex   5.889721e+00 2.060001e+01 -8.360836e-01
      vertex   9.015191e+00 2.060001e+01 1.925270e+00
    endloop
  endfacet
  facet normal -1.147468e-15 1.000000e+00 -1.274393e-15
    outer loop
      vertex   9.015191e+00 2.060001e+01 1.925270e+00
      vertex   5.889721e+00 2.060001e+01 -8.360836e-01
      vertex   8.197962e+00 2.060001e+01 2.661107e+00
    endloop
  endfacet
  facet normal 0.000000e+00 1.000000e+00 0.000000e+00
    outer loop
      vertex   9.015191e+00 2.060001e+01 1.925270e+00
      vertex   8.197962e+00 2.060001e+01 2.661107e+00
      vertex   8.676293e+00 2.060001e+01 3.327106e+00
    endloop
  endfacet
  facet normal -1.034891e-15 1.000000e+00 -1.348697e-15
    outer loop
      vertex   5.889721e+00 2.060001e+01 -8.360836e-01
      vertex   5.724036e+00 2.060001e+01 -7.089487e-01
      vertex   8.197962e+00 2.060001e+01 2.661107e+00
    endloop
  endfacet
  facet normal -9.234337e-16 1.000000e+00 -1.430517e-15
    outer loop
      vertex   8.197962e+00 2.060001e+01 2.661107e+00
      vertex   5.724036e+00 2.060001e+01 -7.089487e-01
      vertex   7.781215e+00 2.060001e+01 2.930127e+00
    endloop
  endfacet
  facet normal -7.764462e-16 1.000000e+00 -1.513609e-15
    outer loop
      vertex   7.781215e+00 2.060001e+01 2.930127e+00
      vertex   5.724036e+00 2.060001e+01 -7.089487e-01
      vertex   7.339863e+00 2.060001e+01 3.156530e+00
    endloop
  endfacet
  facet normal -6.490208e-16 1.000000e+00 -1.566875e-15
    outer loop
      vertex   7.339863e+00 2.060001e+01 3.156530e+00
      vertex   5.724036e+00 2.060001e+01 -7.089487e-01
      vertex   5.531091e+00 2.060001e+01 -6.290283e-01
    endloop
  endfacet
  facet normal -5.279108e-16 1.000000e+00 -1.624742e-15
    outer loop
      vertex   7.339863e+00 2.060001e+01 3.156530e+00
      vertex   5.531091e+00 2.060001e+01 -6.290283e-01
      vertex   6.293995e+00 2.060001e+01 3.496353e+00
    endloop
  endfacet
  facet normal -1.435183e-14 1.000000e+00 9.317074e-16
    outer loop
      vertex   6.293995e+00 2.060001e+01 3.496353e+00
      vertex   5.531091e+00 2.060001e+01 -6.290283e-01
      vertex   5.803857e+00 2.060001e+01 3.572609e+00
    endloop
  endfacet
  facet normal 0.000000e+00 1.000000e+00 0.000000e+00
    outer loop
      vertex   5.803857e+00 2.060001e+01 3.572609e+00
      vertex   5.531091e+00 2.060001e+01 -6.290283e-01
      vertex   5.324036e+00 2.060001e+01 -6.017690e-01
    endloop
  endfacet
  facet normal 0.000000e+00 1.000000e+00 0.000000e+00
    outer loop
      vertex   5.803857e+00 2.060001e+01 3.572609e+00
      vertex   5.324036e+00 2.060001e+01 -6.017690e-01
      vertex   5.308575e+00 2.060001e+01 3.599925e+00
    endloop
  endfacet
  facet normal 6.494378e-15 1.000000e+00 2.389626e-17
    outer loop
      vertex   5.308575e+00 2.060001e+01 3.599925e+00
      vertex   5.324036e+00 2.060001e+01 -6.017690e-01
      vertex   4.214909e+00 2.060001e+01 3.484976e+00
    endloop
  endfacet
  facet normal 6.500629e-15 1.000000e+00 -3.557261e-17
    outer loop
      vertex   5.308575e+00 2.060001e+01 3.599925e+00
      vertex   4.214909e+00 2.060001e+01 3.484976e+00
      vertex   5.313062e+00 2.060001e+01 4.419886e+00
    endloop
  endfacet
  facet normal 5.456364e-15 1.000000e+00 1.191030e-15
    outer loop
      vertex   5.313062e+00 2.060001e+01 4.419886e+00
      vertex   4.214909e+00 2.060001e+01 3.484976e+00
      vertex   4.040041e+00 2.060001e+01 4.286086e+00
    endloop
  endfacet
  facet normal 5.506827e-15 1.000000e+00 7.109087e-16
    outer loop
      vertex   5.313062e+00 2.060001e+01 4.419886e+00
      vertex   4.040041e+00 2.060001e+01 4.286086e+00
      vertex   5.301801e+00 2.060001e+01 4.507114e+00
    endloop
  endfacet
  facet normal 5.552352e-15 1.000000e+00 4.510268e-16
    outer loop
      vertex   5.301801e+00 2.060001e+01 4.507114e+00
      vertex   4.040041e+00 2.060001e+01 4.286086e+00
      vertex   4.032920e+00 2.060001e+01 4.373749e+00
    endloop
  endfacet
  facet normal 5.455299e-15 1.000000e+00 1.374425e-15
    outer loop
      vertex   5.301801e+00 2.060001e+01 4.507114e+00
      vertex   4.032920e+00 2.060001e+01 4.373749e+00
      vertex   5.258195e+00 2.060001e+01 4.680193e+00
    endloop
  endfacet
  facet normal 5.853778e-15 1.000000e+00 -2.188409e-16
    outer loop
      vertex   5.258195e+00 2.060001e+01 4.680193e+00
      vertex   4.032920e+00 2.060001e+01 4.373749e+00
      vertex   4.039588e+00 2.060001e+01 4.552112e+00
    endloop
  endfacet
  facet normal 5.620403e-15 1.000000e+00 2.001568e-15
    outer loop
      vertex   5.258195e+00 2.060001e+01 4.680193e+00
      vertex   4.039588e+00 2.060001e+01 4.552112e+00
      vertex   5.207752e+00 2.060001e+01 4.821839e+00
    endloop
  endfacet
  facet normal 6.275968e-15 1.000000e+00 -8.376273e-16
    outer loop
      vertex   5.207752e+00 2.060001e+01 4.821839e+00
      vertex   4.039588e+00 2.060001e+01 4.552112e+00
      vertex   4.059479e+00 2.060001e+01 4.701151e+00
    endloop
  endfacet
  facet normal 5.912820e-15 1.000000e+00 2.617497e-15
    outer loop
      vertex   5.207752e+00 2.060001e+01 4.821839e+00
      vertex   4.059479e+00 2.060001e+01 4.701151e+00
      vertex   5.133852e+00 2.060001e+01 4.988775e+00
    endloop
  endfacet
  facet normal 7.008186e-15 1.000000e+00 -1.474058e-15
    outer loop
      vertex   5.133852e+00 2.060001e+01 4.988775e+00
      vertex   4.059479e+00 2.060001e+01 4.701151e+00
      vertex   4.097056e+00 2.060001e+01 4.879804e+00
    endloop
  endfacet
  facet normal 6.488206e-15 1.000000e+00 3.473224e-15
    outer loop
      vertex   5.133852e+00 2.060001e+01 4.988775e+00
      vertex   4.097056e+00 2.060001e+01 4.879804e+00
      vertex   5.032107e+00 2.060001e+01 5.178842e+00
    endloop
  endfacet
  facet normal 8.375148e-15 1.000000e+00 -2.426984e-15
    outer loop
      vertex   5.032107e+00 2.060001e+01 5.178842e+00
      vertex   4.097056e+00 2.060001e+01 4.879804e+00
      vertex   4.157061e+00 2.060001e+01 5.086871e+00
    endloop
  endfacet
  facet normal 7.612125e-15 1.000000e+00 4.832692e-15
    outer loop
      vertex   5.032107e+00 2.060001e+01 5.178842e+00
      vertex   4.157061e+00 2.060001e+01 5.086871e+00
      vertex   4.898127e+00 2.060001e+01 5.389878e+00
    endloop
  endfacet
  facet normal 1.130866e-14 1.000000e+00 -4.207933e-15
    outer loop
      vertex   4.898127e+00 2.060001e+01 5.389878e+00
      vertex   4.157061e+00 2.060001e+01 5.086871e+00
      vertex   4.244236e+00 2.060001e+01 5.321152e+00
    endloop
  endfacet
  facet normal 2.210015e-16 1.000000e+00 -1.678673e-15
    outer loop
      vertex   5.324036e+00 2.060001e+01 -6.017690e-01
      vertex   5.116980e+00 2.060001e+01 -6.290283e-01
      vertex   4.214909e+00 2.060001e+01 3.484976e+00
    endloop
  endfacet
  facet normal 4.416214e-16 1.000000e+00 -1.630298e-15
    outer loop
      vertex   4.214909e+00 2.060001e+01 3.484976e+00
      vertex   5.116980e+00 2.060001e+01 -6.290283e-01
      vertex   3.736130e+00 2.060001e+01 3.355283e+00
    endloop
  endfacet
  facet normal 5.998253e-16 1.000000e+00 -1.575469e-15
    outer loop
      vertex   3.736130e+00 2.060001e+01 3.355283e+00
      vertex   5.116980e+00 2.060001e+01 -6.290283e-01
      vertex   3.272557e+00 2.060001e+01 3.178787e+00
    endloop
  endfacet
  facet normal 6.437648e-16 1.000000e+00 -1.554186e-15
    outer loop
      vertex   3.272557e+00 2.060001e+01 3.178787e+00
      vertex   5.116980e+00 2.060001e+01 -6.290283e-01
      vertex   4.924036e+00 2.060001e+01 -7.089487e-01
    endloop
  endfacet
  facet normal 8.473737e-16 1.000000e+00 -1.467694e-15
    outer loop
      vertex   3.272557e+00 2.060001e+01 3.178787e+00
      vertex   4.924036e+00 2.060001e+01 -7.089487e-01
      vertex   2.320197e+00 2.060001e+01 2.628942e+00
    endloop
  endfacet
  facet normal 1.021796e-15 1.000000e+00 -1.331630e-15
    outer loop
      vertex   2.320197e+00 2.060001e+01 2.628942e+00
      vertex   4.924036e+00 2.060001e+01 -7.089487e-01
      vertex   4.758350e+00 2.060001e+01 -8.360836e-01
    endloop
  endfacet
  facet normal 1.061582e-15 1.000000e+00 -1.303635e-15
    outer loop
      vertex   2.320197e+00 2.060001e+01 2.628942e+00
      vertex   4.758350e+00 2.060001e+01 -8.360836e-01
      vertex   1.935562e+00 2.060001e+01 2.315724e+00
    endloop
  endfacet
  facet normal 1.185841e-15 1.000000e+00 -1.192348e-15
    outer loop
      vertex   1.935562e+00 2.060001e+01 2.315724e+00
      vertex   4.758350e+00 2.060001e+01 -8.360836e-01
      vertex   1.583854e+00 2.060001e+01 1.965936e+00
    endloop
  endfacet
  facet normal 1.334463e-15 1.000000e+00 -1.023969e-15
    outer loop
      vertex   1.583854e+00 2.060001e+01 1.965936e+00
      vertex   4.758350e+00 2.060001e+01 -8.360836e-01
      vertex   4.631215e+00 2.060001e+01 -1.001769e+00
    endloop
  endfacet
  facet normal 1.365503e-15 1.000000e+00 -9.920958e-16
    outer loop
      vertex   1.583854e+00 2.060001e+01 1.965936e+00
      vertex   4.631215e+00 2.060001e+01 -1.001769e+00
      vertex   9.374723e-01 2.060001e+01 1.076268e+00
    endloop
  endfacet
  facet normal 1.497328e-15 1.000000e+00 -7.577737e-16
    outer loop
      vertex   9.374723e-01 2.060001e+01 1.076268e+00
      vertex   4.631215e+00 2.060001e+01 -1.001769e+00
      vertex   7.134875e-01 2.060001e+01 6.336832e-01
    endloop
  endfacet
  facet normal 1.546287e-15 1.000000e+00 -6.404931e-16
    outer loop
      vertex   7.134875e-01 2.060001e+01 6.336832e-01
      vertex   4.631215e+00 2.060001e+01 -1.001769e+00
      vertex   4.551295e+00 2.060001e+01 -1.194714e+00
    endloop
  endfacet
  facet normal 1.563210e-15 1.000000e+00 -6.049724e-16
    outer loop
      vertex   7.134875e-01 2.060001e+01 6.336832e-01
      vertex   4.551295e+00 2.060001e+01 -1.194714e+00
      vertex   5.344582e-01 2.060001e+01 1.710832e-01
    endloop
  endfacet
  facet normal 1.649684e-15 1.000000e+00 -3.506511e-16
    outer loop
      vertex   5.344582e-01 2.060001e+01 1.710832e-01
      vertex   4.551295e+00 2.060001e+01 -1.194714e+00
      vertex   3.058198e-01 2.060001e+01 -9.045761e-01
    endloop
  endfacet
  facet normal 0.000000e+00 1.000000e+00 0.000000e+00
    outer loop
      vertex   5.344582e-01 2.060001e+01 1.710832e-01
      vertex   3.058198e-01 2.060001e+01 -9.045761e-01
      vertex   -2.439840e-01 2.060001e+01 4.287323e-01
    endloop
  endfacet
  facet normal 0.000000e+00 1.000000e+00 0.000000e+00
    outer loop
      vertex   -2.439840e-01 2.060001e+01 4.287323e-01
      vertex   3.058198e-01 2.060001e+01 -9.045761e-01
      vertex   -5.101179e-01 2.060001e+01 -8.233293e-01
    endloop
  endfacet
  facet normal 0.000000e+00 1.000000e+00 0.000000e+00
    outer loop
      vertex   -2.439840e-01 2.060001e+01 4.287323e-01
      vertex   -5.101179e-01 2.060001e+01 -8.233293e-01
      vertex   -3.304231e-01 2.060001e+01 4.449777e-01
    endloop
  endfacet
  facet normal 0.000000e+00 1.000000e+00 0.000000e+00
    outer loop
      vertex   -3.304231e-01 2.060001e+01 4.449777e-01
      vertex   -5.101179e-01 2.060001e+01 -8.233293e-01
      vertex   -5.956915e-01 2.060001e+01 -8.030123e-01
    endloop
  endfacet
  facet normal 0.000000e+00 1.000000e+00 0.000000e+00
    outer loop
      vertex   -3.304231e-01 2.060001e+01 4.449777e-01
      vertex   -5.956915e-01 2.060001e+01 -8.030123e-01
      vertex   -5.085061e-01 2.060001e+01 4.569902e-01
    endloop
  endfacet
  facet normal 0.000000e+00 1.000000e+00 0.000000e+00
    outer loop
      vertex   -5.085061e-01 2.060001e+01 4.569902e-01
      vertex   -5.956915e-01 2.060001e+01 -8.030123e-01
      vertex   -7.632644e-01 2.060001e+01 -7.415534e-01
    endloop
  endfacet
  facet normal 0.000000e+00 1.000000e+00 0.000000e+00
    outer loop
      vertex   -5.085061e-01 2.060001e+01 4.569902e-01
      vertex   -7.632644e-01 2.060001e+01 -7.415534e-01
      vertex   -6.588073e-01 2.060001e+01 4.527864e-01
    endloop
  endfacet
  facet normal 0.000000e+00 1.000000e+00 0.000000e+00
    outer loop
      vertex   -6.588073e-01 2.060001e+01 4.527864e-01
      vertex   -7.632644e-01 2.060001e+01 -7.415534e-01
      vertex   -8.988615e-01 2.060001e+01 -6.765800e-01
    endloop
  endfacet
  facet normal 0.000000e+00 1.000000e+00 0.000000e+00
    outer loop
      vertex   -6.588073e-01 2.060001e+01 4.527864e-01
      vertex   -8.988615e-01 2.060001e+01 -6.765800e-01
      vertex   -8.404093e-01 2.060001e+01 4.340899e-01
    endloop
  endfacet
  facet normal 0.000000e+00 1.000000e+00 0.000000e+00
    outer loop
      vertex   -8.404093e-01 2.060001e+01 4.340899e-01
      vertex   -8.988615e-01 2.060001e+01 -6.765800e-01
      vertex   -1.057159e+00 2.060001e+01 -5.856356e-01
    endloop
  endfacet
  facet normal 0.000000e+00 1.000000e+00 0.000000e+00
    outer loop
      vertex   -8.404093e-01 2.060001e+01 4.340899e-01
      vertex   -1.057159e+00 2.060001e+01 -5.856356e-01
      vertex   -1.052614e+00 2.060001e+01 3.960583e-01
    endloop
  endfacet
  facet normal 0.000000e+00 1.000000e+00 0.000000e+00
    outer loop
      vertex   -1.052614e+00 2.060001e+01 3.960583e-01
      vertex   -1.057159e+00 2.060001e+01 -5.856356e-01
      vertex   -1.235549e+00 2.060001e+01 -4.645805e-01
    endloop
  endfacet
  facet normal 0.000000e+00 1.000000e+00 0.000000e+00
    outer loop
      vertex   -1.052614e+00 2.060001e+01 3.960583e-01
      vertex   -1.235549e+00 2.060001e+01 -4.645805e-01
      vertex   -1.294724e+00 2.060001e+01 3.338493e-01
    endloop
  endfacet
  facet normal 0.000000e+00 1.000000e+00 0.000000e+00
    outer loop
      vertex   -1.294724e+00 2.060001e+01 3.338493e-01
      vertex   -1.235549e+00 2.060001e+01 -4.645805e-01
      vertex   -1.431424e+00 2.060001e+01 -3.092749e-01
    endloop
  endfacet
  facet normal 3.983021e-15 1.000000e+00 3.379220e-14
    outer loop
      vertex   4.551295e+00 2.060001e+01 -1.194714e+00
      vertex   4.524036e+00 2.060001e+01 -1.401769e+00
      vertex   3.058198e-01 2.060001e+01 -9.045761e-01
    endloop
  endfacet
  facet normal 0.000000e+00 1.000000e+00 0.000000e+00
    outer loop
      vertex   1.004488e+01 2.060001e+01 1.190405e-01
      vertex   1.030546e+01 2.060001e+01 1.537524e+00
      vertex   1.082610e+01 2.060001e+01 3.681548e-01
    endloop
  endfacet
  facet normal 0.000000e+00 1.000000e+00 0.000000e+00
    outer loop
      vertex   1.082610e+01 2.060001e+01 3.681548e-01
      vertex   1.030546e+01 2.060001e+01 1.537524e+00
      vertex   1.038663e+01 2.060001e+01 1.571386e+00
    endloop
  endfacet
  facet normal 0.000000e+00 1.000000e+00 -0.000000e+00
    outer loop
      vertex   1.082610e+01 2.060001e+01 3.681548e-01
      vertex   1.038663e+01 2.060001e+01 1.571386e+00
      vertex   1.090558e+01 2.060001e+01 4.058196e-01
    endloop
  endfacet
  facet normal 0.000000e+00 1.000000e+00 0.000000e+00
    outer loop
      vertex   1.090558e+01 2.060001e+01 4.058196e-01
      vertex   1.038663e+01 2.060001e+01 1.571386e+00
      vertex   1.055833e+01 2.060001e+01 1.620161e+00
    endloop
  endfacet
  facet normal 0.000000e+00 1.000000e+00 -0.000000e+00
    outer loop
      vertex   1.090558e+01 2.060001e+01 4.058196e-01
      vertex   1.055833e+01 2.060001e+01 1.620161e+00
      vertex   1.105671e+01 2.060001e+01 5.007759e-01
    endloop
  endfacet
  facet normal 0.000000e+00 1.000000e+00 0.000000e+00
    outer loop
      vertex   1.105671e+01 2.060001e+01 5.007759e-01
      vertex   1.055833e+01 2.060001e+01 1.620161e+00
      vertex   1.070622e+01 2.060001e+01 1.647299e+00
    endloop
  endfacet
  facet normal 0.000000e+00 1.000000e+00 -0.000000e+00
    outer loop
      vertex   1.105671e+01 2.060001e+01 5.007759e-01
      vertex   1.070622e+01 2.060001e+01 1.647299e+00
      vertex   1.117583e+01 2.060001e+01 5.925217e-01
    endloop
  endfacet
  facet normal 0.000000e+00 1.000000e+00 0.000000e+00
    outer loop
      vertex   1.117583e+01 2.060001e+01 5.925217e-01
      vertex   1.070622e+01 2.060001e+01 1.647299e+00
      vertex   1.088774e+01 2.060001e+01 1.666768e+00
    endloop
  endfacet
  facet normal 0.000000e+00 1.000000e+00 -0.000000e+00
    outer loop
      vertex   1.117583e+01 2.060001e+01 5.925217e-01
      vertex   1.088774e+01 2.060001e+01 1.666768e+00
      vertex   1.131176e+01 2.060001e+01 7.143905e-01
    endloop
  endfacet
  facet normal 0.000000e+00 1.000000e+00 0.000000e+00
    outer loop
      vertex   1.131176e+01 2.060001e+01 7.143905e-01
      vertex   1.088774e+01 2.060001e+01 1.666768e+00
      vertex   1.110321e+01 2.060001e+01 1.673687e+00
    endloop
  endfacet
  facet normal 0.000000e+00 1.000000e+00 -0.000000e+00
    outer loop
      vertex   1.131176e+01 2.060001e+01 7.143905e-01
      vertex   1.110321e+01 2.060001e+01 1.673687e+00
      vertex   1.146109e+01 2.060001e+01 8.698896e-01
    endloop
  endfacet
  facet normal 0.000000e+00 1.000000e+00 0.000000e+00
    outer loop
      vertex   1.146109e+01 2.060001e+01 8.698896e-01
      vertex   1.110321e+01 2.060001e+01 1.673687e+00
      vertex   1.135297e+01 2.060001e+01 1.663175e+00
    endloop
  endfacet
  facet normal 0.000000e+00 1.000000e+00 -0.000000e+00
    outer loop
      vertex   1.146109e+01 2.060001e+01 8.698896e-01
      vertex   1.135297e+01 2.060001e+01 1.663175e+00
      vertex   1.162039e+01 2.060001e+01 1.062526e+00
    endloop
  endfacet
  facet normal -0.000000e+00 1.000000e+00 0.000000e+00
    outer loop
      vertex   1.025089e+01 2.060001e+01 -8.501549e-01
      vertex   1.106589e+01 2.060001e+01 -7.599833e-01
      vertex   1.025089e+01 2.060001e+01 -1.949845e+00
    endloop
  endfacet
  facet normal -0.000000e+00 1.000000e+00 0.000000e+00
    outer loop
      vertex   1.025089e+01 2.060001e+01 -1.949845e+00
      vertex   1.106589e+01 2.060001e+01 -7.599833e-01
      vertex   1.106589e+01 2.060001e+01 -2.040017e+00
    endloop
  endfacet
  facet normal 0.000000e+00 1.000000e+00 0.000000e+00
    outer loop
      vertex   1.106589e+01 2.060001e+01 -2.040017e+00
      vertex   1.106589e+01 2.060001e+01 -7.599833e-01
      vertex   1.115382e+01 2.060001e+01 -7.620646e-01
    endloop
  endfacet
  facet normal 0.000000e+00 1.000000e+00 0.000000e+00
    outer loop
      vertex   1.106589e+01 2.060001e+01 -2.040017e+00
      vertex   1.115382e+01 2.060001e+01 -7.620646e-01
      vertex   1.115382e+01 2.060001e+01 -2.037935e+00
    endloop
  endfacet
  facet normal 0.000000e+00 1.000000e+00 0.000000e+00
    outer loop
      vertex   1.115382e+01 2.060001e+01 -2.037935e+00
      vertex   1.115382e+01 2.060001e+01 -7.620646e-01
      vertex   1.133051e+01 2.060001e+01 -7.873401e-01
    endloop
  endfacet
  facet normal 0.000000e+00 1.000000e+00 0.000000e+00
    outer loop
      vertex   1.115382e+01 2.060001e+01 -2.037935e+00
      vertex   1.133051e+01 2.060001e+01 -7.873401e-01
      vertex   1.133051e+01 2.060001e+01 -2.012660e+00
    endloop
  endfacet
  facet normal 0.000000e+00 1.000000e+00 0.000000e+00
    outer loop
      vertex   1.133051e+01 2.060001e+01 -2.012660e+00
      vertex   1.133051e+01 2.060001e+01 -7.873401e-01
      vertex   1.147665e+01 2.060001e+01 -1.977299e+00
    endloop
  endfacet
  facet normal 0.000000e+00 1.000000e+00 -0.000000e+00
    outer loop
      vertex   1.147665e+01 2.060001e+01 -1.977299e+00
      vertex   1.133051e+01 2.060001e+01 -7.873401e-01
      vertex   1.147665e+01 2.060001e+01 -8.227014e-01
    endloop
  endfacet
  facet normal 0.000000e+00 1.000000e+00 0.000000e+00
    outer loop
      vertex   1.147665e+01 2.060001e+01 -1.977299e+00
      vertex   1.147665e+01 2.060001e+01 -8.227014e-01
      vertex   1.165040e+01 2.060001e+01 -1.921253e+00
    endloop
  endfacet
  facet normal 0.000000e+00 1.000000e+00 -0.000000e+00
    outer loop
      vertex   1.165040e+01 2.060001e+01 -1.921253e+00
      vertex   1.147665e+01 2.060001e+01 -8.227014e-01
      vertex   1.165040e+01 2.060001e+01 -8.787466e-01
    endloop
  endfacet
  facet normal 0.000000e+00 1.000000e+00 0.000000e+00
    outer loop
      vertex   1.165040e+01 2.060001e+01 -1.921253e+00
      vertex   1.165040e+01 2.060001e+01 -8.787466e-01
      vertex   1.185006e+01 2.060001e+01 -9.600670e-01
    endloop
  endfacet
  facet normal 0.000000e+00 1.000000e+00 0.000000e+00
    outer loop
      vertex   1.165040e+01 2.060001e+01 -1.921253e+00
      vertex   1.185006e+01 2.060001e+01 -9.600670e-01
      vertex   1.185006e+01 2.060001e+01 -1.839933e+00
    endloop
  endfacet
  facet normal 0.000000e+00 1.000000e+00 0.000000e+00
    outer loop
      vertex   1.185006e+01 2.060001e+01 -1.839933e+00
      vertex   1.185006e+01 2.060001e+01 -9.600670e-01
      vertex   1.207394e+01 2.060001e+01 -1.071254e+00
    endloop
  endfacet
  facet normal 0.000000e+00 1.000000e+00 0.000000e+00
    outer loop
      vertex   1.185006e+01 2.060001e+01 -1.839933e+00
      vertex   1.207394e+01 2.060001e+01 -1.071254e+00
      vertex   1.207394e+01 2.060001e+01 -1.728746e+00
    endloop
  endfacet
  facet normal -0.000000e+00 1.000000e+00 0.000000e+00
    outer loop
      vertex   8.197962e+00 2.060001e+01 -5.461107e+00
      vertex   9.015191e+00 2.060001e+01 -4.725270e+00
      vertex   8.676293e+00 2.060001e+01 -6.127106e+00
    endloop
  endfacet
  facet normal 0.000000e+00 1.000000e+00 0.000000e+00
    outer loop
      vertex   8.676293e+00 2.060001e+01 -6.127106e+00
      vertex   9.015191e+00 2.060001e+01 -4.725270e+00
      vertex   9.627543e+00 2.060001e+01 -5.270596e+00
    endloop
  endfacet
  facet normal -0.000000e+00 1.000000e+00 0.000000e+00
    outer loop
      vertex   8.676293e+00 2.060001e+01 -6.127106e+00
      vertex   9.627543e+00 2.060001e+01 -5.270596e+00
      vertex   8.736674e+00 2.060001e+01 -6.191056e+00
    endloop
  endfacet
  facet normal 0.000000e+00 1.000000e+00 0.000000e+00
    outer loop
      vertex   8.736674e+00 2.060001e+01 -6.191056e+00
      vertex   9.627543e+00 2.060001e+01 -5.270596e+00
      vertex   9.684831e+00 2.060001e+01 -5.337332e+00
    endloop
  endfacet
  facet normal -0.000000e+00 1.000000e+00 0.000000e+00
    outer loop
      vertex   8.736674e+00 2.060001e+01 -6.191056e+00
      vertex   9.684831e+00 2.060001e+01 -5.337332e+00
      vertex   8.873686e+00 2.060001e+01 -6.305449e+00
    endloop
  endfacet
  facet normal 0.000000e+00 1.000000e+00 0.000000e+00
    outer loop
      vertex   8.873686e+00 2.060001e+01 -6.305449e+00
      vertex   9.684831e+00 2.060001e+01 -5.337332e+00
      vertex   9.784276e+00 2.060001e+01 -5.485550e+00
    endloop
  endfacet
  facet normal -0.000000e+00 1.000000e+00 0.000000e+00
    outer loop
      vertex   8.873686e+00 2.060001e+01 -6.305449e+00
      vertex   9.784276e+00 2.060001e+01 -5.485550e+00
      vertex   8.997753e+00 2.060001e+01 -6.390393e+00
    endloop
  endfacet
  facet normal 0.000000e+00 1.000000e+00 0.000000e+00
    outer loop
      vertex   8.997753e+00 2.060001e+01 -6.390393e+00
      vertex   9.784276e+00 2.060001e+01 -5.485550e+00
      vertex   9.855786e+00 2.060001e+01 -5.617817e+00
    endloop
  endfacet
  facet normal -0.000000e+00 1.000000e+00 0.000000e+00
    outer loop
      vertex   8.997753e+00 2.060001e+01 -6.390393e+00
      vertex   9.855786e+00 2.060001e+01 -5.617817e+00
      vertex   9.155662e+00 2.060001e+01 -6.482010e+00
    endloop
  endfacet
  facet normal 0.000000e+00 1.000000e+00 0.000000e+00
    outer loop
      vertex   9.155662e+00 2.060001e+01 -6.482010e+00
      vertex   9.855786e+00 2.060001e+01 -5.617817e+00
      vertex   9.930395e+00 2.060001e+01 -5.784437e+00
    endloop
  endfacet
  facet normal -0.000000e+00 1.000000e+00 0.000000e+00
    outer loop
      vertex   9.155662e+00 2.060001e+01 -6.482010e+00
      vertex   9.930395e+00 2.060001e+01 -5.784437e+00
      vertex   9.349693e+00 2.060001e+01 -6.575973e+00
    endloop
  endfacet
  facet normal 0.000000e+00 1.000000e+00 0.000000e+00
    outer loop
      vertex   9.349693e+00 2.060001e+01 -6.575973e+00
      vertex   9.930395e+00 2.060001e+01 -5.784437e+00
      vertex   1.000356e+01 2.060001e+01 -5.987228e+00
    endloop
  endfacet
  facet normal -0.000000e+00 1.000000e+00 0.000000e+00
    outer loop
      vertex   9.349693e+00 2.060001e+01 -6.575973e+00
      vertex   1.000356e+01 2.060001e+01 -5.987228e+00
      vertex   9.582130e+00 2.060001e+01 -6.667953e+00
    endloop
  endfacet
  facet normal 0.000000e+00 1.000000e+00 0.000000e+00
    outer loop
      vertex   9.582130e+00 2.060001e+01 -6.667953e+00
      vertex   1.000356e+01 2.060001e+01 -5.987228e+00
      vertex   1.007074e+01 2.060001e+01 -6.228005e+00
    endloop
  endfacet
  facet normal 6.500629e-15 1.000000e+00 3.557261e-17
    outer loop
      vertex   5.308575e+00 2.060001e+01 -6.399925e+00
      vertex   5.313062e+00 2.060001e+01 -7.219886e+00
      vertex   4.214909e+00 2.060001e+01 -6.284976e+00
    endloop
  endfacet
  facet normal 5.456364e-15 1.000000e+00 -1.191030e-15
    outer loop
      vertex   4.214909e+00 2.060001e+01 -6.284976e+00
      vertex   5.313062e+00 2.060001e+01 -7.219886e+00
      vertex   4.040041e+00 2.060001e+01 -7.086086e+00
    endloop
  endfacet
  facet normal 5.506827e-15 1.000000e+00 -7.109087e-16
    outer loop
      vertex   4.040041e+00 2.060001e+01 -7.086086e+00
      vertex   5.313062e+00 2.060001e+01 -7.219886e+00
      vertex   5.301801e+00 2.060001e+01 -7.307114e+00
    endloop
  endfacet
  facet normal 5.552352e-15 1.000000e+00 -4.510268e-16
    outer loop
      vertex   4.040041e+00 2.060001e+01 -7.086086e+00
      vertex   5.301801e+00 2.060001e+01 -7.307114e+00
      vertex   4.032920e+00 2.060001e+01 -7.173749e+00
    endloop
  endfacet
  facet normal 5.455299e-15 1.000000e+00 -1.374425e-15
    outer loop
      vertex   4.032920e+00 2.060001e+01 -7.173749e+00
      vertex   5.301801e+00 2.060001e+01 -7.307114e+00
      vertex   5.258195e+00 2.060001e+01 -7.480193e+00
    endloop
  endfacet
  facet normal 5.853778e-15 1.000000e+00 2.188409e-16
    outer loop
      vertex   4.032920e+00 2.060001e+01 -7.173749e+00
      vertex   5.258195e+00 2.060001e+01 -7.480193e+00
      vertex   4.039588e+00 2.060001e+01 -7.352112e+00
    endloop
  endfacet
  facet normal 5.620403e-15 1.000000e+00 -2.001568e-15
    outer loop
      vertex   4.039588e+00 2.060001e+01 -7.352112e+00
      vertex   5.258195e+00 2.060001e+01 -7.480193e+00
      vertex   5.207752e+00 2.060001e+01 -7.621839e+00
    endloop
  endfacet
  facet normal 6.275968e-15 1.000000e+00 8.376273e-16
    outer loop
      vertex   4.039588e+00 2.060001e+01 -7.352112e+00
      vertex   5.207752e+00 2.060001e+01 -7.621839e+00
      vertex   4.059479e+00 2.060001e+01 -7.501151e+00
    endloop
  endfacet
  facet normal 5.912820e-15 1.000000e+00 -2.617497e-15
    outer loop
      vertex   4.059479e+00 2.060001e+01 -7.501151e+00
      vertex   5.207752e+00 2.060001e+01 -7.621839e+00
      vertex   5.133852e+00 2.060001e+01 -7.788775e+00
    endloop
  endfacet
  facet normal 7.008186e-15 1.000000e+00 1.474058e-15
    outer loop
      vertex   4.059479e+00 2.060001e+01 -7.501151e+00
      vertex   5.133852e+00 2.060001e+01 -7.788775e+00
      vertex   4.097056e+00 2.060001e+01 -7.679804e+00
    endloop
  endfacet
  facet normal 6.488206e-15 1.000000e+00 -3.473224e-15
    outer loop
      vertex   4.097056e+00 2.060001e+01 -7.679804e+00
      vertex   5.133852e+00 2.060001e+01 -7.788775e+00
      vertex   5.032107e+00 2.060001e+01 -7.978842e+00
    endloop
  endfacet
  facet normal 8.375148e-15 1.000000e+00 2.426984e-15
    outer loop
      vertex   4.097056e+00 2.060001e+01 -7.679804e+00
      vertex   5.032107e+00 2.060001e+01 -7.978842e+00
      vertex   4.157061e+00 2.060001e+01 -7.886871e+00
    endloop
  endfacet
  facet normal 7.612125e-15 1.000000e+00 -4.832692e-15
    outer loop
      vertex   4.157061e+00 2.060001e+01 -7.886871e+00
      vertex   5.032107e+00 2.060001e+01 -7.978842e+00
      vertex   4.898127e+00 2.060001e+01 -8.189878e+00
    endloop
  endfacet
  facet normal 1.130866e-14 1.000000e+00 4.207933e-15
    outer loop
      vertex   4.157061e+00 2.060001e+01 -7.886871e+00
      vertex   4.898127e+00 2.060001e+01 -8.189878e+00
      vertex   4.244236e+00 2.060001e+01 -8.121152e+00
    endloop
  endfacet
  facet normal 0.000000e+00 1.000000e+00 0.000000e+00
    outer loop
      vertex   3.272557e+00 2.060001e+01 -5.978787e+00
      vertex   2.943148e+00 2.060001e+01 -6.729684e+00
      vertex   2.320197e+00 2.060001e+01 -5.428942e+00
    endloop
  endfacet
  facet normal 0.000000e+00 1.000000e+00 0.000000e+00
    outer loop
      vertex   2.320197e+00 2.060001e+01 -5.428942e+00
      vertex   2.943148e+00 2.060001e+01 -6.729684e+00
      vertex   1.834607e+00 2.060001e+01 -6.089667e+00
    endloop
  endfacet
  facet normal 0.000000e+00 1.000000e+00 0.000000e+00
    outer loop
      vertex   1.834607e+00 2.060001e+01 -6.089667e+00
      vertex   2.943148e+00 2.060001e+01 -6.729684e+00
      vertex   2.897382e+00 2.060001e+01 -6.804791e+00
    endloop
  endfacet
  facet normal 0.000000e+00 1.000000e+00 0.000000e+00
    outer loop
      vertex   1.834607e+00 2.060001e+01 -6.089667e+00
      vertex   2.897382e+00 2.060001e+01 -6.804791e+00
      vertex   1.792445e+00 2.060001e+01 -6.166855e+00
    endloop
  endfacet
  facet normal 0.000000e+00 1.000000e+00 0.000000e+00
    outer loop
      vertex   1.792445e+00 2.060001e+01 -6.166855e+00
      vertex   2.897382e+00 2.060001e+01 -6.804791e+00
      vertex   2.787148e+00 2.060001e+01 -6.945170e+00
    endloop
  endfacet
  facet normal 0.000000e+00 1.000000e+00 0.000000e+00
    outer loop
      vertex   1.792445e+00 2.060001e+01 -6.166855e+00
      vertex   2.787148e+00 2.060001e+01 -6.945170e+00
      vertex   1.725990e+00 2.060001e+01 -6.332510e+00
    endloop
  endfacet
  facet normal 0.000000e+00 1.000000e+00 0.000000e+00
    outer loop
      vertex   1.725990e+00 2.060001e+01 -6.332510e+00
      vertex   2.787148e+00 2.060001e+01 -6.945170e+00
      vertex   2.683453e+00 2.060001e+01 -7.054053e+00
    endloop
  endfacet
  facet normal 0.000000e+00 1.000000e+00 0.000000e+00
    outer loop
      vertex   1.725990e+00 2.060001e+01 -6.332510e+00
      vertex   2.683453e+00 2.060001e+01 -7.054053e+00
      vertex   1.683542e+00 2.060001e+01 -6.476754e+00
    endloop
  endfacet
  facet normal 0.000000e+00 1.000000e+00 0.000000e+00
    outer loop
      vertex   1.683542e+00 2.060001e+01 -6.476754e+00
      vertex   2.683453e+00 2.060001e+01 -7.054053e+00
      vertex   2.548043e+00 2.060001e+01 -7.176499e+00
    endloop
  endfacet
  facet normal 0.000000e+00 1.000000e+00 0.000000e+00
    outer loop
      vertex   1.683542e+00 2.060001e+01 -6.476754e+00
      vertex   2.548043e+00 2.060001e+01 -7.176499e+00
      vertex   1.645206e+00 2.060001e+01 -6.655246e+00
    endloop
  endfacet
  facet normal 0.000000e+00 1.000000e+00 0.000000e+00
    outer loop
      vertex   1.645206e+00 2.060001e+01 -6.655246e+00
      vertex   2.548043e+00 2.060001e+01 -7.176499e+00
      vertex   2.377787e+00 2.060001e+01 -7.308750e+00
    endloop
  endfacet
  facet normal 0.000000e+00 1.000000e+00 0.000000e+00
    outer loop
      vertex   1.645206e+00 2.060001e+01 -6.655246e+00
      vertex   2.377787e+00 2.060001e+01 -7.308750e+00
      vertex   1.615801e+00 2.060001e+01 -6.868817e+00
    endloop
  endfacet
  facet normal 0.000000e+00 1.000000e+00 0.000000e+00
    outer loop
      vertex   1.615801e+00 2.060001e+01 -6.868817e+00
      vertex   2.377787e+00 2.060001e+01 -7.308750e+00
      vertex   2.169554e+00 2.060001e+01 -7.447047e+00
    endloop
  endfacet
  facet normal 0.000000e+00 1.000000e+00 0.000000e+00
    outer loop
      vertex   1.615801e+00 2.060001e+01 -6.868817e+00
      vertex   2.169554e+00 2.060001e+01 -7.447047e+00
      vertex   1.600149e+00 2.060001e+01 -7.118300e+00
    endloop
  endfacet
  facet normal 0.000000e+00 1.000000e+00 0.000000e+00
    outer loop
      vertex   1.583854e+00 2.060001e+01 -4.765936e+00
      vertex   9.775070e-01 2.060001e+01 -5.317931e+00
      vertex   9.374723e-01 2.060001e+01 -3.876268e+00
    endloop
  endfacet
  facet normal 0.000000e+00 1.000000e+00 0.000000e+00
    outer loop
      vertex   9.374723e-01 2.060001e+01 -3.876268e+00
      vertex   9.775070e-01 2.060001e+01 -5.317931e+00
      vertex   2.251222e-01 2.060001e+01 -4.282362e+00
    endloop
  endfacet
  facet normal 0.000000e+00 1.000000e+00 0.000000e+00
    outer loop
      vertex   2.251222e-01 2.060001e+01 -4.282362e+00
      vertex   9.775070e-01 2.060001e+01 -5.317931e+00
      vertex   9.051485e-01 2.060001e+01 -5.367930e+00
    endloop
  endfacet
  facet normal 0.000000e+00 1.000000e+00 0.000000e+00
    outer loop
      vertex   2.251222e-01 2.060001e+01 -4.282362e+00
      vertex   9.051485e-01 2.060001e+01 -5.367930e+00
      vertex   1.552105e-01 2.060001e+01 -4.335729e+00
    endloop
  endfacet
  facet normal 0.000000e+00 1.000000e+00 0.000000e+00
    outer loop
      vertex   1.552105e-01 2.060001e+01 -4.335729e+00
      vertex   9.051485e-01 2.060001e+01 -5.367930e+00
      vertex   7.473476e-01 2.060001e+01 -5.451337e+00
    endloop
  endfacet
  facet normal 0.000000e+00 1.000000e+00 0.000000e+00
    outer loop
      vertex   1.552105e-01 2.060001e+01 -4.335729e+00
      vertex   7.473476e-01 2.060001e+01 -5.451337e+00
      vertex   2.712266e-02 2.060001e+01 -4.460032e+00
    endloop
  endfacet
  facet normal 0.000000e+00 1.000000e+00 0.000000e+00
    outer loop
      vertex   2.712266e-02 2.060001e+01 -4.460032e+00
      vertex   7.473476e-01 2.060001e+01 -5.451337e+00
      vertex   6.083307e-01 2.060001e+01 -5.508629e+00
    endloop
  endfacet
  facet normal 0.000000e+00 1.000000e+00 0.000000e+00
    outer loop
      vertex   2.712266e-02 2.060001e+01 -4.460032e+00
      vertex   6.083307e-01 2.060001e+01 -5.508629e+00
      vertex   -7.032443e-02 2.060001e+01 -4.574541e+00
    endloop
  endfacet
  facet normal 0.000000e+00 1.000000e+00 0.000000e+00
    outer loop
      vertex   -7.032443e-02 2.060001e+01 -4.574541e+00
      vertex   6.083307e-01 2.060001e+01 -5.508629e+00
      vertex   4.348245e-01 2.060001e+01 -5.565413e+00
    endloop
  endfacet
  facet normal 0.000000e+00 1.000000e+00 0.000000e+00
    outer loop
      vertex   -7.032443e-02 2.060001e+01 -4.574541e+00
      vertex   4.348245e-01 2.060001e+01 -5.565413e+00
      vertex   -1.779456e-01 2.060001e+01 -4.722008e+00
    endloop
  endfacet
  facet normal 0.000000e+00 1.000000e+00 0.000000e+00
    outer loop
      vertex   -1.779456e-01 2.060001e+01 -4.722008e+00
      vertex   4.348245e-01 2.060001e+01 -5.565413e+00
      vertex   2.254968e-01 2.060001e+01 -5.616981e+00
    endloop
  endfacet
  facet normal 0.000000e+00 1.000000e+00 0.000000e+00
    outer loop
      vertex   -1.779456e-01 2.060001e+01 -4.722008e+00
      vertex   2.254968e-01 2.060001e+01 -5.616981e+00
      vertex   -2.916754e-01 2.060001e+01 -4.905155e+00
    endloop
  endfacet
  facet normal 0.000000e+00 1.000000e+00 0.000000e+00
    outer loop
      vertex   -2.916754e-01 2.060001e+01 -4.905155e+00
      vertex   2.254968e-01 2.060001e+01 -5.616981e+00
      vertex   -2.098414e-02 2.060001e+01 -5.658625e+00
    endloop
  endfacet
  facet normal 0.000000e+00 1.000000e+00 0.000000e+00
    outer loop
      vertex   -2.916754e-01 2.060001e+01 -4.905155e+00
      vertex   -2.098414e-02 2.060001e+01 -5.658625e+00
      vertex   -4.074483e-01 2.060001e+01 -5.126703e+00
    endloop
  endfacet
  facet normal 0.000000e+00 1.000000e+00 0.000000e+00
    outer loop
      vertex   1.583854e+00 2.060001e+01 1.965936e+00
      vertex   9.374723e-01 2.060001e+01 1.076268e+00
      vertex   9.775070e-01 2.060001e+01 2.517931e+00
    endloop
  endfacet
  facet normal 0.000000e+00 1.000000e+00 0.000000e+00
    outer loop
      vertex   9.775070e-01 2.060001e+01 2.517931e+00
      vertex   9.374723e-01 2.060001e+01 1.076268e+00
      vertex   2.251222e-01 2.060001e+01 1.482362e+00
    endloop
  endfacet
  facet normal 0.000000e+00 1.000000e+00 0.000000e+00
    outer loop
      vertex   9.775070e-01 2.060001e+01 2.517931e+00
      vertex   2.251222e-01 2.060001e+01 1.482362e+00
      vertex   9.051485e-01 2.060001e+01 2.567930e+00
    endloop
  endfacet
  facet normal 0.000000e+00 1.000000e+00 0.000000e+00
    outer loop
      vertex   9.051485e-01 2.060001e+01 2.567930e+00
      vertex   2.251222e-01 2.060001e+01 1.482362e+00
      vertex   1.552105e-01 2.060001e+01 1.535729e+00
    endloop
  endfacet
  facet normal 0.000000e+00 1.000000e+00 0.000000e+00
    outer loop
      vertex   9.051485e-01 2.060001e+01 2.567930e+00
      vertex   1.552105e-01 2.060001e+01 1.535729e+00
      vertex   7.473476e-01 2.060001e+01 2.651337e+00
    endloop
  endfacet
  facet normal 0.000000e+00 1.000000e+00 0.000000e+00
    outer loop
      vertex   7.473476e-01 2.060001e+01 2.651337e+00
      vertex   1.552105e-01 2.060001e+01 1.535729e+00
      vertex   2.712266e-02 2.060001e+01 1.660032e+00
    endloop
  endfacet
  facet normal 0.000000e+00 1.000000e+00 0.000000e+00
    outer loop
      vertex   7.473476e-01 2.060001e+01 2.651337e+00
      vertex   2.712266e-02 2.060001e+01 1.660032e+00
      vertex   6.083307e-01 2.060001e+01 2.708629e+00
    endloop
  endfacet
  facet normal 0.000000e+00 1.000000e+00 0.000000e+00
    outer loop
      vertex   6.083307e-01 2.060001e+01 2.708629e+00
      vertex   2.712266e-02 2.060001e+01 1.660032e+00
      vertex   -7.032443e-02 2.060001e+01 1.774541e+00
    endloop
  endfacet
  facet normal 0.000000e+00 1.000000e+00 0.000000e+00
    outer loop
      vertex   6.083307e-01 2.060001e+01 2.708629e+00
      vertex   -7.032443e-02 2.060001e+01 1.774541e+00
      vertex   4.348245e-01 2.060001e+01 2.765413e+00
    endloop
  endfacet
  facet normal 0.000000e+00 1.000000e+00 0.000000e+00
    outer loop
      vertex   4.348245e-01 2.060001e+01 2.765413e+00
      vertex   -7.032443e-02 2.060001e+01 1.774541e+00
      vertex   -1.779456e-01 2.060001e+01 1.922008e+00
    endloop
  endfacet
  facet normal 0.000000e+00 1.000000e+00 0.000000e+00
    outer loop
      vertex   4.348245e-01 2.060001e+01 2.765413e+00
      vertex   -1.779456e-01 2.060001e+01 1.922008e+00
      vertex   2.254968e-01 2.060001e+01 2.816981e+00
    endloop
  endfacet
  facet normal 0.000000e+00 1.000000e+00 0.000000e+00
    outer loop
      vertex   2.254968e-01 2.060001e+01 2.816981e+00
      vertex   -1.779456e-01 2.060001e+01 1.922008e+00
      vertex   -2.916754e-01 2.060001e+01 2.105155e+00
    endloop
  endfacet
  facet normal 0.000000e+00 1.000000e+00 0.000000e+00
    outer loop
      vertex   2.254968e-01 2.060001e+01 2.816981e+00
      vertex   -2.916754e-01 2.060001e+01 2.105155e+00
      vertex   -2.098414e-02 2.060001e+01 2.858625e+00
    endloop
  endfacet
  facet normal 0.000000e+00 1.000000e+00 0.000000e+00
    outer loop
      vertex   -2.098414e-02 2.060001e+01 2.858625e+00
      vertex   -2.916754e-01 2.060001e+01 2.105155e+00
      vertex   -4.074483e-01 2.060001e+01 2.326703e+00
    endloop
  endfacet
  facet normal 0.000000e+00 1.000000e+00 0.000000e+00
    outer loop
      vertex   3.272557e+00 2.060001e+01 3.178787e+00
      vertex   2.320197e+00 2.060001e+01 2.628942e+00
      vertex   2.943148e+00 2.060001e+01 3.929684e+00
    endloop
  endfacet
  facet normal 0.000000e+00 1.000000e+00 0.000000e+00
    outer loop
      vertex   2.943148e+00 2.060001e+01 3.929684e+00
      vertex   2.320197e+00 2.060001e+01 2.628942e+00
      vertex   1.834607e+00 2.060001e+01 3.289667e+00
    endloop
  endfacet
  facet normal 0.000000e+00 1.000000e+00 0.000000e+00
    outer loop
      vertex   2.943148e+00 2.060001e+01 3.929684e+00
      vertex   1.834607e+00 2.060001e+01 3.289667e+00
      vertex   2.897382e+00 2.060001e+01 4.004791e+00
    endloop
  endfacet
  facet normal 0.000000e+00 1.000000e+00 0.000000e+00
    outer loop
      vertex   2.897382e+00 2.060001e+01 4.004791e+00
      vertex   1.834607e+00 2.060001e+01 3.289667e+00
      vertex   1.792445e+00 2.060001e+01 3.366855e+00
    endloop
  endfacet
  facet normal 0.000000e+00 1.000000e+00 0.000000e+00
    outer loop
      vertex   2.897382e+00 2.060001e+01 4.004791e+00
      vertex   1.792445e+00 2.060001e+01 3.366855e+00
      vertex   2.787148e+00 2.060001e+01 4.145170e+00
    endloop
  endfacet
  facet normal 0.000000e+00 1.000000e+00 0.000000e+00
    outer loop
      vertex   2.787148e+00 2.060001e+01 4.145170e+00
      vertex   1.792445e+00 2.060001e+01 3.366855e+00
      vertex   1.725990e+00 2.060001e+01 3.532510e+00
    endloop
  endfacet
  facet normal 0.000000e+00 1.000000e+00 0.000000e+00
    outer loop
      vertex   2.787148e+00 2.060001e+01 4.145170e+00
      vertex   1.725990e+00 2.060001e+01 3.532510e+00
      vertex   2.683453e+00 2.060001e+01 4.254053e+00
    endloop
  endfacet
  facet normal 0.000000e+00 1.000000e+00 0.000000e+00
    outer loop
      vertex   2.683453e+00 2.060001e+01 4.254053e+00
      vertex   1.725990e+00 2.060001e+01 3.532510e+00
      vertex   1.683542e+00 2.060001e+01 3.676754e+00
    endloop
  endfacet
  facet normal 0.000000e+00 1.000000e+00 0.000000e+00
    outer loop
      vertex   2.683453e+00 2.060001e+01 4.254053e+00
      vertex   1.683542e+00 2.060001e+01 3.676754e+00
      vertex   2.548043e+00 2.060001e+01 4.376499e+00
    endloop
  endfacet
  facet normal 0.000000e+00 1.000000e+00 0.000000e+00
    outer loop
      vertex   2.548043e+00 2.060001e+01 4.376499e+00
      vertex   1.683542e+00 2.060001e+01 3.676754e+00
      vertex   1.645206e+00 2.060001e+01 3.855246e+00
    endloop
  endfacet
  facet normal 0.000000e+00 1.000000e+00 0.000000e+00
    outer loop
      vertex   2.548043e+00 2.060001e+01 4.376499e+00
      vertex   1.645206e+00 2.060001e+01 3.855246e+00
      vertex   2.377787e+00 2.060001e+01 4.508750e+00
    endloop
  endfacet
  facet normal 0.000000e+00 1.000000e+00 0.000000e+00
    outer loop
      vertex   2.377787e+00 2.060001e+01 4.508750e+00
      vertex   1.645206e+00 2.060001e+01 3.855246e+00
      vertex   1.615801e+00 2.060001e+01 4.068817e+00
    endloop
  endfacet
  facet normal 0.000000e+00 1.000000e+00 0.000000e+00
    outer loop
      vertex   2.377787e+00 2.060001e+01 4.508750e+00
      vertex   1.615801e+00 2.060001e+01 4.068817e+00
      vertex   2.169554e+00 2.060001e+01 4.647047e+00
    endloop
  endfacet
  facet normal 0.000000e+00 1.000000e+00 0.000000e+00
    outer loop
      vertex   2.169554e+00 2.060001e+01 4.647047e+00
      vertex   1.615801e+00 2.060001e+01 4.068817e+00
      vertex   1.600149e+00 2.060001e+01 4.318300e+00
    endloop
  endfacet
  facet normal -0.000000e+00 1.000000e+00 0.000000e+00
    outer loop
      vertex   6.293995e+00 2.060001e+01 3.496353e+00
      vertex   6.460085e+00 2.060001e+01 4.299329e+00
      vertex   7.339863e+00 2.060001e+01 3.156530e+00
    endloop
  endfacet
  facet normal 0.000000e+00 1.000000e+00 -0.000000e+00
    outer loop
      vertex   7.339863e+00 2.060001e+01 3.156530e+00
      vertex   6.460085e+00 2.060001e+01 4.299329e+00
      vertex   7.677470e+00 2.060001e+01 3.903777e+00
    endloop
  endfacet
  facet normal 0.000000e+00 1.000000e+00 0.000000e+00
    outer loop
      vertex   7.677470e+00 2.060001e+01 3.903777e+00
      vertex   6.460085e+00 2.060001e+01 4.299329e+00
      vertex   6.489236e+00 2.060001e+01 4.382310e+00
    endloop
  endfacet
  facet normal 0.000000e+00 1.000000e+00 -0.000000e+00
    outer loop
      vertex   7.677470e+00 2.060001e+01 3.903777e+00
      vertex   6.489236e+00 2.060001e+01 4.382310e+00
      vertex   7.702661e+00 2.060001e+01 3.988044e+00
    endloop
  endfacet
  facet normal 0.000000e+00 1.000000e+00 0.000000e+00
    outer loop
      vertex   7.702661e+00 2.060001e+01 3.988044e+00
      vertex   6.489236e+00 2.060001e+01 4.382310e+00
      vertex   6.567874e+00 2.060001e+01 4.542540e+00
    endloop
  endfacet
  facet normal 0.000000e+00 1.000000e+00 -0.000000e+00
    outer loop
      vertex   7.702661e+00 2.060001e+01 3.988044e+00
      vertex   6.567874e+00 2.060001e+01 4.542540e+00
      vertex   7.733223e+00 2.060001e+01 4.163896e+00
    endloop
  endfacet
  facet normal 0.000000e+00 1.000000e+00 0.000000e+00
    outer loop
      vertex   7.733223e+00 2.060001e+01 4.163896e+00
      vertex   6.567874e+00 2.060001e+01 4.542540e+00
      vertex   6.646666e+00 2.060001e+01 4.670603e+00
    endloop
  endfacet
  facet normal 0.000000e+00 1.000000e+00 -0.000000e+00
    outer loop
      vertex   7.733223e+00 2.060001e+01 4.163896e+00
      vertex   6.646666e+00 2.060001e+01 4.670603e+00
      vertex   7.744753e+00 2.060001e+01 4.313813e+00
    endloop
  endfacet
  facet normal 0.000000e+00 1.000000e+00 0.000000e+00
    outer loop
      vertex   7.744753e+00 2.060001e+01 4.313813e+00
      vertex   6.646666e+00 2.060001e+01 4.670603e+00
      vertex   6.753658e+00 2.060001e+01 4.818527e+00
    endloop
  endfacet
  facet normal 0.000000e+00 1.000000e+00 -0.000000e+00
    outer loop
      vertex   7.744753e+00 2.060001e+01 4.313813e+00
      vertex   6.753658e+00 2.060001e+01 4.818527e+00
      vertex   7.745141e+00 2.060001e+01 4.496375e+00
    endloop
  endfacet
  facet normal 0.000000e+00 1.000000e+00 0.000000e+00
    outer loop
      vertex   7.745141e+00 2.060001e+01 4.496375e+00
      vertex   6.753658e+00 2.060001e+01 4.818527e+00
      vertex   6.892697e+00 2.060001e+01 4.983286e+00
    endloop
  endfacet
  facet normal 0.000000e+00 1.000000e+00 0.000000e+00
    outer loop
      vertex   7.745141e+00 2.060001e+01 4.496375e+00
      vertex   6.892697e+00 2.060001e+01 4.983286e+00
      vertex   7.729499e+00 2.060001e+01 4.711392e+00
    endloop
  endfacet
  facet normal 0.000000e+00 1.000000e+00 0.000000e+00
    outer loop
      vertex   7.729499e+00 2.060001e+01 4.711392e+00
      vertex   6.892697e+00 2.060001e+01 4.983286e+00
      vertex   7.067627e+00 2.060001e+01 5.161855e+00
    endloop
  endfacet
  facet normal 0.000000e+00 1.000000e+00 0.000000e+00
    outer loop
      vertex   7.729499e+00 2.060001e+01 4.711392e+00
      vertex   7.067627e+00 2.060001e+01 5.161855e+00
      vertex   7.692939e+00 2.060001e+01 4.958678e+00
    endloop
  endfacet
  facet normal 0.000000e+00 1.000000e+00 -0.000000e+00
    outer loop
      vertex   9.015191e+00 2.060001e+01 1.925270e+00
      vertex   8.676293e+00 2.060001e+01 3.327106e+00
      vertex   9.627543e+00 2.060001e+01 2.470596e+00
    endloop
  endfacet
  facet normal 0.000000e+00 1.000000e+00 0.000000e+00
    outer loop
      vertex   9.627543e+00 2.060001e+01 2.470596e+00
      vertex   8.676293e+00 2.060001e+01 3.327106e+00
      vertex   8.736674e+00 2.060001e+01 3.391056e+00
    endloop
  endfacet
  facet normal 0.000000e+00 1.000000e+00 -0.000000e+00
    outer loop
      vertex   9.627543e+00 2.060001e+01 2.470596e+00
      vertex   8.736674e+00 2.060001e+01 3.391056e+00
      vertex   9.684831e+00 2.060001e+01 2.537332e+00
    endloop
  endfacet
  facet normal 0.000000e+00 1.000000e+00 0.000000e+00
    outer loop
      vertex   9.684831e+00 2.060001e+01 2.537332e+00
      vertex   8.736674e+00 2.060001e+01 3.391056e+00
      vertex   8.873686e+00 2.060001e+01 3.505449e+00
    endloop
  endfacet
  facet normal 0.000000e+00 1.000000e+00 -0.000000e+00
    outer loop
      vertex   9.684831e+00 2.060001e+01 2.537332e+00
      vertex   8.873686e+00 2.060001e+01 3.505449e+00
      vertex   9.784276e+00 2.060001e+01 2.685550e+00
    endloop
  endfacet
  facet normal 0.000000e+00 1.000000e+00 0.000000e+00
    outer loop
      vertex   9.784276e+00 2.060001e+01 2.685550e+00
      vertex   8.873686e+00 2.060001e+01 3.505449e+00
      vertex   8.997753e+00 2.060001e+01 3.590393e+00
    endloop
  endfacet
  facet normal 0.000000e+00 1.000000e+00 -0.000000e+00
    outer loop
      vertex   9.784276e+00 2.060001e+01 2.685550e+00
      vertex   8.997753e+00 2.060001e+01 3.590393e+00
      vertex   9.855786e+00 2.060001e+01 2.817817e+00
    endloop
  endfacet
  facet normal 0.000000e+00 1.000000e+00 0.000000e+00
    outer loop
      vertex   9.855786e+00 2.060001e+01 2.817817e+00
      vertex   8.997753e+00 2.060001e+01 3.590393e+00
      vertex   9.155662e+00 2.060001e+01 3.682010e+00
    endloop
  endfacet
  facet normal 0.000000e+00 1.000000e+00 -0.000000e+00
    outer loop
      vertex   9.855786e+00 2.060001e+01 2.817817e+00
      vertex   9.155662e+00 2.060001e+01 3.682010e+00
      vertex   9.930395e+00 2.060001e+01 2.984437e+00
    endloop
  endfacet
  facet normal 0.000000e+00 1.000000e+00 0.000000e+00
    outer loop
      vertex   9.930395e+00 2.060001e+01 2.984437e+00
      vertex   9.155662e+00 2.060001e+01 3.682010e+00
      vertex   9.349693e+00 2.060001e+01 3.775973e+00
    endloop
  endfacet
  facet normal 0.000000e+00 1.000000e+00 -0.000000e+00
    outer loop
      vertex   9.930395e+00 2.060001e+01 2.984437e+00
      vertex   9.349693e+00 2.060001e+01 3.775973e+00
      vertex   1.000356e+01 2.060001e+01 3.187228e+00
    endloop
  endfacet
  facet normal 0.000000e+00 1.000000e+00 0.000000e+00
    outer loop
      vertex   1.000356e+01 2.060001e+01 3.187228e+00
      vertex   9.349693e+00 2.060001e+01 3.775973e+00
      vertex   9.582130e+00 2.060001e+01 3.867953e+00
    endloop
  endfacet
  facet normal 0.000000e+00 1.000000e+00 -0.000000e+00
    outer loop
      vertex   1.000356e+01 2.060001e+01 3.187228e+00
      vertex   9.582130e+00 2.060001e+01 3.867953e+00
      vertex   1.007074e+01 2.060001e+01 3.428005e+00
    endloop
  endfacet
  facet normal -0.000000e+00 1.000000e+00 0.000000e+00
    outer loop
      vertex   9.597597e+00 2.060001e+01 1.123657e+00
      vertex   1.030546e+01 2.060001e+01 1.537524e+00
      vertex   1.004488e+01 2.060001e+01 1.190405e-01
    endloop
  endfacet
  facet normal -0.000000e+00 -1.000000e+00 0.000000e+00
    outer loop
      vertex   4.551295e+00 1.860001e+01 -1.194714e+00
      vertex   3.058198e-01 1.860001e+01 -9.045761e-01
      vertex   4.524036e+00 1.860001e+01 -1.401769e+00
    endloop
  endfacet
  facet normal 0.000000e+00 -1.000000e+00 0.000000e+00
    outer loop
      vertex   4.524036e+00 1.860001e+01 -1.401769e+00
      vertex   3.058198e-01 1.860001e+01 -9.045761e-01
      vertex   2.812148e-01 1.860001e+01 -1.400000e+00
    endloop
  endfacet
  facet normal -0.000000e+00 -1.000000e+00 0.000000e+00
    outer loop
      vertex   4.524036e+00 1.860001e+01 -1.401769e+00
      vertex   2.812148e-01 1.860001e+01 -1.400000e+00
      vertex   3.058198e-01 1.860001e+01 -1.895424e+00
    endloop
  endfacet
  facet normal -0.000000e+00 -1.000000e+00 0.000000e+00
    outer loop
      vertex   4.631215e+00 1.860001e+01 -1.001769e+00
      vertex   7.134875e-01 1.860001e+01 6.336832e-01
      vertex   4.551295e+00 1.860001e+01 -1.194714e+00
    endloop
  endfacet
  facet normal 0.000000e+00 -1.000000e+00 0.000000e+00
    outer loop
      vertex   4.551295e+00 1.860001e+01 -1.194714e+00
      vertex   7.134875e-01 1.860001e+01 6.336832e-01
      vertex   5.344582e-01 1.860001e+01 1.710832e-01
    endloop
  endfacet
  facet normal 0.000000e+00 -1.000000e+00 0.000000e+00
    outer loop
      vertex   4.551295e+00 1.860001e+01 -1.194714e+00
      vertex   5.344582e-01 1.860001e+01 1.710832e-01
      vertex   3.058198e-01 1.860001e+01 -9.045761e-01
    endloop
  endfacet
  facet normal 0.000000e+00 -1.000000e+00 0.000000e+00
    outer loop
      vertex   3.058198e-01 1.860001e+01 -9.045761e-01
      vertex   5.344582e-01 1.860001e+01 1.710832e-01
      vertex   -2.439840e-01 1.860001e+01 4.287323e-01
    endloop
  endfacet
  facet normal 0.000000e+00 -1.000000e+00 0.000000e+00
    outer loop
      vertex   3.058198e-01 1.860001e+01 -9.045761e-01
      vertex   -2.439840e-01 1.860001e+01 4.287323e-01
      vertex   -5.101179e-01 1.860001e+01 -8.233293e-01
    endloop
  endfacet
  facet normal 0.000000e+00 -1.000000e+00 0.000000e+00
    outer loop
      vertex   -5.101179e-01 1.860001e+01 -8.233293e-01
      vertex   -2.439840e-01 1.860001e+01 4.287323e-01
      vertex   -3.304231e-01 1.860001e+01 4.449777e-01
    endloop
  endfacet
  facet normal 0.000000e+00 -1.000000e+00 0.000000e+00
    outer loop
      vertex   -5.101179e-01 1.860001e+01 -8.233293e-01
      vertex   -3.304231e-01 1.860001e+01 4.449777e-01
      vertex   -5.956915e-01 1.860001e+01 -8.030123e-01
    endloop
  endfacet
  facet normal 0.000000e+00 -1.000000e+00 0.000000e+00
    outer loop
      vertex   -5.956915e-01 1.860001e+01 -8.030123e-01
      vertex   -3.304231e-01 1.860001e+01 4.449777e-01
      vertex   -5.085061e-01 1.860001e+01 4.569902e-01
    endloop
  endfacet
  facet normal 0.000000e+00 -1.000000e+00 0.000000e+00
    outer loop
      vertex   -5.956915e-01 1.860001e+01 -8.030123e-01
      vertex   -5.085061e-01 1.860001e+01 4.569902e-01
      vertex   -7.632644e-01 1.860001e+01 -7.415534e-01
    endloop
  endfacet
  facet normal 0.000000e+00 -1.000000e+00 0.000000e+00
    outer loop
      vertex   -7.632644e-01 1.860001e+01 -7.415534e-01
      vertex   -5.085061e-01 1.860001e+01 4.569902e-01
      vertex   -6.588073e-01 1.860001e+01 4.527864e-01
    endloop
  endfacet
  facet normal 0.000000e+00 -1.000000e+00 0.000000e+00
    outer loop
      vertex   -7.632644e-01 1.860001e+01 -7.415534e-01
      vertex   -6.588073e-01 1.860001e+01 4.527864e-01
      vertex   -8.988615e-01 1.860001e+01 -6.765800e-01
    endloop
  endfacet
  facet normal 0.000000e+00 -1.000000e+00 0.000000e+00
    outer loop
      vertex   -8.988615e-01 1.860001e+01 -6.765800e-01
      vertex   -6.588073e-01 1.860001e+01 4.527864e-01
      vertex   -8.404093e-01 1.860001e+01 4.340899e-01
    endloop
  endfacet
  facet normal 0.000000e+00 -1.000000e+00 0.000000e+00
    outer loop
      vertex   -8.988615e-01 1.860001e+01 -6.765800e-01
      vertex   -8.404093e-01 1.860001e+01 4.340899e-01
      vertex   -1.057159e+00 1.860001e+01 -5.856356e-01
    endloop
  endfacet
  facet normal 0.000000e+00 -1.000000e+00 0.000000e+00
    outer loop
      vertex   -1.057159e+00 1.860001e+01 -5.856356e-01
      vertex   -8.404093e-01 1.860001e+01 4.340899e-01
      vertex   -1.052614e+00 1.860001e+01 3.960583e-01
    endloop
  endfacet
  facet normal 0.000000e+00 -1.000000e+00 0.000000e+00
    outer loop
      vertex   -1.057159e+00 1.860001e+01 -5.856356e-01
      vertex   -1.052614e+00 1.860001e+01 3.960583e-01
      vertex   -1.235549e+00 1.860001e+01 -4.645805e-01
    endloop
  endfacet
  facet normal 0.000000e+00 -1.000000e+00 0.000000e+00
    outer loop
      vertex   -1.235549e+00 1.860001e+01 -4.645805e-01
      vertex   -1.052614e+00 1.860001e+01 3.960583e-01
      vertex   -1.294724e+00 1.860001e+01 3.338493e-01
    endloop
  endfacet
  facet normal 0.000000e+00 -1.000000e+00 0.000000e+00
    outer loop
      vertex   -1.235549e+00 1.860001e+01 -4.645805e-01
      vertex   -1.294724e+00 1.860001e+01 3.338493e-01
      vertex   -1.431424e+00 1.860001e+01 -3.092749e-01
    endloop
  endfacet
  facet normal -0.000000e+00 -1.000000e+00 0.000000e+00
    outer loop
      vertex   4.758350e+00 1.860001e+01 -8.360836e-01
      vertex   1.583854e+00 1.860001e+01 1.965936e+00
      vertex   4.631215e+00 1.860001e+01 -1.001769e+00
    endloop
  endfacet
  facet normal 0.000000e+00 -1.000000e+00 0.000000e+00
    outer loop
      vertex   4.631215e+00 1.860001e+01 -1.001769e+00
      vertex   1.583854e+00 1.860001e+01 1.965936e+00
      vertex   9.374723e-01 1.860001e+01 1.076268e+00
    endloop
  endfacet
  facet normal 0.000000e+00 -1.000000e+00 0.000000e+00
    outer loop
      vertex   4.631215e+00 1.860001e+01 -1.001769e+00
      vertex   9.374723e-01 1.860001e+01 1.076268e+00
      vertex   7.134875e-01 1.860001e+01 6.336832e-01
    endloop
  endfacet
  facet normal -0.000000e+00 -1.000000e+00 0.000000e+00
    outer loop
      vertex   4.924036e+00 1.860001e+01 -7.089487e-01
      vertex   2.320197e+00 1.860001e+01 2.628942e+00
      vertex   4.758350e+00 1.860001e+01 -8.360836e-01
    endloop
  endfacet
  facet normal 0.000000e+00 -1.000000e+00 0.000000e+00
    outer loop
      vertex   4.758350e+00 1.860001e+01 -8.360836e-01
      vertex   2.320197e+00 1.860001e+01 2.628942e+00
      vertex   1.935562e+00 1.860001e+01 2.315724e+00
    endloop
  endfacet
  facet normal 0.000000e+00 -1.000000e+00 0.000000e+00
    outer loop
      vertex   4.758350e+00 1.860001e+01 -8.360836e-01
      vertex   1.935562e+00 1.860001e+01 2.315724e+00
      vertex   1.583854e+00 1.860001e+01 1.965936e+00
    endloop
  endfacet
  facet normal 0.000000e+00 -1.000000e+00 0.000000e+00
    outer loop
      vertex   2.320197e+00 1.860001e+01 2.628942e+00
      vertex   4.924036e+00 1.860001e+01 -7.089487e-01
      vertex   3.272557e+00 1.860001e+01 3.178787e+00
    endloop
  endfacet
  facet normal 0.000000e+00 -1.000000e+00 0.000000e+00
    outer loop
      vertex   3.272557e+00 1.860001e+01 3.178787e+00
      vertex   4.924036e+00 1.860001e+01 -7.089487e-01
      vertex   5.116980e+00 1.860001e+01 -6.290283e-01
    endloop
  endfacet
  facet normal 0.000000e+00 -1.000000e+00 0.000000e+00
    outer loop
      vertex   3.272557e+00 1.860001e+01 3.178787e+00
      vertex   5.116980e+00 1.860001e+01 -6.290283e-01
      vertex   3.736130e+00 1.860001e+01 3.355283e+00
    endloop
  endfacet
  facet normal 0.000000e+00 -1.000000e+00 0.000000e+00
    outer loop
      vertex   3.736130e+00 1.860001e+01 3.355283e+00
      vertex   5.116980e+00 1.860001e+01 -6.290283e-01
      vertex   4.214909e+00 1.860001e+01 3.484976e+00
    endloop
  endfacet
  facet normal 0.000000e+00 -1.000000e+00 0.000000e+00
    outer loop
      vertex   4.214909e+00 1.860001e+01 3.484976e+00
      vertex   5.116980e+00 1.860001e+01 -6.290283e-01
      vertex   5.324036e+00 1.860001e+01 -6.017690e-01
    endloop
  endfacet
  facet normal 0.000000e+00 -1.000000e+00 0.000000e+00
    outer loop
      vertex   4.214909e+00 1.860001e+01 3.484976e+00
      vertex   5.324036e+00 1.860001e+01 -6.017690e-01
      vertex   5.308575e+00 1.860001e+01 3.599925e+00
    endloop
  endfacet
  facet normal 0.000000e+00 -1.000000e+00 0.000000e+00
    outer loop
      vertex   5.308575e+00 1.860001e+01 3.599925e+00
      vertex   5.324036e+00 1.860001e+01 -6.017690e-01
      vertex   5.803857e+00 1.860001e+01 3.572609e+00
    endloop
  endfacet
  facet normal 0.000000e+00 -1.000000e+00 0.000000e+00
    outer loop
      vertex   5.803857e+00 1.860001e+01 3.572609e+00
      vertex   5.324036e+00 1.860001e+01 -6.017690e-01
      vertex   5.531091e+00 1.860001e+01 -6.290283e-01
    endloop
  endfacet
  facet normal 7.175917e-15 -1.000000e+00 -4.658537e-16
    outer loop
      vertex   5.803857e+00 1.860001e+01 3.572609e+00
      vertex   5.531091e+00 1.860001e+01 -6.290283e-01
      vertex   6.293995e+00 1.860001e+01 3.496353e+00
    endloop
  endfacet
  facet normal -2.940409e-15 -1.000000e+00 1.404952e-15
    outer loop
      vertex   6.293995e+00 1.860001e+01 3.496353e+00
      vertex   5.531091e+00 1.860001e+01 -6.290283e-01
      vertex   7.339863e+00 1.860001e+01 3.156530e+00
    endloop
  endfacet
  facet normal -4.530040e-15 -1.000000e+00 -3.487427e-15
    outer loop
      vertex   6.293995e+00 1.860001e+01 3.496353e+00
      vertex   7.339863e+00 1.860001e+01 3.156530e+00
      vertex   6.460085e+00 1.860001e+01 4.299329e+00
    endloop
  endfacet
  facet normal 0.000000e+00 -1.000000e+00 0.000000e+00
    outer loop
      vertex   6.460085e+00 1.860001e+01 4.299329e+00
      vertex   7.339863e+00 1.860001e+01 3.156530e+00
      vertex   7.677470e+00 1.860001e+01 3.903777e+00
    endloop
  endfacet
  facet normal 0.000000e+00 -1.000000e+00 0.000000e+00
    outer loop
      vertex   6.460085e+00 1.860001e+01 4.299329e+00
      vertex   7.677470e+00 1.860001e+01 3.903777e+00
      vertex   6.489236e+00 1.860001e+01 4.382310e+00
    endloop
  endfacet
  facet normal 0.000000e+00 -1.000000e+00 0.000000e+00
    outer loop
      vertex   6.489236e+00 1.860001e+01 4.382310e+00
      vertex   7.677470e+00 1.860001e+01 3.903777e+00
      vertex   7.702661e+00 1.860001e+01 3.988044e+00
    endloop
  endfacet
  facet normal 0.000000e+00 -1.000000e+00 0.000000e+00
    outer loop
      vertex   6.489236e+00 1.860001e+01 4.382310e+00
      vertex   7.702661e+00 1.860001e+01 3.988044e+00
      vertex   6.567874e+00 1.860001e+01 4.542540e+00
    endloop
  endfacet
  facet normal 0.000000e+00 -1.000000e+00 0.000000e+00
    outer loop
      vertex   6.567874e+00 1.860001e+01 4.542540e+00
      vertex   7.702661e+00 1.860001e+01 3.988044e+00
      vertex   7.733223e+00 1.860001e+01 4.163896e+00
    endloop
  endfacet
  facet normal 0.000000e+00 -1.000000e+00 0.000000e+00
    outer loop
      vertex   6.567874e+00 1.860001e+01 4.542540e+00
      vertex   7.733223e+00 1.860001e+01 4.163896e+00
      vertex   6.646666e+00 1.860001e+01 4.670603e+00
    endloop
  endfacet
  facet normal 0.000000e+00 -1.000000e+00 0.000000e+00
    outer loop
      vertex   6.646666e+00 1.860001e+01 4.670603e+00
      vertex   7.733223e+00 1.860001e+01 4.163896e+00
      vertex   7.744753e+00 1.860001e+01 4.313813e+00
    endloop
  endfacet
  facet normal 0.000000e+00 -1.000000e+00 0.000000e+00
    outer loop
      vertex   6.646666e+00 1.860001e+01 4.670603e+00
      vertex   7.744753e+00 1.860001e+01 4.313813e+00
      vertex   6.753658e+00 1.860001e+01 4.818527e+00
    endloop
  endfacet
  facet normal 0.000000e+00 -1.000000e+00 0.000000e+00
    outer loop
      vertex   6.753658e+00 1.860001e+01 4.818527e+00
      vertex   7.744753e+00 1.860001e+01 4.313813e+00
      vertex   7.745141e+00 1.860001e+01 4.496375e+00
    endloop
  endfacet
  facet normal 0.000000e+00 -1.000000e+00 0.000000e+00
    outer loop
      vertex   6.753658e+00 1.860001e+01 4.818527e+00
      vertex   7.745141e+00 1.860001e+01 4.496375e+00
      vertex   6.892697e+00 1.860001e+01 4.983286e+00
    endloop
  endfacet
  facet normal 0.000000e+00 -1.000000e+00 0.000000e+00
    outer loop
      vertex   6.892697e+00 1.860001e+01 4.983286e+00
      vertex   7.745141e+00 1.860001e+01 4.496375e+00
      vertex   7.729499e+00 1.860001e+01 4.711392e+00
    endloop
  endfacet
  facet normal 0.000000e+00 -1.000000e+00 0.000000e+00
    outer loop
      vertex   6.892697e+00 1.860001e+01 4.983286e+00
      vertex   7.729499e+00 1.860001e+01 4.711392e+00
      vertex   7.067627e+00 1.860001e+01 5.161855e+00
    endloop
  endfacet
  facet normal 0.000000e+00 -1.000000e+00 0.000000e+00
    outer loop
      vertex   7.067627e+00 1.860001e+01 5.161855e+00
      vertex   7.729499e+00 1.860001e+01 4.711392e+00
      vertex   7.692939e+00 1.860001e+01 4.958678e+00
    endloop
  endfacet
  facet normal 0.000000e+00 -1.000000e+00 0.000000e+00
    outer loop
      vertex   5.531091e+00 1.860001e+01 -6.290283e-01
      vertex   5.724036e+00 1.860001e+01 -7.089487e-01
      vertex   7.339863e+00 1.860001e+01 3.156530e+00
    endloop
  endfacet
  facet normal 0.000000e+00 -1.000000e+00 -0.000000e+00
    outer loop
      vertex   7.339863e+00 1.860001e+01 3.156530e+00
      vertex   5.724036e+00 1.860001e+01 -7.089487e-01
      vertex   7.781215e+00 1.860001e+01 2.930127e+00
    endloop
  endfacet
  facet normal 0.000000e+00 -1.000000e+00 -0.000000e+00
    outer loop
      vertex   7.781215e+00 1.860001e+01 2.930127e+00
      vertex   5.724036e+00 1.860001e+01 -7.089487e-01
      vertex   8.197962e+00 1.860001e+01 2.661107e+00
    endloop
  endfacet
  facet normal 0.000000e+00 -1.000000e+00 0.000000e+00
    outer loop
      vertex   8.197962e+00 1.860001e+01 2.661107e+00
      vertex   5.724036e+00 1.860001e+01 -7.089487e-01
      vertex   5.889721e+00 1.860001e+01 -8.360836e-01
    endloop
  endfacet
  facet normal 0.000000e+00 -1.000000e+00 -0.000000e+00
    outer loop
      vertex   8.197962e+00 1.860001e+01 2.661107e+00
      vertex   5.889721e+00 1.860001e+01 -8.360836e-01
      vertex   9.015191e+00 1.860001e+01 1.925270e+00
    endloop
  endfacet
  facet normal 0.000000e+00 -1.000000e+00 -0.000000e+00
    outer loop
      vertex   9.015191e+00 1.860001e+01 1.925270e+00
      vertex   5.889721e+00 1.860001e+01 -8.360836e-01
      vertex   9.326300e+00 1.860001e+01 1.538926e+00
    endloop
  endfacet
  facet normal 0.000000e+00 -1.000000e+00 0.000000e+00
    outer loop
      vertex   9.326300e+00 1.860001e+01 1.538926e+00
      vertex   5.889721e+00 1.860001e+01 -8.360836e-01
      vertex   6.016856e+00 1.860001e+01 -1.001769e+00
    endloop
  endfacet
  facet normal 0.000000e+00 -1.000000e+00 -0.000000e+00
    outer loop
      vertex   9.326300e+00 1.860001e+01 1.538926e+00
      vertex   6.016856e+00 1.860001e+01 -1.001769e+00
      vertex   9.597597e+00 1.860001e+01 1.123657e+00
    endloop
  endfacet
  facet normal 0.000000e+00 -1.000000e+00 -0.000000e+00
    outer loop
      vertex   9.597597e+00 1.860001e+01 1.123657e+00
      vertex   6.016856e+00 1.860001e+01 -1.001769e+00
      vertex   1.004488e+01 1.860001e+01 1.190405e-01
    endloop
  endfacet
  facet normal 0.000000e+00 -1.000000e+00 0.000000e+00
    outer loop
      vertex   9.597597e+00 1.860001e+01 1.123657e+00
      vertex   1.004488e+01 1.860001e+01 1.190405e-01
      vertex   1.030546e+01 1.860001e+01 1.537524e+00
    endloop
  endfacet
  facet normal 0.000000e+00 -1.000000e+00 -0.000000e+00
    outer loop
      vertex   1.030546e+01 1.860001e+01 1.537524e+00
      vertex   1.004488e+01 1.860001e+01 1.190405e-01
      vertex   1.082610e+01 1.860001e+01 3.681548e-01
    endloop
  endfacet
  facet normal 0.000000e+00 -1.000000e+00 0.000000e+00
    outer loop
      vertex   1.030546e+01 1.860001e+01 1.537524e+00
      vertex   1.082610e+01 1.860001e+01 3.681548e-01
      vertex   1.038663e+01 1.860001e+01 1.571386e+00
    endloop
  endfacet
  facet normal 0.000000e+00 -1.000000e+00 0.000000e+00
    outer loop
      vertex   1.038663e+01 1.860001e+01 1.571386e+00
      vertex   1.082610e+01 1.860001e+01 3.681548e-01
      vertex   1.090558e+01 1.860001e+01 4.058196e-01
    endloop
  endfacet
  facet normal 0.000000e+00 -1.000000e+00 0.000000e+00
    outer loop
      vertex   1.038663e+01 1.860001e+01 1.571386e+00
      vertex   1.090558e+01 1.860001e+01 4.058196e-01
      vertex   1.055833e+01 1.860001e+01 1.620161e+00
    endloop
  endfacet
  facet normal 0.000000e+00 -1.000000e+00 0.000000e+00
    outer loop
      vertex   1.055833e+01 1.860001e+01 1.620161e+00
      vertex   1.090558e+01 1.860001e+01 4.058196e-01
      vertex   1.105671e+01 1.860001e+01 5.007759e-01
    endloop
  endfacet
  facet normal 0.000000e+00 -1.000000e+00 0.000000e+00
    outer loop
      vertex   1.055833e+01 1.860001e+01 1.620161e+00
      vertex   1.105671e+01 1.860001e+01 5.007759e-01
      vertex   1.070622e+01 1.860001e+01 1.647299e+00
    endloop
  endfacet
  facet normal 0.000000e+00 -1.000000e+00 0.000000e+00
    outer loop
      vertex   1.070622e+01 1.860001e+01 1.647299e+00
      vertex   1.105671e+01 1.860001e+01 5.007759e-01
      vertex   1.117583e+01 1.860001e+01 5.925217e-01
    endloop
  endfacet
  facet normal 0.000000e+00 -1.000000e+00 0.000000e+00
    outer loop
      vertex   1.070622e+01 1.860001e+01 1.647299e+00
      vertex   1.117583e+01 1.860001e+01 5.925217e-01
      vertex   1.088774e+01 1.860001e+01 1.666768e+00
    endloop
  endfacet
  facet normal 0.000000e+00 -1.000000e+00 0.000000e+00
    outer loop
      vertex   1.088774e+01 1.860001e+01 1.666768e+00
      vertex   1.117583e+01 1.860001e+01 5.925217e-01
      vertex   1.131176e+01 1.860001e+01 7.143905e-01
    endloop
  endfacet
  facet normal 0.000000e+00 -1.000000e+00 0.000000e+00
    outer loop
      vertex   1.088774e+01 1.860001e+01 1.666768e+00
      vertex   1.131176e+01 1.860001e+01 7.143905e-01
      vertex   1.110321e+01 1.860001e+01 1.673687e+00
    endloop
  endfacet
  facet normal 0.000000e+00 -1.000000e+00 0.000000e+00
    outer loop
      vertex   1.110321e+01 1.860001e+01 1.673687e+00
      vertex   1.131176e+01 1.860001e+01 7.143905e-01
      vertex   1.146109e+01 1.860001e+01 8.698896e-01
    endloop
  endfacet
  facet normal 0.000000e+00 -1.000000e+00 0.000000e+00
    outer loop
      vertex   1.110321e+01 1.860001e+01 1.673687e+00
      vertex   1.146109e+01 1.860001e+01 8.698896e-01
      vertex   1.135297e+01 1.860001e+01 1.663175e+00
    endloop
  endfacet
  facet normal 0.000000e+00 -1.000000e+00 0.000000e+00
    outer loop
      vertex   1.135297e+01 1.860001e+01 1.663175e+00
      vertex   1.146109e+01 1.860001e+01 8.698896e-01
      vertex   1.162039e+01 1.860001e+01 1.062526e+00
    endloop
  endfacet
  facet normal 0.000000e+00 -1.000000e+00 0.000000e+00
    outer loop
      vertex   6.016856e+00 1.860001e+01 -1.001769e+00
      vertex   6.096776e+00 1.860001e+01 -1.194714e+00
      vertex   1.004488e+01 1.860001e+01 1.190405e-01
    endloop
  endfacet
  facet normal 0.000000e+00 -1.000000e+00 -0.000000e+00
    outer loop
      vertex   1.004488e+01 1.860001e+01 1.190405e-01
      vertex   6.096776e+00 1.860001e+01 -1.194714e+00
      vertex   1.017195e+01 1.860001e+01 -3.604415e-01
    endloop
  endfacet
  facet normal 0.000000e+00 -1.000000e+00 -0.000000e+00
    outer loop
      vertex   1.017195e+01 1.860001e+01 -3.604415e-01
      vertex   6.096776e+00 1.860001e+01 -1.194714e+00
      vertex   1.025089e+01 1.860001e+01 -8.501549e-01
    endloop
  endfacet
  facet normal 0.000000e+00 -1.000000e+00 0.000000e+00
    outer loop
      vertex   1.025089e+01 1.860001e+01 -8.501549e-01
      vertex   6.096776e+00 1.860001e+01 -1.194714e+00
      vertex   6.124036e+00 1.860001e+01 -1.401769e+00
    endloop
  endfacet
  facet normal 0.000000e+00 -1.000000e+00 -0.000000e+00
    outer loop
      vertex   1.025089e+01 1.860001e+01 -8.501549e-01
      vertex   6.124036e+00 1.860001e+01 -1.401769e+00
      vertex   1.025089e+01 1.860001e+01 -1.949845e+00
    endloop
  endfacet
  facet normal 0.000000e+00 -1.000000e+00 0.000000e+00
    outer loop
      vertex   1.025089e+01 1.860001e+01 -1.949845e+00
      vertex   6.124036e+00 1.860001e+01 -1.401769e+00
      vertex   6.096776e+00 1.860001e+01 -1.608824e+00
    endloop
  endfacet
  facet normal -0.000000e+00 -1.000000e+00 0.000000e+00
    outer loop
      vertex   1.025089e+01 1.860001e+01 -1.949845e+00
      vertex   6.096776e+00 1.860001e+01 -1.608824e+00
      vertex   1.017195e+01 1.860001e+01 -2.439558e+00
    endloop
  endfacet
  facet normal -0.000000e+00 -1.000000e+00 0.000000e+00
    outer loop
      vertex   1.017195e+01 1.860001e+01 -2.439558e+00
      vertex   6.096776e+00 1.860001e+01 -1.608824e+00
      vertex   1.004488e+01 1.860001e+01 -2.919040e+00
    endloop
  endfacet
  facet normal 0.000000e+00 -1.000000e+00 0.000000e+00
    outer loop
      vertex   1.004488e+01 1.860001e+01 -2.919040e+00
      vertex   6.096776e+00 1.860001e+01 -1.608824e+00
      vertex   6.016856e+00 1.860001e+01 -1.801769e+00
    endloop
  endfacet
  facet normal -0.000000e+00 -1.000000e+00 0.000000e+00
    outer loop
      vertex   1.004488e+01 1.860001e+01 -2.919040e+00
      vertex   6.016856e+00 1.860001e+01 -1.801769e+00
      vertex   9.597597e+00 1.860001e+01 -3.923657e+00
    endloop
  endfacet
  facet normal -0.000000e+00 -1.000000e+00 0.000000e+00
    outer loop
      vertex   9.597597e+00 1.860001e+01 -3.923657e+00
      vertex   6.016856e+00 1.860001e+01 -1.801769e+00
      vertex   9.326300e+00 1.860001e+01 -4.338926e+00
    endloop
  endfacet
  facet normal 0.000000e+00 -1.000000e+00 0.000000e+00
    outer loop
      vertex   9.326300e+00 1.860001e+01 -4.338926e+00
      vertex   6.016856e+00 1.860001e+01 -1.801769e+00
      vertex   5.889721e+00 1.860001e+01 -1.967454e+00
    endloop
  endfacet
  facet normal -0.000000e+00 -1.000000e+00 0.000000e+00
    outer loop
      vertex   9.326300e+00 1.860001e+01 -4.338926e+00
      vertex   5.889721e+00 1.860001e+01 -1.967454e+00
      vertex   9.015191e+00 1.860001e+01 -4.725270e+00
    endloop
  endfacet
  facet normal -0.000000e+00 -1.000000e+00 0.000000e+00
    outer loop
      vertex   9.015191e+00 1.860001e+01 -4.725270e+00
      vertex   5.889721e+00 1.860001e+01 -1.967454e+00
      vertex   8.197962e+00 1.860001e+01 -5.461107e+00
    endloop
  endfacet
  facet normal 0.000000e+00 -1.000000e+00 0.000000e+00
    outer loop
      vertex   9.015191e+00 1.860001e+01 -4.725270e+00
      vertex   8.197962e+00 1.860001e+01 -5.461107e+00
      vertex   8.676293e+00 1.860001e+01 -6.127106e+00
    endloop
  endfacet
  facet normal 0.000000e+00 -1.000000e+00 -0.000000e+00
    outer loop
      vertex   5.889721e+00 1.860001e+01 -1.967454e+00
      vertex   5.724036e+00 1.860001e+01 -2.094589e+00
      vertex   8.197962e+00 1.860001e+01 -5.461107e+00
    endloop
  endfacet
  facet normal -0.000000e+00 -1.000000e+00 0.000000e+00
    outer loop
      vertex   8.197962e+00 1.860001e+01 -5.461107e+00
      vertex   5.724036e+00 1.860001e+01 -2.094589e+00
      vertex   7.781215e+00 1.860001e+01 -5.730127e+00
    endloop
  endfacet
  facet normal -0.000000e+00 -1.000000e+00 0.000000e+00
    outer loop
      vertex   7.781215e+00 1.860001e+01 -5.730127e+00
      vertex   5.724036e+00 1.860001e+01 -2.094589e+00
      vertex   7.339863e+00 1.860001e+01 -5.956530e+00
    endloop
  endfacet
  facet normal 0.000000e+00 -1.000000e+00 0.000000e+00
    outer loop
      vertex   7.339863e+00 1.860001e+01 -5.956530e+00
      vertex   5.724036e+00 1.860001e+01 -2.094589e+00
      vertex   5.531091e+00 1.860001e+01 -2.174510e+00
    endloop
  endfacet
  facet normal -2.940040e-15 -1.000000e+00 -1.406090e-15
    outer loop
      vertex   7.339863e+00 1.860001e+01 -5.956530e+00
      vertex   5.531091e+00 1.860001e+01 -2.174510e+00
      vertex   6.293995e+00 1.860001e+01 -6.296353e+00
    endloop
  endfacet
  facet normal 7.175857e-15 -1.000000e+00 4.662424e-16
    outer loop
      vertex   6.293995e+00 1.860001e+01 -6.296353e+00
      vertex   5.531091e+00 1.860001e+01 -2.174510e+00
      vertex   5.803857e+00 1.860001e+01 -6.372609e+00
    endloop
  endfacet
  facet normal 0.000000e+00 -1.000000e+00 0.000000e+00
    outer loop
      vertex   5.803857e+00 1.860001e+01 -6.372609e+00
      vertex   5.531091e+00 1.860001e+01 -2.174510e+00
      vertex   5.324036e+00 1.860001e+01 -2.201769e+00
    endloop
  endfacet
  facet normal -0.000000e+00 -1.000000e+00 0.000000e+00
    outer loop
      vertex   5.803857e+00 1.860001e+01 -6.372609e+00
      vertex   5.324036e+00 1.860001e+01 -2.201769e+00
      vertex   5.308575e+00 1.860001e+01 -6.399925e+00
    endloop
  endfacet
  facet normal 0.000000e+00 -1.000000e+00 0.000000e+00
    outer loop
      vertex   5.308575e+00 1.860001e+01 -6.399925e+00
      vertex   5.324036e+00 1.860001e+01 -2.201769e+00
      vertex   4.214909e+00 1.860001e+01 -6.284976e+00
    endloop
  endfacet
  facet normal -0.000000e+00 -1.000000e+00 -0.000000e+00
    outer loop
      vertex   5.308575e+00 1.860001e+01 -6.399925e+00
      vertex   4.214909e+00 1.860001e+01 -6.284976e+00
      vertex   5.313062e+00 1.860001e+01 -7.219886e+00
    endloop
  endfacet
  facet normal 0.000000e+00 -1.000000e+00 0.000000e+00
    outer loop
      vertex   5.313062e+00 1.860001e+01 -7.219886e+00
      vertex   4.214909e+00 1.860001e+01 -6.284976e+00
      vertex   4.040041e+00 1.860001e+01 -7.086086e+00
    endloop
  endfacet
  facet normal -0.000000e+00 -1.000000e+00 0.000000e+00
    outer loop
      vertex   5.313062e+00 1.860001e+01 -7.219886e+00
      vertex   4.040041e+00 1.860001e+01 -7.086086e+00
      vertex   5.301801e+00 1.860001e+01 -7.307114e+00
    endloop
  endfacet
  facet normal 0.000000e+00 -1.000000e+00 0.000000e+00
    outer loop
      vertex   5.301801e+00 1.860001e+01 -7.307114e+00
      vertex   4.040041e+00 1.860001e+01 -7.086086e+00
      vertex   4.032920e+00 1.860001e+01 -7.173749e+00
    endloop
  endfacet
  facet normal -0.000000e+00 -1.000000e+00 0.000000e+00
    outer loop
      vertex   5.301801e+00 1.860001e+01 -7.307114e+00
      vertex   4.032920e+00 1.860001e+01 -7.173749e+00
      vertex   5.258195e+00 1.860001e+01 -7.480193e+00
    endloop
  endfacet
  facet normal 0.000000e+00 -1.000000e+00 0.000000e+00
    outer loop
      vertex   5.258195e+00 1.860001e+01 -7.480193e+00
      vertex   4.032920e+00 1.860001e+01 -7.173749e+00
      vertex   4.039588e+00 1.860001e+01 -7.352112e+00
    endloop
  endfacet
  facet normal -0.000000e+00 -1.000000e+00 0.000000e+00
    outer loop
      vertex   5.258195e+00 1.860001e+01 -7.480193e+00
      vertex   4.039588e+00 1.860001e+01 -7.352112e+00
      vertex   5.207752e+00 1.860001e+01 -7.621839e+00
    endloop
  endfacet
  facet normal 0.000000e+00 -1.000000e+00 0.000000e+00
    outer loop
      vertex   5.207752e+00 1.860001e+01 -7.621839e+00
      vertex   4.039588e+00 1.860001e+01 -7.352112e+00
      vertex   4.059479e+00 1.860001e+01 -7.501151e+00
    endloop
  endfacet
  facet normal -0.000000e+00 -1.000000e+00 0.000000e+00
    outer loop
      vertex   5.207752e+00 1.860001e+01 -7.621839e+00
      vertex   4.059479e+00 1.860001e+01 -7.501151e+00
      vertex   5.133852e+00 1.860001e+01 -7.788775e+00
    endloop
  endfacet
  facet normal 0.000000e+00 -1.000000e+00 0.000000e+00
    outer loop
      vertex   5.133852e+00 1.860001e+01 -7.788775e+00
      vertex   4.059479e+00 1.860001e+01 -7.501151e+00
      vertex   4.097056e+00 1.860001e+01 -7.679804e+00
    endloop
  endfacet
  facet normal -0.000000e+00 -1.000000e+00 0.000000e+00
    outer loop
      vertex   5.133852e+00 1.860001e+01 -7.788775e+00
      vertex   4.097056e+00 1.860001e+01 -7.679804e+00
      vertex   5.032107e+00 1.860001e+01 -7.978842e+00
    endloop
  endfacet
  facet normal 0.000000e+00 -1.000000e+00 0.000000e+00
    outer loop
      vertex   5.032107e+00 1.860001e+01 -7.978842e+00
      vertex   4.097056e+00 1.860001e+01 -7.679804e+00
      vertex   4.157061e+00 1.860001e+01 -7.886871e+00
    endloop
  endfacet
  facet normal -0.000000e+00 -1.000000e+00 0.000000e+00
    outer loop
      vertex   5.032107e+00 1.860001e+01 -7.978842e+00
      vertex   4.157061e+00 1.860001e+01 -7.886871e+00
      vertex   4.898127e+00 1.860001e+01 -8.189878e+00
    endloop
  endfacet
  facet normal 0.000000e+00 -1.000000e+00 0.000000e+00
    outer loop
      vertex   4.898127e+00 1.860001e+01 -8.189878e+00
      vertex   4.157061e+00 1.860001e+01 -7.886871e+00
      vertex   4.244236e+00 1.860001e+01 -8.121152e+00
    endloop
  endfacet
  facet normal -0.000000e+00 -1.000000e+00 0.000000e+00
    outer loop
      vertex   5.324036e+00 1.860001e+01 -2.201769e+00
      vertex   5.116980e+00 1.860001e+01 -2.174510e+00
      vertex   4.214909e+00 1.860001e+01 -6.284976e+00
    endloop
  endfacet
  facet normal 0.000000e+00 -1.000000e+00 0.000000e+00
    outer loop
      vertex   4.214909e+00 1.860001e+01 -6.284976e+00
      vertex   5.116980e+00 1.860001e+01 -2.174510e+00
      vertex   3.736130e+00 1.860001e+01 -6.155283e+00
    endloop
  endfacet
  facet normal 0.000000e+00 -1.000000e+00 0.000000e+00
    outer loop
      vertex   3.736130e+00 1.860001e+01 -6.155283e+00
      vertex   5.116980e+00 1.860001e+01 -2.174510e+00
      vertex   3.272557e+00 1.860001e+01 -5.978787e+00
    endloop
  endfacet
  facet normal 0.000000e+00 -1.000000e+00 0.000000e+00
    outer loop
      vertex   3.272557e+00 1.860001e+01 -5.978787e+00
      vertex   5.116980e+00 1.860001e+01 -2.174510e+00
      vertex   4.924036e+00 1.860001e+01 -2.094589e+00
    endloop
  endfacet
  facet normal 0.000000e+00 -1.000000e+00 0.000000e+00
    outer loop
      vertex   3.272557e+00 1.860001e+01 -5.978787e+00
      vertex   4.924036e+00 1.860001e+01 -2.094589e+00
      vertex   2.320197e+00 1.860001e+01 -5.428942e+00
    endloop
  endfacet
  facet normal 0.000000e+00 -1.000000e+00 0.000000e+00
    outer loop
      vertex   2.320197e+00 1.860001e+01 -5.428942e+00
      vertex   4.924036e+00 1.860001e+01 -2.094589e+00
      vertex   4.758350e+00 1.860001e+01 -1.967454e+00
    endloop
  endfacet
  facet normal 0.000000e+00 -1.000000e+00 0.000000e+00
    outer loop
      vertex   2.320197e+00 1.860001e+01 -5.428942e+00
      vertex   4.758350e+00 1.860001e+01 -1.967454e+00
      vertex   1.935562e+00 1.860001e+01 -5.115724e+00
    endloop
  endfacet
  facet normal 0.000000e+00 -1.000000e+00 0.000000e+00
    outer loop
      vertex   1.935562e+00 1.860001e+01 -5.115724e+00
      vertex   4.758350e+00 1.860001e+01 -1.967454e+00
      vertex   1.583854e+00 1.860001e+01 -4.765936e+00
    endloop
  endfacet
  facet normal 0.000000e+00 -1.000000e+00 0.000000e+00
    outer loop
      vertex   1.583854e+00 1.860001e+01 -4.765936e+00
      vertex   4.758350e+00 1.860001e+01 -1.967454e+00
      vertex   4.631215e+00 1.860001e+01 -1.801769e+00
    endloop
  endfacet
  facet normal 0.000000e+00 -1.000000e+00 0.000000e+00
    outer loop
      vertex   1.583854e+00 1.860001e+01 -4.765936e+00
      vertex   4.631215e+00 1.860001e+01 -1.801769e+00
      vertex   9.374723e-01 1.860001e+01 -3.876268e+00
    endloop
  endfacet
  facet normal 0.000000e+00 -1.000000e+00 0.000000e+00
    outer loop
      vertex   9.374723e-01 1.860001e+01 -3.876268e+00
      vertex   4.631215e+00 1.860001e+01 -1.801769e+00
      vertex   7.134875e-01 1.860001e+01 -3.433683e+00
    endloop
  endfacet
  facet normal 0.000000e+00 -1.000000e+00 0.000000e+00
    outer loop
      vertex   7.134875e-01 1.860001e+01 -3.433683e+00
      vertex   4.631215e+00 1.860001e+01 -1.801769e+00
      vertex   4.551295e+00 1.860001e+01 -1.608824e+00
    endloop
  endfacet
  facet normal 0.000000e+00 -1.000000e+00 0.000000e+00
    outer loop
      vertex   7.134875e-01 1.860001e+01 -3.433683e+00
      vertex   4.551295e+00 1.860001e+01 -1.608824e+00
      vertex   5.344582e-01 1.860001e+01 -2.971083e+00
    endloop
  endfacet
  facet normal 0.000000e+00 -1.000000e+00 0.000000e+00
    outer loop
      vertex   5.344582e-01 1.860001e+01 -2.971083e+00
      vertex   4.551295e+00 1.860001e+01 -1.608824e+00
      vertex   3.058198e-01 1.860001e+01 -1.895424e+00
    endloop
  endfacet
  facet normal -0.000000e+00 -1.000000e+00 0.000000e+00
    outer loop
      vertex   5.344582e-01 1.860001e+01 -2.971083e+00
      vertex   3.058198e-01 1.860001e+01 -1.895424e+00
      vertex   -2.439840e-01 1.860001e+01 -3.228732e+00
    endloop
  endfacet
  facet normal 0.000000e+00 -1.000000e+00 0.000000e+00
    outer loop
      vertex   -2.439840e-01 1.860001e+01 -3.228732e+00
      vertex   3.058198e-01 1.860001e+01 -1.895424e+00
      vertex   -5.101179e-01 1.860001e+01 -1.976671e+00
    endloop
  endfacet
  facet normal -0.000000e+00 -1.000000e+00 0.000000e+00
    outer loop
      vertex   -2.439840e-01 1.860001e+01 -3.228732e+00
      vertex   -5.101179e-01 1.860001e+01 -1.976671e+00
      vertex   -3.304231e-01 1.860001e+01 -3.244978e+00
    endloop
  endfacet
  facet normal 0.000000e+00 -1.000000e+00 0.000000e+00
    outer loop
      vertex   -3.304231e-01 1.860001e+01 -3.244978e+00
      vertex   -5.101179e-01 1.860001e+01 -1.976671e+00
      vertex   -5.956915e-01 1.860001e+01 -1.996988e+00
    endloop
  endfacet
  facet normal -0.000000e+00 -1.000000e+00 0.000000e+00
    outer loop
      vertex   -3.304231e-01 1.860001e+01 -3.244978e+00
      vertex   -5.956915e-01 1.860001e+01 -1.996988e+00
      vertex   -5.085061e-01 1.860001e+01 -3.256990e+00
    endloop
  endfacet
  facet normal 0.000000e+00 -1.000000e+00 0.000000e+00
    outer loop
      vertex   -5.085061e-01 1.860001e+01 -3.256990e+00
      vertex   -5.956915e-01 1.860001e+01 -1.996988e+00
      vertex   -7.632644e-01 1.860001e+01 -2.058447e+00
    endloop
  endfacet
  facet normal 0.000000e+00 -1.000000e+00 0.000000e+00
    outer loop
      vertex   -5.085061e-01 1.860001e+01 -3.256990e+00
      vertex   -7.632644e-01 1.860001e+01 -2.058447e+00
      vertex   -6.588073e-01 1.860001e+01 -3.252786e+00
    endloop
  endfacet
  facet normal 0.000000e+00 -1.000000e+00 0.000000e+00
    outer loop
      vertex   -6.588073e-01 1.860001e+01 -3.252786e+00
      vertex   -7.632644e-01 1.860001e+01 -2.058447e+00
      vertex   -8.988615e-01 1.860001e+01 -2.123420e+00
    endloop
  endfacet
  facet normal 0.000000e+00 -1.000000e+00 0.000000e+00
    outer loop
      vertex   -6.588073e-01 1.860001e+01 -3.252786e+00
      vertex   -8.988615e-01 1.860001e+01 -2.123420e+00
      vertex   -8.404093e-01 1.860001e+01 -3.234090e+00
    endloop
  endfacet
  facet normal 0.000000e+00 -1.000000e+00 0.000000e+00
    outer loop
      vertex   -8.404093e-01 1.860001e+01 -3.234090e+00
      vertex   -8.988615e-01 1.860001e+01 -2.123420e+00
      vertex   -1.057159e+00 1.860001e+01 -2.214364e+00
    endloop
  endfacet
  facet normal 0.000000e+00 -1.000000e+00 0.000000e+00
    outer loop
      vertex   -8.404093e-01 1.860001e+01 -3.234090e+00
      vertex   -1.057159e+00 1.860001e+01 -2.214364e+00
      vertex   -1.052614e+00 1.860001e+01 -3.196058e+00
    endloop
  endfacet
  facet normal 0.000000e+00 -1.000000e+00 0.000000e+00
    outer loop
      vertex   -1.052614e+00 1.860001e+01 -3.196058e+00
      vertex   -1.057159e+00 1.860001e+01 -2.214364e+00
      vertex   -1.235549e+00 1.860001e+01 -2.335419e+00
    endloop
  endfacet
  facet normal 0.000000e+00 -1.000000e+00 0.000000e+00
    outer loop
      vertex   -1.052614e+00 1.860001e+01 -3.196058e+00
      vertex   -1.235549e+00 1.860001e+01 -2.335419e+00
      vertex   -1.294724e+00 1.860001e+01 -3.133849e+00
    endloop
  endfacet
  facet normal 0.000000e+00 -1.000000e+00 0.000000e+00
    outer loop
      vertex   -1.294724e+00 1.860001e+01 -3.133849e+00
      vertex   -1.235549e+00 1.860001e+01 -2.335419e+00
      vertex   -1.431424e+00 1.860001e+01 -2.490725e+00
    endloop
  endfacet
  facet normal -0.000000e+00 -1.000000e+00 0.000000e+00
    outer loop
      vertex   4.551295e+00 1.860001e+01 -1.608824e+00
      vertex   4.524036e+00 1.860001e+01 -1.401769e+00
      vertex   3.058198e-01 1.860001e+01 -1.895424e+00
    endloop
  endfacet
  facet normal 0.000000e+00 -1.000000e+00 0.000000e+00
    outer loop
      vertex   8.197962e+00 1.860001e+01 2.661107e+00
      vertex   9.015191e+00 1.860001e+01 1.925270e+00
      vertex   8.676293e+00 1.860001e+01 3.327106e+00
    endloop
  endfacet
  facet normal 0.000000e+00 -1.000000e+00 0.000000e+00
    outer loop
      vertex   8.676293e+00 1.860001e+01 3.327106e+00
      vertex   9.015191e+00 1.860001e+01 1.925270e+00
      vertex   9.627543e+00 1.860001e+01 2.470596e+00
    endloop
  endfacet
  facet normal 0.000000e+00 -1.000000e+00 0.000000e+00
    outer loop
      vertex   8.676293e+00 1.860001e+01 3.327106e+00
      vertex   9.627543e+00 1.860001e+01 2.470596e+00
      vertex   8.736674e+00 1.860001e+01 3.391056e+00
    endloop
  endfacet
  facet normal 0.000000e+00 -1.000000e+00 0.000000e+00
    outer loop
      vertex   8.736674e+00 1.860001e+01 3.391056e+00
      vertex   9.627543e+00 1.860001e+01 2.470596e+00
      vertex   9.684831e+00 1.860001e+01 2.537332e+00
    endloop
  endfacet
  facet normal 0.000000e+00 -1.000000e+00 0.000000e+00
    outer loop
      vertex   8.736674e+00 1.860001e+01 3.391056e+00
      vertex   9.684831e+00 1.860001e+01 2.537332e+00
      vertex   8.873686e+00 1.860001e+01 3.505449e+00
    endloop
  endfacet
  facet normal 0.000000e+00 -1.000000e+00 0.000000e+00
    outer loop
      vertex   8.873686e+00 1.860001e+01 3.505449e+00
      vertex   9.684831e+00 1.860001e+01 2.537332e+00
      vertex   9.784276e+00 1.860001e+01 2.685550e+00
    endloop
  endfacet
  facet normal 0.000000e+00 -1.000000e+00 0.000000e+00
    outer loop
      vertex   8.873686e+00 1.860001e+01 3.505449e+00
      vertex   9.784276e+00 1.860001e+01 2.685550e+00
      vertex   8.997753e+00 1.860001e+01 3.590393e+00
    endloop
  endfacet
  facet normal 0.000000e+00 -1.000000e+00 0.000000e+00
    outer loop
      vertex   8.997753e+00 1.860001e+01 3.590393e+00
      vertex   9.784276e+00 1.860001e+01 2.685550e+00
      vertex   9.855786e+00 1.860001e+01 2.817817e+00
    endloop
  endfacet
  facet normal 0.000000e+00 -1.000000e+00 0.000000e+00
    outer loop
      vertex   8.997753e+00 1.860001e+01 3.590393e+00
      vertex   9.855786e+00 1.860001e+01 2.817817e+00
      vertex   9.155662e+00 1.860001e+01 3.682010e+00
    endloop
  endfacet
  facet normal 0.000000e+00 -1.000000e+00 0.000000e+00
    outer loop
      vertex   9.155662e+00 1.860001e+01 3.682010e+00
      vertex   9.855786e+00 1.860001e+01 2.817817e+00
      vertex   9.930395e+00 1.860001e+01 2.984437e+00
    endloop
  endfacet
  facet normal 0.000000e+00 -1.000000e+00 0.000000e+00
    outer loop
      vertex   9.155662e+00 1.860001e+01 3.682010e+00
      vertex   9.930395e+00 1.860001e+01 2.984437e+00
      vertex   9.349693e+00 1.860001e+01 3.775973e+00
    endloop
  endfacet
  facet normal 0.000000e+00 -1.000000e+00 0.000000e+00
    outer loop
      vertex   9.349693e+00 1.860001e+01 3.775973e+00
      vertex   9.930395e+00 1.860001e+01 2.984437e+00
      vertex   1.000356e+01 1.860001e+01 3.187228e+00
    endloop
  endfacet
  facet normal 0.000000e+00 -1.000000e+00 0.000000e+00
    outer loop
      vertex   9.349693e+00 1.860001e+01 3.775973e+00
      vertex   1.000356e+01 1.860001e+01 3.187228e+00
      vertex   9.582130e+00 1.860001e+01 3.867953e+00
    endloop
  endfacet
  facet normal 0.000000e+00 -1.000000e+00 0.000000e+00
    outer loop
      vertex   9.582130e+00 1.860001e+01 3.867953e+00
      vertex   1.000356e+01 1.860001e+01 3.187228e+00
      vertex   1.007074e+01 1.860001e+01 3.428005e+00
    endloop
  endfacet
  facet normal -0.000000e+00 -1.000000e+00 0.000000e+00
    outer loop
      vertex   5.308575e+00 1.860001e+01 3.599925e+00
      vertex   5.313062e+00 1.860001e+01 4.419886e+00
      vertex   4.214909e+00 1.860001e+01 3.484976e+00
    endloop
  endfacet
  facet normal 0.000000e+00 -1.000000e+00 0.000000e+00
    outer loop
      vertex   4.214909e+00 1.860001e+01 3.484976e+00
      vertex   5.313062e+00 1.860001e+01 4.419886e+00
      vertex   4.040041e+00 1.860001e+01 4.286086e+00
    endloop
  endfacet
  facet normal 0.000000e+00 -1.000000e+00 0.000000e+00
    outer loop
      vertex   4.040041e+00 1.860001e+01 4.286086e+00
      vertex   5.313062e+00 1.860001e+01 4.419886e+00
      vertex   5.301801e+00 1.860001e+01 4.507114e+00
    endloop
  endfacet
  facet normal 0.000000e+00 -1.000000e+00 0.000000e+00
    outer loop
      vertex   4.040041e+00 1.860001e+01 4.286086e+00
      vertex   5.301801e+00 1.860001e+01 4.507114e+00
      vertex   4.032920e+00 1.860001e+01 4.373749e+00
    endloop
  endfacet
  facet normal 0.000000e+00 -1.000000e+00 0.000000e+00
    outer loop
      vertex   4.032920e+00 1.860001e+01 4.373749e+00
      vertex   5.301801e+00 1.860001e+01 4.507114e+00
      vertex   5.258195e+00 1.860001e+01 4.680193e+00
    endloop
  endfacet
  facet normal 0.000000e+00 -1.000000e+00 0.000000e+00
    outer loop
      vertex   4.032920e+00 1.860001e+01 4.373749e+00
      vertex   5.258195e+00 1.860001e+01 4.680193e+00
      vertex   4.039588e+00 1.860001e+01 4.552112e+00
    endloop
  endfacet
  facet normal 0.000000e+00 -1.000000e+00 0.000000e+00
    outer loop
      vertex   4.039588e+00 1.860001e+01 4.552112e+00
      vertex   5.258195e+00 1.860001e+01 4.680193e+00
      vertex   5.207752e+00 1.860001e+01 4.821839e+00
    endloop
  endfacet
  facet normal 0.000000e+00 -1.000000e+00 0.000000e+00
    outer loop
      vertex   4.039588e+00 1.860001e+01 4.552112e+00
      vertex   5.207752e+00 1.860001e+01 4.821839e+00
      vertex   4.059479e+00 1.860001e+01 4.701151e+00
    endloop
  endfacet
  facet normal 0.000000e+00 -1.000000e+00 0.000000e+00
    outer loop
      vertex   4.059479e+00 1.860001e+01 4.701151e+00
      vertex   5.207752e+00 1.860001e+01 4.821839e+00
      vertex   5.133852e+00 1.860001e+01 4.988775e+00
    endloop
  endfacet
  facet normal 0.000000e+00 -1.000000e+00 0.000000e+00
    outer loop
      vertex   4.059479e+00 1.860001e+01 4.701151e+00
      vertex   5.133852e+00 1.860001e+01 4.988775e+00
      vertex   4.097056e+00 1.860001e+01 4.879804e+00
    endloop
  endfacet
  facet normal 0.000000e+00 -1.000000e+00 0.000000e+00
    outer loop
      vertex   4.097056e+00 1.860001e+01 4.879804e+00
      vertex   5.133852e+00 1.860001e+01 4.988775e+00
      vertex   5.032107e+00 1.860001e+01 5.178842e+00
    endloop
  endfacet
  facet normal 0.000000e+00 -1.000000e+00 0.000000e+00
    outer loop
      vertex   4.097056e+00 1.860001e+01 4.879804e+00
      vertex   5.032107e+00 1.860001e+01 5.178842e+00
      vertex   4.157061e+00 1.860001e+01 5.086871e+00
    endloop
  endfacet
  facet normal 0.000000e+00 -1.000000e+00 0.000000e+00
    outer loop
      vertex   4.157061e+00 1.860001e+01 5.086871e+00
      vertex   5.032107e+00 1.860001e+01 5.178842e+00
      vertex   4.898127e+00 1.860001e+01 5.389878e+00
    endloop
  endfacet
  facet normal 0.000000e+00 -1.000000e+00 0.000000e+00
    outer loop
      vertex   4.157061e+00 1.860001e+01 5.086871e+00
      vertex   4.898127e+00 1.860001e+01 5.389878e+00
      vertex   4.244236e+00 1.860001e+01 5.321152e+00
    endloop
  endfacet
  facet normal -0.000000e+00 -1.000000e+00 0.000000e+00
    outer loop
      vertex   3.272557e+00 1.860001e+01 3.178787e+00
      vertex   2.943148e+00 1.860001e+01 3.929684e+00
      vertex   2.320197e+00 1.860001e+01 2.628942e+00
    endloop
  endfacet
  facet normal 0.000000e+00 -1.000000e+00 0.000000e+00
    outer loop
      vertex   2.320197e+00 1.860001e+01 2.628942e+00
      vertex   2.943148e+00 1.860001e+01 3.929684e+00
      vertex   1.834607e+00 1.860001e+01 3.289667e+00
    endloop
  endfacet
  facet normal 0.000000e+00 -1.000000e+00 0.000000e+00
    outer loop
      vertex   1.834607e+00 1.860001e+01 3.289667e+00
      vertex   2.943148e+00 1.860001e+01 3.929684e+00
      vertex   2.897382e+00 1.860001e+01 4.004791e+00
    endloop
  endfacet
  facet normal 0.000000e+00 -1.000000e+00 0.000000e+00
    outer loop
      vertex   1.834607e+00 1.860001e+01 3.289667e+00
      vertex   2.897382e+00 1.860001e+01 4.004791e+00
      vertex   1.792445e+00 1.860001e+01 3.366855e+00
    endloop
  endfacet
  facet normal 0.000000e+00 -1.000000e+00 0.000000e+00
    outer loop
      vertex   1.792445e+00 1.860001e+01 3.366855e+00
      vertex   2.897382e+00 1.860001e+01 4.004791e+00
      vertex   2.787148e+00 1.860001e+01 4.145170e+00
    endloop
  endfacet
  facet normal 0.000000e+00 -1.000000e+00 0.000000e+00
    outer loop
      vertex   1.792445e+00 1.860001e+01 3.366855e+00
      vertex   2.787148e+00 1.860001e+01 4.145170e+00
      vertex   1.725990e+00 1.860001e+01 3.532510e+00
    endloop
  endfacet
  facet normal 0.000000e+00 -1.000000e+00 0.000000e+00
    outer loop
      vertex   1.725990e+00 1.860001e+01 3.532510e+00
      vertex   2.787148e+00 1.860001e+01 4.145170e+00
      vertex   2.683453e+00 1.860001e+01 4.254053e+00
    endloop
  endfacet
  facet normal 0.000000e+00 -1.000000e+00 0.000000e+00
    outer loop
      vertex   1.725990e+00 1.860001e+01 3.532510e+00
      vertex   2.683453e+00 1.860001e+01 4.254053e+00
      vertex   1.683542e+00 1.860001e+01 3.676754e+00
    endloop
  endfacet
  facet normal 0.000000e+00 -1.000000e+00 0.000000e+00
    outer loop
      vertex   1.683542e+00 1.860001e+01 3.676754e+00
      vertex   2.683453e+00 1.860001e+01 4.254053e+00
      vertex   2.548043e+00 1.860001e+01 4.376499e+00
    endloop
  endfacet
  facet normal 0.000000e+00 -1.000000e+00 0.000000e+00
    outer loop
      vertex   1.683542e+00 1.860001e+01 3.676754e+00
      vertex   2.548043e+00 1.860001e+01 4.376499e+00
      vertex   1.645206e+00 1.860001e+01 3.855246e+00
    endloop
  endfacet
  facet normal 0.000000e+00 -1.000000e+00 0.000000e+00
    outer loop
      vertex   1.645206e+00 1.860001e+01 3.855246e+00
      vertex   2.548043e+00 1.860001e+01 4.376499e+00
      vertex   2.377787e+00 1.860001e+01 4.508750e+00
    endloop
  endfacet
  facet normal 0.000000e+00 -1.000000e+00 0.000000e+00
    outer loop
      vertex   1.645206e+00 1.860001e+01 3.855246e+00
      vertex   2.377787e+00 1.860001e+01 4.508750e+00
      vertex   1.615801e+00 1.860001e+01 4.068817e+00
    endloop
  endfacet
  facet normal 0.000000e+00 -1.000000e+00 0.000000e+00
    outer loop
      vertex   1.615801e+00 1.860001e+01 4.068817e+00
      vertex   2.377787e+00 1.860001e+01 4.508750e+00
      vertex   2.169554e+00 1.860001e+01 4.647047e+00
    endloop
  endfacet
  facet normal 0.000000e+00 -1.000000e+00 0.000000e+00
    outer loop
      vertex   1.615801e+00 1.860001e+01 4.068817e+00
      vertex   2.169554e+00 1.860001e+01 4.647047e+00
      vertex   1.600149e+00 1.860001e+01 4.318300e+00
    endloop
  endfacet
  facet normal -0.000000e+00 -1.000000e+00 0.000000e+00
    outer loop
      vertex   1.583854e+00 1.860001e+01 1.965936e+00
      vertex   9.775070e-01 1.860001e+01 2.517931e+00
      vertex   9.374723e-01 1.860001e+01 1.076268e+00
    endloop
  endfacet
  facet normal 0.000000e+00 -1.000000e+00 0.000000e+00
    outer loop
      vertex   9.374723e-01 1.860001e+01 1.076268e+00
      vertex   9.775070e-01 1.860001e+01 2.517931e+00
      vertex   2.251222e-01 1.860001e+01 1.482362e+00
    endloop
  endfacet
  facet normal 0.000000e+00 -1.000000e+00 0.000000e+00
    outer loop
      vertex   2.251222e-01 1.860001e+01 1.482362e+00
      vertex   9.775070e-01 1.860001e+01 2.517931e+00
      vertex   9.051485e-01 1.860001e+01 2.567930e+00
    endloop
  endfacet
  facet normal 0.000000e+00 -1.000000e+00 0.000000e+00
    outer loop
      vertex   2.251222e-01 1.860001e+01 1.482362e+00
      vertex   9.051485e-01 1.860001e+01 2.567930e+00
      vertex   1.552105e-01 1.860001e+01 1.535729e+00
    endloop
  endfacet
  facet normal 0.000000e+00 -1.000000e+00 0.000000e+00
    outer loop
      vertex   1.552105e-01 1.860001e+01 1.535729e+00
      vertex   9.051485e-01 1.860001e+01 2.567930e+00
      vertex   7.473476e-01 1.860001e+01 2.651337e+00
    endloop
  endfacet
  facet normal 0.000000e+00 -1.000000e+00 0.000000e+00
    outer loop
      vertex   1.552105e-01 1.860001e+01 1.535729e+00
      vertex   7.473476e-01 1.860001e+01 2.651337e+00
      vertex   2.712266e-02 1.860001e+01 1.660032e+00
    endloop
  endfacet
  facet normal 0.000000e+00 -1.000000e+00 0.000000e+00
    outer loop
      vertex   2.712266e-02 1.860001e+01 1.660032e+00
      vertex   7.473476e-01 1.860001e+01 2.651337e+00
      vertex   6.083307e-01 1.860001e+01 2.708629e+00
    endloop
  endfacet
  facet normal 0.000000e+00 -1.000000e+00 0.000000e+00
    outer loop
      vertex   2.712266e-02 1.860001e+01 1.660032e+00
      vertex   6.083307e-01 1.860001e+01 2.708629e+00
      vertex   -7.032443e-02 1.860001e+01 1.774541e+00
    endloop
  endfacet
  facet normal 0.000000e+00 -1.000000e+00 0.000000e+00
    outer loop
      vertex   -7.032443e-02 1.860001e+01 1.774541e+00
      vertex   6.083307e-01 1.860001e+01 2.708629e+00
      vertex   4.348245e-01 1.860001e+01 2.765413e+00
    endloop
  endfacet
  facet normal 0.000000e+00 -1.000000e+00 0.000000e+00
    outer loop
      vertex   -7.032443e-02 1.860001e+01 1.774541e+00
      vertex   4.348245e-01 1.860001e+01 2.765413e+00
      vertex   -1.779456e-01 1.860001e+01 1.922008e+00
    endloop
  endfacet
  facet normal 0.000000e+00 -1.000000e+00 0.000000e+00
    outer loop
      vertex   -1.779456e-01 1.860001e+01 1.922008e+00
      vertex   4.348245e-01 1.860001e+01 2.765413e+00
      vertex   2.254968e-01 1.860001e+01 2.816981e+00
    endloop
  endfacet
  facet normal 0.000000e+00 -1.000000e+00 0.000000e+00
    outer loop
      vertex   -1.779456e-01 1.860001e+01 1.922008e+00
      vertex   2.254968e-01 1.860001e+01 2.816981e+00
      vertex   -2.916754e-01 1.860001e+01 2.105155e+00
    endloop
  endfacet
  facet normal 0.000000e+00 -1.000000e+00 0.000000e+00
    outer loop
      vertex   -2.916754e-01 1.860001e+01 2.105155e+00
      vertex   2.254968e-01 1.860001e+01 2.816981e+00
      vertex   -2.098414e-02 1.860001e+01 2.858625e+00
    endloop
  endfacet
  facet normal 0.000000e+00 -1.000000e+00 0.000000e+00
    outer loop
      vertex   -2.916754e-01 1.860001e+01 2.105155e+00
      vertex   -2.098414e-02 1.860001e+01 2.858625e+00
      vertex   -4.074483e-01 1.860001e+01 2.326703e+00
    endloop
  endfacet
  facet normal -0.000000e+00 -1.000000e+00 0.000000e+00
    outer loop
      vertex   1.583854e+00 1.860001e+01 -4.765936e+00
      vertex   9.374723e-01 1.860001e+01 -3.876268e+00
      vertex   9.775070e-01 1.860001e+01 -5.317931e+00
    endloop
  endfacet
  facet normal 0.000000e+00 -1.000000e+00 0.000000e+00
    outer loop
      vertex   9.775070e-01 1.860001e+01 -5.317931e+00
      vertex   9.374723e-01 1.860001e+01 -3.876268e+00
      vertex   2.251222e-01 1.860001e+01 -4.282362e+00
    endloop
  endfacet
  facet normal -0.000000e+00 -1.000000e+00 0.000000e+00
    outer loop
      vertex   9.775070e-01 1.860001e+01 -5.317931e+00
      vertex   2.251222e-01 1.860001e+01 -4.282362e+00
      vertex   9.051485e-01 1.860001e+01 -5.367930e+00
    endloop
  endfacet
  facet normal 0.000000e+00 -1.000000e+00 0.000000e+00
    outer loop
      vertex   9.051485e-01 1.860001e+01 -5.367930e+00
      vertex   2.251222e-01 1.860001e+01 -4.282362e+00
      vertex   1.552105e-01 1.860001e+01 -4.335729e+00
    endloop
  endfacet
  facet normal -0.000000e+00 -1.000000e+00 0.000000e+00
    outer loop
      vertex   9.051485e-01 1.860001e+01 -5.367930e+00
      vertex   1.552105e-01 1.860001e+01 -4.335729e+00
      vertex   7.473476e-01 1.860001e+01 -5.451337e+00
    endloop
  endfacet
  facet normal 0.000000e+00 -1.000000e+00 0.000000e+00
    outer loop
      vertex   7.473476e-01 1.860001e+01 -5.451337e+00
      vertex   1.552105e-01 1.860001e+01 -4.335729e+00
      vertex   2.712266e-02 1.860001e+01 -4.460032e+00
    endloop
  endfacet
  facet normal -0.000000e+00 -1.000000e+00 0.000000e+00
    outer loop
      vertex   7.473476e-01 1.860001e+01 -5.451337e+00
      vertex   2.712266e-02 1.860001e+01 -4.460032e+00
      vertex   6.083307e-01 1.860001e+01 -5.508629e+00
    endloop
  endfacet
  facet normal 0.000000e+00 -1.000000e+00 0.000000e+00
    outer loop
      vertex   6.083307e-01 1.860001e+01 -5.508629e+00
      vertex   2.712266e-02 1.860001e+01 -4.460032e+00
      vertex   -7.032443e-02 1.860001e+01 -4.574541e+00
    endloop
  endfacet
  facet normal -0.000000e+00 -1.000000e+00 0.000000e+00
    outer loop
      vertex   6.083307e-01 1.860001e+01 -5.508629e+00
      vertex   -7.032443e-02 1.860001e+01 -4.574541e+00
      vertex   4.348245e-01 1.860001e+01 -5.565413e+00
    endloop
  endfacet
  facet normal 0.000000e+00 -1.000000e+00 0.000000e+00
    outer loop
      vertex   4.348245e-01 1.860001e+01 -5.565413e+00
      vertex   -7.032443e-02 1.860001e+01 -4.574541e+00
      vertex   -1.779456e-01 1.860001e+01 -4.722008e+00
    endloop
  endfacet
  facet normal -0.000000e+00 -1.000000e+00 0.000000e+00
    outer loop
      vertex   4.348245e-01 1.860001e+01 -5.565413e+00
      vertex   -1.779456e-01 1.860001e+01 -4.722008e+00
      vertex   2.254968e-01 1.860001e+01 -5.616981e+00
    endloop
  endfacet
  facet normal 0.000000e+00 -1.000000e+00 0.000000e+00
    outer loop
      vertex   2.254968e-01 1.860001e+01 -5.616981e+00
      vertex   -1.779456e-01 1.860001e+01 -4.722008e+00
      vertex   -2.916754e-01 1.860001e+01 -4.905155e+00
    endloop
  endfacet
  facet normal -0.000000e+00 -1.000000e+00 0.000000e+00
    outer loop
      vertex   2.254968e-01 1.860001e+01 -5.616981e+00
      vertex   -2.916754e-01 1.860001e+01 -4.905155e+00
      vertex   -2.098414e-02 1.860001e+01 -5.658625e+00
    endloop
  endfacet
  facet normal 0.000000e+00 -1.000000e+00 0.000000e+00
    outer loop
      vertex   -2.098414e-02 1.860001e+01 -5.658625e+00
      vertex   -2.916754e-01 1.860001e+01 -4.905155e+00
      vertex   -4.074483e-01 1.860001e+01 -5.126703e+00
    endloop
  endfacet
  facet normal -0.000000e+00 -1.000000e+00 0.000000e+00
    outer loop
      vertex   3.272557e+00 1.860001e+01 -5.978787e+00
      vertex   2.320197e+00 1.860001e+01 -5.428942e+00
      vertex   2.943148e+00 1.860001e+01 -6.729684e+00
    endloop
  endfacet
  facet normal 0.000000e+00 -1.000000e+00 0.000000e+00
    outer loop
      vertex   2.943148e+00 1.860001e+01 -6.729684e+00
      vertex   2.320197e+00 1.860001e+01 -5.428942e+00
      vertex   1.834607e+00 1.860001e+01 -6.089667e+00
    endloop
  endfacet
  facet normal -0.000000e+00 -1.000000e+00 0.000000e+00
    outer loop
      vertex   2.943148e+00 1.860001e+01 -6.729684e+00
      vertex   1.834607e+00 1.860001e+01 -6.089667e+00
      vertex   2.897382e+00 1.860001e+01 -6.804791e+00
    endloop
  endfacet
  facet normal 0.000000e+00 -1.000000e+00 0.000000e+00
    outer loop
      vertex   2.897382e+00 1.860001e+01 -6.804791e+00
      vertex   1.834607e+00 1.860001e+01 -6.089667e+00
      vertex   1.792445e+00 1.860001e+01 -6.166855e+00
    endloop
  endfacet
  facet normal -0.000000e+00 -1.000000e+00 0.000000e+00
    outer loop
      vertex   2.897382e+00 1.860001e+01 -6.804791e+00
      vertex   1.792445e+00 1.860001e+01 -6.166855e+00
      vertex   2.787148e+00 1.860001e+01 -6.945170e+00
    endloop
  endfacet
  facet normal 0.000000e+00 -1.000000e+00 0.000000e+00
    outer loop
      vertex   2.787148e+00 1.860001e+01 -6.945170e+00
      vertex   1.792445e+00 1.860001e+01 -6.166855e+00
      vertex   1.725990e+00 1.860001e+01 -6.332510e+00
    endloop
  endfacet
  facet normal -0.000000e+00 -1.000000e+00 0.000000e+00
    outer loop
      vertex   2.787148e+00 1.860001e+01 -6.945170e+00
      vertex   1.725990e+00 1.860001e+01 -6.332510e+00
      vertex   2.683453e+00 1.860001e+01 -7.054053e+00
    endloop
  endfacet
  facet normal 0.000000e+00 -1.000000e+00 0.000000e+00
    outer loop
      vertex   2.683453e+00 1.860001e+01 -7.054053e+00
      vertex   1.725990e+00 1.860001e+01 -6.332510e+00
      vertex   1.683542e+00 1.860001e+01 -6.476754e+00
    endloop
  endfacet
  facet normal -0.000000e+00 -1.000000e+00 0.000000e+00
    outer loop
      vertex   2.683453e+00 1.860001e+01 -7.054053e+00
      vertex   1.683542e+00 1.860001e+01 -6.476754e+00
      vertex   2.548043e+00 1.860001e+01 -7.176499e+00
    endloop
  endfacet
  facet normal 0.000000e+00 -1.000000e+00 0.000000e+00
    outer loop
      vertex   2.548043e+00 1.860001e+01 -7.176499e+00
      vertex   1.683542e+00 1.860001e+01 -6.476754e+00
      vertex   1.645206e+00 1.860001e+01 -6.655246e+00
    endloop
  endfacet
  facet normal -0.000000e+00 -1.000000e+00 0.000000e+00
    outer loop
      vertex   2.548043e+00 1.860001e+01 -7.176499e+00
      vertex   1.645206e+00 1.860001e+01 -6.655246e+00
      vertex   2.377787e+00 1.860001e+01 -7.308750e+00
    endloop
  endfacet
  facet normal 0.000000e+00 -1.000000e+00 0.000000e+00
    outer loop
      vertex   2.377787e+00 1.860001e+01 -7.308750e+00
      vertex   1.645206e+00 1.860001e+01 -6.655246e+00
      vertex   1.615801e+00 1.860001e+01 -6.868817e+00
    endloop
  endfacet
  facet normal -0.000000e+00 -1.000000e+00 0.000000e+00
    outer loop
      vertex   2.377787e+00 1.860001e+01 -7.308750e+00
      vertex   1.615801e+00 1.860001e+01 -6.868817e+00
      vertex   2.169554e+00 1.860001e+01 -7.447047e+00
    endloop
  endfacet
  facet normal 0.000000e+00 -1.000000e+00 0.000000e+00
    outer loop
      vertex   2.169554e+00 1.860001e+01 -7.447047e+00
      vertex   1.615801e+00 1.860001e+01 -6.868817e+00
      vertex   1.600149e+00 1.860001e+01 -7.118300e+00
    endloop
  endfacet
  facet normal -4.530040e-15 -1.000000e+00 3.487427e-15
    outer loop
      vertex   6.293995e+00 1.860001e+01 -6.296353e+00
      vertex   6.460085e+00 1.860001e+01 -7.099329e+00
      vertex   7.339863e+00 1.860001e+01 -5.956530e+00
    endloop
  endfacet
  facet normal 0.000000e+00 -1.000000e+00 -0.000000e+00
    outer loop
      vertex   7.339863e+00 1.860001e+01 -5.956530e+00
      vertex   6.460085e+00 1.860001e+01 -7.099329e+00
      vertex   7.677470e+00 1.860001e+01 -6.703777e+00
    endloop
  endfacet
  facet normal 0.000000e+00 -1.000000e+00 0.000000e+00
    outer loop
      vertex   7.677470e+00 1.860001e+01 -6.703777e+00
      vertex   6.460085e+00 1.860001e+01 -7.099329e+00
      vertex   6.489236e+00 1.860001e+01 -7.182310e+00
    endloop
  endfacet
  facet normal 0.000000e+00 -1.000000e+00 -0.000000e+00
    outer loop
      vertex   7.677470e+00 1.860001e+01 -6.703777e+00
      vertex   6.489236e+00 1.860001e+01 -7.182310e+00
      vertex   7.702661e+00 1.860001e+01 -6.788044e+00
    endloop
  endfacet
  facet normal 0.000000e+00 -1.000000e+00 0.000000e+00
    outer loop
      vertex   7.702661e+00 1.860001e+01 -6.788044e+00
      vertex   6.489236e+00 1.860001e+01 -7.182310e+00
      vertex   6.567874e+00 1.860001e+01 -7.342540e+00
    endloop
  endfacet
  facet normal 0.000000e+00 -1.000000e+00 -0.000000e+00
    outer loop
      vertex   7.702661e+00 1.860001e+01 -6.788044e+00
      vertex   6.567874e+00 1.860001e+01 -7.342540e+00
      vertex   7.733223e+00 1.860001e+01 -6.963896e+00
    endloop
  endfacet
  facet normal 0.000000e+00 -1.000000e+00 0.000000e+00
    outer loop
      vertex   7.733223e+00 1.860001e+01 -6.963896e+00
      vertex   6.567874e+00 1.860001e+01 -7.342540e+00
      vertex   6.646666e+00 1.860001e+01 -7.470603e+00
    endloop
  endfacet
  facet normal 0.000000e+00 -1.000000e+00 -0.000000e+00
    outer loop
      vertex   7.733223e+00 1.860001e+01 -6.963896e+00
      vertex   6.646666e+00 1.860001e+01 -7.470603e+00
      vertex   7.744753e+00 1.860001e+01 -7.113813e+00
    endloop
  endfacet
  facet normal 0.000000e+00 -1.000000e+00 0.000000e+00
    outer loop
      vertex   7.744753e+00 1.860001e+01 -7.113813e+00
      vertex   6.646666e+00 1.860001e+01 -7.470603e+00
      vertex   6.753658e+00 1.860001e+01 -7.618527e+00
    endloop
  endfacet
  facet normal 0.000000e+00 -1.000000e+00 -0.000000e+00
    outer loop
      vertex   7.744753e+00 1.860001e+01 -7.113813e+00
      vertex   6.753658e+00 1.860001e+01 -7.618527e+00
      vertex   7.745141e+00 1.860001e+01 -7.296375e+00
    endloop
  endfacet
  facet normal 0.000000e+00 -1.000000e+00 0.000000e+00
    outer loop
      vertex   7.745141e+00 1.860001e+01 -7.296375e+00
      vertex   6.753658e+00 1.860001e+01 -7.618527e+00
      vertex   6.892697e+00 1.860001e+01 -7.783286e+00
    endloop
  endfacet
  facet normal 0.000000e+00 -1.000000e+00 0.000000e+00
    outer loop
      vertex   7.745141e+00 1.860001e+01 -7.296375e+00
      vertex   6.892697e+00 1.860001e+01 -7.783286e+00
      vertex   7.729499e+00 1.860001e+01 -7.511392e+00
    endloop
  endfacet
  facet normal 0.000000e+00 -1.000000e+00 0.000000e+00
    outer loop
      vertex   7.729499e+00 1.860001e+01 -7.511392e+00
      vertex   6.892697e+00 1.860001e+01 -7.783286e+00
      vertex   7.067627e+00 1.860001e+01 -7.961855e+00
    endloop
  endfacet
  facet normal 0.000000e+00 -1.000000e+00 0.000000e+00
    outer loop
      vertex   7.729499e+00 1.860001e+01 -7.511392e+00
      vertex   7.067627e+00 1.860001e+01 -7.961855e+00
      vertex   7.692939e+00 1.860001e+01 -7.758678e+00
    endloop
  endfacet
  facet normal 0.000000e+00 -1.000000e+00 -0.000000e+00
    outer loop
      vertex   9.015191e+00 1.860001e+01 -4.725270e+00
      vertex   8.676293e+00 1.860001e+01 -6.127106e+00
      vertex   9.627543e+00 1.860001e+01 -5.270596e+00
    endloop
  endfacet
  facet normal 0.000000e+00 -1.000000e+00 0.000000e+00
    outer loop
      vertex   9.627543e+00 1.860001e+01 -5.270596e+00
      vertex   8.676293e+00 1.860001e+01 -6.127106e+00
      vertex   8.736674e+00 1.860001e+01 -6.191056e+00
    endloop
  endfacet
  facet normal 0.000000e+00 -1.000000e+00 -0.000000e+00
    outer loop
      vertex   9.627543e+00 1.860001e+01 -5.270596e+00
      vertex   8.736674e+00 1.860001e+01 -6.191056e+00
      vertex   9.684831e+00 1.860001e+01 -5.337332e+00
    endloop
  endfacet
  facet normal 0.000000e+00 -1.000000e+00 0.000000e+00
    outer loop
      vertex   9.684831e+00 1.860001e+01 -5.337332e+00
      vertex   8.736674e+00 1.860001e+01 -6.191056e+00
      vertex   8.873686e+00 1.860001e+01 -6.305449e+00
    endloop
  endfacet
  facet normal 0.000000e+00 -1.000000e+00 -0.000000e+00
    outer loop
      vertex   9.684831e+00 1.860001e+01 -5.337332e+00
      vertex   8.873686e+00 1.860001e+01 -6.305449e+00
      vertex   9.784276e+00 1.860001e+01 -5.485550e+00
    endloop
  endfacet
  facet normal 0.000000e+00 -1.000000e+00 0.000000e+00
    outer loop
      vertex   9.784276e+00 1.860001e+01 -5.485550e+00
      vertex   8.873686e+00 1.860001e+01 -6.305449e+00
      vertex   8.997753e+00 1.860001e+01 -6.390393e+00
    endloop
  endfacet
  facet normal 0.000000e+00 -1.000000e+00 -0.000000e+00
    outer loop
      vertex   9.784276e+00 1.860001e+01 -5.485550e+00
      vertex   8.997753e+00 1.860001e+01 -6.390393e+00
      vertex   9.855786e+00 1.860001e+01 -5.617817e+00
    endloop
  endfacet
  facet normal 0.000000e+00 -1.000000e+00 0.000000e+00
    outer loop
      vertex   9.855786e+00 1.860001e+01 -5.617817e+00
      vertex   8.997753e+00 1.860001e+01 -6.390393e+00
      vertex   9.155662e+00 1.860001e+01 -6.482010e+00
    endloop
  endfacet
  facet normal 0.000000e+00 -1.000000e+00 -0.000000e+00
    outer loop
      vertex   9.855786e+00 1.860001e+01 -5.617817e+00
      vertex   9.155662e+00 1.860001e+01 -6.482010e+00
      vertex   9.930395e+00 1.860001e+01 -5.784437e+00
    endloop
  endfacet
  facet normal 0.000000e+00 -1.000000e+00 0.000000e+00
    outer loop
      vertex   9.930395e+00 1.860001e+01 -5.784437e+00
      vertex   9.155662e+00 1.860001e+01 -6.482010e+00
      vertex   9.349693e+00 1.860001e+01 -6.575973e+00
    endloop
  endfacet
  facet normal 0.000000e+00 -1.000000e+00 -0.000000e+00
    outer loop
      vertex   9.930395e+00 1.860001e+01 -5.784437e+00
      vertex   9.349693e+00 1.860001e+01 -6.575973e+00
      vertex   1.000356e+01 1.860001e+01 -5.987228e+00
    endloop
  endfacet
  facet normal 0.000000e+00 -1.000000e+00 0.000000e+00
    outer loop
      vertex   1.000356e+01 1.860001e+01 -5.987228e+00
      vertex   9.349693e+00 1.860001e+01 -6.575973e+00
      vertex   9.582130e+00 1.860001e+01 -6.667953e+00
    endloop
  endfacet
  facet normal 0.000000e+00 -1.000000e+00 -0.000000e+00
    outer loop
      vertex   1.000356e+01 1.860001e+01 -5.987228e+00
      vertex   9.582130e+00 1.860001e+01 -6.667953e+00
      vertex   1.007074e+01 1.860001e+01 -6.228005e+00
    endloop
  endfacet
  facet normal 0.000000e+00 -1.000000e+00 0.000000e+00
    outer loop
      vertex   9.597597e+00 1.860001e+01 -3.923657e+00
      vertex   1.030546e+01 1.860001e+01 -4.337524e+00
      vertex   1.004488e+01 1.860001e+01 -2.919040e+00
    endloop
  endfacet
  facet normal 0.000000e+00 -1.000000e+00 0.000000e+00
    outer loop
      vertex   1.004488e+01 1.860001e+01 -2.919040e+00
      vertex   1.030546e+01 1.860001e+01 -4.337524e+00
      vertex   1.082610e+01 1.860001e+01 -3.168155e+00
    endloop
  endfacet
  facet normal 0.000000e+00 -1.000000e+00 0.000000e+00
    outer loop
      vertex   1.082610e+01 1.860001e+01 -3.168155e+00
      vertex   1.030546e+01 1.860001e+01 -4.337524e+00
      vertex   1.038663e+01 1.860001e+01 -4.371386e+00
    endloop
  endfacet
  facet normal 0.000000e+00 -1.000000e+00 -0.000000e+00
    outer loop
      vertex   1.082610e+01 1.860001e+01 -3.168155e+00
      vertex   1.038663e+01 1.860001e+01 -4.371386e+00
      vertex   1.090558e+01 1.860001e+01 -3.205820e+00
    endloop
  endfacet
  facet normal 0.000000e+00 -1.000000e+00 0.000000e+00
    outer loop
      vertex   1.090558e+01 1.860001e+01 -3.205820e+00
      vertex   1.038663e+01 1.860001e+01 -4.371386e+00
      vertex   1.055833e+01 1.860001e+01 -4.420161e+00
    endloop
  endfacet
  facet normal 0.000000e+00 -1.000000e+00 -0.000000e+00
    outer loop
      vertex   1.090558e+01 1.860001e+01 -3.205820e+00
      vertex   1.055833e+01 1.860001e+01 -4.420161e+00
      vertex   1.105671e+01 1.860001e+01 -3.300776e+00
    endloop
  endfacet
  facet normal 0.000000e+00 -1.000000e+00 0.000000e+00
    outer loop
      vertex   1.105671e+01 1.860001e+01 -3.300776e+00
      vertex   1.055833e+01 1.860001e+01 -4.420161e+00
      vertex   1.070622e+01 1.860001e+01 -4.447299e+00
    endloop
  endfacet
  facet normal 0.000000e+00 -1.000000e+00 -0.000000e+00
    outer loop
      vertex   1.105671e+01 1.860001e+01 -3.300776e+00
      vertex   1.070622e+01 1.860001e+01 -4.447299e+00
      vertex   1.117583e+01 1.860001e+01 -3.392522e+00
    endloop
  endfacet
  facet normal 0.000000e+00 -1.000000e+00 0.000000e+00
    outer loop
      vertex   1.117583e+01 1.860001e+01 -3.392522e+00
      vertex   1.070622e+01 1.860001e+01 -4.447299e+00
      vertex   1.088774e+01 1.860001e+01 -4.466768e+00
    endloop
  endfacet
  facet normal 0.000000e+00 -1.000000e+00 -0.000000e+00
    outer loop
      vertex   1.117583e+01 1.860001e+01 -3.392522e+00
      vertex   1.088774e+01 1.860001e+01 -4.466768e+00
      vertex   1.131176e+01 1.860001e+01 -3.514390e+00
    endloop
  endfacet
  facet normal 0.000000e+00 -1.000000e+00 0.000000e+00
    outer loop
      vertex   1.131176e+01 1.860001e+01 -3.514390e+00
      vertex   1.088774e+01 1.860001e+01 -4.466768e+00
      vertex   1.110321e+01 1.860001e+01 -4.473687e+00
    endloop
  endfacet
  facet normal 0.000000e+00 -1.000000e+00 -0.000000e+00
    outer loop
      vertex   1.131176e+01 1.860001e+01 -3.514390e+00
      vertex   1.110321e+01 1.860001e+01 -4.473687e+00
      vertex   1.146109e+01 1.860001e+01 -3.669890e+00
    endloop
  endfacet
  facet normal 0.000000e+00 -1.000000e+00 0.000000e+00
    outer loop
      vertex   1.146109e+01 1.860001e+01 -3.669890e+00
      vertex   1.110321e+01 1.860001e+01 -4.473687e+00
      vertex   1.135297e+01 1.860001e+01 -4.463175e+00
    endloop
  endfacet
  facet normal 0.000000e+00 -1.000000e+00 -0.000000e+00
    outer loop
      vertex   1.146109e+01 1.860001e+01 -3.669890e+00
      vertex   1.135297e+01 1.860001e+01 -4.463175e+00
      vertex   1.162039e+01 1.860001e+01 -3.862526e+00
    endloop
  endfacet
  facet normal 0.000000e+00 -1.000000e+00 0.000000e+00
    outer loop
      vertex   1.025089e+01 1.860001e+01 -8.501549e-01
      vertex   1.025089e+01 1.860001e+01 -1.949845e+00
      vertex   1.106589e+01 1.860001e+01 -7.599833e-01
    endloop
  endfacet
  facet normal 0.000000e+00 -1.000000e+00 -0.000000e+00
    outer loop
      vertex   1.106589e+01 1.860001e+01 -7.599833e-01
      vertex   1.025089e+01 1.860001e+01 -1.949845e+00
      vertex   1.106589e+01 1.860001e+01 -2.040017e+00
    endloop
  endfacet
  facet normal 0.000000e+00 -1.000000e+00 0.000000e+00
    outer loop
      vertex   1.106589e+01 1.860001e+01 -7.599833e-01
      vertex   1.106589e+01 1.860001e+01 -2.040017e+00
      vertex   1.115382e+01 1.860001e+01 -2.037935e+00
    endloop
  endfacet
  facet normal 0.000000e+00 -1.000000e+00 0.000000e+00
    outer loop
      vertex   1.106589e+01 1.860001e+01 -7.599833e-01
      vertex   1.115382e+01 1.860001e+01 -2.037935e+00
      vertex   1.115382e+01 1.860001e+01 -7.620646e-01
    endloop
  endfacet
  facet normal 0.000000e+00 -1.000000e+00 0.000000e+00
    outer loop
      vertex   1.115382e+01 1.860001e+01 -7.620646e-01
      vertex   1.115382e+01 1.860001e+01 -2.037935e+00
      vertex   1.133051e+01 1.860001e+01 -2.012660e+00
    endloop
  endfacet
  facet normal 0.000000e+00 -1.000000e+00 0.000000e+00
    outer loop
      vertex   1.115382e+01 1.860001e+01 -7.620646e-01
      vertex   1.133051e+01 1.860001e+01 -2.012660e+00
      vertex   1.133051e+01 1.860001e+01 -7.873401e-01
    endloop
  endfacet
  facet normal 0.000000e+00 -1.000000e+00 0.000000e+00
    outer loop
      vertex   1.133051e+01 1.860001e+01 -7.873401e-01
      vertex   1.133051e+01 1.860001e+01 -2.012660e+00
      vertex   1.147665e+01 1.860001e+01 -1.977299e+00
    endloop
  endfacet
  facet normal 0.000000e+00 -1.000000e+00 0.000000e+00
    outer loop
      vertex   1.133051e+01 1.860001e+01 -7.873401e-01
      vertex   1.147665e+01 1.860001e+01 -1.977299e+00
      vertex   1.147665e+01 1.860001e+01 -8.227014e-01
    endloop
  endfacet
  facet normal 0.000000e+00 -1.000000e+00 0.000000e+00
    outer loop
      vertex   1.147665e+01 1.860001e+01 -8.227014e-01
      vertex   1.147665e+01 1.860001e+01 -1.977299e+00
      vertex   1.165040e+01 1.860001e+01 -1.921253e+00
    endloop
  endfacet
  facet normal 0.000000e+00 -1.000000e+00 0.000000e+00
    outer loop
      vertex   1.147665e+01 1.860001e+01 -8.227014e-01
      vertex   1.165040e+01 1.860001e+01 -1.921253e+00
      vertex   1.165040e+01 1.860001e+01 -8.787466e-01
    endloop
  endfacet
  facet normal 0.000000e+00 -1.000000e+00 0.000000e+00
    outer loop
      vertex   1.165040e+01 1.860001e+01 -8.787466e-01
      vertex   1.165040e+01 1.860001e+01 -1.921253e+00
      vertex   1.185006e+01 1.860001e+01 -9.600670e-01
    endloop
  endfacet
  facet normal 0.000000e+00 -1.000000e+00 -0.000000e+00
    outer loop
      vertex   1.185006e+01 1.860001e+01 -9.600670e-01
      vertex   1.165040e+01 1.860001e+01 -1.921253e+00
      vertex   1.185006e+01 1.860001e+01 -1.839933e+00
    endloop
  endfacet
  facet normal 0.000000e+00 -1.000000e+00 0.000000e+00
    outer loop
      vertex   1.185006e+01 1.860001e+01 -9.600670e-01
      vertex   1.185006e+01 1.860001e+01 -1.839933e+00
      vertex   1.207394e+01 1.860001e+01 -1.071254e+00
    endloop
  endfacet
  facet normal 0.000000e+00 -1.000000e+00 -0.000000e+00
    outer loop
      vertex   1.207394e+01 1.860001e+01 -1.071254e+00
      vertex   1.185006e+01 1.860001e+01 -1.839933e+00
      vertex   1.207394e+01 1.860001e+01 -1.728746e+00
    endloop
  endfacet
endsolid
