solid ASCII
  facet normal 0.000000e+00 4.833591e-01 8.754222e-01
    outer loop
      vertex   1.219628e+01 8.367732e+00 -1.820000e+01
      vertex   1.219628e+01 8.728990e+00 -1.839947e+01
      vertex   1.218628e+01 8.367732e+00 -1.820000e+01
    endloop
  endfacet
  facet normal 0.000000e+00 4.833591e-01 8.754222e-01
    outer loop
      vertex   1.218628e+01 8.367732e+00 -1.820000e+01
      vertex   1.219628e+01 8.728990e+00 -1.839947e+01
      vertex   1.218628e+01 8.728990e+00 -1.839947e+01
    endloop
  endfacet
  facet normal -4.449690e-13 9.838815e-01 1.788216e-01
    outer loop
      vertex   1.218628e+01 1.063299e+01 -1.820000e+01
      vertex   1.218878e+01 1.063299e+01 -1.820000e+01
      vertex   1.218628e+01 1.064630e+01 -1.827327e+01
    endloop
  endfacet
  facet normal -8.898655e-13 9.838815e-01 1.788216e-01
    outer loop
      vertex   1.218628e+01 1.064630e+01 -1.827327e+01
      vertex   1.218878e+01 1.063299e+01 -1.820000e+01
      vertex   1.219128e+01 1.063299e+01 -1.820000e+01
    endloop
  endfacet
  facet normal -0.000000e+00 9.838815e-01 1.788216e-01
    outer loop
      vertex   1.218628e+01 1.064630e+01 -1.827327e+01
      vertex   1.219128e+01 1.063299e+01 -1.820000e+01
      vertex   1.219628e+01 1.064630e+01 -1.827327e+01
    endloop
  endfacet
  facet normal 0.000000e+00 9.838815e-01 1.788216e-01
    outer loop
      vertex   1.219628e+01 1.064630e+01 -1.827327e+01
      vertex   1.219128e+01 1.063299e+01 -1.820000e+01
      vertex   1.219378e+01 1.063299e+01 -1.820000e+01
    endloop
  endfacet
  facet normal 1.334798e-12 9.838815e-01 1.788216e-01
    outer loop
      vertex   1.219628e+01 1.064630e+01 -1.827327e+01
      vertex   1.219378e+01 1.063299e+01 -1.820000e+01
      vertex   1.219628e+01 1.063299e+01 -1.820000e+01
    endloop
  endfacet
  facet normal -3.859924e-13 5.432360e-01 8.395800e-01
    outer loop
      vertex   1.218628e+01 1.347017e+01 -1.820000e+01
      vertex   1.218878e+01 1.347017e+01 -1.820000e+01
      vertex   1.218628e+01 1.377845e+01 -1.839947e+01
    endloop
  endfacet
  facet normal 0.000000e+00 5.432360e-01 8.395800e-01
    outer loop
      vertex   1.218628e+01 1.377845e+01 -1.839947e+01
      vertex   1.218878e+01 1.347017e+01 -1.820000e+01
      vertex   1.219128e+01 1.347017e+01 -1.820000e+01
    endloop
  endfacet
  facet normal -0.000000e+00 5.432360e-01 8.395800e-01
    outer loop
      vertex   1.218628e+01 1.377845e+01 -1.839947e+01
      vertex   1.219128e+01 1.347017e+01 -1.820000e+01
      vertex   1.219628e+01 1.377845e+01 -1.839947e+01
    endloop
  endfacet
  facet normal 0.000000e+00 5.432360e-01 8.395800e-01
    outer loop
      vertex   1.219628e+01 1.377845e+01 -1.839947e+01
      vertex   1.219128e+01 1.347017e+01 -1.820000e+01
      vertex   1.219378e+01 1.347017e+01 -1.820000e+01
    endloop
  endfacet
  facet normal 0.000000e+00 5.432360e-01 8.395800e-01
    outer loop
      vertex   1.219628e+01 1.377845e+01 -1.839947e+01
      vertex   1.219378e+01 1.347017e+01 -1.820000e+01
      vertex   1.219628e+01 1.347017e+01 -1.820000e+01
    endloop
  endfacet
  facet normal 1.000000e+00 -0.000000e+00 0.000000e+00
    outer loop
      vertex   1.218628e+01 1.063299e+01 -1.820000e+01
      vertex   1.218628e+01 1.064630e+01 -1.827327e+01
      vertex   1.218628e+01 1.064630e+01 -1.812673e+01
    endloop
  endfacet
  facet normal 1.000000e+00 -1.619384e-15 0.000000e+00
    outer loop
      vertex   1.218628e+01 1.064630e+01 -1.812673e+01
      vertex   1.218628e+01 1.064630e+01 -1.827327e+01
      vertex   1.218628e+01 1.174324e+01 -1.775608e+01
    endloop
  endfacet
  facet normal 1.000000e+00 -5.443202e-15 1.131632e-14
    outer loop
      vertex   1.218628e+01 1.064630e+01 -1.812673e+01
      vertex   1.218628e+01 1.174324e+01 -1.775608e+01
      vertex   1.218628e+01 1.076420e+01 -1.775608e+01
    endloop
  endfacet
  facet normal 1.000000e+00 -5.443202e-15 -7.449716e-15
    outer loop
      vertex   1.218628e+01 1.076420e+01 -1.775608e+01
      vertex   1.218628e+01 1.174324e+01 -1.775608e+01
      vertex   1.218628e+01 1.094047e+01 -1.740797e+01
    endloop
  endfacet
  facet normal 1.000000e+00 -0.000000e+00 5.102935e-15
    outer loop
      vertex   1.218628e+01 1.094047e+01 -1.740797e+01
      vertex   1.218628e+01 1.174324e+01 -1.775608e+01
      vertex   1.218628e+01 1.156697e+01 -1.740797e+01
    endloop
  endfacet
  facet normal 1.000000e+00 -1.408191e-15 -4.479277e-16
    outer loop
      vertex   1.218628e+01 1.064630e+01 -1.827327e+01
      vertex   1.218628e+01 1.076420e+01 -1.864392e+01
      vertex   1.218628e+01 1.174324e+01 -1.775608e+01
    endloop
  endfacet
  facet normal 1.000000e+00 1.964904e-15 -4.167442e-15
    outer loop
      vertex   1.218628e+01 1.174324e+01 -1.775608e+01
      vertex   1.218628e+01 1.076420e+01 -1.864392e+01
      vertex   1.218628e+01 1.186114e+01 -1.812673e+01
    endloop
  endfacet
  facet normal 1.000000e+00 0.000000e+00 0.000000e+00
    outer loop
      vertex   1.218628e+01 1.186114e+01 -1.812673e+01
      vertex   1.218628e+01 1.076420e+01 -1.864392e+01
      vertex   1.218628e+01 1.186114e+01 -1.827327e+01
    endloop
  endfacet
  facet normal 1.000000e+00 0.000000e+00 0.000000e+00
    outer loop
      vertex   1.218628e+01 1.186114e+01 -1.812673e+01
      vertex   1.218628e+01 1.186114e+01 -1.827327e+01
      vertex   1.218628e+01 1.187445e+01 -1.820000e+01
    endloop
  endfacet
  facet normal 1.000000e+00 0.000000e+00 0.000000e+00
    outer loop
      vertex   1.218628e+01 1.186114e+01 -1.827327e+01
      vertex   1.218628e+01 1.076420e+01 -1.864392e+01
      vertex   1.218628e+01 1.174324e+01 -1.864392e+01
    endloop
  endfacet
  facet normal 1.000000e+00 0.000000e+00 0.000000e+00
    outer loop
      vertex   1.218628e+01 1.174324e+01 -1.864392e+01
      vertex   1.218628e+01 1.076420e+01 -1.864392e+01
      vertex   1.218628e+01 1.094047e+01 -1.899203e+01
    endloop
  endfacet
  facet normal 1.000000e+00 0.000000e+00 0.000000e+00
    outer loop
      vertex   1.218628e+01 1.174324e+01 -1.864392e+01
      vertex   1.218628e+01 1.094047e+01 -1.899203e+01
      vertex   1.218628e+01 1.156697e+01 -1.899203e+01
    endloop
  endfacet
  facet normal 1.000000e+00 0.000000e+00 0.000000e+00
    outer loop
      vertex   1.218628e+01 1.377845e+01 -1.800053e+01
      vertex   1.218628e+01 1.347017e+01 -1.820000e+01
      vertex   1.218628e+01 1.413971e+01 -1.820000e+01
    endloop
  endfacet
  facet normal 1.000000e+00 0.000000e+00 0.000000e+00
    outer loop
      vertex   1.218628e+01 1.413971e+01 -1.820000e+01
      vertex   1.218628e+01 1.347017e+01 -1.820000e+01
      vertex   1.218628e+01 1.377845e+01 -1.839947e+01
    endloop
  endfacet
  facet normal 1.000000e+00 0.000000e+00 0.000000e+00
    outer loop
      vertex   1.218628e+01 8.728990e+00 -1.800053e+01
      vertex   1.218628e+01 8.367732e+00 -1.820000e+01
      vertex   1.218628e+01 9.037269e+00 -1.820000e+01
    endloop
  endfacet
  facet normal 1.000000e+00 0.000000e+00 0.000000e+00
    outer loop
      vertex   1.218628e+01 9.037269e+00 -1.820000e+01
      vertex   1.218628e+01 8.367732e+00 -1.820000e+01
      vertex   1.218628e+01 8.728990e+00 -1.839947e+01
    endloop
  endfacet
  facet normal 0.000000e+00 -5.432360e-01 8.395800e-01
    outer loop
      vertex   1.219628e+01 9.037269e+00 -1.820000e+01
      vertex   1.219378e+01 9.037269e+00 -1.820000e+01
      vertex   1.219628e+01 8.728990e+00 -1.839947e+01
    endloop
  endfacet
  facet normal 0.000000e+00 -5.432360e-01 8.395800e-01
    outer loop
      vertex   1.219628e+01 8.728990e+00 -1.839947e+01
      vertex   1.219378e+01 9.037269e+00 -1.820000e+01
      vertex   1.219128e+01 9.037269e+00 -1.820000e+01
    endloop
  endfacet
  facet normal 0.000000e+00 -5.432360e-01 8.395800e-01
    outer loop
      vertex   1.219628e+01 8.728990e+00 -1.839947e+01
      vertex   1.219128e+01 9.037269e+00 -1.820000e+01
      vertex   1.218628e+01 8.728990e+00 -1.839947e+01
    endloop
  endfacet
  facet normal 0.000000e+00 -5.432360e-01 8.395800e-01
    outer loop
      vertex   1.218628e+01 8.728990e+00 -1.839947e+01
      vertex   1.219128e+01 9.037269e+00 -1.820000e+01
      vertex   1.218878e+01 9.037269e+00 -1.820000e+01
    endloop
  endfacet
  facet normal 0.000000e+00 -5.432360e-01 8.395800e-01
    outer loop
      vertex   1.218628e+01 8.728990e+00 -1.839947e+01
      vertex   1.218878e+01 9.037269e+00 -1.820000e+01
      vertex   1.218628e+01 9.037269e+00 -1.820000e+01
    endloop
  endfacet
  facet normal 0.000000e+00 9.529518e-01 3.031218e-01
    outer loop
      vertex   1.219628e+01 1.064630e+01 -1.827327e+01
      vertex   1.219628e+01 1.076420e+01 -1.864392e+01
      vertex   1.218628e+01 1.064630e+01 -1.827327e+01
    endloop
  endfacet
  facet normal 0.000000e+00 9.529518e-01 3.031218e-01
    outer loop
      vertex   1.218628e+01 1.064630e+01 -1.827327e+01
      vertex   1.219628e+01 1.076420e+01 -1.864392e+01
      vertex   1.218628e+01 1.076420e+01 -1.864392e+01
    endloop
  endfacet
  facet normal -0.000000e+00 8.921505e-01 4.517383e-01
    outer loop
      vertex   1.218628e+01 1.076420e+01 -1.864392e+01
      vertex   1.219628e+01 1.076420e+01 -1.864392e+01
      vertex   1.219628e+01 1.094047e+01 -1.899203e+01
    endloop
  endfacet
  facet normal 0.000000e+00 8.921505e-01 4.517383e-01
    outer loop
      vertex   1.218628e+01 1.076420e+01 -1.864392e+01
      vertex   1.219628e+01 1.094047e+01 -1.899203e+01
      vertex   1.218628e+01 1.094047e+01 -1.899203e+01
    endloop
  endfacet
  facet normal 0.000000e+00 -0.000000e+00 1.000000e+00
    outer loop
      vertex   1.219628e+01 1.094047e+01 -1.899203e+01
      vertex   1.219628e+01 1.156697e+01 -1.899203e+01
      vertex   1.218628e+01 1.094047e+01 -1.899203e+01
    endloop
  endfacet
  facet normal 0.000000e+00 0.000000e+00 1.000000e+00
    outer loop
      vertex   1.218628e+01 1.094047e+01 -1.899203e+01
      vertex   1.219628e+01 1.156697e+01 -1.899203e+01
      vertex   1.218628e+01 1.156697e+01 -1.899203e+01
    endloop
  endfacet
  facet normal 0.000000e+00 -8.921505e-01 4.517383e-01
    outer loop
      vertex   1.219628e+01 1.156697e+01 -1.899203e+01
      vertex   1.219628e+01 1.174324e+01 -1.864392e+01
      vertex   1.218628e+01 1.156697e+01 -1.899203e+01
    endloop
  endfacet
  facet normal 0.000000e+00 -8.921505e-01 4.517383e-01
    outer loop
      vertex   1.218628e+01 1.156697e+01 -1.899203e+01
      vertex   1.219628e+01 1.174324e+01 -1.864392e+01
      vertex   1.218628e+01 1.174324e+01 -1.864392e+01
    endloop
  endfacet
  facet normal 0.000000e+00 -9.529518e-01 3.031218e-01
    outer loop
      vertex   1.218628e+01 1.174324e+01 -1.864392e+01
      vertex   1.219628e+01 1.174324e+01 -1.864392e+01
      vertex   1.219628e+01 1.186114e+01 -1.827327e+01
    endloop
  endfacet
  facet normal 0.000000e+00 -9.529518e-01 3.031218e-01
    outer loop
      vertex   1.218628e+01 1.174324e+01 -1.864392e+01
      vertex   1.219628e+01 1.186114e+01 -1.827327e+01
      vertex   1.218628e+01 1.186114e+01 -1.827327e+01
    endloop
  endfacet
  facet normal 0.000000e+00 -9.838815e-01 1.788216e-01
    outer loop
      vertex   1.218628e+01 1.187445e+01 -1.820000e+01
      vertex   1.218628e+01 1.186114e+01 -1.827327e+01
      vertex   1.219628e+01 1.187445e+01 -1.820000e+01
    endloop
  endfacet
  facet normal 0.000000e+00 -9.838815e-01 1.788216e-01
    outer loop
      vertex   1.219628e+01 1.187445e+01 -1.820000e+01
      vertex   1.218628e+01 1.186114e+01 -1.827327e+01
      vertex   1.219628e+01 1.186114e+01 -1.827327e+01
    endloop
  endfacet
  facet normal 0.000000e+00 -4.833591e-01 8.754222e-01
    outer loop
      vertex   1.219628e+01 1.413971e+01 -1.820000e+01
      vertex   1.219378e+01 1.413971e+01 -1.820000e+01
      vertex   1.219628e+01 1.377845e+01 -1.839947e+01
    endloop
  endfacet
  facet normal -3.362944e-13 -4.833591e-01 8.754222e-01
    outer loop
      vertex   1.219628e+01 1.377845e+01 -1.839947e+01
      vertex   1.219378e+01 1.413971e+01 -1.820000e+01
      vertex   1.219128e+01 1.413971e+01 -1.820000e+01
    endloop
  endfacet
  facet normal 0.000000e+00 -4.833591e-01 8.754222e-01
    outer loop
      vertex   1.219628e+01 1.377845e+01 -1.839947e+01
      vertex   1.219128e+01 1.413971e+01 -1.820000e+01
      vertex   1.218628e+01 1.377845e+01 -1.839947e+01
    endloop
  endfacet
  facet normal 0.000000e+00 -4.833591e-01 8.754222e-01
    outer loop
      vertex   1.218628e+01 1.377845e+01 -1.839947e+01
      vertex   1.219128e+01 1.413971e+01 -1.820000e+01
      vertex   1.218878e+01 1.413971e+01 -1.820000e+01
    endloop
  endfacet
  facet normal 0.000000e+00 -4.833591e-01 8.754222e-01
    outer loop
      vertex   1.218628e+01 1.377845e+01 -1.839947e+01
      vertex   1.218878e+01 1.413971e+01 -1.820000e+01
      vertex   1.218628e+01 1.413971e+01 -1.820000e+01
    endloop
  endfacet
  facet normal 0.000000e+00 -5.315651e-01 8.470175e-01
    outer loop
      vertex   1.219628e+01 8.367732e+00 -1.820000e+01
      vertex   1.218628e+01 8.367732e+00 -1.820000e+01
      vertex   1.219628e+01 8.186418e+00 -1.831379e+01
    endloop
  endfacet
  facet normal 0.000000e+00 -5.315651e-01 8.470175e-01
    outer loop
      vertex   1.219628e+01 8.186418e+00 -1.831379e+01
      vertex   1.218628e+01 8.367732e+00 -1.820000e+01
      vertex   1.019628e+01 8.186418e+00 -1.831379e+01
    endloop
  endfacet
  facet normal -3.962793e-03 -4.999961e-01 8.660186e-01
    outer loop
      vertex   1.019628e+01 8.186418e+00 -1.831379e+01
      vertex   1.218628e+01 8.367732e+00 -1.820000e+01
      vertex   1.019628e+01 8.728990e+00 -1.800053e+01
    endloop
  endfacet
  facet normal 4.314664e-16 -4.833591e-01 8.754222e-01
    outer loop
      vertex   1.019628e+01 8.728990e+00 -1.800053e+01
      vertex   1.218628e+01 8.367732e+00 -1.820000e+01
      vertex   1.218628e+01 8.728990e+00 -1.800053e+01
    endloop
  endfacet
  facet normal -4.686136e-16 5.249740e-01 8.511183e-01
    outer loop
      vertex   1.019628e+01 8.728990e+00 -1.800053e+01
      vertex   1.218628e+01 8.728990e+00 -1.800053e+01
      vertex   1.019628e+01 8.937036e+00 -1.812886e+01
    endloop
  endfacet
  facet normal 2.653245e-03 5.432341e-01 8.395771e-01
    outer loop
      vertex   1.019628e+01 8.937036e+00 -1.812886e+01
      vertex   1.218628e+01 8.728990e+00 -1.800053e+01
      vertex   1.218628e+01 9.037269e+00 -1.820000e+01
    endloop
  endfacet
  facet normal -1.063520e-03 5.927551e-01 8.053821e-01
    outer loop
      vertex   1.019628e+01 8.937036e+00 -1.812886e+01
      vertex   1.218628e+01 9.037269e+00 -1.820000e+01
      vertex   1.019628e+01 9.106548e+00 -1.825362e+01
    endloop
  endfacet
  facet normal 1.355850e-03 6.361059e-01 7.716006e-01
    outer loop
      vertex   1.019628e+01 9.106548e+00 -1.825362e+01
      vertex   1.218628e+01 9.037269e+00 -1.820000e+01
      vertex   1.219628e+01 9.214420e+00 -1.834606e+01
    endloop
  endfacet
  facet normal -6.057723e-04 6.571706e-01 7.537416e-01
    outer loop
      vertex   1.019628e+01 9.106548e+00 -1.825362e+01
      vertex   1.219628e+01 9.214420e+00 -1.834606e+01
      vertex   1.019628e+01 9.240815e+00 -1.837068e+01
    endloop
  endfacet
  facet normal 7.077684e-04 7.102535e-01 7.039457e-01
    outer loop
      vertex   1.019628e+01 9.240815e+00 -1.837068e+01
      vertex   1.219628e+01 9.214420e+00 -1.834606e+01
      vertex   1.219628e+01 9.343124e+00 -1.847592e+01
    endloop
  endfacet
  facet normal 0.000000e+00 7.170098e-01 6.970631e-01
    outer loop
      vertex   1.019628e+01 9.240815e+00 -1.837068e+01
      vertex   1.219628e+01 9.343124e+00 -1.847592e+01
      vertex   1.019628e+01 9.343124e+00 -1.847592e+01
    endloop
  endfacet
  facet normal -0.000000e+00 6.361520e-01 7.715637e-01
    outer loop
      vertex   1.218628e+01 9.037269e+00 -1.820000e+01
      vertex   1.218878e+01 9.037269e+00 -1.820000e+01
      vertex   1.219628e+01 9.214420e+00 -1.834606e+01
    endloop
  endfacet
  facet normal 0.000000e+00 6.361520e-01 7.715637e-01
    outer loop
      vertex   1.219628e+01 9.214420e+00 -1.834606e+01
      vertex   1.218878e+01 9.037269e+00 -1.820000e+01
      vertex   1.219128e+01 9.037269e+00 -1.820000e+01
    endloop
  endfacet
  facet normal 0.000000e+00 6.361520e-01 7.715637e-01
    outer loop
      vertex   1.219628e+01 9.214420e+00 -1.834606e+01
      vertex   1.219128e+01 9.037269e+00 -1.820000e+01
      vertex   1.219378e+01 9.037269e+00 -1.820000e+01
    endloop
  endfacet
  facet normal -0.000000e+00 6.361520e-01 7.715637e-01
    outer loop
      vertex   1.219378e+01 9.037269e+00 -1.820000e+01
      vertex   1.219628e+01 9.037269e+00 -1.820000e+01
      vertex   1.219628e+01 9.214420e+00 -1.834606e+01
    endloop
  endfacet
  facet normal -2.563351e-12 -9.945798e-01 1.039761e-01
    outer loop
      vertex   1.219628e+01 1.063299e+01 -1.820000e+01
      vertex   1.219378e+01 1.063299e+01 -1.820000e+01
      vertex   1.219628e+01 1.062028e+01 -1.832158e+01
    endloop
  endfacet
  facet normal 0.000000e+00 -9.945798e-01 1.039761e-01
    outer loop
      vertex   1.219628e+01 1.062028e+01 -1.832158e+01
      vertex   1.219378e+01 1.063299e+01 -1.820000e+01
      vertex   1.219128e+01 1.063299e+01 -1.820000e+01
    endloop
  endfacet
  facet normal 1.709339e-12 -9.945798e-01 1.039761e-01
    outer loop
      vertex   1.219628e+01 1.062028e+01 -1.832158e+01
      vertex   1.219128e+01 1.063299e+01 -1.820000e+01
      vertex   1.218878e+01 1.063299e+01 -1.820000e+01
    endloop
  endfacet
  facet normal 8.544503e-13 -9.945798e-01 1.039761e-01
    outer loop
      vertex   1.218878e+01 1.063299e+01 -1.820000e+01
      vertex   1.218628e+01 1.063299e+01 -1.820000e+01
      vertex   1.219628e+01 1.062028e+01 -1.832158e+01
    endloop
  endfacet
  facet normal 5.268660e-04 -9.945752e-01 1.040189e-01
    outer loop
      vertex   1.219628e+01 1.062028e+01 -1.832158e+01
      vertex   1.218628e+01 1.063299e+01 -1.820000e+01
      vertex   1.019628e+01 1.062153e+01 -1.829945e+01
    endloop
  endfacet
  facet normal -4.982096e-04 -9.999316e-01 1.168513e-02
    outer loop
      vertex   1.219628e+01 1.062028e+01 -1.832158e+01
      vertex   1.019628e+01 1.062153e+01 -1.829945e+01
      vertex   1.019628e+01 1.062053e+01 -1.838523e+01
    endloop
  endfacet
  facet normal 0.000000e+00 -9.838815e-01 1.788216e-01
    outer loop
      vertex   1.218628e+01 1.064630e+01 -1.812673e+01
      vertex   1.019628e+01 1.064630e+01 -1.812673e+01
      vertex   1.218628e+01 1.063299e+01 -1.820000e+01
    endloop
  endfacet
  facet normal -1.396811e-03 -9.898697e-01 1.419716e-01
    outer loop
      vertex   1.218628e+01 1.063299e+01 -1.820000e+01
      vertex   1.019628e+01 1.064630e+01 -1.812673e+01
      vertex   1.019628e+01 1.062153e+01 -1.829945e+01
    endloop
  endfacet
  facet normal 0.000000e+00 -9.999921e-01 -3.968997e-03
    outer loop
      vertex   1.019628e+01 1.062053e+01 -1.838523e+01
      vertex   1.219628e+01 1.062053e+01 -1.838523e+01
      vertex   1.219628e+01 1.062028e+01 -1.832158e+01
    endloop
  endfacet
  facet normal 0.000000e+00 -9.694802e-01 2.451695e-01
    outer loop
      vertex   1.019628e+01 1.064630e+01 -1.812673e+01
      vertex   1.218628e+01 1.064630e+01 -1.812673e+01
      vertex   1.019628e+01 1.068229e+01 -1.798444e+01
    endloop
  endfacet
  facet normal 4.442652e-03 -9.529424e-01 3.031188e-01
    outer loop
      vertex   1.019628e+01 1.068229e+01 -1.798444e+01
      vertex   1.218628e+01 1.064630e+01 -1.812673e+01
      vertex   1.218628e+01 1.076420e+01 -1.775608e+01
    endloop
  endfacet
  facet normal 1.740543e-03 -9.459960e-01 3.241737e-01
    outer loop
      vertex   1.019628e+01 1.068229e+01 -1.798444e+01
      vertex   1.218628e+01 1.076420e+01 -1.775608e+01
      vertex   1.019628e+01 1.074003e+01 -1.781593e+01
    endloop
  endfacet
  facet normal -9.371380e-04 -9.160321e-01 4.011039e-01
    outer loop
      vertex   1.019628e+01 1.074003e+01 -1.781593e+01
      vertex   1.218628e+01 1.076420e+01 -1.775608e+01
      vertex   1.019628e+01 1.082445e+01 -1.762313e+01
    endloop
  endfacet
  facet normal 3.168751e-03 -8.921460e-01 4.517361e-01
    outer loop
      vertex   1.019628e+01 1.082445e+01 -1.762313e+01
      vertex   1.218628e+01 1.076420e+01 -1.775608e+01
      vertex   1.218628e+01 1.094047e+01 -1.740797e+01
    endloop
  endfacet
  facet normal 0.000000e+00 -8.802000e-01 4.746030e-01
    outer loop
      vertex   1.019628e+01 1.082445e+01 -1.762313e+01
      vertex   1.218628e+01 1.094047e+01 -1.740797e+01
      vertex   1.019628e+01 1.094047e+01 -1.740797e+01
    endloop
  endfacet
  facet normal 0.000000e+00 -0.000000e+00 1.000000e+00
    outer loop
      vertex   1.218628e+01 1.094047e+01 -1.740797e+01
      vertex   1.218628e+01 1.156697e+01 -1.740797e+01
      vertex   1.019628e+01 1.094047e+01 -1.740797e+01
    endloop
  endfacet
  facet normal 0.000000e+00 0.000000e+00 1.000000e+00
    outer loop
      vertex   1.019628e+01 1.094047e+01 -1.740797e+01
      vertex   1.218628e+01 1.156697e+01 -1.740797e+01
      vertex   1.019628e+01 1.156697e+01 -1.740797e+01
    endloop
  endfacet
  facet normal -0.000000e+00 8.802000e-01 4.746030e-01
    outer loop
      vertex   1.019628e+01 1.156697e+01 -1.740797e+01
      vertex   1.218628e+01 1.156697e+01 -1.740797e+01
      vertex   1.019628e+01 1.168298e+01 -1.762313e+01
    endloop
  endfacet
  facet normal 3.168751e-03 8.921460e-01 4.517361e-01
    outer loop
      vertex   1.019628e+01 1.168298e+01 -1.762313e+01
      vertex   1.218628e+01 1.156697e+01 -1.740797e+01
      vertex   1.218628e+01 1.174324e+01 -1.775608e+01
    endloop
  endfacet
  facet normal -9.371380e-04 9.160321e-01 4.011039e-01
    outer loop
      vertex   1.019628e+01 1.168298e+01 -1.762313e+01
      vertex   1.218628e+01 1.174324e+01 -1.775608e+01
      vertex   1.019628e+01 1.176741e+01 -1.781593e+01
    endloop
  endfacet
  facet normal 1.740543e-03 9.459960e-01 3.241737e-01
    outer loop
      vertex   1.019628e+01 1.176741e+01 -1.781593e+01
      vertex   1.218628e+01 1.174324e+01 -1.775608e+01
      vertex   1.019628e+01 1.182515e+01 -1.798444e+01
    endloop
  endfacet
  facet normal 4.442652e-03 9.529424e-01 3.031188e-01
    outer loop
      vertex   1.019628e+01 1.182515e+01 -1.798444e+01
      vertex   1.218628e+01 1.174324e+01 -1.775608e+01
      vertex   1.218628e+01 1.186114e+01 -1.812673e+01
    endloop
  endfacet
  facet normal -1.731297e-15 9.694802e-01 2.451695e-01
    outer loop
      vertex   1.019628e+01 1.182515e+01 -1.798444e+01
      vertex   1.218628e+01 1.186114e+01 -1.812673e+01
      vertex   1.019628e+01 1.186114e+01 -1.812673e+01
    endloop
  endfacet
  facet normal -1.756507e-15 9.838815e-01 1.788216e-01
    outer loop
      vertex   1.218628e+01 1.186114e+01 -1.812673e+01
      vertex   1.218628e+01 1.187445e+01 -1.820000e+01
      vertex   1.019628e+01 1.186114e+01 -1.812673e+01
    endloop
  endfacet
  facet normal -1.396811e-03 9.898697e-01 1.419716e-01
    outer loop
      vertex   1.019628e+01 1.186114e+01 -1.812673e+01
      vertex   1.218628e+01 1.187445e+01 -1.820000e+01
      vertex   1.019628e+01 1.188591e+01 -1.829945e+01
    endloop
  endfacet
  facet normal 5.268660e-04 9.945752e-01 1.040189e-01
    outer loop
      vertex   1.019628e+01 1.188591e+01 -1.829945e+01
      vertex   1.218628e+01 1.187445e+01 -1.820000e+01
      vertex   1.219628e+01 1.188716e+01 -1.832158e+01
    endloop
  endfacet
  facet normal -4.982096e-04 9.999316e-01 1.168513e-02
    outer loop
      vertex   1.019628e+01 1.188591e+01 -1.829945e+01
      vertex   1.219628e+01 1.188716e+01 -1.832158e+01
      vertex   1.019628e+01 1.188691e+01 -1.838523e+01
    endloop
  endfacet
  facet normal 0.000000e+00 9.999921e-01 -3.968997e-03
    outer loop
      vertex   1.019628e+01 1.188691e+01 -1.838523e+01
      vertex   1.219628e+01 1.188716e+01 -1.832158e+01
      vertex   1.219628e+01 1.188691e+01 -1.838523e+01
    endloop
  endfacet
  facet normal -0.000000e+00 9.945798e-01 1.039761e-01
    outer loop
      vertex   1.218628e+01 1.187445e+01 -1.820000e+01
      vertex   1.219628e+01 1.187445e+01 -1.820000e+01
      vertex   1.219628e+01 1.188716e+01 -1.832158e+01
    endloop
  endfacet
  facet normal 0.000000e+00 -6.361520e-01 7.715637e-01
    outer loop
      vertex   1.219628e+01 1.347017e+01 -1.820000e+01
      vertex   1.219378e+01 1.347017e+01 -1.820000e+01
      vertex   1.219628e+01 1.329302e+01 -1.834606e+01
    endloop
  endfacet
  facet normal 0.000000e+00 -6.361520e-01 7.715637e-01
    outer loop
      vertex   1.219628e+01 1.329302e+01 -1.834606e+01
      vertex   1.219378e+01 1.347017e+01 -1.820000e+01
      vertex   1.219128e+01 1.347017e+01 -1.820000e+01
    endloop
  endfacet
  facet normal 0.000000e+00 -6.361520e-01 7.715637e-01
    outer loop
      vertex   1.219628e+01 1.329302e+01 -1.834606e+01
      vertex   1.219128e+01 1.347017e+01 -1.820000e+01
      vertex   1.218878e+01 1.347017e+01 -1.820000e+01
    endloop
  endfacet
  facet normal 4.520132e-13 -6.361520e-01 7.715637e-01
    outer loop
      vertex   1.218878e+01 1.347017e+01 -1.820000e+01
      vertex   1.218628e+01 1.347017e+01 -1.820000e+01
      vertex   1.219628e+01 1.329302e+01 -1.834606e+01
    endloop
  endfacet
  facet normal 1.355850e-03 -6.361059e-01 7.716006e-01
    outer loop
      vertex   1.219628e+01 1.329302e+01 -1.834606e+01
      vertex   1.218628e+01 1.347017e+01 -1.820000e+01
      vertex   1.019628e+01 1.340089e+01 -1.825362e+01
    endloop
  endfacet
  facet normal -6.057723e-04 -6.571706e-01 7.537416e-01
    outer loop
      vertex   1.219628e+01 1.329302e+01 -1.834606e+01
      vertex   1.019628e+01 1.340089e+01 -1.825362e+01
      vertex   1.019628e+01 1.326662e+01 -1.837068e+01
    endloop
  endfacet
  facet normal -1.063520e-03 -5.927551e-01 8.053821e-01
    outer loop
      vertex   1.019628e+01 1.340089e+01 -1.825362e+01
      vertex   1.218628e+01 1.347017e+01 -1.820000e+01
      vertex   1.019628e+01 1.357040e+01 -1.812886e+01
    endloop
  endfacet
  facet normal 2.653245e-03 -5.432341e-01 8.395771e-01
    outer loop
      vertex   1.019628e+01 1.357040e+01 -1.812886e+01
      vertex   1.218628e+01 1.347017e+01 -1.820000e+01
      vertex   1.218628e+01 1.377845e+01 -1.800053e+01
    endloop
  endfacet
  facet normal 0.000000e+00 -5.249740e-01 8.511183e-01
    outer loop
      vertex   1.019628e+01 1.357040e+01 -1.812886e+01
      vertex   1.218628e+01 1.377845e+01 -1.800053e+01
      vertex   1.019628e+01 1.377845e+01 -1.800053e+01
    endloop
  endfacet
  facet normal 6.368326e-16 -7.170098e-01 6.970631e-01
    outer loop
      vertex   1.019628e+01 1.316431e+01 -1.847592e+01
      vertex   1.219628e+01 1.316431e+01 -1.847592e+01
      vertex   1.019628e+01 1.326662e+01 -1.837068e+01
    endloop
  endfacet
  facet normal 7.077684e-04 -7.102535e-01 7.039457e-01
    outer loop
      vertex   1.019628e+01 1.326662e+01 -1.837068e+01
      vertex   1.219628e+01 1.316431e+01 -1.847592e+01
      vertex   1.219628e+01 1.329302e+01 -1.834606e+01
    endloop
  endfacet
  facet normal 0.000000e+00 4.833591e-01 8.754222e-01
    outer loop
      vertex   1.218628e+01 1.377845e+01 -1.800053e+01
      vertex   1.218628e+01 1.413971e+01 -1.820000e+01
      vertex   1.019628e+01 1.377845e+01 -1.800053e+01
    endloop
  endfacet
  facet normal -3.962793e-03 4.999961e-01 8.660186e-01
    outer loop
      vertex   1.019628e+01 1.377845e+01 -1.800053e+01
      vertex   1.218628e+01 1.413971e+01 -1.820000e+01
      vertex   1.019628e+01 1.432102e+01 -1.831379e+01
    endloop
  endfacet
  facet normal -0.000000e+00 5.315651e-01 8.470175e-01
    outer loop
      vertex   1.019628e+01 1.432102e+01 -1.831379e+01
      vertex   1.218628e+01 1.413971e+01 -1.820000e+01
      vertex   1.219628e+01 1.432102e+01 -1.831379e+01
    endloop
  endfacet
  facet normal 0.000000e+00 5.315651e-01 8.470175e-01
    outer loop
      vertex   1.219628e+01 1.432102e+01 -1.831379e+01
      vertex   1.218628e+01 1.413971e+01 -1.820000e+01
      vertex   1.218878e+01 1.413971e+01 -1.820000e+01
    endloop
  endfacet
  facet normal 0.000000e+00 5.315651e-01 8.470175e-01
    outer loop
      vertex   1.219628e+01 1.432102e+01 -1.831379e+01
      vertex   1.218878e+01 1.413971e+01 -1.820000e+01
      vertex   1.219128e+01 1.413971e+01 -1.820000e+01
    endloop
  endfacet
  facet normal 3.776997e-13 5.315651e-01 8.470175e-01
    outer loop
      vertex   1.219128e+01 1.413971e+01 -1.820000e+01
      vertex   1.219378e+01 1.413971e+01 -1.820000e+01
      vertex   1.219628e+01 1.432102e+01 -1.831379e+01
    endloop
  endfacet
  facet normal 0.000000e+00 5.315651e-01 8.470175e-01
    outer loop
      vertex   1.219628e+01 1.432102e+01 -1.831379e+01
      vertex   1.219378e+01 1.413971e+01 -1.820000e+01
      vertex   1.219628e+01 1.413971e+01 -1.820000e+01
    endloop
  endfacet
  facet normal 0.000000e+00 1.305262e-01 -9.914449e-01
    outer loop
      vertex   1.219628e+01 1.103428e+01 -2.217637e+01
      vertex   1.019628e+01 1.103428e+01 -2.217637e+01
      vertex   1.219628e+01 1.125428e+01 -2.214741e+01
    endloop
  endfacet
  facet normal 0.000000e+00 1.305262e-01 -9.914449e-01
    outer loop
      vertex   1.219628e+01 1.125428e+01 -2.214741e+01
      vertex   1.019628e+01 1.103428e+01 -2.217637e+01
      vertex   1.019628e+01 1.125428e+01 -2.214741e+01
    endloop
  endfacet
  facet normal -0.000000e+00 -1.305262e-01 -9.914449e-01
    outer loop
      vertex   1.219628e+01 1.125428e+01 -2.214741e+01
      vertex   1.019628e+01 1.125428e+01 -2.214741e+01
      vertex   1.219628e+01 1.147427e+01 -2.217637e+01
    endloop
  endfacet
  facet normal -0.000000e+00 -1.305262e-01 -9.914449e-01
    outer loop
      vertex   1.219628e+01 1.147427e+01 -2.217637e+01
      vertex   1.019628e+01 1.125428e+01 -2.214741e+01
      vertex   1.019628e+01 1.147427e+01 -2.217637e+01
    endloop
  endfacet
  facet normal -0.000000e+00 -3.826834e-01 -9.238795e-01
    outer loop
      vertex   1.219628e+01 1.147427e+01 -2.217637e+01
      vertex   1.019628e+01 1.147427e+01 -2.217637e+01
      vertex   1.219628e+01 1.167928e+01 -2.226129e+01
    endloop
  endfacet
  facet normal -0.000000e+00 -3.826834e-01 -9.238795e-01
    outer loop
      vertex   1.219628e+01 1.167928e+01 -2.226129e+01
      vertex   1.019628e+01 1.147427e+01 -2.217637e+01
      vertex   1.019628e+01 1.167928e+01 -2.226129e+01
    endloop
  endfacet
  facet normal -0.000000e+00 -6.087614e-01 -7.933533e-01
    outer loop
      vertex   1.219628e+01 1.167928e+01 -2.226129e+01
      vertex   1.019628e+01 1.167928e+01 -2.226129e+01
      vertex   1.219628e+01 1.185532e+01 -2.239637e+01
    endloop
  endfacet
  facet normal -0.000000e+00 -6.087614e-01 -7.933533e-01
    outer loop
      vertex   1.219628e+01 1.185532e+01 -2.239637e+01
      vertex   1.019628e+01 1.167928e+01 -2.226129e+01
      vertex   1.019628e+01 1.185532e+01 -2.239637e+01
    endloop
  endfacet
  facet normal -0.000000e+00 -7.933533e-01 -6.087614e-01
    outer loop
      vertex   1.219628e+01 1.185532e+01 -2.239637e+01
      vertex   1.019628e+01 1.185532e+01 -2.239637e+01
      vertex   1.219628e+01 1.199040e+01 -2.257241e+01
    endloop
  endfacet
  facet normal -0.000000e+00 -7.933533e-01 -6.087614e-01
    outer loop
      vertex   1.219628e+01 1.199040e+01 -2.257241e+01
      vertex   1.019628e+01 1.185532e+01 -2.239637e+01
      vertex   1.019628e+01 1.199040e+01 -2.257241e+01
    endloop
  endfacet
  facet normal -0.000000e+00 -9.238795e-01 -3.826834e-01
    outer loop
      vertex   1.219628e+01 1.199040e+01 -2.257241e+01
      vertex   1.019628e+01 1.199040e+01 -2.257241e+01
      vertex   1.219628e+01 1.207531e+01 -2.277741e+01
    endloop
  endfacet
  facet normal -0.000000e+00 -9.238795e-01 -3.826834e-01
    outer loop
      vertex   1.219628e+01 1.207531e+01 -2.277741e+01
      vertex   1.019628e+01 1.199040e+01 -2.257241e+01
      vertex   1.019628e+01 1.207531e+01 -2.277741e+01
    endloop
  endfacet
  facet normal -0.000000e+00 -9.914449e-01 -1.305262e-01
    outer loop
      vertex   1.219628e+01 1.207531e+01 -2.277741e+01
      vertex   1.019628e+01 1.207531e+01 -2.277741e+01
      vertex   1.219628e+01 1.210428e+01 -2.299741e+01
    endloop
  endfacet
  facet normal -0.000000e+00 -9.914449e-01 -1.305262e-01
    outer loop
      vertex   1.219628e+01 1.210428e+01 -2.299741e+01
      vertex   1.019628e+01 1.207531e+01 -2.277741e+01
      vertex   1.019628e+01 1.210428e+01 -2.299741e+01
    endloop
  endfacet
  facet normal 0.000000e+00 -9.914449e-01 1.305262e-01
    outer loop
      vertex   1.219628e+01 1.210428e+01 -2.299741e+01
      vertex   1.019628e+01 1.210428e+01 -2.299741e+01
      vertex   1.219628e+01 1.207531e+01 -2.321741e+01
    endloop
  endfacet
  facet normal 0.000000e+00 -9.914449e-01 1.305262e-01
    outer loop
      vertex   1.219628e+01 1.207531e+01 -2.321741e+01
      vertex   1.019628e+01 1.210428e+01 -2.299741e+01
      vertex   1.019628e+01 1.207531e+01 -2.321741e+01
    endloop
  endfacet
  facet normal 0.000000e+00 -9.238795e-01 3.826834e-01
    outer loop
      vertex   1.219628e+01 1.207531e+01 -2.321741e+01
      vertex   1.019628e+01 1.207531e+01 -2.321741e+01
      vertex   1.219628e+01 1.199040e+01 -2.342241e+01
    endloop
  endfacet
  facet normal 0.000000e+00 -9.238795e-01 3.826834e-01
    outer loop
      vertex   1.219628e+01 1.199040e+01 -2.342241e+01
      vertex   1.019628e+01 1.207531e+01 -2.321741e+01
      vertex   1.019628e+01 1.199040e+01 -2.342241e+01
    endloop
  endfacet
  facet normal 0.000000e+00 -7.933533e-01 6.087614e-01
    outer loop
      vertex   1.219628e+01 1.199040e+01 -2.342241e+01
      vertex   1.019628e+01 1.199040e+01 -2.342241e+01
      vertex   1.219628e+01 1.185532e+01 -2.359845e+01
    endloop
  endfacet
  facet normal 0.000000e+00 -7.933533e-01 6.087614e-01
    outer loop
      vertex   1.219628e+01 1.185532e+01 -2.359845e+01
      vertex   1.019628e+01 1.199040e+01 -2.342241e+01
      vertex   1.019628e+01 1.185532e+01 -2.359845e+01
    endloop
  endfacet
  facet normal 0.000000e+00 -6.087614e-01 7.933533e-01
    outer loop
      vertex   1.219628e+01 1.185532e+01 -2.359845e+01
      vertex   1.019628e+01 1.185532e+01 -2.359845e+01
      vertex   1.219628e+01 1.167928e+01 -2.373353e+01
    endloop
  endfacet
  facet normal 0.000000e+00 -6.087614e-01 7.933533e-01
    outer loop
      vertex   1.219628e+01 1.167928e+01 -2.373353e+01
      vertex   1.019628e+01 1.185532e+01 -2.359845e+01
      vertex   1.019628e+01 1.167928e+01 -2.373353e+01
    endloop
  endfacet
  facet normal 0.000000e+00 -3.826834e-01 9.238795e-01
    outer loop
      vertex   1.219628e+01 1.167928e+01 -2.373353e+01
      vertex   1.019628e+01 1.167928e+01 -2.373353e+01
      vertex   1.219628e+01 1.147427e+01 -2.381845e+01
    endloop
  endfacet
  facet normal 3.398912e-16 -3.826834e-01 9.238795e-01
    outer loop
      vertex   1.219628e+01 1.147427e+01 -2.381845e+01
      vertex   1.019628e+01 1.167928e+01 -2.373353e+01
      vertex   1.019628e+01 1.147427e+01 -2.381845e+01
    endloop
  endfacet
  facet normal 1.159305e-16 -1.305262e-01 9.914449e-01
    outer loop
      vertex   1.219628e+01 1.147427e+01 -2.381845e+01
      vertex   1.019628e+01 1.147427e+01 -2.381845e+01
      vertex   1.219628e+01 1.125428e+01 -2.384741e+01
    endloop
  endfacet
  facet normal 0.000000e+00 -1.305262e-01 9.914449e-01
    outer loop
      vertex   1.219628e+01 1.125428e+01 -2.384741e+01
      vertex   1.019628e+01 1.147427e+01 -2.381845e+01
      vertex   1.019628e+01 1.125428e+01 -2.384741e+01
    endloop
  endfacet
  facet normal 0.000000e+00 1.305262e-01 9.914449e-01
    outer loop
      vertex   1.219628e+01 1.125428e+01 -2.384741e+01
      vertex   1.019628e+01 1.125428e+01 -2.384741e+01
      vertex   1.219628e+01 1.103428e+01 -2.381845e+01
    endloop
  endfacet
  facet normal -1.159305e-16 1.305262e-01 9.914449e-01
    outer loop
      vertex   1.219628e+01 1.103428e+01 -2.381845e+01
      vertex   1.019628e+01 1.125428e+01 -2.384741e+01
      vertex   1.019628e+01 1.103428e+01 -2.381845e+01
    endloop
  endfacet
  facet normal -3.398912e-16 3.826834e-01 9.238795e-01
    outer loop
      vertex   1.219628e+01 1.103428e+01 -2.381845e+01
      vertex   1.019628e+01 1.103428e+01 -2.381845e+01
      vertex   1.219628e+01 1.082928e+01 -2.373353e+01
    endloop
  endfacet
  facet normal 0.000000e+00 3.826834e-01 9.238795e-01
    outer loop
      vertex   1.219628e+01 1.082928e+01 -2.373353e+01
      vertex   1.019628e+01 1.103428e+01 -2.381845e+01
      vertex   1.019628e+01 1.082928e+01 -2.373353e+01
    endloop
  endfacet
  facet normal 0.000000e+00 6.087614e-01 7.933533e-01
    outer loop
      vertex   1.219628e+01 1.082928e+01 -2.373353e+01
      vertex   1.019628e+01 1.082928e+01 -2.373353e+01
      vertex   1.219628e+01 1.065323e+01 -2.359845e+01
    endloop
  endfacet
  facet normal 0.000000e+00 6.087614e-01 7.933533e-01
    outer loop
      vertex   1.219628e+01 1.065323e+01 -2.359845e+01
      vertex   1.019628e+01 1.082928e+01 -2.373353e+01
      vertex   1.019628e+01 1.065323e+01 -2.359845e+01
    endloop
  endfacet
  facet normal 0.000000e+00 7.933533e-01 6.087614e-01
    outer loop
      vertex   1.219628e+01 1.065323e+01 -2.359845e+01
      vertex   1.019628e+01 1.065323e+01 -2.359845e+01
      vertex   1.219628e+01 1.051815e+01 -2.342241e+01
    endloop
  endfacet
  facet normal 0.000000e+00 7.933533e-01 6.087614e-01
    outer loop
      vertex   1.219628e+01 1.051815e+01 -2.342241e+01
      vertex   1.019628e+01 1.065323e+01 -2.359845e+01
      vertex   1.019628e+01 1.051815e+01 -2.342241e+01
    endloop
  endfacet
  facet normal 0.000000e+00 9.238795e-01 3.826834e-01
    outer loop
      vertex   1.219628e+01 1.051815e+01 -2.342241e+01
      vertex   1.019628e+01 1.051815e+01 -2.342241e+01
      vertex   1.219628e+01 1.043324e+01 -2.321741e+01
    endloop
  endfacet
  facet normal 0.000000e+00 9.238795e-01 3.826834e-01
    outer loop
      vertex   1.219628e+01 1.043324e+01 -2.321741e+01
      vertex   1.019628e+01 1.051815e+01 -2.342241e+01
      vertex   1.019628e+01 1.043324e+01 -2.321741e+01
    endloop
  endfacet
  facet normal 0.000000e+00 9.914449e-01 1.305262e-01
    outer loop
      vertex   1.219628e+01 1.043324e+01 -2.321741e+01
      vertex   1.019628e+01 1.043324e+01 -2.321741e+01
      vertex   1.219628e+01 1.040428e+01 -2.299741e+01
    endloop
  endfacet
  facet normal 0.000000e+00 9.914449e-01 1.305262e-01
    outer loop
      vertex   1.219628e+01 1.040428e+01 -2.299741e+01
      vertex   1.019628e+01 1.043324e+01 -2.321741e+01
      vertex   1.019628e+01 1.040428e+01 -2.299741e+01
    endloop
  endfacet
  facet normal 0.000000e+00 9.914449e-01 -1.305262e-01
    outer loop
      vertex   1.219628e+01 1.040428e+01 -2.299741e+01
      vertex   1.019628e+01 1.040428e+01 -2.299741e+01
      vertex   1.219628e+01 1.043324e+01 -2.277741e+01
    endloop
  endfacet
  facet normal 0.000000e+00 9.914449e-01 -1.305262e-01
    outer loop
      vertex   1.219628e+01 1.043324e+01 -2.277741e+01
      vertex   1.019628e+01 1.040428e+01 -2.299741e+01
      vertex   1.019628e+01 1.043324e+01 -2.277741e+01
    endloop
  endfacet
  facet normal 0.000000e+00 9.238795e-01 -3.826834e-01
    outer loop
      vertex   1.219628e+01 1.043324e+01 -2.277741e+01
      vertex   1.019628e+01 1.043324e+01 -2.277741e+01
      vertex   1.219628e+01 1.051815e+01 -2.257241e+01
    endloop
  endfacet
  facet normal 0.000000e+00 9.238795e-01 -3.826834e-01
    outer loop
      vertex   1.219628e+01 1.051815e+01 -2.257241e+01
      vertex   1.019628e+01 1.043324e+01 -2.277741e+01
      vertex   1.019628e+01 1.051815e+01 -2.257241e+01
    endloop
  endfacet
  facet normal 0.000000e+00 7.933533e-01 -6.087614e-01
    outer loop
      vertex   1.219628e+01 1.051815e+01 -2.257241e+01
      vertex   1.019628e+01 1.051815e+01 -2.257241e+01
      vertex   1.219628e+01 1.065323e+01 -2.239637e+01
    endloop
  endfacet
  facet normal 0.000000e+00 7.933533e-01 -6.087614e-01
    outer loop
      vertex   1.219628e+01 1.065323e+01 -2.239637e+01
      vertex   1.019628e+01 1.051815e+01 -2.257241e+01
      vertex   1.019628e+01 1.065323e+01 -2.239637e+01
    endloop
  endfacet
  facet normal 0.000000e+00 6.087614e-01 -7.933533e-01
    outer loop
      vertex   1.219628e+01 1.065323e+01 -2.239637e+01
      vertex   1.019628e+01 1.065323e+01 -2.239637e+01
      vertex   1.219628e+01 1.082928e+01 -2.226129e+01
    endloop
  endfacet
  facet normal 0.000000e+00 6.087614e-01 -7.933533e-01
    outer loop
      vertex   1.219628e+01 1.082928e+01 -2.226129e+01
      vertex   1.019628e+01 1.065323e+01 -2.239637e+01
      vertex   1.019628e+01 1.082928e+01 -2.226129e+01
    endloop
  endfacet
  facet normal 0.000000e+00 3.826834e-01 -9.238795e-01
    outer loop
      vertex   1.219628e+01 1.082928e+01 -2.226129e+01
      vertex   1.019628e+01 1.082928e+01 -2.226129e+01
      vertex   1.219628e+01 1.103428e+01 -2.217637e+01
    endloop
  endfacet
  facet normal 0.000000e+00 3.826834e-01 -9.238795e-01
    outer loop
      vertex   1.219628e+01 1.103428e+01 -2.217637e+01
      vertex   1.019628e+01 1.082928e+01 -2.226129e+01
      vertex   1.019628e+01 1.103428e+01 -2.217637e+01
    endloop
  endfacet
  facet normal 0.000000e+00 6.178865e-01 -7.862673e-01
    outer loop
      vertex   1.219628e+01 1.577780e+01 -2.108941e+01
      vertex   1.219628e+01 1.564061e+01 -2.119721e+01
      vertex   1.019628e+01 1.577780e+01 -2.108941e+01
    endloop
  endfacet
  facet normal 0.000000e+00 6.178865e-01 -7.862673e-01
    outer loop
      vertex   1.019628e+01 1.577780e+01 -2.108941e+01
      vertex   1.219628e+01 1.564061e+01 -2.119721e+01
      vertex   1.019628e+01 1.564061e+01 -2.119721e+01
    endloop
  endfacet
  facet normal 0.000000e+00 5.100855e-01 -8.601237e-01
    outer loop
      vertex   1.019628e+01 1.564061e+01 -2.119721e+01
      vertex   1.219628e+01 1.564061e+01 -2.119721e+01
      vertex   1.219628e+01 1.556682e+01 -2.124097e+01
    endloop
  endfacet
  facet normal 0.000000e+00 5.100855e-01 -8.601237e-01
    outer loop
      vertex   1.019628e+01 1.564061e+01 -2.119721e+01
      vertex   1.219628e+01 1.556682e+01 -2.124097e+01
      vertex   1.019628e+01 1.556682e+01 -2.124097e+01
    endloop
  endfacet
  facet normal 0.000000e+00 8.511183e-01 -5.249740e-01
    outer loop
      vertex   1.219628e+01 1.625319e+01 -2.047527e+01
      vertex   1.219628e+01 1.612486e+01 -2.068332e+01
      vertex   1.019628e+01 1.625319e+01 -2.047527e+01
    endloop
  endfacet
  facet normal 0.000000e+00 8.511183e-01 -5.249740e-01
    outer loop
      vertex   1.019628e+01 1.625319e+01 -2.047527e+01
      vertex   1.219628e+01 1.612486e+01 -2.068332e+01
      vertex   1.019628e+01 1.612486e+01 -2.068332e+01
    endloop
  endfacet
  facet normal 0.000000e+00 8.053825e-01 -5.927554e-01
    outer loop
      vertex   1.019628e+01 1.612486e+01 -2.068332e+01
      vertex   1.219628e+01 1.612486e+01 -2.068332e+01
      vertex   1.219628e+01 1.600010e+01 -2.085283e+01
    endloop
  endfacet
  facet normal 0.000000e+00 8.053825e-01 -5.927554e-01
    outer loop
      vertex   1.019628e+01 1.612486e+01 -2.068332e+01
      vertex   1.219628e+01 1.600010e+01 -2.085283e+01
      vertex   1.019628e+01 1.600010e+01 -2.085283e+01
    endloop
  endfacet
  facet normal 0.000000e+00 7.537418e-01 -6.571707e-01
    outer loop
      vertex   1.019628e+01 1.600010e+01 -2.085283e+01
      vertex   1.219628e+01 1.600010e+01 -2.085283e+01
      vertex   1.219628e+01 1.588304e+01 -2.098710e+01
    endloop
  endfacet
  facet normal 0.000000e+00 7.537418e-01 -6.571707e-01
    outer loop
      vertex   1.019628e+01 1.600010e+01 -2.085283e+01
      vertex   1.219628e+01 1.588304e+01 -2.098710e+01
      vertex   1.019628e+01 1.588304e+01 -2.098710e+01
    endloop
  endfacet
  facet normal 0.000000e+00 6.970631e-01 -7.170098e-01
    outer loop
      vertex   1.019628e+01 1.588304e+01 -2.098710e+01
      vertex   1.219628e+01 1.588304e+01 -2.098710e+01
      vertex   1.219628e+01 1.577780e+01 -2.108941e+01
    endloop
  endfacet
  facet normal 0.000000e+00 6.970631e-01 -7.170098e-01
    outer loop
      vertex   1.019628e+01 1.588304e+01 -2.098710e+01
      vertex   1.219628e+01 1.577780e+01 -2.108941e+01
      vertex   1.019628e+01 1.577780e+01 -2.108941e+01
    endloop
  endfacet
  facet normal 0.000000e+00 8.660254e-01 5.000000e-01
    outer loop
      vertex   1.219628e+01 1.593993e+01 -1.993270e+01
      vertex   1.219628e+01 1.625319e+01 -2.047527e+01
      vertex   1.019628e+01 1.593993e+01 -1.993270e+01
    endloop
  endfacet
  facet normal 0.000000e+00 8.660254e-01 5.000000e-01
    outer loop
      vertex   1.019628e+01 1.593993e+01 -1.993270e+01
      vertex   1.219628e+01 1.625319e+01 -2.047527e+01
      vertex   1.019628e+01 1.625319e+01 -2.047527e+01
    endloop
  endfacet
  facet normal 0.000000e+00 -2.724171e-01 9.621793e-01
    outer loop
      vertex   1.219628e+01 1.517038e+01 -2.003733e+01
      vertex   1.219628e+01 1.531161e+01 -1.999734e+01
      vertex   1.019628e+01 1.517038e+01 -2.003733e+01
    endloop
  endfacet
  facet normal 0.000000e+00 -2.724171e-01 9.621793e-01
    outer loop
      vertex   1.019628e+01 1.517038e+01 -2.003733e+01
      vertex   1.219628e+01 1.531161e+01 -1.999734e+01
      vertex   1.019628e+01 1.531161e+01 -1.999734e+01
    endloop
  endfacet
  facet normal 0.000000e+00 -1.922557e-01 9.813449e-01
    outer loop
      vertex   1.019628e+01 1.531161e+01 -1.999734e+01
      vertex   1.219628e+01 1.531161e+01 -1.999734e+01
      vertex   1.219628e+01 1.548642e+01 -1.996310e+01
    endloop
  endfacet
  facet normal 0.000000e+00 -1.922557e-01 9.813449e-01
    outer loop
      vertex   1.019628e+01 1.531161e+01 -1.999734e+01
      vertex   1.219628e+01 1.548642e+01 -1.996310e+01
      vertex   1.019628e+01 1.548642e+01 -1.996310e+01
    endloop
  endfacet
  facet normal 0.000000e+00 -1.106500e-01 9.938594e-01
    outer loop
      vertex   1.019628e+01 1.548642e+01 -1.996310e+01
      vertex   1.219628e+01 1.548642e+01 -1.996310e+01
      vertex   1.219628e+01 1.569560e+01 -1.993981e+01
    endloop
  endfacet
  facet normal 0.000000e+00 -1.106500e-01 9.938594e-01
    outer loop
      vertex   1.019628e+01 1.548642e+01 -1.996310e+01
      vertex   1.219628e+01 1.569560e+01 -1.993981e+01
      vertex   1.019628e+01 1.569560e+01 -1.993981e+01
    endloop
  endfacet
  facet normal 0.000000e+00 -2.908169e-02 9.995770e-01
    outer loop
      vertex   1.019628e+01 1.569560e+01 -1.993981e+01
      vertex   1.219628e+01 1.569560e+01 -1.993981e+01
      vertex   1.219628e+01 1.593993e+01 -1.993270e+01
    endloop
  endfacet
  facet normal 0.000000e+00 -2.908169e-02 9.995770e-01
    outer loop
      vertex   1.019628e+01 1.569560e+01 -1.993981e+01
      vertex   1.219628e+01 1.593993e+01 -1.993270e+01
      vertex   1.019628e+01 1.593993e+01 -1.993270e+01
    endloop
  endfacet
  facet normal 0.000000e+00 -4.898462e-01 8.718088e-01
    outer loop
      vertex   1.219628e+01 1.493363e+01 -2.014426e+01
      vertex   1.219628e+01 1.500842e+01 -2.010223e+01
      vertex   1.019628e+01 1.493363e+01 -2.014426e+01
    endloop
  endfacet
  facet normal 0.000000e+00 -4.898462e-01 8.718088e-01
    outer loop
      vertex   1.019628e+01 1.493363e+01 -2.014426e+01
      vertex   1.219628e+01 1.500842e+01 -2.010223e+01
      vertex   1.019628e+01 1.500842e+01 -2.010223e+01
    endloop
  endfacet
  facet normal 0.000000e+00 -3.719842e-01 9.282391e-01
    outer loop
      vertex   1.019628e+01 1.500842e+01 -2.010223e+01
      vertex   1.219628e+01 1.500842e+01 -2.010223e+01
      vertex   1.219628e+01 1.517038e+01 -2.003733e+01
    endloop
  endfacet
  facet normal 0.000000e+00 -3.719842e-01 9.282391e-01
    outer loop
      vertex   1.019628e+01 1.500842e+01 -2.010223e+01
      vertex   1.219628e+01 1.517038e+01 -2.003733e+01
      vertex   1.019628e+01 1.517038e+01 -2.003733e+01
    endloop
  endfacet
  facet normal 0.000000e+00 -6.130829e-01 7.900186e-01
    outer loop
      vertex   1.219628e+01 1.425579e+01 -2.067029e+01
      vertex   1.219628e+01 1.493363e+01 -2.014426e+01
      vertex   1.019628e+01 1.425579e+01 -2.067029e+01
    endloop
  endfacet
  facet normal 0.000000e+00 -6.130829e-01 7.900186e-01
    outer loop
      vertex   1.019628e+01 1.425579e+01 -2.067029e+01
      vertex   1.219628e+01 1.493363e+01 -2.014426e+01
      vertex   1.019628e+01 1.493363e+01 -2.014426e+01
    endloop
  endfacet
  facet normal -5.874371e-16 6.613953e-01 7.500375e-01
    outer loop
      vertex   1.219628e+01 1.358343e+01 -1.999793e+01
      vertex   1.219628e+01 1.394072e+01 -2.031299e+01
      vertex   1.019628e+01 1.358343e+01 -1.999793e+01
    endloop
  endfacet
  facet normal 0.000000e+00 6.613953e-01 7.500375e-01
    outer loop
      vertex   1.019628e+01 1.358343e+01 -1.999793e+01
      vertex   1.219628e+01 1.394072e+01 -2.031299e+01
      vertex   1.019628e+01 1.394072e+01 -2.031299e+01
    endloop
  endfacet
  facet normal -0.000000e+00 7.500375e-01 6.613953e-01
    outer loop
      vertex   1.019628e+01 1.394072e+01 -2.031299e+01
      vertex   1.219628e+01 1.394072e+01 -2.031299e+01
      vertex   1.219628e+01 1.425579e+01 -2.067029e+01
    endloop
  endfacet
  facet normal 0.000000e+00 7.500375e-01 6.613953e-01
    outer loop
      vertex   1.019628e+01 1.394072e+01 -2.031299e+01
      vertex   1.219628e+01 1.425579e+01 -2.067029e+01
      vertex   1.019628e+01 1.425579e+01 -2.067029e+01
    endloop
  endfacet
  facet normal 0.000000e+00 7.900186e-01 -6.130829e-01
    outer loop
      vertex   1.219628e+01 1.410946e+01 -1.932009e+01
      vertex   1.219628e+01 1.358343e+01 -1.999793e+01
      vertex   1.019628e+01 1.410946e+01 -1.932009e+01
    endloop
  endfacet
  facet normal -7.116747e-16 7.900186e-01 -6.130829e-01
    outer loop
      vertex   1.019628e+01 1.410946e+01 -1.932009e+01
      vertex   1.219628e+01 1.358343e+01 -1.999793e+01
      vertex   1.019628e+01 1.358343e+01 -1.999793e+01
    endloop
  endfacet
  facet normal 0.000000e+00 9.282391e-01 -3.719842e-01
    outer loop
      vertex   1.219628e+01 1.421639e+01 -1.908334e+01
      vertex   1.219628e+01 1.415149e+01 -1.924529e+01
      vertex   1.019628e+01 1.421639e+01 -1.908334e+01
    endloop
  endfacet
  facet normal 0.000000e+00 9.282391e-01 -3.719842e-01
    outer loop
      vertex   1.019628e+01 1.421639e+01 -1.908334e+01
      vertex   1.219628e+01 1.415149e+01 -1.924529e+01
      vertex   1.019628e+01 1.415149e+01 -1.924529e+01
    endloop
  endfacet
  facet normal 0.000000e+00 8.718088e-01 -4.898462e-01
    outer loop
      vertex   1.019628e+01 1.415149e+01 -1.924529e+01
      vertex   1.219628e+01 1.415149e+01 -1.924529e+01
      vertex   1.219628e+01 1.410946e+01 -1.932009e+01
    endloop
  endfacet
  facet normal 0.000000e+00 8.718088e-01 -4.898462e-01
    outer loop
      vertex   1.019628e+01 1.415149e+01 -1.924529e+01
      vertex   1.219628e+01 1.410946e+01 -1.932009e+01
      vertex   1.019628e+01 1.410946e+01 -1.932009e+01
    endloop
  endfacet
  facet normal 0.000000e+00 9.995770e-01 -2.908169e-02
    outer loop
      vertex   1.219628e+01 1.432102e+01 -1.831379e+01
      vertex   1.219628e+01 1.431391e+01 -1.855812e+01
      vertex   1.019628e+01 1.432102e+01 -1.831379e+01
    endloop
  endfacet
  facet normal 0.000000e+00 9.995770e-01 -2.908169e-02
    outer loop
      vertex   1.019628e+01 1.432102e+01 -1.831379e+01
      vertex   1.219628e+01 1.431391e+01 -1.855812e+01
      vertex   1.019628e+01 1.431391e+01 -1.855812e+01
    endloop
  endfacet
  facet normal 0.000000e+00 9.938594e-01 -1.106500e-01
    outer loop
      vertex   1.019628e+01 1.431391e+01 -1.855812e+01
      vertex   1.219628e+01 1.431391e+01 -1.855812e+01
      vertex   1.219628e+01 1.429062e+01 -1.876730e+01
    endloop
  endfacet
  facet normal 0.000000e+00 9.938594e-01 -1.106500e-01
    outer loop
      vertex   1.019628e+01 1.431391e+01 -1.855812e+01
      vertex   1.219628e+01 1.429062e+01 -1.876730e+01
      vertex   1.019628e+01 1.429062e+01 -1.876730e+01
    endloop
  endfacet
  facet normal 0.000000e+00 9.813449e-01 -1.922557e-01
    outer loop
      vertex   1.019628e+01 1.429062e+01 -1.876730e+01
      vertex   1.219628e+01 1.429062e+01 -1.876730e+01
      vertex   1.219628e+01 1.425638e+01 -1.894211e+01
    endloop
  endfacet
  facet normal 0.000000e+00 9.813449e-01 -1.922557e-01
    outer loop
      vertex   1.019628e+01 1.429062e+01 -1.876730e+01
      vertex   1.219628e+01 1.425638e+01 -1.894211e+01
      vertex   1.019628e+01 1.425638e+01 -1.894211e+01
    endloop
  endfacet
  facet normal 0.000000e+00 9.621793e-01 -2.724171e-01
    outer loop
      vertex   1.019628e+01 1.425638e+01 -1.894211e+01
      vertex   1.219628e+01 1.425638e+01 -1.894211e+01
      vertex   1.219628e+01 1.421639e+01 -1.908334e+01
    endloop
  endfacet
  facet normal 0.000000e+00 9.621793e-01 -2.724171e-01
    outer loop
      vertex   1.019628e+01 1.425638e+01 -1.894211e+01
      vertex   1.219628e+01 1.421639e+01 -1.908334e+01
      vertex   1.019628e+01 1.421639e+01 -1.908334e+01
    endloop
  endfacet
  facet normal 7.639433e-16 -8.601237e-01 5.100855e-01
    outer loop
      vertex   1.219628e+01 1.301274e+01 -1.868690e+01
      vertex   1.219628e+01 1.305650e+01 -1.861311e+01
      vertex   1.019628e+01 1.301274e+01 -1.868690e+01
    endloop
  endfacet
  facet normal 7.658556e-16 -8.601237e-01 5.100855e-01
    outer loop
      vertex   1.019628e+01 1.301274e+01 -1.868690e+01
      vertex   1.219628e+01 1.305650e+01 -1.861311e+01
      vertex   1.019628e+01 1.305650e+01 -1.861311e+01
    endloop
  endfacet
  facet normal 6.983456e-16 -7.862673e-01 6.178865e-01
    outer loop
      vertex   1.019628e+01 1.305650e+01 -1.861311e+01
      vertex   1.219628e+01 1.305650e+01 -1.861311e+01
      vertex   1.219628e+01 1.316431e+01 -1.847592e+01
    endloop
  endfacet
  facet normal 7.009275e-16 -7.862673e-01 6.178865e-01
    outer loop
      vertex   1.019628e+01 1.305650e+01 -1.861311e+01
      vertex   1.219628e+01 1.316431e+01 -1.847592e+01
      vertex   1.019628e+01 1.316431e+01 -1.847592e+01
    endloop
  endfacet
  facet normal 1.644826e-15 -9.259546e-01 3.776347e-01
    outer loop
      vertex   1.219628e+01 1.268873e+01 -1.948137e+01
      vertex   1.219628e+01 1.301274e+01 -1.868690e+01
      vertex   1.019628e+01 1.268873e+01 -1.948137e+01
    endloop
  endfacet
  facet normal 8.087212e-16 -9.259546e-01 3.776347e-01
    outer loop
      vertex   1.019628e+01 1.268873e+01 -1.948137e+01
      vertex   1.219628e+01 1.301274e+01 -1.868690e+01
      vertex   1.019628e+01 1.301274e+01 -1.868690e+01
    endloop
  endfacet
  facet normal -1.756519e-16 1.977664e-01 9.802492e-01
    outer loop
      vertex   1.219628e+01 1.177028e+01 -1.923527e+01
      vertex   1.219628e+01 1.223723e+01 -1.932948e+01
      vertex   1.019628e+01 1.177028e+01 -1.923527e+01
    endloop
  endfacet
  facet normal -3.568760e-16 1.977664e-01 9.802492e-01
    outer loop
      vertex   1.019628e+01 1.177028e+01 -1.923527e+01
      vertex   1.219628e+01 1.223723e+01 -1.932948e+01
      vertex   1.019628e+01 1.223723e+01 -1.932948e+01
    endloop
  endfacet
  facet normal -5.663982e-16 3.188539e-01 9.478039e-01
    outer loop
      vertex   1.019628e+01 1.223723e+01 -1.932948e+01
      vertex   1.219628e+01 1.223723e+01 -1.932948e+01
      vertex   1.219628e+01 1.268873e+01 -1.948137e+01
    endloop
  endfacet
  facet normal -5.680884e-16 3.188539e-01 9.478039e-01
    outer loop
      vertex   1.019628e+01 1.223723e+01 -1.932948e+01
      vertex   1.219628e+01 1.268873e+01 -1.948137e+01
      vertex   1.019628e+01 1.268873e+01 -1.948137e+01
    endloop
  endfacet
  facet normal 0.000000e+00 9.907176e-01 -1.359360e-01
    outer loop
      vertex   1.219628e+01 1.188691e+01 -1.838523e+01
      vertex   1.219628e+01 1.177028e+01 -1.923527e+01
      vertex   1.019628e+01 1.188691e+01 -1.838523e+01
    endloop
  endfacet
  facet normal -8.815061e-16 9.907176e-01 -1.359360e-01
    outer loop
      vertex   1.019628e+01 1.188691e+01 -1.838523e+01
      vertex   1.219628e+01 1.177028e+01 -1.923527e+01
      vertex   1.019628e+01 1.177028e+01 -1.923527e+01
    endloop
  endfacet
  facet normal -0.000000e+00 -9.907176e-01 -1.359360e-01
    outer loop
      vertex   1.219628e+01 1.073716e+01 -1.923527e+01
      vertex   1.219628e+01 1.062053e+01 -1.838523e+01
      vertex   1.019628e+01 1.073716e+01 -1.923527e+01
    endloop
  endfacet
  facet normal 0.000000e+00 -9.907176e-01 -1.359360e-01
    outer loop
      vertex   1.019628e+01 1.073716e+01 -1.923527e+01
      vertex   1.219628e+01 1.062053e+01 -1.838523e+01
      vertex   1.019628e+01 1.062053e+01 -1.838523e+01
    endloop
  endfacet
  facet normal 2.831991e-16 -3.188539e-01 9.478039e-01
    outer loop
      vertex   1.219628e+01 9.818707e+00 -1.948137e+01
      vertex   1.219628e+01 1.027021e+01 -1.932948e+01
      vertex   1.019628e+01 9.818707e+00 -1.948137e+01
    endloop
  endfacet
  facet normal 0.000000e+00 -3.188539e-01 9.478039e-01
    outer loop
      vertex   1.019628e+01 9.818707e+00 -1.948137e+01
      vertex   1.219628e+01 1.027021e+01 -1.932948e+01
      vertex   1.019628e+01 1.027021e+01 -1.932948e+01
    endloop
  endfacet
  facet normal 0.000000e+00 -1.977664e-01 9.802492e-01
    outer loop
      vertex   1.019628e+01 1.027021e+01 -1.932948e+01
      vertex   1.219628e+01 1.027021e+01 -1.932948e+01
      vertex   1.219628e+01 1.073716e+01 -1.923527e+01
    endloop
  endfacet
  facet normal 0.000000e+00 -1.977664e-01 9.802492e-01
    outer loop
      vertex   1.019628e+01 1.027021e+01 -1.932948e+01
      vertex   1.219628e+01 1.073716e+01 -1.923527e+01
      vertex   1.019628e+01 1.073716e+01 -1.923527e+01
    endloop
  endfacet
  facet normal -8.224129e-16 9.259546e-01 3.776347e-01
    outer loop
      vertex   1.219628e+01 9.494693e+00 -1.868690e+01
      vertex   1.219628e+01 9.818707e+00 -1.948137e+01
      vertex   1.019628e+01 9.494693e+00 -1.868690e+01
    endloop
  endfacet
  facet normal -8.087212e-16 9.259546e-01 3.776347e-01
    outer loop
      vertex   1.019628e+01 9.494693e+00 -1.868690e+01
      vertex   1.219628e+01 9.818707e+00 -1.948137e+01
      vertex   1.019628e+01 9.818707e+00 -1.948137e+01
    endloop
  endfacet
  facet normal 0.000000e+00 7.862673e-01 6.178865e-01
    outer loop
      vertex   1.219628e+01 9.343124e+00 -1.847592e+01
      vertex   1.219628e+01 9.450933e+00 -1.861311e+01
      vertex   1.019628e+01 9.343124e+00 -1.847592e+01
    endloop
  endfacet
  facet normal -7.009275e-16 7.862673e-01 6.178865e-01
    outer loop
      vertex   1.019628e+01 9.343124e+00 -1.847592e+01
      vertex   1.219628e+01 9.450933e+00 -1.861311e+01
      vertex   1.019628e+01 9.450933e+00 -1.861311e+01
    endloop
  endfacet
  facet normal -7.639433e-16 8.601237e-01 5.100855e-01
    outer loop
      vertex   1.019628e+01 9.450933e+00 -1.861311e+01
      vertex   1.219628e+01 9.450933e+00 -1.861311e+01
      vertex   1.219628e+01 9.494693e+00 -1.868690e+01
    endloop
  endfacet
  facet normal -7.658556e-16 8.601237e-01 5.100855e-01
    outer loop
      vertex   1.019628e+01 9.450933e+00 -1.861311e+01
      vertex   1.219628e+01 9.494693e+00 -1.868690e+01
      vertex   1.019628e+01 9.494693e+00 -1.868690e+01
    endloop
  endfacet
  facet normal -0.000000e+00 -9.621793e-01 -2.724171e-01
    outer loop
      vertex   1.219628e+01 8.291046e+00 -1.908334e+01
      vertex   1.219628e+01 8.251063e+00 -1.894211e+01
      vertex   1.019628e+01 8.291046e+00 -1.908334e+01
    endloop
  endfacet
  facet normal 0.000000e+00 -9.621793e-01 -2.724171e-01
    outer loop
      vertex   1.019628e+01 8.291046e+00 -1.908334e+01
      vertex   1.219628e+01 8.251063e+00 -1.894211e+01
      vertex   1.019628e+01 8.251063e+00 -1.894211e+01
    endloop
  endfacet
  facet normal 0.000000e+00 -9.813449e-01 -1.922557e-01
    outer loop
      vertex   1.019628e+01 8.251063e+00 -1.894211e+01
      vertex   1.219628e+01 8.251063e+00 -1.894211e+01
      vertex   1.219628e+01 8.216816e+00 -1.876730e+01
    endloop
  endfacet
  facet normal 8.715822e-16 -9.813449e-01 -1.922557e-01
    outer loop
      vertex   1.019628e+01 8.251063e+00 -1.894211e+01
      vertex   1.219628e+01 8.216816e+00 -1.876730e+01
      vertex   1.019628e+01 8.216816e+00 -1.876730e+01
    endloop
  endfacet
  facet normal 8.827245e-16 -9.938594e-01 -1.106500e-01
    outer loop
      vertex   1.019628e+01 8.216816e+00 -1.876730e+01
      vertex   1.219628e+01 8.216816e+00 -1.876730e+01
      vertex   1.219628e+01 8.193527e+00 -1.855812e+01
    endloop
  endfacet
  facet normal 0.000000e+00 -9.938594e-01 -1.106500e-01
    outer loop
      vertex   1.019628e+01 8.216816e+00 -1.876730e+01
      vertex   1.219628e+01 8.193527e+00 -1.855812e+01
      vertex   1.019628e+01 8.193527e+00 -1.855812e+01
    endloop
  endfacet
  facet normal 0.000000e+00 -9.995770e-01 -2.908169e-02
    outer loop
      vertex   1.019628e+01 8.193527e+00 -1.855812e+01
      vertex   1.219628e+01 8.193527e+00 -1.855812e+01
      vertex   1.219628e+01 8.186418e+00 -1.831379e+01
    endloop
  endfacet
  facet normal 0.000000e+00 -9.995770e-01 -2.908169e-02
    outer loop
      vertex   1.019628e+01 8.193527e+00 -1.855812e+01
      vertex   1.219628e+01 8.186418e+00 -1.831379e+01
      vertex   1.019628e+01 8.186418e+00 -1.831379e+01
    endloop
  endfacet
  facet normal -0.000000e+00 -8.718088e-01 -4.898462e-01
    outer loop
      vertex   1.219628e+01 8.397974e+00 -1.932009e+01
      vertex   1.219628e+01 8.355950e+00 -1.924529e+01
      vertex   1.019628e+01 8.397974e+00 -1.932009e+01
    endloop
  endfacet
  facet normal 0.000000e+00 -8.718088e-01 -4.898462e-01
    outer loop
      vertex   1.019628e+01 8.397974e+00 -1.932009e+01
      vertex   1.219628e+01 8.355950e+00 -1.924529e+01
      vertex   1.019628e+01 8.355950e+00 -1.924529e+01
    endloop
  endfacet
  facet normal 0.000000e+00 -9.282391e-01 -3.719842e-01
    outer loop
      vertex   1.019628e+01 8.355950e+00 -1.924529e+01
      vertex   1.219628e+01 8.355950e+00 -1.924529e+01
      vertex   1.219628e+01 8.291046e+00 -1.908334e+01
    endloop
  endfacet
  facet normal 0.000000e+00 -9.282391e-01 -3.719842e-01
    outer loop
      vertex   1.019628e+01 8.355950e+00 -1.924529e+01
      vertex   1.219628e+01 8.291046e+00 -1.908334e+01
      vertex   1.019628e+01 8.291046e+00 -1.908334e+01
    endloop
  endfacet
  facet normal -0.000000e+00 -7.900186e-01 -6.130829e-01
    outer loop
      vertex   1.219628e+01 8.924004e+00 -1.999793e+01
      vertex   1.219628e+01 8.397974e+00 -1.932009e+01
      vertex   1.019628e+01 8.924004e+00 -1.999793e+01
    endloop
  endfacet
  facet normal 0.000000e+00 -7.900186e-01 -6.130829e-01
    outer loop
      vertex   1.019628e+01 8.924004e+00 -1.999793e+01
      vertex   1.219628e+01 8.397974e+00 -1.932009e+01
      vertex   1.019628e+01 8.397974e+00 -1.932009e+01
    endloop
  endfacet
  facet normal 0.000000e+00 -7.500375e-01 6.613953e-01
    outer loop
      vertex   1.219628e+01 8.251648e+00 -2.067029e+01
      vertex   1.219628e+01 8.566713e+00 -2.031299e+01
      vertex   1.019628e+01 8.251648e+00 -2.067029e+01
    endloop
  endfacet
  facet normal 6.700530e-16 -7.500375e-01 6.613953e-01
    outer loop
      vertex   1.019628e+01 8.251648e+00 -2.067029e+01
      vertex   1.219628e+01 8.566713e+00 -2.031299e+01
      vertex   1.019628e+01 8.566713e+00 -2.031299e+01
    endloop
  endfacet
  facet normal 5.874371e-16 -6.613953e-01 7.500375e-01
    outer loop
      vertex   1.019628e+01 8.566713e+00 -2.031299e+01
      vertex   1.219628e+01 8.566713e+00 -2.031299e+01
      vertex   1.219628e+01 8.924004e+00 -1.999793e+01
    endloop
  endfacet
  facet normal 0.000000e+00 -6.613953e-01 7.500375e-01
    outer loop
      vertex   1.019628e+01 8.566713e+00 -2.031299e+01
      vertex   1.219628e+01 8.924004e+00 -1.999793e+01
      vertex   1.019628e+01 8.924004e+00 -1.999793e+01
    endloop
  endfacet
  facet normal 0.000000e+00 6.130829e-01 7.900186e-01
    outer loop
      vertex   1.219628e+01 7.573806e+00 -2.014426e+01
      vertex   1.219628e+01 8.251648e+00 -2.067029e+01
      vertex   1.019628e+01 7.573806e+00 -2.014426e+01
    endloop
  endfacet
  facet normal 0.000000e+00 6.130829e-01 7.900186e-01
    outer loop
      vertex   1.019628e+01 7.573806e+00 -2.014426e+01
      vertex   1.219628e+01 8.251648e+00 -2.067029e+01
      vertex   1.019628e+01 8.251648e+00 -2.067029e+01
    endloop
  endfacet
  facet normal 0.000000e+00 3.719842e-01 9.282391e-01
    outer loop
      vertex   1.219628e+01 7.337054e+00 -2.003733e+01
      vertex   1.219628e+01 7.499014e+00 -2.010223e+01
      vertex   1.019628e+01 7.337054e+00 -2.003733e+01
    endloop
  endfacet
  facet normal 0.000000e+00 3.719842e-01 9.282391e-01
    outer loop
      vertex   1.019628e+01 7.337054e+00 -2.003733e+01
      vertex   1.219628e+01 7.499014e+00 -2.010223e+01
      vertex   1.019628e+01 7.499014e+00 -2.010223e+01
    endloop
  endfacet
  facet normal -0.000000e+00 4.898462e-01 8.718088e-01
    outer loop
      vertex   1.019628e+01 7.499014e+00 -2.010223e+01
      vertex   1.219628e+01 7.499014e+00 -2.010223e+01
      vertex   1.219628e+01 7.573806e+00 -2.014426e+01
    endloop
  endfacet
  facet normal 0.000000e+00 4.898462e-01 8.718088e-01
    outer loop
      vertex   1.019628e+01 7.499014e+00 -2.010223e+01
      vertex   1.219628e+01 7.573806e+00 -2.014426e+01
      vertex   1.019628e+01 7.573806e+00 -2.014426e+01
    endloop
  endfacet
  facet normal 0.000000e+00 2.908169e-02 9.995770e-01
    outer loop
      vertex   1.219628e+01 6.567506e+00 -1.993270e+01
      vertex   1.219628e+01 6.811841e+00 -1.993981e+01
      vertex   1.019628e+01 6.567506e+00 -1.993270e+01
    endloop
  endfacet
  facet normal 0.000000e+00 2.908169e-02 9.995770e-01
    outer loop
      vertex   1.019628e+01 6.567506e+00 -1.993270e+01
      vertex   1.219628e+01 6.811841e+00 -1.993981e+01
      vertex   1.019628e+01 6.811841e+00 -1.993981e+01
    endloop
  endfacet
  facet normal -0.000000e+00 1.106500e-01 9.938594e-01
    outer loop
      vertex   1.019628e+01 6.811841e+00 -1.993981e+01
      vertex   1.219628e+01 6.811841e+00 -1.993981e+01
      vertex   1.219628e+01 7.021023e+00 -1.996310e+01
    endloop
  endfacet
  facet normal 0.000000e+00 1.106500e-01 9.938594e-01
    outer loop
      vertex   1.019628e+01 6.811841e+00 -1.993981e+01
      vertex   1.219628e+01 7.021023e+00 -1.996310e+01
      vertex   1.019628e+01 7.021023e+00 -1.996310e+01
    endloop
  endfacet
  facet normal -0.000000e+00 1.922557e-01 9.813449e-01
    outer loop
      vertex   1.019628e+01 7.021023e+00 -1.996310e+01
      vertex   1.219628e+01 7.021023e+00 -1.996310e+01
      vertex   1.219628e+01 7.195833e+00 -1.999734e+01
    endloop
  endfacet
  facet normal 0.000000e+00 1.922557e-01 9.813449e-01
    outer loop
      vertex   1.019628e+01 7.021023e+00 -1.996310e+01
      vertex   1.219628e+01 7.195833e+00 -1.999734e+01
      vertex   1.019628e+01 7.195833e+00 -1.999734e+01
    endloop
  endfacet
  facet normal -0.000000e+00 2.724171e-01 9.621793e-01
    outer loop
      vertex   1.019628e+01 7.195833e+00 -1.999734e+01
      vertex   1.219628e+01 7.195833e+00 -1.999734e+01
      vertex   1.219628e+01 7.337054e+00 -2.003733e+01
    endloop
  endfacet
  facet normal 0.000000e+00 2.724171e-01 9.621793e-01
    outer loop
      vertex   1.019628e+01 7.195833e+00 -1.999734e+01
      vertex   1.219628e+01 7.337054e+00 -2.003733e+01
      vertex   1.019628e+01 7.337054e+00 -2.003733e+01
    endloop
  endfacet
  facet normal 0.000000e+00 -8.660254e-01 5.000000e-01
    outer loop
      vertex   1.219628e+01 6.254252e+00 -2.047527e+01
      vertex   1.219628e+01 6.567506e+00 -1.993270e+01
      vertex   1.019628e+01 6.254252e+00 -2.047527e+01
    endloop
  endfacet
  facet normal 0.000000e+00 -8.660254e-01 5.000000e-01
    outer loop
      vertex   1.019628e+01 6.254252e+00 -2.047527e+01
      vertex   1.219628e+01 6.567506e+00 -1.993270e+01
      vertex   1.019628e+01 6.567506e+00 -1.993270e+01
    endloop
  endfacet
  facet normal -0.000000e+00 -6.970631e-01 -7.170098e-01
    outer loop
      vertex   1.219628e+01 6.729637e+00 -2.108941e+01
      vertex   1.219628e+01 6.624400e+00 -2.098710e+01
      vertex   1.019628e+01 6.729637e+00 -2.108941e+01
    endloop
  endfacet
  facet normal 0.000000e+00 -6.970631e-01 -7.170098e-01
    outer loop
      vertex   1.019628e+01 6.729637e+00 -2.108941e+01
      vertex   1.219628e+01 6.624400e+00 -2.098710e+01
      vertex   1.019628e+01 6.624400e+00 -2.098710e+01
    endloop
  endfacet
  facet normal 0.000000e+00 -7.537418e-01 -6.571707e-01
    outer loop
      vertex   1.019628e+01 6.624400e+00 -2.098710e+01
      vertex   1.219628e+01 6.624400e+00 -2.098710e+01
      vertex   1.219628e+01 6.507336e+00 -2.085283e+01
    endloop
  endfacet
  facet normal 0.000000e+00 -7.537418e-01 -6.571707e-01
    outer loop
      vertex   1.019628e+01 6.624400e+00 -2.098710e+01
      vertex   1.219628e+01 6.507336e+00 -2.085283e+01
      vertex   1.019628e+01 6.507336e+00 -2.085283e+01
    endloop
  endfacet
  facet normal 0.000000e+00 -8.053825e-01 -5.927554e-01
    outer loop
      vertex   1.019628e+01 6.507336e+00 -2.085283e+01
      vertex   1.219628e+01 6.507336e+00 -2.085283e+01
      vertex   1.219628e+01 6.382576e+00 -2.068332e+01
    endloop
  endfacet
  facet normal 0.000000e+00 -8.053825e-01 -5.927554e-01
    outer loop
      vertex   1.019628e+01 6.507336e+00 -2.085283e+01
      vertex   1.219628e+01 6.382576e+00 -2.068332e+01
      vertex   1.019628e+01 6.382576e+00 -2.068332e+01
    endloop
  endfacet
  facet normal 0.000000e+00 -8.511183e-01 -5.249740e-01
    outer loop
      vertex   1.019628e+01 6.382576e+00 -2.068332e+01
      vertex   1.219628e+01 6.382576e+00 -2.068332e+01
      vertex   1.219628e+01 6.254252e+00 -2.047527e+01
    endloop
  endfacet
  facet normal 0.000000e+00 -8.511183e-01 -5.249740e-01
    outer loop
      vertex   1.019628e+01 6.382576e+00 -2.068332e+01
      vertex   1.219628e+01 6.254252e+00 -2.047527e+01
      vertex   1.019628e+01 6.254252e+00 -2.047527e+01
    endloop
  endfacet
  facet normal -0.000000e+00 -5.100855e-01 -8.601237e-01
    outer loop
      vertex   1.219628e+01 6.940615e+00 -2.124097e+01
      vertex   1.219628e+01 6.866825e+00 -2.119721e+01
      vertex   1.019628e+01 6.940615e+00 -2.124097e+01
    endloop
  endfacet
  facet normal 2.274818e-16 -5.100855e-01 -8.601237e-01
    outer loop
      vertex   1.019628e+01 6.940615e+00 -2.124097e+01
      vertex   1.219628e+01 6.866825e+00 -2.119721e+01
      vertex   1.019628e+01 6.866825e+00 -2.119721e+01
    endloop
  endfacet
  facet normal 2.743967e-16 -6.178865e-01 -7.862673e-01
    outer loop
      vertex   1.019628e+01 6.866825e+00 -2.119721e+01
      vertex   1.219628e+01 6.866825e+00 -2.119721e+01
      vertex   1.219628e+01 6.729637e+00 -2.108941e+01
    endloop
  endfacet
  facet normal 0.000000e+00 -6.178865e-01 -7.862673e-01
    outer loop
      vertex   1.019628e+01 6.866825e+00 -2.119721e+01
      vertex   1.219628e+01 6.729637e+00 -2.108941e+01
      vertex   1.019628e+01 6.729637e+00 -2.108941e+01
    endloop
  endfacet
  facet normal -0.000000e+00 -3.776347e-01 -9.259546e-01
    outer loop
      vertex   1.219628e+01 7.735091e+00 -2.156499e+01
      vertex   1.219628e+01 6.940615e+00 -2.124097e+01
      vertex   1.019628e+01 7.735091e+00 -2.156499e+01
    endloop
  endfacet
  facet normal 0.000000e+00 -3.776347e-01 -9.259546e-01
    outer loop
      vertex   1.019628e+01 7.735091e+00 -2.156499e+01
      vertex   1.219628e+01 6.940615e+00 -2.124097e+01
      vertex   1.019628e+01 6.940615e+00 -2.124097e+01
    endloop
  endfacet
  facet normal 0.000000e+00 -9.802492e-01 1.977664e-01
    outer loop
      vertex   1.219628e+01 7.488992e+00 -2.248344e+01
      vertex   1.219628e+01 7.583201e+00 -2.201649e+01
      vertex   1.019628e+01 7.488992e+00 -2.248344e+01
    endloop
  endfacet
  facet normal 0.000000e+00 -9.802492e-01 1.977664e-01
    outer loop
      vertex   1.019628e+01 7.488992e+00 -2.248344e+01
      vertex   1.219628e+01 7.583201e+00 -2.201649e+01
      vertex   1.019628e+01 7.583201e+00 -2.201649e+01
    endloop
  endfacet
  facet normal 0.000000e+00 -9.478039e-01 3.188539e-01
    outer loop
      vertex   1.019628e+01 7.583201e+00 -2.201649e+01
      vertex   1.219628e+01 7.583201e+00 -2.201649e+01
      vertex   1.219628e+01 7.735091e+00 -2.156499e+01
    endloop
  endfacet
  facet normal 0.000000e+00 -9.478039e-01 3.188539e-01
    outer loop
      vertex   1.019628e+01 7.583201e+00 -2.201649e+01
      vertex   1.219628e+01 7.735091e+00 -2.156499e+01
      vertex   1.019628e+01 7.735091e+00 -2.156499e+01
    endloop
  endfacet
  facet normal 0.000000e+00 1.359360e-01 9.907176e-01
    outer loop
      vertex   1.219628e+01 6.638948e+00 -2.236681e+01
      vertex   1.219628e+01 7.488992e+00 -2.248344e+01
      vertex   1.019628e+01 6.638948e+00 -2.236681e+01
    endloop
  endfacet
  facet normal 0.000000e+00 1.359360e-01 9.907176e-01
    outer loop
      vertex   1.019628e+01 6.638948e+00 -2.236681e+01
      vertex   1.219628e+01 7.488992e+00 -2.248344e+01
      vertex   1.019628e+01 7.488992e+00 -2.248344e+01
    endloop
  endfacet
  facet normal 0.000000e+00 -1.419718e-01 9.898707e-01
    outer loop
      vertex   1.219628e+01 6.380451e+00 -2.239258e+01
      vertex   1.219628e+01 6.553164e+00 -2.236781e+01
      vertex   1.019628e+01 6.380451e+00 -2.239258e+01
    endloop
  endfacet
  facet normal 6.213896e-17 -1.419718e-01 9.898707e-01
    outer loop
      vertex   1.019628e+01 6.380451e+00 -2.239258e+01
      vertex   1.219628e+01 6.553164e+00 -2.236781e+01
      vertex   1.019628e+01 6.553164e+00 -2.236781e+01
    endloop
  endfacet
  facet normal 5.189242e-18 -1.168513e-02 9.999317e-01
    outer loop
      vertex   1.019628e+01 6.553164e+00 -2.236781e+01
      vertex   1.219628e+01 6.553164e+00 -2.236781e+01
      vertex   1.219628e+01 6.638948e+00 -2.236681e+01
    endloop
  endfacet
  facet normal 0.000000e+00 -1.168513e-02 9.999317e-01
    outer loop
      vertex   1.019628e+01 6.553164e+00 -2.236781e+01
      vertex   1.219628e+01 6.638948e+00 -2.236681e+01
      vertex   1.019628e+01 6.638948e+00 -2.236681e+01
    endloop
  endfacet
  facet normal 0.000000e+00 -4.746030e-01 8.802000e-01
    outer loop
      vertex   1.219628e+01 5.661689e+00 -2.268675e+01
      vertex   1.219628e+01 5.876844e+00 -2.257073e+01
      vertex   1.019628e+01 5.661689e+00 -2.268675e+01
    endloop
  endfacet
  facet normal 0.000000e+00 -4.746030e-01 8.802000e-01
    outer loop
      vertex   1.019628e+01 5.661689e+00 -2.268675e+01
      vertex   1.219628e+01 5.876844e+00 -2.257073e+01
      vertex   1.019628e+01 5.876844e+00 -2.257073e+01
    endloop
  endfacet
  facet normal 0.000000e+00 -4.011040e-01 9.160325e-01
    outer loop
      vertex   1.019628e+01 5.876844e+00 -2.257073e+01
      vertex   1.219628e+01 5.876844e+00 -2.257073e+01
      vertex   1.219628e+01 6.069645e+00 -2.248631e+01
    endloop
  endfacet
  facet normal 0.000000e+00 -4.011040e-01 9.160325e-01
    outer loop
      vertex   1.019628e+01 5.876844e+00 -2.257073e+01
      vertex   1.219628e+01 6.069645e+00 -2.248631e+01
      vertex   1.019628e+01 6.069645e+00 -2.248631e+01
    endloop
  endfacet
  facet normal 0.000000e+00 -3.241741e-01 9.459974e-01
    outer loop
      vertex   1.019628e+01 6.069645e+00 -2.248631e+01
      vertex   1.219628e+01 6.069645e+00 -2.248631e+01
      vertex   1.219628e+01 6.238159e+00 -2.242857e+01
    endloop
  endfacet
  facet normal 0.000000e+00 -3.241741e-01 9.459974e-01
    outer loop
      vertex   1.019628e+01 6.069645e+00 -2.248631e+01
      vertex   1.219628e+01 6.238159e+00 -2.242857e+01
      vertex   1.019628e+01 6.238159e+00 -2.242857e+01
    endloop
  endfacet
  facet normal 0.000000e+00 -2.451695e-01 9.694802e-01
    outer loop
      vertex   1.019628e+01 6.238159e+00 -2.242857e+01
      vertex   1.219628e+01 6.238159e+00 -2.242857e+01
      vertex   1.219628e+01 6.380451e+00 -2.239258e+01
    endloop
  endfacet
  facet normal 0.000000e+00 -2.451695e-01 9.694802e-01
    outer loop
      vertex   1.019628e+01 6.238159e+00 -2.242857e+01
      vertex   1.219628e+01 6.380451e+00 -2.239258e+01
      vertex   1.019628e+01 6.380451e+00 -2.239258e+01
    endloop
  endfacet
  facet normal 0.000000e+00 -1.000000e+00 0.000000e+00
    outer loop
      vertex   1.219628e+01 5.661689e+00 -2.331325e+01
      vertex   1.219628e+01 5.661689e+00 -2.268675e+01
      vertex   1.019628e+01 5.661689e+00 -2.331325e+01
    endloop
  endfacet
  facet normal 0.000000e+00 -1.000000e+00 0.000000e+00
    outer loop
      vertex   1.019628e+01 5.661689e+00 -2.331325e+01
      vertex   1.219628e+01 5.661689e+00 -2.268675e+01
      vertex   1.019628e+01 5.661689e+00 -2.268675e+01
    endloop
  endfacet
  facet normal -0.000000e+00 -2.451695e-01 -9.694802e-01
    outer loop
      vertex   1.219628e+01 6.380451e+00 -2.360742e+01
      vertex   1.219628e+01 6.238159e+00 -2.357143e+01
      vertex   1.019628e+01 6.380451e+00 -2.360742e+01
    endloop
  endfacet
  facet normal 0.000000e+00 -2.451695e-01 -9.694802e-01
    outer loop
      vertex   1.019628e+01 6.380451e+00 -2.360742e+01
      vertex   1.219628e+01 6.238159e+00 -2.357143e+01
      vertex   1.019628e+01 6.238159e+00 -2.357143e+01
    endloop
  endfacet
  facet normal 0.000000e+00 -3.241741e-01 -9.459974e-01
    outer loop
      vertex   1.019628e+01 6.238159e+00 -2.357143e+01
      vertex   1.219628e+01 6.238159e+00 -2.357143e+01
      vertex   1.219628e+01 6.069645e+00 -2.351369e+01
    endloop
  endfacet
  facet normal 0.000000e+00 -3.241741e-01 -9.459974e-01
    outer loop
      vertex   1.019628e+01 6.238159e+00 -2.357143e+01
      vertex   1.219628e+01 6.069645e+00 -2.351369e+01
      vertex   1.019628e+01 6.069645e+00 -2.351369e+01
    endloop
  endfacet
  facet normal 0.000000e+00 -4.011040e-01 -9.160325e-01
    outer loop
      vertex   1.019628e+01 6.069645e+00 -2.351369e+01
      vertex   1.219628e+01 6.069645e+00 -2.351369e+01
      vertex   1.219628e+01 5.876844e+00 -2.342927e+01
    endloop
  endfacet
  facet normal 0.000000e+00 -4.011040e-01 -9.160325e-01
    outer loop
      vertex   1.019628e+01 6.069645e+00 -2.351369e+01
      vertex   1.219628e+01 5.876844e+00 -2.342927e+01
      vertex   1.019628e+01 5.876844e+00 -2.342927e+01
    endloop
  endfacet
  facet normal 0.000000e+00 -4.746030e-01 -8.802000e-01
    outer loop
      vertex   1.019628e+01 5.876844e+00 -2.342927e+01
      vertex   1.219628e+01 5.876844e+00 -2.342927e+01
      vertex   1.219628e+01 5.661689e+00 -2.331325e+01
    endloop
  endfacet
  facet normal 0.000000e+00 -4.746030e-01 -8.802000e-01
    outer loop
      vertex   1.019628e+01 5.876844e+00 -2.342927e+01
      vertex   1.219628e+01 5.661689e+00 -2.331325e+01
      vertex   1.019628e+01 5.661689e+00 -2.331325e+01
    endloop
  endfacet
  facet normal -0.000000e+00 -1.168513e-02 -9.999317e-01
    outer loop
      vertex   1.219628e+01 6.638948e+00 -2.363319e+01
      vertex   1.219628e+01 6.553164e+00 -2.363219e+01
      vertex   1.019628e+01 6.638948e+00 -2.363319e+01
    endloop
  endfacet
  facet normal 5.134139e-18 -1.168513e-02 -9.999317e-01
    outer loop
      vertex   1.019628e+01 6.638948e+00 -2.363319e+01
      vertex   1.219628e+01 6.553164e+00 -2.363219e+01
      vertex   1.019628e+01 6.553164e+00 -2.363219e+01
    endloop
  endfacet
  facet normal 6.304813e-17 -1.419718e-01 -9.898707e-01
    outer loop
      vertex   1.019628e+01 6.553164e+00 -2.363219e+01
      vertex   1.219628e+01 6.553164e+00 -2.363219e+01
      vertex   1.219628e+01 6.380451e+00 -2.360742e+01
    endloop
  endfacet
  facet normal 0.000000e+00 -1.419718e-01 -9.898707e-01
    outer loop
      vertex   1.019628e+01 6.553164e+00 -2.363219e+01
      vertex   1.219628e+01 6.380451e+00 -2.360742e+01
      vertex   1.019628e+01 6.380451e+00 -2.360742e+01
    endloop
  endfacet
  facet normal -3.519736e-15 1.359360e-01 -9.907176e-01
    outer loop
      vertex   1.219628e+01 7.488992e+00 -2.351656e+01
      vertex   1.219628e+01 6.638948e+00 -2.363319e+01
      vertex   1.019628e+01 7.488992e+00 -2.351656e+01
    endloop
  endfacet
  facet normal 0.000000e+00 1.359360e-01 -9.907176e-01
    outer loop
      vertex   1.019628e+01 7.488992e+00 -2.351656e+01
      vertex   1.219628e+01 6.638948e+00 -2.363319e+01
      vertex   1.019628e+01 6.638948e+00 -2.363319e+01
    endloop
  endfacet
  facet normal -0.000000e+00 -9.478039e-01 -3.188539e-01
    outer loop
      vertex   1.219628e+01 7.735091e+00 -2.443501e+01
      vertex   1.219628e+01 7.583201e+00 -2.398351e+01
      vertex   1.019628e+01 7.735091e+00 -2.443501e+01
    endloop
  endfacet
  facet normal 0.000000e+00 -9.478039e-01 -3.188539e-01
    outer loop
      vertex   1.019628e+01 7.735091e+00 -2.443501e+01
      vertex   1.219628e+01 7.583201e+00 -2.398351e+01
      vertex   1.019628e+01 7.583201e+00 -2.398351e+01
    endloop
  endfacet
  facet normal 0.000000e+00 -9.802492e-01 -1.977664e-01
    outer loop
      vertex   1.019628e+01 7.583201e+00 -2.398351e+01
      vertex   1.219628e+01 7.583201e+00 -2.398351e+01
      vertex   1.219628e+01 7.488992e+00 -2.351656e+01
    endloop
  endfacet
  facet normal -7.064689e-16 -9.802492e-01 -1.977664e-01
    outer loop
      vertex   1.019628e+01 7.583201e+00 -2.398351e+01
      vertex   1.219628e+01 7.488992e+00 -2.351656e+01
      vertex   1.019628e+01 7.488992e+00 -2.351656e+01
    endloop
  endfacet
  facet normal 0.000000e+00 -3.776347e-01 9.259546e-01
    outer loop
      vertex   1.219628e+01 6.940615e+00 -2.475903e+01
      vertex   1.219628e+01 7.735091e+00 -2.443501e+01
      vertex   1.019628e+01 6.940615e+00 -2.475903e+01
    endloop
  endfacet
  facet normal 0.000000e+00 -3.776347e-01 9.259546e-01
    outer loop
      vertex   1.019628e+01 6.940615e+00 -2.475903e+01
      vertex   1.219628e+01 7.735091e+00 -2.443501e+01
      vertex   1.019628e+01 7.735091e+00 -2.443501e+01
    endloop
  endfacet
  facet normal 0.000000e+00 -6.178865e-01 7.862673e-01
    outer loop
      vertex   1.219628e+01 6.729637e+00 -2.491059e+01
      vertex   1.219628e+01 6.866825e+00 -2.480279e+01
      vertex   1.019628e+01 6.729637e+00 -2.491059e+01
    endloop
  endfacet
  facet normal 2.783826e-16 -6.178865e-01 7.862673e-01
    outer loop
      vertex   1.019628e+01 6.729637e+00 -2.491059e+01
      vertex   1.219628e+01 6.866825e+00 -2.480279e+01
      vertex   1.019628e+01 6.866825e+00 -2.480279e+01
    endloop
  endfacet
  facet normal 2.265235e-16 -5.100855e-01 8.601237e-01
    outer loop
      vertex   1.019628e+01 6.866825e+00 -2.480279e+01
      vertex   1.219628e+01 6.866825e+00 -2.480279e+01
      vertex   1.219628e+01 6.940615e+00 -2.475903e+01
    endloop
  endfacet
  facet normal 0.000000e+00 -5.100855e-01 8.601237e-01
    outer loop
      vertex   1.019628e+01 6.866825e+00 -2.480279e+01
      vertex   1.219628e+01 6.940615e+00 -2.475903e+01
      vertex   1.019628e+01 6.940615e+00 -2.475903e+01
    endloop
  endfacet
  facet normal 0.000000e+00 -8.511183e-01 5.249740e-01
    outer loop
      vertex   1.219628e+01 6.254252e+00 -2.552473e+01
      vertex   1.219628e+01 6.382576e+00 -2.531668e+01
      vertex   1.019628e+01 6.254252e+00 -2.552473e+01
    endloop
  endfacet
  facet normal 0.000000e+00 -8.511183e-01 5.249740e-01
    outer loop
      vertex   1.019628e+01 6.254252e+00 -2.552473e+01
      vertex   1.219628e+01 6.382576e+00 -2.531668e+01
      vertex   1.019628e+01 6.382576e+00 -2.531668e+01
    endloop
  endfacet
  facet normal 0.000000e+00 -8.053825e-01 5.927554e-01
    outer loop
      vertex   1.019628e+01 6.382576e+00 -2.531668e+01
      vertex   1.219628e+01 6.382576e+00 -2.531668e+01
      vertex   1.219628e+01 6.507336e+00 -2.514717e+01
    endloop
  endfacet
  facet normal 0.000000e+00 -8.053825e-01 5.927554e-01
    outer loop
      vertex   1.019628e+01 6.382576e+00 -2.531668e+01
      vertex   1.219628e+01 6.507336e+00 -2.514717e+01
      vertex   1.019628e+01 6.507336e+00 -2.514717e+01
    endloop
  endfacet
  facet normal 0.000000e+00 -7.537418e-01 6.571707e-01
    outer loop
      vertex   1.019628e+01 6.507336e+00 -2.514717e+01
      vertex   1.219628e+01 6.507336e+00 -2.514717e+01
      vertex   1.219628e+01 6.624400e+00 -2.501290e+01
    endloop
  endfacet
  facet normal 0.000000e+00 -7.537418e-01 6.571707e-01
    outer loop
      vertex   1.019628e+01 6.507336e+00 -2.514717e+01
      vertex   1.219628e+01 6.624400e+00 -2.501290e+01
      vertex   1.019628e+01 6.624400e+00 -2.501290e+01
    endloop
  endfacet
  facet normal 0.000000e+00 -6.970631e-01 7.170098e-01
    outer loop
      vertex   1.019628e+01 6.624400e+00 -2.501290e+01
      vertex   1.219628e+01 6.624400e+00 -2.501290e+01
      vertex   1.219628e+01 6.729637e+00 -2.491059e+01
    endloop
  endfacet
  facet normal 0.000000e+00 -6.970631e-01 7.170098e-01
    outer loop
      vertex   1.019628e+01 6.624400e+00 -2.501290e+01
      vertex   1.219628e+01 6.729637e+00 -2.491059e+01
      vertex   1.019628e+01 6.729637e+00 -2.491059e+01
    endloop
  endfacet
  facet normal -0.000000e+00 -8.660254e-01 -5.000000e-01
    outer loop
      vertex   1.219628e+01 6.567506e+00 -2.606730e+01
      vertex   1.219628e+01 6.254252e+00 -2.552473e+01
      vertex   1.019628e+01 6.567506e+00 -2.606730e+01
    endloop
  endfacet
  facet normal 0.000000e+00 -8.660254e-01 -5.000000e-01
    outer loop
      vertex   1.019628e+01 6.567506e+00 -2.606730e+01
      vertex   1.219628e+01 6.254252e+00 -2.552473e+01
      vertex   1.019628e+01 6.254252e+00 -2.552473e+01
    endloop
  endfacet
  facet normal 0.000000e+00 2.724171e-01 -9.621793e-01
    outer loop
      vertex   1.219628e+01 7.337054e+00 -2.596267e+01
      vertex   1.219628e+01 7.195833e+00 -2.600266e+01
      vertex   1.019628e+01 7.337054e+00 -2.596267e+01
    endloop
  endfacet
  facet normal 0.000000e+00 2.724171e-01 -9.621793e-01
    outer loop
      vertex   1.019628e+01 7.337054e+00 -2.596267e+01
      vertex   1.219628e+01 7.195833e+00 -2.600266e+01
      vertex   1.019628e+01 7.195833e+00 -2.600266e+01
    endloop
  endfacet
  facet normal 0.000000e+00 1.922557e-01 -9.813449e-01
    outer loop
      vertex   1.019628e+01 7.195833e+00 -2.600266e+01
      vertex   1.219628e+01 7.195833e+00 -2.600266e+01
      vertex   1.219628e+01 7.021023e+00 -2.603690e+01
    endloop
  endfacet
  facet normal 0.000000e+00 1.922557e-01 -9.813449e-01
    outer loop
      vertex   1.019628e+01 7.195833e+00 -2.600266e+01
      vertex   1.219628e+01 7.021023e+00 -2.603690e+01
      vertex   1.019628e+01 7.021023e+00 -2.603690e+01
    endloop
  endfacet
  facet normal 0.000000e+00 1.106500e-01 -9.938594e-01
    outer loop
      vertex   1.019628e+01 7.021023e+00 -2.603690e+01
      vertex   1.219628e+01 7.021023e+00 -2.603690e+01
      vertex   1.219628e+01 6.811841e+00 -2.606019e+01
    endloop
  endfacet
  facet normal 0.000000e+00 1.106500e-01 -9.938594e-01
    outer loop
      vertex   1.019628e+01 7.021023e+00 -2.603690e+01
      vertex   1.219628e+01 6.811841e+00 -2.606019e+01
      vertex   1.019628e+01 6.811841e+00 -2.606019e+01
    endloop
  endfacet
  facet normal 0.000000e+00 2.908169e-02 -9.995770e-01
    outer loop
      vertex   1.019628e+01 6.811841e+00 -2.606019e+01
      vertex   1.219628e+01 6.811841e+00 -2.606019e+01
      vertex   1.219628e+01 6.567506e+00 -2.606730e+01
    endloop
  endfacet
  facet normal 0.000000e+00 2.908169e-02 -9.995770e-01
    outer loop
      vertex   1.019628e+01 6.811841e+00 -2.606019e+01
      vertex   1.219628e+01 6.567506e+00 -2.606730e+01
      vertex   1.019628e+01 6.567506e+00 -2.606730e+01
    endloop
  endfacet
  facet normal 0.000000e+00 4.898462e-01 -8.718088e-01
    outer loop
      vertex   1.219628e+01 7.573806e+00 -2.585574e+01
      vertex   1.219628e+01 7.499014e+00 -2.589777e+01
      vertex   1.019628e+01 7.573806e+00 -2.585574e+01
    endloop
  endfacet
  facet normal 0.000000e+00 4.898462e-01 -8.718088e-01
    outer loop
      vertex   1.019628e+01 7.573806e+00 -2.585574e+01
      vertex   1.219628e+01 7.499014e+00 -2.589777e+01
      vertex   1.019628e+01 7.499014e+00 -2.589777e+01
    endloop
  endfacet
  facet normal 0.000000e+00 3.719842e-01 -9.282391e-01
    outer loop
      vertex   1.019628e+01 7.499014e+00 -2.589777e+01
      vertex   1.219628e+01 7.499014e+00 -2.589777e+01
      vertex   1.219628e+01 7.337054e+00 -2.596267e+01
    endloop
  endfacet
  facet normal 0.000000e+00 3.719842e-01 -9.282391e-01
    outer loop
      vertex   1.019628e+01 7.499014e+00 -2.589777e+01
      vertex   1.219628e+01 7.337054e+00 -2.596267e+01
      vertex   1.019628e+01 7.337054e+00 -2.596267e+01
    endloop
  endfacet
  facet normal 0.000000e+00 6.130829e-01 -7.900186e-01
    outer loop
      vertex   1.219628e+01 8.251648e+00 -2.532971e+01
      vertex   1.219628e+01 7.573806e+00 -2.585574e+01
      vertex   1.019628e+01 8.251648e+00 -2.532971e+01
    endloop
  endfacet
  facet normal 0.000000e+00 6.130829e-01 -7.900186e-01
    outer loop
      vertex   1.019628e+01 8.251648e+00 -2.532971e+01
      vertex   1.219628e+01 7.573806e+00 -2.585574e+01
      vertex   1.019628e+01 7.573806e+00 -2.585574e+01
    endloop
  endfacet
  facet normal -0.000000e+00 -6.613953e-01 -7.500375e-01
    outer loop
      vertex   1.219628e+01 8.924004e+00 -2.600207e+01
      vertex   1.219628e+01 8.566713e+00 -2.568701e+01
      vertex   1.019628e+01 8.924004e+00 -2.600207e+01
    endloop
  endfacet
  facet normal 5.972211e-16 -6.613953e-01 -7.500375e-01
    outer loop
      vertex   1.019628e+01 8.924004e+00 -2.600207e+01
      vertex   1.219628e+01 8.566713e+00 -2.568701e+01
      vertex   1.019628e+01 8.566713e+00 -2.568701e+01
    endloop
  endfacet
  facet normal 6.661671e-16 -7.500375e-01 -6.613953e-01
    outer loop
      vertex   1.019628e+01 8.566713e+00 -2.568701e+01
      vertex   1.219628e+01 8.566713e+00 -2.568701e+01
      vertex   1.219628e+01 8.251648e+00 -2.532971e+01
    endloop
  endfacet
  facet normal 0.000000e+00 -7.500375e-01 -6.613953e-01
    outer loop
      vertex   1.019628e+01 8.566713e+00 -2.568701e+01
      vertex   1.219628e+01 8.251648e+00 -2.532971e+01
      vertex   1.019628e+01 8.251648e+00 -2.532971e+01
    endloop
  endfacet
  facet normal 0.000000e+00 -7.900186e-01 6.130829e-01
    outer loop
      vertex   1.219628e+01 8.397974e+00 -2.667991e+01
      vertex   1.219628e+01 8.924004e+00 -2.600207e+01
      vertex   1.019628e+01 8.397974e+00 -2.667991e+01
    endloop
  endfacet
  facet normal 0.000000e+00 -7.900186e-01 6.130829e-01
    outer loop
      vertex   1.019628e+01 8.397974e+00 -2.667991e+01
      vertex   1.219628e+01 8.924004e+00 -2.600207e+01
      vertex   1.019628e+01 8.924004e+00 -2.600207e+01
    endloop
  endfacet
  facet normal 0.000000e+00 -9.282391e-01 3.719842e-01
    outer loop
      vertex   1.219628e+01 8.291046e+00 -2.691666e+01
      vertex   1.219628e+01 8.355950e+00 -2.675471e+01
      vertex   1.019628e+01 8.291046e+00 -2.691666e+01
    endloop
  endfacet
  facet normal 0.000000e+00 -9.282391e-01 3.719842e-01
    outer loop
      vertex   1.019628e+01 8.291046e+00 -2.691666e+01
      vertex   1.219628e+01 8.355950e+00 -2.675471e+01
      vertex   1.019628e+01 8.355950e+00 -2.675471e+01
    endloop
  endfacet
  facet normal 0.000000e+00 -8.718088e-01 4.898462e-01
    outer loop
      vertex   1.019628e+01 8.355950e+00 -2.675471e+01
      vertex   1.219628e+01 8.355950e+00 -2.675471e+01
      vertex   1.219628e+01 8.397974e+00 -2.667991e+01
    endloop
  endfacet
  facet normal 0.000000e+00 -8.718088e-01 4.898462e-01
    outer loop
      vertex   1.019628e+01 8.355950e+00 -2.675471e+01
      vertex   1.219628e+01 8.397974e+00 -2.667991e+01
      vertex   1.019628e+01 8.397974e+00 -2.667991e+01
    endloop
  endfacet
  facet normal 0.000000e+00 -9.995770e-01 2.908169e-02
    outer loop
      vertex   1.219628e+01 8.186418e+00 -2.768621e+01
      vertex   1.219628e+01 8.193527e+00 -2.744188e+01
      vertex   1.019628e+01 8.186418e+00 -2.768621e+01
    endloop
  endfacet
  facet normal 0.000000e+00 -9.995770e-01 2.908169e-02
    outer loop
      vertex   1.019628e+01 8.186418e+00 -2.768621e+01
      vertex   1.219628e+01 8.193527e+00 -2.744188e+01
      vertex   1.019628e+01 8.193527e+00 -2.744188e+01
    endloop
  endfacet
  facet normal 0.000000e+00 -9.938594e-01 1.106500e-01
    outer loop
      vertex   1.019628e+01 8.193527e+00 -2.744188e+01
      vertex   1.219628e+01 8.193527e+00 -2.744188e+01
      vertex   1.219628e+01 8.216816e+00 -2.723270e+01
    endloop
  endfacet
  facet normal 8.818930e-16 -9.938594e-01 1.106500e-01
    outer loop
      vertex   1.019628e+01 8.193527e+00 -2.744188e+01
      vertex   1.219628e+01 8.216816e+00 -2.723270e+01
      vertex   1.019628e+01 8.216816e+00 -2.723270e+01
    endloop
  endfacet
  facet normal 8.716093e-16 -9.813449e-01 1.922557e-01
    outer loop
      vertex   1.019628e+01 8.216816e+00 -2.723270e+01
      vertex   1.219628e+01 8.216816e+00 -2.723270e+01
      vertex   1.219628e+01 8.251063e+00 -2.705789e+01
    endloop
  endfacet
  facet normal 0.000000e+00 -9.813449e-01 1.922557e-01
    outer loop
      vertex   1.019628e+01 8.216816e+00 -2.723270e+01
      vertex   1.219628e+01 8.251063e+00 -2.705789e+01
      vertex   1.019628e+01 8.251063e+00 -2.705789e+01
    endloop
  endfacet
  facet normal 0.000000e+00 -9.621793e-01 2.724171e-01
    outer loop
      vertex   1.019628e+01 8.251063e+00 -2.705789e+01
      vertex   1.219628e+01 8.251063e+00 -2.705789e+01
      vertex   1.219628e+01 8.291046e+00 -2.691666e+01
    endloop
  endfacet
  facet normal 0.000000e+00 -9.621793e-01 2.724171e-01
    outer loop
      vertex   1.019628e+01 8.251063e+00 -2.705789e+01
      vertex   1.219628e+01 8.291046e+00 -2.691666e+01
      vertex   1.019628e+01 8.291046e+00 -2.691666e+01
    endloop
  endfacet
  facet normal 4.440892e-16 -5.000000e-01 -8.660254e-01
    outer loop
      vertex   1.219628e+01 8.728990e+00 -2.799947e+01
      vertex   1.219628e+01 8.186418e+00 -2.768621e+01
      vertex   1.019628e+01 8.728990e+00 -2.799947e+01
    endloop
  endfacet
  facet normal 0.000000e+00 -5.000000e-01 -8.660254e-01
    outer loop
      vertex   1.019628e+01 8.728990e+00 -2.799947e+01
      vertex   1.219628e+01 8.186418e+00 -2.768621e+01
      vertex   1.019628e+01 8.186418e+00 -2.768621e+01
    endloop
  endfacet
  facet normal 0.000000e+00 7.170098e-01 -6.970631e-01
    outer loop
      vertex   1.219628e+01 9.343124e+00 -2.752408e+01
      vertex   1.219628e+01 9.240815e+00 -2.762932e+01
      vertex   1.019628e+01 9.343124e+00 -2.752408e+01
    endloop
  endfacet
  facet normal 0.000000e+00 7.170098e-01 -6.970631e-01
    outer loop
      vertex   1.019628e+01 9.343124e+00 -2.752408e+01
      vertex   1.219628e+01 9.240815e+00 -2.762932e+01
      vertex   1.019628e+01 9.240815e+00 -2.762932e+01
    endloop
  endfacet
  facet normal 0.000000e+00 6.571707e-01 -7.537418e-01
    outer loop
      vertex   1.019628e+01 9.240815e+00 -2.762932e+01
      vertex   1.219628e+01 9.240815e+00 -2.762932e+01
      vertex   1.219628e+01 9.106548e+00 -2.774638e+01
    endloop
  endfacet
  facet normal 0.000000e+00 6.571707e-01 -7.537418e-01
    outer loop
      vertex   1.019628e+01 9.240815e+00 -2.762932e+01
      vertex   1.219628e+01 9.106548e+00 -2.774638e+01
      vertex   1.019628e+01 9.106548e+00 -2.774638e+01
    endloop
  endfacet
  facet normal 0.000000e+00 5.927554e-01 -8.053825e-01
    outer loop
      vertex   1.019628e+01 9.106548e+00 -2.774638e+01
      vertex   1.219628e+01 9.106548e+00 -2.774638e+01
      vertex   1.219628e+01 8.937036e+00 -2.787114e+01
    endloop
  endfacet
  facet normal -5.274874e-16 5.927554e-01 -8.053825e-01
    outer loop
      vertex   1.019628e+01 9.106548e+00 -2.774638e+01
      vertex   1.219628e+01 8.937036e+00 -2.787114e+01
      vertex   1.019628e+01 8.937036e+00 -2.787114e+01
    endloop
  endfacet
  facet normal -4.662706e-16 5.249740e-01 -8.511183e-01
    outer loop
      vertex   1.019628e+01 8.937036e+00 -2.787114e+01
      vertex   1.219628e+01 8.937036e+00 -2.787114e+01
      vertex   1.219628e+01 8.728990e+00 -2.799947e+01
    endloop
  endfacet
  facet normal -4.612899e-16 5.249740e-01 -8.511183e-01
    outer loop
      vertex   1.019628e+01 8.937036e+00 -2.787114e+01
      vertex   1.219628e+01 8.728990e+00 -2.799947e+01
      vertex   1.019628e+01 8.728990e+00 -2.799947e+01
    endloop
  endfacet
  facet normal -7.639433e-16 8.601237e-01 -5.100855e-01
    outer loop
      vertex   1.219628e+01 9.494693e+00 -2.731310e+01
      vertex   1.219628e+01 9.450933e+00 -2.738689e+01
      vertex   1.019628e+01 9.494693e+00 -2.731310e+01
    endloop
  endfacet
  facet normal -7.633280e-16 8.601237e-01 -5.100855e-01
    outer loop
      vertex   1.019628e+01 9.494693e+00 -2.731310e+01
      vertex   1.219628e+01 9.450933e+00 -2.738689e+01
      vertex   1.019628e+01 9.450933e+00 -2.738689e+01
    endloop
  endfacet
  facet normal -6.983456e-16 7.862673e-01 -6.178865e-01
    outer loop
      vertex   1.019628e+01 9.450933e+00 -2.738689e+01
      vertex   1.219628e+01 9.450933e+00 -2.738689e+01
      vertex   1.219628e+01 9.343124e+00 -2.752408e+01
    endloop
  endfacet
  facet normal 0.000000e+00 7.862673e-01 -6.178865e-01
    outer loop
      vertex   1.019628e+01 9.450933e+00 -2.738689e+01
      vertex   1.219628e+01 9.343124e+00 -2.752408e+01
      vertex   1.019628e+01 9.343124e+00 -2.752408e+01
    endloop
  endfacet
  facet normal -8.224129e-16 9.259546e-01 -3.776347e-01
    outer loop
      vertex   1.219628e+01 9.818707e+00 -2.651863e+01
      vertex   1.219628e+01 9.494693e+00 -2.731310e+01
      vertex   1.019628e+01 9.818707e+00 -2.651863e+01
    endloop
  endfacet
  facet normal -8.087212e-16 9.259546e-01 -3.776347e-01
    outer loop
      vertex   1.019628e+01 9.818707e+00 -2.651863e+01
      vertex   1.219628e+01 9.494693e+00 -2.731310e+01
      vertex   1.019628e+01 9.494693e+00 -2.731310e+01
    endloop
  endfacet
  facet normal -0.000000e+00 -1.977664e-01 -9.802492e-01
    outer loop
      vertex   1.219628e+01 1.073716e+01 -2.676473e+01
      vertex   1.219628e+01 1.027021e+01 -2.667052e+01
      vertex   1.019628e+01 1.073716e+01 -2.676473e+01
    endloop
  endfacet
  facet normal 0.000000e+00 -1.977664e-01 -9.802492e-01
    outer loop
      vertex   1.019628e+01 1.073716e+01 -2.676473e+01
      vertex   1.219628e+01 1.027021e+01 -2.667052e+01
      vertex   1.019628e+01 1.027021e+01 -2.667052e+01
    endloop
  endfacet
  facet normal 0.000000e+00 -3.188539e-01 -9.478039e-01
    outer loop
      vertex   1.019628e+01 1.027021e+01 -2.667052e+01
      vertex   1.219628e+01 1.027021e+01 -2.667052e+01
      vertex   1.219628e+01 9.818707e+00 -2.651863e+01
    endloop
  endfacet
  facet normal 2.913274e-16 -3.188539e-01 -9.478039e-01
    outer loop
      vertex   1.019628e+01 1.027021e+01 -2.667052e+01
      vertex   1.219628e+01 9.818707e+00 -2.651863e+01
      vertex   1.019628e+01 9.818707e+00 -2.651863e+01
    endloop
  endfacet
  facet normal 0.000000e+00 -9.907176e-01 1.359360e-01
    outer loop
      vertex   1.219628e+01 1.062053e+01 -2.761477e+01
      vertex   1.219628e+01 1.073716e+01 -2.676473e+01
      vertex   1.019628e+01 1.062053e+01 -2.761477e+01
    endloop
  endfacet
  facet normal 0.000000e+00 -9.907176e-01 1.359360e-01
    outer loop
      vertex   1.019628e+01 1.062053e+01 -2.761477e+01
      vertex   1.219628e+01 1.073716e+01 -2.676473e+01
      vertex   1.019628e+01 1.073716e+01 -2.676473e+01
    endloop
  endfacet
  facet normal -0.000000e+00 -9.898707e-01 -1.419718e-01
    outer loop
      vertex   1.219628e+01 1.064630e+01 -2.787327e+01
      vertex   1.219628e+01 1.062153e+01 -2.770055e+01
      vertex   1.019628e+01 1.064630e+01 -2.787327e+01
    endloop
  endfacet
  facet normal 0.000000e+00 -9.898707e-01 -1.419718e-01
    outer loop
      vertex   1.019628e+01 1.064630e+01 -2.787327e+01
      vertex   1.219628e+01 1.062153e+01 -2.770055e+01
      vertex   1.019628e+01 1.062153e+01 -2.770055e+01
    endloop
  endfacet
  facet normal 0.000000e+00 -9.999317e-01 -1.168513e-02
    outer loop
      vertex   1.019628e+01 1.062153e+01 -2.770055e+01
      vertex   1.219628e+01 1.062153e+01 -2.770055e+01
      vertex   1.219628e+01 1.062053e+01 -2.761477e+01
    endloop
  endfacet
  facet normal 0.000000e+00 -9.999317e-01 -1.168513e-02
    outer loop
      vertex   1.019628e+01 1.062153e+01 -2.770055e+01
      vertex   1.219628e+01 1.062053e+01 -2.761477e+01
      vertex   1.019628e+01 1.062053e+01 -2.761477e+01
    endloop
  endfacet
  facet normal -0.000000e+00 -8.802000e-01 -4.746030e-01
    outer loop
      vertex   1.219628e+01 1.094047e+01 -2.859203e+01
      vertex   1.219628e+01 1.082445e+01 -2.837687e+01
      vertex   1.019628e+01 1.094047e+01 -2.859203e+01
    endloop
  endfacet
  facet normal 0.000000e+00 -8.802000e-01 -4.746030e-01
    outer loop
      vertex   1.019628e+01 1.094047e+01 -2.859203e+01
      vertex   1.219628e+01 1.082445e+01 -2.837687e+01
      vertex   1.019628e+01 1.082445e+01 -2.837687e+01
    endloop
  endfacet
  facet normal 0.000000e+00 -9.160325e-01 -4.011040e-01
    outer loop
      vertex   1.019628e+01 1.082445e+01 -2.837687e+01
      vertex   1.219628e+01 1.082445e+01 -2.837687e+01
      vertex   1.219628e+01 1.074003e+01 -2.818407e+01
    endloop
  endfacet
  facet normal 0.000000e+00 -9.160325e-01 -4.011040e-01
    outer loop
      vertex   1.019628e+01 1.082445e+01 -2.837687e+01
      vertex   1.219628e+01 1.074003e+01 -2.818407e+01
      vertex   1.019628e+01 1.074003e+01 -2.818407e+01
    endloop
  endfacet
  facet normal 0.000000e+00 -9.459974e-01 -3.241741e-01
    outer loop
      vertex   1.019628e+01 1.074003e+01 -2.818407e+01
      vertex   1.219628e+01 1.074003e+01 -2.818407e+01
      vertex   1.219628e+01 1.068229e+01 -2.801556e+01
    endloop
  endfacet
  facet normal 0.000000e+00 -9.459974e-01 -3.241741e-01
    outer loop
      vertex   1.019628e+01 1.074003e+01 -2.818407e+01
      vertex   1.219628e+01 1.068229e+01 -2.801556e+01
      vertex   1.019628e+01 1.068229e+01 -2.801556e+01
    endloop
  endfacet
  facet normal 0.000000e+00 -9.694802e-01 -2.451695e-01
    outer loop
      vertex   1.019628e+01 1.068229e+01 -2.801556e+01
      vertex   1.219628e+01 1.068229e+01 -2.801556e+01
      vertex   1.219628e+01 1.064630e+01 -2.787327e+01
    endloop
  endfacet
  facet normal 0.000000e+00 -9.694802e-01 -2.451695e-01
    outer loop
      vertex   1.019628e+01 1.068229e+01 -2.801556e+01
      vertex   1.219628e+01 1.064630e+01 -2.787327e+01
      vertex   1.019628e+01 1.064630e+01 -2.787327e+01
    endloop
  endfacet
  facet normal -0.000000e+00 -0.000000e+00 -1.000000e+00
    outer loop
      vertex   1.219628e+01 1.156697e+01 -2.859203e+01
      vertex   1.219628e+01 1.094047e+01 -2.859203e+01
      vertex   1.019628e+01 1.156697e+01 -2.859203e+01
    endloop
  endfacet
  facet normal 0.000000e+00 0.000000e+00 -1.000000e+00
    outer loop
      vertex   1.019628e+01 1.156697e+01 -2.859203e+01
      vertex   1.219628e+01 1.094047e+01 -2.859203e+01
      vertex   1.019628e+01 1.094047e+01 -2.859203e+01
    endloop
  endfacet
  facet normal -1.722143e-15 9.694802e-01 -2.451695e-01
    outer loop
      vertex   1.219628e+01 1.186114e+01 -2.787327e+01
      vertex   1.219628e+01 1.182515e+01 -2.801556e+01
      vertex   1.019628e+01 1.186114e+01 -2.787327e+01
    endloop
  endfacet
  facet normal 0.000000e+00 9.694802e-01 -2.451695e-01
    outer loop
      vertex   1.019628e+01 1.186114e+01 -2.787327e+01
      vertex   1.219628e+01 1.182515e+01 -2.801556e+01
      vertex   1.019628e+01 1.182515e+01 -2.801556e+01
    endloop
  endfacet
  facet normal 0.000000e+00 9.459974e-01 -3.241741e-01
    outer loop
      vertex   1.019628e+01 1.182515e+01 -2.801556e+01
      vertex   1.219628e+01 1.182515e+01 -2.801556e+01
      vertex   1.219628e+01 1.176741e+01 -2.818407e+01
    endloop
  endfacet
  facet normal 0.000000e+00 9.459974e-01 -3.241741e-01
    outer loop
      vertex   1.019628e+01 1.182515e+01 -2.801556e+01
      vertex   1.219628e+01 1.176741e+01 -2.818407e+01
      vertex   1.019628e+01 1.176741e+01 -2.818407e+01
    endloop
  endfacet
  facet normal 0.000000e+00 9.160325e-01 -4.011040e-01
    outer loop
      vertex   1.019628e+01 1.176741e+01 -2.818407e+01
      vertex   1.219628e+01 1.176741e+01 -2.818407e+01
      vertex   1.219628e+01 1.168298e+01 -2.837687e+01
    endloop
  endfacet
  facet normal 0.000000e+00 9.160325e-01 -4.011040e-01
    outer loop
      vertex   1.019628e+01 1.176741e+01 -2.818407e+01
      vertex   1.219628e+01 1.168298e+01 -2.837687e+01
      vertex   1.019628e+01 1.168298e+01 -2.837687e+01
    endloop
  endfacet
  facet normal 0.000000e+00 8.802000e-01 -4.746030e-01
    outer loop
      vertex   1.019628e+01 1.168298e+01 -2.837687e+01
      vertex   1.219628e+01 1.168298e+01 -2.837687e+01
      vertex   1.219628e+01 1.156697e+01 -2.859203e+01
    endloop
  endfacet
  facet normal 0.000000e+00 8.802000e-01 -4.746030e-01
    outer loop
      vertex   1.019628e+01 1.168298e+01 -2.837687e+01
      vertex   1.219628e+01 1.156697e+01 -2.859203e+01
      vertex   1.019628e+01 1.156697e+01 -2.859203e+01
    endloop
  endfacet
  facet normal 0.000000e+00 9.999317e-01 -1.168513e-02
    outer loop
      vertex   1.219628e+01 1.188691e+01 -2.761477e+01
      vertex   1.219628e+01 1.188591e+01 -2.770055e+01
      vertex   1.019628e+01 1.188691e+01 -2.761477e+01
    endloop
  endfacet
  facet normal 0.000000e+00 9.999317e-01 -1.168513e-02
    outer loop
      vertex   1.019628e+01 1.188691e+01 -2.761477e+01
      vertex   1.219628e+01 1.188591e+01 -2.770055e+01
      vertex   1.019628e+01 1.188591e+01 -2.770055e+01
    endloop
  endfacet
  facet normal 0.000000e+00 9.898707e-01 -1.419718e-01
    outer loop
      vertex   1.019628e+01 1.188591e+01 -2.770055e+01
      vertex   1.219628e+01 1.188591e+01 -2.770055e+01
      vertex   1.219628e+01 1.186114e+01 -2.787327e+01
    endloop
  endfacet
  facet normal -1.757290e-15 9.898707e-01 -1.419718e-01
    outer loop
      vertex   1.019628e+01 1.188591e+01 -2.770055e+01
      vertex   1.219628e+01 1.186114e+01 -2.787327e+01
      vertex   1.019628e+01 1.186114e+01 -2.787327e+01
    endloop
  endfacet
  facet normal -8.799340e-16 9.907176e-01 1.359360e-01
    outer loop
      vertex   1.219628e+01 1.177028e+01 -2.676473e+01
      vertex   1.219628e+01 1.188691e+01 -2.761477e+01
      vertex   1.019628e+01 1.177028e+01 -2.676473e+01
    endloop
  endfacet
  facet normal 0.000000e+00 9.907176e-01 1.359360e-01
    outer loop
      vertex   1.019628e+01 1.177028e+01 -2.676473e+01
      vertex   1.219628e+01 1.188691e+01 -2.761477e+01
      vertex   1.019628e+01 1.188691e+01 -2.761477e+01
    endloop
  endfacet
  facet normal -5.663982e-16 3.188539e-01 -9.478039e-01
    outer loop
      vertex   1.219628e+01 1.268873e+01 -2.651863e+01
      vertex   1.219628e+01 1.223723e+01 -2.667052e+01
      vertex   1.019628e+01 1.268873e+01 -2.651863e+01
    endloop
  endfacet
  facet normal -5.680884e-16 3.188539e-01 -9.478039e-01
    outer loop
      vertex   1.019628e+01 1.268873e+01 -2.651863e+01
      vertex   1.219628e+01 1.223723e+01 -2.667052e+01
      vertex   1.019628e+01 1.223723e+01 -2.667052e+01
    endloop
  endfacet
  facet normal -3.513037e-16 1.977664e-01 -9.802492e-01
    outer loop
      vertex   1.019628e+01 1.223723e+01 -2.667052e+01
      vertex   1.219628e+01 1.223723e+01 -2.667052e+01
      vertex   1.219628e+01 1.177028e+01 -2.676473e+01
    endloop
  endfacet
  facet normal -1.747964e-16 1.977664e-01 -9.802492e-01
    outer loop
      vertex   1.019628e+01 1.223723e+01 -2.667052e+01
      vertex   1.219628e+01 1.177028e+01 -2.676473e+01
      vertex   1.019628e+01 1.177028e+01 -2.676473e+01
    endloop
  endfacet
  facet normal 8.224129e-16 -9.259546e-01 -3.776347e-01
    outer loop
      vertex   1.219628e+01 1.301274e+01 -2.731310e+01
      vertex   1.219628e+01 1.268873e+01 -2.651863e+01
      vertex   1.019628e+01 1.301274e+01 -2.731310e+01
    endloop
  endfacet
  facet normal 1.617442e-15 -9.259546e-01 -3.776347e-01
    outer loop
      vertex   1.019628e+01 1.301274e+01 -2.731310e+01
      vertex   1.219628e+01 1.268873e+01 -2.651863e+01
      vertex   1.019628e+01 1.268873e+01 -2.651863e+01
    endloop
  endfacet
  facet normal 6.983456e-16 -7.862673e-01 -6.178865e-01
    outer loop
      vertex   1.219628e+01 1.316431e+01 -2.752408e+01
      vertex   1.219628e+01 1.305650e+01 -2.738689e+01
      vertex   1.019628e+01 1.316431e+01 -2.752408e+01
    endloop
  endfacet
  facet normal 6.959564e-16 -7.862673e-01 -6.178865e-01
    outer loop
      vertex   1.019628e+01 1.316431e+01 -2.752408e+01
      vertex   1.219628e+01 1.305650e+01 -2.738689e+01
      vertex   1.019628e+01 1.305650e+01 -2.738689e+01
    endloop
  endfacet
  facet normal 7.639433e-16 -8.601237e-01 -5.100855e-01
    outer loop
      vertex   1.019628e+01 1.305650e+01 -2.738689e+01
      vertex   1.219628e+01 1.305650e+01 -2.738689e+01
      vertex   1.219628e+01 1.301274e+01 -2.731310e+01
    endloop
  endfacet
  facet normal 7.633280e-16 -8.601237e-01 -5.100855e-01
    outer loop
      vertex   1.019628e+01 1.305650e+01 -2.738689e+01
      vertex   1.219628e+01 1.301274e+01 -2.731310e+01
      vertex   1.019628e+01 1.301274e+01 -2.731310e+01
    endloop
  endfacet
  facet normal -0.000000e+00 -5.249740e-01 -8.511183e-01
    outer loop
      vertex   1.219628e+01 1.377845e+01 -2.799947e+01
      vertex   1.219628e+01 1.357040e+01 -2.787114e+01
      vertex   1.019628e+01 1.377845e+01 -2.799947e+01
    endloop
  endfacet
  facet normal 0.000000e+00 -5.249740e-01 -8.511183e-01
    outer loop
      vertex   1.019628e+01 1.377845e+01 -2.799947e+01
      vertex   1.219628e+01 1.357040e+01 -2.787114e+01
      vertex   1.019628e+01 1.357040e+01 -2.787114e+01
    endloop
  endfacet
  facet normal 0.000000e+00 -5.927554e-01 -8.053825e-01
    outer loop
      vertex   1.019628e+01 1.357040e+01 -2.787114e+01
      vertex   1.219628e+01 1.357040e+01 -2.787114e+01
      vertex   1.219628e+01 1.340089e+01 -2.774638e+01
    endloop
  endfacet
  facet normal 0.000000e+00 -5.927554e-01 -8.053825e-01
    outer loop
      vertex   1.019628e+01 1.357040e+01 -2.787114e+01
      vertex   1.219628e+01 1.340089e+01 -2.774638e+01
      vertex   1.019628e+01 1.340089e+01 -2.774638e+01
    endloop
  endfacet
  facet normal 0.000000e+00 -6.571707e-01 -7.537418e-01
    outer loop
      vertex   1.019628e+01 1.340089e+01 -2.774638e+01
      vertex   1.219628e+01 1.340089e+01 -2.774638e+01
      vertex   1.219628e+01 1.326662e+01 -2.762932e+01
    endloop
  endfacet
  facet normal 1.168602e-15 -6.571707e-01 -7.537418e-01
    outer loop
      vertex   1.019628e+01 1.340089e+01 -2.774638e+01
      vertex   1.219628e+01 1.326662e+01 -2.762932e+01
      vertex   1.019628e+01 1.326662e+01 -2.762932e+01
    endloop
  endfacet
  facet normal 1.273665e-15 -7.170098e-01 -6.970631e-01
    outer loop
      vertex   1.019628e+01 1.326662e+01 -2.762932e+01
      vertex   1.219628e+01 1.326662e+01 -2.762932e+01
      vertex   1.219628e+01 1.316431e+01 -2.752408e+01
    endloop
  endfacet
  facet normal 6.382339e-16 -7.170098e-01 -6.970631e-01
    outer loop
      vertex   1.019628e+01 1.326662e+01 -2.762932e+01
      vertex   1.219628e+01 1.316431e+01 -2.752408e+01
      vertex   1.019628e+01 1.316431e+01 -2.752408e+01
    endloop
  endfacet
  facet normal 0.000000e+00 5.000000e-01 -8.660254e-01
    outer loop
      vertex   1.219628e+01 1.432102e+01 -2.768621e+01
      vertex   1.219628e+01 1.377845e+01 -2.799947e+01
      vertex   1.019628e+01 1.432102e+01 -2.768621e+01
    endloop
  endfacet
  facet normal 0.000000e+00 5.000000e-01 -8.660254e-01
    outer loop
      vertex   1.019628e+01 1.432102e+01 -2.768621e+01
      vertex   1.219628e+01 1.377845e+01 -2.799947e+01
      vertex   1.019628e+01 1.377845e+01 -2.799947e+01
    endloop
  endfacet
  facet normal 0.000000e+00 9.621793e-01 2.724171e-01
    outer loop
      vertex   1.219628e+01 1.421639e+01 -2.691666e+01
      vertex   1.219628e+01 1.425638e+01 -2.705789e+01
      vertex   1.019628e+01 1.421639e+01 -2.691666e+01
    endloop
  endfacet
  facet normal 0.000000e+00 9.621793e-01 2.724171e-01
    outer loop
      vertex   1.019628e+01 1.421639e+01 -2.691666e+01
      vertex   1.219628e+01 1.425638e+01 -2.705789e+01
      vertex   1.019628e+01 1.425638e+01 -2.705789e+01
    endloop
  endfacet
  facet normal -0.000000e+00 9.813449e-01 1.922557e-01
    outer loop
      vertex   1.019628e+01 1.425638e+01 -2.705789e+01
      vertex   1.219628e+01 1.425638e+01 -2.705789e+01
      vertex   1.219628e+01 1.429062e+01 -2.723270e+01
    endloop
  endfacet
  facet normal 0.000000e+00 9.813449e-01 1.922557e-01
    outer loop
      vertex   1.019628e+01 1.425638e+01 -2.705789e+01
      vertex   1.219628e+01 1.429062e+01 -2.723270e+01
      vertex   1.019628e+01 1.429062e+01 -2.723270e+01
    endloop
  endfacet
  facet normal -0.000000e+00 9.938594e-01 1.106500e-01
    outer loop
      vertex   1.019628e+01 1.429062e+01 -2.723270e+01
      vertex   1.219628e+01 1.429062e+01 -2.723270e+01
      vertex   1.219628e+01 1.431391e+01 -2.744188e+01
    endloop
  endfacet
  facet normal 0.000000e+00 9.938594e-01 1.106500e-01
    outer loop
      vertex   1.019628e+01 1.429062e+01 -2.723270e+01
      vertex   1.219628e+01 1.431391e+01 -2.744188e+01
      vertex   1.019628e+01 1.431391e+01 -2.744188e+01
    endloop
  endfacet
  facet normal -0.000000e+00 9.995770e-01 2.908169e-02
    outer loop
      vertex   1.019628e+01 1.431391e+01 -2.744188e+01
      vertex   1.219628e+01 1.431391e+01 -2.744188e+01
      vertex   1.219628e+01 1.432102e+01 -2.768621e+01
    endloop
  endfacet
  facet normal 0.000000e+00 9.995770e-01 2.908169e-02
    outer loop
      vertex   1.019628e+01 1.431391e+01 -2.744188e+01
      vertex   1.219628e+01 1.432102e+01 -2.768621e+01
      vertex   1.019628e+01 1.432102e+01 -2.768621e+01
    endloop
  endfacet
  facet normal 0.000000e+00 8.718088e-01 4.898462e-01
    outer loop
      vertex   1.219628e+01 1.410946e+01 -2.667991e+01
      vertex   1.219628e+01 1.415149e+01 -2.675471e+01
      vertex   1.019628e+01 1.410946e+01 -2.667991e+01
    endloop
  endfacet
  facet normal 0.000000e+00 8.718088e-01 4.898462e-01
    outer loop
      vertex   1.019628e+01 1.410946e+01 -2.667991e+01
      vertex   1.219628e+01 1.415149e+01 -2.675471e+01
      vertex   1.019628e+01 1.415149e+01 -2.675471e+01
    endloop
  endfacet
  facet normal -0.000000e+00 9.282391e-01 3.719842e-01
    outer loop
      vertex   1.019628e+01 1.415149e+01 -2.675471e+01
      vertex   1.219628e+01 1.415149e+01 -2.675471e+01
      vertex   1.219628e+01 1.421639e+01 -2.691666e+01
    endloop
  endfacet
  facet normal 0.000000e+00 9.282391e-01 3.719842e-01
    outer loop
      vertex   1.019628e+01 1.415149e+01 -2.675471e+01
      vertex   1.219628e+01 1.421639e+01 -2.691666e+01
      vertex   1.019628e+01 1.421639e+01 -2.691666e+01
    endloop
  endfacet
  facet normal -7.016775e-16 7.900186e-01 6.130829e-01
    outer loop
      vertex   1.219628e+01 1.358343e+01 -2.600207e+01
      vertex   1.219628e+01 1.410946e+01 -2.667991e+01
      vertex   1.019628e+01 1.358343e+01 -2.600207e+01
    endloop
  endfacet
  facet normal 0.000000e+00 7.900186e-01 6.130829e-01
    outer loop
      vertex   1.019628e+01 1.358343e+01 -2.600207e+01
      vertex   1.219628e+01 1.410946e+01 -2.667991e+01
      vertex   1.019628e+01 1.410946e+01 -2.667991e+01
    endloop
  endfacet
  facet normal 0.000000e+00 7.500375e-01 -6.613953e-01
    outer loop
      vertex   1.219628e+01 1.425579e+01 -2.532971e+01
      vertex   1.219628e+01 1.394072e+01 -2.568701e+01
      vertex   1.019628e+01 1.425579e+01 -2.532971e+01
    endloop
  endfacet
  facet normal 0.000000e+00 7.500375e-01 -6.613953e-01
    outer loop
      vertex   1.019628e+01 1.425579e+01 -2.532971e+01
      vertex   1.219628e+01 1.394072e+01 -2.568701e+01
      vertex   1.019628e+01 1.394072e+01 -2.568701e+01
    endloop
  endfacet
  facet normal 0.000000e+00 6.613953e-01 -7.500375e-01
    outer loop
      vertex   1.019628e+01 1.394072e+01 -2.568701e+01
      vertex   1.219628e+01 1.394072e+01 -2.568701e+01
      vertex   1.219628e+01 1.358343e+01 -2.600207e+01
    endloop
  endfacet
  facet normal -5.826547e-16 6.613953e-01 -7.500375e-01
    outer loop
      vertex   1.019628e+01 1.394072e+01 -2.568701e+01
      vertex   1.219628e+01 1.358343e+01 -2.600207e+01
      vertex   1.019628e+01 1.358343e+01 -2.600207e+01
    endloop
  endfacet
  facet normal -0.000000e+00 -6.130829e-01 -7.900186e-01
    outer loop
      vertex   1.219628e+01 1.493363e+01 -2.585574e+01
      vertex   1.219628e+01 1.425579e+01 -2.532971e+01
      vertex   1.019628e+01 1.493363e+01 -2.585574e+01
    endloop
  endfacet
  facet normal 0.000000e+00 -6.130829e-01 -7.900186e-01
    outer loop
      vertex   1.019628e+01 1.493363e+01 -2.585574e+01
      vertex   1.219628e+01 1.425579e+01 -2.532971e+01
      vertex   1.019628e+01 1.425579e+01 -2.532971e+01
    endloop
  endfacet
  facet normal -0.000000e+00 -3.719842e-01 -9.282391e-01
    outer loop
      vertex   1.219628e+01 1.517038e+01 -2.596267e+01
      vertex   1.219628e+01 1.500842e+01 -2.589777e+01
      vertex   1.019628e+01 1.517038e+01 -2.596267e+01
    endloop
  endfacet
  facet normal 0.000000e+00 -3.719842e-01 -9.282391e-01
    outer loop
      vertex   1.019628e+01 1.517038e+01 -2.596267e+01
      vertex   1.219628e+01 1.500842e+01 -2.589777e+01
      vertex   1.019628e+01 1.500842e+01 -2.589777e+01
    endloop
  endfacet
  facet normal 0.000000e+00 -4.898462e-01 -8.718088e-01
    outer loop
      vertex   1.019628e+01 1.500842e+01 -2.589777e+01
      vertex   1.219628e+01 1.500842e+01 -2.589777e+01
      vertex   1.219628e+01 1.493363e+01 -2.585574e+01
    endloop
  endfacet
  facet normal 0.000000e+00 -4.898462e-01 -8.718088e-01
    outer loop
      vertex   1.019628e+01 1.500842e+01 -2.589777e+01
      vertex   1.219628e+01 1.493363e+01 -2.585574e+01
      vertex   1.019628e+01 1.493363e+01 -2.585574e+01
    endloop
  endfacet
  facet normal -0.000000e+00 -2.908169e-02 -9.995770e-01
    outer loop
      vertex   1.219628e+01 1.593993e+01 -2.606730e+01
      vertex   1.219628e+01 1.569560e+01 -2.606019e+01
      vertex   1.019628e+01 1.593993e+01 -2.606730e+01
    endloop
  endfacet
  facet normal 0.000000e+00 -2.908169e-02 -9.995770e-01
    outer loop
      vertex   1.019628e+01 1.593993e+01 -2.606730e+01
      vertex   1.219628e+01 1.569560e+01 -2.606019e+01
      vertex   1.019628e+01 1.569560e+01 -2.606019e+01
    endloop
  endfacet
  facet normal 0.000000e+00 -1.106500e-01 -9.938594e-01
    outer loop
      vertex   1.019628e+01 1.569560e+01 -2.606019e+01
      vertex   1.219628e+01 1.569560e+01 -2.606019e+01
      vertex   1.219628e+01 1.548642e+01 -2.603690e+01
    endloop
  endfacet
  facet normal 0.000000e+00 -1.106500e-01 -9.938594e-01
    outer loop
      vertex   1.019628e+01 1.569560e+01 -2.606019e+01
      vertex   1.219628e+01 1.548642e+01 -2.603690e+01
      vertex   1.019628e+01 1.548642e+01 -2.603690e+01
    endloop
  endfacet
  facet normal 0.000000e+00 -1.922557e-01 -9.813449e-01
    outer loop
      vertex   1.019628e+01 1.548642e+01 -2.603690e+01
      vertex   1.219628e+01 1.548642e+01 -2.603690e+01
      vertex   1.219628e+01 1.531161e+01 -2.600266e+01
    endloop
  endfacet
  facet normal 0.000000e+00 -1.922557e-01 -9.813449e-01
    outer loop
      vertex   1.019628e+01 1.548642e+01 -2.603690e+01
      vertex   1.219628e+01 1.531161e+01 -2.600266e+01
      vertex   1.019628e+01 1.531161e+01 -2.600266e+01
    endloop
  endfacet
  facet normal 0.000000e+00 -2.724171e-01 -9.621793e-01
    outer loop
      vertex   1.019628e+01 1.531161e+01 -2.600266e+01
      vertex   1.219628e+01 1.531161e+01 -2.600266e+01
      vertex   1.219628e+01 1.517038e+01 -2.596267e+01
    endloop
  endfacet
  facet normal 0.000000e+00 -2.724171e-01 -9.621793e-01
    outer loop
      vertex   1.019628e+01 1.531161e+01 -2.600266e+01
      vertex   1.219628e+01 1.517038e+01 -2.596267e+01
      vertex   1.019628e+01 1.517038e+01 -2.596267e+01
    endloop
  endfacet
  facet normal 0.000000e+00 8.660254e-01 -5.000000e-01
    outer loop
      vertex   1.219628e+01 1.625319e+01 -2.552473e+01
      vertex   1.219628e+01 1.593993e+01 -2.606730e+01
      vertex   1.019628e+01 1.625319e+01 -2.552473e+01
    endloop
  endfacet
  facet normal 0.000000e+00 8.660254e-01 -5.000000e-01
    outer loop
      vertex   1.019628e+01 1.625319e+01 -2.552473e+01
      vertex   1.219628e+01 1.593993e+01 -2.606730e+01
      vertex   1.019628e+01 1.593993e+01 -2.606730e+01
    endloop
  endfacet
  facet normal 0.000000e+00 6.970631e-01 7.170098e-01
    outer loop
      vertex   1.219628e+01 1.577780e+01 -2.491059e+01
      vertex   1.219628e+01 1.588304e+01 -2.501290e+01
      vertex   1.019628e+01 1.577780e+01 -2.491059e+01
    endloop
  endfacet
  facet normal 0.000000e+00 6.970631e-01 7.170098e-01
    outer loop
      vertex   1.019628e+01 1.577780e+01 -2.491059e+01
      vertex   1.219628e+01 1.588304e+01 -2.501290e+01
      vertex   1.019628e+01 1.588304e+01 -2.501290e+01
    endloop
  endfacet
  facet normal -0.000000e+00 7.537418e-01 6.571707e-01
    outer loop
      vertex   1.019628e+01 1.588304e+01 -2.501290e+01
      vertex   1.219628e+01 1.588304e+01 -2.501290e+01
      vertex   1.219628e+01 1.600010e+01 -2.514717e+01
    endloop
  endfacet
  facet normal 0.000000e+00 7.537418e-01 6.571707e-01
    outer loop
      vertex   1.019628e+01 1.588304e+01 -2.501290e+01
      vertex   1.219628e+01 1.600010e+01 -2.514717e+01
      vertex   1.019628e+01 1.600010e+01 -2.514717e+01
    endloop
  endfacet
  facet normal -0.000000e+00 8.053825e-01 5.927554e-01
    outer loop
      vertex   1.019628e+01 1.600010e+01 -2.514717e+01
      vertex   1.219628e+01 1.600010e+01 -2.514717e+01
      vertex   1.219628e+01 1.612486e+01 -2.531668e+01
    endloop
  endfacet
  facet normal 0.000000e+00 8.053825e-01 5.927554e-01
    outer loop
      vertex   1.019628e+01 1.600010e+01 -2.514717e+01
      vertex   1.219628e+01 1.612486e+01 -2.531668e+01
      vertex   1.019628e+01 1.612486e+01 -2.531668e+01
    endloop
  endfacet
  facet normal -0.000000e+00 8.511183e-01 5.249740e-01
    outer loop
      vertex   1.019628e+01 1.612486e+01 -2.531668e+01
      vertex   1.219628e+01 1.612486e+01 -2.531668e+01
      vertex   1.219628e+01 1.625319e+01 -2.552473e+01
    endloop
  endfacet
  facet normal 0.000000e+00 8.511183e-01 5.249740e-01
    outer loop
      vertex   1.019628e+01 1.612486e+01 -2.531668e+01
      vertex   1.219628e+01 1.625319e+01 -2.552473e+01
      vertex   1.019628e+01 1.625319e+01 -2.552473e+01
    endloop
  endfacet
  facet normal 0.000000e+00 5.100855e-01 8.601237e-01
    outer loop
      vertex   1.219628e+01 1.556682e+01 -2.475903e+01
      vertex   1.219628e+01 1.564061e+01 -2.480279e+01
      vertex   1.019628e+01 1.556682e+01 -2.475903e+01
    endloop
  endfacet
  facet normal 0.000000e+00 5.100855e-01 8.601237e-01
    outer loop
      vertex   1.019628e+01 1.556682e+01 -2.475903e+01
      vertex   1.219628e+01 1.564061e+01 -2.480279e+01
      vertex   1.019628e+01 1.564061e+01 -2.480279e+01
    endloop
  endfacet
  facet normal -0.000000e+00 6.178865e-01 7.862673e-01
    outer loop
      vertex   1.019628e+01 1.564061e+01 -2.480279e+01
      vertex   1.219628e+01 1.564061e+01 -2.480279e+01
      vertex   1.219628e+01 1.577780e+01 -2.491059e+01
    endloop
  endfacet
  facet normal 0.000000e+00 6.178865e-01 7.862673e-01
    outer loop
      vertex   1.019628e+01 1.564061e+01 -2.480279e+01
      vertex   1.219628e+01 1.577780e+01 -2.491059e+01
      vertex   1.019628e+01 1.577780e+01 -2.491059e+01
    endloop
  endfacet
  facet normal 0.000000e+00 3.776347e-01 9.259546e-01
    outer loop
      vertex   1.219628e+01 1.477235e+01 -2.443501e+01
      vertex   1.219628e+01 1.556682e+01 -2.475903e+01
      vertex   1.019628e+01 1.477235e+01 -2.443501e+01
    endloop
  endfacet
  facet normal 0.000000e+00 3.776347e-01 9.259546e-01
    outer loop
      vertex   1.019628e+01 1.477235e+01 -2.443501e+01
      vertex   1.219628e+01 1.556682e+01 -2.475903e+01
      vertex   1.019628e+01 1.556682e+01 -2.475903e+01
    endloop
  endfacet
  facet normal -7.026074e-16 9.802492e-01 -1.977664e-01
    outer loop
      vertex   1.219628e+01 1.501845e+01 -2.351656e+01
      vertex   1.219628e+01 1.492424e+01 -2.398351e+01
      vertex   1.019628e+01 1.501845e+01 -2.351656e+01
    endloop
  endfacet
  facet normal 0.000000e+00 9.802492e-01 -1.977664e-01
    outer loop
      vertex   1.019628e+01 1.501845e+01 -2.351656e+01
      vertex   1.219628e+01 1.492424e+01 -2.398351e+01
      vertex   1.019628e+01 1.492424e+01 -2.398351e+01
    endloop
  endfacet
  facet normal 0.000000e+00 9.478039e-01 -3.188539e-01
    outer loop
      vertex   1.019628e+01 1.492424e+01 -2.398351e+01
      vertex   1.219628e+01 1.492424e+01 -2.398351e+01
      vertex   1.219628e+01 1.477235e+01 -2.443501e+01
    endloop
  endfacet
  facet normal 0.000000e+00 9.478039e-01 -3.188539e-01
    outer loop
      vertex   1.019628e+01 1.492424e+01 -2.398351e+01
      vertex   1.219628e+01 1.477235e+01 -2.443501e+01
      vertex   1.019628e+01 1.477235e+01 -2.443501e+01
    endloop
  endfacet
  facet normal -0.000000e+00 -1.359360e-01 -9.907176e-01
    outer loop
      vertex   1.219628e+01 1.586849e+01 -2.363319e+01
      vertex   1.219628e+01 1.501845e+01 -2.351656e+01
      vertex   1.019628e+01 1.586849e+01 -2.363319e+01
    endloop
  endfacet
  facet normal -3.526025e-15 -1.359360e-01 -9.907176e-01
    outer loop
      vertex   1.019628e+01 1.586849e+01 -2.363319e+01
      vertex   1.219628e+01 1.501845e+01 -2.351656e+01
      vertex   1.019628e+01 1.501845e+01 -2.351656e+01
    endloop
  endfacet
  facet normal 0.000000e+00 1.419718e-01 -9.898707e-01
    outer loop
      vertex   1.219628e+01 1.612699e+01 -2.360742e+01
      vertex   1.219628e+01 1.595427e+01 -2.363219e+01
      vertex   1.019628e+01 1.612699e+01 -2.360742e+01
    endloop
  endfacet
  facet normal 0.000000e+00 1.419718e-01 -9.898707e-01
    outer loop
      vertex   1.019628e+01 1.612699e+01 -2.360742e+01
      vertex   1.219628e+01 1.595427e+01 -2.363219e+01
      vertex   1.019628e+01 1.595427e+01 -2.363219e+01
    endloop
  endfacet
  facet normal 0.000000e+00 1.168513e-02 -9.999317e-01
    outer loop
      vertex   1.019628e+01 1.595427e+01 -2.363219e+01
      vertex   1.219628e+01 1.595427e+01 -2.363219e+01
      vertex   1.219628e+01 1.586849e+01 -2.363319e+01
    endloop
  endfacet
  facet normal 0.000000e+00 1.168513e-02 -9.999317e-01
    outer loop
      vertex   1.019628e+01 1.595427e+01 -2.363219e+01
      vertex   1.219628e+01 1.586849e+01 -2.363319e+01
      vertex   1.019628e+01 1.586849e+01 -2.363319e+01
    endloop
  endfacet
  facet normal 0.000000e+00 4.746030e-01 -8.802000e-01
    outer loop
      vertex   1.219628e+01 1.684575e+01 -2.331325e+01
      vertex   1.219628e+01 1.663059e+01 -2.342927e+01
      vertex   1.019628e+01 1.684575e+01 -2.331325e+01
    endloop
  endfacet
  facet normal 0.000000e+00 4.746030e-01 -8.802000e-01
    outer loop
      vertex   1.019628e+01 1.684575e+01 -2.331325e+01
      vertex   1.219628e+01 1.663059e+01 -2.342927e+01
      vertex   1.019628e+01 1.663059e+01 -2.342927e+01
    endloop
  endfacet
  facet normal 0.000000e+00 4.011040e-01 -9.160325e-01
    outer loop
      vertex   1.019628e+01 1.663059e+01 -2.342927e+01
      vertex   1.219628e+01 1.663059e+01 -2.342927e+01
      vertex   1.219628e+01 1.643779e+01 -2.351369e+01
    endloop
  endfacet
  facet normal 0.000000e+00 4.011040e-01 -9.160325e-01
    outer loop
      vertex   1.019628e+01 1.663059e+01 -2.342927e+01
      vertex   1.219628e+01 1.643779e+01 -2.351369e+01
      vertex   1.019628e+01 1.643779e+01 -2.351369e+01
    endloop
  endfacet
  facet normal 0.000000e+00 3.241741e-01 -9.459974e-01
    outer loop
      vertex   1.019628e+01 1.643779e+01 -2.351369e+01
      vertex   1.219628e+01 1.643779e+01 -2.351369e+01
      vertex   1.219628e+01 1.626928e+01 -2.357143e+01
    endloop
  endfacet
  facet normal 0.000000e+00 3.241741e-01 -9.459974e-01
    outer loop
      vertex   1.019628e+01 1.643779e+01 -2.351369e+01
      vertex   1.219628e+01 1.626928e+01 -2.357143e+01
      vertex   1.019628e+01 1.626928e+01 -2.357143e+01
    endloop
  endfacet
  facet normal 0.000000e+00 2.451695e-01 -9.694802e-01
    outer loop
      vertex   1.019628e+01 1.626928e+01 -2.357143e+01
      vertex   1.219628e+01 1.626928e+01 -2.357143e+01
      vertex   1.219628e+01 1.612699e+01 -2.360742e+01
    endloop
  endfacet
  facet normal 0.000000e+00 2.451695e-01 -9.694802e-01
    outer loop
      vertex   1.019628e+01 1.626928e+01 -2.357143e+01
      vertex   1.219628e+01 1.612699e+01 -2.360742e+01
      vertex   1.019628e+01 1.612699e+01 -2.360742e+01
    endloop
  endfacet
  facet normal 0.000000e+00 1.000000e+00 0.000000e+00
    outer loop
      vertex   1.219628e+01 1.684575e+01 -2.268675e+01
      vertex   1.219628e+01 1.684575e+01 -2.331325e+01
      vertex   1.019628e+01 1.684575e+01 -2.268675e+01
    endloop
  endfacet
  facet normal 0.000000e+00 1.000000e+00 0.000000e+00
    outer loop
      vertex   1.019628e+01 1.684575e+01 -2.268675e+01
      vertex   1.219628e+01 1.684575e+01 -2.331325e+01
      vertex   1.019628e+01 1.684575e+01 -2.331325e+01
    endloop
  endfacet
  facet normal 0.000000e+00 2.451695e-01 9.694802e-01
    outer loop
      vertex   1.219628e+01 1.612699e+01 -2.239258e+01
      vertex   1.219628e+01 1.626928e+01 -2.242857e+01
      vertex   1.019628e+01 1.612699e+01 -2.239258e+01
    endloop
  endfacet
  facet normal 0.000000e+00 2.451695e-01 9.694802e-01
    outer loop
      vertex   1.019628e+01 1.612699e+01 -2.239258e+01
      vertex   1.219628e+01 1.626928e+01 -2.242857e+01
      vertex   1.019628e+01 1.626928e+01 -2.242857e+01
    endloop
  endfacet
  facet normal -0.000000e+00 3.241741e-01 9.459974e-01
    outer loop
      vertex   1.019628e+01 1.626928e+01 -2.242857e+01
      vertex   1.219628e+01 1.626928e+01 -2.242857e+01
      vertex   1.219628e+01 1.643779e+01 -2.248631e+01
    endloop
  endfacet
  facet normal 0.000000e+00 3.241741e-01 9.459974e-01
    outer loop
      vertex   1.019628e+01 1.626928e+01 -2.242857e+01
      vertex   1.219628e+01 1.643779e+01 -2.248631e+01
      vertex   1.019628e+01 1.643779e+01 -2.248631e+01
    endloop
  endfacet
  facet normal -0.000000e+00 4.011040e-01 9.160325e-01
    outer loop
      vertex   1.019628e+01 1.643779e+01 -2.248631e+01
      vertex   1.219628e+01 1.643779e+01 -2.248631e+01
      vertex   1.219628e+01 1.663059e+01 -2.257073e+01
    endloop
  endfacet
  facet normal 0.000000e+00 4.011040e-01 9.160325e-01
    outer loop
      vertex   1.019628e+01 1.643779e+01 -2.248631e+01
      vertex   1.219628e+01 1.663059e+01 -2.257073e+01
      vertex   1.019628e+01 1.663059e+01 -2.257073e+01
    endloop
  endfacet
  facet normal -0.000000e+00 4.746030e-01 8.802000e-01
    outer loop
      vertex   1.019628e+01 1.663059e+01 -2.257073e+01
      vertex   1.219628e+01 1.663059e+01 -2.257073e+01
      vertex   1.219628e+01 1.684575e+01 -2.268675e+01
    endloop
  endfacet
  facet normal 0.000000e+00 4.746030e-01 8.802000e-01
    outer loop
      vertex   1.019628e+01 1.663059e+01 -2.257073e+01
      vertex   1.219628e+01 1.684575e+01 -2.268675e+01
      vertex   1.019628e+01 1.684575e+01 -2.268675e+01
    endloop
  endfacet
  facet normal 0.000000e+00 1.168513e-02 9.999317e-01
    outer loop
      vertex   1.219628e+01 1.586849e+01 -2.236681e+01
      vertex   1.219628e+01 1.595427e+01 -2.236781e+01
      vertex   1.019628e+01 1.586849e+01 -2.236681e+01
    endloop
  endfacet
  facet normal 0.000000e+00 1.168513e-02 9.999317e-01
    outer loop
      vertex   1.019628e+01 1.586849e+01 -2.236681e+01
      vertex   1.219628e+01 1.595427e+01 -2.236781e+01
      vertex   1.019628e+01 1.595427e+01 -2.236781e+01
    endloop
  endfacet
  facet normal -0.000000e+00 1.419718e-01 9.898707e-01
    outer loop
      vertex   1.019628e+01 1.595427e+01 -2.236781e+01
      vertex   1.219628e+01 1.595427e+01 -2.236781e+01
      vertex   1.219628e+01 1.612699e+01 -2.239258e+01
    endloop
  endfacet
  facet normal 0.000000e+00 1.419718e-01 9.898707e-01
    outer loop
      vertex   1.019628e+01 1.595427e+01 -2.236781e+01
      vertex   1.219628e+01 1.612699e+01 -2.239258e+01
      vertex   1.019628e+01 1.612699e+01 -2.239258e+01
    endloop
  endfacet
  facet normal 0.000000e+00 -1.359360e-01 9.907176e-01
    outer loop
      vertex   1.219628e+01 1.501845e+01 -2.248344e+01
      vertex   1.219628e+01 1.586849e+01 -2.236681e+01
      vertex   1.019628e+01 1.501845e+01 -2.248344e+01
    endloop
  endfacet
  facet normal 0.000000e+00 -1.359360e-01 9.907176e-01
    outer loop
      vertex   1.019628e+01 1.501845e+01 -2.248344e+01
      vertex   1.219628e+01 1.586849e+01 -2.236681e+01
      vertex   1.019628e+01 1.586849e+01 -2.236681e+01
    endloop
  endfacet
  facet normal 0.000000e+00 9.478039e-01 3.188539e-01
    outer loop
      vertex   1.219628e+01 1.477235e+01 -2.156499e+01
      vertex   1.219628e+01 1.492424e+01 -2.201649e+01
      vertex   1.019628e+01 1.477235e+01 -2.156499e+01
    endloop
  endfacet
  facet normal 0.000000e+00 9.478039e-01 3.188539e-01
    outer loop
      vertex   1.019628e+01 1.477235e+01 -2.156499e+01
      vertex   1.219628e+01 1.492424e+01 -2.201649e+01
      vertex   1.019628e+01 1.492424e+01 -2.201649e+01
    endloop
  endfacet
  facet normal -0.000000e+00 9.802492e-01 1.977664e-01
    outer loop
      vertex   1.019628e+01 1.492424e+01 -2.201649e+01
      vertex   1.219628e+01 1.492424e+01 -2.201649e+01
      vertex   1.219628e+01 1.501845e+01 -2.248344e+01
    endloop
  endfacet
  facet normal 0.000000e+00 9.802492e-01 1.977664e-01
    outer loop
      vertex   1.019628e+01 1.492424e+01 -2.201649e+01
      vertex   1.219628e+01 1.501845e+01 -2.248344e+01
      vertex   1.019628e+01 1.501845e+01 -2.248344e+01
    endloop
  endfacet
  facet normal 0.000000e+00 3.776347e-01 -9.259546e-01
    outer loop
      vertex   1.219628e+01 1.556682e+01 -2.124097e+01
      vertex   1.219628e+01 1.477235e+01 -2.156499e+01
      vertex   1.019628e+01 1.556682e+01 -2.124097e+01
    endloop
  endfacet
  facet normal 0.000000e+00 3.776347e-01 -9.259546e-01
    outer loop
      vertex   1.019628e+01 1.556682e+01 -2.124097e+01
      vertex   1.219628e+01 1.477235e+01 -2.156499e+01
      vertex   1.019628e+01 1.477235e+01 -2.156499e+01
    endloop
  endfacet
  facet normal -1.000000e+00 0.000000e+00 0.000000e+00
    outer loop
      vertex   1.019628e+01 1.103428e+01 -2.217637e+01
      vertex   1.019628e+01 1.073716e+01 -1.923527e+01
      vertex   1.019628e+01 1.125428e+01 -2.214741e+01
    endloop
  endfacet
  facet normal -1.000000e+00 0.000000e+00 0.000000e+00
    outer loop
      vertex   1.019628e+01 1.125428e+01 -2.214741e+01
      vertex   1.019628e+01 1.073716e+01 -1.923527e+01
      vertex   1.019628e+01 1.177028e+01 -1.923527e+01
    endloop
  endfacet
  facet normal -1.000000e+00 0.000000e+00 0.000000e+00
    outer loop
      vertex   1.019628e+01 1.125428e+01 -2.214741e+01
      vertex   1.019628e+01 1.177028e+01 -1.923527e+01
      vertex   1.019628e+01 1.147427e+01 -2.217637e+01
    endloop
  endfacet
  facet normal -1.000000e+00 0.000000e+00 0.000000e+00
    outer loop
      vertex   1.019628e+01 1.147427e+01 -2.217637e+01
      vertex   1.019628e+01 1.177028e+01 -1.923527e+01
      vertex   1.019628e+01 1.223723e+01 -1.932948e+01
    endloop
  endfacet
  facet normal -1.000000e+00 0.000000e+00 0.000000e+00
    outer loop
      vertex   1.019628e+01 1.147427e+01 -2.217637e+01
      vertex   1.019628e+01 1.223723e+01 -1.932948e+01
      vertex   1.019628e+01 1.268873e+01 -1.948137e+01
    endloop
  endfacet
  facet normal -1.000000e+00 0.000000e+00 0.000000e+00
    outer loop
      vertex   1.019628e+01 1.082928e+01 -2.226129e+01
      vertex   1.019628e+01 9.818707e+00 -1.948137e+01
      vertex   1.019628e+01 1.103428e+01 -2.217637e+01
    endloop
  endfacet
  facet normal -1.000000e+00 0.000000e+00 0.000000e+00
    outer loop
      vertex   1.019628e+01 1.103428e+01 -2.217637e+01
      vertex   1.019628e+01 9.818707e+00 -1.948137e+01
      vertex   1.019628e+01 1.027021e+01 -1.932948e+01
    endloop
  endfacet
  facet normal -1.000000e+00 0.000000e+00 0.000000e+00
    outer loop
      vertex   1.019628e+01 1.103428e+01 -2.217637e+01
      vertex   1.019628e+01 1.027021e+01 -1.932948e+01
      vertex   1.019628e+01 1.073716e+01 -1.923527e+01
    endloop
  endfacet
  facet normal -1.000000e+00 0.000000e+00 -0.000000e+00
    outer loop
      vertex   1.019628e+01 9.818707e+00 -1.948137e+01
      vertex   1.019628e+01 1.082928e+01 -2.226129e+01
      vertex   1.019628e+01 8.924004e+00 -1.999793e+01
    endloop
  endfacet
  facet normal -1.000000e+00 0.000000e+00 0.000000e+00
    outer loop
      vertex   1.019628e+01 8.924004e+00 -1.999793e+01
      vertex   1.019628e+01 1.082928e+01 -2.226129e+01
      vertex   1.019628e+01 1.065323e+01 -2.239637e+01
    endloop
  endfacet
  facet normal -1.000000e+00 0.000000e+00 -0.000000e+00
    outer loop
      vertex   1.019628e+01 8.924004e+00 -1.999793e+01
      vertex   1.019628e+01 1.065323e+01 -2.239637e+01
      vertex   1.019628e+01 8.566713e+00 -2.031299e+01
    endloop
  endfacet
  facet normal -1.000000e+00 0.000000e+00 -0.000000e+00
    outer loop
      vertex   1.019628e+01 8.566713e+00 -2.031299e+01
      vertex   1.019628e+01 1.065323e+01 -2.239637e+01
      vertex   1.019628e+01 8.251648e+00 -2.067029e+01
    endloop
  endfacet
  facet normal -1.000000e+00 0.000000e+00 0.000000e+00
    outer loop
      vertex   1.019628e+01 8.251648e+00 -2.067029e+01
      vertex   1.019628e+01 1.065323e+01 -2.239637e+01
      vertex   1.019628e+01 1.051815e+01 -2.257241e+01
    endloop
  endfacet
  facet normal -1.000000e+00 0.000000e+00 -0.000000e+00
    outer loop
      vertex   1.019628e+01 8.251648e+00 -2.067029e+01
      vertex   1.019628e+01 1.051815e+01 -2.257241e+01
      vertex   1.019628e+01 7.735091e+00 -2.156499e+01
    endloop
  endfacet
  facet normal -1.000000e+00 0.000000e+00 0.000000e+00
    outer loop
      vertex   1.019628e+01 7.735091e+00 -2.156499e+01
      vertex   1.019628e+01 1.051815e+01 -2.257241e+01
      vertex   1.019628e+01 1.043324e+01 -2.277741e+01
    endloop
  endfacet
  facet normal -1.000000e+00 0.000000e+00 -0.000000e+00
    outer loop
      vertex   1.019628e+01 7.735091e+00 -2.156499e+01
      vertex   1.019628e+01 1.043324e+01 -2.277741e+01
      vertex   1.019628e+01 7.583201e+00 -2.201649e+01
    endloop
  endfacet
  facet normal -1.000000e+00 0.000000e+00 -0.000000e+00
    outer loop
      vertex   1.019628e+01 7.583201e+00 -2.201649e+01
      vertex   1.019628e+01 1.043324e+01 -2.277741e+01
      vertex   1.019628e+01 7.488992e+00 -2.248344e+01
    endloop
  endfacet
  facet normal -1.000000e+00 0.000000e+00 0.000000e+00
    outer loop
      vertex   1.019628e+01 7.488992e+00 -2.248344e+01
      vertex   1.019628e+01 1.043324e+01 -2.277741e+01
      vertex   1.019628e+01 1.040428e+01 -2.299741e+01
    endloop
  endfacet
  facet normal -1.000000e+00 0.000000e+00 0.000000e+00
    outer loop
      vertex   1.019628e+01 7.488992e+00 -2.248344e+01
      vertex   1.019628e+01 1.040428e+01 -2.299741e+01
      vertex   1.019628e+01 7.488992e+00 -2.351656e+01
    endloop
  endfacet
  facet normal -1.000000e+00 0.000000e+00 0.000000e+00
    outer loop
      vertex   1.019628e+01 7.488992e+00 -2.351656e+01
      vertex   1.019628e+01 1.040428e+01 -2.299741e+01
      vertex   1.019628e+01 1.043324e+01 -2.321741e+01
    endloop
  endfacet
  facet normal -1.000000e+00 0.000000e+00 0.000000e+00
    outer loop
      vertex   1.019628e+01 7.488992e+00 -2.351656e+01
      vertex   1.019628e+01 1.043324e+01 -2.321741e+01
      vertex   1.019628e+01 7.583201e+00 -2.398351e+01
    endloop
  endfacet
  facet normal -1.000000e+00 0.000000e+00 0.000000e+00
    outer loop
      vertex   1.019628e+01 7.583201e+00 -2.398351e+01
      vertex   1.019628e+01 1.043324e+01 -2.321741e+01
      vertex   1.019628e+01 7.735091e+00 -2.443501e+01
    endloop
  endfacet
  facet normal -1.000000e+00 0.000000e+00 0.000000e+00
    outer loop
      vertex   1.019628e+01 7.735091e+00 -2.443501e+01
      vertex   1.019628e+01 1.043324e+01 -2.321741e+01
      vertex   1.019628e+01 1.051815e+01 -2.342241e+01
    endloop
  endfacet
  facet normal -1.000000e+00 0.000000e+00 0.000000e+00
    outer loop
      vertex   1.019628e+01 7.735091e+00 -2.443501e+01
      vertex   1.019628e+01 1.051815e+01 -2.342241e+01
      vertex   1.019628e+01 8.251648e+00 -2.532971e+01
    endloop
  endfacet
  facet normal -1.000000e+00 0.000000e+00 0.000000e+00
    outer loop
      vertex   1.019628e+01 8.251648e+00 -2.532971e+01
      vertex   1.019628e+01 1.051815e+01 -2.342241e+01
      vertex   1.019628e+01 1.065323e+01 -2.359845e+01
    endloop
  endfacet
  facet normal -1.000000e+00 0.000000e+00 0.000000e+00
    outer loop
      vertex   1.019628e+01 8.251648e+00 -2.532971e+01
      vertex   1.019628e+01 1.065323e+01 -2.359845e+01
      vertex   1.019628e+01 8.566713e+00 -2.568701e+01
    endloop
  endfacet
  facet normal -1.000000e+00 0.000000e+00 0.000000e+00
    outer loop
      vertex   1.019628e+01 8.566713e+00 -2.568701e+01
      vertex   1.019628e+01 1.065323e+01 -2.359845e+01
      vertex   1.019628e+01 8.924004e+00 -2.600207e+01
    endloop
  endfacet
  facet normal -1.000000e+00 0.000000e+00 0.000000e+00
    outer loop
      vertex   1.019628e+01 8.924004e+00 -2.600207e+01
      vertex   1.019628e+01 1.065323e+01 -2.359845e+01
      vertex   1.019628e+01 1.082928e+01 -2.373353e+01
    endloop
  endfacet
  facet normal -1.000000e+00 0.000000e+00 0.000000e+00
    outer loop
      vertex   1.019628e+01 8.924004e+00 -2.600207e+01
      vertex   1.019628e+01 1.082928e+01 -2.373353e+01
      vertex   1.019628e+01 9.818707e+00 -2.651863e+01
    endloop
  endfacet
  facet normal -1.000000e+00 0.000000e+00 0.000000e+00
    outer loop
      vertex   1.019628e+01 9.818707e+00 -2.651863e+01
      vertex   1.019628e+01 1.082928e+01 -2.373353e+01
      vertex   1.019628e+01 1.103428e+01 -2.381845e+01
    endloop
  endfacet
  facet normal -1.000000e+00 0.000000e+00 0.000000e+00
    outer loop
      vertex   1.019628e+01 9.818707e+00 -2.651863e+01
      vertex   1.019628e+01 1.103428e+01 -2.381845e+01
      vertex   1.019628e+01 1.027021e+01 -2.667052e+01
    endloop
  endfacet
  facet normal -1.000000e+00 0.000000e+00 0.000000e+00
    outer loop
      vertex   1.019628e+01 1.027021e+01 -2.667052e+01
      vertex   1.019628e+01 1.103428e+01 -2.381845e+01
      vertex   1.019628e+01 1.073716e+01 -2.676473e+01
    endloop
  endfacet
  facet normal -1.000000e+00 0.000000e+00 0.000000e+00
    outer loop
      vertex   1.019628e+01 1.073716e+01 -2.676473e+01
      vertex   1.019628e+01 1.103428e+01 -2.381845e+01
      vertex   1.019628e+01 1.125428e+01 -2.384741e+01
    endloop
  endfacet
  facet normal -1.000000e+00 0.000000e+00 0.000000e+00
    outer loop
      vertex   1.019628e+01 1.073716e+01 -2.676473e+01
      vertex   1.019628e+01 1.125428e+01 -2.384741e+01
      vertex   1.019628e+01 1.177028e+01 -2.676473e+01
    endloop
  endfacet
  facet normal -1.000000e+00 0.000000e+00 0.000000e+00
    outer loop
      vertex   1.019628e+01 1.177028e+01 -2.676473e+01
      vertex   1.019628e+01 1.125428e+01 -2.384741e+01
      vertex   1.019628e+01 1.147427e+01 -2.381845e+01
    endloop
  endfacet
  facet normal -1.000000e+00 0.000000e+00 0.000000e+00
    outer loop
      vertex   1.019628e+01 1.177028e+01 -2.676473e+01
      vertex   1.019628e+01 1.147427e+01 -2.381845e+01
      vertex   1.019628e+01 1.223723e+01 -2.667052e+01
    endloop
  endfacet
  facet normal -1.000000e+00 0.000000e+00 0.000000e+00
    outer loop
      vertex   1.019628e+01 1.223723e+01 -2.667052e+01
      vertex   1.019628e+01 1.147427e+01 -2.381845e+01
      vertex   1.019628e+01 1.268873e+01 -2.651863e+01
    endloop
  endfacet
  facet normal -1.000000e+00 0.000000e+00 0.000000e+00
    outer loop
      vertex   1.019628e+01 1.268873e+01 -2.651863e+01
      vertex   1.019628e+01 1.147427e+01 -2.381845e+01
      vertex   1.019628e+01 1.167928e+01 -2.373353e+01
    endloop
  endfacet
  facet normal -1.000000e+00 0.000000e+00 0.000000e+00
    outer loop
      vertex   1.019628e+01 1.268873e+01 -2.651863e+01
      vertex   1.019628e+01 1.167928e+01 -2.373353e+01
      vertex   1.019628e+01 1.358343e+01 -2.600207e+01
    endloop
  endfacet
  facet normal -1.000000e+00 0.000000e+00 0.000000e+00
    outer loop
      vertex   1.019628e+01 1.358343e+01 -2.600207e+01
      vertex   1.019628e+01 1.167928e+01 -2.373353e+01
      vertex   1.019628e+01 1.185532e+01 -2.359845e+01
    endloop
  endfacet
  facet normal -1.000000e+00 0.000000e+00 0.000000e+00
    outer loop
      vertex   1.019628e+01 1.358343e+01 -2.600207e+01
      vertex   1.019628e+01 1.185532e+01 -2.359845e+01
      vertex   1.019628e+01 1.394072e+01 -2.568701e+01
    endloop
  endfacet
  facet normal -1.000000e+00 0.000000e+00 0.000000e+00
    outer loop
      vertex   1.019628e+01 1.394072e+01 -2.568701e+01
      vertex   1.019628e+01 1.185532e+01 -2.359845e+01
      vertex   1.019628e+01 1.425579e+01 -2.532971e+01
    endloop
  endfacet
  facet normal -1.000000e+00 0.000000e+00 0.000000e+00
    outer loop
      vertex   1.019628e+01 1.425579e+01 -2.532971e+01
      vertex   1.019628e+01 1.185532e+01 -2.359845e+01
      vertex   1.019628e+01 1.199040e+01 -2.342241e+01
    endloop
  endfacet
  facet normal -1.000000e+00 0.000000e+00 0.000000e+00
    outer loop
      vertex   1.019628e+01 1.425579e+01 -2.532971e+01
      vertex   1.019628e+01 1.199040e+01 -2.342241e+01
      vertex   1.019628e+01 1.477235e+01 -2.443501e+01
    endloop
  endfacet
  facet normal -1.000000e+00 0.000000e+00 0.000000e+00
    outer loop
      vertex   1.019628e+01 1.477235e+01 -2.443501e+01
      vertex   1.019628e+01 1.199040e+01 -2.342241e+01
      vertex   1.019628e+01 1.207531e+01 -2.321741e+01
    endloop
  endfacet
  facet normal -1.000000e+00 0.000000e+00 0.000000e+00
    outer loop
      vertex   1.019628e+01 1.477235e+01 -2.443501e+01
      vertex   1.019628e+01 1.207531e+01 -2.321741e+01
      vertex   1.019628e+01 1.492424e+01 -2.398351e+01
    endloop
  endfacet
  facet normal -1.000000e+00 0.000000e+00 0.000000e+00
    outer loop
      vertex   1.019628e+01 1.492424e+01 -2.398351e+01
      vertex   1.019628e+01 1.207531e+01 -2.321741e+01
      vertex   1.019628e+01 1.501845e+01 -2.351656e+01
    endloop
  endfacet
  facet normal -1.000000e+00 0.000000e+00 0.000000e+00
    outer loop
      vertex   1.019628e+01 1.501845e+01 -2.351656e+01
      vertex   1.019628e+01 1.207531e+01 -2.321741e+01
      vertex   1.019628e+01 1.210428e+01 -2.299741e+01
    endloop
  endfacet
  facet normal -1.000000e+00 0.000000e+00 0.000000e+00
    outer loop
      vertex   1.019628e+01 1.501845e+01 -2.351656e+01
      vertex   1.019628e+01 1.210428e+01 -2.299741e+01
      vertex   1.019628e+01 1.501845e+01 -2.248344e+01
    endloop
  endfacet
  facet normal -1.000000e+00 0.000000e+00 0.000000e+00
    outer loop
      vertex   1.019628e+01 1.501845e+01 -2.248344e+01
      vertex   1.019628e+01 1.210428e+01 -2.299741e+01
      vertex   1.019628e+01 1.207531e+01 -2.277741e+01
    endloop
  endfacet
  facet normal -1.000000e+00 -0.000000e+00 0.000000e+00
    outer loop
      vertex   1.019628e+01 1.501845e+01 -2.248344e+01
      vertex   1.019628e+01 1.207531e+01 -2.277741e+01
      vertex   1.019628e+01 1.492424e+01 -2.201649e+01
    endloop
  endfacet
  facet normal -1.000000e+00 -0.000000e+00 0.000000e+00
    outer loop
      vertex   1.019628e+01 1.492424e+01 -2.201649e+01
      vertex   1.019628e+01 1.207531e+01 -2.277741e+01
      vertex   1.019628e+01 1.477235e+01 -2.156499e+01
    endloop
  endfacet
  facet normal -1.000000e+00 0.000000e+00 0.000000e+00
    outer loop
      vertex   1.019628e+01 1.477235e+01 -2.156499e+01
      vertex   1.019628e+01 1.207531e+01 -2.277741e+01
      vertex   1.019628e+01 1.199040e+01 -2.257241e+01
    endloop
  endfacet
  facet normal -1.000000e+00 -0.000000e+00 0.000000e+00
    outer loop
      vertex   1.019628e+01 1.477235e+01 -2.156499e+01
      vertex   1.019628e+01 1.199040e+01 -2.257241e+01
      vertex   1.019628e+01 1.425579e+01 -2.067029e+01
    endloop
  endfacet
  facet normal -1.000000e+00 0.000000e+00 0.000000e+00
    outer loop
      vertex   1.019628e+01 1.425579e+01 -2.067029e+01
      vertex   1.019628e+01 1.199040e+01 -2.257241e+01
      vertex   1.019628e+01 1.185532e+01 -2.239637e+01
    endloop
  endfacet
  facet normal -1.000000e+00 -0.000000e+00 0.000000e+00
    outer loop
      vertex   1.019628e+01 1.425579e+01 -2.067029e+01
      vertex   1.019628e+01 1.185532e+01 -2.239637e+01
      vertex   1.019628e+01 1.394072e+01 -2.031299e+01
    endloop
  endfacet
  facet normal -1.000000e+00 -0.000000e+00 0.000000e+00
    outer loop
      vertex   1.019628e+01 1.394072e+01 -2.031299e+01
      vertex   1.019628e+01 1.185532e+01 -2.239637e+01
      vertex   1.019628e+01 1.358343e+01 -1.999793e+01
    endloop
  endfacet
  facet normal -1.000000e+00 0.000000e+00 0.000000e+00
    outer loop
      vertex   1.019628e+01 1.358343e+01 -1.999793e+01
      vertex   1.019628e+01 1.185532e+01 -2.239637e+01
      vertex   1.019628e+01 1.167928e+01 -2.226129e+01
    endloop
  endfacet
  facet normal -1.000000e+00 -0.000000e+00 0.000000e+00
    outer loop
      vertex   1.019628e+01 1.358343e+01 -1.999793e+01
      vertex   1.019628e+01 1.167928e+01 -2.226129e+01
      vertex   1.019628e+01 1.268873e+01 -1.948137e+01
    endloop
  endfacet
  facet normal -1.000000e+00 0.000000e+00 0.000000e+00
    outer loop
      vertex   1.019628e+01 1.268873e+01 -1.948137e+01
      vertex   1.019628e+01 1.167928e+01 -2.226129e+01
      vertex   1.019628e+01 1.147427e+01 -2.217637e+01
    endloop
  endfacet
  facet normal -1.000000e+00 0.000000e+00 0.000000e+00
    outer loop
      vertex   1.019628e+01 1.477235e+01 -2.156499e+01
      vertex   1.019628e+01 1.425579e+01 -2.067029e+01
      vertex   1.019628e+01 1.556682e+01 -2.124097e+01
    endloop
  endfacet
  facet normal -1.000000e+00 0.000000e+00 0.000000e+00
    outer loop
      vertex   1.019628e+01 1.556682e+01 -2.124097e+01
      vertex   1.019628e+01 1.425579e+01 -2.067029e+01
      vertex   1.019628e+01 1.493363e+01 -2.014426e+01
    endloop
  endfacet
  facet normal -1.000000e+00 0.000000e+00 0.000000e+00
    outer loop
      vertex   1.019628e+01 1.556682e+01 -2.124097e+01
      vertex   1.019628e+01 1.493363e+01 -2.014426e+01
      vertex   1.019628e+01 1.564061e+01 -2.119721e+01
    endloop
  endfacet
  facet normal -1.000000e+00 0.000000e+00 0.000000e+00
    outer loop
      vertex   1.019628e+01 1.564061e+01 -2.119721e+01
      vertex   1.019628e+01 1.493363e+01 -2.014426e+01
      vertex   1.019628e+01 1.500842e+01 -2.010223e+01
    endloop
  endfacet
  facet normal -1.000000e+00 0.000000e+00 0.000000e+00
    outer loop
      vertex   1.019628e+01 1.564061e+01 -2.119721e+01
      vertex   1.019628e+01 1.500842e+01 -2.010223e+01
      vertex   1.019628e+01 1.577780e+01 -2.108941e+01
    endloop
  endfacet
  facet normal -1.000000e+00 0.000000e+00 0.000000e+00
    outer loop
      vertex   1.019628e+01 1.577780e+01 -2.108941e+01
      vertex   1.019628e+01 1.500842e+01 -2.010223e+01
      vertex   1.019628e+01 1.517038e+01 -2.003733e+01
    endloop
  endfacet
  facet normal -1.000000e+00 0.000000e+00 0.000000e+00
    outer loop
      vertex   1.019628e+01 1.577780e+01 -2.108941e+01
      vertex   1.019628e+01 1.517038e+01 -2.003733e+01
      vertex   1.019628e+01 1.588304e+01 -2.098710e+01
    endloop
  endfacet
  facet normal -1.000000e+00 0.000000e+00 0.000000e+00
    outer loop
      vertex   1.019628e+01 1.588304e+01 -2.098710e+01
      vertex   1.019628e+01 1.517038e+01 -2.003733e+01
      vertex   1.019628e+01 1.531161e+01 -1.999734e+01
    endloop
  endfacet
  facet normal -1.000000e+00 0.000000e+00 0.000000e+00
    outer loop
      vertex   1.019628e+01 1.588304e+01 -2.098710e+01
      vertex   1.019628e+01 1.531161e+01 -1.999734e+01
      vertex   1.019628e+01 1.600010e+01 -2.085283e+01
    endloop
  endfacet
  facet normal -1.000000e+00 0.000000e+00 0.000000e+00
    outer loop
      vertex   1.019628e+01 1.600010e+01 -2.085283e+01
      vertex   1.019628e+01 1.531161e+01 -1.999734e+01
      vertex   1.019628e+01 1.548642e+01 -1.996310e+01
    endloop
  endfacet
  facet normal -1.000000e+00 0.000000e+00 0.000000e+00
    outer loop
      vertex   1.019628e+01 1.600010e+01 -2.085283e+01
      vertex   1.019628e+01 1.548642e+01 -1.996310e+01
      vertex   1.019628e+01 1.612486e+01 -2.068332e+01
    endloop
  endfacet
  facet normal -1.000000e+00 0.000000e+00 0.000000e+00
    outer loop
      vertex   1.019628e+01 1.612486e+01 -2.068332e+01
      vertex   1.019628e+01 1.548642e+01 -1.996310e+01
      vertex   1.019628e+01 1.569560e+01 -1.993981e+01
    endloop
  endfacet
  facet normal -1.000000e+00 0.000000e+00 0.000000e+00
    outer loop
      vertex   1.019628e+01 1.612486e+01 -2.068332e+01
      vertex   1.019628e+01 1.569560e+01 -1.993981e+01
      vertex   1.019628e+01 1.593993e+01 -1.993270e+01
    endloop
  endfacet
  facet normal -1.000000e+00 0.000000e+00 0.000000e+00
    outer loop
      vertex   1.019628e+01 1.501845e+01 -2.248344e+01
      vertex   1.019628e+01 1.586849e+01 -2.236681e+01
      vertex   1.019628e+01 1.501845e+01 -2.351656e+01
    endloop
  endfacet
  facet normal -1.000000e+00 0.000000e+00 0.000000e+00
    outer loop
      vertex   1.019628e+01 1.501845e+01 -2.351656e+01
      vertex   1.019628e+01 1.586849e+01 -2.236681e+01
      vertex   1.019628e+01 1.586849e+01 -2.363319e+01
    endloop
  endfacet
  facet normal -1.000000e+00 0.000000e+00 0.000000e+00
    outer loop
      vertex   1.019628e+01 1.586849e+01 -2.363319e+01
      vertex   1.019628e+01 1.586849e+01 -2.236681e+01
      vertex   1.019628e+01 1.595427e+01 -2.236781e+01
    endloop
  endfacet
  facet normal -1.000000e+00 0.000000e+00 0.000000e+00
    outer loop
      vertex   1.019628e+01 1.586849e+01 -2.363319e+01
      vertex   1.019628e+01 1.595427e+01 -2.236781e+01
      vertex   1.019628e+01 1.595427e+01 -2.363219e+01
    endloop
  endfacet
  facet normal -1.000000e+00 0.000000e+00 0.000000e+00
    outer loop
      vertex   1.019628e+01 1.595427e+01 -2.363219e+01
      vertex   1.019628e+01 1.595427e+01 -2.236781e+01
      vertex   1.019628e+01 1.612699e+01 -2.239258e+01
    endloop
  endfacet
  facet normal -1.000000e+00 0.000000e+00 0.000000e+00
    outer loop
      vertex   1.019628e+01 1.595427e+01 -2.363219e+01
      vertex   1.019628e+01 1.612699e+01 -2.239258e+01
      vertex   1.019628e+01 1.612699e+01 -2.360742e+01
    endloop
  endfacet
  facet normal -1.000000e+00 0.000000e+00 0.000000e+00
    outer loop
      vertex   1.019628e+01 1.612699e+01 -2.360742e+01
      vertex   1.019628e+01 1.612699e+01 -2.239258e+01
      vertex   1.019628e+01 1.626928e+01 -2.357143e+01
    endloop
  endfacet
  facet normal -1.000000e+00 0.000000e+00 0.000000e+00
    outer loop
      vertex   1.019628e+01 1.626928e+01 -2.357143e+01
      vertex   1.019628e+01 1.612699e+01 -2.239258e+01
      vertex   1.019628e+01 1.626928e+01 -2.242857e+01
    endloop
  endfacet
  facet normal -1.000000e+00 0.000000e+00 0.000000e+00
    outer loop
      vertex   1.019628e+01 1.626928e+01 -2.357143e+01
      vertex   1.019628e+01 1.626928e+01 -2.242857e+01
      vertex   1.019628e+01 1.643779e+01 -2.351369e+01
    endloop
  endfacet
  facet normal -1.000000e+00 0.000000e+00 0.000000e+00
    outer loop
      vertex   1.019628e+01 1.643779e+01 -2.351369e+01
      vertex   1.019628e+01 1.626928e+01 -2.242857e+01
      vertex   1.019628e+01 1.643779e+01 -2.248631e+01
    endloop
  endfacet
  facet normal -1.000000e+00 0.000000e+00 0.000000e+00
    outer loop
      vertex   1.019628e+01 1.643779e+01 -2.351369e+01
      vertex   1.019628e+01 1.643779e+01 -2.248631e+01
      vertex   1.019628e+01 1.663059e+01 -2.257073e+01
    endloop
  endfacet
  facet normal -1.000000e+00 0.000000e+00 0.000000e+00
    outer loop
      vertex   1.019628e+01 1.643779e+01 -2.351369e+01
      vertex   1.019628e+01 1.663059e+01 -2.257073e+01
      vertex   1.019628e+01 1.663059e+01 -2.342927e+01
    endloop
  endfacet
  facet normal -1.000000e+00 0.000000e+00 0.000000e+00
    outer loop
      vertex   1.019628e+01 1.663059e+01 -2.342927e+01
      vertex   1.019628e+01 1.663059e+01 -2.257073e+01
      vertex   1.019628e+01 1.684575e+01 -2.268675e+01
    endloop
  endfacet
  facet normal -1.000000e+00 0.000000e+00 0.000000e+00
    outer loop
      vertex   1.019628e+01 1.663059e+01 -2.342927e+01
      vertex   1.019628e+01 1.684575e+01 -2.268675e+01
      vertex   1.019628e+01 1.684575e+01 -2.331325e+01
    endloop
  endfacet
  facet normal -1.000000e+00 0.000000e+00 -0.000000e+00
    outer loop
      vertex   1.019628e+01 1.477235e+01 -2.443501e+01
      vertex   1.019628e+01 1.556682e+01 -2.475903e+01
      vertex   1.019628e+01 1.425579e+01 -2.532971e+01
    endloop
  endfacet
  facet normal -1.000000e+00 0.000000e+00 0.000000e+00
    outer loop
      vertex   1.019628e+01 1.425579e+01 -2.532971e+01
      vertex   1.019628e+01 1.556682e+01 -2.475903e+01
      vertex   1.019628e+01 1.493363e+01 -2.585574e+01
    endloop
  endfacet
  facet normal -1.000000e+00 0.000000e+00 0.000000e+00
    outer loop
      vertex   1.019628e+01 1.493363e+01 -2.585574e+01
      vertex   1.019628e+01 1.556682e+01 -2.475903e+01
      vertex   1.019628e+01 1.564061e+01 -2.480279e+01
    endloop
  endfacet
  facet normal -1.000000e+00 0.000000e+00 0.000000e+00
    outer loop
      vertex   1.019628e+01 1.493363e+01 -2.585574e+01
      vertex   1.019628e+01 1.564061e+01 -2.480279e+01
      vertex   1.019628e+01 1.500842e+01 -2.589777e+01
    endloop
  endfacet
  facet normal -1.000000e+00 0.000000e+00 0.000000e+00
    outer loop
      vertex   1.019628e+01 1.500842e+01 -2.589777e+01
      vertex   1.019628e+01 1.564061e+01 -2.480279e+01
      vertex   1.019628e+01 1.577780e+01 -2.491059e+01
    endloop
  endfacet
  facet normal -1.000000e+00 0.000000e+00 0.000000e+00
    outer loop
      vertex   1.019628e+01 1.500842e+01 -2.589777e+01
      vertex   1.019628e+01 1.577780e+01 -2.491059e+01
      vertex   1.019628e+01 1.517038e+01 -2.596267e+01
    endloop
  endfacet
  facet normal -1.000000e+00 0.000000e+00 0.000000e+00
    outer loop
      vertex   1.019628e+01 1.517038e+01 -2.596267e+01
      vertex   1.019628e+01 1.577780e+01 -2.491059e+01
      vertex   1.019628e+01 1.588304e+01 -2.501290e+01
    endloop
  endfacet
  facet normal -1.000000e+00 0.000000e+00 0.000000e+00
    outer loop
      vertex   1.019628e+01 1.517038e+01 -2.596267e+01
      vertex   1.019628e+01 1.588304e+01 -2.501290e+01
      vertex   1.019628e+01 1.531161e+01 -2.600266e+01
    endloop
  endfacet
  facet normal -1.000000e+00 0.000000e+00 0.000000e+00
    outer loop
      vertex   1.019628e+01 1.531161e+01 -2.600266e+01
      vertex   1.019628e+01 1.588304e+01 -2.501290e+01
      vertex   1.019628e+01 1.600010e+01 -2.514717e+01
    endloop
  endfacet
  facet normal -1.000000e+00 0.000000e+00 0.000000e+00
    outer loop
      vertex   1.019628e+01 1.531161e+01 -2.600266e+01
      vertex   1.019628e+01 1.600010e+01 -2.514717e+01
      vertex   1.019628e+01 1.548642e+01 -2.603690e+01
    endloop
  endfacet
  facet normal -1.000000e+00 0.000000e+00 0.000000e+00
    outer loop
      vertex   1.019628e+01 1.548642e+01 -2.603690e+01
      vertex   1.019628e+01 1.600010e+01 -2.514717e+01
      vertex   1.019628e+01 1.612486e+01 -2.531668e+01
    endloop
  endfacet
  facet normal -1.000000e+00 0.000000e+00 0.000000e+00
    outer loop
      vertex   1.019628e+01 1.548642e+01 -2.603690e+01
      vertex   1.019628e+01 1.612486e+01 -2.531668e+01
      vertex   1.019628e+01 1.569560e+01 -2.606019e+01
    endloop
  endfacet
  facet normal -1.000000e+00 0.000000e+00 0.000000e+00
    outer loop
      vertex   1.019628e+01 1.569560e+01 -2.606019e+01
      vertex   1.019628e+01 1.612486e+01 -2.531668e+01
      vertex   1.019628e+01 1.625319e+01 -2.552473e+01
    endloop
  endfacet
  facet normal -1.000000e+00 0.000000e+00 0.000000e+00
    outer loop
      vertex   1.019628e+01 1.569560e+01 -2.606019e+01
      vertex   1.019628e+01 1.625319e+01 -2.552473e+01
      vertex   1.019628e+01 1.593993e+01 -2.606730e+01
    endloop
  endfacet
  facet normal -1.000000e+00 0.000000e+00 -0.000000e+00
    outer loop
      vertex   1.019628e+01 1.358343e+01 -2.600207e+01
      vertex   1.019628e+01 1.410946e+01 -2.667991e+01
      vertex   1.019628e+01 1.268873e+01 -2.651863e+01
    endloop
  endfacet
  facet normal -1.000000e+00 0.000000e+00 0.000000e+00
    outer loop
      vertex   1.019628e+01 1.268873e+01 -2.651863e+01
      vertex   1.019628e+01 1.410946e+01 -2.667991e+01
      vertex   1.019628e+01 1.301274e+01 -2.731310e+01
    endloop
  endfacet
  facet normal -1.000000e+00 0.000000e+00 0.000000e+00
    outer loop
      vertex   1.019628e+01 1.301274e+01 -2.731310e+01
      vertex   1.019628e+01 1.410946e+01 -2.667991e+01
      vertex   1.019628e+01 1.415149e+01 -2.675471e+01
    endloop
  endfacet
  facet normal -1.000000e+00 0.000000e+00 0.000000e+00
    outer loop
      vertex   1.019628e+01 1.301274e+01 -2.731310e+01
      vertex   1.019628e+01 1.415149e+01 -2.675471e+01
      vertex   1.019628e+01 1.305650e+01 -2.738689e+01
    endloop
  endfacet
  facet normal -1.000000e+00 0.000000e+00 0.000000e+00
    outer loop
      vertex   1.019628e+01 1.305650e+01 -2.738689e+01
      vertex   1.019628e+01 1.415149e+01 -2.675471e+01
      vertex   1.019628e+01 1.421639e+01 -2.691666e+01
    endloop
  endfacet
  facet normal -1.000000e+00 0.000000e+00 0.000000e+00
    outer loop
      vertex   1.019628e+01 1.305650e+01 -2.738689e+01
      vertex   1.019628e+01 1.421639e+01 -2.691666e+01
      vertex   1.019628e+01 1.316431e+01 -2.752408e+01
    endloop
  endfacet
  facet normal -1.000000e+00 0.000000e+00 0.000000e+00
    outer loop
      vertex   1.019628e+01 1.316431e+01 -2.752408e+01
      vertex   1.019628e+01 1.421639e+01 -2.691666e+01
      vertex   1.019628e+01 1.425638e+01 -2.705789e+01
    endloop
  endfacet
  facet normal -1.000000e+00 0.000000e+00 0.000000e+00
    outer loop
      vertex   1.019628e+01 1.316431e+01 -2.752408e+01
      vertex   1.019628e+01 1.425638e+01 -2.705789e+01
      vertex   1.019628e+01 1.326662e+01 -2.762932e+01
    endloop
  endfacet
  facet normal -1.000000e+00 0.000000e+00 0.000000e+00
    outer loop
      vertex   1.019628e+01 1.326662e+01 -2.762932e+01
      vertex   1.019628e+01 1.425638e+01 -2.705789e+01
      vertex   1.019628e+01 1.429062e+01 -2.723270e+01
    endloop
  endfacet
  facet normal -1.000000e+00 0.000000e+00 0.000000e+00
    outer loop
      vertex   1.019628e+01 1.326662e+01 -2.762932e+01
      vertex   1.019628e+01 1.429062e+01 -2.723270e+01
      vertex   1.019628e+01 1.340089e+01 -2.774638e+01
    endloop
  endfacet
  facet normal -1.000000e+00 0.000000e+00 0.000000e+00
    outer loop
      vertex   1.019628e+01 1.340089e+01 -2.774638e+01
      vertex   1.019628e+01 1.429062e+01 -2.723270e+01
      vertex   1.019628e+01 1.431391e+01 -2.744188e+01
    endloop
  endfacet
  facet normal -1.000000e+00 0.000000e+00 0.000000e+00
    outer loop
      vertex   1.019628e+01 1.340089e+01 -2.774638e+01
      vertex   1.019628e+01 1.431391e+01 -2.744188e+01
      vertex   1.019628e+01 1.357040e+01 -2.787114e+01
    endloop
  endfacet
  facet normal -1.000000e+00 0.000000e+00 0.000000e+00
    outer loop
      vertex   1.019628e+01 1.357040e+01 -2.787114e+01
      vertex   1.019628e+01 1.431391e+01 -2.744188e+01
      vertex   1.019628e+01 1.432102e+01 -2.768621e+01
    endloop
  endfacet
  facet normal -1.000000e+00 0.000000e+00 0.000000e+00
    outer loop
      vertex   1.019628e+01 1.357040e+01 -2.787114e+01
      vertex   1.019628e+01 1.432102e+01 -2.768621e+01
      vertex   1.019628e+01 1.377845e+01 -2.799947e+01
    endloop
  endfacet
  facet normal -1.000000e+00 0.000000e+00 -0.000000e+00
    outer loop
      vertex   1.019628e+01 1.073716e+01 -2.676473e+01
      vertex   1.019628e+01 1.177028e+01 -2.676473e+01
      vertex   1.019628e+01 1.062053e+01 -2.761477e+01
    endloop
  endfacet
  facet normal -1.000000e+00 0.000000e+00 0.000000e+00
    outer loop
      vertex   1.019628e+01 1.062053e+01 -2.761477e+01
      vertex   1.019628e+01 1.177028e+01 -2.676473e+01
      vertex   1.019628e+01 1.188691e+01 -2.761477e+01
    endloop
  endfacet
  facet normal -1.000000e+00 0.000000e+00 0.000000e+00
    outer loop
      vertex   1.019628e+01 1.062053e+01 -2.761477e+01
      vertex   1.019628e+01 1.188691e+01 -2.761477e+01
      vertex   1.019628e+01 1.062153e+01 -2.770055e+01
    endloop
  endfacet
  facet normal -1.000000e+00 0.000000e+00 0.000000e+00
    outer loop
      vertex   1.019628e+01 1.062153e+01 -2.770055e+01
      vertex   1.019628e+01 1.188691e+01 -2.761477e+01
      vertex   1.019628e+01 1.188591e+01 -2.770055e+01
    endloop
  endfacet
  facet normal -1.000000e+00 0.000000e+00 0.000000e+00
    outer loop
      vertex   1.019628e+01 1.062153e+01 -2.770055e+01
      vertex   1.019628e+01 1.188591e+01 -2.770055e+01
      vertex   1.019628e+01 1.064630e+01 -2.787327e+01
    endloop
  endfacet
  facet normal -1.000000e+00 0.000000e+00 0.000000e+00
    outer loop
      vertex   1.019628e+01 1.064630e+01 -2.787327e+01
      vertex   1.019628e+01 1.188591e+01 -2.770055e+01
      vertex   1.019628e+01 1.186114e+01 -2.787327e+01
    endloop
  endfacet
  facet normal -1.000000e+00 0.000000e+00 0.000000e+00
    outer loop
      vertex   1.019628e+01 1.064630e+01 -2.787327e+01
      vertex   1.019628e+01 1.186114e+01 -2.787327e+01
      vertex   1.019628e+01 1.068229e+01 -2.801556e+01
    endloop
  endfacet
  facet normal -1.000000e+00 0.000000e+00 0.000000e+00
    outer loop
      vertex   1.019628e+01 1.068229e+01 -2.801556e+01
      vertex   1.019628e+01 1.186114e+01 -2.787327e+01
      vertex   1.019628e+01 1.182515e+01 -2.801556e+01
    endloop
  endfacet
  facet normal -1.000000e+00 0.000000e+00 0.000000e+00
    outer loop
      vertex   1.019628e+01 1.068229e+01 -2.801556e+01
      vertex   1.019628e+01 1.182515e+01 -2.801556e+01
      vertex   1.019628e+01 1.074003e+01 -2.818407e+01
    endloop
  endfacet
  facet normal -1.000000e+00 0.000000e+00 0.000000e+00
    outer loop
      vertex   1.019628e+01 1.074003e+01 -2.818407e+01
      vertex   1.019628e+01 1.182515e+01 -2.801556e+01
      vertex   1.019628e+01 1.176741e+01 -2.818407e+01
    endloop
  endfacet
  facet normal -1.000000e+00 0.000000e+00 0.000000e+00
    outer loop
      vertex   1.019628e+01 1.074003e+01 -2.818407e+01
      vertex   1.019628e+01 1.176741e+01 -2.818407e+01
      vertex   1.019628e+01 1.082445e+01 -2.837687e+01
    endloop
  endfacet
  facet normal -1.000000e+00 0.000000e+00 0.000000e+00
    outer loop
      vertex   1.019628e+01 1.082445e+01 -2.837687e+01
      vertex   1.019628e+01 1.176741e+01 -2.818407e+01
      vertex   1.019628e+01 1.168298e+01 -2.837687e+01
    endloop
  endfacet
  facet normal -1.000000e+00 0.000000e+00 0.000000e+00
    outer loop
      vertex   1.019628e+01 1.082445e+01 -2.837687e+01
      vertex   1.019628e+01 1.168298e+01 -2.837687e+01
      vertex   1.019628e+01 1.094047e+01 -2.859203e+01
    endloop
  endfacet
  facet normal -1.000000e+00 0.000000e+00 0.000000e+00
    outer loop
      vertex   1.019628e+01 1.094047e+01 -2.859203e+01
      vertex   1.019628e+01 1.168298e+01 -2.837687e+01
      vertex   1.019628e+01 1.156697e+01 -2.859203e+01
    endloop
  endfacet
  facet normal -1.000000e+00 0.000000e+00 -0.000000e+00
    outer loop
      vertex   1.019628e+01 8.924004e+00 -2.600207e+01
      vertex   1.019628e+01 9.818707e+00 -2.651863e+01
      vertex   1.019628e+01 8.397974e+00 -2.667991e+01
    endloop
  endfacet
  facet normal -1.000000e+00 0.000000e+00 0.000000e+00
    outer loop
      vertex   1.019628e+01 8.397974e+00 -2.667991e+01
      vertex   1.019628e+01 9.818707e+00 -2.651863e+01
      vertex   1.019628e+01 9.494693e+00 -2.731310e+01
    endloop
  endfacet
  facet normal -1.000000e+00 0.000000e+00 -0.000000e+00
    outer loop
      vertex   1.019628e+01 8.397974e+00 -2.667991e+01
      vertex   1.019628e+01 9.494693e+00 -2.731310e+01
      vertex   1.019628e+01 8.355950e+00 -2.675471e+01
    endloop
  endfacet
  facet normal -1.000000e+00 0.000000e+00 0.000000e+00
    outer loop
      vertex   1.019628e+01 8.355950e+00 -2.675471e+01
      vertex   1.019628e+01 9.494693e+00 -2.731310e+01
      vertex   1.019628e+01 9.450933e+00 -2.738689e+01
    endloop
  endfacet
  facet normal -1.000000e+00 0.000000e+00 -0.000000e+00
    outer loop
      vertex   1.019628e+01 8.355950e+00 -2.675471e+01
      vertex   1.019628e+01 9.450933e+00 -2.738689e+01
      vertex   1.019628e+01 8.291046e+00 -2.691666e+01
    endloop
  endfacet
  facet normal -1.000000e+00 0.000000e+00 0.000000e+00
    outer loop
      vertex   1.019628e+01 8.291046e+00 -2.691666e+01
      vertex   1.019628e+01 9.450933e+00 -2.738689e+01
      vertex   1.019628e+01 9.343124e+00 -2.752408e+01
    endloop
  endfacet
  facet normal -1.000000e+00 0.000000e+00 -0.000000e+00
    outer loop
      vertex   1.019628e+01 8.291046e+00 -2.691666e+01
      vertex   1.019628e+01 9.343124e+00 -2.752408e+01
      vertex   1.019628e+01 8.251063e+00 -2.705789e+01
    endloop
  endfacet
  facet normal -1.000000e+00 0.000000e+00 0.000000e+00
    outer loop
      vertex   1.019628e+01 8.251063e+00 -2.705789e+01
      vertex   1.019628e+01 9.343124e+00 -2.752408e+01
      vertex   1.019628e+01 9.240815e+00 -2.762932e+01
    endloop
  endfacet
  facet normal -1.000000e+00 0.000000e+00 -0.000000e+00
    outer loop
      vertex   1.019628e+01 8.251063e+00 -2.705789e+01
      vertex   1.019628e+01 9.240815e+00 -2.762932e+01
      vertex   1.019628e+01 8.216816e+00 -2.723270e+01
    endloop
  endfacet
  facet normal -1.000000e+00 0.000000e+00 0.000000e+00
    outer loop
      vertex   1.019628e+01 8.216816e+00 -2.723270e+01
      vertex   1.019628e+01 9.240815e+00 -2.762932e+01
      vertex   1.019628e+01 9.106548e+00 -2.774638e+01
    endloop
  endfacet
  facet normal -1.000000e+00 0.000000e+00 -0.000000e+00
    outer loop
      vertex   1.019628e+01 8.216816e+00 -2.723270e+01
      vertex   1.019628e+01 9.106548e+00 -2.774638e+01
      vertex   1.019628e+01 8.193527e+00 -2.744188e+01
    endloop
  endfacet
  facet normal -1.000000e+00 0.000000e+00 0.000000e+00
    outer loop
      vertex   1.019628e+01 8.193527e+00 -2.744188e+01
      vertex   1.019628e+01 9.106548e+00 -2.774638e+01
      vertex   1.019628e+01 8.937036e+00 -2.787114e+01
    endloop
  endfacet
  facet normal -1.000000e+00 0.000000e+00 -0.000000e+00
    outer loop
      vertex   1.019628e+01 8.193527e+00 -2.744188e+01
      vertex   1.019628e+01 8.937036e+00 -2.787114e+01
      vertex   1.019628e+01 8.186418e+00 -2.768621e+01
    endloop
  endfacet
  facet normal -1.000000e+00 0.000000e+00 0.000000e+00
    outer loop
      vertex   1.019628e+01 8.186418e+00 -2.768621e+01
      vertex   1.019628e+01 8.937036e+00 -2.787114e+01
      vertex   1.019628e+01 8.728990e+00 -2.799947e+01
    endloop
  endfacet
  facet normal -1.000000e+00 0.000000e+00 -0.000000e+00
    outer loop
      vertex   1.019628e+01 7.735091e+00 -2.443501e+01
      vertex   1.019628e+01 8.251648e+00 -2.532971e+01
      vertex   1.019628e+01 6.940615e+00 -2.475903e+01
    endloop
  endfacet
  facet normal -1.000000e+00 0.000000e+00 0.000000e+00
    outer loop
      vertex   1.019628e+01 6.940615e+00 -2.475903e+01
      vertex   1.019628e+01 8.251648e+00 -2.532971e+01
      vertex   1.019628e+01 7.573806e+00 -2.585574e+01
    endloop
  endfacet
  facet normal -1.000000e+00 0.000000e+00 -0.000000e+00
    outer loop
      vertex   1.019628e+01 6.940615e+00 -2.475903e+01
      vertex   1.019628e+01 7.573806e+00 -2.585574e+01
      vertex   1.019628e+01 6.866825e+00 -2.480279e+01
    endloop
  endfacet
  facet normal -1.000000e+00 0.000000e+00 0.000000e+00
    outer loop
      vertex   1.019628e+01 6.866825e+00 -2.480279e+01
      vertex   1.019628e+01 7.573806e+00 -2.585574e+01
      vertex   1.019628e+01 7.499014e+00 -2.589777e+01
    endloop
  endfacet
  facet normal -1.000000e+00 0.000000e+00 -0.000000e+00
    outer loop
      vertex   1.019628e+01 6.866825e+00 -2.480279e+01
      vertex   1.019628e+01 7.499014e+00 -2.589777e+01
      vertex   1.019628e+01 6.729637e+00 -2.491059e+01
    endloop
  endfacet
  facet normal -1.000000e+00 0.000000e+00 0.000000e+00
    outer loop
      vertex   1.019628e+01 6.729637e+00 -2.491059e+01
      vertex   1.019628e+01 7.499014e+00 -2.589777e+01
      vertex   1.019628e+01 7.337054e+00 -2.596267e+01
    endloop
  endfacet
  facet normal -1.000000e+00 0.000000e+00 -0.000000e+00
    outer loop
      vertex   1.019628e+01 6.729637e+00 -2.491059e+01
      vertex   1.019628e+01 7.337054e+00 -2.596267e+01
      vertex   1.019628e+01 6.624400e+00 -2.501290e+01
    endloop
  endfacet
  facet normal -1.000000e+00 0.000000e+00 0.000000e+00
    outer loop
      vertex   1.019628e+01 6.624400e+00 -2.501290e+01
      vertex   1.019628e+01 7.337054e+00 -2.596267e+01
      vertex   1.019628e+01 7.195833e+00 -2.600266e+01
    endloop
  endfacet
  facet normal -1.000000e+00 0.000000e+00 -0.000000e+00
    outer loop
      vertex   1.019628e+01 6.624400e+00 -2.501290e+01
      vertex   1.019628e+01 7.195833e+00 -2.600266e+01
      vertex   1.019628e+01 6.507336e+00 -2.514717e+01
    endloop
  endfacet
  facet normal -1.000000e+00 0.000000e+00 0.000000e+00
    outer loop
      vertex   1.019628e+01 6.507336e+00 -2.514717e+01
      vertex   1.019628e+01 7.195833e+00 -2.600266e+01
      vertex   1.019628e+01 7.021023e+00 -2.603690e+01
    endloop
  endfacet
  facet normal -1.000000e+00 0.000000e+00 -0.000000e+00
    outer loop
      vertex   1.019628e+01 6.507336e+00 -2.514717e+01
      vertex   1.019628e+01 7.021023e+00 -2.603690e+01
      vertex   1.019628e+01 6.382576e+00 -2.531668e+01
    endloop
  endfacet
  facet normal -1.000000e+00 0.000000e+00 0.000000e+00
    outer loop
      vertex   1.019628e+01 6.382576e+00 -2.531668e+01
      vertex   1.019628e+01 7.021023e+00 -2.603690e+01
      vertex   1.019628e+01 6.811841e+00 -2.606019e+01
    endloop
  endfacet
  facet normal -1.000000e+00 0.000000e+00 -0.000000e+00
    outer loop
      vertex   1.019628e+01 6.382576e+00 -2.531668e+01
      vertex   1.019628e+01 6.811841e+00 -2.606019e+01
      vertex   1.019628e+01 6.254252e+00 -2.552473e+01
    endloop
  endfacet
  facet normal -1.000000e+00 0.000000e+00 0.000000e+00
    outer loop
      vertex   1.019628e+01 6.254252e+00 -2.552473e+01
      vertex   1.019628e+01 6.811841e+00 -2.606019e+01
      vertex   1.019628e+01 6.567506e+00 -2.606730e+01
    endloop
  endfacet
  facet normal -1.000000e+00 -0.000000e+00 -0.000000e+00
    outer loop
      vertex   1.019628e+01 7.488992e+00 -2.248344e+01
      vertex   1.019628e+01 7.488992e+00 -2.351656e+01
      vertex   1.019628e+01 6.638948e+00 -2.236681e+01
    endloop
  endfacet
  facet normal -1.000000e+00 0.000000e+00 0.000000e+00
    outer loop
      vertex   1.019628e+01 6.638948e+00 -2.236681e+01
      vertex   1.019628e+01 7.488992e+00 -2.351656e+01
      vertex   1.019628e+01 6.638948e+00 -2.363319e+01
    endloop
  endfacet
  facet normal -1.000000e+00 0.000000e+00 -0.000000e+00
    outer loop
      vertex   1.019628e+01 6.638948e+00 -2.236681e+01
      vertex   1.019628e+01 6.638948e+00 -2.363319e+01
      vertex   1.019628e+01 6.553164e+00 -2.363219e+01
    endloop
  endfacet
  facet normal -1.000000e+00 0.000000e+00 0.000000e+00
    outer loop
      vertex   1.019628e+01 6.638948e+00 -2.236681e+01
      vertex   1.019628e+01 6.553164e+00 -2.363219e+01
      vertex   1.019628e+01 6.553164e+00 -2.236781e+01
    endloop
  endfacet
  facet normal -1.000000e+00 0.000000e+00 -0.000000e+00
    outer loop
      vertex   1.019628e+01 6.553164e+00 -2.236781e+01
      vertex   1.019628e+01 6.553164e+00 -2.363219e+01
      vertex   1.019628e+01 6.380451e+00 -2.360742e+01
    endloop
  endfacet
  facet normal -1.000000e+00 0.000000e+00 0.000000e+00
    outer loop
      vertex   1.019628e+01 6.553164e+00 -2.236781e+01
      vertex   1.019628e+01 6.380451e+00 -2.360742e+01
      vertex   1.019628e+01 6.380451e+00 -2.239258e+01
    endloop
  endfacet
  facet normal -1.000000e+00 0.000000e+00 -0.000000e+00
    outer loop
      vertex   1.019628e+01 6.380451e+00 -2.239258e+01
      vertex   1.019628e+01 6.380451e+00 -2.360742e+01
      vertex   1.019628e+01 6.238159e+00 -2.357143e+01
    endloop
  endfacet
  facet normal -1.000000e+00 0.000000e+00 0.000000e+00
    outer loop
      vertex   1.019628e+01 6.380451e+00 -2.239258e+01
      vertex   1.019628e+01 6.238159e+00 -2.357143e+01
      vertex   1.019628e+01 6.238159e+00 -2.242857e+01
    endloop
  endfacet
  facet normal -1.000000e+00 0.000000e+00 -0.000000e+00
    outer loop
      vertex   1.019628e+01 6.238159e+00 -2.242857e+01
      vertex   1.019628e+01 6.238159e+00 -2.357143e+01
      vertex   1.019628e+01 6.069645e+00 -2.351369e+01
    endloop
  endfacet
  facet normal -1.000000e+00 0.000000e+00 0.000000e+00
    outer loop
      vertex   1.019628e+01 6.238159e+00 -2.242857e+01
      vertex   1.019628e+01 6.069645e+00 -2.351369e+01
      vertex   1.019628e+01 6.069645e+00 -2.248631e+01
    endloop
  endfacet
  facet normal -1.000000e+00 0.000000e+00 -0.000000e+00
    outer loop
      vertex   1.019628e+01 6.069645e+00 -2.248631e+01
      vertex   1.019628e+01 6.069645e+00 -2.351369e+01
      vertex   1.019628e+01 5.876844e+00 -2.257073e+01
    endloop
  endfacet
  facet normal -1.000000e+00 0.000000e+00 0.000000e+00
    outer loop
      vertex   1.019628e+01 5.876844e+00 -2.257073e+01
      vertex   1.019628e+01 6.069645e+00 -2.351369e+01
      vertex   1.019628e+01 5.876844e+00 -2.342927e+01
    endloop
  endfacet
  facet normal -1.000000e+00 0.000000e+00 -0.000000e+00
    outer loop
      vertex   1.019628e+01 5.876844e+00 -2.257073e+01
      vertex   1.019628e+01 5.876844e+00 -2.342927e+01
      vertex   1.019628e+01 5.661689e+00 -2.268675e+01
    endloop
  endfacet
  facet normal -1.000000e+00 0.000000e+00 0.000000e+00
    outer loop
      vertex   1.019628e+01 5.661689e+00 -2.268675e+01
      vertex   1.019628e+01 5.876844e+00 -2.342927e+01
      vertex   1.019628e+01 5.661689e+00 -2.331325e+01
    endloop
  endfacet
  facet normal -1.000000e+00 0.000000e+00 0.000000e+00
    outer loop
      vertex   1.019628e+01 7.735091e+00 -2.156499e+01
      vertex   1.019628e+01 6.940615e+00 -2.124097e+01
      vertex   1.019628e+01 8.251648e+00 -2.067029e+01
    endloop
  endfacet
  facet normal -1.000000e+00 -0.000000e+00 0.000000e+00
    outer loop
      vertex   1.019628e+01 8.251648e+00 -2.067029e+01
      vertex   1.019628e+01 6.940615e+00 -2.124097e+01
      vertex   1.019628e+01 7.573806e+00 -2.014426e+01
    endloop
  endfacet
  facet normal -1.000000e+00 0.000000e+00 0.000000e+00
    outer loop
      vertex   1.019628e+01 7.573806e+00 -2.014426e+01
      vertex   1.019628e+01 6.940615e+00 -2.124097e+01
      vertex   1.019628e+01 6.866825e+00 -2.119721e+01
    endloop
  endfacet
  facet normal -1.000000e+00 -0.000000e+00 0.000000e+00
    outer loop
      vertex   1.019628e+01 7.573806e+00 -2.014426e+01
      vertex   1.019628e+01 6.866825e+00 -2.119721e+01
      vertex   1.019628e+01 7.499014e+00 -2.010223e+01
    endloop
  endfacet
  facet normal -1.000000e+00 0.000000e+00 0.000000e+00
    outer loop
      vertex   1.019628e+01 7.499014e+00 -2.010223e+01
      vertex   1.019628e+01 6.866825e+00 -2.119721e+01
      vertex   1.019628e+01 6.729637e+00 -2.108941e+01
    endloop
  endfacet
  facet normal -1.000000e+00 -0.000000e+00 0.000000e+00
    outer loop
      vertex   1.019628e+01 7.499014e+00 -2.010223e+01
      vertex   1.019628e+01 6.729637e+00 -2.108941e+01
      vertex   1.019628e+01 7.337054e+00 -2.003733e+01
    endloop
  endfacet
  facet normal -1.000000e+00 0.000000e+00 0.000000e+00
    outer loop
      vertex   1.019628e+01 7.337054e+00 -2.003733e+01
      vertex   1.019628e+01 6.729637e+00 -2.108941e+01
      vertex   1.019628e+01 6.624400e+00 -2.098710e+01
    endloop
  endfacet
  facet normal -1.000000e+00 -0.000000e+00 0.000000e+00
    outer loop
      vertex   1.019628e+01 7.337054e+00 -2.003733e+01
      vertex   1.019628e+01 6.624400e+00 -2.098710e+01
      vertex   1.019628e+01 7.195833e+00 -1.999734e+01
    endloop
  endfacet
  facet normal -1.000000e+00 0.000000e+00 0.000000e+00
    outer loop
      vertex   1.019628e+01 7.195833e+00 -1.999734e+01
      vertex   1.019628e+01 6.624400e+00 -2.098710e+01
      vertex   1.019628e+01 6.507336e+00 -2.085283e+01
    endloop
  endfacet
  facet normal -1.000000e+00 -0.000000e+00 0.000000e+00
    outer loop
      vertex   1.019628e+01 7.195833e+00 -1.999734e+01
      vertex   1.019628e+01 6.507336e+00 -2.085283e+01
      vertex   1.019628e+01 7.021023e+00 -1.996310e+01
    endloop
  endfacet
  facet normal -1.000000e+00 0.000000e+00 0.000000e+00
    outer loop
      vertex   1.019628e+01 7.021023e+00 -1.996310e+01
      vertex   1.019628e+01 6.507336e+00 -2.085283e+01
      vertex   1.019628e+01 6.382576e+00 -2.068332e+01
    endloop
  endfacet
  facet normal -1.000000e+00 -0.000000e+00 0.000000e+00
    outer loop
      vertex   1.019628e+01 7.021023e+00 -1.996310e+01
      vertex   1.019628e+01 6.382576e+00 -2.068332e+01
      vertex   1.019628e+01 6.811841e+00 -1.993981e+01
    endloop
  endfacet
  facet normal -1.000000e+00 -0.000000e+00 0.000000e+00
    outer loop
      vertex   1.019628e+01 6.811841e+00 -1.993981e+01
      vertex   1.019628e+01 6.382576e+00 -2.068332e+01
      vertex   1.019628e+01 6.567506e+00 -1.993270e+01
    endloop
  endfacet
  facet normal -1.000000e+00 0.000000e+00 0.000000e+00
    outer loop
      vertex   1.019628e+01 6.567506e+00 -1.993270e+01
      vertex   1.019628e+01 6.382576e+00 -2.068332e+01
      vertex   1.019628e+01 6.254252e+00 -2.047527e+01
    endloop
  endfacet
  facet normal -1.000000e+00 0.000000e+00 0.000000e+00
    outer loop
      vertex   1.019628e+01 8.924004e+00 -1.999793e+01
      vertex   1.019628e+01 8.397974e+00 -1.932009e+01
      vertex   1.019628e+01 9.818707e+00 -1.948137e+01
    endloop
  endfacet
  facet normal -1.000000e+00 0.000000e+00 0.000000e+00
    outer loop
      vertex   1.019628e+01 9.818707e+00 -1.948137e+01
      vertex   1.019628e+01 8.397974e+00 -1.932009e+01
      vertex   1.019628e+01 9.494693e+00 -1.868690e+01
    endloop
  endfacet
  facet normal -1.000000e+00 0.000000e+00 0.000000e+00
    outer loop
      vertex   1.019628e+01 9.494693e+00 -1.868690e+01
      vertex   1.019628e+01 8.397974e+00 -1.932009e+01
      vertex   1.019628e+01 8.355950e+00 -1.924529e+01
    endloop
  endfacet
  facet normal -1.000000e+00 -0.000000e+00 0.000000e+00
    outer loop
      vertex   1.019628e+01 9.494693e+00 -1.868690e+01
      vertex   1.019628e+01 8.355950e+00 -1.924529e+01
      vertex   1.019628e+01 9.450933e+00 -1.861311e+01
    endloop
  endfacet
  facet normal -1.000000e+00 0.000000e+00 0.000000e+00
    outer loop
      vertex   1.019628e+01 9.450933e+00 -1.861311e+01
      vertex   1.019628e+01 8.355950e+00 -1.924529e+01
      vertex   1.019628e+01 8.291046e+00 -1.908334e+01
    endloop
  endfacet
  facet normal -1.000000e+00 -0.000000e+00 0.000000e+00
    outer loop
      vertex   1.019628e+01 9.450933e+00 -1.861311e+01
      vertex   1.019628e+01 8.291046e+00 -1.908334e+01
      vertex   1.019628e+01 9.343124e+00 -1.847592e+01
    endloop
  endfacet
  facet normal -1.000000e+00 0.000000e+00 0.000000e+00
    outer loop
      vertex   1.019628e+01 9.343124e+00 -1.847592e+01
      vertex   1.019628e+01 8.291046e+00 -1.908334e+01
      vertex   1.019628e+01 8.251063e+00 -1.894211e+01
    endloop
  endfacet
  facet normal -1.000000e+00 -0.000000e+00 0.000000e+00
    outer loop
      vertex   1.019628e+01 9.343124e+00 -1.847592e+01
      vertex   1.019628e+01 8.251063e+00 -1.894211e+01
      vertex   1.019628e+01 9.240815e+00 -1.837068e+01
    endloop
  endfacet
  facet normal -1.000000e+00 0.000000e+00 0.000000e+00
    outer loop
      vertex   1.019628e+01 9.240815e+00 -1.837068e+01
      vertex   1.019628e+01 8.251063e+00 -1.894211e+01
      vertex   1.019628e+01 8.216816e+00 -1.876730e+01
    endloop
  endfacet
  facet normal -1.000000e+00 -0.000000e+00 0.000000e+00
    outer loop
      vertex   1.019628e+01 9.240815e+00 -1.837068e+01
      vertex   1.019628e+01 8.216816e+00 -1.876730e+01
      vertex   1.019628e+01 9.106548e+00 -1.825362e+01
    endloop
  endfacet
  facet normal -1.000000e+00 0.000000e+00 0.000000e+00
    outer loop
      vertex   1.019628e+01 9.106548e+00 -1.825362e+01
      vertex   1.019628e+01 8.216816e+00 -1.876730e+01
      vertex   1.019628e+01 8.193527e+00 -1.855812e+01
    endloop
  endfacet
  facet normal -1.000000e+00 -0.000000e+00 0.000000e+00
    outer loop
      vertex   1.019628e+01 9.106548e+00 -1.825362e+01
      vertex   1.019628e+01 8.193527e+00 -1.855812e+01
      vertex   1.019628e+01 8.937036e+00 -1.812886e+01
    endloop
  endfacet
  facet normal -1.000000e+00 -0.000000e+00 0.000000e+00
    outer loop
      vertex   1.019628e+01 8.937036e+00 -1.812886e+01
      vertex   1.019628e+01 8.193527e+00 -1.855812e+01
      vertex   1.019628e+01 8.728990e+00 -1.800053e+01
    endloop
  endfacet
  facet normal -1.000000e+00 0.000000e+00 0.000000e+00
    outer loop
      vertex   1.019628e+01 8.728990e+00 -1.800053e+01
      vertex   1.019628e+01 8.193527e+00 -1.855812e+01
      vertex   1.019628e+01 8.186418e+00 -1.831379e+01
    endloop
  endfacet
  facet normal -1.000000e+00 0.000000e+00 0.000000e+00
    outer loop
      vertex   1.019628e+01 1.177028e+01 -1.923527e+01
      vertex   1.019628e+01 1.073716e+01 -1.923527e+01
      vertex   1.019628e+01 1.188691e+01 -1.838523e+01
    endloop
  endfacet
  facet normal -1.000000e+00 -0.000000e+00 0.000000e+00
    outer loop
      vertex   1.019628e+01 1.188691e+01 -1.838523e+01
      vertex   1.019628e+01 1.073716e+01 -1.923527e+01
      vertex   1.019628e+01 1.062053e+01 -1.838523e+01
    endloop
  endfacet
  facet normal -1.000000e+00 0.000000e+00 0.000000e+00
    outer loop
      vertex   1.019628e+01 1.188691e+01 -1.838523e+01
      vertex   1.019628e+01 1.062053e+01 -1.838523e+01
      vertex   1.019628e+01 1.188591e+01 -1.829945e+01
    endloop
  endfacet
  facet normal -1.000000e+00 -0.000000e+00 0.000000e+00
    outer loop
      vertex   1.019628e+01 1.188591e+01 -1.829945e+01
      vertex   1.019628e+01 1.062053e+01 -1.838523e+01
      vertex   1.019628e+01 1.062153e+01 -1.829945e+01
    endloop
  endfacet
  facet normal -1.000000e+00 0.000000e+00 0.000000e+00
    outer loop
      vertex   1.019628e+01 1.188591e+01 -1.829945e+01
      vertex   1.019628e+01 1.062153e+01 -1.829945e+01
      vertex   1.019628e+01 1.186114e+01 -1.812673e+01
    endloop
  endfacet
  facet normal -1.000000e+00 -0.000000e+00 0.000000e+00
    outer loop
      vertex   1.019628e+01 1.186114e+01 -1.812673e+01
      vertex   1.019628e+01 1.062153e+01 -1.829945e+01
      vertex   1.019628e+01 1.064630e+01 -1.812673e+01
    endloop
  endfacet
  facet normal -1.000000e+00 0.000000e+00 0.000000e+00
    outer loop
      vertex   1.019628e+01 1.186114e+01 -1.812673e+01
      vertex   1.019628e+01 1.064630e+01 -1.812673e+01
      vertex   1.019628e+01 1.182515e+01 -1.798444e+01
    endloop
  endfacet
  facet normal -1.000000e+00 -0.000000e+00 0.000000e+00
    outer loop
      vertex   1.019628e+01 1.182515e+01 -1.798444e+01
      vertex   1.019628e+01 1.064630e+01 -1.812673e+01
      vertex   1.019628e+01 1.068229e+01 -1.798444e+01
    endloop
  endfacet
  facet normal -1.000000e+00 0.000000e+00 0.000000e+00
    outer loop
      vertex   1.019628e+01 1.182515e+01 -1.798444e+01
      vertex   1.019628e+01 1.068229e+01 -1.798444e+01
      vertex   1.019628e+01 1.176741e+01 -1.781593e+01
    endloop
  endfacet
  facet normal -1.000000e+00 -0.000000e+00 0.000000e+00
    outer loop
      vertex   1.019628e+01 1.176741e+01 -1.781593e+01
      vertex   1.019628e+01 1.068229e+01 -1.798444e+01
      vertex   1.019628e+01 1.074003e+01 -1.781593e+01
    endloop
  endfacet
  facet normal -1.000000e+00 0.000000e+00 0.000000e+00
    outer loop
      vertex   1.019628e+01 1.176741e+01 -1.781593e+01
      vertex   1.019628e+01 1.074003e+01 -1.781593e+01
      vertex   1.019628e+01 1.168298e+01 -1.762313e+01
    endloop
  endfacet
  facet normal -1.000000e+00 -0.000000e+00 0.000000e+00
    outer loop
      vertex   1.019628e+01 1.168298e+01 -1.762313e+01
      vertex   1.019628e+01 1.074003e+01 -1.781593e+01
      vertex   1.019628e+01 1.082445e+01 -1.762313e+01
    endloop
  endfacet
  facet normal -1.000000e+00 0.000000e+00 0.000000e+00
    outer loop
      vertex   1.019628e+01 1.168298e+01 -1.762313e+01
      vertex   1.019628e+01 1.082445e+01 -1.762313e+01
      vertex   1.019628e+01 1.156697e+01 -1.740797e+01
    endloop
  endfacet
  facet normal -1.000000e+00 -0.000000e+00 0.000000e+00
    outer loop
      vertex   1.019628e+01 1.156697e+01 -1.740797e+01
      vertex   1.019628e+01 1.082445e+01 -1.762313e+01
      vertex   1.019628e+01 1.094047e+01 -1.740797e+01
    endloop
  endfacet
  facet normal -1.000000e+00 0.000000e+00 0.000000e+00
    outer loop
      vertex   1.019628e+01 1.358343e+01 -1.999793e+01
      vertex   1.019628e+01 1.268873e+01 -1.948137e+01
      vertex   1.019628e+01 1.410946e+01 -1.932009e+01
    endloop
  endfacet
  facet normal -1.000000e+00 -0.000000e+00 0.000000e+00
    outer loop
      vertex   1.019628e+01 1.410946e+01 -1.932009e+01
      vertex   1.019628e+01 1.268873e+01 -1.948137e+01
      vertex   1.019628e+01 1.301274e+01 -1.868690e+01
    endloop
  endfacet
  facet normal -1.000000e+00 0.000000e+00 0.000000e+00
    outer loop
      vertex   1.019628e+01 1.410946e+01 -1.932009e+01
      vertex   1.019628e+01 1.301274e+01 -1.868690e+01
      vertex   1.019628e+01 1.415149e+01 -1.924529e+01
    endloop
  endfacet
  facet normal -1.000000e+00 0.000000e+00 0.000000e+00
    outer loop
      vertex   1.019628e+01 1.415149e+01 -1.924529e+01
      vertex   1.019628e+01 1.301274e+01 -1.868690e+01
      vertex   1.019628e+01 1.305650e+01 -1.861311e+01
    endloop
  endfacet
  facet normal -1.000000e+00 0.000000e+00 0.000000e+00
    outer loop
      vertex   1.019628e+01 1.415149e+01 -1.924529e+01
      vertex   1.019628e+01 1.305650e+01 -1.861311e+01
      vertex   1.019628e+01 1.421639e+01 -1.908334e+01
    endloop
  endfacet
  facet normal -1.000000e+00 0.000000e+00 0.000000e+00
    outer loop
      vertex   1.019628e+01 1.421639e+01 -1.908334e+01
      vertex   1.019628e+01 1.305650e+01 -1.861311e+01
      vertex   1.019628e+01 1.316431e+01 -1.847592e+01
    endloop
  endfacet
  facet normal -1.000000e+00 0.000000e+00 0.000000e+00
    outer loop
      vertex   1.019628e+01 1.421639e+01 -1.908334e+01
      vertex   1.019628e+01 1.316431e+01 -1.847592e+01
      vertex   1.019628e+01 1.425638e+01 -1.894211e+01
    endloop
  endfacet
  facet normal -1.000000e+00 0.000000e+00 0.000000e+00
    outer loop
      vertex   1.019628e+01 1.425638e+01 -1.894211e+01
      vertex   1.019628e+01 1.316431e+01 -1.847592e+01
      vertex   1.019628e+01 1.326662e+01 -1.837068e+01
    endloop
  endfacet
  facet normal -1.000000e+00 0.000000e+00 0.000000e+00
    outer loop
      vertex   1.019628e+01 1.425638e+01 -1.894211e+01
      vertex   1.019628e+01 1.326662e+01 -1.837068e+01
      vertex   1.019628e+01 1.429062e+01 -1.876730e+01
    endloop
  endfacet
  facet normal -1.000000e+00 0.000000e+00 0.000000e+00
    outer loop
      vertex   1.019628e+01 1.429062e+01 -1.876730e+01
      vertex   1.019628e+01 1.326662e+01 -1.837068e+01
      vertex   1.019628e+01 1.340089e+01 -1.825362e+01
    endloop
  endfacet
  facet normal -1.000000e+00 0.000000e+00 0.000000e+00
    outer loop
      vertex   1.019628e+01 1.429062e+01 -1.876730e+01
      vertex   1.019628e+01 1.340089e+01 -1.825362e+01
      vertex   1.019628e+01 1.431391e+01 -1.855812e+01
    endloop
  endfacet
  facet normal -1.000000e+00 0.000000e+00 0.000000e+00
    outer loop
      vertex   1.019628e+01 1.431391e+01 -1.855812e+01
      vertex   1.019628e+01 1.340089e+01 -1.825362e+01
      vertex   1.019628e+01 1.357040e+01 -1.812886e+01
    endloop
  endfacet
  facet normal -1.000000e+00 0.000000e+00 0.000000e+00
    outer loop
      vertex   1.019628e+01 1.431391e+01 -1.855812e+01
      vertex   1.019628e+01 1.357040e+01 -1.812886e+01
      vertex   1.019628e+01 1.377845e+01 -1.800053e+01
    endloop
  endfacet
  facet normal -1.000000e+00 0.000000e+00 0.000000e+00
    outer loop
      vertex   1.019628e+01 1.377845e+01 -1.800053e+01
      vertex   1.019628e+01 1.432102e+01 -1.831379e+01
      vertex   1.019628e+01 1.431391e+01 -1.855812e+01
    endloop
  endfacet
  facet normal -1.000000e+00 0.000000e+00 0.000000e+00
    outer loop
      vertex   1.019628e+01 1.593993e+01 -1.993270e+01
      vertex   1.019628e+01 1.625319e+01 -2.047527e+01
      vertex   1.019628e+01 1.612486e+01 -2.068332e+01
    endloop
  endfacet
  facet normal 1.000000e+00 0.000000e+00 0.000000e+00
    outer loop
      vertex   1.219628e+01 8.367732e+00 -1.820000e+01
      vertex   1.219628e+01 8.193527e+00 -1.855812e+01
      vertex   1.219628e+01 8.728990e+00 -1.839947e+01
    endloop
  endfacet
  facet normal 1.000000e+00 0.000000e+00 0.000000e+00
    outer loop
      vertex   1.219628e+01 8.728990e+00 -1.839947e+01
      vertex   1.219628e+01 8.193527e+00 -1.855812e+01
      vertex   1.219628e+01 8.216816e+00 -1.876730e+01
    endloop
  endfacet
  facet normal 1.000000e+00 0.000000e+00 0.000000e+00
    outer loop
      vertex   1.219628e+01 8.728990e+00 -1.839947e+01
      vertex   1.219628e+01 8.216816e+00 -1.876730e+01
      vertex   1.219628e+01 8.251063e+00 -1.894211e+01
    endloop
  endfacet
  facet normal 1.000000e+00 0.000000e+00 0.000000e+00
    outer loop
      vertex   1.219628e+01 8.367732e+00 -1.820000e+01
      vertex   1.219628e+01 8.186418e+00 -1.831379e+01
      vertex   1.219628e+01 8.193527e+00 -1.855812e+01
    endloop
  endfacet
  facet normal 1.000000e+00 -0.000000e+00 0.000000e+00
    outer loop
      vertex   1.219628e+01 8.251063e+00 -1.894211e+01
      vertex   1.219628e+01 8.291046e+00 -1.908334e+01
      vertex   1.219628e+01 8.728990e+00 -1.839947e+01
    endloop
  endfacet
  facet normal 1.000000e+00 0.000000e+00 0.000000e+00
    outer loop
      vertex   1.219628e+01 8.728990e+00 -1.839947e+01
      vertex   1.219628e+01 8.291046e+00 -1.908334e+01
      vertex   1.219628e+01 8.355950e+00 -1.924529e+01
    endloop
  endfacet
  facet normal 1.000000e+00 0.000000e+00 0.000000e+00
    outer loop
      vertex   1.219628e+01 8.728990e+00 -1.839947e+01
      vertex   1.219628e+01 8.355950e+00 -1.924529e+01
      vertex   1.219628e+01 9.494693e+00 -1.868690e+01
    endloop
  endfacet
  facet normal 1.000000e+00 0.000000e+00 0.000000e+00
    outer loop
      vertex   1.219628e+01 9.494693e+00 -1.868690e+01
      vertex   1.219628e+01 8.355950e+00 -1.924529e+01
      vertex   1.219628e+01 8.397974e+00 -1.932009e+01
    endloop
  endfacet
  facet normal 1.000000e+00 0.000000e+00 0.000000e+00
    outer loop
      vertex   1.219628e+01 9.494693e+00 -1.868690e+01
      vertex   1.219628e+01 8.397974e+00 -1.932009e+01
      vertex   1.219628e+01 9.818707e+00 -1.948137e+01
    endloop
  endfacet
  facet normal 1.000000e+00 0.000000e+00 0.000000e+00
    outer loop
      vertex   1.219628e+01 9.818707e+00 -1.948137e+01
      vertex   1.219628e+01 8.397974e+00 -1.932009e+01
      vertex   1.219628e+01 8.924004e+00 -1.999793e+01
    endloop
  endfacet
  facet normal 1.000000e+00 0.000000e+00 0.000000e+00
    outer loop
      vertex   1.219628e+01 9.818707e+00 -1.948137e+01
      vertex   1.219628e+01 8.924004e+00 -1.999793e+01
      vertex   1.219628e+01 1.082928e+01 -2.226129e+01
    endloop
  endfacet
  facet normal 1.000000e+00 0.000000e+00 0.000000e+00
    outer loop
      vertex   1.219628e+01 1.082928e+01 -2.226129e+01
      vertex   1.219628e+01 8.924004e+00 -1.999793e+01
      vertex   1.219628e+01 8.566713e+00 -2.031299e+01
    endloop
  endfacet
  facet normal 1.000000e+00 0.000000e+00 0.000000e+00
    outer loop
      vertex   1.219628e+01 1.082928e+01 -2.226129e+01
      vertex   1.219628e+01 8.566713e+00 -2.031299e+01
      vertex   1.219628e+01 1.065323e+01 -2.239637e+01
    endloop
  endfacet
  facet normal 1.000000e+00 0.000000e+00 0.000000e+00
    outer loop
      vertex   1.219628e+01 1.065323e+01 -2.239637e+01
      vertex   1.219628e+01 8.566713e+00 -2.031299e+01
      vertex   1.219628e+01 8.251648e+00 -2.067029e+01
    endloop
  endfacet
  facet normal 1.000000e+00 0.000000e+00 0.000000e+00
    outer loop
      vertex   1.219628e+01 1.065323e+01 -2.239637e+01
      vertex   1.219628e+01 8.251648e+00 -2.067029e+01
      vertex   1.219628e+01 1.051815e+01 -2.257241e+01
    endloop
  endfacet
  facet normal 1.000000e+00 0.000000e+00 0.000000e+00
    outer loop
      vertex   1.219628e+01 1.051815e+01 -2.257241e+01
      vertex   1.219628e+01 8.251648e+00 -2.067029e+01
      vertex   1.219628e+01 7.735091e+00 -2.156499e+01
    endloop
  endfacet
  facet normal 1.000000e+00 0.000000e+00 0.000000e+00
    outer loop
      vertex   1.219628e+01 1.051815e+01 -2.257241e+01
      vertex   1.219628e+01 7.735091e+00 -2.156499e+01
      vertex   1.219628e+01 1.043324e+01 -2.277741e+01
    endloop
  endfacet
  facet normal 1.000000e+00 0.000000e+00 0.000000e+00
    outer loop
      vertex   1.219628e+01 1.043324e+01 -2.277741e+01
      vertex   1.219628e+01 7.735091e+00 -2.156499e+01
      vertex   1.219628e+01 7.583201e+00 -2.201649e+01
    endloop
  endfacet
  facet normal 1.000000e+00 0.000000e+00 0.000000e+00
    outer loop
      vertex   1.219628e+01 1.043324e+01 -2.277741e+01
      vertex   1.219628e+01 7.583201e+00 -2.201649e+01
      vertex   1.219628e+01 7.488992e+00 -2.248344e+01
    endloop
  endfacet
  facet normal 1.000000e+00 0.000000e+00 -0.000000e+00
    outer loop
      vertex   1.219628e+01 7.735091e+00 -2.156499e+01
      vertex   1.219628e+01 8.251648e+00 -2.067029e+01
      vertex   1.219628e+01 6.940615e+00 -2.124097e+01
    endloop
  endfacet
  facet normal 1.000000e+00 0.000000e+00 0.000000e+00
    outer loop
      vertex   1.219628e+01 6.940615e+00 -2.124097e+01
      vertex   1.219628e+01 8.251648e+00 -2.067029e+01
      vertex   1.219628e+01 7.573806e+00 -2.014426e+01
    endloop
  endfacet
  facet normal 1.000000e+00 0.000000e+00 -0.000000e+00
    outer loop
      vertex   1.219628e+01 6.940615e+00 -2.124097e+01
      vertex   1.219628e+01 7.573806e+00 -2.014426e+01
      vertex   1.219628e+01 6.866825e+00 -2.119721e+01
    endloop
  endfacet
  facet normal 1.000000e+00 0.000000e+00 -0.000000e+00
    outer loop
      vertex   1.219628e+01 6.866825e+00 -2.119721e+01
      vertex   1.219628e+01 7.573806e+00 -2.014426e+01
      vertex   1.219628e+01 6.729637e+00 -2.108941e+01
    endloop
  endfacet
  facet normal 1.000000e+00 0.000000e+00 0.000000e+00
    outer loop
      vertex   1.219628e+01 6.729637e+00 -2.108941e+01
      vertex   1.219628e+01 7.573806e+00 -2.014426e+01
      vertex   1.219628e+01 7.499014e+00 -2.010223e+01
    endloop
  endfacet
  facet normal 1.000000e+00 0.000000e+00 0.000000e+00
    outer loop
      vertex   1.219628e+01 6.729637e+00 -2.108941e+01
      vertex   1.219628e+01 7.499014e+00 -2.010223e+01
      vertex   1.219628e+01 7.337054e+00 -2.003733e+01
    endloop
  endfacet
  facet normal 1.000000e+00 0.000000e+00 -0.000000e+00
    outer loop
      vertex   1.219628e+01 6.729637e+00 -2.108941e+01
      vertex   1.219628e+01 7.337054e+00 -2.003733e+01
      vertex   1.219628e+01 6.624400e+00 -2.098710e+01
    endloop
  endfacet
  facet normal 1.000000e+00 0.000000e+00 0.000000e+00
    outer loop
      vertex   1.219628e+01 6.624400e+00 -2.098710e+01
      vertex   1.219628e+01 7.337054e+00 -2.003733e+01
      vertex   1.219628e+01 7.195833e+00 -1.999734e+01
    endloop
  endfacet
  facet normal 1.000000e+00 0.000000e+00 -0.000000e+00
    outer loop
      vertex   1.219628e+01 6.624400e+00 -2.098710e+01
      vertex   1.219628e+01 7.195833e+00 -1.999734e+01
      vertex   1.219628e+01 6.507336e+00 -2.085283e+01
    endloop
  endfacet
  facet normal 1.000000e+00 0.000000e+00 0.000000e+00
    outer loop
      vertex   1.219628e+01 6.507336e+00 -2.085283e+01
      vertex   1.219628e+01 7.195833e+00 -1.999734e+01
      vertex   1.219628e+01 7.021023e+00 -1.996310e+01
    endloop
  endfacet
  facet normal 1.000000e+00 0.000000e+00 -0.000000e+00
    outer loop
      vertex   1.219628e+01 6.507336e+00 -2.085283e+01
      vertex   1.219628e+01 7.021023e+00 -1.996310e+01
      vertex   1.219628e+01 6.382576e+00 -2.068332e+01
    endloop
  endfacet
  facet normal 1.000000e+00 0.000000e+00 0.000000e+00
    outer loop
      vertex   1.219628e+01 6.382576e+00 -2.068332e+01
      vertex   1.219628e+01 7.021023e+00 -1.996310e+01
      vertex   1.219628e+01 6.811841e+00 -1.993981e+01
    endloop
  endfacet
  facet normal 1.000000e+00 0.000000e+00 -0.000000e+00
    outer loop
      vertex   1.219628e+01 6.382576e+00 -2.068332e+01
      vertex   1.219628e+01 6.811841e+00 -1.993981e+01
      vertex   1.219628e+01 6.254252e+00 -2.047527e+01
    endloop
  endfacet
  facet normal 1.000000e+00 0.000000e+00 0.000000e+00
    outer loop
      vertex   1.219628e+01 6.254252e+00 -2.047527e+01
      vertex   1.219628e+01 6.811841e+00 -1.993981e+01
      vertex   1.219628e+01 6.567506e+00 -1.993270e+01
    endloop
  endfacet
  facet normal 1.000000e+00 0.000000e+00 0.000000e+00
    outer loop
      vertex   1.219628e+01 6.638948e+00 -2.236681e+01
      vertex   1.219628e+01 7.488992e+00 -2.351656e+01
      vertex   1.219628e+01 7.488992e+00 -2.248344e+01
    endloop
  endfacet
  facet normal 1.000000e+00 0.000000e+00 0.000000e+00
    outer loop
      vertex   1.219628e+01 7.488992e+00 -2.248344e+01
      vertex   1.219628e+01 7.488992e+00 -2.351656e+01
      vertex   1.219628e+01 1.040428e+01 -2.299741e+01
    endloop
  endfacet
  facet normal 1.000000e+00 0.000000e+00 0.000000e+00
    outer loop
      vertex   1.219628e+01 7.488992e+00 -2.248344e+01
      vertex   1.219628e+01 1.040428e+01 -2.299741e+01
      vertex   1.219628e+01 1.043324e+01 -2.277741e+01
    endloop
  endfacet
  facet normal 1.000000e+00 0.000000e+00 0.000000e+00
    outer loop
      vertex   1.219628e+01 7.488992e+00 -2.351656e+01
      vertex   1.219628e+01 6.638948e+00 -2.236681e+01
      vertex   1.219628e+01 6.638948e+00 -2.363319e+01
    endloop
  endfacet
  facet normal 1.000000e+00 0.000000e+00 -0.000000e+00
    outer loop
      vertex   1.219628e+01 6.638948e+00 -2.363319e+01
      vertex   1.219628e+01 6.638948e+00 -2.236681e+01
      vertex   1.219628e+01 6.553164e+00 -2.236781e+01
    endloop
  endfacet
  facet normal 1.000000e+00 0.000000e+00 0.000000e+00
    outer loop
      vertex   1.219628e+01 6.638948e+00 -2.363319e+01
      vertex   1.219628e+01 6.553164e+00 -2.236781e+01
      vertex   1.219628e+01 6.553164e+00 -2.363219e+01
    endloop
  endfacet
  facet normal 1.000000e+00 0.000000e+00 -0.000000e+00
    outer loop
      vertex   1.219628e+01 6.553164e+00 -2.363219e+01
      vertex   1.219628e+01 6.553164e+00 -2.236781e+01
      vertex   1.219628e+01 6.380451e+00 -2.239258e+01
    endloop
  endfacet
  facet normal 1.000000e+00 0.000000e+00 0.000000e+00
    outer loop
      vertex   1.219628e+01 6.553164e+00 -2.363219e+01
      vertex   1.219628e+01 6.380451e+00 -2.239258e+01
      vertex   1.219628e+01 6.380451e+00 -2.360742e+01
    endloop
  endfacet
  facet normal 1.000000e+00 0.000000e+00 -0.000000e+00
    outer loop
      vertex   1.219628e+01 6.380451e+00 -2.360742e+01
      vertex   1.219628e+01 6.380451e+00 -2.239258e+01
      vertex   1.219628e+01 6.238159e+00 -2.242857e+01
    endloop
  endfacet
  facet normal 1.000000e+00 0.000000e+00 0.000000e+00
    outer loop
      vertex   1.219628e+01 6.380451e+00 -2.360742e+01
      vertex   1.219628e+01 6.238159e+00 -2.242857e+01
      vertex   1.219628e+01 6.238159e+00 -2.357143e+01
    endloop
  endfacet
  facet normal 1.000000e+00 0.000000e+00 -0.000000e+00
    outer loop
      vertex   1.219628e+01 6.238159e+00 -2.357143e+01
      vertex   1.219628e+01 6.238159e+00 -2.242857e+01
      vertex   1.219628e+01 6.069645e+00 -2.351369e+01
    endloop
  endfacet
  facet normal 1.000000e+00 0.000000e+00 0.000000e+00
    outer loop
      vertex   1.219628e+01 6.069645e+00 -2.351369e+01
      vertex   1.219628e+01 6.238159e+00 -2.242857e+01
      vertex   1.219628e+01 6.069645e+00 -2.248631e+01
    endloop
  endfacet
  facet normal 1.000000e+00 0.000000e+00 -0.000000e+00
    outer loop
      vertex   1.219628e+01 6.069645e+00 -2.351369e+01
      vertex   1.219628e+01 6.069645e+00 -2.248631e+01
      vertex   1.219628e+01 5.876844e+00 -2.257073e+01
    endloop
  endfacet
  facet normal 1.000000e+00 0.000000e+00 0.000000e+00
    outer loop
      vertex   1.219628e+01 6.069645e+00 -2.351369e+01
      vertex   1.219628e+01 5.876844e+00 -2.257073e+01
      vertex   1.219628e+01 5.876844e+00 -2.342927e+01
    endloop
  endfacet
  facet normal 1.000000e+00 0.000000e+00 -0.000000e+00
    outer loop
      vertex   1.219628e+01 5.876844e+00 -2.342927e+01
      vertex   1.219628e+01 5.876844e+00 -2.257073e+01
      vertex   1.219628e+01 5.661689e+00 -2.268675e+01
    endloop
  endfacet
  facet normal 1.000000e+00 0.000000e+00 0.000000e+00
    outer loop
      vertex   1.219628e+01 5.876844e+00 -2.342927e+01
      vertex   1.219628e+01 5.661689e+00 -2.268675e+01
      vertex   1.219628e+01 5.661689e+00 -2.331325e+01
    endloop
  endfacet
  facet normal 1.000000e+00 0.000000e+00 0.000000e+00
    outer loop
      vertex   1.219628e+01 1.040428e+01 -2.299741e+01
      vertex   1.219628e+01 7.488992e+00 -2.351656e+01
      vertex   1.219628e+01 1.043324e+01 -2.321741e+01
    endloop
  endfacet
  facet normal 1.000000e+00 0.000000e+00 0.000000e+00
    outer loop
      vertex   1.219628e+01 1.043324e+01 -2.321741e+01
      vertex   1.219628e+01 7.488992e+00 -2.351656e+01
      vertex   1.219628e+01 7.583201e+00 -2.398351e+01
    endloop
  endfacet
  facet normal 1.000000e+00 0.000000e+00 0.000000e+00
    outer loop
      vertex   1.219628e+01 1.043324e+01 -2.321741e+01
      vertex   1.219628e+01 7.583201e+00 -2.398351e+01
      vertex   1.219628e+01 7.735091e+00 -2.443501e+01
    endloop
  endfacet
  facet normal 1.000000e+00 -0.000000e+00 0.000000e+00
    outer loop
      vertex   1.219628e+01 6.940615e+00 -2.475903e+01
      vertex   1.219628e+01 8.251648e+00 -2.532971e+01
      vertex   1.219628e+01 7.735091e+00 -2.443501e+01
    endloop
  endfacet
  facet normal 1.000000e+00 -0.000000e+00 0.000000e+00
    outer loop
      vertex   1.219628e+01 7.735091e+00 -2.443501e+01
      vertex   1.219628e+01 8.251648e+00 -2.532971e+01
      vertex   1.219628e+01 1.051815e+01 -2.342241e+01
    endloop
  endfacet
  facet normal 1.000000e+00 0.000000e+00 0.000000e+00
    outer loop
      vertex   1.219628e+01 7.735091e+00 -2.443501e+01
      vertex   1.219628e+01 1.051815e+01 -2.342241e+01
      vertex   1.219628e+01 1.043324e+01 -2.321741e+01
    endloop
  endfacet
  facet normal 1.000000e+00 0.000000e+00 0.000000e+00
    outer loop
      vertex   1.219628e+01 8.251648e+00 -2.532971e+01
      vertex   1.219628e+01 6.940615e+00 -2.475903e+01
      vertex   1.219628e+01 7.573806e+00 -2.585574e+01
    endloop
  endfacet
  facet normal 1.000000e+00 0.000000e+00 0.000000e+00
    outer loop
      vertex   1.219628e+01 7.573806e+00 -2.585574e+01
      vertex   1.219628e+01 6.940615e+00 -2.475903e+01
      vertex   1.219628e+01 6.866825e+00 -2.480279e+01
    endloop
  endfacet
  facet normal 1.000000e+00 0.000000e+00 0.000000e+00
    outer loop
      vertex   1.219628e+01 7.573806e+00 -2.585574e+01
      vertex   1.219628e+01 6.866825e+00 -2.480279e+01
      vertex   1.219628e+01 6.729637e+00 -2.491059e+01
    endloop
  endfacet
  facet normal 1.000000e+00 -0.000000e+00 0.000000e+00
    outer loop
      vertex   1.219628e+01 6.624400e+00 -2.501290e+01
      vertex   1.219628e+01 7.337054e+00 -2.596267e+01
      vertex   1.219628e+01 6.729637e+00 -2.491059e+01
    endloop
  endfacet
  facet normal 1.000000e+00 0.000000e+00 0.000000e+00
    outer loop
      vertex   1.219628e+01 6.729637e+00 -2.491059e+01
      vertex   1.219628e+01 7.337054e+00 -2.596267e+01
      vertex   1.219628e+01 7.499014e+00 -2.589777e+01
    endloop
  endfacet
  facet normal 1.000000e+00 0.000000e+00 0.000000e+00
    outer loop
      vertex   1.219628e+01 6.729637e+00 -2.491059e+01
      vertex   1.219628e+01 7.499014e+00 -2.589777e+01
      vertex   1.219628e+01 7.573806e+00 -2.585574e+01
    endloop
  endfacet
  facet normal 1.000000e+00 0.000000e+00 0.000000e+00
    outer loop
      vertex   1.219628e+01 7.337054e+00 -2.596267e+01
      vertex   1.219628e+01 6.624400e+00 -2.501290e+01
      vertex   1.219628e+01 7.195833e+00 -2.600266e+01
    endloop
  endfacet
  facet normal 1.000000e+00 0.000000e+00 0.000000e+00
    outer loop
      vertex   1.219628e+01 7.195833e+00 -2.600266e+01
      vertex   1.219628e+01 6.624400e+00 -2.501290e+01
      vertex   1.219628e+01 6.507336e+00 -2.514717e+01
    endloop
  endfacet
  facet normal 1.000000e+00 0.000000e+00 0.000000e+00
    outer loop
      vertex   1.219628e+01 7.195833e+00 -2.600266e+01
      vertex   1.219628e+01 6.507336e+00 -2.514717e+01
      vertex   1.219628e+01 7.021023e+00 -2.603690e+01
    endloop
  endfacet
  facet normal 1.000000e+00 0.000000e+00 0.000000e+00
    outer loop
      vertex   1.219628e+01 7.021023e+00 -2.603690e+01
      vertex   1.219628e+01 6.507336e+00 -2.514717e+01
      vertex   1.219628e+01 6.382576e+00 -2.531668e+01
    endloop
  endfacet
  facet normal 1.000000e+00 0.000000e+00 0.000000e+00
    outer loop
      vertex   1.219628e+01 7.021023e+00 -2.603690e+01
      vertex   1.219628e+01 6.382576e+00 -2.531668e+01
      vertex   1.219628e+01 6.811841e+00 -2.606019e+01
    endloop
  endfacet
  facet normal 1.000000e+00 0.000000e+00 0.000000e+00
    outer loop
      vertex   1.219628e+01 6.811841e+00 -2.606019e+01
      vertex   1.219628e+01 6.382576e+00 -2.531668e+01
      vertex   1.219628e+01 6.254252e+00 -2.552473e+01
    endloop
  endfacet
  facet normal 1.000000e+00 0.000000e+00 0.000000e+00
    outer loop
      vertex   1.219628e+01 6.811841e+00 -2.606019e+01
      vertex   1.219628e+01 6.254252e+00 -2.552473e+01
      vertex   1.219628e+01 6.567506e+00 -2.606730e+01
    endloop
  endfacet
  facet normal 1.000000e+00 0.000000e+00 0.000000e+00
    outer loop
      vertex   1.219628e+01 1.051815e+01 -2.342241e+01
      vertex   1.219628e+01 8.251648e+00 -2.532971e+01
      vertex   1.219628e+01 1.065323e+01 -2.359845e+01
    endloop
  endfacet
  facet normal 1.000000e+00 0.000000e+00 0.000000e+00
    outer loop
      vertex   1.219628e+01 1.065323e+01 -2.359845e+01
      vertex   1.219628e+01 8.251648e+00 -2.532971e+01
      vertex   1.219628e+01 8.566713e+00 -2.568701e+01
    endloop
  endfacet
  facet normal 1.000000e+00 0.000000e+00 0.000000e+00
    outer loop
      vertex   1.219628e+01 1.065323e+01 -2.359845e+01
      vertex   1.219628e+01 8.566713e+00 -2.568701e+01
      vertex   1.219628e+01 1.082928e+01 -2.373353e+01
    endloop
  endfacet
  facet normal 1.000000e+00 0.000000e+00 0.000000e+00
    outer loop
      vertex   1.219628e+01 1.082928e+01 -2.373353e+01
      vertex   1.219628e+01 8.566713e+00 -2.568701e+01
      vertex   1.219628e+01 8.924004e+00 -2.600207e+01
    endloop
  endfacet
  facet normal 1.000000e+00 0.000000e+00 0.000000e+00
    outer loop
      vertex   1.219628e+01 1.082928e+01 -2.373353e+01
      vertex   1.219628e+01 8.924004e+00 -2.600207e+01
      vertex   1.219628e+01 9.818707e+00 -2.651863e+01
    endloop
  endfacet
  facet normal 1.000000e+00 0.000000e+00 0.000000e+00
    outer loop
      vertex   1.219628e+01 9.818707e+00 -2.651863e+01
      vertex   1.219628e+01 8.924004e+00 -2.600207e+01
      vertex   1.219628e+01 8.397974e+00 -2.667991e+01
    endloop
  endfacet
  facet normal 1.000000e+00 0.000000e+00 0.000000e+00
    outer loop
      vertex   1.219628e+01 9.818707e+00 -2.651863e+01
      vertex   1.219628e+01 8.397974e+00 -2.667991e+01
      vertex   1.219628e+01 9.494693e+00 -2.731310e+01
    endloop
  endfacet
  facet normal 1.000000e+00 0.000000e+00 0.000000e+00
    outer loop
      vertex   1.219628e+01 9.494693e+00 -2.731310e+01
      vertex   1.219628e+01 8.397974e+00 -2.667991e+01
      vertex   1.219628e+01 8.355950e+00 -2.675471e+01
    endloop
  endfacet
  facet normal 1.000000e+00 0.000000e+00 0.000000e+00
    outer loop
      vertex   1.219628e+01 9.494693e+00 -2.731310e+01
      vertex   1.219628e+01 8.355950e+00 -2.675471e+01
      vertex   1.219628e+01 8.291046e+00 -2.691666e+01
    endloop
  endfacet
  facet normal 1.000000e+00 -0.000000e+00 0.000000e+00
    outer loop
      vertex   1.219628e+01 8.251063e+00 -2.705789e+01
      vertex   1.219628e+01 9.343124e+00 -2.752408e+01
      vertex   1.219628e+01 8.291046e+00 -2.691666e+01
    endloop
  endfacet
  facet normal 1.000000e+00 0.000000e+00 0.000000e+00
    outer loop
      vertex   1.219628e+01 8.291046e+00 -2.691666e+01
      vertex   1.219628e+01 9.343124e+00 -2.752408e+01
      vertex   1.219628e+01 9.450933e+00 -2.738689e+01
    endloop
  endfacet
  facet normal 1.000000e+00 0.000000e+00 0.000000e+00
    outer loop
      vertex   1.219628e+01 8.291046e+00 -2.691666e+01
      vertex   1.219628e+01 9.450933e+00 -2.738689e+01
      vertex   1.219628e+01 9.494693e+00 -2.731310e+01
    endloop
  endfacet
  facet normal 1.000000e+00 0.000000e+00 0.000000e+00
    outer loop
      vertex   1.219628e+01 9.343124e+00 -2.752408e+01
      vertex   1.219628e+01 8.251063e+00 -2.705789e+01
      vertex   1.219628e+01 9.240815e+00 -2.762932e+01
    endloop
  endfacet
  facet normal 1.000000e+00 0.000000e+00 0.000000e+00
    outer loop
      vertex   1.219628e+01 9.240815e+00 -2.762932e+01
      vertex   1.219628e+01 8.251063e+00 -2.705789e+01
      vertex   1.219628e+01 8.216816e+00 -2.723270e+01
    endloop
  endfacet
  facet normal 1.000000e+00 0.000000e+00 0.000000e+00
    outer loop
      vertex   1.219628e+01 9.240815e+00 -2.762932e+01
      vertex   1.219628e+01 8.216816e+00 -2.723270e+01
      vertex   1.219628e+01 9.106548e+00 -2.774638e+01
    endloop
  endfacet
  facet normal 1.000000e+00 0.000000e+00 0.000000e+00
    outer loop
      vertex   1.219628e+01 9.106548e+00 -2.774638e+01
      vertex   1.219628e+01 8.216816e+00 -2.723270e+01
      vertex   1.219628e+01 8.193527e+00 -2.744188e+01
    endloop
  endfacet
  facet normal 1.000000e+00 0.000000e+00 0.000000e+00
    outer loop
      vertex   1.219628e+01 9.106548e+00 -2.774638e+01
      vertex   1.219628e+01 8.193527e+00 -2.744188e+01
      vertex   1.219628e+01 8.937036e+00 -2.787114e+01
    endloop
  endfacet
  facet normal 1.000000e+00 0.000000e+00 0.000000e+00
    outer loop
      vertex   1.219628e+01 8.937036e+00 -2.787114e+01
      vertex   1.219628e+01 8.193527e+00 -2.744188e+01
      vertex   1.219628e+01 8.186418e+00 -2.768621e+01
    endloop
  endfacet
  facet normal 1.000000e+00 0.000000e+00 0.000000e+00
    outer loop
      vertex   1.219628e+01 8.937036e+00 -2.787114e+01
      vertex   1.219628e+01 8.186418e+00 -2.768621e+01
      vertex   1.219628e+01 8.728990e+00 -2.799947e+01
    endloop
  endfacet
  facet normal 1.000000e+00 0.000000e+00 0.000000e+00
    outer loop
      vertex   1.219628e+01 1.082928e+01 -2.373353e+01
      vertex   1.219628e+01 9.818707e+00 -2.651863e+01
      vertex   1.219628e+01 1.103428e+01 -2.381845e+01
    endloop
  endfacet
  facet normal 1.000000e+00 0.000000e+00 0.000000e+00
    outer loop
      vertex   1.219628e+01 1.103428e+01 -2.381845e+01
      vertex   1.219628e+01 9.818707e+00 -2.651863e+01
      vertex   1.219628e+01 1.027021e+01 -2.667052e+01
    endloop
  endfacet
  facet normal 1.000000e+00 0.000000e+00 0.000000e+00
    outer loop
      vertex   1.219628e+01 1.103428e+01 -2.381845e+01
      vertex   1.219628e+01 1.027021e+01 -2.667052e+01
      vertex   1.219628e+01 1.073716e+01 -2.676473e+01
    endloop
  endfacet
  facet normal 1.000000e+00 0.000000e+00 0.000000e+00
    outer loop
      vertex   1.219628e+01 1.062053e+01 -2.761477e+01
      vertex   1.219628e+01 1.188691e+01 -2.761477e+01
      vertex   1.219628e+01 1.073716e+01 -2.676473e+01
    endloop
  endfacet
  facet normal 1.000000e+00 -0.000000e+00 0.000000e+00
    outer loop
      vertex   1.219628e+01 1.073716e+01 -2.676473e+01
      vertex   1.219628e+01 1.188691e+01 -2.761477e+01
      vertex   1.219628e+01 1.177028e+01 -2.676473e+01
    endloop
  endfacet
  facet normal 1.000000e+00 0.000000e+00 0.000000e+00
    outer loop
      vertex   1.219628e+01 1.073716e+01 -2.676473e+01
      vertex   1.219628e+01 1.177028e+01 -2.676473e+01
      vertex   1.219628e+01 1.125428e+01 -2.384741e+01
    endloop
  endfacet
  facet normal 1.000000e+00 -0.000000e+00 0.000000e+00
    outer loop
      vertex   1.219628e+01 1.125428e+01 -2.384741e+01
      vertex   1.219628e+01 1.177028e+01 -2.676473e+01
      vertex   1.219628e+01 1.147427e+01 -2.381845e+01
    endloop
  endfacet
  facet normal 1.000000e+00 0.000000e+00 0.000000e+00
    outer loop
      vertex   1.219628e+01 1.147427e+01 -2.381845e+01
      vertex   1.219628e+01 1.177028e+01 -2.676473e+01
      vertex   1.219628e+01 1.223723e+01 -2.667052e+01
    endloop
  endfacet
  facet normal 1.000000e+00 1.804756e-14 4.827920e-15
    outer loop
      vertex   1.219628e+01 1.147427e+01 -2.381845e+01
      vertex   1.219628e+01 1.223723e+01 -2.667052e+01
      vertex   1.219628e+01 1.268873e+01 -2.651863e+01
    endloop
  endfacet
  facet normal 1.000000e+00 0.000000e+00 0.000000e+00
    outer loop
      vertex   1.219628e+01 1.188691e+01 -2.761477e+01
      vertex   1.219628e+01 1.062053e+01 -2.761477e+01
      vertex   1.219628e+01 1.188591e+01 -2.770055e+01
    endloop
  endfacet
  facet normal 1.000000e+00 0.000000e+00 0.000000e+00
    outer loop
      vertex   1.219628e+01 1.188591e+01 -2.770055e+01
      vertex   1.219628e+01 1.062053e+01 -2.761477e+01
      vertex   1.219628e+01 1.062153e+01 -2.770055e+01
    endloop
  endfacet
  facet normal 1.000000e+00 0.000000e+00 0.000000e+00
    outer loop
      vertex   1.219628e+01 1.188591e+01 -2.770055e+01
      vertex   1.219628e+01 1.062153e+01 -2.770055e+01
      vertex   1.219628e+01 1.186114e+01 -2.787327e+01
    endloop
  endfacet
  facet normal 1.000000e+00 0.000000e+00 0.000000e+00
    outer loop
      vertex   1.219628e+01 1.186114e+01 -2.787327e+01
      vertex   1.219628e+01 1.062153e+01 -2.770055e+01
      vertex   1.219628e+01 1.064630e+01 -2.787327e+01
    endloop
  endfacet
  facet normal 1.000000e+00 0.000000e+00 0.000000e+00
    outer loop
      vertex   1.219628e+01 1.186114e+01 -2.787327e+01
      vertex   1.219628e+01 1.064630e+01 -2.787327e+01
      vertex   1.219628e+01 1.182515e+01 -2.801556e+01
    endloop
  endfacet
  facet normal 1.000000e+00 0.000000e+00 0.000000e+00
    outer loop
      vertex   1.219628e+01 1.182515e+01 -2.801556e+01
      vertex   1.219628e+01 1.064630e+01 -2.787327e+01
      vertex   1.219628e+01 1.068229e+01 -2.801556e+01
    endloop
  endfacet
  facet normal 1.000000e+00 0.000000e+00 0.000000e+00
    outer loop
      vertex   1.219628e+01 1.182515e+01 -2.801556e+01
      vertex   1.219628e+01 1.068229e+01 -2.801556e+01
      vertex   1.219628e+01 1.176741e+01 -2.818407e+01
    endloop
  endfacet
  facet normal 1.000000e+00 0.000000e+00 0.000000e+00
    outer loop
      vertex   1.219628e+01 1.176741e+01 -2.818407e+01
      vertex   1.219628e+01 1.068229e+01 -2.801556e+01
      vertex   1.219628e+01 1.074003e+01 -2.818407e+01
    endloop
  endfacet
  facet normal 1.000000e+00 0.000000e+00 0.000000e+00
    outer loop
      vertex   1.219628e+01 1.176741e+01 -2.818407e+01
      vertex   1.219628e+01 1.074003e+01 -2.818407e+01
      vertex   1.219628e+01 1.168298e+01 -2.837687e+01
    endloop
  endfacet
  facet normal 1.000000e+00 0.000000e+00 0.000000e+00
    outer loop
      vertex   1.219628e+01 1.168298e+01 -2.837687e+01
      vertex   1.219628e+01 1.074003e+01 -2.818407e+01
      vertex   1.219628e+01 1.082445e+01 -2.837687e+01
    endloop
  endfacet
  facet normal 1.000000e+00 0.000000e+00 0.000000e+00
    outer loop
      vertex   1.219628e+01 1.168298e+01 -2.837687e+01
      vertex   1.219628e+01 1.082445e+01 -2.837687e+01
      vertex   1.219628e+01 1.156697e+01 -2.859203e+01
    endloop
  endfacet
  facet normal 1.000000e+00 0.000000e+00 0.000000e+00
    outer loop
      vertex   1.219628e+01 1.156697e+01 -2.859203e+01
      vertex   1.219628e+01 1.082445e+01 -2.837687e+01
      vertex   1.219628e+01 1.094047e+01 -2.859203e+01
    endloop
  endfacet
  facet normal 1.000000e+00 0.000000e+00 -0.000000e+00
    outer loop
      vertex   1.219628e+01 1.301274e+01 -2.731310e+01
      vertex   1.219628e+01 1.410946e+01 -2.667991e+01
      vertex   1.219628e+01 1.268873e+01 -2.651863e+01
    endloop
  endfacet
  facet normal 1.000000e+00 -0.000000e+00 0.000000e+00
    outer loop
      vertex   1.219628e+01 1.268873e+01 -2.651863e+01
      vertex   1.219628e+01 1.410946e+01 -2.667991e+01
      vertex   1.219628e+01 1.358343e+01 -2.600207e+01
    endloop
  endfacet
  facet normal 1.000000e+00 1.522579e-15 -2.637184e-15
    outer loop
      vertex   1.219628e+01 1.268873e+01 -2.651863e+01
      vertex   1.219628e+01 1.358343e+01 -2.600207e+01
      vertex   1.219628e+01 1.167928e+01 -2.373353e+01
    endloop
  endfacet
  facet normal 1.000000e+00 1.983988e-15 -2.249888e-15
    outer loop
      vertex   1.219628e+01 1.167928e+01 -2.373353e+01
      vertex   1.219628e+01 1.358343e+01 -2.600207e+01
      vertex   1.219628e+01 1.394072e+01 -2.568701e+01
    endloop
  endfacet
  facet normal 1.000000e+00 1.847575e-15 -2.407807e-15
    outer loop
      vertex   1.219628e+01 1.167928e+01 -2.373353e+01
      vertex   1.219628e+01 1.394072e+01 -2.568701e+01
      vertex   1.219628e+01 1.185532e+01 -2.359845e+01
    endloop
  endfacet
  facet normal 1.000000e+00 2.261648e-15 -1.994358e-15
    outer loop
      vertex   1.219628e+01 1.185532e+01 -2.359845e+01
      vertex   1.219628e+01 1.394072e+01 -2.568701e+01
      vertex   1.219628e+01 1.425579e+01 -2.532971e+01
    endloop
  endfacet
  facet normal 1.000000e+00 2.381866e-15 -1.827670e-15
    outer loop
      vertex   1.219628e+01 1.185532e+01 -2.359845e+01
      vertex   1.219628e+01 1.425579e+01 -2.532971e+01
      vertex   1.219628e+01 1.199040e+01 -2.342241e+01
    endloop
  endfacet
  facet normal 1.000000e+00 2.638225e-15 -1.523180e-15
    outer loop
      vertex   1.219628e+01 1.199040e+01 -2.342241e+01
      vertex   1.219628e+01 1.425579e+01 -2.532971e+01
      vertex   1.219628e+01 1.477235e+01 -2.443501e+01
    endloop
  endfacet
  facet normal 1.000000e+00 2.774359e-15 -1.149177e-15
    outer loop
      vertex   1.219628e+01 1.199040e+01 -2.342241e+01
      vertex   1.219628e+01 1.477235e+01 -2.443501e+01
      vertex   1.219628e+01 1.207531e+01 -2.321741e+01
    endloop
  endfacet
  facet normal 1.000000e+00 2.858956e-15 -9.617909e-16
    outer loop
      vertex   1.219628e+01 1.207531e+01 -2.321741e+01
      vertex   1.219628e+01 1.477235e+01 -2.443501e+01
      vertex   1.219628e+01 1.492424e+01 -2.398351e+01
    endloop
  endfacet
  facet normal 1.000000e+00 2.957157e-15 -5.966099e-16
    outer loop
      vertex   1.219628e+01 1.207531e+01 -2.321741e+01
      vertex   1.219628e+01 1.492424e+01 -2.398351e+01
      vertex   1.219628e+01 1.501845e+01 -2.351656e+01
    endloop
  endfacet
  facet normal 1.000000e+00 0.000000e+00 -0.000000e+00
    outer loop
      vertex   1.219628e+01 1.305650e+01 -2.738689e+01
      vertex   1.219628e+01 1.421639e+01 -2.691666e+01
      vertex   1.219628e+01 1.301274e+01 -2.731310e+01
    endloop
  endfacet
  facet normal 1.000000e+00 0.000000e+00 0.000000e+00
    outer loop
      vertex   1.219628e+01 1.301274e+01 -2.731310e+01
      vertex   1.219628e+01 1.421639e+01 -2.691666e+01
      vertex   1.219628e+01 1.415149e+01 -2.675471e+01
    endloop
  endfacet
  facet normal 1.000000e+00 0.000000e+00 0.000000e+00
    outer loop
      vertex   1.219628e+01 1.301274e+01 -2.731310e+01
      vertex   1.219628e+01 1.415149e+01 -2.675471e+01
      vertex   1.219628e+01 1.410946e+01 -2.667991e+01
    endloop
  endfacet
  facet normal 1.000000e+00 -0.000000e+00 0.000000e+00
    outer loop
      vertex   1.219628e+01 1.305650e+01 -2.738689e+01
      vertex   1.219628e+01 1.316431e+01 -2.752408e+01
      vertex   1.219628e+01 1.421639e+01 -2.691666e+01
    endloop
  endfacet
  facet normal 1.000000e+00 0.000000e+00 0.000000e+00
    outer loop
      vertex   1.219628e+01 1.421639e+01 -2.691666e+01
      vertex   1.219628e+01 1.316431e+01 -2.752408e+01
      vertex   1.219628e+01 1.425638e+01 -2.705789e+01
    endloop
  endfacet
  facet normal 1.000000e+00 0.000000e+00 0.000000e+00
    outer loop
      vertex   1.219628e+01 1.425638e+01 -2.705789e+01
      vertex   1.219628e+01 1.316431e+01 -2.752408e+01
      vertex   1.219628e+01 1.326662e+01 -2.762932e+01
    endloop
  endfacet
  facet normal 1.000000e+00 0.000000e+00 0.000000e+00
    outer loop
      vertex   1.219628e+01 1.425638e+01 -2.705789e+01
      vertex   1.219628e+01 1.326662e+01 -2.762932e+01
      vertex   1.219628e+01 1.429062e+01 -2.723270e+01
    endloop
  endfacet
  facet normal 1.000000e+00 0.000000e+00 0.000000e+00
    outer loop
      vertex   1.219628e+01 1.429062e+01 -2.723270e+01
      vertex   1.219628e+01 1.326662e+01 -2.762932e+01
      vertex   1.219628e+01 1.340089e+01 -2.774638e+01
    endloop
  endfacet
  facet normal 1.000000e+00 0.000000e+00 0.000000e+00
    outer loop
      vertex   1.219628e+01 1.429062e+01 -2.723270e+01
      vertex   1.219628e+01 1.340089e+01 -2.774638e+01
      vertex   1.219628e+01 1.431391e+01 -2.744188e+01
    endloop
  endfacet
  facet normal 1.000000e+00 0.000000e+00 0.000000e+00
    outer loop
      vertex   1.219628e+01 1.431391e+01 -2.744188e+01
      vertex   1.219628e+01 1.340089e+01 -2.774638e+01
      vertex   1.219628e+01 1.357040e+01 -2.787114e+01
    endloop
  endfacet
  facet normal 1.000000e+00 0.000000e+00 0.000000e+00
    outer loop
      vertex   1.219628e+01 1.431391e+01 -2.744188e+01
      vertex   1.219628e+01 1.357040e+01 -2.787114e+01
      vertex   1.219628e+01 1.432102e+01 -2.768621e+01
    endloop
  endfacet
  facet normal 1.000000e+00 0.000000e+00 0.000000e+00
    outer loop
      vertex   1.219628e+01 1.432102e+01 -2.768621e+01
      vertex   1.219628e+01 1.357040e+01 -2.787114e+01
      vertex   1.219628e+01 1.377845e+01 -2.799947e+01
    endloop
  endfacet
  facet normal 1.000000e+00 0.000000e+00 0.000000e+00
    outer loop
      vertex   1.219628e+01 1.477235e+01 -2.443501e+01
      vertex   1.219628e+01 1.425579e+01 -2.532971e+01
      vertex   1.219628e+01 1.556682e+01 -2.475903e+01
    endloop
  endfacet
  facet normal 1.000000e+00 0.000000e+00 0.000000e+00
    outer loop
      vertex   1.219628e+01 1.556682e+01 -2.475903e+01
      vertex   1.219628e+01 1.425579e+01 -2.532971e+01
      vertex   1.219628e+01 1.493363e+01 -2.585574e+01
    endloop
  endfacet
  facet normal 1.000000e+00 0.000000e+00 0.000000e+00
    outer loop
      vertex   1.219628e+01 1.556682e+01 -2.475903e+01
      vertex   1.219628e+01 1.493363e+01 -2.585574e+01
      vertex   1.219628e+01 1.564061e+01 -2.480279e+01
    endloop
  endfacet
  facet normal 1.000000e+00 0.000000e+00 0.000000e+00
    outer loop
      vertex   1.219628e+01 1.564061e+01 -2.480279e+01
      vertex   1.219628e+01 1.493363e+01 -2.585574e+01
      vertex   1.219628e+01 1.577780e+01 -2.491059e+01
    endloop
  endfacet
  facet normal 1.000000e+00 0.000000e+00 0.000000e+00
    outer loop
      vertex   1.219628e+01 1.577780e+01 -2.491059e+01
      vertex   1.219628e+01 1.493363e+01 -2.585574e+01
      vertex   1.219628e+01 1.500842e+01 -2.589777e+01
    endloop
  endfacet
  facet normal 1.000000e+00 0.000000e+00 0.000000e+00
    outer loop
      vertex   1.219628e+01 1.577780e+01 -2.491059e+01
      vertex   1.219628e+01 1.500842e+01 -2.589777e+01
      vertex   1.219628e+01 1.517038e+01 -2.596267e+01
    endloop
  endfacet
  facet normal 1.000000e+00 0.000000e+00 0.000000e+00
    outer loop
      vertex   1.219628e+01 1.577780e+01 -2.491059e+01
      vertex   1.219628e+01 1.517038e+01 -2.596267e+01
      vertex   1.219628e+01 1.588304e+01 -2.501290e+01
    endloop
  endfacet
  facet normal 1.000000e+00 0.000000e+00 0.000000e+00
    outer loop
      vertex   1.219628e+01 1.588304e+01 -2.501290e+01
      vertex   1.219628e+01 1.517038e+01 -2.596267e+01
      vertex   1.219628e+01 1.531161e+01 -2.600266e+01
    endloop
  endfacet
  facet normal 1.000000e+00 0.000000e+00 0.000000e+00
    outer loop
      vertex   1.219628e+01 1.588304e+01 -2.501290e+01
      vertex   1.219628e+01 1.531161e+01 -2.600266e+01
      vertex   1.219628e+01 1.600010e+01 -2.514717e+01
    endloop
  endfacet
  facet normal 1.000000e+00 0.000000e+00 0.000000e+00
    outer loop
      vertex   1.219628e+01 1.600010e+01 -2.514717e+01
      vertex   1.219628e+01 1.531161e+01 -2.600266e+01
      vertex   1.219628e+01 1.548642e+01 -2.603690e+01
    endloop
  endfacet
  facet normal 1.000000e+00 0.000000e+00 0.000000e+00
    outer loop
      vertex   1.219628e+01 1.600010e+01 -2.514717e+01
      vertex   1.219628e+01 1.548642e+01 -2.603690e+01
      vertex   1.219628e+01 1.612486e+01 -2.531668e+01
    endloop
  endfacet
  facet normal 1.000000e+00 0.000000e+00 0.000000e+00
    outer loop
      vertex   1.219628e+01 1.612486e+01 -2.531668e+01
      vertex   1.219628e+01 1.548642e+01 -2.603690e+01
      vertex   1.219628e+01 1.569560e+01 -2.606019e+01
    endloop
  endfacet
  facet normal 1.000000e+00 0.000000e+00 0.000000e+00
    outer loop
      vertex   1.219628e+01 1.612486e+01 -2.531668e+01
      vertex   1.219628e+01 1.569560e+01 -2.606019e+01
      vertex   1.219628e+01 1.625319e+01 -2.552473e+01
    endloop
  endfacet
  facet normal 1.000000e+00 0.000000e+00 0.000000e+00
    outer loop
      vertex   1.219628e+01 1.625319e+01 -2.552473e+01
      vertex   1.219628e+01 1.569560e+01 -2.606019e+01
      vertex   1.219628e+01 1.593993e+01 -2.606730e+01
    endloop
  endfacet
  facet normal 1.000000e+00 0.000000e+00 -0.000000e+00
    outer loop
      vertex   1.219628e+01 1.586849e+01 -2.363319e+01
      vertex   1.219628e+01 1.586849e+01 -2.236681e+01
      vertex   1.219628e+01 1.501845e+01 -2.351656e+01
    endloop
  endfacet
  facet normal 1.000000e+00 0.000000e+00 0.000000e+00
    outer loop
      vertex   1.219628e+01 1.501845e+01 -2.351656e+01
      vertex   1.219628e+01 1.586849e+01 -2.236681e+01
      vertex   1.219628e+01 1.501845e+01 -2.248344e+01
    endloop
  endfacet
  facet normal 1.000000e+00 3.047791e-15 -0.000000e+00
    outer loop
      vertex   1.219628e+01 1.501845e+01 -2.351656e+01
      vertex   1.219628e+01 1.501845e+01 -2.248344e+01
      vertex   1.219628e+01 1.210428e+01 -2.299741e+01
    endloop
  endfacet
  facet normal 1.000000e+00 2.978630e-15 3.921440e-16
    outer loop
      vertex   1.219628e+01 1.210428e+01 -2.299741e+01
      vertex   1.219628e+01 1.501845e+01 -2.248344e+01
      vertex   1.219628e+01 1.207531e+01 -2.277741e+01
    endloop
  endfacet
  facet normal 1.000000e+00 2.958186e-15 5.968174e-16
    outer loop
      vertex   1.219628e+01 1.207531e+01 -2.277741e+01
      vertex   1.219628e+01 1.501845e+01 -2.248344e+01
      vertex   1.219628e+01 1.492424e+01 -2.201649e+01
    endloop
  endfacet
  facet normal 1.000000e+00 2.860560e-15 9.623305e-16
    outer loop
      vertex   1.219628e+01 1.207531e+01 -2.277741e+01
      vertex   1.219628e+01 1.492424e+01 -2.201649e+01
      vertex   1.219628e+01 1.477235e+01 -2.156499e+01
    endloop
  endfacet
  facet normal 1.000000e+00 0.000000e+00 0.000000e+00
    outer loop
      vertex   1.219628e+01 1.586849e+01 -2.363319e+01
      vertex   1.219628e+01 1.595427e+01 -2.363219e+01
      vertex   1.219628e+01 1.586849e+01 -2.236681e+01
    endloop
  endfacet
  facet normal 1.000000e+00 0.000000e+00 0.000000e+00
    outer loop
      vertex   1.219628e+01 1.586849e+01 -2.236681e+01
      vertex   1.219628e+01 1.595427e+01 -2.363219e+01
      vertex   1.219628e+01 1.595427e+01 -2.236781e+01
    endloop
  endfacet
  facet normal 1.000000e+00 0.000000e+00 0.000000e+00
    outer loop
      vertex   1.219628e+01 1.595427e+01 -2.236781e+01
      vertex   1.219628e+01 1.595427e+01 -2.363219e+01
      vertex   1.219628e+01 1.612699e+01 -2.360742e+01
    endloop
  endfacet
  facet normal 1.000000e+00 0.000000e+00 0.000000e+00
    outer loop
      vertex   1.219628e+01 1.595427e+01 -2.236781e+01
      vertex   1.219628e+01 1.612699e+01 -2.360742e+01
      vertex   1.219628e+01 1.612699e+01 -2.239258e+01
    endloop
  endfacet
  facet normal 1.000000e+00 0.000000e+00 0.000000e+00
    outer loop
      vertex   1.219628e+01 1.612699e+01 -2.239258e+01
      vertex   1.219628e+01 1.612699e+01 -2.360742e+01
      vertex   1.219628e+01 1.626928e+01 -2.357143e+01
    endloop
  endfacet
  facet normal 1.000000e+00 0.000000e+00 0.000000e+00
    outer loop
      vertex   1.219628e+01 1.612699e+01 -2.239258e+01
      vertex   1.219628e+01 1.626928e+01 -2.357143e+01
      vertex   1.219628e+01 1.626928e+01 -2.242857e+01
    endloop
  endfacet
  facet normal 1.000000e+00 0.000000e+00 0.000000e+00
    outer loop
      vertex   1.219628e+01 1.626928e+01 -2.242857e+01
      vertex   1.219628e+01 1.626928e+01 -2.357143e+01
      vertex   1.219628e+01 1.643779e+01 -2.351369e+01
    endloop
  endfacet
  facet normal 1.000000e+00 0.000000e+00 0.000000e+00
    outer loop
      vertex   1.219628e+01 1.626928e+01 -2.242857e+01
      vertex   1.219628e+01 1.643779e+01 -2.351369e+01
      vertex   1.219628e+01 1.643779e+01 -2.248631e+01
    endloop
  endfacet
  facet normal 1.000000e+00 0.000000e+00 0.000000e+00
    outer loop
      vertex   1.219628e+01 1.643779e+01 -2.248631e+01
      vertex   1.219628e+01 1.643779e+01 -2.351369e+01
      vertex   1.219628e+01 1.663059e+01 -2.257073e+01
    endloop
  endfacet
  facet normal 1.000000e+00 0.000000e+00 0.000000e+00
    outer loop
      vertex   1.219628e+01 1.663059e+01 -2.257073e+01
      vertex   1.219628e+01 1.643779e+01 -2.351369e+01
      vertex   1.219628e+01 1.663059e+01 -2.342927e+01
    endloop
  endfacet
  facet normal 1.000000e+00 0.000000e+00 0.000000e+00
    outer loop
      vertex   1.219628e+01 1.663059e+01 -2.257073e+01
      vertex   1.219628e+01 1.663059e+01 -2.342927e+01
      vertex   1.219628e+01 1.684575e+01 -2.268675e+01
    endloop
  endfacet
  facet normal 1.000000e+00 0.000000e+00 0.000000e+00
    outer loop
      vertex   1.219628e+01 1.684575e+01 -2.268675e+01
      vertex   1.219628e+01 1.663059e+01 -2.342927e+01
      vertex   1.219628e+01 1.684575e+01 -2.331325e+01
    endloop
  endfacet
  facet normal 1.000000e+00 0.000000e+00 0.000000e+00
    outer loop
      vertex   1.219628e+01 1.556682e+01 -2.124097e+01
      vertex   1.219628e+01 1.425579e+01 -2.067029e+01
      vertex   1.219628e+01 1.477235e+01 -2.156499e+01
    endloop
  endfacet
  facet normal 1.000000e+00 2.640570e-15 1.524534e-15
    outer loop
      vertex   1.219628e+01 1.477235e+01 -2.156499e+01
      vertex   1.219628e+01 1.425579e+01 -2.067029e+01
      vertex   1.219628e+01 1.199040e+01 -2.257241e+01
    endloop
  endfacet
  facet normal 1.000000e+00 2.776219e-15 1.149947e-15
    outer loop
      vertex   1.219628e+01 1.477235e+01 -2.156499e+01
      vertex   1.219628e+01 1.199040e+01 -2.257241e+01
      vertex   1.219628e+01 1.207531e+01 -2.277741e+01
    endloop
  endfacet
  facet normal 1.000000e+00 -0.000000e+00 0.000000e+00
    outer loop
      vertex   1.219628e+01 1.425579e+01 -2.067029e+01
      vertex   1.219628e+01 1.556682e+01 -2.124097e+01
      vertex   1.219628e+01 1.493363e+01 -2.014426e+01
    endloop
  endfacet
  facet normal 1.000000e+00 0.000000e+00 0.000000e+00
    outer loop
      vertex   1.219628e+01 1.493363e+01 -2.014426e+01
      vertex   1.219628e+01 1.556682e+01 -2.124097e+01
      vertex   1.219628e+01 1.564061e+01 -2.119721e+01
    endloop
  endfacet
  facet normal 1.000000e+00 0.000000e+00 0.000000e+00
    outer loop
      vertex   1.219628e+01 1.493363e+01 -2.014426e+01
      vertex   1.219628e+01 1.564061e+01 -2.119721e+01
      vertex   1.219628e+01 1.577780e+01 -2.108941e+01
    endloop
  endfacet
  facet normal 1.000000e+00 0.000000e+00 0.000000e+00
    outer loop
      vertex   1.219628e+01 1.588304e+01 -2.098710e+01
      vertex   1.219628e+01 1.517038e+01 -2.003733e+01
      vertex   1.219628e+01 1.577780e+01 -2.108941e+01
    endloop
  endfacet
  facet normal 1.000000e+00 0.000000e+00 0.000000e+00
    outer loop
      vertex   1.219628e+01 1.577780e+01 -2.108941e+01
      vertex   1.219628e+01 1.517038e+01 -2.003733e+01
      vertex   1.219628e+01 1.500842e+01 -2.010223e+01
    endloop
  endfacet
  facet normal 1.000000e+00 0.000000e+00 0.000000e+00
    outer loop
      vertex   1.219628e+01 1.577780e+01 -2.108941e+01
      vertex   1.219628e+01 1.500842e+01 -2.010223e+01
      vertex   1.219628e+01 1.493363e+01 -2.014426e+01
    endloop
  endfacet
  facet normal 1.000000e+00 -0.000000e+00 0.000000e+00
    outer loop
      vertex   1.219628e+01 1.517038e+01 -2.003733e+01
      vertex   1.219628e+01 1.588304e+01 -2.098710e+01
      vertex   1.219628e+01 1.531161e+01 -1.999734e+01
    endloop
  endfacet
  facet normal 1.000000e+00 0.000000e+00 0.000000e+00
    outer loop
      vertex   1.219628e+01 1.531161e+01 -1.999734e+01
      vertex   1.219628e+01 1.588304e+01 -2.098710e+01
      vertex   1.219628e+01 1.600010e+01 -2.085283e+01
    endloop
  endfacet
  facet normal 1.000000e+00 -0.000000e+00 0.000000e+00
    outer loop
      vertex   1.219628e+01 1.531161e+01 -1.999734e+01
      vertex   1.219628e+01 1.600010e+01 -2.085283e+01
      vertex   1.219628e+01 1.548642e+01 -1.996310e+01
    endloop
  endfacet
  facet normal 1.000000e+00 0.000000e+00 0.000000e+00
    outer loop
      vertex   1.219628e+01 1.548642e+01 -1.996310e+01
      vertex   1.219628e+01 1.600010e+01 -2.085283e+01
      vertex   1.219628e+01 1.612486e+01 -2.068332e+01
    endloop
  endfacet
  facet normal 1.000000e+00 -0.000000e+00 0.000000e+00
    outer loop
      vertex   1.219628e+01 1.548642e+01 -1.996310e+01
      vertex   1.219628e+01 1.612486e+01 -2.068332e+01
      vertex   1.219628e+01 1.569560e+01 -1.993981e+01
    endloop
  endfacet
  facet normal 1.000000e+00 0.000000e+00 0.000000e+00
    outer loop
      vertex   1.219628e+01 1.569560e+01 -1.993981e+01
      vertex   1.219628e+01 1.612486e+01 -2.068332e+01
      vertex   1.219628e+01 1.625319e+01 -2.047527e+01
    endloop
  endfacet
  facet normal 1.000000e+00 -0.000000e+00 0.000000e+00
    outer loop
      vertex   1.219628e+01 1.569560e+01 -1.993981e+01
      vertex   1.219628e+01 1.625319e+01 -2.047527e+01
      vertex   1.219628e+01 1.593993e+01 -1.993270e+01
    endloop
  endfacet
  facet normal 1.000000e+00 2.384407e-15 1.829620e-15
    outer loop
      vertex   1.219628e+01 1.199040e+01 -2.257241e+01
      vertex   1.219628e+01 1.425579e+01 -2.067029e+01
      vertex   1.219628e+01 1.185532e+01 -2.239637e+01
    endloop
  endfacet
  facet normal 1.000000e+00 2.264280e-15 1.996679e-15
    outer loop
      vertex   1.219628e+01 1.185532e+01 -2.239637e+01
      vertex   1.219628e+01 1.425579e+01 -2.067029e+01
      vertex   1.219628e+01 1.394072e+01 -2.031299e+01
    endloop
  endfacet
  facet normal 1.000000e+00 1.850172e-15 2.411192e-15
    outer loop
      vertex   1.219628e+01 1.185532e+01 -2.239637e+01
      vertex   1.219628e+01 1.394072e+01 -2.031299e+01
      vertex   1.219628e+01 1.167928e+01 -2.226129e+01
    endloop
  endfacet
  facet normal 1.000000e+00 1.986594e-15 2.252843e-15
    outer loop
      vertex   1.219628e+01 1.167928e+01 -2.226129e+01
      vertex   1.219628e+01 1.394072e+01 -2.031299e+01
      vertex   1.219628e+01 1.358343e+01 -1.999793e+01
    endloop
  endfacet
  facet normal 1.000000e+00 1.524923e-15 2.641245e-15
    outer loop
      vertex   1.219628e+01 1.167928e+01 -2.226129e+01
      vertex   1.219628e+01 1.358343e+01 -1.999793e+01
      vertex   1.219628e+01 1.268873e+01 -1.948137e+01
    endloop
  endfacet
  facet normal 1.000000e+00 -0.000000e+00 0.000000e+00
    outer loop
      vertex   1.219628e+01 1.268873e+01 -1.948137e+01
      vertex   1.219628e+01 1.358343e+01 -1.999793e+01
      vertex   1.219628e+01 1.410946e+01 -1.932009e+01
    endloop
  endfacet
  facet normal 1.000000e+00 0.000000e+00 0.000000e+00
    outer loop
      vertex   1.219628e+01 1.268873e+01 -1.948137e+01
      vertex   1.219628e+01 1.410946e+01 -1.932009e+01
      vertex   1.219628e+01 1.301274e+01 -1.868690e+01
    endloop
  endfacet
  facet normal 1.000000e+00 0.000000e+00 0.000000e+00
    outer loop
      vertex   1.219628e+01 1.301274e+01 -1.868690e+01
      vertex   1.219628e+01 1.410946e+01 -1.932009e+01
      vertex   1.219628e+01 1.415149e+01 -1.924529e+01
    endloop
  endfacet
  facet normal 1.000000e+00 -0.000000e+00 0.000000e+00
    outer loop
      vertex   1.219628e+01 1.301274e+01 -1.868690e+01
      vertex   1.219628e+01 1.415149e+01 -1.924529e+01
      vertex   1.219628e+01 1.377845e+01 -1.839947e+01
    endloop
  endfacet
  facet normal 1.000000e+00 0.000000e+00 0.000000e+00
    outer loop
      vertex   1.219628e+01 1.377845e+01 -1.839947e+01
      vertex   1.219628e+01 1.415149e+01 -1.924529e+01
      vertex   1.219628e+01 1.421639e+01 -1.908334e+01
    endloop
  endfacet
  facet normal 1.000000e+00 0.000000e+00 0.000000e+00
    outer loop
      vertex   1.219628e+01 1.377845e+01 -1.839947e+01
      vertex   1.219628e+01 1.421639e+01 -1.908334e+01
      vertex   1.219628e+01 1.425638e+01 -1.894211e+01
    endloop
  endfacet
  facet normal 1.000000e+00 0.000000e+00 -0.000000e+00
    outer loop
      vertex   1.219628e+01 1.425638e+01 -1.894211e+01
      vertex   1.219628e+01 1.429062e+01 -1.876730e+01
      vertex   1.219628e+01 1.377845e+01 -1.839947e+01
    endloop
  endfacet
  facet normal 1.000000e+00 0.000000e+00 0.000000e+00
    outer loop
      vertex   1.219628e+01 1.377845e+01 -1.839947e+01
      vertex   1.219628e+01 1.429062e+01 -1.876730e+01
      vertex   1.219628e+01 1.431391e+01 -1.855812e+01
    endloop
  endfacet
  facet normal 1.000000e+00 -0.000000e+00 0.000000e+00
    outer loop
      vertex   1.219628e+01 1.377845e+01 -1.839947e+01
      vertex   1.219628e+01 1.431391e+01 -1.855812e+01
      vertex   1.219628e+01 1.413971e+01 -1.820000e+01
    endloop
  endfacet
  facet normal 1.000000e+00 0.000000e+00 0.000000e+00
    outer loop
      vertex   1.219628e+01 1.413971e+01 -1.820000e+01
      vertex   1.219628e+01 1.431391e+01 -1.855812e+01
      vertex   1.219628e+01 1.432102e+01 -1.831379e+01
    endloop
  endfacet
  facet normal 1.000000e+00 0.000000e+00 0.000000e+00
    outer loop
      vertex   1.219628e+01 1.347017e+01 -1.820000e+01
      vertex   1.219628e+01 1.329302e+01 -1.834606e+01
      vertex   1.219628e+01 1.377845e+01 -1.839947e+01
    endloop
  endfacet
  facet normal 1.000000e+00 0.000000e+00 0.000000e+00
    outer loop
      vertex   1.219628e+01 1.377845e+01 -1.839947e+01
      vertex   1.219628e+01 1.329302e+01 -1.834606e+01
      vertex   1.219628e+01 1.316431e+01 -1.847592e+01
    endloop
  endfacet
  facet normal 1.000000e+00 0.000000e+00 0.000000e+00
    outer loop
      vertex   1.219628e+01 1.377845e+01 -1.839947e+01
      vertex   1.219628e+01 1.316431e+01 -1.847592e+01
      vertex   1.219628e+01 1.305650e+01 -1.861311e+01
    endloop
  endfacet
  facet normal 1.000000e+00 -0.000000e+00 0.000000e+00
    outer loop
      vertex   1.219628e+01 1.305650e+01 -1.861311e+01
      vertex   1.219628e+01 1.301274e+01 -1.868690e+01
      vertex   1.219628e+01 1.377845e+01 -1.839947e+01
    endloop
  endfacet
  facet normal 1.000000e+00 1.150376e-15 2.777252e-15
    outer loop
      vertex   1.219628e+01 1.167928e+01 -2.226129e+01
      vertex   1.219628e+01 1.268873e+01 -1.948137e+01
      vertex   1.219628e+01 1.147427e+01 -2.217637e+01
    endloop
  endfacet
  facet normal 1.000000e+00 1.804485e-14 -4.835975e-15
    outer loop
      vertex   1.219628e+01 1.147427e+01 -2.217637e+01
      vertex   1.219628e+01 1.268873e+01 -1.948137e+01
      vertex   1.219628e+01 1.223723e+01 -1.932948e+01
    endloop
  endfacet
  facet normal 1.000000e+00 0.000000e+00 0.000000e+00
    outer loop
      vertex   1.219628e+01 1.147427e+01 -2.217637e+01
      vertex   1.219628e+01 1.223723e+01 -1.932948e+01
      vertex   1.219628e+01 1.177028e+01 -1.923527e+01
    endloop
  endfacet
  facet normal 1.000000e+00 0.000000e+00 0.000000e+00
    outer loop
      vertex   1.219628e+01 1.188691e+01 -1.838523e+01
      vertex   1.219628e+01 1.174324e+01 -1.864392e+01
      vertex   1.219628e+01 1.177028e+01 -1.923527e+01
    endloop
  endfacet
  facet normal 1.000000e+00 0.000000e+00 0.000000e+00
    outer loop
      vertex   1.219628e+01 1.177028e+01 -1.923527e+01
      vertex   1.219628e+01 1.174324e+01 -1.864392e+01
      vertex   1.219628e+01 1.156697e+01 -1.899203e+01
    endloop
  endfacet
  facet normal 1.000000e+00 0.000000e+00 0.000000e+00
    outer loop
      vertex   1.219628e+01 1.177028e+01 -1.923527e+01
      vertex   1.219628e+01 1.156697e+01 -1.899203e+01
      vertex   1.219628e+01 1.094047e+01 -1.899203e+01
    endloop
  endfacet
  facet normal 1.000000e+00 0.000000e+00 0.000000e+00
    outer loop
      vertex   1.219628e+01 1.174324e+01 -1.864392e+01
      vertex   1.219628e+01 1.188691e+01 -1.838523e+01
      vertex   1.219628e+01 1.186114e+01 -1.827327e+01
    endloop
  endfacet
  facet normal 1.000000e+00 0.000000e+00 0.000000e+00
    outer loop
      vertex   1.219628e+01 1.186114e+01 -1.827327e+01
      vertex   1.219628e+01 1.188691e+01 -1.838523e+01
      vertex   1.219628e+01 1.188716e+01 -1.832158e+01
    endloop
  endfacet
  facet normal 1.000000e+00 -0.000000e+00 0.000000e+00
    outer loop
      vertex   1.219628e+01 1.186114e+01 -1.827327e+01
      vertex   1.219628e+01 1.188716e+01 -1.832158e+01
      vertex   1.219628e+01 1.187445e+01 -1.820000e+01
    endloop
  endfacet
  facet normal 1.000000e+00 0.000000e+00 0.000000e+00
    outer loop
      vertex   1.219628e+01 1.177028e+01 -1.923527e+01
      vertex   1.219628e+01 1.094047e+01 -1.899203e+01
      vertex   1.219628e+01 1.073716e+01 -1.923527e+01
    endloop
  endfacet
  facet normal 1.000000e+00 0.000000e+00 0.000000e+00
    outer loop
      vertex   1.219628e+01 1.073716e+01 -1.923527e+01
      vertex   1.219628e+01 1.094047e+01 -1.899203e+01
      vertex   1.219628e+01 1.076420e+01 -1.864392e+01
    endloop
  endfacet
  facet normal 1.000000e+00 0.000000e+00 -0.000000e+00
    outer loop
      vertex   1.219628e+01 1.073716e+01 -1.923527e+01
      vertex   1.219628e+01 1.076420e+01 -1.864392e+01
      vertex   1.219628e+01 1.062053e+01 -1.838523e+01
    endloop
  endfacet
  facet normal 1.000000e+00 -0.000000e+00 0.000000e+00
    outer loop
      vertex   1.219628e+01 1.062053e+01 -1.838523e+01
      vertex   1.219628e+01 1.076420e+01 -1.864392e+01
      vertex   1.219628e+01 1.064630e+01 -1.827327e+01
    endloop
  endfacet
  facet normal 1.000000e+00 0.000000e+00 -0.000000e+00
    outer loop
      vertex   1.219628e+01 1.062053e+01 -1.838523e+01
      vertex   1.219628e+01 1.064630e+01 -1.827327e+01
      vertex   1.219628e+01 1.062028e+01 -1.832158e+01
    endloop
  endfacet
  facet normal 1.000000e+00 0.000000e+00 0.000000e+00
    outer loop
      vertex   1.219628e+01 1.062028e+01 -1.832158e+01
      vertex   1.219628e+01 1.064630e+01 -1.827327e+01
      vertex   1.219628e+01 1.063299e+01 -1.820000e+01
    endloop
  endfacet
  facet normal 1.000000e+00 -0.000000e+00 0.000000e+00
    outer loop
      vertex   1.219628e+01 1.027021e+01 -1.932948e+01
      vertex   1.219628e+01 1.103428e+01 -2.217637e+01
      vertex   1.219628e+01 1.073716e+01 -1.923527e+01
    endloop
  endfacet
  facet normal 1.000000e+00 0.000000e+00 0.000000e+00
    outer loop
      vertex   1.219628e+01 1.073716e+01 -1.923527e+01
      vertex   1.219628e+01 1.103428e+01 -2.217637e+01
      vertex   1.219628e+01 1.125428e+01 -2.214741e+01
    endloop
  endfacet
  facet normal 1.000000e+00 -0.000000e+00 0.000000e+00
    outer loop
      vertex   1.219628e+01 1.073716e+01 -1.923527e+01
      vertex   1.219628e+01 1.125428e+01 -2.214741e+01
      vertex   1.219628e+01 1.177028e+01 -1.923527e+01
    endloop
  endfacet
  facet normal 1.000000e+00 0.000000e+00 0.000000e+00
    outer loop
      vertex   1.219628e+01 1.177028e+01 -1.923527e+01
      vertex   1.219628e+01 1.125428e+01 -2.214741e+01
      vertex   1.219628e+01 1.147427e+01 -2.217637e+01
    endloop
  endfacet
  facet normal 1.000000e+00 0.000000e+00 0.000000e+00
    outer loop
      vertex   1.219628e+01 1.027021e+01 -1.932948e+01
      vertex   1.219628e+01 9.818707e+00 -1.948137e+01
      vertex   1.219628e+01 1.103428e+01 -2.217637e+01
    endloop
  endfacet
  facet normal 1.000000e+00 0.000000e+00 0.000000e+00
    outer loop
      vertex   1.219628e+01 1.103428e+01 -2.217637e+01
      vertex   1.219628e+01 9.818707e+00 -1.948137e+01
      vertex   1.219628e+01 1.082928e+01 -2.226129e+01
    endloop
  endfacet
  facet normal 1.000000e+00 0.000000e+00 0.000000e+00
    outer loop
      vertex   1.219628e+01 9.494693e+00 -1.868690e+01
      vertex   1.219628e+01 9.450933e+00 -1.861311e+01
      vertex   1.219628e+01 8.728990e+00 -1.839947e+01
    endloop
  endfacet
  facet normal 1.000000e+00 0.000000e+00 0.000000e+00
    outer loop
      vertex   1.219628e+01 8.728990e+00 -1.839947e+01
      vertex   1.219628e+01 9.450933e+00 -1.861311e+01
      vertex   1.219628e+01 9.343124e+00 -1.847592e+01
    endloop
  endfacet
  facet normal 1.000000e+00 -0.000000e+00 0.000000e+00
    outer loop
      vertex   1.219628e+01 8.728990e+00 -1.839947e+01
      vertex   1.219628e+01 9.343124e+00 -1.847592e+01
      vertex   1.219628e+01 9.214420e+00 -1.834606e+01
    endloop
  endfacet
  facet normal 1.000000e+00 0.000000e+00 0.000000e+00
    outer loop
      vertex   1.219628e+01 9.214420e+00 -1.834606e+01
      vertex   1.219628e+01 9.037269e+00 -1.820000e+01
      vertex   1.219628e+01 8.728990e+00 -1.839947e+01
    endloop
  endfacet
  facet normal 1.000000e+00 2.977949e-15 -3.920544e-16
    outer loop
      vertex   1.219628e+01 1.210428e+01 -2.299741e+01
      vertex   1.219628e+01 1.207531e+01 -2.321741e+01
      vertex   1.219628e+01 1.501845e+01 -2.351656e+01
    endloop
  endfacet
  facet normal 1.000000e+00 1.148516e-15 -2.772763e-15
    outer loop
      vertex   1.219628e+01 1.167928e+01 -2.373353e+01
      vertex   1.219628e+01 1.147427e+01 -2.381845e+01
      vertex   1.219628e+01 1.268873e+01 -2.651863e+01
    endloop
  endfacet
  facet normal 1.000000e+00 0.000000e+00 0.000000e+00
    outer loop
      vertex   1.219628e+01 1.125428e+01 -2.384741e+01
      vertex   1.219628e+01 1.103428e+01 -2.381845e+01
      vertex   1.219628e+01 1.073716e+01 -2.676473e+01
    endloop
  endfacet
endsolid
